timestamp,bus_id,voltage_pu,angle_deg,active_power_mw,reactive_power_mvar,hour,day_of_week,day_of_year,hour_sin,hour_cos,day_of_week_sin,day_of_week_cos
2026-01-01 00:00:00,0,1.0,0.0,-2.5064380884214597,-1.5556271140445157,0.0,3,1,0.0,1.0,0.4338837391175582,-0.900968867902419
2026-01-01 00:00:00,1,0.998101981753325,0.0091783585670571,0.0652624867594868,0.0391574920556921,0.0,3,1,0.0,1.0,0.4338837391175582,-0.900968867902419
2026-01-01 00:00:00,2,0.9891084203446172,0.0606158166928973,0.0587362380835381,0.0261049947037947,0.0,3,1,0.0,1.0,0.4338837391175582,-0.900968867902419
2026-01-01 00:00:00,3,0.984358011472754,0.1018013383450243,0.0783149841113842,0.0522099894075894,0.0,3,1,0.0,1.0,0.4338837391175582,-0.900968867902419
2026-01-01 00:00:00,4,0.979665481316656,0.1433530703635628,0.0391574920556921,0.019578746027846,0.0,3,1,0.0,1.0,0.4338837391175582,-0.900968867902419
2026-01-01 00:00:00,5,0.968000027821298,0.0838091402704885,0.0391574920556921,0.0130524973518973,0.0,3,1,0.0,1.0,0.4338837391175582,-0.900968867902419
2026-01-01 00:00:00,6,0.965790616954213,-0.0597772685800084,0.1305249735189736,0.0652624867594868,0.0,3,1,0.0,1.0,0.4338837391175582,-0.900968867902419
2026-01-01 00:00:00,7,0.9627190834301064,-0.0376074580980994,0.1305249735189737,0.0652624867594868,0.0,3,1,0.0,1.0,0.4338837391175582,-0.900968867902419
2026-01-01 00:00:00,8,0.958753372176556,-0.0831156054634629,0.039157492055692,0.0130524973518973,0.0,3,1,0.0,1.0,0.4338837391175582,-0.900968867902419
2026-01-01 00:00:00,9,0.9550766017689796,-0.1218744190693455,0.039157492055692,0.0130524973518973,0.0,3,1,0.0,1.0,0.4338837391175582,-0.900968867902419
2026-01-01 00:00:00,10,0.954532879001636,-0.1174445647204477,0.029368119041769,0.019578746027846,0.0,3,1,0.0,1.0,0.4338837391175582,-0.900968867902419
2026-01-01 00:00:00,11,0.953585135983468,-0.1104484911306152,0.039157492055692,0.0228418703658204,0.0,3,1,0.0,1.0,0.4338837391175582,-0.900968867902419
2026-01-01 00:00:00,12,0.9497251843763126,-0.1666901666423886,0.039157492055692,0.0228418703658204,0.0,3,1,0.0,1.0,0.4338837391175582,-0.900968867902419
2026-01-01 00:00:00,13,0.9482944595398396,-0.2148913499643394,0.0783149841113842,0.0522099894075894,0.0,3,1,0.0,1.0,0.4338837391175582,-0.900968867902419
2026-01-01 00:00:00,14,0.9474033822801788,-0.2379530978584399,0.039157492055692,0.0065262486759486,0.0,3,1,0.0,1.0,0.4338837391175582,-0.900968867902419
2026-01-01 00:00:00,15,0.9465404539747388,-0.2521776021167242,0.039157492055692,0.0130524973518973,0.0,3,1,0.0,1.0,0.4338837391175582,-0.900968867902419
2026-01-01 00:00:00,16,0.9452620628038378,-0.2993301503159051,0.039157492055692,0.0130524973518973,0.0,3,1,0.0,1.0,0.4338837391175582,-0.900968867902419
2026-01-01 00:00:00,17,0.9448792080493188,-0.3051760371720702,0.0587362380835382,0.0261049947037947,0.0,3,1,0.0,1.0,0.4338837391175582,-0.900968867902419
2026-01-01 00:00:00,18,0.9977580325385532,0.0021266327630823,0.0587362380835381,0.0261049947037947,0.0,3,1,0.0,1.0,0.4338837391175582,-0.900968867902419
2026-01-01 00:00:00,19,0.9954298851247488,-0.0414261234807553,0.0587362380835381,0.0261049947037947,0.0,3,1,0.0,1.0,0.4338837391175582,-0.900968867902419
2026-01-01 00:00:00,20,0.9949714574054108,-0.0539931845106614,0.0587362380835381,0.0261049947037947,0.0,3,1,0.0,1.0,0.4338837391175582,-0.900968867902419
2026-01-01 00:00:00,21,0.9945567194825596,-0.0671962399496191,0.0587362380835381,0.0261049947037947,0.0,3,1,0.0,1.0,0.4338837391175582,-0.900968867902419
2026-01-01 00:00:00,22,0.986792619524294,0.0406606609420732,0.0587362380835381,0.0326312433797434,0.0,3,1,0.0,1.0,0.4338837391175582,-0.900968867902419
2026-01-01 00:00:00,23,0.9824853813390086,-0.0162383776760582,0.2741024443898447,0.1305249735189737,0.0,3,1,0.0,1.0,0.4338837391175582,-0.900968867902419
2026-01-01 00:00:00,24,0.9803397893174692,-0.0441575333672551,0.2741024443898447,0.1305249735189737,0.0,3,1,0.0,1.0,0.4338837391175582,-0.900968867902419
2026-01-01 00:00:00,25,0.9667788822568704,0.1084178181055598,0.039157492055692,0.0163156216898716,0.0,3,1,0.0,1.0,0.4338837391175582,-0.900968867902419
2026-01-01 00:00:00,26,0.9651568827448248,0.1433798165431468,0.039157492055692,0.0163156216898716,0.0,3,1,0.0,1.0,0.4338837391175582,-0.900968867902419
2026-01-01 00:00:00,27,0.957919908732014,0.1951859457346829,0.039157492055692,0.0130524973518973,0.0,3,1,0.0,1.0,0.4338837391175582,-0.900968867902419
2026-01-01 00:00:00,28,0.9527220416612636,0.2434206331670373,0.0783149841113843,0.0456837407316408,0.0,3,1,0.0,1.0,0.4338837391175582,-0.900968867902419
2026-01-01 00:00:00,29,0.9504727632655174,0.3081113121586255,0.1305249735189737,0.3915749205569212,0.0,3,1,0.0,1.0,0.4338837391175582,-0.900968867902419
2026-01-01 00:00:00,30,0.9478442370778124,0.2563676221749703,0.0978937301392304,0.0456837407316408,0.0,3,1,0.0,1.0,0.4338837391175582,-0.900968867902419
2026-01-01 00:00:00,31,0.9472660158943388,0.2422732470738991,0.1370512221949225,0.0652624867594868,0.0,3,1,0.0,1.0,0.4338837391175582,-0.900968867902419
2026-01-01 00:00:00,32,0.9470868658753796,0.2375476161575522,0.039157492055692,0.0261049947037947,0.0,3,1,0.0,1.0,0.4338837391175582,-0.900968867902419
2026-01-01 00:15:00,0,1.0,0.0,-2.36367153583668,-1.4668032722014157,0.25,3,1,0.065403129230143,0.9978589232386036,0.4338837391175582,-0.900968867902419
2026-01-01 00:15:00,1,0.9982101552143922,0.0086475088628442,0.0616659969169476,0.0369995981501685,0.25,3,1,0.065403129230143,0.9978589232386036,0.4338837391175582,-0.900968867902419
2026-01-01 00:15:00,2,0.9897310751078858,0.0570859095996989,0.0554993972252528,0.024666398766779,0.25,3,1,0.065403129230143,0.9978589232386036,0.4338837391175582,-0.900968867902419
2026-01-01 00:15:00,3,0.9852545883149992,0.0958522500485017,0.0739991963003371,0.049332797533558,0.25,3,1,0.065403129230143,0.9978589232386036,0.4338837391175582,-0.900968867902419
2026-01-01 00:15:00,4,0.9808330429020806,0.1349375344377086,0.0369995981501685,0.0184997990750842,0.25,3,1,0.065403129230143,0.9978589232386036,0.4338837391175582,-0.900968867902419
2026-01-01 00:15:00,5,0.9698419511130826,0.0788667513612101,0.0369995981501685,0.0123331993833895,0.25,3,1,0.065403129230143,0.9978589232386036,0.4338837391175582,-0.900968867902419
2026-01-01 00:15:00,6,0.9677602895567472,-0.0561929852300435,0.1233319938338952,0.0616659969169476,0.25,3,1,0.065403129230143,0.9978589232386036,0.4338837391175582,-0.900968867902419
2026-01-01 00:15:00,7,0.9648662665538572,-0.0353685498559242,0.1233319938338952,0.0616659969169475,0.25,3,1,0.065403129230143,0.9978589232386036,0.4338837391175582,-0.900968867902419
2026-01-01 00:15:00,8,0.9611305921199368,-0.0781693220334615,0.0369995981501685,0.0123331993833895,0.25,3,1,0.065403129230143,0.9978589232386036,0.4338837391175582,-0.900968867902419
2026-01-01 00:15:00,9,0.9576672505047108,-0.1146059950882313,0.0369995981501685,0.0123331993833895,0.25,3,1,0.065403129230143,0.9978589232386036,0.4338837391175582,-0.900968867902419
2026-01-01 00:15:00,10,0.9571550947244376,-0.1104474849404299,0.0277496986126264,0.0184997990750842,0.25,3,1,0.065403129230143,0.9978589232386036,0.4338837391175582,-0.900968867902419
2026-01-01 00:15:00,11,0.9562624058370373,-0.1038820318307632,0.0369995981501685,0.0215830989209316,0.25,3,1,0.065403129230143,0.9978589232386036,0.4338837391175582,-0.900968867902419
2026-01-01 00:15:00,12,0.9526270006145696,-0.1567213693585712,0.0369995981501685,0.0215830989209316,0.25,3,1,0.065403129230143,0.9978589232386036,0.4338837391175582,-0.900968867902419
2026-01-01 00:15:00,13,0.9512795563360876,-0.2019833785407893,0.0739991963003371,0.049332797533558,0.25,3,1,0.065403129230143,0.9978589232386036,0.4338837391175582,-0.900968867902419
2026-01-01 00:15:00,14,0.9504403784467648,-0.2236367787455981,0.0369995981501685,0.0061665996916947,0.25,3,1,0.065403129230143,0.9978589232386036,0.4338837391175582,-0.900968867902419
2026-01-01 00:15:00,15,0.9496277226710442,-0.2369919523473084,0.0369995981501685,0.0123331993833895,0.25,3,1,0.065403129230143,0.9978589232386036,0.4338837391175582,-0.900968867902419
2026-01-01 00:15:00,16,0.9484238479329828,-0.2812527727740603,0.0369995981501685,0.0123331993833895,0.25,3,1,0.065403129230143,0.9978589232386036,0.4338837391175582,-0.900968867902419
2026-01-01 00:15:00,17,0.9480633068203796,-0.2867395995958595,0.0554993972252528,0.024666398766779,0.25,3,1,0.065403129230143,0.9978589232386036,0.4338837391175582,-0.900968867902419
2026-01-01 00:15:00,18,0.9978852446678848,0.0019859701788106,0.0554993972252528,0.024666398766779,0.25,3,1,0.065403129230143,0.9978589232386036,0.4338837391175582,-0.900968867902419
2026-01-01 00:15:00,19,0.9956860415146556,-0.0391513911900981,0.0554993972252528,0.024666398766779,0.25,3,1,0.065403129230143,0.9978589232386036,0.4338837391175582,-0.900968867902419
2026-01-01 00:15:00,20,0.9952530070101512,-0.0510195145470956,0.0554993972252528,0.024666398766779,0.25,3,1,0.065403129230143,0.9978589232386036,0.4338837391175582,-0.900968867902419
2026-01-01 00:15:00,21,0.994861245838768,-0.0634876281755109,0.0554993972252528,0.024666398766779,0.25,3,1,0.065403129230143,0.9978589232386036,0.4338837391175582,-0.900968867902419
2026-01-01 00:15:00,22,0.9875451993625122,0.0382541596218631,0.0554993972252528,0.0308329984584737,0.25,3,1,0.065403129230143,0.9978589232386036,0.4338837391175582,-0.900968867902419
2026-01-01 00:15:00,23,0.9834797330475564,-0.0154139250353789,0.25899718705118,0.1233319938338951,0.25,3,1,0.065403129230143,0.9978589232386036,0.4338837391175582,-0.900968867902419
2026-01-01 00:15:00,24,0.981454689762914,-0.0417379003463053,0.2589971870511798,0.1233319938338952,0.25,3,1,0.065403129230143,0.9978589232386036,0.4338837391175582,-0.900968867902419
2026-01-01 00:15:00,25,0.9686915743170096,0.1020151513311394,0.0369995981501685,0.0154164992292369,0.25,3,1,0.065403129230143,0.9978589232386036,0.4338837391175582,-0.900968867902419
2026-01-01 00:15:00,26,0.9671636424950392,0.134896937140997,0.0369995981501685,0.0154164992292369,0.25,3,1,0.065403129230143,0.9978589232386036,0.4338837391175582,-0.900968867902419
2026-01-01 00:15:00,27,0.960346419392851,0.1836352725157315,0.0369995981501685,0.0123331993833895,0.25,3,1,0.065403129230143,0.9978589232386036,0.4338837391175582,-0.900968867902419
2026-01-01 00:15:00,28,0.9554501345844308,0.2289751795362585,0.073999196300337,0.0431661978418633,0.25,3,1,0.065403129230143,0.9978589232386036,0.4338837391175582,-0.900968867902419
2026-01-01 00:15:00,29,0.953331428649537,0.2897393675831065,0.1233319938338952,0.3699959815016855,0.25,3,1,0.065403129230143,0.9978589232386036,0.4338837391175582,-0.900968867902419
2026-01-01 00:15:00,30,0.9508557163766386,0.2411477649532935,0.0924989953754211,0.0431661978418633,0.25,3,1,0.065403129230143,0.9978589232386036,0.4338837391175582,-0.900968867902419
2026-01-01 00:15:00,31,0.9503111139396344,0.2279148069183798,0.1294985935255899,0.0616659969169475,0.25,3,1,0.065403129230143,0.9978589232386036,0.4338837391175582,-0.900968867902419
2026-01-01 00:15:00,32,0.9501423810893378,0.2234782178540134,0.0369995981501687,0.024666398766779,0.25,3,1,0.065403129230143,0.9978589232386036,0.4338837391175582,-0.900968867902419
2026-01-01 00:30:00,0,1.0,0.0,-2.5551507057566294,-1.5859404345437755,0.5,3,1,0.1305261922200515,0.9914448613738104,0.4338837391175582,-0.900968867902419
2026-01-01 00:30:00,1,0.998065070664498,0.0093597183310909,0.0664862098783703,0.0398917259270221,0.5,3,1,0.1305261922200515,0.9914448613738104,0.4338837391175582,-0.900968867902419
2026-01-01 00:30:00,2,0.9888959027966556,0.0618224550888607,0.0598375888905332,0.0265944839513481,0.5,3,1,0.1305261922200515,0.9914448613738104,0.4338837391175582,-0.900968867902419
2026-01-01 00:30:00,3,0.9840519334360944,0.1038355308608098,0.0797834518540444,0.0531889679026962,0.5,3,1,0.1305261922200515,0.9914448613738104,0.4338837391175582,-0.900968867902419
2026-01-01 00:30:00,4,0.9792668345830904,0.1462317252540169,0.0398917259270222,0.019945862963511,0.5,3,1,0.1305261922200515,0.9914448613738104,0.4338837391175582,-0.900968867902419
2026-01-01 00:30:00,5,0.9673709980888516,0.0855004162484843,0.0398917259270222,0.013297241975674,0.5,3,1,0.1305261922200515,0.9914448613738104,0.4338837391175582,-0.900968867902419
2026-01-01 00:30:00,6,0.9651179433258824,-0.0610054702563148,0.1329724197567406,0.0664862098783703,0.5,3,1,0.1305261922200515,0.9914448613738104,0.4338837391175582,-0.900968867902419
2026-01-01 00:30:00,7,0.9619857681200352,-0.0383741549331662,0.1329724197567406,0.0664862098783703,0.5,3,1,0.1305261922200515,0.9914448613738104,0.4338837391175582,-0.900968867902419
2026-01-01 00:30:00,8,0.9579414458991844,-0.0848094231400205,0.0398917259270221,0.013297241975674,0.5,3,1,0.1305261922200515,0.9914448613738104,0.4338837391175582,-0.900968867902419
2026-01-01 00:30:00,9,0.9541917354922946,-0.1243639191409856,0.0398917259270221,0.013297241975674,0.5,3,1,0.1305261922200515,0.9914448613738104,0.4338837391175582,-0.900968867902419
2026-01-01 00:30:00,10,0.9536372244522012,-0.1198409095349381,0.0299187944452666,0.019945862963511,0.5,3,1,0.1305261922200515,0.9914448613738104,0.4338837391175582,-0.900968867902419
2026-01-01 00:30:00,11,0.9526706653225998,-0.1126969376166485,0.0398917259270221,0.0232701734574296,0.5,3,1,0.1305261922200515,0.9914448613738104,0.4338837391175582,-0.900968867902419
2026-01-01 00:30:00,12,0.9487339598143604,-0.1701054044492723,0.0398917259270221,0.0232701734574296,0.5,3,1,0.1305261922200515,0.9914448613738104,0.4338837391175582,-0.900968867902419
2026-01-01 00:30:00,13,0.9472747667037424,-0.2193152425879394,0.0797834518540443,0.0531889679026962,0.5,3,1,0.1305261922200515,0.9914448613738104,0.4338837391175582,-0.900968867902419
2026-01-01 00:30:00,14,0.946365947452342,-0.2428603651104974,0.0398917259270221,0.006648620987837,0.5,3,1,0.1305261922200515,0.9914448613738104,0.4338837391175582,-0.900968867902419
2026-01-01 00:30:00,15,0.9454858329164584,-0.2573832616925362,0.0398917259270221,0.013297241975674,0.5,3,1,0.1305261922200515,0.9914448613738104,0.4338837391175582,-0.900968867902419
2026-01-01 00:30:00,16,0.9441819662671432,-0.3055286798082028,0.0398917259270221,0.013297241975674,0.5,3,1,0.1305261922200515,0.9914448613738104,0.4338837391175582,-0.900968867902419
2026-01-01 00:30:00,17,0.9437914830641876,-0.3114978658372004,0.0598375888905332,0.0265944839513481,0.5,3,1,0.1305261922200515,0.9914448613738104,0.4338837391175582,-0.900968867902419
2026-01-01 00:30:00,18,0.9977146411537132,0.0021751857797341,0.0598375888905333,0.0265944839513481,0.5,3,1,0.1305261922200515,0.9914448613738104,0.4338837391175582,-0.900968867902419
2026-01-01 00:30:00,19,0.9953426022874016,-0.0421998392228747,0.0598375888905333,0.0265944839513481,0.5,3,1,0.1305261922200515,0.9914448613738104,0.4338837391175582,-0.900968867902419
2026-01-01 00:30:00,20,0.9948755308616184,-0.0550048916823219,0.0598375888905333,0.0265944839513481,0.5,3,1,0.1305261922200515,0.9914448613738104,0.4338837391175582,-0.900968867902419
2026-01-01 00:30:00,21,0.9944529716858383,-0.0684582151412483,0.0598375888905333,0.0265944839513481,0.5,3,1,0.1305261922200515,0.9914448613738104,0.4338837391175582,-0.900968867902419
2026-01-01 00:30:00,22,0.9865358297279836,0.0414843869374155,0.0598375888905333,0.0332431049391851,0.5,3,1,0.1305261922200515,0.9914448613738104,0.4338837391175582,-0.900968867902419
2026-01-01 00:30:00,23,0.9821462039496984,-0.0165166907490951,0.2792420814891552,0.1329724197567406,0.5,3,1,0.1305261922200515,0.9914448613738104,0.4338837391175582,-0.900968867902419
2026-01-01 00:30:00,24,0.9799595298900328,-0.0449802156941535,0.2792420814891554,0.1329724197567406,0.5,3,1,0.1305261922200515,0.9914448613738104,0.4338837391175582,-0.900968867902419
2026-01-01 00:30:00,25,0.9661256705153406,0.1106090531503636,0.0398917259270221,0.0166215524695926,0.5,3,1,0.1305261922200515,0.9914448613738104,0.4338837391175582,-0.900968867902419
2026-01-01 00:30:00,26,0.9644715256418634,0.1462834224526686,0.0398917259270221,0.0166215524695926,0.5,3,1,0.1305261922200515,0.9914448613738104,0.4338837391175582,-0.900968867902419
2026-01-01 00:30:00,27,0.9570911105813492,0.199139678299519,0.0398917259270221,0.013297241975674,0.5,3,1,0.1305261922200515,0.9914448613738104,0.4338837391175582,-0.900968867902419
2026-01-01 00:30:00,28,0.9517901810963156,0.2483664140318312,0.0797834518540445,0.0465403469148592,0.5,3,1,0.1305261922200515,0.9914448613738104,0.4338837391175582,-0.900968867902419
2026-01-01 00:30:00,29,0.949496278959734,0.3144040318575621,0.1329724197567405,0.3989172592702219,0.5,3,1,0.1305261922200515,0.9914448613738104,0.4338837391175582,-0.900968867902419
2026-01-01 00:30:00,30,0.9468155211671996,0.2615787127704986,0.0997293148175555,0.0465403469148593,0.5,3,1,0.1305261922200515,0.9914448613738104,0.4338837391175582,-0.900968867902419
2026-01-01 00:30:00,31,0.9462258090521612,0.2471886602099755,0.1396210407445774,0.0664862098783702,0.5,3,1,0.1305261922200515,0.9914448613738104,0.4338837391175582,-0.900968867902419
2026-01-01 00:30:00,32,0.9460430983987916,0.2423638103415716,0.0398917259270223,0.0265944839513481,0.5,3,1,0.1305261922200515,0.9914448613738104,0.4338837391175582,-0.900968867902419
2026-01-01 00:45:00,0,1.0,0.0,-2.5763089499285683,-1.5991079625842028,0.75,3,1,0.1950903220161282,0.9807852804032304,0.4338837391175582,-0.900968867902419
2026-01-01 00:45:00,1,0.9980490381008674,0.0094385285098068,0.0670171894614827,0.0402103136768896,0.75,3,1,0.1950903220161282,0.9807852804032304,0.4338837391175582,-0.900968867902419
2026-01-01 00:45:00,2,0.9888035858003212,0.0623469096435197,0.0603154705153344,0.0268068757845931,0.75,3,1,0.1950903220161282,0.9807852804032304,0.4338837391175582,-0.900968867902419
2026-01-01 00:45:00,3,0.9839189631277234,0.1047197696460335,0.0804206273537793,0.0536137515691862,0.75,3,1,0.1950903220161282,0.9807852804032304,0.4338837391175582,-0.900968867902419
2026-01-01 00:45:00,4,0.9790936400827982,0.1474832169220427,0.0402103136768896,0.0201051568384448,0.75,3,1,0.1950903220161282,0.9807852804032304,0.4338837391175582,-0.900968867902419
2026-01-01 00:45:00,5,0.9670976912498628,0.0862358017744451,0.0402103136768896,0.0134034378922965,0.75,3,1,0.1950903220161282,0.9807852804032304,0.4338837391175582,-0.900968867902419
2026-01-01 00:45:00,6,0.9648256710249916,-0.0615397713587535,0.1340343789229655,0.0670171894614827,0.75,3,1,0.1950903220161282,0.9807852804032304,0.4338837391175582,-0.900968867902419
2026-01-01 00:45:00,7,0.9616671443635214,-0.0387076098452802,0.1340343789229655,0.0670171894614827,0.75,3,1,0.1950903220161282,0.9807852804032304,0.4338837391175582,-0.900968867902419
2026-01-01 00:45:00,8,0.9575886582440676,-0.0855461059923602,0.0402103136768896,0.0134034378922965,0.75,3,1,0.1950903220161282,0.9807852804032304,0.4338837391175582,-0.900968867902419
2026-01-01 00:45:00,9,0.9538072477872712,-0.1254467412139154,0.0402103136768896,0.0134034378922965,0.75,3,1,0.1950903220161282,0.9807852804032304,0.4338837391175582,-0.900968867902419
2026-01-01 00:45:00,10,0.9532480480916388,-0.1208831784445393,0.0301577352576672,0.0201051568384448,0.75,3,1,0.1950903220161282,0.9807852804032304,0.4338837391175582,-0.900968867902419
2026-01-01 00:45:00,11,0.9522733112074984,-0.1136748122462791,0.0402103136768896,0.0234560163115189,0.75,3,1,0.1950903220161282,0.9807852804032304,0.4338837391175582,-0.900968867902419
2026-01-01 00:45:00,12,0.9483032458055852,-0.1715910153831542,0.0402103136768896,0.0234560163115189,0.75,3,1,0.1950903220161282,0.9807852804032304,0.4338837391175582,-0.900968867902419
2026-01-01 00:45:00,13,0.9468316791585532,-0.2212398876992039,0.0804206273537793,0.0536137515691862,0.75,3,1,0.1950903220161282,0.9807852804032304,0.4338837391175582,-0.900968867902419
2026-01-01 00:45:00,14,0.9459151483258026,-0.2449954173784845,0.0402103136768896,0.0067017189461482,0.75,3,1,0.1950903220161282,0.9807852804032304,0.4338837391175582,-0.900968867902419
2026-01-01 00:45:00,15,0.9450275637102278,-0.2596482037398972,0.0402103136768896,0.0134034378922965,0.75,3,1,0.1950903220161282,0.9807852804032304,0.4338837391175582,-0.900968867902419
2026-01-01 00:45:00,16,0.9437126238275252,-0.3082258650962579,0.0402103136768896,0.0134034378922965,0.75,3,1,0.1950903220161282,0.9807852804032304,0.4338837391175582,-0.900968867902419
2026-01-01 00:45:00,17,0.9433188248374236,-0.3142487317614585,0.0603154705153344,0.0268068757845931,0.75,3,1,0.1950903220161282,0.9807852804032304,0.4338837391175582,-0.900968867902419
2026-01-01 00:45:00,18,0.997695796393675,0.0021963635222869,0.0603154705153345,0.026806875784593,0.75,3,1,0.1950903220161282,0.9807852804032304,0.4338837391175582,-0.900968867902419
2026-01-01 00:45:00,19,0.9953047100301228,-0.0425355143550485,0.0603154705153345,0.026806875784593,0.75,3,1,0.1950903220161282,0.9807852804032304,0.4338837391175582,-0.900968867902419
2026-01-01 00:45:00,20,0.9948338874962968,-0.0554438601117733,0.0603154705153345,0.026806875784593,0.75,3,1,0.1950903220161282,0.9807852804032304,0.4338837391175582,-0.900968867902419
2026-01-01 00:45:00,21,0.9944079341171844,-0.0690058078581307,0.0603154705153345,0.026806875784593,0.75,3,1,0.1950903220161282,0.9807852804032304,0.4338837391175582,-0.900968867902419
2026-01-01 00:45:00,22,0.986424292528836,0.0418425878006495,0.0603154705153345,0.0335085947307414,0.75,3,1,0.1950903220161282,0.9807852804032304,0.4338837391175582,-0.900968867902419
2026-01-01 00:45:00,23,0.981998898757624,-0.0166370975328475,0.2814721957382275,0.1340343789229655,0.75,3,1,0.1950903220161282,0.9807852804032304,0.4338837391175582,-0.900968867902419
2026-01-01 00:45:00,24,0.9797943887215608,-0.0453370813756153,0.2814721957382275,0.1340343789229655,0.75,3,1,0.1950903220161282,0.9807852804032304,0.4338837391175582,-0.900968867902419
2026-01-01 00:45:00,25,0.9658418546191092,0.1115618669182438,0.0402103136768896,0.0167542973653707,0.75,3,1,0.1950903220161282,0.9807852804032304,0.4338837391175582,-0.900968867902419
2026-01-01 00:45:00,26,0.9641737396418812,0.1475460667001524,0.0402103136768896,0.0167542973653707,0.75,3,1,0.1950903220161282,0.9807852804032304,0.4338837391175582,-0.900968867902419
2026-01-01 00:45:00,27,0.9567309860983552,0.2008589816621729,0.0402103136768896,0.0134034378922965,0.75,3,1,0.1950903220161282,0.9807852804032304,0.4338837391175582,-0.900968867902419
2026-01-01 00:45:00,28,0.9513852659212564,0.2505173034500674,0.0804206273537795,0.0469120326230378,0.75,3,1,0.1950903220161282,0.9807852804032304,0.4338837391175582,-0.900968867902419
2026-01-01 00:45:00,29,0.9490719700815556,0.3171411124396709,0.1340343789229656,0.4021031367688965,0.75,3,1,0.1950903220161282,0.9807852804032304,0.4338837391175582,-0.900968867902419
2026-01-01 00:45:00,30,0.9463685110921548,0.2638450105278223,0.1005257841922242,0.0469120326230378,0.75,3,1,0.1950903220161282,0.9807852804032304,0.4338837391175582,-0.900968867902419
2026-01-01 00:45:00,31,0.945773804709424,0.2493262497538094,0.1407360978691136,0.0670171894614828,0.75,3,1,0.1950903220161282,0.9807852804032304,0.4338837391175582,-0.900968867902419
2026-01-01 00:45:00,32,0.9455895465034496,0.2444582088718329,0.0402103136768898,0.0268068757845931,0.75,3,1,0.1950903220161282,0.9807852804032304,0.4338837391175582,-0.900968867902419
2026-01-01 01:00:00,0,1.0,0.0,-2.269500941151648,-1.40822874121436,1.0,3,1,0.2588190451025207,0.9659258262890684,0.4338837391175582,-0.900968867902419
2026-01-01 01:00:00,1,0.9982815035244964,0.0082979044888294,0.0592855570861863,0.0355713342517118,1.0,3,1,0.2588190451025207,0.9659258262890684,0.4338837391175582,-0.900968867902419
2026-01-01 01:00:00,2,0.990141631620778,0.0547628185914741,0.0533570013775677,0.0237142228344745,1.0,3,1,0.2588190451025207,0.9659258262890684,0.4338837391175582,-0.900968867902419
2026-01-01 01:00:00,3,0.985845596656071,0.0919384761931307,0.0711426685034236,0.047428445668949,1.0,3,1,0.2588190451025207,0.9659258262890684,0.4338837391175582,-0.900968867902419
2026-01-01 01:00:00,4,0.9816025407380752,0.1294037529590876,0.0355713342517118,0.0177856671258559,1.0,3,1,0.2588190451025207,0.9659258262890684,0.4338837391175582,-0.900968867902419
2026-01-01 01:00:00,5,0.9710555825308402,0.0756183599227352,0.0355713342517118,0.0118571114172372,1.0,3,1,0.2588190451025207,0.9659258262890684,0.4338837391175582,-0.900968867902419
2026-01-01 01:00:00,6,0.9690580546930888,-0.0538411744516895,0.1185711141723727,0.0592855570861863,1.0,3,1,0.2588190451025207,0.9659258262890684,0.4338837391175582,-0.900968867902419
2026-01-01 01:00:00,7,0.9662809432848748,-0.033898340935552,0.1185711141723727,0.0592855570861863,1.0,3,1,0.2588190451025207,0.9659258262890684,0.4338837391175582,-0.900968867902419
2026-01-01 01:00:00,8,0.9626967157496784,-0.0749212645744922,0.0355713342517118,0.0118571114172372,1.0,3,1,0.2588190451025207,0.9659258262890684,0.4338837391175582,-0.900968867902419
2026-01-01 01:00:00,9,0.9593738762658972,-0.1098341995983714,0.0355713342517117,0.0118571114172372,1.0,3,1,0.2588190451025207,0.9659258262890684,0.4338837391175582,-0.900968867902419
2026-01-01 01:00:00,10,0.95888250096794,-0.1058533185510707,0.0266785006887838,0.0177856671258558,1.0,3,1,0.2588190451025207,0.9659258262890684,0.4338837391175582,-0.900968867902419
2026-01-01 01:00:00,11,0.9580260519295584,-0.0995696155252788,0.0355713342517117,0.0207499449801652,1.0,3,1,0.2588190451025207,0.9659258262890684,0.4338837391175582,-0.900968867902419
2026-01-01 01:00:00,12,0.95453843352139,-0.1501787189923939,0.0355713342517117,0.0207499449801652,1.0,3,1,0.2588190451025207,0.9659258262890684,0.4338837391175582,-0.900968867902419
2026-01-01 01:00:00,13,0.953245797358432,-0.1935157431108985,0.0711426685034236,0.0474284456689491,1.0,3,1,0.2588190451025207,0.9659258262890684,0.4338837391175582,-0.900968867902419
2026-01-01 01:00:00,14,0.9524407729826084,-0.2142469073678096,0.0355713342517117,0.0059285557086186,1.0,3,1,0.2588190451025207,0.9659258262890684,0.4338837391175582,-0.900968867902419
2026-01-01 01:00:00,15,0.9516611992443108,-0.2270328589908382,0.0355713342517117,0.0118571114172372,1.0,3,1,0.2588190451025207,0.9659258262890684,0.4338837391175582,-0.900968867902419
2026-01-01 01:00:00,16,0.9505063575133804,-0.2694009372654241,0.0355713342517117,0.0118571114172372,1.0,3,1,0.2588190451025207,0.9659258262890684,0.4338837391175582,-0.900968867902419
2026-01-01 01:00:00,17,0.9501604993229564,-0.2746527849916568,0.0533570013775677,0.0237142228344745,1.0,3,1,0.2588190451025207,0.9659258262890684,0.4338837391175582,-0.900968867902419
2026-01-01 01:00:00,18,0.997969188741472,0.0018945174260933,0.0533570013775677,0.0237142228344745,1.0,3,1,0.2588190451025207,0.9659258262890684,0.4338837391175582,-0.900968867902419
2026-01-01 01:00:00,19,0.9958552888399196,-0.0376451526500944,0.0533570013775677,0.0237142228344745,1.0,3,1,0.2588190451025207,0.9659258262890684,0.4338837391175582,-0.900968867902419
2026-01-01 01:00:00,20,0.9954390530413274,-0.049051083715318,0.0533570013775677,0.0237142228344745,1.0,3,1,0.2588190451025207,0.9659258262890684,0.4338837391175582,-0.900968867902419
2026-01-01 01:00:00,21,0.9950624917478728,-0.0610332372532401,0.0533570013775677,0.0237142228344745,1.0,3,1,0.2588190451025207,0.9659258262890684,0.4338837391175582,-0.900968867902419
2026-01-01 01:00:00,22,0.988041595593178,0.0366730260237771,0.0533570013775677,0.0296427785430931,1.0,3,1,0.2588190451025207,0.9659258262890684,0.4338837391175582,-0.900968867902419
2026-01-01 01:00:00,23,0.9841358567114512,-0.0148630066048577,0.2489993397619827,0.1185711141723726,1.0,3,1,0.2588190451025207,0.9659258262890684,0.4338837391175582,-0.900968867902419
2026-01-01 01:00:00,24,0.9821904468331796,-0.0401350014994583,0.2489993397619827,0.1185711141723726,1.0,3,1,0.2588190451025207,0.9659258262890684,0.4338837391175582,-0.900968867902419
2026-01-01 01:00:00,25,0.9699518016374216,0.0978075962354939,0.0355713342517118,0.0148213892715466,1.0,3,1,0.2588190451025207,0.9659258262890684,0.4338837391175582,-0.900968867902419
2026-01-01 01:00:00,26,0.9684858015498446,0.129323408349139,0.0355713342517118,0.0148213892715466,1.0,3,1,0.2588190451025207,0.9659258262890684,0.4338837391175582,-0.900968867902419
2026-01-01 01:00:00,27,0.961944928491682,0.1760462307415431,0.0355713342517118,0.0118571114172372,1.0,3,1,0.2588190451025207,0.9659258262890684,0.4338837391175582,-0.900968867902419
2026-01-01 01:00:00,28,0.9572471882739028,0.2194869956293391,0.0711426685034235,0.0414998899603304,1.0,3,1,0.2588190451025207,0.9659258262890684,0.4338837391175582,-0.900968867902419
2026-01-01 01:00:00,29,0.9552144389815566,0.2776782920471335,0.1185711141723726,0.3557133425171181,1.0,3,1,0.2588190451025207,0.9659258262890684,0.4338837391175582,-0.900968867902419
2026-01-01 01:00:00,30,0.9528393090835572,0.2311513367556636,0.0889283356292793,0.0414998899603304,1.0,3,1,0.2588190451025207,0.9659258262890684,0.4338837391175582,-0.900968867902419
2026-01-01 01:00:00,31,0.9523168343583124,0.2184824158430177,0.1244996698809912,0.0592855570861863,1.0,3,1,0.2588190451025207,0.9659258262890684,0.4338837391175582,-0.900968867902419
2026-01-01 01:00:00,32,0.952154957965942,0.2142350694442346,0.0355713342517116,0.0237142228344744,1.0,3,1,0.2588190451025207,0.9659258262890684,0.4338837391175582,-0.900968867902419
2026-01-01 01:15:00,0,1.0,0.0,-2.339829524499746,-1.4519723270274842,1.25,3,1,0.3214394653031616,0.9469301294951056,0.4338837391175582,-0.900968867902419
2026-01-01 01:15:00,1,0.9982282194145,0.0085589551956853,0.06106393122745,0.03663835873647,1.25,3,1,0.3214394653031616,0.9469301294951056,0.4338837391175582,-0.900968867902419
2026-01-01 01:15:00,2,0.9898350308912772,0.0564973566778986,0.054957538104705,0.02442557249098,1.25,3,1,0.3214394653031616,0.9469301294951056,0.4338837391175582,-0.900968867902419
2026-01-01 01:15:00,3,0.985404247939957,0.0948605926376406,0.07327671747294,0.04885114498196,1.25,3,1,0.3214394653031616,0.9469301294951056,0.4338837391175582,-0.900968867902419
2026-01-01 01:15:00,4,0.9810279114058356,0.1335352096480817,0.03663835873647,0.018319179368235,1.25,3,1,0.3214394653031616,0.9469301294951056,0.4338837391175582,-0.900968867902419
2026-01-01 01:15:00,5,0.9701493160163656,0.0780434542512843,0.03663835873647,0.01221278624549,1.25,3,1,0.3214394653031616,0.9469301294951056,0.4338837391175582,-0.900968867902419
2026-01-01 01:15:00,6,0.9680889651648108,-0.0555966268361492,0.1221278624549001,0.06106393122745,1.25,3,1,0.3214394653031616,0.9469301294951056,0.4338837391175582,-0.900968867902419
2026-01-01 01:15:00,7,0.9652245549178446,-0.0349958294431035,0.1221278624549001,0.06106393122745,1.25,3,1,0.3214394653031616,0.9469301294951056,0.4338837391175582,-0.900968867902419
2026-01-01 01:15:00,8,0.9615272451970984,-0.0773458917040905,0.03663835873647,0.0122127862454899,1.25,3,1,0.3214394653031616,0.9469301294951056,0.4338837391175582,-0.900968867902419
2026-01-01 01:15:00,9,0.9580994965543802,-0.1133961902939798,0.03663835873647,0.0122127862454899,1.25,3,1,0.3214394653031616,0.9469301294951056,0.4338837391175582,-0.900968867902419
2026-01-01 01:15:00,10,0.9575926050562584,-0.1092827530436156,0.0274787690523525,0.018319179368235,1.25,3,1,0.3214394653031616,0.9469301294951056,0.4338837391175582,-0.900968867902419
2026-01-01 01:15:00,11,0.956709096906826,-0.1027888041356327,0.03663835873647,0.0213723759296075,1.25,3,1,0.3214394653031616,0.9469301294951056,0.4338837391175582,-0.900968867902419
2026-01-01 01:15:00,12,0.9531111326137556,-0.155062448558077,0.03663835873647,0.0213723759296075,1.25,3,1,0.3214394653031616,0.9469301294951056,0.4338837391175582,-0.900968867902419
2026-01-01 01:15:00,13,0.9517775739199932,-0.1998360673419047,0.07327671747294,0.04885114498196,1.25,3,1,0.3214394653031616,0.9469301294951056,0.4338837391175582,-0.900968867902419
2026-01-01 01:15:00,14,0.950947048955545,-0.2212554748052222,0.03663835873647,0.006106393122745,1.25,3,1,0.3214394653031616,0.9469301294951056,0.4338837391175582,-0.900968867902419
2026-01-01 01:15:00,15,0.9501427747091916,-0.2344662200577577,0.03663835873647,0.0122127862454899,1.25,3,1,0.3214394653031616,0.9469301294951056,0.4338837391175582,-0.900968867902419
2026-01-01 01:15:00,16,0.9489513229839948,-0.2782467431912001,0.03663835873647,0.0122127862454899,1.25,3,1,0.3214394653031616,0.9469301294951056,0.4338837391175582,-0.900968867902419
2026-01-01 01:15:00,17,0.9485945019256008,-0.2836739394288705,0.054957538104705,0.02442557249098,1.25,3,1,0.3214394653031616,0.9469301294951056,0.4338837391175582,-0.900968867902419
2026-01-01 01:15:00,18,0.9979064950292068,0.0019627166188716,0.054957538104705,0.02442557249098,1.25,3,1,0.3214394653031616,0.9469301294951056,0.4338837391175582,-0.900968867902419
2026-01-01 01:15:00,19,0.9957288701189854,-0.038770477788117,0.054957538104705,0.02442557249098,1.25,3,1,0.3214394653031616,0.9469301294951056,0.4338837391175582,-0.900968867902419
2026-01-01 01:15:00,20,0.9953000850176218,-0.0505216710065671,0.0549575381047051,0.0244255724909799,1.25,3,1,0.3214394653031616,0.9469301294951056,0.4338837391175582,-0.900968867902419
2026-01-01 01:15:00,21,0.9949121688271644,-0.0628668383948326,0.0549575381047051,0.0244255724909799,1.25,3,1,0.3214394653031616,0.9469301294951056,0.4338837391175582,-0.900968867902419
2026-01-01 01:15:00,22,0.987670877518384,0.0378533840676436,0.0549575381047051,0.030531965613725,1.25,3,1,0.3214394653031616,0.9469301294951056,0.4338837391175582,-0.900968867902419
2026-01-01 01:15:00,23,0.983645832001816,-0.0152749744662645,0.2564685111552902,0.1221278624549001,1.25,3,1,0.3214394653031616,0.9469301294951056,0.4338837391175582,-0.900968867902419
2026-01-01 01:15:00,24,0.9816409413998296,-0.0413325933611842,0.2564685111552902,0.1221278624549001,1.25,3,1,0.3214394653031616,0.9469301294951056,0.4338837391175582,-0.900968867902419
2026-01-01 01:15:00,25,0.9690107426059604,0.100948710977586,0.03663835873647,0.0152659828068625,1.25,3,1,0.3214394653031616,0.9469301294951056,0.4338837391175582,-0.900968867902419
2026-01-01 01:15:00,26,0.9674984993033172,0.1334842003400015,0.03663835873647,0.0152659828068625,1.25,3,1,0.3214394653031616,0.9469301294951056,0.4338837391175582,-0.900968867902419
2026-01-01 01:15:00,27,0.9607512813026936,0.1817116484643943,0.03663835873647,0.01221278624549,1.25,3,1,0.3214394653031616,0.9469301294951056,0.4338837391175582,-0.900968867902419
2026-01-01 01:15:00,28,0.95590529242185,0.2265699636003044,0.07327671747294,0.0427447518592151,1.25,3,1,0.3214394653031616,0.9469301294951056,0.4338837391175582,-0.900968867902419
2026-01-01 01:15:00,29,0.953808361649748,0.286681475184773,0.1221278624549002,0.3663835873647003,1.25,3,1,0.3214394653031616,0.9469301294951056,0.4338837391175582,-0.900968867902419
2026-01-01 01:15:00,30,0.9513581308288548,0.2386136806205621,0.0915958968411749,0.042744751859215,1.25,3,1,0.3214394653031616,0.9469301294951056,0.4338837391175582,-0.900968867902419
2026-01-01 01:15:00,31,0.9508191342224852,0.2255238356213593,0.1282342555776452,0.0610639312274501,1.25,3,1,0.3214394653031616,0.9469301294951056,0.4338837391175582,-0.900968867902419
2026-01-01 01:15:00,32,0.9506521383917914,0.2211352642329259,0.0366383587364702,0.02442557249098,1.25,3,1,0.3214394653031616,0.9469301294951056,0.4338837391175582,-0.900968867902419
2026-01-01 01:30:00,0,1.0,0.0,-2.4940579845758117,-1.5479236175554094,1.5,3,1,0.3826834323650898,0.9238795325112868,0.4338837391175582,-0.900968867902419
2026-01-01 01:30:00,1,0.9981113624044976,0.0091322855396462,0.0649512054250918,0.038970723255055,1.5,3,1,0.3826834323650898,0.9238795325112868,0.4338837391175582,-0.900968867902419
2026-01-01 01:30:00,2,0.9891624255165852,0.0603093347492637,0.0584560848825826,0.0259804821700367,1.5,3,1,0.3826834323650898,0.9238795325112868,0.4338837391175582,-0.900968867902419
2026-01-01 01:30:00,3,0.9844357867639106,0.1012847091229948,0.0779414465101101,0.0519609643400734,1.5,3,1,0.3826834323650898,0.9238795325112868,0.4338837391175582,-0.900968867902419
2026-01-01 01:30:00,4,0.9797667738187172,0.1426220602244766,0.038970723255055,0.0194853616275275,1.5,3,1,0.3826834323650898,0.9238795325112868,0.4338837391175582,-0.900968867902419
2026-01-01 01:30:00,5,0.9681598478107192,0.0833797089618999,0.038970723255055,0.0129902410850183,1.5,3,1,0.3826834323650898,0.9238795325112868,0.4338837391175582,-0.900968867902419
2026-01-01 01:30:00,6,0.9659615243673784,-0.0594655505937993,0.1299024108501836,0.0649512054250918,1.5,3,1,0.3826834323650898,0.9238795325112868,0.4338837391175582,-0.900968867902419
2026-01-01 01:30:00,7,0.9629053966357674,-0.0374128296084198,0.1299024108501835,0.0649512054250918,1.5,3,1,0.3826834323650898,0.9238795325112868,0.4338837391175582,-0.900968867902419
2026-01-01 01:30:00,8,0.9589596541647551,-0.082685625126106,0.0389707232550551,0.0129902410850183,1.5,3,1,0.3826834323650898,0.9238795325112868,0.4338837391175582,-0.900968867902419
2026-01-01 01:30:00,9,0.9553014116305896,-0.1212424918839562,0.0389707232550551,0.0129902410850183,1.5,3,1,0.3826834323650898,0.9238795325112868,0.4338837391175582,-0.900968867902419
2026-01-01 01:30:00,10,0.9547604292370452,-0.1168362659896774,0.0292280424412912,0.0194853616275275,1.5,3,1,0.3826834323650898,0.9238795325112868,0.4338837391175582,-0.900968867902419
2026-01-01 01:30:00,11,0.953817465702616,-0.1098777011783773,0.0389707232550551,0.0227329218987821,1.5,3,1,0.3826834323650898,0.9238795325112868,0.4338837391175582,-0.900968867902419
2026-01-01 01:30:00,12,0.9499770095853683,-0.1658233206038284,0.0389707232550551,0.0227329218987821,1.5,3,1,0.3826834323650898,0.9238795325112868,0.4338837391175582,-0.900968867902419
2026-01-01 01:30:00,13,0.9485535155668926,-0.2137686297273406,0.0779414465101101,0.0519609643400734,1.5,3,1,0.3826834323650898,0.9238795325112868,0.4338837391175582,-0.900968867902419
2026-01-01 01:30:00,14,0.9476669446203686,-0.23670776088741,0.0389707232550551,0.0064951205425091,1.5,3,1,0.3826834323650898,0.9238795325112868,0.4338837391175582,-0.900968867902419
2026-01-01 01:30:00,15,0.9468083814385484,-0.2508565740580977,0.0389707232550551,0.0129902410850183,1.5,3,1,0.3826834323650898,0.9238795325112868,0.4338837391175582,-0.900968867902419
2026-01-01 01:30:00,16,0.9455364606765922,-0.2977572927160324,0.0389707232550551,0.0129902410850183,1.5,3,1,0.3826834323650898,0.9238795325112868,0.4338837391175582,-0.900968867902419
2026-01-01 01:30:00,17,0.9451555434458592,-0.3035719075048365,0.0584560848825825,0.0259804821700367,1.5,3,1,0.3826834323650898,0.9238795325112868,0.4338837391175582,-0.900968867902419
2026-01-01 01:30:00,18,0.9977690614116144,0.0021143385550319,0.0584560848825825,0.0259804821700366,1.5,3,1,0.3826834323650898,0.9238795325112868,0.4338837391175582,-0.900968867902419
2026-01-01 01:30:00,19,0.9954520773473422,-0.041229289234878,0.0584560848825825,0.0259804821700366,1.5,3,1,0.3826834323650898,0.9238795325112868,0.4338837391175582,-0.900968867902419
2026-01-01 01:30:00,20,0.9949958480607354,-0.0537358259778375,0.0584560848825825,0.0259804821700366,1.5,3,1,0.3826834323650898,0.9238795325112868,0.4338837391175582,-0.900968867902419
2026-01-01 01:30:00,21,0.9945830993806536,-0.0668752364137718,0.0584560848825825,0.0259804821700366,1.5,3,1,0.3826834323650898,0.9238795325112868,0.4338837391175582,-0.900968867902419
2026-01-01 01:30:00,22,0.9868578810847862,0.0404515270524456,0.0584560848825825,0.0324756027125459,1.5,3,1,0.3826834323650898,0.9238795325112868,0.4338837391175582,-0.900968867902419
2026-01-01 01:30:00,23,0.98257158999184,-0.0161674019322967,0.2727950627853854,0.1299024108501836,1.5,3,1,0.3826834323650898,0.9238795325112868,0.4338837391175582,-0.900968867902419
2026-01-01 01:30:00,24,0.9804364428465112,-0.0439482152410522,0.2727950627853857,0.1299024108501836,1.5,3,1,0.3826834323650898,0.9238795325112868,0.4338837391175582,-0.900968867902419
2026-01-01 01:30:00,25,0.9669448451253791,0.1078614629816656,0.0389707232550551,0.0162378013562729,1.5,3,1,0.3826834323650898,0.9238795325112868,0.4338837391175582,-0.900968867902419
2026-01-01 01:30:00,26,0.9653310112346218,0.1426426262113452,0.0389707232550551,0.0162378013562729,1.5,3,1,0.3826834323650898,0.9238795325112868,0.4338837391175582,-0.900968867902419
2026-01-01 01:30:00,27,0.9581304742636028,0.1941821454413455,0.0389707232550551,0.0129902410850183,1.5,3,1,0.3826834323650898,0.9238795325112868,0.4338837391175582,-0.900968867902419
2026-01-01 01:30:00,28,0.9529587869688964,0.2421650612869493,0.07794144651011,0.0454658437975642,1.5,3,1,0.3826834323650898,0.9238795325112868,0.4338837391175582,-0.900968867902419
2026-01-01 01:30:00,29,0.9507208436704544,0.3065140078650612,0.1299024108501836,0.3897072325505508,1.5,3,1,0.3826834323650898,0.9238795325112868,0.4338837391175582,-0.900968867902419
2026-01-01 01:30:00,30,0.9481055845431444,0.2550447118351683,0.0974268081376377,0.0454658437975643,1.5,3,1,0.3826834323650898,0.9238795325112868,0.4338837391175582,-0.900968867902419
2026-01-01 01:30:00,31,0.9475302821004886,0.2410253390094645,0.1363975313926926,0.0649512054250918,1.5,3,1,0.3826834323650898,0.9238795325112868,0.4338837391175582,-0.900968867902419
2026-01-01 01:30:00,32,0.9473520364937196,0.2363248756759265,0.0389707232550549,0.0259804821700366,1.5,3,1,0.3826834323650898,0.9238795325112868,0.4338837391175582,-0.900968867902419
2026-01-01 01:45:00,0,1.0,0.0,-2.4493600097640944,-1.520112085371086,1.75,3,1,0.4422886902190012,0.8968727415326884,0.4338837391175582,-0.900968867902419
2026-01-01 01:45:00,1,0.9981452304521784,0.0089660036983109,0.0638263993669234,0.038295839620154,1.75,3,1,0.4422886902190012,0.8968727415326884,0.4338837391175582,-0.900968867902419
2026-01-01 01:45:00,2,0.989357391712606,0.0592033986232677,0.0574437594302311,0.0255305597467693,1.75,3,1,0.4422886902190012,0.8968727415326884,0.4338837391175582,-0.900968867902419
2026-01-01 01:45:00,3,0.9847165476602324,0.0994206228777715,0.0765916792403081,0.0510611194935387,1.75,3,1,0.4422886902190012,0.8968727415326884,0.4338837391175582,-0.900968867902419
2026-01-01 01:45:00,4,0.9801324134398036,0.139984752178024,0.038295839620154,0.019147919810077,1.75,3,1,0.4422886902190012,0.8968727415326884,0.4338837391175582,-0.900968867902419
2026-01-01 01:45:00,5,0.9687367203051584,0.0818306043258264,0.038295839620154,0.0127652798733846,1.75,3,1,0.4422886902190012,0.8968727415326884,0.4338837391175582,-0.900968867902419
2026-01-01 01:45:00,6,0.9665784125243174,-0.0583415362103606,0.1276527987338469,0.0638263993669234,1.75,3,1,0.4422886902190012,0.8968727415326884,0.4338837391175582,-0.900968867902419
2026-01-01 01:45:00,7,0.9635778865783708,-0.0367108907395101,0.1276527987338469,0.0638263993669234,1.75,3,1,0.4422886902190012,0.8968727415326884,0.4338837391175582,-0.900968867902419
2026-01-01 01:45:00,8,0.9597042075319498,-0.081134875091799,0.038295839620154,0.0127652798733847,1.75,3,1,0.4422886902190012,0.8968727415326884,0.4338837391175582,-0.900968867902419
2026-01-01 01:45:00,9,0.9561128272240128,-0.1189635402550063,0.038295839620154,0.0127652798733847,1.75,3,1,0.4422886902190012,0.8968727415326884,0.4338837391175582,-0.900968867902419
2026-01-01 01:45:00,10,0.9555817340782892,-0.1146424678044985,0.0287218797151155,0.019147919810077,1.75,3,1,0.4422886902190012,0.8968727415326884,0.4338837391175582,-0.900968867902419
2026-01-01 01:45:00,11,0.954656018121806,-0.1078190622146461,0.038295839620154,0.0223392397784232,1.75,3,1,0.4422886902190012,0.8968727415326884,0.4338837391175582,-0.900968867902419
2026-01-01 01:45:00,12,0.9508859121546286,-0.1626973986734792,0.038295839620154,0.0223392397784232,1.75,3,1,0.4422886902190012,0.8968727415326884,0.4338837391175582,-0.900968867902419
2026-01-01 01:45:00,13,0.94948851037836,-0.2097204711841407,0.0765916792403081,0.0510611194935387,1.75,3,1,0.4422886902190012,0.8968727415326884,0.4338837391175582,-0.900968867902419
2026-01-01 01:45:00,14,0.9486182001058556,-0.2322176773634839,0.038295839620154,0.0063826399366923,1.75,3,1,0.4422886902190012,0.8968727415326884,0.4338837391175582,-0.900968867902419
2026-01-01 01:45:00,15,0.9477753880228544,-0.2460936966618667,0.038295839620154,0.0127652798733847,1.75,3,1,0.4422886902190012,0.8968727415326884,0.4338837391175582,-0.900968867902419
2026-01-01 01:45:00,16,0.94652681473754,-0.2920868927858286,0.038295839620154,0.0127652798733847,1.75,3,1,0.4422886902190012,0.8968727415326884,0.4338837391175582,-0.900968867902419
2026-01-01 01:45:00,17,0.946152888785634,-0.2977888165664789,0.0574437594302311,0.0255305597467693,1.75,3,1,0.4422886902190012,0.8968727415326884,0.4338837391175582,-0.900968867902419
2026-01-01 01:45:00,18,0.9978088846320792,0.0020701035275439,0.0574437594302311,0.0255305597467693,1.75,3,1,0.4422886902190012,0.8968727415326884,0.4338837391175582,-0.900968867902419
2026-01-01 01:45:00,19,0.9955322342019238,-0.0405179594318195,0.057443759430231,0.0255305597467693,1.75,3,1,0.4422886902190012,0.8968727415326884,0.4338837391175582,-0.900968867902419
2026-01-01 01:45:00,20,0.995083947917942,-0.052805841221449,0.057443759430231,0.0255305597467694,1.75,3,1,0.4422886902190012,0.8968727415326884,0.4338837391175582,-0.900968867902419
2026-01-01 01:45:00,21,0.9946783864044124,-0.0657153272112727,0.057443759430231,0.0255305597467694,1.75,3,1,0.4422886902190012,0.8968727415326884,0.4338837391175582,-0.900968867902419
2026-01-01 01:45:00,22,0.987093504209012,0.0396971721776491,0.057443759430231,0.0319131996834617,1.75,3,1,0.4422886902190012,0.8968727415326884,0.4338837391175582,-0.900968867902419
2026-01-01 01:45:00,23,0.9828828709730038,-0.0159103263999862,0.2680708773410785,0.1276527987338469,1.75,3,1,0.4422886902190012,0.8968727415326884,0.4338837391175582,-0.900968867902419
2026-01-01 01:45:00,24,0.9807854483427648,-0.0431916824494987,0.2680708773410785,0.1276527987338469,1.75,3,1,0.4422886902190012,0.8968727415326884,0.4338837391175582,-0.900968867902419
2026-01-01 01:45:00,25,0.967543886605042,0.1058545707342044,0.038295839620154,0.0159565998417308,1.75,3,1,0.4422886902190012,0.8968727415326884,0.4338837391175582,-0.900968867902419
2026-01-01 01:45:00,26,0.9659595210083894,0.1399835438220123,0.038295839620154,0.0159565998417308,1.75,3,1,0.4422886902190012,0.8968727415326884,0.4338837391175582,-0.900968867902419
2026-01-01 01:45:00,27,0.9588904785638956,0.1905613999360112,0.038295839620154,0.0127652798733847,1.75,3,1,0.4422886902190012,0.8968727415326884,0.4338837391175582,-0.900968867902419
2026-01-01 01:45:00,28,0.9538132683951438,0.2376364873397977,0.076591679240308,0.0446784795568464,1.75,3,1,0.4422886902190012,0.8968727415326884,0.4338837391175582,-0.900968867902419
2026-01-01 01:45:00,29,0.951616230440302,0.3007535911973798,0.1276527987338467,0.3829583962015409,1.75,3,1,0.4422886902190012,0.8968727415326884,0.4338837391175582,-0.900968867902419
2026-01-01 01:45:00,30,0.9490488467490322,0.2502733062128954,0.0957395990503853,0.0446784795568464,1.75,3,1,0.4422886902190012,0.8968727415326884,0.4338837391175582,-0.900968867902419
2026-01-01 01:45:00,31,0.9484840768337665,0.2365242444826151,0.1340354386705393,0.0638263993669234,1.75,3,1,0.4422886902190012,0.8968727415326884,0.4338837391175582,-0.900968867902419
2026-01-01 01:45:00,32,0.9483090948673132,0.2319144842730225,0.038295839620154,0.0255305597467694,1.75,3,1,0.4422886902190012,0.8968727415326884,0.4338837391175582,-0.900968867902419
2026-01-01 02:00:00,0,1.0,0.0,-2.48483239342533,-1.5421831435597926,2.0,3,1,0.4999999999999999,0.8660254037844387,0.4338837391175582,-0.900968867902419
2026-01-01 02:00:00,1,0.9981183527771904,0.0090979571291457,0.0647191670879704,0.0388315002527822,2.0,3,1,0.4999999999999999,0.8660254037844387,0.4338837391175582,-0.900968867902419
2026-01-01 02:00:00,2,0.9892026684939176,0.0600809935949109,0.0582472503791734,0.0258876668351881,2.0,3,1,0.4999999999999999,0.8660254037844387,0.4338837391175582,-0.900968867902419
2026-01-01 02:00:00,3,0.9844937410277798,0.1008998127635392,0.0776630005055645,0.0517753336703763,2.0,3,1,0.4999999999999999,0.8660254037844387,0.4338837391175582,-0.900968867902419
2026-01-01 02:00:00,4,0.97984225067934,0.1420774705239395,0.0388315002527822,0.0194157501263911,2.0,3,1,0.4999999999999999,0.8660254037844387,0.4338837391175582,-0.900968867902419
2026-01-01 02:00:00,5,0.9682789328754804,0.0830598042025737,0.0388315002527822,0.012943833417594,2.0,3,1,0.4999999999999999,0.8660254037844387,0.4338837391175582,-0.900968867902419
2026-01-01 02:00:00,6,0.9660888705359516,-0.0592333726070301,0.1294383341759409,0.0647191670879704,2.0,3,1,0.4999999999999999,0.8660254037844387,0.4338837391175582,-0.900968867902419
2026-01-01 02:00:00,7,0.963044221525839,-0.0372678534055768,0.1294383341759409,0.0647191670879704,2.0,3,1,0.4999999999999999,0.8660254037844387,0.4338837391175582,-0.900968867902419
2026-01-01 02:00:00,8,0.9591133570816436,-0.082365338186781,0.0388315002527822,0.012943833417594,2.0,3,1,0.4999999999999999,0.8660254037844387,0.4338837391175582,-0.900968867902419
2026-01-01 02:00:00,9,0.9554689189070632,-0.1207717876456455,0.0388315002527822,0.012943833417594,2.0,3,1,0.4999999999999999,0.8660254037844387,0.4338837391175582,-0.900968867902419
2026-01-01 02:00:00,10,0.9549299782505672,-0.1163831573003813,0.0291236251895866,0.0194157501263911,2.0,3,1,0.4999999999999999,0.8660254037844387,0.4338837391175582,-0.900968867902419
2026-01-01 02:00:00,11,0.9539905756883524,-0.1094525230654922,0.0388315002527822,0.0226517084807896,2.0,3,1,0.4999999999999999,0.8660254037844387,0.4338837391175582,-0.900968867902419
2026-01-01 02:00:00,12,0.9501646445519456,-0.1651776503329454,0.0388315002527822,0.0226517084807896,2.0,3,1,0.4999999999999999,0.8660254037844387,0.4338837391175582,-0.900968867902419
2026-01-01 02:00:00,13,0.9487465377722052,-0.2129324082675428,0.0776630005055645,0.0517753336703764,2.0,3,1,0.4999999999999999,0.8660254037844387,0.4338837391175582,-0.900968867902419
2026-01-01 02:00:00,14,0.9478633241831114,-0.2357802273244209,0.0388315002527822,0.006471916708797,2.0,3,1,0.4999999999999999,0.8660254037844387,0.4338837391175582,-0.900968867902419
2026-01-01 02:00:00,15,0.947008013159545,-0.2498726741690835,0.0388315002527822,0.012943833417594,2.0,3,1,0.4999999999999999,0.8660254037844387,0.4338837391175582,-0.900968867902419
2026-01-01 02:00:00,16,0.9457409130358146,-0.2965858644607038,0.0388315002527822,0.012943833417594,2.0,3,1,0.4999999999999999,0.8660254037844387,0.4338837391175582,-0.900968867902419
2026-01-01 02:00:00,17,0.945361439317012,-0.3023771924606492,0.0582472503791734,0.0258876668351881,2.0,3,1,0.4999999999999999,0.8660254037844387,0.4338837391175582,-0.900968867902419
2026-01-01 02:00:00,18,0.9977772803686566,0.0021051889433707,0.0582472503791733,0.0258876668351881,2.0,3,1,0.4999999999999999,0.8660254037844387,0.4338837391175582,-0.900968867902419
2026-01-01 02:00:00,19,0.9954686174209796,-0.0410825572574434,0.0582472503791733,0.0258876668351881,2.0,3,1,0.4999999999999999,0.8660254037844387,0.4338837391175582,-0.900968867902419
2026-01-01 02:00:00,20,0.9950140268355714,-0.0535439811346184,0.0582472503791733,0.0258876668351881,2.0,3,1,0.4999999999999999,0.8660254037844387,0.4338837391175582,-0.900968867902419
2026-01-01 02:00:00,21,0.994602760925423,-0.0666359529867372,0.0582472503791733,0.0258876668351881,2.0,3,1,0.4999999999999999,0.8660254037844387,0.4338837391175582,-0.900968867902419
2026-01-01 02:00:00,22,0.9869065135245364,0.0402957377112468,0.0582472503791733,0.0323595835439852,2.0,3,1,0.4999999999999999,0.8660254037844387,0.4338837391175582,-0.900968867902419
2026-01-01 02:00:00,23,0.9826358343702426,-0.016114446906946,0.2718205017694759,0.1294383341759409,2.0,3,1,0.4999999999999999,0.8660254037844387,0.4338837391175582,-0.900968867902419
2026-01-01 02:00:00,24,0.9805084717590772,-0.0437921700164978,0.2718205017694759,0.1294383341759409,2.0,3,1,0.4999999999999999,0.8660254037844387,0.4338837391175582,-0.900968867902419
2026-01-01 02:00:00,25,0.9670685070726496,0.1074470118292558,0.0388315002527823,0.0161797917719925,2.0,3,1,0.4999999999999999,0.8660254037844387,0.4338837391175582,-0.900968867902419
2026-01-01 02:00:00,26,0.9654607571084216,0.1420934732082636,0.0388315002527823,0.0161797917719925,2.0,3,1,0.4999999999999999,0.8660254037844387,0.4338837391175582,-0.900968867902419
2026-01-01 02:00:00,27,0.9582873681084244,0.1934343882531883,0.0388315002527823,0.012943833417594,2.0,3,1,0.4999999999999999,0.8660254037844387,0.4338837391175582,-0.900968867902419
2026-01-01 02:00:00,28,0.9531351863874798,0.2412297778771206,0.0776630005055647,0.0453034169615793,2.0,3,1,0.4999999999999999,0.8660254037844387,0.4338837391175582,-0.900968867902419
2026-01-01 02:00:00,29,0.9509056884026558,0.3053242217960881,0.129438334175941,0.3883150025278228,2.0,3,1,0.4999999999999999,0.8660254037844387,0.4338837391175582,-0.900968867902419
2026-01-01 02:00:00,30,0.9483003138699266,0.2540592705691859,0.0970787506319559,0.0453034169615793,2.0,3,1,0.4999999999999999,0.8660254037844387,0.4338837391175582,-0.900968867902419
2026-01-01 02:00:00,31,0.9477271860269524,0.2400957511114829,0.1359102508847378,0.0647191670879705,2.0,3,1,0.4999999999999999,0.8660254037844387,0.4338837391175582,-0.900968867902419
2026-01-01 02:00:00,32,0.9475496142492592,0.2354140296569127,0.0388315002527823,0.0258876668351881,2.0,3,1,0.4999999999999999,0.8660254037844387,0.4338837391175582,-0.900968867902419
2026-01-01 02:15:00,0,1.0,0.0,-2.400435179256357,-1.489673605664961,2.25,3,1,0.5555702330196022,0.8314696123025452,0.4338837391175582,-0.900968867902419
2026-01-01 02:15:00,1,0.9981823003452324,0.0087841109054019,0.0625935499331056,0.0375561299598634,2.25,3,1,0.5555702330196022,0.8314696123025452,0.4338837391175582,-0.900968867902419
2026-01-01 02:15:00,2,0.9895707630570968,0.0579939674205292,0.0563341949397951,0.0250374199732422,2.25,3,1,0.5555702330196022,0.8314696123025452,0.4338837391175582,-0.900968867902419
2026-01-01 02:15:00,3,0.9850237793164892,0.0973823858171687,0.0751122599197268,0.0500748399464845,2.25,3,1,0.5555702330196022,0.8314696123025452,0.4338837391175582,-0.900968867902419
2026-01-01 02:15:00,4,0.9805324976944302,0.1371015948552064,0.0375561299598634,0.0187780649799317,2.25,3,1,0.5555702330196022,0.8314696123025452,0.4338837391175582,-0.900968867902419
2026-01-01 02:15:00,5,0.969367871628007,0.0801374155326297,0.0375561299598634,0.0125187099866211,2.25,3,1,0.5555702330196022,0.8314696123025452,0.4338837391175582,-0.900968867902419
2026-01-01 02:15:00,6,0.9672533365057266,-0.0571137924382101,0.1251870998662113,0.0625935499331056,2.25,3,1,0.5555702330196022,0.8314696123025452,0.4338837391175582,-0.900968867902419
2026-01-01 02:15:00,7,0.964313633912343,-0.0359439326876846,0.1251870998662113,0.0625935499331056,2.25,3,1,0.5555702330196022,0.8314696123025452,0.4338837391175582,-0.900968867902419
2026-01-01 02:15:00,8,0.9605187734875108,-0.0794404815637256,0.0375561299598634,0.0125187099866211,2.25,3,1,0.5555702330196022,0.8314696123025452,0.4338837391175582,-0.900968867902419
2026-01-01 02:15:00,9,0.9570005208288116,-0.1164737284636115,0.0375561299598634,0.0125187099866211,2.25,3,1,0.5555702330196022,0.8314696123025452,0.4338837391175582,-0.900968867902419
2026-01-01 02:15:00,10,0.9564802435440076,-0.1122455822235725,0.0281670974698975,0.0187780649799317,2.25,3,1,0.5555702330196022,0.8314696123025452,0.4338837391175582,-0.900968867902419
2026-01-01 02:15:00,11,0.9555733907981,-0.105569642960466,0.0375561299598634,0.021907742476587,2.25,3,1,0.5555702330196022,0.8314696123025452,0.4338837391175582,-0.900968867902419
2026-01-01 02:15:00,12,0.9518802201863984,-0.1592826587410211,0.0375561299598634,0.021907742476587,2.25,3,1,0.5555702330196022,0.8314696123025452,0.4338837391175582,-0.900968867902419
2026-01-01 02:15:00,13,0.9505113523049976,-0.2052991217845234,0.0751122599197268,0.0500748399464845,2.25,3,1,0.5555702330196022,0.8314696123025452,0.4338837391175582,-0.900968867902419
2026-01-01 02:15:00,14,0.9496588238885284,-0.2273140032919187,0.0375561299598634,0.0062593549933105,2.25,3,1,0.5555702330196022,0.8314696123025452,0.4338837391175582,-0.900968867902419
2026-01-01 02:15:00,15,0.9488332362298288,-0.2408923002214411,0.0375561299598634,0.0125187099866211,2.25,3,1,0.5555702330196022,0.8314696123025452,0.4338837391175582,-0.900968867902419
2026-01-01 02:15:00,16,0.9476101937111164,-0.2858951896573763,0.0375561299598634,0.0125187099866211,2.25,3,1,0.5555702330196022,0.8314696123025452,0.4338837391175582,-0.900968867902419
2026-01-01 02:15:00,17,0.947243912851678,-0.2914741508351217,0.056334194939795,0.0250374199732422,2.25,3,1,0.5555702330196022,0.8314696123025452,0.4338837391175582,-0.900968867902419
2026-01-01 02:15:00,18,0.9978524805918564,0.00202195926955,0.056334194939795,0.0250374199732422,2.25,3,1,0.5555702330196022,0.8314696123025452,0.4338837391175582,-0.900968867902419
2026-01-01 02:15:00,19,0.9956200294099912,-0.0397381692250751,0.056334194939795,0.0250374199732423,2.25,3,1,0.5555702330196022,0.8314696123025452,0.4338837391175582,-0.900968867902419
2026-01-01 02:15:00,20,0.9951804473506516,-0.0517864790464792,0.056334194939795,0.0250374199732422,2.25,3,1,0.5555702330196022,0.8314696123025452,0.4338837391175582,-0.900968867902419
2026-01-01 02:15:00,21,0.9947827617420012,-0.0644440538893323,0.056334194939795,0.0250374199732422,2.25,3,1,0.5555702330196022,0.8314696123025452,0.4338837391175582,-0.900968867902419
2026-01-01 02:15:00,22,0.9873514060035864,0.0388727647902485,0.056334194939795,0.0312967749665528,2.25,3,1,0.5555702330196022,0.8314696123025452,0.4338837391175582,-0.900968867902419
2026-01-01 02:15:00,23,0.983223637175578,-0.0156274739379223,0.2628929097190438,0.1251870998662113,2.25,3,1,0.5555702330196022,0.8314696123025452,0.4338837391175582,-0.900968867902419
2026-01-01 02:15:00,24,0.9811675308434504,-0.0423621848361041,0.262892909719044,0.1251870998662113,2.25,3,1,0.5555702330196022,0.8314696123025452,0.4338837391175582,-0.900968867902419
2026-01-01 02:15:00,25,0.968199285980358,0.1036611397141627,0.0375561299598634,0.0156483874832764,2.25,3,1,0.5555702330196022,0.8314696123025452,0.4338837391175582,-0.900968867902419
2026-01-01 02:15:00,26,0.9666471513123434,0.1370775191559041,0.0375561299598634,0.0156483874832764,2.25,3,1,0.5555702330196022,0.8314696123025452,0.4338837391175582,-0.900968867902419
2026-01-01 02:15:00,27,0.9597219302841642,0.1866044301515715,0.0375561299598634,0.0125187099866211,2.25,3,1,0.5555702330196022,0.8314696123025452,0.4338837391175582,-0.900968867902419
2026-01-01 02:15:00,28,0.9547480524759742,0.2326879647094161,0.0751122599197269,0.043815484953174,2.25,3,1,0.5555702330196022,0.8314696123025452,0.4338837391175582,-0.900968867902419
2026-01-01 02:15:00,29,0.9525957528774136,0.2944602642380505,0.1251870998662114,0.3755612995986341,2.25,3,1,0.5555702330196022,0.8314696123025452,0.4338837391175582,-0.900968867902419
2026-01-01 02:15:00,30,0.950080727463962,0.2450595171241301,0.0938903248996583,0.043815484953174,2.25,3,1,0.5555702330196022,0.8314696123025452,0.4338837391175582,-0.900968867902419
2026-01-01 02:15:00,31,0.949527476252752,0.2316054674322028,0.131446454859522,0.0625935499331056,2.25,3,1,0.5555702330196022,0.8314696123025452,0.4338837391175582,-0.900968867902419
2026-01-01 02:15:00,32,0.949356063490348,0.2270946955232864,0.0375561299598632,0.0250374199732423,2.25,3,1,0.5555702330196022,0.8314696123025452,0.4338837391175582,-0.900968867902419
2026-01-01 02:30:00,0,1.0,0.0,-2.5915004899593588,-1.6085625677447613,2.5,3,1,0.6087614290087207,0.7933533402912352,0.4338837391175582,-0.900968867902419
2026-01-01 02:30:00,1,0.9980375266826096,0.0094951276004055,0.067398228051743,0.0404389368310458,2.5,3,1,0.6087614290087207,0.7933533402912352,0.4338837391175582,-0.900968867902419
2026-01-01 02:30:00,2,0.9887372987492922,0.0627235973103433,0.0606584052465687,0.0269592912206972,2.5,3,1,0.6087614290087207,0.7933533402912352,0.4338837391175582,-0.900968867902419
2026-01-01 02:30:00,3,0.9838234814109325,0.105354906596146,0.0808778736620916,0.0539185824413944,2.5,3,1,0.6087614290087207,0.7933533402912352,0.4338837391175582,-0.900968867902419
2026-01-01 02:30:00,4,0.978969271186267,0.1483822120579928,0.0404389368310458,0.0202194684155229,2.5,3,1,0.6087614290087207,0.7933533402912352,0.4338837391175582,-0.900968867902419
2026-01-01 02:30:00,5,0.9669014250355794,0.0867640970072994,0.0404389368310458,0.0134796456103486,2.5,3,1,0.6087614290087207,0.7933533402912352,0.4338837391175582,-0.900968867902419
2026-01-01 02:30:00,6,0.9646157844093934,-0.061923707733685,0.1347964561034861,0.067398228051743,2.5,3,1,0.6087614290087207,0.7933533402912352,0.4338837391175582,-0.900968867902419
2026-01-01 02:30:00,7,0.9614383331031842,-0.0389471933557196,0.1347964561034861,0.067398228051743,2.5,3,1,0.6087614290087207,0.7933533402912352,0.4338837391175582,-0.900968867902419
2026-01-01 02:30:00,8,0.9573353102380197,-0.0860754044488932,0.0404389368310458,0.0134796456103485,2.5,3,1,0.6087614290087207,0.7933533402912352,0.4338837391175582,-0.900968867902419
2026-01-01 02:30:00,9,0.9535311323189688,-0.126224765627529,0.0404389368310458,0.0134796456103485,2.5,3,1,0.6087614290087207,0.7933533402912352,0.4338837391175582,-0.900968867902419
2026-01-01 02:30:00,10,0.9529685651500374,-0.1216320518492028,0.0303292026232844,0.0202194684155229,2.5,3,1,0.6087614290087207,0.7933533402912352,0.4338837391175582,-0.900968867902419
2026-01-01 02:30:00,11,0.9519879548069158,-0.1143773931554354,0.0404389368310458,0.0235893798181101,2.5,3,1,0.6087614290087207,0.7933533402912352,0.4338837391175582,-0.900968867902419
2026-01-01 02:30:00,12,0.9479939289588968,-0.1726584995142281,0.0404389368310458,0.0235893798181101,2.5,3,1,0.6087614290087207,0.7933533402912352,0.4338837391175582,-0.900968867902419
2026-01-01 02:30:00,13,0.946513475039314,-0.2226229413325931,0.0808778736620916,0.0539185824413944,2.5,3,1,0.6087614290087207,0.7933533402912352,0.4338837391175582,-0.900968867902419
2026-01-01 02:30:00,14,0.9455914053202232,-0.2465297114623124,0.0404389368310458,0.0067398228051743,2.5,3,1,0.6087614290087207,0.7933533402912352,0.4338837391175582,-0.900968867902419
2026-01-01 02:30:00,15,0.94469845525555,-0.2612758636382185,0.0404389368310458,0.0134796456103485,2.5,3,1,0.6087614290087207,0.7933533402912352,0.4338837391175582,-0.900968867902419
2026-01-01 02:30:00,16,0.943375561856228,-0.3101642428434028,0.0404389368310458,0.0134796456103485,2.5,3,1,0.6087614290087207,0.7933533402912352,0.4338837391175582,-0.900968867902419
2026-01-01 02:30:00,17,0.9429793812567594,-0.3162256987919297,0.0606584052465688,0.0269592912206972,2.5,3,1,0.6087614290087207,0.7933533402912352,0.4338837391175582,-0.900968867902419
2026-01-01 02:30:00,18,0.9976822667671076,0.0022116021617402,0.0606584052465688,0.0269592912206972,2.5,3,1,0.6087614290087207,0.7933533402912352,0.4338837391175582,-0.900968867902419
2026-01-01 02:30:00,19,0.9952775106091498,-0.0427763832415045,0.0606584052465688,0.0269592912206971,2.5,3,1,0.6087614290087207,0.7933533402912352,0.4338837391175582,-0.900968867902419
2026-01-01 02:30:00,20,0.9948039960169822,-0.0557588640661079,0.0606584052465688,0.0269592912206971,2.5,3,1,0.6087614290087207,0.7933533402912352,0.4338837391175582,-0.900968867902419
2026-01-01 02:30:00,21,0.9943756067136734,-0.069398774011731,0.0606584052465688,0.0269592912206971,2.5,3,1,0.6087614290087207,0.7933533402912352,0.4338837391175582,-0.900968867902419
2026-01-01 02:30:00,22,0.9863442089549346,0.0420999298132514,0.0606584052465688,0.0336991140258715,2.5,3,1,0.6087614290087207,0.7933533402912352,0.4338837391175582,-0.900968867902419
2026-01-01 02:30:00,23,0.9818931402363988,-0.0167233708286832,0.283072557817321,0.1347964561034861,2.5,3,1,0.6087614290087207,0.7933533402912352,0.4338837391175582,-0.900968867902419
2026-01-01 02:30:00,24,0.9796758270101288,-0.0455931359455689,0.283072557817321,0.1347964561034861,2.5,3,1,0.6087614290087207,0.7933533402912352,0.4338837391175582,-0.900968867902419
2026-01-01 02:30:00,25,0.9656380408442832,0.1122463759732838,0.0404389368310458,0.0168495570129357,2.5,3,1,0.6087614290087207,0.7933533402912352,0.4338837391175582,-0.900968867902419
2026-01-01 02:30:00,26,0.9639598924782752,0.1484531867071296,0.0404389368310458,0.0168495570129357,2.5,3,1,0.6087614290087207,0.7933533402912352,0.4338837391175582,-0.900968867902419
2026-01-01 02:30:00,27,0.9564723670887652,0.202094181514668,0.040438936831046,0.0134796456103486,2.5,3,1,0.6087614290087207,0.7933533402912352,0.4338837391175582,-0.900968867902419
2026-01-01 02:30:00,28,0.9510944778071204,0.2520626378075177,0.0808778736620916,0.04717875963622,2.5,3,1,0.6087614290087207,0.7933533402912352,0.4338837391175582,-0.900968867902419
2026-01-01 02:30:00,29,0.948767253102088,0.319107757887297,0.1347964561034862,0.4043893683104584,2.5,3,1,0.6087614290087207,0.7933533402912352,0.4338837391175582,-0.900968867902419
2026-01-01 02:30:00,30,0.9460474893509988,0.2654732716190427,0.1010973420776144,0.04717875963622,2.5,3,1,0.6087614290087207,0.7933533402912352,0.4338837391175582,-0.900968867902419
2026-01-01 02:30:00,31,0.9454491959123662,0.2508619942657748,0.1415362789086605,0.0673982280517431,2.5,3,1,0.6087614290087207,0.7933533402912352,0.4338837391175582,-0.900968867902419
2026-01-01 02:30:00,32,0.9452638261986122,0.2459629069136179,0.040438936831046,0.0269592912206972,2.5,3,1,0.6087614290087207,0.7933533402912352,0.4338837391175582,-0.900968867902419
2026-01-01 02:45:00,0,1.0,0.0,-2.5887220904336687,-1.6068333796214929,2.75,3,1,0.6593458151000688,0.7518398074789775,0.4338837391175582,-0.900968867902419
2026-01-01 02:45:00,1,0.9980396321017092,0.009484774728325,0.0673285523442036,0.0403971314065221,2.75,3,1,0.6593458151000688,0.7518398074789775,0.4338837391175582,-0.900968867902419
2026-01-01 02:45:00,2,0.9887494227844822,0.0626546921071847,0.0605956971097832,0.0269314209376814,2.75,3,1,0.6593458151000688,0.7518398074789775,0.4338837391175582,-0.900968867902419
2026-01-01 02:45:00,3,0.983840945516305,0.1052387221484357,0.0807942628130443,0.0538628418753629,2.75,3,1,0.6593458151000688,0.7518398074789775,0.4338837391175582,-0.900968867902419
2026-01-01 02:45:00,4,0.9789920191702092,0.1482177555990193,0.0403971314065221,0.020198565703261,2.75,3,1,0.6593458151000688,0.7518398074789775,0.4338837391175582,-0.900968867902419
2026-01-01 02:45:00,5,0.9669373241584692,0.086667451121701,0.0403971314065221,0.0134657104688407,2.75,3,1,0.6593458151000688,0.7518398074789775,0.4338837391175582,-0.900968867902419
2026-01-01 02:45:00,6,0.964654174918937,-0.0618534633443253,0.1346571046884072,0.0673285523442036,2.75,3,1,0.6593458151000688,0.7518398074789775,0.4338837391175582,-0.900968867902419
2026-01-01 02:45:00,7,0.9614801852188276,-0.0389033617180444,0.1346571046884073,0.0673285523442036,2.75,3,1,0.6593458151000688,0.7518398074789775,0.4338837391175582,-0.900968867902419
2026-01-01 02:45:00,8,0.9573816506105646,-0.0859785696805683,0.0403971314065221,0.0134657104688407,2.75,3,1,0.6593458151000688,0.7518398074789775,0.4338837391175582,-0.900968867902419
2026-01-01 02:45:00,9,0.9535816373316546,-0.1260824245105112,0.0403971314065221,0.0134657104688407,2.75,3,1,0.6593458151000688,0.7518398074789775,0.4338837391175582,-0.900968867902419
2026-01-01 02:45:00,10,0.9530196861439748,-0.1214950449228531,0.0302978485548915,0.020198565703261,2.75,3,1,0.6593458151000688,0.7518398074789775,0.4338837391175582,-0.900968867902419
2026-01-01 02:45:00,11,0.9520401501833478,-0.1142488573217855,0.0403971314065221,0.0235649933204712,2.75,3,1,0.6593458151000688,0.7518398074789775,0.4338837391175582,-0.900968867902419
2026-01-01 02:45:00,12,0.9480505072611743,-0.1724631975145416,0.0403971314065221,0.0235649933204712,2.75,3,1,0.6593458151000688,0.7518398074789775,0.4338837391175582,-0.900968867902419
2026-01-01 02:45:00,13,0.9465716790383504,-0.2223698966774703,0.0807942628130443,0.0538628418753628,2.75,3,1,0.6593458151000688,0.7518398074789775,0.4338837391175582,-0.900968867902419
2026-01-01 02:45:00,14,0.9456506225195084,-0.246248992676406,0.0403971314065221,0.0067328552344203,2.75,3,1,0.6593458151000688,0.7518398074789775,0.4338837391175582,-0.900968867902419
2026-01-01 02:45:00,15,0.9447586539308,-0.2609780605955062,0.0403971314065221,0.0134657104688407,2.75,3,1,0.6593458151000688,0.7518398074789775,0.4338837391175582,-0.900968867902419
2026-01-01 02:45:00,16,0.9434372154356288,-0.3098095827359227,0.0403971314065221,0.0134657104688407,2.75,3,1,0.6593458151000688,0.7518398074789775,0.4338837391175582,-0.900968867902419
2026-01-01 02:45:00,17,0.9430414704938638,-0.3158639773080677,0.0605956971097833,0.0269314209376814,2.75,3,1,0.6593458151000688,0.7518398074789775,0.4338837391175582,-0.900968867902419
2026-01-01 02:45:00,18,0.9976847412408,0.0022088125497188,0.0605956971097831,0.0269314209376814,2.75,3,1,0.6593458151000688,0.7518398074789775,0.4338837391175582,-0.900968867902419
2026-01-01 02:45:00,19,0.9952824847844076,-0.0427323398179058,0.0605956971097831,0.0269314209376814,2.75,3,1,0.6593458151000688,0.7518398074789775,0.4338837391175582,-0.900968867902419
2026-01-01 02:45:00,20,0.994809462470882,-0.0557012637128363,0.0605956971097831,0.0269314209376814,2.75,3,1,0.6593458151000688,0.7518398074789775,0.4338837391175582,-0.900968867902419
2026-01-01 02:45:00,21,0.99438151860912,-0.0693269167923735,0.0605956971097831,0.0269314209376814,2.75,3,1,0.6593458151000688,0.7518398074789775,0.4338837391175582,-0.900968867902419
2026-01-01 02:45:00,22,0.9863588560778064,0.0420528508589342,0.0605956971097831,0.0336642761721017,2.75,3,1,0.6593458151000688,0.7518398074789775,0.4338837391175582,-0.900968867902419
2026-01-01 02:45:00,23,0.9819124827705554,-0.0167076050439423,0.2827799198456553,0.1346571046884073,2.75,3,1,0.6593458151000688,0.7518398074789775,0.4338837391175582,-0.900968867902419
2026-01-01 02:45:00,24,0.9796975109943932,-0.0455463171764429,0.2827799198456553,0.1346571046884073,2.75,3,1,0.6593458151000688,0.7518398074789775,0.4338837391175582,-0.900968867902419
2026-01-01 02:45:00,25,0.9656753205567978,0.1121211513318659,0.0403971314065221,0.0168321380860508,2.75,3,1,0.6593458151000688,0.7518398074789775,0.4338837391175582,-0.900968867902419
2026-01-01 02:45:00,26,0.9639990074937568,0.1482872354741464,0.0403971314065221,0.0168321380860508,2.75,3,1,0.6593458151000688,0.7518398074789775,0.4338837391175582,-0.900968867902419
2026-01-01 02:45:00,27,0.9565196717562234,0.2018682101745035,0.0403971314065223,0.0134657104688407,2.75,3,1,0.6593458151000688,0.7518398074789775,0.4338837391175582,-0.900968867902419
2026-01-01 02:45:00,28,0.9511476668505924,0.2517799243041649,0.0807942628130442,0.0471299866409424,2.75,3,1,0.6593458151000688,0.7518398074789775,0.4338837391175582,-0.900968867902419
2026-01-01 02:45:00,29,0.9488229900242946,0.3187479555731792,0.134657104688407,0.4039713140652217,2.75,3,1,0.6593458151000688,0.7518398074789775,0.4338837391175582,-0.900968867902419
2026-01-01 02:45:00,30,0.9461062087829464,0.2651753861993012,0.1009928285163055,0.0471299866409424,2.75,3,1,0.6593458151000688,0.7518398074789775,0.4338837391175582,-0.900968867902419
2026-01-01 02:45:00,31,0.9455085714983896,0.2505810377143811,0.1413899599228276,0.0673285523442035,2.75,3,1,0.6593458151000688,0.7518398074789775,0.4338837391175582,-0.900968867902419
2026-01-01 02:45:00,32,0.9453234051048256,0.2456876313362697,0.0403971314065221,0.0269314209376814,2.75,3,1,0.6593458151000688,0.7518398074789775,0.4338837391175582,-0.900968867902419
2026-01-01 03:00:00,0,1.0,0.0,-2.5230513780630326,-1.5659650236544191,3.0,3,1,0.7071067811865475,0.7071067811865476,0.4338837391175582,-0.900968867902419
2026-01-01 03:00:00,1,0.9980893934393906,0.0092401975228005,0.0656800293814948,0.0394080176288969,3.0,3,1,0.7071067811865475,0.7071067811865476,0.4338837391175582,-0.900968867902419
2026-01-01 03:00:00,2,0.9890359455799425,0.0610272101071574,0.0591120264433453,0.0262720117525979,3.0,3,1,0.7071067811865475,0.7071067811865476,0.4338837391175582,-0.900968867902419
2026-01-01 03:00:00,3,0.9842536337412524,0.1024948452592569,0.0788160352577938,0.0525440235051958,3.0,3,1,0.7071067811865475,0.7071067811865476,0.4338837391175582,-0.900968867902419
2026-01-01 03:00:00,4,0.979529539464416,0.1443344125113444,0.0394080176288969,0.0197040088144484,3.0,3,1,0.7071067811865475,0.7071067811865476,0.4338837391175582,-0.900968867902419
2026-01-01 03:00:00,5,0.9677855310195812,0.084385663674033,0.0394080176288969,0.0131360058762989,3.0,3,1,0.7071067811865475,0.7071067811865476,0.4338837391175582,-0.900968867902419
2026-01-01 03:00:00,6,0.9655612386982388,-0.0601958431046167,0.1313600587629897,0.0656800293814948,3.0,3,1,0.7071067811865475,0.7071067811865476,0.4338837391175582,-0.900968867902419
2026-01-01 03:00:00,7,0.962469027766651,-0.037868778651042,0.1313600587629897,0.0656800293814948,3.0,3,1,0.7071067811865475,0.7071067811865476,0.4338837391175582,-0.900968867902419
2026-01-01 03:00:00,8,0.9584765134348509,-0.0836929254790452,0.0394080176288968,0.0131360058762989,3.0,3,1,0.7071067811865475,0.7071067811865476,0.4338837391175582,-0.900968867902419
2026-01-01 03:00:00,9,0.9547748737736684,-0.1227229114059351,0.0394080176288968,0.0131360058762989,3.0,3,1,0.7071067811865475,0.7071067811865476,0.4338837391175582,-0.900968867902419
2026-01-01 03:00:00,10,0.9542274726999798,-0.1182613195012771,0.0295560132216726,0.0197040088144484,3.0,3,1,0.7071067811865475,0.7071067811865476,0.4338837391175582,-0.900968867902419
2026-01-01 03:00:00,11,0.9532733143032168,-0.1112148611839128,0.0394080176288968,0.0229880102835232,3.0,3,1,0.7071067811865475,0.7071067811865476,0.4338837391175582,-0.900968867902419
2026-01-01 03:00:00,12,0.949387193901716,-0.1678541285692162,0.0394080176288968,0.0229880102835232,3.0,3,1,0.7071067811865475,0.7071067811865476,0.4338837391175582,-0.900968867902419
2026-01-01 03:00:00,13,0.947946763060454,-0.2163989777297562,0.0788160352577937,0.0525440235051958,3.0,3,1,0.7071067811865475,0.7071067811865476,0.4338837391175582,-0.900968867902419
2026-01-01 03:00:00,14,0.9470496368799494,-0.2396254159395038,0.0394080176288968,0.0065680029381494,3.0,3,1,0.7071067811865475,0.7071067811865476,0.4338837391175582,-0.900968867902419
2026-01-01 03:00:00,15,0.9461808491556888,-0.2539515841181768,0.0394080176288968,0.0131360058762989,3.0,3,1,0.7071067811865475,0.7071067811865476,0.4338837391175582,-0.900968867902419
2026-01-01 03:00:00,16,0.9448937725247756,-0.301442391440189,0.0394080176288968,0.0131360058762989,3.0,3,1,0.7071067811865475,0.7071067811865476,0.4338837391175582,-0.900968867902419
2026-01-01 03:00:00,17,0.9445083169672788,-0.3073302838979056,0.0591120264433453,0.0262720117525979,3.0,3,1,0.7071067811865475,0.7071067811865476,0.4338837391175582,-0.900968867902419
2026-01-01 03:00:00,18,0.9977432332349696,0.0021431596557847,0.0591120264433453,0.0262720117525979,3.0,3,1,0.7071067811865475,0.7071067811865476,0.4338837391175582,-0.900968867902419
2026-01-01 03:00:00,19,0.9954001107626368,-0.0416901363086141,0.0591120264433453,0.0262720117525979,3.0,3,1,0.7071067811865475,0.7071067811865476,0.4338837391175582,-0.900968867902419
2026-01-01 03:00:00,20,0.9949387339544954,-0.0543383916529251,0.0591120264433453,0.0262720117525979,3.0,3,1,0.7071067811865475,0.7071067811865476,0.4338837391175582,-0.900968867902419
2026-01-01 03:00:00,21,0.9945213275558288,-0.0676268287758628,0.0591120264433453,0.0262720117525979,3.0,3,1,0.7071067811865475,0.7071067811865476,0.4338837391175582,-0.900968867902419
2026-01-01 03:00:00,22,0.9867050424675988,0.0409414403177937,0.0591120264433453,0.0328400146907474,3.0,3,1,0.7071067811865475,0.7071067811865476,0.4338837391175582,-0.900968867902419
2026-01-01 03:00:00,23,0.9823697001503076,-0.0163334673454113,0.2758561234022785,0.1313600587629897,3.0,3,1,0.7071067811865475,0.7071067811865476,0.4338837391175582,-0.900968867902419
2026-01-01 03:00:00,24,0.9802100943658928,-0.0444382737784901,0.2758561234022785,0.1313600587629897,3.0,3,1,0.7071067811865475,0.7071067811865476,0.4338837391175582,-0.900968867902419
2026-01-01 03:00:00,25,0.9665561402806914,0.1091647533498189,0.0394080176288968,0.0164200073453737,3.0,3,1,0.7071067811865475,0.7071067811865476,0.4338837391175582,-0.900968867902419
2026-01-01 03:00:00,26,0.9649231804992878,0.1443695551904101,0.0394080176288968,0.0164200073453737,3.0,3,1,0.7071067811865475,0.7071067811865476,0.4338837391175582,-0.900968867902419
2026-01-01 03:00:00,27,0.9576372989612696,0.196533633646154,0.0394080176288968,0.0131360058762989,3.0,3,1,0.7071067811865475,0.7071067811865476,0.4338837391175582,-0.900968867902419
2026-01-01 03:00:00,28,0.952404292000406,0.2451064080594271,0.0788160352577937,0.0459760205670464,3.0,3,1,0.7071067811865475,0.7071067811865476,0.4338837391175582,-0.900968867902419
2026-01-01 03:00:00,29,0.950139798928779,0.3102560435568088,0.1313600587629899,0.3940801762889692,3.0,3,1,0.7071067811865475,0.7071067811865476,0.4338837391175582,-0.900968867902419
2026-01-01 03:00:00,30,0.9474934645152916,0.2581438190067267,0.0985200440722424,0.0459760205670463,3.0,3,1,0.7071067811865475,0.7071067811865476,0.4338837391175582,-0.900968867902419
2026-01-01 03:00:00,31,0.9469113255344348,0.2439487050145316,0.1379280617011393,0.0656800293814949,3.0,3,1,0.7071067811865475,0.7071067811865476,0.4338837391175582,-0.900968867902419
2026-01-01 03:00:00,32,0.9467309615301132,0.2391892700516282,0.0394080176288968,0.0262720117525978,3.0,3,1,0.7071067811865475,0.7071067811865476,0.4338837391175582,-0.900968867902419
2026-01-01 03:15:00,0,1.0,0.0,-2.649848866954791,-1.6448791331784314,3.25,3,1,0.7518398074789774,0.6593458151000688,0.4338837391175582,-0.900968867902419
2026-01-01 03:15:00,1,0.9979933122297326,0.0097126233888942,0.0688601615858786,0.0413160969515272,3.25,3,1,0.7518398074789774,0.6593458151000688,0.4338837391175582,-0.900968867902419
2026-01-01 03:15:00,2,0.9884826701937084,0.0641714251669866,0.0619741454272908,0.0275440646343514,3.25,3,1,0.7518398074789774,0.6593458151000688,0.4338837391175582,-0.900968867902419
2026-01-01 03:15:00,3,0.9834566755359858,0.1077963815525117,0.0826321939030544,0.0550881292687029,3.25,3,1,0.7518398074789774,0.6593458151000688,0.4338837391175582,-0.900968867902419
2026-01-01 03:15:00,4,0.9784914641536075,0.1518384723382315,0.0413160969515271,0.0206580484757636,3.25,3,1,0.7518398074789774,0.6593458151000688,0.4338837391175582,-0.900968867902419
2026-01-01 03:15:00,5,0.9661473377587528,0.0887954791951841,0.0413160969515272,0.0137720323171757,3.25,3,1,0.7518398074789774,0.6593458151000688,0.4338837391175582,-0.900968867902419
2026-01-01 03:15:00,6,0.9638093575908409,-0.0634007777722751,0.1377203231717573,0.0688601615858786,3.25,3,1,0.7518398074789774,0.6593458151000688,0.4338837391175582,-0.900968867902419
2026-01-01 03:15:00,7,0.9605591851162142,-0.0398686807991606,0.1377203231717573,0.0688601615858786,3.25,3,1,0.7518398074789774,0.6593458151000688,0.4338837391175582,-0.900968867902419
2026-01-01 03:15:00,8,0.9563618639425594,-0.0881111998678647,0.0413160969515271,0.0137720323171757,3.25,3,1,0.7518398074789774,0.6593458151000688,0.4338837391175582,-0.900968867902419
2026-01-01 03:15:00,9,0.9524701852191666,-0.1292174414686822,0.0413160969515271,0.0137720323171757,3.25,3,1,0.7518398074789774,0.6593458151000688,0.4338837391175582,-0.900968867902419
2026-01-01 03:15:00,10,0.9518946759747592,-0.1245124962674478,0.0309870727136454,0.0206580484757635,3.25,3,1,0.7518398074789774,0.6593458151000688,0.4338837391175582,-0.900968867902419
2026-01-01 03:15:00,11,0.9508914919735864,-0.1170795824889914,0.0413160969515271,0.0241010565550575,3.25,3,1,0.7518398074789774,0.6593458151000688,0.4338837391175582,-0.900968867902419
2026-01-01 03:15:00,12,0.94680537366704,-0.1767649758680829,0.0413160969515271,0.0241010565550575,3.25,3,1,0.7518398074789774,0.6593458151000688,0.4338837391175582,-0.900968867902419
2026-01-01 03:15:00,13,0.9452907606280638,-0.2279441775446192,0.0826321939030544,0.0550881292687029,3.25,3,1,0.7518398074789774,0.6593458151000688,0.4338837391175582,-0.900968867902419
2026-01-01 03:15:00,14,0.9443474012118988,-0.2524331654236954,0.0413160969515271,0.0068860161585878,3.25,3,1,0.7518398074789774,0.6593458151000688,0.4338837391175582,-0.900968867902419
2026-01-01 03:15:00,15,0.9434338279095184,-0.2675387494597074,0.0413160969515271,0.0137720323171757,3.25,3,1,0.7518398074789774,0.6593458151000688,0.4338837391175582,-0.900968867902419
2026-01-01 03:15:00,16,0.9420803629289504,-0.3176234458137137,0.0413160969515271,0.0137720323171757,3.25,3,1,0.7518398074789774,0.6593458151000688,0.4338837391175582,-0.900968867902419
2026-01-01 03:15:00,17,0.9416750279805064,-0.3238334849118855,0.0619741454272908,0.0275440646343514,3.25,3,1,0.7518398074789774,0.6593458151000688,0.4338837391175582,-0.900968867902419
2026-01-01 03:15:00,18,0.997630307986546,0.0022703899257535,0.0619741454272908,0.0275440646343514,3.25,3,1,0.7518398074789774,0.6593458151000688,0.4338837391175582,-0.900968867902419
2026-01-01 03:15:00,19,0.9951730967865416,-0.0437003973702068,0.0619741454272908,0.0275440646343514,3.25,3,1,0.7518398074789774,0.6593458151000688,0.4338837391175582,-0.900968867902419
2026-01-01 03:15:00,20,0.9946892519307582,-0.0569673927886503,0.0619741454272908,0.0275440646343514,3.25,3,1,0.7518398074789774,0.6593458151000688,0.4338837391175582,-0.900968867902419
2026-01-01 03:15:00,21,0.9942515151857096,-0.0709065128332955,0.0619741454272908,0.0275440646343514,3.25,3,1,0.7518398074789774,0.6593458151000688,0.4338837391175582,-0.900968867902419
2026-01-01 03:15:00,22,0.9860366174179928,0.0430895552557616,0.0619741454272908,0.0344300807929393,3.25,3,1,0.7518398074789774,0.6593458151000688,0.4338837391175582,-0.900968867902419
2026-01-01 03:15:00,23,0.9814869845351072,-0.0170533379924264,0.2892126786606905,0.1377203231717574,3.25,3,1,0.7518398074789774,0.6593458151000688,0.4338837391175582,-0.900968867902419
2026-01-01 03:15:00,24,0.9792205193899952,-0.0465752429972298,0.2892126786606903,0.1377203231717574,3.25,3,1,0.7518398074789774,0.6593458151000688,0.4338837391175582,-0.900968867902419
2026-01-01 03:15:00,25,0.964854948097466,0.1148785438416821,0.0413160969515271,0.0172150403964697,3.25,3,1,0.7518398074789774,0.6593458151000688,0.4338837391175582,-0.900968867902419
2026-01-01 03:15:00,26,0.9631382402266274,0.1519415742093076,0.0413160969515271,0.0172150403964697,3.25,3,1,0.7518398074789774,0.6593458151000688,0.4338837391175582,-0.900968867902419
2026-01-01 03:15:00,27,0.955478650702621,0.2068442421514512,0.0413160969515273,0.0137720323171757,3.25,3,1,0.7518398074789774,0.6593458151000688,0.4338837391175582,-0.900968867902419
2026-01-01 03:15:00,28,0.9499771298831616,0.2580058953070565,0.0826321939030543,0.0482021131101151,3.25,3,1,0.7518398074789774,0.6593458151000688,0.4338837391175582,-0.900968867902419
2026-01-01 03:15:00,29,0.9475963731416976,0.3266725661056535,0.1377203231717572,0.413160969515272,3.25,3,1,0.7518398074789774,0.6593458151000688,0.4338837391175582,-0.900968867902419
2026-01-01 03:15:00,30,0.9448139430558992,0.2717355391152015,0.1032902423788177,0.0482021131101151,3.25,3,1,0.7518398074789774,0.6593458151000688,0.4338837391175582,-0.900968867902419
2026-01-01 03:15:00,31,0.9442018629515242,0.2567680985535158,0.1446063393303451,0.0688601615858786,3.25,3,1,0.7518398074789774,0.6593458151000688,0.4338837391175582,-0.900968867902419
2026-01-01 03:15:00,32,0.9440122211993424,0.2517494877685206,0.0413160969515273,0.0275440646343514,3.25,3,1,0.7518398074789774,0.6593458151000688,0.4338837391175582,-0.900968867902419
2026-01-01 03:30:00,0,1.0,0.0,-2.5958249030506577,-1.611253965584558,3.5,3,1,0.7933533402912352,0.6087614290087207,0.4338837391175582,-0.900968867902419
2026-01-01 03:30:00,1,0.9980342498269488,0.0095112412274088,0.067506663197422,0.0405039979184532,3.5,3,1,0.7933533402912352,0.6087614290087207,0.4338837391175582,-0.900968867902419
2026-01-01 03:30:00,2,0.9887184288895,0.0628308456102078,0.0607559968776798,0.0270026652789688,3.5,3,1,0.7933533402912352,0.6087614290087207,0.4338837391175582,-0.900968867902419
2026-01-01 03:30:00,3,0.98379630010649,0.1055357445773685,0.0810079958369064,0.0540053305579376,3.5,3,1,0.7933533402912352,0.6087614290087207,0.4338837391175582,-0.900968867902419
2026-01-01 03:30:00,4,0.9789338658698624,0.148638186663682,0.0405039979184532,0.0202519989592265,3.5,3,1,0.7933533402912352,0.6087614290087207,0.4338837391175582,-0.900968867902419
2026-01-01 03:30:00,5,0.9668455507841728,0.0869145268928973,0.0405039979184532,0.0135013326394844,3.5,3,1,0.7933533402912352,0.6087614290087207,0.4338837391175582,-0.900968867902419
2026-01-01 03:30:00,6,0.9645560324664452,-0.0620330474421861,0.135013326394844,0.067506663197422,3.5,3,1,0.7933533402912352,0.6087614290087207,0.4338837391175582,-0.900968867902419
2026-01-01 03:30:00,7,0.9613731933887548,-0.0390154187123541,0.1350133263948441,0.067506663197422,3.5,3,1,0.7933533402912352,0.6087614290087207,0.4338837391175582,-0.900968867902419
2026-01-01 03:30:00,8,0.9572631847758823,-0.0862261310783048,0.0405039979184531,0.0135013326394843,3.5,3,1,0.7933533402912352,0.6087614290087207,0.4338837391175582,-0.900968867902419
2026-01-01 03:30:00,9,0.9534525247918286,-0.1264463257534517,0.0405039979184531,0.0135013326394843,3.5,3,1,0.7933533402912352,0.6087614290087207,0.4338837391175582,-0.900968867902419
2026-01-01 03:30:00,10,0.9528889988769412,-0.1218453085057455,0.0303779984388399,0.0202519989592265,3.5,3,1,0.7933533402912352,0.6087614290087207,0.4338837391175582,-0.900968867902419
2026-01-01 03:30:00,11,0.9519067163055984,-0.1145774631211186,0.0405039979184531,0.0236273321190977,3.5,3,1,0.7933533402912352,0.6087614290087207,0.4338837391175582,-0.900968867902419
2026-01-01 03:30:00,12,0.9479058686066268,-0.1729624978188876,0.0405039979184531,0.0236273321190977,3.5,3,1,0.7933533402912352,0.6087614290087207,0.4338837391175582,-0.900968867902419
2026-01-01 03:30:00,13,0.946422884350758,-0.2230168238494504,0.0810079958369064,0.0540053305579376,3.5,3,1,0.7933533402912352,0.6087614290087207,0.4338837391175582,-0.900968867902419
2026-01-01 03:30:00,14,0.945499237621204,-0.2469666726627619,0.0405039979184531,0.0067506663197421,3.5,3,1,0.7933533402912352,0.6087614290087207,0.4338837391175582,-0.900968867902419
2026-01-01 03:30:00,15,0.9446047599229204,-0.2617394189473575,0.0405039979184531,0.0135013326394843,3.5,3,1,0.7933533402912352,0.6087614290087207,0.4338837391175582,-0.900968867902419
2026-01-01 03:30:00,16,0.943279602012492,-0.3107163052066753,0.0405039979184531,0.0135013326394843,3.5,3,1,0.7933533402912352,0.6087614290087207,0.4338837391175582,-0.900968867902419
2026-01-01 03:30:00,17,0.9428827433262348,-0.3167887533560504,0.0607559968776797,0.0270026652789688,3.5,3,1,0.7933533402912352,0.6087614290087207,0.4338837391175582,-0.900968867902419
2026-01-01 03:30:00,18,0.997678415553306,0.0022159451246627,0.0607559968776798,0.0270026652789688,3.5,3,1,0.7933533402912352,0.6087614290087207,0.4338837391175582,-0.900968867902419
2026-01-01 03:30:00,19,0.9952697691161332,-0.0428449265973962,0.0607559968776798,0.0270026652789687,3.5,3,1,0.7933533402912352,0.6087614290087207,0.4338837391175582,-0.900968867902419
2026-01-01 03:30:00,20,0.9947954883917868,-0.0558485061975999,0.0607559968776798,0.0270026652789687,3.5,3,1,0.7933533402912352,0.6087614290087207,0.4338837391175582,-0.900968867902419
2026-01-01 03:30:00,21,0.9943664058485744,-0.0695106042705718,0.0607559968776798,0.0270026652789687,3.5,3,1,0.7933533402912352,0.6087614290087207,0.4338837391175582,-0.900968867902419
2026-01-01 03:30:00,22,0.986321412323421,0.0421732089034914,0.0607559968776798,0.0337533315987109,3.5,3,1,0.7933533402912352,0.6087614290087207,0.4338837391175582,-0.900968867902419
2026-01-01 03:30:00,23,0.9818630359613546,-0.0167479015498095,0.2835279854291725,0.1350133263948441,3.5,3,1,0.7933533402912352,0.6087614290087207,0.4338837391175582,-0.900968867902419
2026-01-01 03:30:00,24,0.9796420786425571,-0.0456659972475825,0.2835279854291725,0.1350133263948441,3.5,3,1,0.7933533402912352,0.6087614290087207,0.4338837391175582,-0.900968867902419
2026-01-01 03:30:00,25,0.9655800177786652,0.1124412894508133,0.0405039979184531,0.0168766657993555,3.5,3,1,0.7933533402912352,0.6087614290087207,0.4338837391175582,-0.900968867902419
2026-01-01 03:30:00,26,0.963899012856778,0.1487114926107544,0.0405039979184531,0.0168766657993555,3.5,3,1,0.7933533402912352,0.6087614290087207,0.4338837391175582,-0.900968867902419
2026-01-01 03:30:00,27,0.9563987406871932,0.2024459098485695,0.0405039979184533,0.0135013326394843,3.5,3,1,0.7933533402912352,0.6087614290087207,0.4338837391175582,-0.900968867902419
2026-01-01 03:30:00,28,0.9510116926642294,0.2525026893198146,0.0810079958369063,0.0472546642381953,3.5,3,1,0.7933533402912352,0.6087614290087207,0.4338837391175582,-0.900968867902419
2026-01-01 03:30:00,29,0.9486805023069508,0.3196678070406707,0.1350133263948438,0.405039979184532,3.5,3,1,0.7933533402912352,0.6087614290087207,0.4338837391175582,-0.900968867902419
2026-01-01 03:30:00,30,0.9459560964054426,0.2659369390353379,0.1012599947961332,0.0472546642381954,3.5,3,1,0.7933533402912352,0.6087614290087207,0.4338837391175582,-0.900968867902419
2026-01-01 03:30:00,31,0.945356781690582,0.2512993094543567,0.1417639927145861,0.0675066631974219,3.5,3,1,0.7933533402912352,0.6087614290087207,0.4338837391175582,-0.900968867902419
2026-01-01 03:30:00,32,0.9451710955174298,0.2463913788275717,0.0405039979184533,0.0270026652789687,3.5,3,1,0.7933533402912352,0.6087614290087207,0.4338837391175582,-0.900968867902419
2026-01-01 03:45:00,0,1.0,0.0,-2.4745772248973217,-1.5358021648057645,3.75,3,1,0.8314696123025451,0.5555702330196024,0.4338837391175582,-0.900968867902419
2026-01-01 03:45:00,1,0.9981261232414386,0.0090598025892454,0.0644611600634937,0.0386766960380962,3.75,3,1,0.8314696123025451,0.5555702330196024,0.4338837391175582,-0.900968867902419
2026-01-01 03:45:00,2,0.9892474012264544,0.0598272168188898,0.0580150440571444,0.0257844640253975,3.75,3,1,0.8314696123025451,0.5555702330196024,0.4338837391175582,-0.900968867902419
2026-01-01 03:45:00,3,0.9845581595639944,0.1004720543941646,0.0773533920761925,0.051568928050795,3.75,3,1,0.8314696123025451,0.5555702330196024,0.4338837391175582,-0.900968867902419
2026-01-01 03:45:00,4,0.9799261450483404,0.1414722588858808,0.0386766960380962,0.0193383480190481,3.75,3,1,0.8314696123025451,0.5555702330196024,0.4338837391175582,-0.900968867902419
2026-01-01 03:45:00,5,0.968411296002692,0.0827043027600867,0.0386766960380962,0.0128922320126987,3.75,3,1,0.8314696123025451,0.5555702330196024,0.4338837391175582,-0.900968867902419
2026-01-01 03:45:00,6,0.9662304155306785,-0.0589753950873197,0.1289223201269875,0.0644611600634937,3.75,3,1,0.8314696123025451,0.5555702330196024,0.4338837391175582,-0.900968867902419
2026-01-01 03:45:00,7,0.9631985246867156,-0.0371067569922716,0.1289223201269875,0.0644611600634937,3.75,3,1,0.8314696123025451,0.5555702330196024,0.4338837391175582,-0.900968867902419
2026-01-01 03:45:00,8,0.9592841960727808,-0.0820094378489159,0.0386766960380963,0.0128922320126987,3.75,3,1,0.8314696123025451,0.5555702330196024,0.4338837391175582,-0.900968867902419
2026-01-01 03:45:00,9,0.9556551003298078,-0.1202487550417081,0.0386766960380963,0.0128922320126987,3.75,3,1,0.8314696123025451,0.5555702330196024,0.4338837391175582,-0.900968867902419
2026-01-01 03:45:00,10,0.9551184288960572,-0.115879671728179,0.0290075220285721,0.0193383480190481,3.75,3,1,0.8314696123025451,0.5555702330196024,0.4338837391175582,-0.900968867902419
2026-01-01 03:45:00,11,0.9541829840419062,-0.108980064473193,0.0386766960380963,0.0225614060222228,3.75,3,1,0.8314696123025451,0.5555702330196024,0.4338837391175582,-0.900968867902419
2026-01-01 03:45:00,12,0.9503731959416816,-0.1644602184189771,0.0386766960380963,0.0225614060222228,3.75,3,1,0.8314696123025451,0.5555702330196024,0.4338837391175582,-0.900968867902419
2026-01-01 03:45:00,13,0.9489610764964952,-0.2120032831935346,0.0773533920761925,0.051568928050795,3.75,3,1,0.8314696123025451,0.5555702330196024,0.4338837391175582,-0.900968867902419
2026-01-01 03:45:00,14,0.9480815942280452,-0.2347496602568949,0.0386766960380963,0.0064461160063493,3.75,3,1,0.8314696123025451,0.5555702330196024,0.4338837391175582,-0.900968867902419
2026-01-01 03:45:00,15,0.9472298976000924,-0.2487794880840254,0.0386766960380963,0.0128922320126987,3.75,3,1,0.8314696123025451,0.5555702330196024,0.4338837391175582,-0.900968867902419
2026-01-01 03:45:00,16,0.945968155029476,-0.2952843539782573,0.0386766960380963,0.0128922320126987,3.75,3,1,0.8314696123025451,0.5555702330196024,0.4338837391175582,-0.900968867902419
2026-01-01 03:45:00,17,0.9455902856003036,-0.3010498131429888,0.0580150440571444,0.0257844640253975,3.75,3,1,0.8314696123025451,0.5555702330196024,0.4338837391175582,-0.900968867902419
2026-01-01 03:45:00,18,0.9977864168656496,0.0020950301635776,0.0580150440571444,0.0257844640253974,3.75,3,1,0.8314696123025451,0.5555702330196024,0.4338837391175582,-0.900968867902419
2026-01-01 03:45:00,19,0.995487005920442,-0.0409193978631657,0.0580150440571443,0.0257844640253974,3.75,3,1,0.8314696123025451,0.5555702330196024,0.4338837391175582,-0.900968867902419
2026-01-01 03:45:00,20,0.9950342373563688,-0.0533306637863307,0.0580150440571443,0.0257844640253974,3.75,3,1,0.8314696123025451,0.5555702330196024,0.4338837391175582,-0.900968867902419
2026-01-01 03:45:00,21,0.9946246200903128,-0.066369892240033,0.0580150440571443,0.0257844640253974,3.75,3,1,0.8314696123025451,0.5555702330196024,0.4338837391175582,-0.900968867902419
2026-01-01 03:45:00,22,0.9869605732452648,0.0401226180993853,0.0580150440571443,0.0322305800317469,3.75,3,1,0.8314696123025451,0.5555702330196024,0.4338837391175582,-0.900968867902419
2026-01-01 03:45:00,23,0.982707250599126,-0.0160555181054127,0.2707368722666738,0.1289223201269875,3.75,3,1,0.8314696123025451,0.5555702330196024,0.4338837391175582,-0.900968867902419
2026-01-01 03:45:00,24,0.9805885423441764,-0.0436186479457209,0.2707368722666738,0.1289223201269875,3.75,3,1,0.8314696123025451,0.5555702330196024,0.4338837391175582,-0.900968867902419
2026-01-01 03:45:00,25,0.9672059571091214,0.106986448989194,0.0386766960380962,0.0161152900158734,3.75,3,1,0.8314696123025451,0.5555702330196024,0.4338837391175582,-0.900968867902419
2026-01-01 03:45:00,26,0.9656049689934102,0.1414832310853047,0.0386766960380962,0.0161152900158734,3.75,3,1,0.8314696123025451,0.5555702330196024,0.4338837391175582,-0.900968867902419
2026-01-01 03:45:00,27,0.9584617529903384,0.1926034498004198,0.0386766960380962,0.0128922320126987,3.75,3,1,0.8314696123025451,0.5555702330196024,0.4338837391175582,-0.900968867902419
2026-01-01 03:45:00,28,0.9533312502326696,0.2401904777043328,0.0773533920761926,0.0451228120444456,3.75,3,1,0.8314696123025451,0.5555702330196024,0.4338837391175582,-0.900968867902419
2026-01-01 03:45:00,29,0.9511111385286342,0.3040021699939011,0.1289223201269875,0.3867669603809628,3.75,3,1,0.8314696123025451,0.5555702330196024,0.4338837391175582,-0.900968867902419
2026-01-01 03:45:00,30,0.9485167497766712,0.2529642379245856,0.0966917400952405,0.0451228120444455,3.75,3,1,0.8314696123025451,0.5555702330196024,0.4338837391175582,-0.900968867902419
2026-01-01 03:45:00,31,0.947946038791244,0.2390627675947141,0.1353684361333367,0.0644611600634936,3.75,3,1,0.8314696123025451,0.5555702330196024,0.4338837391175582,-0.900968867902419
2026-01-01 03:45:00,32,0.9477692159088018,0.2344018668962767,0.0386766960380962,0.0257844640253974,3.75,3,1,0.8314696123025451,0.5555702330196024,0.4338837391175582,-0.900968867902419
2026-01-01 04:00:00,0,1.0,0.0,-2.630771115220267,-1.6330044628070994,4.0,3,1,0.8660254037844386,0.5000000000000001,0.4338837391175582,-0.900968867902419
2026-01-01 04:00:00,1,0.998007768859029,0.0096414916264285,0.068382439145289,0.0410294634871734,4.0,3,1,0.8660254037844386,0.5000000000000001,0.4338837391175582,-0.900968867902419
2026-01-01 04:00:00,2,0.98856592951171,0.0636978598649113,0.0615441952307601,0.0273529756581156,4.0,3,1,0.8660254037844386,0.5000000000000001,0.4338837391175582,-0.900968867902419
2026-01-01 04:00:00,3,0.9835766205323891,0.1069977590154965,0.0820589269743468,0.0547059513162312,4.0,3,1,0.8660254037844386,0.5000000000000001,0.4338837391175582,-0.900968867902419
2026-01-01 04:00:00,4,0.9786477111135125,0.1507078176750554,0.0410294634871734,0.0205147317435866,4.0,3,1,0.8660254037844386,0.5000000000000001,0.4338837391175582,-0.900968867902419
2026-01-01 04:00:00,5,0.9663939414113352,0.0881308945682952,0.0410294634871734,0.0136764878290578,4.0,3,1,0.8660254037844386,0.5000000000000001,0.4338837391175582,-0.900968867902419
2026-01-01 04:00:00,6,0.964073078806506,-0.0629174067363431,0.136764878290578,0.0683824391452889,4.0,3,1,0.8660254037844386,0.5000000000000001,0.4338837391175582,-0.900968867902419
2026-01-01 04:00:00,7,0.9608466894722376,-0.0395671646112647,0.136764878290578,0.068382439145289,4.0,3,1,0.8660254037844386,0.5000000000000001,0.4338837391175582,-0.900968867902419
2026-01-01 04:00:00,8,0.9566802101888874,-0.0874450745946598,0.0410294634871734,0.0136764878290577,4.0,3,1,0.8660254037844386,0.5000000000000001,0.4338837391175582,-0.900968867902419
2026-01-01 04:00:00,9,0.952817150483382,-0.1282381791882428,0.0410294634871734,0.0136764878290577,4.0,3,1,0.8660254037844386,0.5000000000000001,0.4338837391175582,-0.900968867902419
2026-01-01 04:00:00,10,0.952245874235024,-0.1235699760882534,0.03077209761538,0.0205147317435867,4.0,3,1,0.8660254037844386,0.5000000000000001,0.4338837391175582,-0.900968867902419
2026-01-01 04:00:00,11,0.9512500735297236,-0.1161954241478547,0.0410294634871734,0.0239338537008511,4.0,3,1,0.8660254037844386,0.5000000000000001,0.4338837391175582,-0.900968867902419
2026-01-01 04:00:00,12,0.9471940772156024,-0.1754211878523955,0.0410294634871734,0.0239338537008511,4.0,3,1,0.8660254037844386,0.5000000000000001,0.4338837391175582,-0.900968867902419
2026-01-01 04:00:00,13,0.9456906372101188,-0.2262027358111731,0.0820589269743468,0.0547059513162311,4.0,3,1,0.8660254037844386,0.5000000000000001,0.4338837391175582,-0.900968867902419
2026-01-01 04:00:00,14,0.9447542414714496,-0.250501128557265,0.0410294634871734,0.0068382439145289,4.0,3,1,0.8660254037844386,0.5000000000000001,0.4338837391175582,-0.900968867902419
2026-01-01 04:00:00,15,0.9438474138844406,-0.265489047160242,0.0410294634871734,0.0136764878290577,4.0,3,1,0.8660254037844386,0.5000000000000001,0.4338837391175582,-0.900968867902419
2026-01-01 04:00:00,16,0.9425039487497792,-0.3151820863751072,0.0410294634871734,0.0136764878290577,4.0,3,1,0.8660254037844386,0.5000000000000001,0.4338837391175582,-0.900968867902419
2026-01-01 04:00:00,17,0.942101608146956,-0.3213434801187033,0.06154419523076,0.0273529756581155,4.0,3,1,0.8660254037844386,0.5000000000000001,0.4338837391175582,-0.900968867902419
2026-01-01 04:00:00,18,0.9976472954476866,0.0022511233884247,0.06154419523076,0.0273529756581155,4.0,3,1,0.8660254037844386,0.5000000000000001,0.4338837391175582,-0.900968867902419
2026-01-01 04:00:00,19,0.9952072266162386,-0.0433984758415216,0.06154419523076,0.0273529756581155,4.0,3,1,0.8660254037844386,0.5000000000000001,0.4338837391175582,-0.900968867902419
2026-01-01 04:00:00,20,0.9947267577095564,-0.056572485201872,0.06154419523076,0.0273529756581155,4.0,3,1,0.8660254037844386,0.5000000000000001,0.4338837391175582,-0.900968867902419
2026-01-01 04:00:00,21,0.9942920757333598,-0.070413814992202,0.06154419523076,0.0273529756581155,4.0,3,1,0.8660254037844386,0.5000000000000001,0.4338837391175582,-0.900968867902419
2026-01-01 04:00:00,22,0.9861371888807896,0.0427657725865962,0.06154419523076,0.0341912195726444,4.0,3,1,0.8660254037844386,0.5000000000000001,0.4338837391175582,-0.900968867902419
2026-01-01 04:00:00,23,0.9816197741833244,-0.0169456947560484,0.2872062444102137,0.136764878290578,4.0,3,1,0.8660254037844386,0.5000000000000001,0.4338837391175582,-0.900968867902419
2026-01-01 04:00:00,24,0.9793693758366128,-0.0462543680757336,0.2872062444102137,0.136764878290578,4.0,3,1,0.8660254037844386,0.5000000000000001,0.4338837391175582,-0.900968867902419
2026-01-01 04:00:00,25,0.9651110383308446,0.1140173863292969,0.0410294634871735,0.0170956097863222,4.0,3,1,0.8660254037844386,0.5000000000000001,0.4338837391175582,-0.900968867902419
2026-01-01 04:00:00,26,0.9634069419633744,0.1508002543493937,0.0410294634871735,0.0170956097863222,4.0,3,1,0.8660254037844386,0.5000000000000001,0.4338837391175582,-0.900968867902419
2026-01-01 04:00:00,27,0.9558036288763364,0.2052901283111544,0.0410294634871735,0.0136764878290578,4.0,3,1,0.8660254037844386,0.5000000000000001,0.4338837391175582,-0.900968867902419
2026-01-01 04:00:00,28,0.9503425440534944,0.2560612982361636,0.0820589269743465,0.0478677074017022,4.0,3,1,0.8660254037844386,0.5000000000000001,0.4338837391175582,-0.900968867902419
2026-01-01 04:00:00,29,0.9479792961277788,0.3241971957347631,0.1367648782905779,0.410294634871734,4.0,3,1,0.8660254037844386,0.5000000000000001,0.4338837391175582,-0.900968867902419
2026-01-01 04:00:00,30,0.9452173629782168,0.2696865501602228,0.1025736587179335,0.0478677074017022,4.0,3,1,0.8660254037844386,0.5000000000000001,0.4338837391175582,-0.900968867902419
2026-01-01 04:00:00,31,0.9446097922304254,0.2548357051051709,0.143603122205107,0.0683824391452889,4.0,3,1,0.8660254037844386,0.5000000000000001,0.4338837391175582,-0.900968867902419
2026-01-01 04:00:00,32,0.9444215477835476,0.2498562226989961,0.0410294634871735,0.0273529756581156,4.0,3,1,0.8660254037844386,0.5000000000000001,0.4338837391175582,-0.900968867902419
2026-01-01 04:15:00,0,1.0,0.0,-2.518594128203937,-1.563191385940445,4.25,3,1,0.8968727415326884,0.4422886902190012,0.4338837391175582,-0.900968867902419
2026-01-01 04:15:00,1,0.9980927708221428,0.0092236051381014,0.0655680249695038,0.0393408149817023,4.25,3,1,0.8968727415326884,0.4422886902190012,0.4338837391175582,-0.900968867902419
2026-01-01 04:15:00,2,0.989055390520151,0.0609168226989196,0.0590112224725534,0.0262272099878015,4.25,3,1,0.8968727415326884,0.4422886902190012,0.4338837391175582,-0.900968867902419
2026-01-01 04:15:00,3,0.9842816386292176,0.1023087560782478,0.0786816299634046,0.0524544199756031,4.25,3,1,0.8968727415326884,0.4422886902190012,0.4338837391175582,-0.900968867902419
2026-01-01 04:15:00,4,0.9795660134505216,0.1440710818992527,0.0393408149817023,0.0196704074908511,4.25,3,1,0.8968727415326884,0.4422886902190012,0.4338837391175582,-0.900968867902419
2026-01-01 04:15:00,5,0.9678430825231522,0.0842309572052164,0.0393408149817023,0.0131136049939007,4.25,3,1,0.8968727415326884,0.4422886902190012,0.4338837391175582,-0.900968867902419
2026-01-01 04:15:00,6,0.9656227831325982,-0.0600835113464472,0.1311360499390078,0.0655680249695038,4.25,3,1,0.8968727415326884,0.4422886902190012,0.4338837391175582,-0.900968867902419
2026-01-01 04:15:00,7,0.9625361202636032,-0.0377986515354124,0.1311360499390077,0.0655680249695038,4.25,3,1,0.8968727415326884,0.4422886902190012,0.4338837391175582,-0.900968867902419
2026-01-01 04:15:00,8,0.958550797751326,-0.0835379978888427,0.0393408149817022,0.0131136049939007,4.25,3,1,0.8968727415326884,0.4422886902190012,0.4338837391175582,-0.900968867902419
2026-01-01 04:15:00,9,0.954855831051022,-0.1224952101441056,0.0393408149817022,0.0131136049939007,4.25,3,1,0.8968727415326884,0.4422886902190012,0.4338837391175582,-0.900968867902419
2026-01-01 04:15:00,10,0.954309416947694,-0.1180421365676263,0.0295056112362767,0.0196704074908511,4.25,3,1,0.8968727415326884,0.4422886902190012,0.4338837391175582,-0.900968867902419
2026-01-01 04:15:00,11,0.9533569799432368,-0.1110092018182492,0.0393408149817022,0.0229488087393263,4.25,3,1,0.8968727415326884,0.4422886902190012,0.4338837391175582,-0.900968867902419
2026-01-01 04:15:00,12,0.9494778812819236,-0.1675417629813787,0.0393408149817022,0.0229488087393263,4.25,3,1,0.8968727415326884,0.4422886902190012,0.4338837391175582,-0.900968867902419
2026-01-01 04:15:00,13,0.9480400548126724,-0.2159943746245632,0.0786816299634046,0.0524544199756031,4.25,3,1,0.8968727415326884,0.4422886902190012,0.4338837391175582,-0.900968867902419
2026-01-01 04:15:00,14,0.9471445517194318,-0.2391766107243984,0.0393408149817022,0.0065568024969503,4.25,3,1,0.8968727415326884,0.4422886902190012,0.4338837391175582,-0.900968867902419
2026-01-01 04:15:00,15,0.9462773362361926,-0.2534754926514241,0.0393408149817022,0.0131136049939007,4.25,3,1,0.8968727415326884,0.4422886902190012,0.4338837391175582,-0.900968867902419
2026-01-01 04:15:00,16,0.9449925901567964,-0.3008755106650133,0.0393408149817022,0.0131136049939007,4.25,3,1,0.8968727415326884,0.4422886902190012,0.4338837391175582,-0.900968867902419
2026-01-01 04:15:00,17,0.9446078324669114,-0.3067521286408163,0.0590112224725535,0.0262272099878015,4.25,3,1,0.8968727415326884,0.4422886902190012,0.4338837391175582,-0.900968867902419
2026-01-01 04:15:00,18,0.9977472037216424,0.0021387223344332,0.0590112224725534,0.0262272099878015,4.25,3,1,0.8968727415326884,0.4422886902190012,0.4338837391175582,-0.900968867902419
2026-01-01 04:15:00,19,0.995408098360574,-0.0416193173537761,0.0590112224725534,0.0262272099878015,4.25,3,1,0.8968727415326884,0.4422886902190012,0.4338837391175582,-0.900968867902419
2026-01-01 04:15:00,20,0.9949475126562146,-0.054245791581021,0.0590112224725534,0.0262272099878015,4.25,3,1,0.8968727415326884,0.4422886902190012,0.4338837391175582,-0.900968867902419
2026-01-01 04:15:00,21,0.9945308220864396,-0.0675113241879415,0.0590112224725534,0.0262272099878015,4.25,3,1,0.8968727415326884,0.4422886902190012,0.4338837391175582,-0.900968867902419
2026-01-01 04:15:00,22,0.9867285389230503,0.0408660935783058,0.0590112224725534,0.0327840124847519,4.25,3,1,0.8968727415326884,0.4422886902190012,0.4338837391175582,-0.900968867902419
2026-01-01 04:15:00,23,0.9824007361639608,-0.0163079728012966,0.2753857048719161,0.1311360499390077,4.25,3,1,0.8968727415326884,0.4422886902190012,0.4338837391175582,-0.900968867902419
2026-01-01 04:15:00,24,0.9802448899012792,-0.0443629697184578,0.2753857048719164,0.1311360499390077,4.25,3,1,0.8968727415326884,0.4422886902190012,0.4338837391175582,-0.900968867902419
2026-01-01 04:15:00,25,0.9666159041232192,0.1089643164358927,0.0393408149817022,0.016392006242376,4.25,3,1,0.8968727415326884,0.4422886902190012,0.4338837391175582,-0.900968867902419
2026-01-01 04:15:00,26,0.9649858852046668,0.1441039604251292,0.0393408149817022,0.016392006242376,4.25,3,1,0.8968727415326884,0.4422886902190012,0.4338837391175582,-0.900968867902419
2026-01-01 04:15:00,27,0.9577131265567922,0.1961719835931439,0.0393408149817022,0.0131136049939007,4.25,3,1,0.8968727415326884,0.4422886902190012,0.4338837391175582,-0.900968867902419
2026-01-01 04:15:00,28,0.9524895483657096,0.2446540260993802,0.0786816299634045,0.0458976174786527,4.25,3,1,0.8968727415326884,0.4422886902190012,0.4338837391175582,-0.900968867902419
2026-01-01 04:15:00,29,0.950229137722904,0.3096804842624531,0.1311360499390077,0.3934081498170233,4.25,3,1,0.8968727415326884,0.4422886902190012,0.4338837391175582,-0.900968867902419
2026-01-01 04:15:00,30,0.9475875816836192,0.2576671713391693,0.0983520374542559,0.0458976174786527,4.25,3,1,0.8968727415326884,0.4422886902190012,0.4338837391175582,-0.900968867902419
2026-01-01 04:15:00,31,0.9470064939422922,0.2434990953238449,0.1376928524359582,0.0655680249695038,4.25,3,1,0.8968727415326884,0.4422886902190012,0.4338837391175582,-0.900968867902419
2026-01-01 04:15:00,32,0.9468264556797126,0.2387487332910704,0.0393408149817022,0.0262272099878015,4.25,3,1,0.8968727415326884,0.4422886902190012,0.4338837391175582,-0.900968867902419
2026-01-01 04:30:00,0,1.0,0.0,-2.750542346303442,-1.7075624438891004,4.5,3,1,0.9238795325112868,0.3826834323650898,0.4338837391175582,-0.900968867902419
2026-01-01 04:30:00,1,0.9979170069682964,0.0100883628990774,0.0713771667027517,0.042826300021651,4.5,3,1,0.9238795325112868,0.3826834323650898,0.4338837391175582,-0.900968867902419
2026-01-01 04:30:00,2,0.9880431382816446,0.0666738237758632,0.0642394500324765,0.0285508666811006,4.5,3,1,0.9238795325112868,0.3826834323650898,0.4338837391175582,-0.900968867902419
2026-01-01 04:30:00,3,0.9828233875868002,0.1120172196072498,0.085652600043302,0.0571017333622013,4.5,3,1,0.9238795325112868,0.3826834323650898,0.4338837391175582,-0.900968867902419
2026-01-01 04:30:00,4,0.9776664317724082,0.1578155896732748,0.042826300021651,0.0214131500108255,4.5,3,1,0.9238795325112868,0.3826834323650898,0.4338837391175582,-0.900968867902419
2026-01-01 04:30:00,5,0.9648450211492836,0.0923096232175657,0.042826300021651,0.0142754333405503,4.5,3,1,0.9238795325112868,0.3826834323650898,0.4338837391175582,-0.900968867902419
2026-01-01 04:30:00,6,0.9624166212216324,-0.0659588843502776,0.1427543334055034,0.0713771667027517,4.5,3,1,0.9238795325112868,0.3826834323650898,0.4338837391175582,-0.900968867902419
2026-01-01 04:30:00,7,0.9590408227837436,-0.0414637136596475,0.1427543334055034,0.0713771667027517,4.5,3,1,0.9238795325112868,0.3826834323650898,0.4338837391175582,-0.900968867902419
2026-01-01 04:30:00,8,0.954680557313656,-0.091635048171105,0.042826300021651,0.0142754333405503,4.5,3,1,0.9238795325112868,0.3826834323650898,0.4338837391175582,-0.900968867902419
2026-01-01 04:30:00,9,0.950637672237078,-0.1343984493153612,0.042826300021651,0.0142754333405503,4.5,3,1,0.9238795325112868,0.3826834323650898,0.4338837391175582,-0.900968867902419
2026-01-01 04:30:00,10,0.9500397980896508,-0.1294988233551411,0.0321197250162382,0.0214131500108255,4.5,3,1,0.9238795325112868,0.3826834323650898,0.4338837391175582,-0.900968867902419
2026-01-01 04:30:00,11,0.9489976034650706,-0.1217565932743136,0.042826300021651,0.024982008345963,4.5,3,1,0.9238795325112868,0.3826834323650898,0.4338837391175582,-0.900968867902419
2026-01-01 04:30:00,12,0.9447523189320842,-0.1838756976058503,0.042826300021651,0.024982008345963,4.5,3,1,0.9238795325112868,0.3826834323650898,0.4338837391175582,-0.900968867902419
2026-01-01 04:30:00,13,0.943178664980886,-0.2371613787844089,0.0856526000433021,0.0571017333622013,4.5,3,1,0.9238795325112868,0.3826834323650898,0.4338837391175582,-0.900968867902419
2026-01-01 04:30:00,14,0.9421985066409344,-0.2626600843970917,0.042826300021651,0.0071377166702751,4.5,3,1,0.9238795325112868,0.3826834323650898,0.4338837391175582,-0.900968867902419
2026-01-01 04:30:00,15,0.9412492857133278,-0.2783890519747041,0.042826300021651,0.0142754333405503,4.5,3,1,0.9238795325112868,0.3826834323650898,0.4338837391175582,-0.900968867902419
2026-01-01 04:30:00,16,0.9398429751250722,-0.330549122517863,0.0428263000216511,0.0142754333405503,4.5,3,1,0.9238795325112868,0.3826834323650898,0.4338837391175582,-0.900968867902419
2026-01-01 04:30:00,17,0.9394218162365224,-0.3370169532335709,0.0642394500324765,0.0285508666811006,4.5,3,1,0.9238795325112868,0.3826834323650898,0.4338837391175582,-0.900968867902419
2026-01-01 04:30:00,18,0.9975406654257948,0.0023728076210922,0.0642394500324765,0.0285508666811007,4.5,3,1,0.9238795325112868,0.3826834323650898,0.4338837391175582,-0.900968867902419
2026-01-01 04:30:00,19,0.9949931126479504,-0.045290781984941,0.0642394500324765,0.0285508666811007,4.5,3,1,0.9238795325112868,0.3826834323650898,0.4338837391175582,-0.900968867902419
2026-01-01 04:30:00,20,0.9944914761733048,-0.0590479230882107,0.0642394500324765,0.0285508666811007,4.5,3,1,0.9238795325112868,0.3826834323650898,0.4338837391175582,-0.900968867902419
2026-01-01 04:30:00,21,0.9940376403399944,-0.0735025343937065,0.0642394500324765,0.0285508666811007,4.5,3,1,0.9238795325112868,0.3826834323650898,0.4338837391175582,-0.900968867902419
2026-01-01 04:30:00,22,0.9855057883391934,0.0448019190712856,0.0642394500324765,0.0356885833513759,4.5,3,1,0.9238795325112868,0.3826834323650898,0.4338837391175582,-0.900968867902419
2026-01-01 04:30:00,23,0.9807862456592952,-0.0176175432430001,0.2997841001515573,0.1427543334055034,4.5,3,1,0.9238795325112868,0.3826834323650898,0.4338837391175582,-0.900968867902419
2026-01-01 04:30:00,24,0.9784350445962195,-0.04826499217645,0.2997841001515573,0.1427543334055034,4.5,3,1,0.9238795325112868,0.3826834323650898,0.4338837391175582,-0.900968867902419
2026-01-01 04:30:00,25,0.963502514429627,0.1194324436776169,0.0428263000216511,0.0178442916756879,4.5,3,1,0.9238795325112868,0.3826834323650898,0.4338837391175582,-0.900968867902419
2026-01-01 04:30:00,26,0.9617191780812512,0.1579775837903924,0.0428263000216508,0.0178442916756879,4.5,3,1,0.9238795325112868,0.3826834323650898,0.4338837391175582,-0.900968867902419
2026-01-01 04:30:00,27,0.9537622699025424,0.2150634196981689,0.0428263000216508,0.0142754333405503,4.5,3,1,0.9238795325112868,0.3826834323650898,0.4338837391175582,-0.900968867902419
2026-01-01 04:30:00,28,0.9480471143760286,0.2682917558409565,0.0856526000433022,0.0499640166919261,4.5,3,1,0.9238795325112868,0.3826834323650898,0.4338837391175582,-0.900968867902419
2026-01-01 04:30:00,29,0.9455738509581866,0.3397693613867391,0.1427543334055032,0.4282630002165104,4.5,3,1,0.9238795325112868,0.3826834323650898,0.4338837391175582,-0.900968867902419
2026-01-01 04:30:00,30,0.9426831177576936,0.2825737984316347,0.1070657500541276,0.0499640166919261,4.5,3,1,0.9238795325112868,0.3826834323650898,0.4338837391175582,-0.900968867902419
2026-01-01 04:30:00,31,0.9420472106924048,0.2669886408280663,0.1498920500757785,0.0713771667027516,4.5,3,1,0.9238795325112868,0.3826834323650898,0.4338837391175582,-0.900968867902419
2026-01-01 04:30:00,32,0.9418501856845743,0.2617627210619442,0.0428263000216508,0.0285508666811007,4.5,3,1,0.9238795325112868,0.3826834323650898,0.4338837391175582,-0.900968867902419
2026-01-01 04:45:00,0,1.0,0.0,-2.691381125638609,-1.670731977843819,4.75,3,1,0.9469301294951056,0.3214394653031617,0.4338837391175582,-0.900968867902419
2026-01-01 04:45:00,1,0.9979618396644044,0.0098675401906857,0.0698992365910003,0.0419395419546001,4.75,3,1,0.9469301294951056,0.3214394653031617,0.4338837391175582,-0.900968867902419
2026-01-01 04:45:00,2,0.988301397072669,0.0652029801749156,0.0629093129319002,0.0279596946364001,4.75,3,1,0.9469301294951056,0.3214394653031617,0.4338837391175582,-0.900968867902419
2026-01-01 04:45:00,3,0.9831955112433868,0.1095361633832276,0.0838790839092003,0.0559193892728002,4.75,3,1,0.9469301294951056,0.3214394653031617,0.4338837391175582,-0.900968867902419
2026-01-01 04:45:00,4,0.9781512411877163,0.1543018791570744,0.0419395419546001,0.0209697709773001,4.75,3,1,0.9469301294951056,0.3214394653031617,0.4338837391175582,-0.900968867902419
2026-01-01 04:45:00,5,0.9656103298233316,0.0902436199181304,0.0419395419546002,0.0139798473182,4.75,3,1,0.9469301294951056,0.3214394653031617,0.4338837391175582,-0.900968867902419
2026-01-01 04:45:00,6,0.9632350696565448,-0.0644545037752774,0.1397984731820006,0.0698992365910003,4.75,3,1,0.9469301294951056,0.3214394653031617,0.4338837391175582,-0.900968867902419
2026-01-01 04:45:00,7,0.9599331010315276,-0.0405258350588766,0.1397984731820006,0.0698992365910003,4.75,3,1,0.9469301294951056,0.3214394653031617,0.4338837391175582,-0.900968867902419
2026-01-01 04:45:00,8,0.9556686039215544,-0.0895630228282618,0.0419395419546001,0.0139798473182,4.75,3,1,0.9469301294951056,0.3214394653031617,0.4338837391175582,-0.900968867902419
2026-01-01 04:45:00,9,0.951714589600826,-0.1313518817308118,0.0419395419546001,0.0139798473182,4.75,3,1,0.9469301294951056,0.3214394653031617,0.4338837391175582,-0.900968867902419
2026-01-01 04:45:00,10,0.9511298603504128,-0.1265667919302798,0.0314546564659501,0.0209697709773,4.75,3,1,0.9469301294951056,0.3214394653031617,0.4338837391175582,-0.900968867902419
2026-01-01 04:45:00,11,0.950110594336006,-0.1190065579666857,0.0419395419546001,0.0244647328068501,4.75,3,1,0.9469301294951056,0.3214394653031617,0.4338837391175582,-0.900968867902419
2026-01-01 04:45:00,12,0.945958862813778,-0.1796941820363982,0.0419395419546001,0.0244647328068501,4.75,3,1,0.9469301294951056,0.3214394653031617,0.4338837391175582,-0.900968867902419
2026-01-01 04:45:00,13,0.9444199117028512,-0.2317406676841854,0.0838790839092004,0.0559193892728002,4.75,3,1,0.9469301294951056,0.3214394653031617,0.4338837391175582,-0.900968867902419
2026-01-01 04:45:00,14,0.9434613831435752,-0.2566453615354953,0.0419395419546001,0.0069899236591,4.75,3,1,0.9469301294951056,0.3214394653031617,0.4338837391175582,-0.900968867902419
2026-01-01 04:45:00,15,0.9425331153854848,-0.2720075904374281,0.0419395419546001,0.0139798473182,4.75,3,1,0.9469301294951056,0.3214394653031617,0.4338837391175582,-0.900968867902419
2026-01-01 04:45:00,16,0.941157867020036,-0.3229466295322423,0.0419395419546001,0.0139798473182,4.75,3,1,0.9469301294951056,0.3214394653031617,0.4338837391175582,-0.900968867902419
2026-01-01 04:45:00,17,0.9407460092946734,-0.3292627859278127,0.0629093129319002,0.0279596946364,4.75,3,1,0.9469301294951056,0.3214394653031617,0.4338837391175582,-0.900968867902419
2026-01-01 04:45:00,18,0.9975933300929486,0.0023124849728145,0.0629093129319002,0.0279596946364001,4.75,3,1,0.9469301294951056,0.3214394653031617,0.4338837391175582,-0.900968867902419
2026-01-01 04:45:00,19,0.9950988285005062,-0.0443570183455106,0.0629093129319002,0.0279596946364001,4.75,3,1,0.9469301294951056,0.3214394653031617,0.4338837391175582,-0.900968867902419
2026-01-01 04:45:00,20,0.9946076398014524,-0.0578263109199575,0.0629093129319002,0.0279596946364001,4.75,3,1,0.9469301294951056,0.3214394653031617,0.4338837391175582,-0.900968867902419
2026-01-01 04:45:00,21,0.994163257863996,-0.07197818451943,0.0629093129319002,0.0279596946364001,4.75,3,1,0.9469301294951056,0.3214394653031617,0.4338837391175582,-0.900968867902419
2026-01-01 04:45:00,22,0.9858176718789982,0.0437951432200092,0.0629093129319002,0.0349496182955001,4.75,3,1,0.9469301294951056,0.3214394653031617,0.4338837391175582,-0.900968867902419
2026-01-01 04:45:00,23,0.9811979291162624,-0.0172868558524619,0.2935767936822013,0.1397984731820006,4.75,3,1,0.9469301294951056,0.3214394653031617,0.4338837391175582,-0.900968867902419
2026-01-01 04:45:00,24,0.978896500218352,-0.0472729862904611,0.2935767936822013,0.1397984731820006,4.75,3,1,0.9469301294951056,0.3214394653031617,0.4338837391175582,-0.900968867902419
2026-01-01 04:45:00,25,0.9642972782181736,0.1167550891976089,0.0419395419546002,0.0174748091477501,4.75,3,1,0.9469301294951056,0.3214394653031617,0.4338837391175582,-0.900968867902419
2026-01-01 04:45:00,26,0.96255310171704,0.1544287410564596,0.0419395419546002,0.0174748091477501,4.75,3,1,0.9469301294951056,0.3214394653031617,0.4338837391175582,-0.900968867902419
2026-01-01 04:45:00,27,0.9547709382892622,0.2102309825655444,0.0419395419546,0.0139798473182,4.75,3,1,0.9469301294951056,0.3214394653031617,0.4338837391175582,-0.900968867902419
2026-01-01 04:45:00,28,0.9491813442924166,0.2622439036536591,0.0838790839092005,0.0489294656137002,4.75,3,1,0.9469301294951056,0.3214394653031617,0.4338837391175582,-0.900968867902419
2026-01-01 04:45:00,29,0.9467624512404762,0.3320680438146708,0.1397984731820005,0.4193954195460019,4.75,3,1,0.9469301294951056,0.3214394653031617,0.4338837391175582,-0.900968867902419
2026-01-01 04:45:00,30,0.943935374504112,0.2762011030263439,0.1048488548865003,0.0489294656137002,4.75,3,1,0.9469301294951056,0.3214394653031617,0.4338837391175582,-0.900968867902419
2026-01-01 04:45:00,31,0.9433134720462204,0.2609793508651888,0.1467883968411008,0.0698992365910002,4.75,3,1,0.9469301294951056,0.3214394653031617,0.4338837391175582,-0.900968867902419
2026-01-01 04:45:00,32,0.9431207866520632,0.2558753936119188,0.0419395419546,0.0279596946364,4.75,3,1,0.9469301294951056,0.3214394653031617,0.4338837391175582,-0.900968867902419
2026-01-01 05:00:00,0,1.0,0.0,-2.7227519326887593,-1.690261099469872,5.0,3,1,0.9659258262890684,0.2588190451025207,0.4338837391175582,-0.900968867902419
2026-01-01 05:00:00,1,0.9979380668594812,0.0099846117316012,0.0706832447211472,0.0424099468326883,5.0,3,1,0.9659258262890684,0.2588190451025207,0.4338837391175582,-0.900968867902419
2026-01-01 05:00:00,2,0.9881644589409236,0.0659826999094633,0.0636149202490325,0.0282732978884588,5.0,3,1,0.9659258262890684,0.2588190451025207,0.4338837391175582,-0.900968867902419
2026-01-01 05:00:00,3,0.9829982043479152,0.1108513577634227,0.0848198936653766,0.0565465957769177,5.0,3,1,0.9659258262890684,0.2588190451025207,0.4338837391175582,-0.900968867902419
2026-01-01 05:00:00,4,0.9778941917510326,0.1561643737474173,0.0424099468326883,0.0212049734163441,5.0,3,1,0.9659258262890684,0.2588190451025207,0.4338837391175582,-0.900968867902419
2026-01-01 05:00:00,5,0.9652045701800788,0.0913386728139516,0.0424099468326883,0.0141366489442294,5.0,3,1,0.9659258262890684,0.2588190451025207,0.4338837391175582,-0.900968867902419
2026-01-01 05:00:00,6,0.9628011373711788,-0.0652517204721302,0.1413664894422944,0.0706832447211472,5.0,3,1,0.9659258262890684,0.2588190451025207,0.4338837391175582,-0.900968867902419
2026-01-01 05:00:00,7,0.9594600268064444,-0.0410228929200902,0.1413664894422944,0.0706832447211472,5.0,3,1,0.9659258262890684,0.2588190451025207,0.4338837391175582,-0.900968867902419
2026-01-01 05:00:00,8,0.9551447591103084,-0.0906611553706699,0.0424099468326882,0.0141366489442294,5.0,3,1,0.9659258262890684,0.2588190451025207,0.4338837391175582,-0.900968867902419
2026-01-01 05:00:00,9,0.9511436313279404,-0.1329664557906411,0.0424099468326882,0.0141366489442294,5.0,3,1,0.9659258262890684,0.2588190451025207,0.4338837391175582,-0.900968867902419
2026-01-01 05:00:00,10,0.950551933527302,-0.1281206867313512,0.0318074601245162,0.0212049734163441,5.0,3,1,0.9659258262890684,0.2588190451025207,0.4338837391175582,-0.900968867902419
2026-01-01 05:00:00,11,0.9495205123761976,-0.12046404031275,0.0424099468326882,0.0247391356524015,5.0,3,1,0.9659258262890684,0.2588190451025207,0.4338837391175582,-0.900968867902419
2026-01-01 05:00:00,12,0.9453191865455264,-0.1819101585131581,0.0424099468326882,0.0247391356524015,5.0,3,1,0.9659258262890684,0.2588190451025207,0.4338837391175582,-0.900968867902419
2026-01-01 05:00:00,13,0.9437618389152066,-0.2346131858424401,0.0848198936653766,0.0565465957769177,5.0,3,1,0.9659258262890684,0.2588190451025207,0.4338837391175582,-0.900968867902419
2026-01-01 05:00:00,14,0.9427918441594332,-0.2598325886909032,0.0424099468326882,0.0070683244721146,5.0,3,1,0.9659258262890684,0.2588190451025207,0.4338837391175582,-0.900968867902419
2026-01-01 05:00:00,15,0.9418524689206792,-0.2753891148154105,0.0424099468326882,0.0141366489442294,5.0,3,1,0.9659258262890684,0.2588190451025207,0.4338837391175582,-0.900968867902419
2026-01-01 05:00:00,16,0.9404607542809436,-0.3269750242666722,0.0424099468326882,0.0141366489442294,5.0,3,1,0.9659258262890684,0.2588190451025207,0.4338837391175582,-0.900968867902419
2026-01-01 05:00:00,17,0.9400439659445088,-0.3333715321382127,0.0636149202490323,0.0282732978884588,5.0,3,1,0.9659258262890684,0.2588190451025207,0.4338837391175582,-0.900968867902419
2026-01-01 05:00:00,18,0.9975654028198448,0.0023444189785767,0.0636149202490323,0.0282732978884588,5.0,3,1,0.9659258262890684,0.2588190451025207,0.4338837391175582,-0.900968867902419
2026-01-01 05:00:00,19,0.9950427604157136,-0.0448523853968134,0.0636149202490323,0.0282732978884588,5.0,3,1,0.9659258262890684,0.2588190451025207,0.4338837391175582,-0.900968867902419
2026-01-01 05:00:00,20,0.9945460297395236,-0.0584743588142428,0.0636149202490323,0.0282732978884588,5.0,3,1,0.9659258262890684,0.2588190451025207,0.4338837391175582,-0.900968867902419
2026-01-01 05:00:00,21,0.9940966330330884,-0.0727868092100857,0.0636149202490323,0.0282732978884588,5.0,3,1,0.9659258262890684,0.2588190451025207,0.4338837391175582,-0.900968867902419
2026-01-01 05:00:00,22,0.9856522930958272,0.0443287483100346,0.0636149202490323,0.0353416223605735,5.0,3,1,0.9659258262890684,0.2588190451025207,0.4338837391175582,-0.900968867902419
2026-01-01 05:00:00,23,0.9809796203304384,-0.0174624918418161,0.2968696278288183,0.1413664894422944,5.0,3,1,0.9659258262890684,0.2588190451025207,0.4338837391175582,-0.900968867902419
2026-01-01 05:00:00,24,0.9786517945019912,-0.04779928623691,0.2968696278288183,0.1413664894422944,5.0,3,1,0.9659258262890684,0.2588190451025207,0.4338837391175582,-0.900968867902419
2026-01-01 05:00:00,25,0.9638759030699752,0.1181741553318352,0.0424099468326883,0.0176708111802867,5.0,3,1,0.9659258262890684,0.2588190451025207,0.4338837391175582,-0.900968867902419
2026-01-01 05:00:00,26,0.962110966331452,0.1563096763347561,0.0424099468326883,0.0176708111802867,5.0,3,1,0.9659258262890684,0.2588190451025207,0.4338837391175582,-0.900968867902419
2026-01-01 05:00:00,27,0.9542361636870108,0.2127922365337492,0.0424099468326883,0.0141366489442295,5.0,3,1,0.9659258262890684,0.2588190451025207,0.4338837391175582,-0.900968867902419
2026-01-01 05:00:00,28,0.948580004764628,0.2654492311426654,0.0848198936653767,0.0494782713048029,5.0,3,1,0.9659258262890684,0.2588190451025207,0.4338837391175582,-0.900968867902419
2026-01-01 05:00:00,29,0.946132288116482,0.3361494501861108,0.1413664894422943,0.4240994683268833,5.0,3,1,0.9659258262890684,0.2588190451025207,0.4338837391175582,-0.900968867902419
2026-01-01 05:00:00,30,0.943271465549862,0.2795785795167653,0.1060248670817207,0.0494782713048029,5.0,3,1,0.9659258262890684,0.2588190451025207,0.4338837391175582,-0.900968867902419
2026-01-01 05:00:00,31,0.9426421389193768,0.2641642962100268,0.1484348139144091,0.0706832447211471,5.0,3,1,0.9659258262890684,0.2588190451025207,0.4338837391175582,-0.900968867902419
2026-01-01 05:00:00,32,0.9424471529968028,0.2589957242109712,0.0424099468326883,0.0282732978884587,5.0,3,1,0.9659258262890684,0.2588190451025207,0.4338837391175582,-0.900968867902419
2026-01-01 05:15:00,0,1.0,0.0,-2.7203164647307223,-1.6887449109742805,5.25,3,1,0.9807852804032304,0.1950903220161283,0.4338837391175582,-0.900968867902419
2026-01-01 05:15:00,1,0.9979399125325952,0.0099755206871871,0.0706224045544082,0.0423734427326449,5.25,3,1,0.9807852804032304,0.1950903220161283,0.4338837391175582,-0.900968867902419
2026-01-01 05:15:00,2,0.9881750909943152,0.0659221461463891,0.0635601640989673,0.0282489618217632,5.25,3,1,0.9807852804032304,0.1950903220161283,0.4338837391175582,-0.900968867902419
2026-01-01 05:15:00,3,0.9830135240798186,0.1107492135741942,0.0847468854652898,0.0564979236435265,5.25,3,1,0.9807852804032304,0.1950903220161283,0.4338837391175582,-0.900968867902419
2026-01-01 05:15:00,4,0.977914150629944,0.1560197145059216,0.0423734427326449,0.0211867213663224,5.25,3,1,0.9807852804032304,0.1950903220161283,0.4338837391175582,-0.900968867902419
2026-01-01 05:15:00,5,0.9652360769199092,0.0912536149512078,0.0423734427326449,0.0141244809108816,5.25,3,1,0.9807852804032304,0.1950903220161283,0.4338837391175582,-0.900968867902419
2026-01-01 05:15:00,6,0.962834831820074,-0.0651897831727219,0.1412448091088163,0.0706224045544082,5.25,3,1,0.9807852804032304,0.1950903220161283,0.4338837391175582,-0.900968867902419
2026-01-01 05:15:00,7,0.9594967607500462,-0.0409842797221496,0.1412448091088164,0.0706224045544082,5.25,3,1,0.9807852804032304,0.1950903220161283,0.4338837391175582,-0.900968867902419
2026-01-01 05:15:00,8,0.955185435759275,-0.0905758484439509,0.0423734427326448,0.0141244809108816,5.25,3,1,0.9807852804032304,0.1950903220161283,0.4338837391175582,-0.900968867902419
2026-01-01 05:15:00,9,0.9511879667178674,-0.1328410257145857,0.0423734427326448,0.0141244809108816,5.25,3,1,0.9807852804032304,0.1950903220161283,0.4338837391175582,-0.900968867902419
2026-01-01 05:15:00,10,0.950596810082716,-0.1279999724288003,0.0317800820494836,0.0211867213663224,5.25,3,1,0.9807852804032304,0.1950903220161283,0.4338837391175582,-0.900968867902419
2026-01-01 05:15:00,11,0.9495663328860656,-0.1203508193582727,0.0423734427326448,0.0247178415940428,5.25,3,1,0.9807852804032304,0.1950903220161283,0.4338837391175582,-0.900968867902419
2026-01-01 05:15:00,12,0.9453688585750756,-0.1817380007378829,0.0423734427326448,0.0247178415940428,5.25,3,1,0.9807852804032304,0.1950903220161283,0.4338837391175582,-0.900968867902419
2026-01-01 05:15:00,13,0.9438129396407142,-0.2343900073016836,0.0847468854652898,0.0564979236435265,5.25,3,1,0.9807852804032304,0.1950903220161283,0.4338837391175582,-0.900968867902419
2026-01-01 05:15:00,14,0.9428438353714526,-0.2595849531453781,0.0423734427326448,0.0070622404554407,5.25,3,1,0.9807852804032304,0.1950903220161283,0.4338837391175582,-0.900968867902419
2026-01-01 05:15:00,15,0.9419053227638552,-0.2751263796681757,0.0423734427326448,0.0141244809108816,5.25,3,1,0.9807852804032304,0.1950903220161283,0.4338837391175582,-0.900968867902419
2026-01-01 05:15:00,16,0.940514886940924,-0.3266620157292281,0.0423734427326448,0.0141244809108816,5.25,3,1,0.9807852804032304,0.1950903220161283,0.4338837391175582,-0.900968867902419
2026-01-01 05:15:00,17,0.9400984815288326,-0.333052278714907,0.0635601640989674,0.0282489618217632,5.25,3,1,0.9807852804032304,0.1950903220161283,0.4338837391175582,-0.900968867902419
2026-01-01 05:15:00,18,0.9975675709044116,0.0023419350875354,0.0635601640989673,0.0282489618217632,5.25,3,1,0.9807852804032304,0.1950903220161283,0.4338837391175582,-0.900968867902419
2026-01-01 05:15:00,19,0.9950471124108382,-0.0448139465445504,0.0635601640989673,0.0282489618217632,5.25,3,1,0.9807852804032304,0.1950903220161283,0.4338837391175582,-0.900968867902419
2026-01-01 05:15:00,20,0.9945508118289348,-0.0584240702856321,0.0635601640989673,0.0282489618217632,5.25,3,1,0.9807852804032304,0.1950903220161283,0.4338837391175582,-0.900968867902419
2026-01-01 05:15:00,21,0.9941018043027132,-0.0727240580560387,0.0635601640989673,0.0282489618217632,5.25,3,1,0.9807852804032304,0.1950903220161283,0.4338837391175582,-0.900968867902419
2026-01-01 05:15:00,22,0.9856651327153432,0.0442872988938376,0.0635601640989673,0.035311202277204,5.25,3,1,0.9807852804032304,0.1950903220161283,0.4338837391175582,-0.900968867902419
2026-01-01 05:15:00,23,0.98099656840897,-0.0174488809846456,0.2966140991285144,0.1412448091088164,5.25,3,1,0.9807852804032304,0.1950903220161283,0.4338837391175582,-0.900968867902419
2026-01-01 05:15:00,24,0.978670791552117,-0.0477584501681684,0.2966140991285144,0.1412448091088164,5.25,3,1,0.9807852804032304,0.1950903220161283,0.4338837391175582,-0.900968867902419
2026-01-01 05:15:00,25,0.9639086224509976,0.118063927749595,0.0423734427326447,0.017655601138602,5.25,3,1,0.9807852804032304,0.1950903220161283,0.4338837391175582,-0.900968867902419
2026-01-01 05:15:00,26,0.962145297890904,0.1561635688664932,0.0423734427326447,0.017655601138602,5.25,3,1,0.9807852804032304,0.1950903220161283,0.4338837391175582,-0.900968867902419
2026-01-01 05:15:00,27,0.9542776893441594,0.2125932828579866,0.0423734427326447,0.0141244809108816,5.25,3,1,0.9807852804032304,0.1950903220161283,0.4338837391175582,-0.900968867902419
2026-01-01 05:15:00,28,0.9486266996895918,0.2652002371299452,0.0847468854652899,0.0494356831880857,5.25,3,1,0.9807852804032304,0.1950903220161283,0.4338837391175582,-0.900968867902419
2026-01-01 05:15:00,29,0.946181221427903,0.3358323794112659,0.1412448091088163,0.4237344273264491,5.25,3,1,0.9807852804032304,0.1950903220161283,0.4338837391175582,-0.900968867902419
2026-01-01 05:15:00,30,0.9433230195557858,0.27931621133551,0.1059336068316123,0.0494356831880857,5.25,3,1,0.9807852804032304,0.1950903220161283,0.4338837391175582,-0.900968867902419
2026-01-01 05:15:00,31,0.9426942694857996,0.2639168903937963,0.1483070495642571,0.0706224045544081,5.25,3,1,0.9807852804032304,0.1950903220161283,0.4338837391175582,-0.900968867902419
2026-01-01 05:15:00,32,0.9424994622223044,0.2587533399210594,0.0423734427326447,0.0282489618217631,5.25,3,1,0.9807852804032304,0.1950903220161283,0.4338837391175582,-0.900968867902419
2026-01-01 05:30:00,0,1.0,0.0,-2.980954401850089,-1.851049287586396,5.5,3,1,0.9914448613738104,0.1305261922200517,0.4338837391175582,-0.900968867902419
2026-01-01 05:30:00,1,0.9977423863097992,0.0109500717797834,0.0771085192297878,0.0462651115378727,5.5,3,1,0.9914448613738104,0.1305261922200517,0.4338837391175582,-0.900968867902419
2026-01-01 05:30:00,2,0.98703684118695,0.0724183562809972,0.069397667306809,0.0308434076919151,5.5,3,1,0.9914448613738104,0.1305261922200517,0.4338837391175582,-0.900968867902419
2026-01-01 05:30:00,3,0.981372918813592,0.1217116090907439,0.0925302230757454,0.0616868153838302,5.5,3,1,0.9914448613738104,0.1305261922200517,0.4338837391175582,-0.900968867902419
2026-01-01 05:30:00,4,0.9757763073048944,0.171552977842163,0.0462651115378727,0.0231325557689363,5.5,3,1,0.9914448613738104,0.1305261922200517,0.4338837391175582,-0.900968867902419
2026-01-01 05:30:00,5,0.9618603506417488,0.100391856051884,0.0462651115378727,0.0154217038459575,5.5,3,1,0.9914448613738104,0.1305261922200517,0.4338837391175582,-0.900968867902419
2026-01-01 05:30:00,6,0.9592245867956178,-0.0718561320545323,0.1542170384595757,0.0771085192297878,5.5,3,1,0.9914448613738104,0.1305261922200517,0.4338837391175582,-0.900968867902419
2026-01-01 05:30:00,7,0.9555607050340524,-0.0451365252924216,0.1542170384595757,0.0771085192297879,5.5,3,1,0.9914448613738104,0.1305261922200517,0.4338837391175582,-0.900968867902419
2026-01-01 05:30:00,8,0.950826567353074,-0.09974944573766,0.0462651115378727,0.0154217038459575,5.5,3,1,0.9914448613738104,0.1305261922200517,0.4338837391175582,-0.900968867902419
2026-01-01 05:30:00,9,0.9464367043080042,-0.1463329585533526,0.0462651115378727,0.0154217038459575,5.5,3,1,0.9914448613738104,0.1305261922200517,0.4338837391175582,-0.900968867902419
2026-01-01 05:30:00,10,0.9457875074466516,-0.1409830250409726,0.0346988336534045,0.0231325557689363,5.5,3,1,0.9914448613738104,0.1305261922200517,0.4338837391175582,-0.900968867902419
2026-01-01 05:30:00,11,0.9446557839599888,-0.1325248026468999,0.0462651115378727,0.0269879817304257,5.5,3,1,0.9914448613738104,0.1305261922200517,0.4338837391175582,-0.900968867902419
2026-01-01 05:30:00,12,0.9400451337680774,-0.2002624615425405,0.0462651115378727,0.0269879817304257,5.5,3,1,0.9914448613738104,0.1305261922200517,0.4338837391175582,-0.900968867902419
2026-01-01 05:30:00,13,0.9383359387041542,-0.2584172157887421,0.0925302230757454,0.0616868153838302,5.5,3,1,0.9914448613738104,0.1305261922200517,0.4338837391175582,-0.900968867902419
2026-01-01 05:30:00,14,0.9372712926303872,-0.286250397248388,0.0462651115378727,0.0077108519229788,5.5,3,1,0.9914448613738104,0.1305261922200517,0.4338837391175582,-0.900968867902419
2026-01-01 05:30:00,15,0.9362402240435888,-0.3034208017230392,0.0462651115378728,0.0154217038459575,5.5,3,1,0.9914448613738104,0.1305261922200517,0.4338837391175582,-0.900968867902419
2026-01-01 05:30:00,16,0.9347125687342124,-0.3603823058411082,0.0462651115378727,0.0154217038459575,5.5,3,1,0.9914448613738104,0.1305261922200517,0.4338837391175582,-0.900968867902419
2026-01-01 05:30:00,17,0.9342550753990898,-0.3674466863521836,0.069397667306809,0.0308434076919151,5.5,3,1,0.9914448613738104,0.1305261922200517,0.4338837391175582,-0.900968867902419
2026-01-01 05:30:00,18,0.9973356564561374,0.0026117928938325,0.069397667306809,0.0308434076919151,5.5,3,1,0.9914448613738104,0.1305261922200517,0.4338837391175582,-0.900968867902419
2026-01-01 05:30:00,19,0.9945822493164695,-0.0489097934277929,0.069397667306809,0.0308434076919151,5.5,3,1,0.9914448613738104,0.1305261922200517,0.4338837391175582,-0.900968867902419
2026-01-01 05:30:00,20,0.9940400717529376,-0.0637844346960236,0.069397667306809,0.0308434076919151,5.5,3,1,0.9914448613738104,0.1305261922200517,0.4338837391175582,-0.900968867902419
2026-01-01 05:30:00,21,0.9935495507553884,-0.0794144696172141,0.069397667306809,0.0308434076919151,5.5,3,1,0.9914448613738104,0.1305261922200517,0.4338837391175582,-0.900968867902419
2026-01-01 05:30:00,22,0.9842910744284764,0.048742024285153,0.069397667306809,0.0385542596148938,5.5,3,1,0.9914448613738104,0.1305261922200517,0.4338837391175582,-0.900968867902419
2026-01-01 05:30:00,23,0.9791836279016114,-0.0188833762558965,0.323855780765109,0.1542170384595756,5.5,3,1,0.9914448613738104,0.1305261922200517,0.4338837391175582,-0.900968867902419
2026-01-01 05:30:00,24,0.9766389491396468,-0.0521068909216441,0.323855780765109,0.1542170384595758,5.5,3,1,0.9914448613738104,0.1305261922200517,0.4338837391175582,-0.900968867902419
2026-01-01 05:30:00,25,0.960402867902828,0.1299081356327624,0.0462651115378727,0.019277129807447,5.5,3,1,0.9914448613738104,0.1305261922200517,0.4338837391175582,-0.900968867902419
2026-01-01 05:30:00,26,0.9584666590368413,0.1718663824474172,0.0462651115378727,0.019277129807447,5.5,3,1,0.9914448613738104,0.1305261922200517,0.4338837391175582,-0.900968867902419
2026-01-01 05:30:00,27,0.949827571173127,0.2339759912744428,0.0462651115378727,0.0154217038459576,5.5,3,1,0.9914448613738104,0.1305261922200517,0.4338837391175582,-0.900968867902419
2026-01-01 05:30:00,28,0.9436222182187416,0.2919697538795859,0.0925302230757454,0.0539759634608514,5.5,3,1,0.9914448613738104,0.1305261922200517,0.4338837391175582,-0.900968867902419
2026-01-01 05:30:00,29,0.9409366755161452,0.3699401569218903,0.1542170384595755,0.4626511153787271,5.5,3,1,0.9914448613738104,0.1305261922200517,0.4338837391175582,-0.900968867902419
2026-01-01 05:30:00,30,0.9377973571681596,0.3075248314171876,0.1156627788446815,0.0539759634608514,5.5,3,1,0.9914448613738104,0.1305261922200517,0.4338837391175582,-0.900968867902419
2026-01-01 05:30:00,31,0.9371067600070032,0.2905113269808004,0.1619278903825547,0.0771085192297877,5.5,3,1,0.9914448613738104,0.1305261922200517,0.4338837391175582,-0.900968867902419
2026-01-01 05:30:00,32,0.9368927879147088,0.2848059898213624,0.0462651115378727,0.030843407691915,5.5,3,1,0.9914448613738104,0.1305261922200517,0.4338837391175582,-0.900968867902419
2026-01-01 05:45:00,0,1.0,0.0,-2.8909797130983086,-1.7950098466272066,5.75,3,1,0.9978589232386036,0.0654031292301432,0.4338837391175582,-0.900968867902419
2026-01-01 05:45:00,1,0.99781057722707,0.0106132595803923,0.0748751358131603,0.0449250814878962,5.75,3,1,0.9978589232386036,0.0654031292301432,0.4338837391175582,-0.900968867902419
2026-01-01 05:45:00,2,0.9874298840368104,0.0701720866504264,0.0673876222318443,0.0299500543252641,5.75,3,1,0.9978589232386036,0.0654031292301432,0.4338837391175582,-0.900968867902419
2026-01-01 05:45:00,3,0.981939542935822,0.1179200085562362,0.0898501629757924,0.0599001086505282,5.75,3,1,0.9978589232386036,0.0654031292301432,0.4338837391175582,-0.900968867902419
2026-01-01 05:45:00,4,0.9765147637219024,0.1661785826129722,0.0449250814878962,0.0224625407439481,5.75,3,1,0.9978589232386036,0.0654031292301432,0.4338837391175582,-0.900968867902419
2026-01-01 05:45:00,5,0.963026620676904,0.0972289662514088,0.0449250814878962,0.014975027162632,5.75,3,1,0.9978589232386036,0.0654031292301432,0.4338837391175582,-0.900968867902419
2026-01-01 05:45:00,6,0.9604719079883736,-0.0695460226985795,0.1497502716263207,0.0748751358131603,5.75,3,1,0.9978589232386036,0.0654031292301432,0.4338837391175582,-0.900968867902419
2026-01-01 05:45:00,7,0.9569206242954628,-0.0436984953270607,0.1497502716263207,0.0748751358131603,5.75,3,1,0.9978589232386036,0.0654031292301432,0.4338837391175582,-0.900968867902419
2026-01-01 05:45:00,8,0.9523326506389372,-0.0965723460283447,0.0449250814878962,0.014975027162632,5.75,3,1,0.9978589232386036,0.0654031292301432,0.4338837391175582,-0.900968867902419
2026-01-01 05:45:00,9,0.948078443776716,-0.141659443722498,0.0449250814878962,0.014975027162632,5.75,3,1,0.9978589232386036,0.0654031292301432,0.4338837391175582,-0.900968867902419
2026-01-01 05:45:00,10,0.9474493125030112,-0.136486159002619,0.0336938111159221,0.0224625407439481,5.75,3,1,0.9978589232386036,0.0654031292301432,0.4338837391175582,-0.900968867902419
2026-01-01 05:45:00,11,0.9463525933122804,-0.1283088969021963,0.0449250814878962,0.0262062975346061,5.75,3,1,0.9978589232386036,0.0654031292301432,0.4338837391175582,-0.900968867902419
2026-01-01 05:45:00,12,0.9418848085612632,-0.1938442690010186,0.0449250814878962,0.0262062975346061,5.75,3,1,0.9978589232386036,0.0654031292301432,0.4338837391175582,-0.900968867902419
2026-01-01 05:45:00,13,0.9402286149864496,-0.250089513436448,0.0898501629757924,0.0599001086505283,5.75,3,1,0.9978589232386036,0.0654031292301432,0.4338837391175582,-0.900968867902419
2026-01-01 05:45:00,14,0.93919700799555,-0.277007091211532,0.0449250814878962,0.007487513581316,5.75,3,1,0.9978589232386036,0.0654031292301432,0.4338837391175582,-0.900968867902419
2026-01-01 05:45:00,15,0.9381979466236076,-0.2936121223056354,0.0449250814878962,0.0149750271626321,5.75,3,1,0.9978589232386036,0.0654031292301432,0.4338837391175582,-0.900968867902419
2026-01-01 05:45:00,16,0.9367177458798752,-0.3486899340552413,0.0449250814878963,0.0149750271626321,5.75,3,1,0.9978589232386036,0.0654031292301432,0.4338837391175582,-0.900968867902419
2026-01-01 05:45:00,17,0.9362744618298507,-0.3555202532780092,0.0673876222318443,0.029950054325264,5.75,3,1,0.9978589232386036,0.0654031292301432,0.4338837391175582,-0.900968867902419
2026-01-01 05:45:00,18,0.9974156921154168,0.0025177015194554,0.0673876222318443,0.029950054325264,5.75,3,1,0.9978589232386036,0.0654031292301432,0.4338837391175582,-0.900968867902419
2026-01-01 05:45:00,19,0.9947425254388348,-0.0474999443198368,0.0673876222318443,0.029950054325264,5.75,3,1,0.9978589232386036,0.0654031292301432,0.4338837391175582,-0.900968867902419
2026-01-01 05:45:00,20,0.9942161505995728,-0.0619388860123449,0.0673876222318443,0.029950054325264,5.75,3,1,0.9978589232386036,0.0654031292301432,0.4338837391175582,-0.900968867902419
2026-01-01 05:45:00,21,0.9937399294342912,-0.0771106150291459,0.0673876222318443,0.029950054325264,5.75,3,1,0.9978589232386036,0.0654031292301432,0.4338837391175582,-0.900968867902419
2026-01-01 05:45:00,22,0.9847654205421524,0.0471998109188767,0.0673876222318443,0.0374375679065801,5.75,3,1,0.9978589232386036,0.0654031292301432,0.4338837391175582,-0.900968867902419
2026-01-01 05:45:00,23,0.9798092995239271,-0.0183932802362314,0.3144755704152735,0.1497502716263207,5.75,3,1,0.9978589232386036,0.0654031292301432,0.4338837391175582,-0.900968867902419
2026-01-01 05:45:00,24,0.9773401027780212,-0.0506107731515565,0.3144755704152733,0.1497502716263206,5.75,3,1,0.9978589232386036,0.0654031292301432,0.4338837391175582,-0.900968867902419
2026-01-01 05:45:00,25,0.9616140846574576,0.12580824369019,0.044925081487896,0.01871878395329,5.75,3,1,0.9978589232386036,0.0654031292301432,0.4338837391175582,-0.900968867902419
2026-01-01 05:45:00,26,0.9597376399089392,0.1664300838438349,0.044925081487896,0.01871878395329,5.75,3,1,0.9978589232386036,0.0654031292301432,0.4338837391175582,-0.900968867902419
2026-01-01 05:45:00,27,0.9513652458363028,0.226573257617776,0.044925081487896,0.0149750271626321,5.75,3,1,0.9978589232386036,0.0654031292301432,0.4338837391175582,-0.900968867902419
2026-01-01 05:45:00,28,0.9453515366861596,0.282700093798569,0.0898501629757926,0.0524125950692122,5.75,3,1,0.9978589232386036,0.0654031292301432,0.4338837391175582,-0.900968867902419
2026-01-01 05:45:00,29,0.9427489879327032,0.3581249746499356,0.1497502716263206,0.4492508148789622,5.75,3,1,0.9978589232386036,0.0654031292301432,0.4338837391175582,-0.900968867902419
2026-01-01 05:45:00,30,0.9397068673976856,0.2977565587444094,0.1123127037197404,0.0524125950692122,5.75,3,1,0.9978589232386036,0.0654031292301432,0.4338837391175582,-0.900968867902419
2026-01-01 05:45:00,31,0.9390376544104844,0.2813032954849556,0.1572377852076365,0.0748751358131603,5.75,3,1,0.9978589232386036,0.0654031292301432,0.4338837391175582,-0.900968867902419
2026-01-01 05:45:00,32,0.9388303087814848,0.2757860099126089,0.044925081487896,0.0299500543252642,5.75,3,1,0.9978589232386036,0.0654031292301432,0.4338837391175582,-0.900968867902419
2026-01-01 06:00:00,0,1.0,0.0,-2.9223197741779887,-1.8145283003841028,6.0,3,1,1.0,6.123233995736766e-17,0.4338837391175582,-0.900968867902419
2026-01-01 06:00:00,1,0.9977868252641884,0.010730531752709,0.0756537514538822,0.0453922508723293,6.0,3,1,1.0,6.123233995736766e-17,0.4338837391175582,-0.900968867902419
2026-01-01 06:00:00,2,0.9872929919788402,0.0709540633156614,0.068088376308494,0.0302615005815529,6.0,3,1,1.0,6.123233995736766e-17,0.4338837391175582,-0.900968867902419
2026-01-01 06:00:00,3,0.9817422085217308,0.1192398286351067,0.0907845017446586,0.0605230011631058,6.0,3,1,1.0,6.123233995736766e-17,0.4338837391175582,-0.900968867902419
2026-01-01 06:00:00,4,0.976257598271146,0.1680491359864827,0.0453922508723293,0.0226961254361646,6.0,3,1,1.0,6.123233995736766e-17,0.4338837391175582,-0.900968867902419
2026-01-01 06:00:00,5,0.9626204970261866,0.0983296718463506,0.0453922508723293,0.0151307502907764,6.0,3,1,1.0,6.123233995736766e-17,0.4338837391175582,-0.900968867902419
2026-01-01 06:00:00,6,0.9600375637044944,-0.0703496221435792,0.1513075029077645,0.0756537514538822,6.0,3,1,1.0,6.123233995736766e-17,0.4338837391175582,-0.900968867902419
2026-01-01 06:00:00,7,0.9564470747827346,-0.0441988351585059,0.1513075029077645,0.0756537514538822,6.0,3,1,1.0,6.123233995736766e-17,0.4338837391175582,-0.900968867902419
2026-01-01 06:00:00,8,0.9518082137895264,-0.0976777613515382,0.0453922508723293,0.0151307502907764,6.0,3,1,1.0,6.123233995736766e-17,0.4338837391175582,-0.900968867902419
2026-01-01 06:00:00,9,0.9475067788499684,-0.1432854084104202,0.0453922508723293,0.0151307502907764,6.0,3,1,1.0,6.123233995736766e-17,0.4338837391175582,-0.900968867902419
2026-01-01 06:00:00,10,0.9468706618649516,-0.138050711061689,0.034044188154247,0.0226961254361646,6.0,3,1,1.0,6.123233995736766e-17,0.4338837391175582,-0.900968867902419
2026-01-01 06:00:00,11,0.9457617563317784,-0.1297757848111975,0.0453922508723293,0.0264788130088587,6.0,3,1,1.0,6.123233995736766e-17,0.4338837391175582,-0.900968867902419
2026-01-01 06:00:00,12,0.9412442366025136,-0.1960770513773969,0.0453922508723293,0.0264788130088587,6.0,3,1,1.0,6.123233995736766e-17,0.4338837391175582,-0.900968867902419
2026-01-01 06:00:00,13,0.9395695922175806,-0.2529862250613747,0.0907845017446586,0.0605230011631058,6.0,3,1,1.0,6.123233995736766e-17,0.4338837391175582,-0.900968867902419
2026-01-01 06:00:00,14,0.9385264838961628,-0.2802221416209177,0.0453922508723293,0.0075653751453882,6.0,3,1,1.0,6.123233995736766e-17,0.4338837391175582,-0.900968867902419
2026-01-01 06:00:00,15,0.9375162804789422,-0.2970237386739985,0.0453922508723293,0.0151307502907764,6.0,3,1,1.0,6.123233995736766e-17,0.4338837391175582,-0.900968867902419
2026-01-01 06:00:00,16,0.9360195605535994,-0.3527563993904593,0.0453922508723294,0.0151307502907764,6.0,3,1,1.0,6.123233995736766e-17,0.4338837391175582,-0.900968867902419
2026-01-01 06:00:00,17,0.9355713301609796,-0.3596680844919327,0.068088376308494,0.0302615005815528,6.0,3,1,1.0,6.123233995736766e-17,0.4338837391175582,-0.900968867902419
2026-01-01 06:00:00,18,0.997387811213967,0.0025503634643236,0.068088376308494,0.0302615005815528,6.0,3,1,1.0,6.123233995736766e-17,0.4338837391175582,-0.900968867902419
2026-01-01 06:00:00,19,0.9946866740338062,-0.0479915133917571,0.068088376308494,0.0302615005815528,6.0,3,1,1.0,6.123233995736766e-17,0.4338837391175582,-0.900968867902419
2026-01-01 06:00:00,20,0.9941547906420956,-0.0625823173069844,0.068088376308494,0.0302615005815528,6.0,3,1,1.0,6.123233995736766e-17,0.4338837391175582,-0.900968867902419
2026-01-01 06:00:00,21,0.9936735848248912,-0.0779137846452912,0.068088376308494,0.0302615005815528,6.0,3,1,1.0,6.123233995736766e-17,0.4338837391175582,-0.900968867902419
2026-01-01 06:00:00,22,0.9846001968191892,0.0477364677277892,0.068088376308494,0.0378268757269411,6.0,3,1,1.0,6.123233995736766e-17,0.4338837391175582,-0.900968867902419
2026-01-01 06:00:00,23,0.9795913442061353,-0.0185646053625449,0.3177457561063055,0.1513075029077645,6.0,3,1,1.0,6.123233995736766e-17,0.4338837391175582,-0.900968867902419
2026-01-01 06:00:00,24,0.9770958452634908,-0.0511325055403668,0.3177457561063055,0.1513075029077644,6.0,3,1,1.0,6.123233995736766e-17,0.4338837391175582,-0.900968867902419
2026-01-01 06:00:00,25,0.9611923123024037,0.1272349811166576,0.0453922508723292,0.0189134378634705,6.0,3,1,1.0,6.123233995736766e-17,0.4338837391175582,-0.900968867902419
2026-01-01 06:00:00,26,0.9592950604153916,0.1683217934070071,0.0453922508723292,0.0189134378634705,6.0,3,1,1.0,6.123233995736766e-17,0.4338837391175582,-0.900968867902419
2026-01-01 06:00:00,27,0.9508298160070676,0.2291492355072104,0.0453922508723292,0.0151307502907764,6.0,3,1,1.0,6.123233995736766e-17,0.4338837391175582,-0.900968867902419
2026-01-01 06:00:00,28,0.9447493860464836,0.2859254776450528,0.0907845017446589,0.0529576260177175,6.0,3,1,1.0,6.123233995736766e-17,0.4338837391175582,-0.900968867902419
2026-01-01 06:00:00,29,0.9421179433616927,0.3622355386572203,0.1513075029077644,0.4539225087232936,6.0,3,1,1.0,6.123233995736766e-17,0.4338837391175582,-0.900968867902419
2026-01-01 06:00:00,30,0.939041985281127,0.3011554010514218,0.1134806271808233,0.0529576260177175,6.0,3,1,1.0,6.123233995736766e-17,0.4338837391175582,-0.900968867902419
2026-01-01 06:00:00,31,0.938365327823714,0.2845073564794945,0.1588728780531525,0.0756537514538822,6.0,3,1,1.0,6.123233995736766e-17,0.4338837391175582,-0.900968867902419
2026-01-01 06:00:00,32,0.9381556753314628,0.2789246916367275,0.0453922508723292,0.0302615005815529,6.0,3,1,1.0,6.123233995736766e-17,0.4338837391175582,-0.900968867902419
2026-01-01 06:15:00,0,1.0,0.0,-2.979166500073663,-1.8579393324909996,6.25,3,1,0.9978589232386036,-0.0654031292301431,0.4338837391175582,-0.900968867902419
2026-01-01 06:15:00,1,0.997741395194188,0.0112078000214869,0.0773838914598102,0.0464303348758861,6.25,3,1,0.9978589232386036,-0.0654031292301431,0.4338837391175582,-0.900968867902419
2026-01-01 06:15:00,2,0.986995815410071,0.0729111362327844,0.0696455023138292,0.030953556583924,6.25,3,1,0.9978589232386036,-0.0654031292301431,0.4338837391175582,-0.900968867902419
2026-01-01 06:15:00,3,0.9813104934672192,0.1223946811268019,0.0928606697517722,0.0619071131678482,6.25,3,1,0.9978589232386036,-0.0654031292301431,0.4338837391175582,-0.900968867902419
2026-01-01 06:15:00,4,0.9756926966705164,0.1724310466017547,0.0464303348758861,0.023215167437943,6.25,3,1,0.9978589232386036,-0.0654031292301431,0.4338837391175582,-0.900968867902419
2026-01-01 06:15:00,5,0.9617239922874544,0.1009976897799267,0.0464303348758861,0.015476778291962,6.25,3,1,0.9978589232386036,-0.0654031292301431,0.4338837391175582,-0.900968867902419
2026-01-01 06:15:00,6,0.959078235069034,-0.0719245751633863,0.1547677829196205,0.0773838914598102,6.25,3,1,0.9978589232386036,-0.0654031292301431,0.4338837391175582,-0.900968867902419
2026-01-01 06:15:00,7,0.9554004705845528,-0.0450974192447721,0.1547677829196205,0.0773838914598102,6.25,3,1,0.9978589232386036,-0.0654031292301431,0.4338837391175582,-0.900968867902419
2026-01-01 06:15:00,8,0.950648308698475,-0.0999246100421288,0.0464303348758861,0.015476778291962,6.25,3,1,0.9978589232386036,-0.0654031292301431,0.4338837391175582,-0.900968867902419
2026-01-01 06:15:00,9,0.9462417166807736,-0.1466925568138278,0.0464303348758861,0.015476778291962,6.25,3,1,0.9978589232386036,-0.0654031292301431,0.4338837391175582,-0.900968867902419
2026-01-01 06:15:00,10,0.9455900453350682,-0.1413208283391954,0.0348227511569145,0.023215167437943,6.25,3,1,0.9978589232386036,-0.0654031292301431,0.4338837391175582,-0.900968867902419
2026-01-01 06:15:00,11,0.9444540050156682,-0.1328279331365928,0.0464303348758861,0.0270843620109336,6.25,3,1,0.9978589232386036,-0.0654031292301431,0.4338837391175582,-0.900968867902419
2026-01-01 06:15:00,12,0.9398257350843554,-0.2008371498462715,0.0464303348758861,0.0270843620109336,6.25,3,1,0.9978589232386036,-0.0654031292301431,0.4338837391175582,-0.900968867902419
2026-01-01 06:15:00,13,0.9381100031107044,-0.2592274501808759,0.0928606697517723,0.0619071131678482,6.25,3,1,0.9978589232386036,-0.0654031292301431,0.4338837391175582,-0.900968867902419
2026-01-01 06:15:00,14,0.9370412820677244,-0.2871735833193832,0.0464303348758862,0.007738389145981,6.25,3,1,0.9978589232386036,-0.0654031292301431,0.4338837391175582,-0.900968867902419
2026-01-01 06:15:00,15,0.936006265734286,-0.3044137365273074,0.0464303348758861,0.015476778291962,6.25,3,1,0.9978589232386036,-0.0654031292301431,0.4338837391175582,-0.900968867902419
2026-01-01 06:15:00,16,0.9344727572690712,-0.3616076661165294,0.0464303348758861,0.015476778291962,6.25,3,1,0.9978589232386036,-0.0654031292301431,0.4338837391175582,-0.900968867902419
2026-01-01 06:15:00,17,0.9340135113376248,-0.3687009291734457,0.0696455023138291,0.030953556583924,6.25,3,1,0.9978589232386036,-0.0654031292301431,0.4338837391175582,-0.900968867902419
2026-01-01 06:15:00,18,0.9973463933320172,0.0035619945705167,0.0568005016927155,0.030953556583924,6.25,3,1,0.9978589232386036,-0.0654031292301431,0.4338837391175582,-0.900968867902419
2026-01-01 06:15:00,19,0.9945831481349612,-0.0481429316741218,0.0696455023138291,0.030953556583924,6.25,3,1,0.9978589232386036,-0.0654031292301431,0.4338837391175582,-0.900968867902419
2026-01-01 06:15:00,20,0.9940390330354216,-0.0630706936997613,0.0696455023138291,0.030953556583924,6.25,3,1,0.9978589232386036,-0.0654031292301431,0.4338837391175582,-0.900968867902419
2026-01-01 06:15:00,21,0.9935467587586638,-0.0787566075394531,0.0696455023138291,0.030953556583924,6.25,3,1,0.9978589232386036,-0.0654031292301431,0.4338837391175582,-0.900968867902419
2026-01-01 06:15:00,22,0.9842400376655916,0.0491482762908739,0.0696455023138291,0.038691945729905,6.25,3,1,0.9978589232386036,-0.0654031292301431,0.4338837391175582,-0.900968867902419
2026-01-01 06:15:00,23,0.9791139578420452,-0.0187269857493052,0.3250123441312029,0.1547677829196204,6.25,3,1,0.9978589232386036,-0.0654031292301431,0.4338837391175582,-0.900968867902419
2026-01-01 06:15:00,24,0.9765599843313484,-0.0520742181305518,0.3250123441312031,0.1547677829196205,6.25,3,1,0.9978589232386036,-0.0654031292301431,0.4338837391175582,-0.900968867902419
2026-01-01 06:15:00,25,0.960260967181287,0.1306294047755199,0.0464303348758861,0.0193459728649525,6.25,3,1,0.9978589232386036,-0.0654031292301431,0.4338837391175582,-0.900968867902419
2026-01-01 06:15:00,26,0.9583173885814948,0.1727523127309002,0.0464303348758861,0.0193459728649525,6.25,3,1,0.9978589232386036,-0.0654031292301431,0.4338837391175582,-0.900968867902419
2026-01-01 06:15:00,27,0.9496454135647572,0.2351041530367221,0.0464303348758861,0.015476778291962,6.25,3,1,0.9978589232386036,-0.0654031292301431,0.4338837391175582,-0.900968867902419
2026-01-01 06:15:00,28,0.9434164278313212,0.2933280345275214,0.0928606697517722,0.0541687240218671,6.25,3,1,0.9978589232386036,-0.0654031292301431,0.4338837391175582,-0.900968867902419
2026-01-01 06:15:00,29,0.9407206503888524,0.3716123694289548,0.1547677829196203,0.4643033487588615,6.25,3,1,0.9978589232386036,-0.0654031292301431,0.4338837391175582,-0.900968867902419
2026-01-01 06:15:00,30,0.9375693448842994,0.3089445607458866,0.1160758371897152,0.0541687240218671,6.25,3,1,0.9978589232386036,-0.0654031292301431,0.4338837391175582,-0.900968867902419
2026-01-01 06:15:00,31,0.9368761104576389,0.2918619405324482,0.1625061720656013,0.0773838914598101,6.25,3,1,0.9978589232386036,-0.0654031292301431,0.4338837391175582,-0.900968867902419
2026-01-01 06:15:00,32,0.9366613211335706,0.2861334029884751,0.0464303348758861,0.030953556583924,6.25,3,1,0.9978589232386036,-0.0654031292301431,0.4338837391175582,-0.900968867902419
2026-01-01 06:30:00,0,1.0,0.0,-3.1192745657468626,-1.9553467561404136,6.5,3,1,0.9914448613738104,-0.1305261922200516,0.4338837391175582,-0.900968867902419
2026-01-01 06:30:00,1,0.9976322355644232,0.0120675470849416,0.0812508573640624,0.0487505144184374,6.5,3,1,0.9914448613738104,-0.1305261922200516,0.4338837391175582,-0.900968867902419
2026-01-01 06:30:00,2,0.9863217547411348,0.0770981477867349,0.0731257716276561,0.0325003429456249,6.5,3,1,0.9914448613738104,-0.1305261922200516,0.4338837391175582,-0.900968867902419
2026-01-01 06:30:00,3,0.9803342881380818,0.1292768609084111,0.0975010288368748,0.0650006858912499,6.5,3,1,0.9914448613738104,-0.1305261922200516,0.4338837391175582,-0.900968867902419
2026-01-01 06:30:00,4,0.9744173380499712,0.1820771665613055,0.0487505144184374,0.0243752572092187,6.5,3,1,0.9914448613738104,-0.1305261922200516,0.4338837391175582,-0.900968867902419
2026-01-01 06:30:00,5,0.9597037330896148,0.1067901581100308,0.0487505144184374,0.0162501714728124,6.5,3,1,0.9914448613738104,-0.1305261922200516,0.4338837391175582,-0.900968867902419
2026-01-01 06:30:00,6,0.956916847810002,-0.0756898558445001,0.1625017147281249,0.0812508573640624,6.5,3,1,0.9914448613738104,-0.1305261922200516,0.4338837391175582,-0.900968867902419
2026-01-01 06:30:00,7,0.9530430365349062,-0.0473356687098847,0.1625017147281249,0.0812508573640624,6.5,3,1,0.9914448613738104,-0.1305261922200516,0.4338837391175582,-0.900968867902419
2026-01-01 06:30:00,8,0.9480362673793512,-0.1052004690005869,0.0487505144184374,0.0162501714728124,6.5,3,1,0.9914448613738104,-0.1305261922200516,0.4338837391175582,-0.900968867902419
2026-01-01 06:30:00,9,0.9433933505783249,-0.1545844767544351,0.0487505144184374,0.0162501714728124,6.5,3,1,0.9914448613738104,-0.1305261922200516,0.4338837391175582,-0.900968867902419
2026-01-01 06:30:00,10,0.9427067225345316,-0.1489030657879123,0.036562885813828,0.0243752572092187,6.5,3,1,0.9914448613738104,-0.1305261922200516,0.4338837391175582,-0.900968867902419
2026-01-01 06:30:00,11,0.9415096961247768,-0.1399173236377056,0.0487505144184374,0.0284378000774218,6.5,3,1,0.9914448613738104,-0.1305261922200516,0.4338837391175582,-0.900968867902419
2026-01-01 06:30:00,12,0.9366324738664816,-0.2117813091619266,0.0487505144184374,0.0284378000774218,6.5,3,1,0.9914448613738104,-0.1305261922200516,0.4338837391175582,-0.900968867902419
2026-01-01 06:30:00,13,0.9348243761230132,-0.2735172928721504,0.0975010288368749,0.0650006858912499,6.5,3,1,0.9914448613738104,-0.1305261922200516,0.4338837391175582,-0.900968867902419
2026-01-01 06:30:00,14,0.9336980733872944,-0.3030679746686638,0.0487505144184374,0.0081250857364062,6.5,3,1,0.9914448613738104,-0.1305261922200516,0.4338837391175582,-0.900968867902419
2026-01-01 06:30:00,15,0.9326072719232572,-0.321299011174233,0.0487505144184374,0.0162501714728124,6.5,3,1,0.9914448613738104,-0.1305261922200516,0.4338837391175582,-0.900968867902419
2026-01-01 06:30:00,16,0.9309910495491855,-0.3817957976466856,0.0487505144184374,0.0162501714728124,6.5,3,1,0.9914448613738104,-0.1305261922200516,0.4338837391175582,-0.900968867902419
2026-01-01 06:30:00,17,0.930507037033406,-0.3892995429537705,0.0731257716276561,0.0325003429456249,6.5,3,1,0.9914448613738104,-0.1305261922200516,0.4338837391175582,-0.900968867902419
2026-01-01 06:30:00,18,0.997233387226197,0.0049146531248466,0.0440473363721767,0.0325003429456249,6.5,3,1,0.9914448613738104,-0.1305261922200516,0.4338837391175582,-0.900968867902419
2026-01-01 06:30:00,19,0.9943312123072582,-0.0493931614180248,0.0731257716276561,0.0325003429456249,6.5,3,1,0.9914448613738104,-0.1305261922200516,0.4338837391175582,-0.900968867902419
2026-01-01 06:30:00,20,0.993759735717066,-0.0650752276157203,0.0731257716276561,0.0325003429456249,6.5,3,1,0.9914448613738104,-0.1305261922200516,0.4338837391175582,-0.900968867902419
2026-01-01 06:30:00,21,0.993242701696458,-0.0815546574881646,0.0731257716276561,0.0325003429456249,6.5,3,1,0.9914448613738104,-0.1305261922200516,0.4338837391175582,-0.900968867902419
2026-01-01 06:30:00,22,0.9834249435630418,0.0521137329761899,0.0731257716276561,0.0406254286820312,6.5,3,1,0.9914448613738104,-0.1305261922200516,0.4338837391175582,-0.900968867902419
2026-01-01 06:30:00,23,0.9780363507979856,-0.0192910954448868,0.3412536009290621,0.1625017147281249,6.5,3,1,0.9914448613738104,-0.1305261922200516,0.4338837391175582,-0.900968867902419
2026-01-01 06:30:00,24,0.9753514202406046,-0.0543867409076066,0.3412536009290621,0.1625017147281249,6.5,3,1,0.9914448613738104,-0.1305261922200516,0.4338837391175582,-0.900968867902419
2026-01-01 06:30:00,25,0.9581624232736348,0.1380580595152637,0.0487505144184372,0.0203127143410155,6.5,3,1,0.9914448613738104,-0.1305261922200516,0.4338837391175582,-0.900968867902419
2026-01-01 06:30:00,26,0.9561147427653534,0.1825153605309374,0.0487505144184372,0.0203127143410155,6.5,3,1,0.9914448613738104,-0.1305261922200516,0.4338837391175582,-0.900968867902419
2026-01-01 06:30:00,27,0.9469782129493476,0.2482999718949274,0.0487505144184372,0.0162501714728124,6.5,3,1,0.9914448613738104,-0.1305261922200516,0.4338837391175582,-0.900968867902419
2026-01-01 06:30:00,28,0.9404153879338646,0.3097883700173474,0.0975010288368749,0.0568756001548436,6.5,3,1,0.9914448613738104,-0.1305261922200516,0.4338837391175582,-0.900968867902419
2026-01-01 06:30:00,29,0.9375750271749188,0.3925301608913222,0.1625017147281249,0.4875051441843745,6.5,3,1,0.9914448613738104,-0.1305261922200516,0.4338837391175582,-0.900968867902419
2026-01-01 06:30:00,30,0.9342543618485032,0.3262763708043494,0.1218762860460938,0.0568756001548436,6.5,3,1,0.9914448613738104,-0.1305261922200516,0.4338837391175582,-0.900968867902419
2026-01-01 06:30:00,31,0.9335238667085376,0.3082118548128903,0.170626800464531,0.0812508573640624,6.5,3,1,0.9914448613738104,-0.1305261922200516,0.4338837391175582,-0.900968867902419
2026-01-01 06:30:00,32,0.933297530992445,0.3021537001623657,0.0487505144184372,0.0325003429456249,6.5,3,1,0.9914448613738104,-0.1305261922200516,0.4338837391175582,-0.900968867902419
2026-01-01 06:45:00,0,1.0,0.0,-3.1102851122734343,-1.97965901591427,6.75,3,1,0.9807852804032304,-0.1950903220161282,0.4338837391175582,-0.900968867902419
2026-01-01 06:45:00,1,0.9976302810204218,0.0130222011532322,0.0822172236408271,0.0493303341844963,6.75,3,1,0.9807852804032304,-0.1950903220161282,0.4338837391175582,-0.900968867902419
2026-01-01 06:45:00,2,0.986178481954499,0.0788848074191155,0.0739955012767444,0.0328868894563308,6.75,3,1,0.9807852804032304,-0.1950903220161282,0.4338837391175582,-0.900968867902419
2026-01-01 06:45:00,3,0.9801153768716512,0.1317379044754028,0.0986606683689926,0.0657737789126617,6.75,3,1,0.9807852804032304,-0.1950903220161282,0.4338837391175582,-0.900968867902419
2026-01-01 06:45:00,4,0.9741235277563136,0.1852304285240994,0.0493303341844963,0.0246651670922481,6.75,3,1,0.9807852804032304,-0.1950903220161282,0.4338837391175582,-0.900968867902419
2026-01-01 06:45:00,5,0.9592234053347716,0.1089797781037477,0.0493303341844962,0.0164434447281654,6.75,3,1,0.9807852804032304,-0.1950903220161282,0.4338837391175582,-0.900968867902419
2026-01-01 06:45:00,6,0.9564011820579372,-0.0758940443797179,0.1644344472816543,0.0822172236408271,6.75,3,1,0.9807852804032304,-0.1950903220161282,0.4338837391175582,-0.900968867902419
2026-01-01 06:45:00,7,0.95247828334731,-0.0471566534062687,0.1644344472816543,0.0822172236408271,6.75,3,1,0.9807852804032304,-0.1950903220161282,0.4338837391175582,-0.900968867902419
2026-01-01 06:45:00,8,0.9474077429579976,-0.1057823524024956,0.0493303341844962,0.0164434447281654,6.75,3,1,0.9807852804032304,-0.1950903220161282,0.4338837391175582,-0.900968867902419
2026-01-01 06:45:00,9,0.9427056302963548,-0.1558220841872923,0.0493303341844962,0.0164434447281654,6.75,3,1,0.9807852804032304,-0.1950903220161282,0.4338837391175582,-0.900968867902419
2026-01-01 06:45:00,10,0.9420102459898853,-0.1500628920673021,0.0369977506383721,0.0246651670922481,6.75,3,1,0.9807852804032304,-0.1950903220161282,0.4338837391175582,-0.900968867902419
2026-01-01 06:45:00,11,0.9407979424701576,-0.1409533101121764,0.0493303341844962,0.0287760282742895,6.75,3,1,0.9807852804032304,-0.1950903220161282,0.4338837391175582,-0.900968867902419
2026-01-01 06:45:00,12,0.9358583491261244,-0.2137843660363677,0.0493303341844962,0.0287760282742894,6.75,3,1,0.9807852804032304,-0.1950903220161282,0.4338837391175582,-0.900968867902419
2026-01-01 06:45:00,13,0.9340271093012188,-0.2763603226069991,0.0986606683689926,0.0657737789126617,6.75,3,1,0.9807852804032304,-0.1950903220161282,0.4338837391175582,-0.900968867902419
2026-01-01 06:45:00,14,0.9328863787801498,-0.3063139009511217,0.0493303341844963,0.0082217223640826,6.75,3,1,0.9807852804032304,-0.1950903220161282,0.4338837391175582,-0.900968867902419
2026-01-01 06:45:00,15,0.9317815993565338,-0.3247937622784341,0.0493303341844963,0.0164434447281653,6.75,3,1,0.9807852804032304,-0.1950903220161282,0.4338837391175582,-0.900968867902419
2026-01-01 06:45:00,16,0.9301446505163086,-0.3861202119468415,0.0493303341844963,0.0164434447281653,6.75,3,1,0.9807852804032304,-0.1950903220161282,0.4338837391175582,-0.900968867902419
2026-01-01 06:45:00,17,0.9296544320531802,-0.3937270833585111,0.0739955012767443,0.0328868894563308,6.75,3,1,0.9807852804032304,-0.1950903220161282,0.4338837391175582,-0.900968867902419
2026-01-01 06:45:00,18,0.9972755759714508,0.0084634313069596,-0.003068939633072,0.0328868894563308,6.75,3,1,0.9807852804032304,-0.1950903220161282,0.4338837391175582,-0.900968867902419
2026-01-01 06:45:00,19,0.9943388783630892,-0.0464873565274248,0.0739955012767443,0.0328868894563308,6.75,3,1,0.9807852804032304,-0.1950903220161282,0.4338837391175582,-0.900968867902419
2026-01-01 06:45:00,20,0.9937606026453126,-0.0623557950889024,0.0739955012767443,0.0328868894563308,6.75,3,1,0.9807852804032304,-0.1950903220161282,0.4338837391175582,-0.900968867902419
2026-01-01 06:45:00,21,0.99323741594287,-0.0790312991283768,0.0739955012767443,0.0328868894563308,6.75,3,1,0.9807852804032304,-0.1950903220161282,0.4338837391175582,-0.900968867902419
2026-01-01 06:45:00,22,0.983246451273079,0.0535958963882174,0.0739955012767443,0.0411086118204135,6.75,3,1,0.9807852804032304,-0.1950903220161282,0.4338837391175582,-0.900968867902419
2026-01-01 06:45:00,23,0.9777922999903804,-0.0186893732735477,0.3453123392914741,0.1644344472816543,6.75,3,1,0.9807852804032304,-0.1950903220161282,0.4338837391175582,-0.900968867902419
2026-01-01 06:45:00,24,0.9750746624637135,-0.0542213789560628,0.3453123392914741,0.1644344472816544,6.75,3,1,0.9807852804032304,-0.1950903220161282,0.4338837391175582,-0.900968867902419
2026-01-01 06:45:00,25,0.9576624892775092,0.1406574482714771,0.0493303341844963,0.0205543059102069,6.75,3,1,0.9807852804032304,-0.1950903220161282,0.4338837391175582,-0.900968867902419
2026-01-01 06:45:00,26,0.9555887349897612,0.1856995186389452,0.0493303341844963,0.0205543059102069,6.75,3,1,0.9807852804032304,-0.1950903220161282,0.4338837391175582,-0.900968867902419
2026-01-01 06:45:00,27,0.9463358498018998,0.2523436524693596,0.0493303341844963,0.0164434447281653,6.75,3,1,0.9807852804032304,-0.1950903220161282,0.4338837391175582,-0.900968867902419
2026-01-01 06:45:00,28,0.9396894067067842,0.3146504445598865,0.0986606683689927,0.0575520565485789,6.75,3,1,0.9807852804032304,-0.1950903220161282,0.4338837391175582,-0.900968867902419
2026-01-01 06:45:00,29,0.9368128298478188,0.3985108559056303,0.1644344472816543,0.493303341844963,6.75,3,1,0.9807852804032304,-0.1950903220161282,0.4338837391175582,-0.900968867902419
2026-01-01 06:45:00,30,0.9334497365312278,0.3313568444628055,0.1233258354612409,0.0575520565485789,6.75,3,1,0.9807852804032304,-0.1950903220161282,0.4338837391175582,-0.900968867902419
2026-01-01 06:45:00,31,0.9327099067709512,0.3130457591887924,0.1726561696457369,0.0822172236408271,6.75,3,1,0.9807852804032304,-0.1950903220161282,0.4338837391175582,-0.900968867902419
2026-01-01 06:45:00,32,0.932480678404516,0.3069048266589964,0.0493303341844963,0.0328868894563307,6.75,3,1,0.9807852804032304,-0.1950903220161282,0.4338837391175582,-0.900968867902419
2026-01-01 07:00:00,0,1.0,0.0,-3.1580302187855684,-2.015431276078383,7.0,3,1,0.9659258262890684,-0.2588190451025206,0.4338837391175582,-0.900968867902419
2026-01-01 07:00:00,1,0.9975923266979582,0.0134004582614248,0.0836310785228051,0.050178647113683,7.0,3,1,0.9659258262890684,-0.2588190451025206,0.4338837391175582,-0.900968867902419
2026-01-01 07:00:00,2,0.9859329932086466,0.0804882374850378,0.0752679706705246,0.033452431409122,7.0,3,1,0.9659258262890684,-0.2588190451025206,0.4338837391175582,-0.900968867902419
2026-01-01 07:00:00,3,0.9797587665536976,0.1343347209699527,0.1003572942273661,0.0669048628182441,7.0,3,1,0.9659258262890684,-0.2588190451025206,0.4338837391175582,-0.900968867902419
2026-01-01 07:00:00,4,0.9736568747239752,0.1888473587794868,0.050178647113683,0.0250893235568415,7.0,3,1,0.9659258262890684,-0.2588190451025206,0.4338837391175582,-0.900968867902419
2026-01-01 07:00:00,5,0.9584827049445044,0.1111776877575527,0.050178647113683,0.016726215704561,7.0,3,1,0.9659258262890684,-0.2588190451025206,0.4338837391175582,-0.900968867902419
2026-01-01 07:00:00,6,0.9556085595918208,-0.0772239391182038,0.1672621570456103,0.0836310785228051,7.0,3,1,0.9659258262890684,-0.2588190451025206,0.4338837391175582,-0.900968867902419
2026-01-01 07:00:00,7,0.9516135383858194,-0.0479212657303604,0.1672621570456103,0.0836310785228051,7.0,3,1,0.9659258262890684,-0.2588190451025206,0.4338837391175582,-0.900968867902419
2026-01-01 07:00:00,8,0.9464492843471716,-0.1076683940709774,0.050178647113683,0.016726215704561,7.0,3,1,0.9659258262890684,-0.2588190451025206,0.4338837391175582,-0.900968867902419
2026-01-01 07:00:00,9,0.9416601786371204,-0.1586748537543579,0.050178647113683,0.016726215704561,7.0,3,1,0.9659258262890684,-0.2588190451025206,0.4338837391175582,-0.900968867902419
2026-01-01 07:00:00,10,0.9409519262016648,-0.152800873603141,0.0376339853352623,0.0250893235568415,7.0,3,1,0.9659258262890684,-0.2588190451025206,0.4338837391175582,-0.900968867902419
2026-01-01 07:00:00,11,0.9397171709550196,-0.1435084913386378,0.050178647113683,0.0292708774829817,7.0,3,1,0.9659258262890684,-0.2588190451025206,0.4338837391175582,-0.900968867902419
2026-01-01 07:00:00,12,0.9346859086040548,-0.2177659202572566,0.050178647113683,0.0292708774829817,7.0,3,1,0.9659258262890684,-0.2588190451025206,0.4338837391175582,-0.900968867902419
2026-01-01 07:00:00,13,0.9328206550100984,-0.2815812427305878,0.100357294227366,0.0669048628182441,7.0,3,1,0.9659258262890684,-0.2588190451025206,0.4338837391175582,-0.900968867902419
2026-01-01 07:00:00,14,0.931658718187492,-0.3121293291355347,0.0501786471136831,0.0083631078522805,7.0,3,1,0.9659258262890684,-0.2588190451025206,0.4338837391175582,-0.900968867902419
2026-01-01 07:00:00,15,0.930533393368958,-0.3309763654306094,0.0501786471136831,0.016726215704561,7.0,3,1,0.9659258262890684,-0.2588190451025206,0.4338837391175582,-0.900968867902419
2026-01-01 07:00:00,16,0.9288659790824368,-0.3935272936661244,0.0501786471136831,0.016726215704561,7.0,3,1,0.9659258262890684,-0.2588190451025206,0.4338837391175582,-0.900968867902419
2026-01-01 07:00:00,17,0.928366638666822,-0.4012863770664828,0.0752679706705246,0.033452431409122,7.0,3,1,0.9659258262890684,-0.2588190451025206,0.4338837391175582,-0.900968867902419
2026-01-01 07:00:00,18,0.997240028137182,0.0092310709401582,-0.011445948977129,0.033452431409122,7.0,3,1,0.9659258262890684,-0.2588190451025206,0.4338837391175582,-0.900968867902419
2026-01-01 07:00:00,19,0.9942525278085692,-0.0466712368084629,0.0752679706705246,0.033452431409122,7.0,3,1,0.9659258262890684,-0.2588190451025206,0.4338837391175582,-0.900968867902419
2026-01-01 07:00:00,20,0.9936642466063134,-0.0628155135747505,0.0752679706705246,0.033452431409122,7.0,3,1,0.9659258262890684,-0.2588190451025206,0.4338837391175582,-0.900968867902419
2026-01-01 07:00:00,21,0.9931320056523092,-0.0797812245998456,0.0752679706705246,0.033452431409122,7.0,3,1,0.9659258262890684,-0.2588190451025206,0.4338837391175582,-0.900968867902419
2026-01-01 07:00:00,22,0.982949289970779,0.0547516402802178,0.0752679706705246,0.0418155392614025,7.0,3,1,0.9659258262890684,-0.2588190451025206,0.4338837391175582,-0.900968867902419
2026-01-01 07:00:00,23,0.9773989519413656,-0.0188285560534144,0.3512505297957815,0.1672621570456103,7.0,3,1,0.9659258262890684,-0.2588190451025206,0.4338837391175582,-0.900968867902419
2026-01-01 07:00:00,24,0.9746333251188756,-0.0550025092758927,0.3512505297957813,0.1672621570456102,7.0,3,1,0.9659258262890684,-0.2588190451025206,0.4338837391175582,-0.900968867902419
2026-01-01 07:00:00,25,0.9568929782707546,0.1434592234270837,0.0501786471136829,0.0209077696307011,7.0,3,1,0.9659258262890684,-0.2588190451025206,0.4338837391175582,-0.900968867902419
2026-01-01 07:00:00,26,0.9547809082360404,0.1893631559364611,0.0501786471136829,0.0209077696307011,7.0,3,1,0.9659258262890684,-0.2588190451025206,0.4338837391175582,-0.900968867902419
2026-01-01 07:00:00,27,0.9453570364721926,0.2572738089510759,0.0501786471136829,0.0167262157045611,7.0,3,1,0.9659258262890684,-0.2588190451025206,0.4338837391175582,-0.900968867902419
2026-01-01 07:00:00,28,0.9385877128841044,0.3207872488595278,0.1003572942273662,0.0585417549659637,7.0,3,1,0.9659258262890684,-0.2588190451025206,0.4338837391175582,-0.900968867902419
2026-01-01 07:00:00,29,0.935657913476844,0.4062978175423908,0.1672621570456103,0.501786471136831,7.0,3,1,0.9659258262890684,-0.2588190451025206,0.4338837391175582,-0.900968867902419
2026-01-01 07:00:00,30,0.9322324641762516,0.337815603963834,0.1254466177842075,0.0585417549659637,7.0,3,1,0.9659258262890684,-0.2588190451025206,0.4338837391175582,-0.900968867902419
2026-01-01 07:00:00,31,0.931478915361289,0.3191406710733716,0.1756252648978908,0.0836310785228051,7.0,3,1,0.9659258262890684,-0.2588190451025206,0.4338837391175582,-0.900968867902419
2026-01-01 07:00:00,32,0.9312454356560704,0.3128775838265383,0.0501786471136829,0.033452431409122,7.0,3,1,0.9659258262890684,-0.2588190451025206,0.4338837391175582,-0.900968867902419
2026-01-01 07:15:00,0,1.0,0.0,-3.191980790015119,-2.044904084363721,7.25,3,1,0.9469301294951056,-0.3214394653031616,0.4338837391175582,-0.900968867902419
2026-01-01 07:15:00,1,0.9975641552342672,0.0138028101186202,0.0847944966624647,0.0508766979974788,7.25,3,1,0.9469301294951056,-0.3214394653031616,0.4338837391175582,-0.900968867902419
2026-01-01 07:15:00,2,0.9857337838130802,0.081900968585582,0.0763150469962182,0.0339177986649859,7.25,3,1,0.9469301294951056,-0.3214394653031616,0.4338837391175582,-0.900968867902419
2026-01-01 07:15:00,3,0.9794679418782816,0.1365669678316178,0.1017533959949577,0.0678355973299718,7.25,3,1,0.9469301294951056,-0.3214394653031616,0.4338837391175582,-0.900968867902419
2026-01-01 07:15:00,4,0.9732753179504208,0.1919215803288094,0.0508766979974788,0.0254383489987394,7.25,3,1,0.9469301294951056,-0.3214394653031616,0.4338837391175582,-0.900968867902419
2026-01-01 07:15:00,5,0.9578751802862644,0.1130816625001105,0.0508766979974788,0.0169588993324929,7.25,3,1,0.9469301294951056,-0.3214394653031616,0.4338837391175582,-0.900968867902419
2026-01-01 07:15:00,6,0.9549582217812148,-0.0782317905604266,0.1695889933249295,0.0847944966624647,7.25,3,1,0.9469301294951056,-0.3214394653031616,0.4338837391175582,-0.900968867902419
2026-01-01 07:15:00,7,0.9509037322103256,-0.048462044941398,0.1695889933249295,0.0847944966624647,7.25,3,1,0.9469301294951056,-0.3214394653031616,0.4338837391175582,-0.900968867902419
2026-01-01 07:15:00,8,0.9456621927449091,-0.1091348627158688,0.0508766979974788,0.0169588993324929,7.25,3,1,0.9469301294951056,-0.3214394653031616,0.4338837391175582,-0.900968867902419
2026-01-01 07:15:00,9,0.9408013415006732,-0.1609395890210647,0.0508766979974788,0.0169588993324929,7.25,3,1,0.9469301294951056,-0.3214394653031616,0.4338837391175582,-0.900968867902419
2026-01-01 07:15:00,10,0.9400824762835072,-0.1549707193126884,0.0381575234981091,0.0254383489987394,7.25,3,1,0.9469301294951056,-0.3214394653031616,0.4338837391175582,-0.900968867902419
2026-01-01 07:15:00,11,0.93882920381616,-0.1455271893695122,0.0508766979974788,0.0296780738318626,7.25,3,1,0.9469301294951056,-0.3214394653031616,0.4338837391175582,-0.900968867902419
2026-01-01 07:15:00,12,0.9337223313245904,-0.2209629993853946,0.0508766979974788,0.0296780738318626,7.25,3,1,0.9469301294951056,-0.3214394653031616,0.4338837391175582,-0.900968867902419
2026-01-01 07:15:00,13,0.9318290217308076,-0.2858026183668113,0.1017533959949578,0.0678355973299718,7.25,3,1,0.9469301294951056,-0.3214394653031616,0.4338837391175582,-0.900968867902419
2026-01-01 07:15:00,14,0.9306495925165602,-0.3168420836364601,0.0508766979974788,0.0084794496662464,7.25,3,1,0.9469301294951056,-0.3214394653031616,0.4338837391175582,-0.900968867902419
2026-01-01 07:15:00,15,0.929507320248278,-0.3359926126685872,0.0508766979974788,0.0169588993324929,7.25,3,1,0.9469301294951056,-0.3214394653031616,0.4338837391175582,-0.900968867902419
2026-01-01 07:15:00,16,0.9278147749895952,-0.3995558256260507,0.0508766979974788,0.0169588993324929,7.25,3,1,0.9469301294951056,-0.3214394653031616,0.4338837391175582,-0.900968867902419
2026-01-01 07:15:00,17,0.9273079099133662,-0.4074407534565749,0.0763150469962183,0.0339177986649859,7.25,3,1,0.9469301294951056,-0.3214394653031616,0.4338837391175582,-0.900968867902419
2026-01-01 07:15:00,18,0.9972193690483676,0.0102569750075212,-0.0237277971641138,0.0339177986649859,7.25,3,1,0.9469301294951056,-0.3214394653031616,0.4338837391175582,-0.900968867902419
2026-01-01 07:15:00,19,0.9941900832895684,-0.0464274975380774,0.0763150469962183,0.0339177986649859,7.25,3,1,0.9469301294951056,-0.3214394653031616,0.4338837391175582,-0.900968867902419
2026-01-01 07:15:00,20,0.9935935724944776,-0.0627985450084108,0.0763150469962183,0.0339177986649859,7.25,3,1,0.9469301294951056,-0.3214394653031616,0.4338837391175582,-0.900968867902419
2026-01-01 07:15:00,21,0.9930538842958976,-0.0800028482364534,0.0763150469962183,0.0339177986649859,7.25,3,1,0.9469301294951056,-0.3214394653031616,0.4338837391175582,-0.900968867902419
2026-01-01 07:15:00,22,0.9827075366794196,0.0557958006100443,0.0763150469962183,0.0423972483312323,7.25,3,1,0.9469301294951056,-0.3214394653031616,0.4338837391175582,-0.900968867902419
2026-01-01 07:15:00,23,0.9770780028673516,-0.0188508900652087,0.3561368859823519,0.1695889933249295,7.25,3,1,0.9469301294951056,-0.3214394653031616,0.4338837391175582,-0.900968867902419
2026-01-01 07:15:00,24,0.9742728621896904,-0.0555536925573546,0.3561368859823519,0.1695889933249295,7.25,3,1,0.9469301294951056,-0.3214394653031616,0.4338837391175582,-0.900968867902419
2026-01-01 07:15:00,25,0.9562616946772728,0.1458616076109947,0.050876697997479,0.0211986241656161,7.25,3,1,0.9469301294951056,-0.3214394653031616,0.4338837391175582,-0.900968867902419
2026-01-01 07:15:00,26,0.9541180260910858,0.1924769833475784,0.050876697997479,0.0211986241656161,7.25,3,1,0.9469301294951056,-0.3214394653031616,0.4338837391175582,-0.900968867902419
2026-01-01 07:15:00,27,0.9445531429272196,0.261432853714693,0.050876697997479,0.0169588993324929,7.25,3,1,0.9469301294951056,-0.3214394653031616,0.4338837391175582,-0.900968867902419
2026-01-01 07:15:00,28,0.9376824789618912,0.3259427593633848,0.1017533959949577,0.0593561476637254,7.25,3,1,0.9469301294951056,-0.3214394653031616,0.4338837391175582,-0.900968867902419
2026-01-01 07:15:00,29,0.9347087853933264,0.4128168170907058,0.1695889933249295,0.5087669799747885,7.25,3,1,0.9469301294951056,-0.3214394653031616,0.4338837391175582,-0.900968867902419
2026-01-01 07:15:00,30,0.9312319054740866,0.3432369401395143,0.1271917449936972,0.0593561476637254,7.25,3,1,0.9469301294951056,-0.3214394653031616,0.4338837391175582,-0.900968867902419
2026-01-01 07:15:00,31,0.9304670412645892,0.3242612638628204,0.1780684429911758,0.0847944966624647,7.25,3,1,0.9469301294951056,-0.3214394653031616,0.4338837391175582,-0.900968867902419
2026-01-01 07:15:00,32,0.9302300550618788,0.3178972040139529,0.050876697997479,0.0339177986649859,7.25,3,1,0.9469301294951056,-0.3214394653031616,0.4338837391175582,-0.900968867902419
2026-01-01 07:30:00,0,1.0,0.0,-3.361319157726097,-2.18473481861336,7.5,3,1,0.9238795325112868,-0.3826834323650895,0.4338837391175582,-0.900968867902419
2026-01-01 07:30:00,1,0.997425745053777,0.0155729154794434,0.0902891500408062,0.0541734900244837,7.5,3,1,0.9238795325112868,-0.3826834323650895,0.4338837391175582,-0.900968867902419
2026-01-01 07:30:00,2,0.9847837674505092,0.088476651303067,0.0812602350367256,0.0361156600163225,7.5,3,1,0.9238795325112868,-0.3826834323650895,0.4338837391175582,-0.900968867902419
2026-01-01 07:30:00,3,0.9780827539321908,0.1470439987932927,0.1083469800489674,0.072231320032645,7.5,3,1,0.9238795325112868,-0.3826834323650895,0.4338837391175582,-0.900968867902419
2026-01-01 07:30:00,4,0.9714590750763236,0.2064119557302332,0.0541734900244837,0.0270867450122418,7.5,3,1,0.9238795325112868,-0.3826834323650895,0.4338837391175582,-0.900968867902419
2026-01-01 07:30:00,5,0.9549852578968966,0.1220060548441959,0.0541734900244837,0.0180578300081612,7.5,3,1,0.9238795325112868,-0.3826834323650895,0.4338837391175582,-0.900968867902419
2026-01-01 07:30:00,6,0.9518648690316812,-0.0831877527456925,0.1805783000816125,0.0902891500408062,7.5,3,1,0.9238795325112868,-0.3826834323650895,0.4338837391175582,-0.900968867902419
2026-01-01 07:30:00,7,0.9475278273288518,-0.0511853907470841,0.1805783000816124,0.0902891500408062,7.5,3,1,0.9238795325112868,-0.3826834323650895,0.4338837391175582,-0.900968867902419
2026-01-01 07:30:00,8,0.9419189044556168,-0.1162717167240333,0.0541734900244837,0.0180578300081612,7.5,3,1,0.9238795325112868,-0.3826834323650895,0.4338837391175582,-0.900968867902419
2026-01-01 07:30:00,9,0.9367169719802864,-0.1718858681298213,0.0541734900244837,0.0180578300081612,7.5,3,1,0.9238795325112868,-0.3826834323650895,0.4338837391175582,-0.900968867902419
2026-01-01 07:30:00,10,0.935947652087786,-0.1654628682326391,0.0406301175183627,0.0270867450122418,7.5,3,1,0.9238795325112868,-0.3826834323650895,0.4338837391175582,-0.900968867902419
2026-01-01 07:30:00,11,0.9346063395854513,-0.1552955163091678,0.0541734900244837,0.0316012025142821,7.5,3,1,0.9238795325112868,-0.3826834323650895,0.4338837391175582,-0.900968867902419
2026-01-01 07:30:00,12,0.9291399103829772,-0.2363617842701477,0.0541734900244836,0.0316012025142821,7.5,3,1,0.9238795325112868,-0.3826834323650895,0.4338837391175582,-0.900968867902419
2026-01-01 07:30:00,13,0.9271131722729736,-0.3061007456458271,0.1083469800489675,0.0722313200326449,7.5,3,1,0.9238795325112868,-0.3826834323650895,0.4338837391175582,-0.900968867902419
2026-01-01 07:30:00,14,0.9258505461646274,-0.3394910008580921,0.0541734900244836,0.0090289150040806,7.5,3,1,0.9238795325112868,-0.3826834323650895,0.4338837391175582,-0.900968867902419
2026-01-01 07:30:00,15,0.924627666097952,-0.360093604253373,0.0541734900244836,0.0180578300081613,7.5,3,1,0.9238795325112868,-0.3826834323650895,0.4338837391175582,-0.900968867902419
2026-01-01 07:30:00,16,0.922815580811562,-0.4285023660154366,0.0541734900244836,0.0180578300081613,7.5,3,1,0.9238795325112868,-0.3826834323650895,0.4338837391175582,-0.900968867902419
2026-01-01 07:30:00,17,0.9222729238945304,-0.4369898012699957,0.0812602350367255,0.0361156600163224,7.5,3,1,0.9238795325112868,-0.3826834323650895,0.4338837391175582,-0.900968867902419
2026-01-01 07:30:00,18,0.9971081748898306,0.0145203303544343,-0.0736890250680788,0.0361156600163224,7.5,3,1,0.9238795325112868,-0.3826834323650895,0.4338837391175582,-0.900968867902419
2026-01-01 07:30:00,19,0.9938814138126244,-0.045861524734713,0.0812602350367255,0.0361156600163224,7.5,3,1,0.9238795325112868,-0.3826834323650895,0.4338837391175582,-0.900968867902419
2026-01-01 07:30:00,20,0.9932460099302788,-0.0633048760051641,0.0812602350367255,0.0361156600163224,7.5,3,1,0.9238795325112868,-0.3826834323650895,0.4338837391175582,-0.900968867902419
2026-01-01 07:30:00,21,0.9926711254181356,-0.0816374884236389,0.0812602350367255,0.0361156600163224,7.5,3,1,0.9238795325112868,-0.3826834323650895,0.4338837391175582,-0.900968867902419
2026-01-01 07:30:00,22,0.9815561619605498,0.0606262629219269,0.0812602350367255,0.0451445750204031,7.5,3,1,0.9238795325112868,-0.3826834323650895,0.4338837391175582,-0.900968867902419
2026-01-01 07:30:00,23,0.9755517765912168,-0.0190754020720464,0.3792144301713862,0.1805783000816124,7.5,3,1,0.9238795325112868,-0.3826834323650895,0.4338837391175582,-0.900968867902419
2026-01-01 07:30:00,24,0.9725595873894088,-0.0582866285054749,0.3792144301713862,0.1805783000816125,7.5,3,1,0.9238795325112868,-0.3826834323650895,0.4338837391175582,-0.900968867902419
2026-01-01 07:30:00,25,0.9532588459435696,0.1571616504667754,0.0541734900244836,0.0225722875102014,7.5,3,1,0.9238795325112868,-0.3826834323650895,0.4338837391175582,-0.900968867902419
2026-01-01 07:30:00,26,0.9509649752120416,0.2071692444164418,0.0541734900244836,0.0225722875102014,7.5,3,1,0.9238795325112868,-0.3826834323650895,0.4338837391175582,-0.900968867902419
2026-01-01 07:30:00,27,0.940729791857732,0.281105555572949,0.0541734900244836,0.0180578300081613,7.5,3,1,0.9238795325112868,-0.3826834323650895,0.4338837391175582,-0.900968867902419
2026-01-01 07:30:00,28,0.9333773830811948,0.3503718112285391,0.1083469800489673,0.0632024050285644,7.5,3,1,0.9238795325112868,-0.3826834323650895,0.4338837391175582,-0.900968867902419
2026-01-01 07:30:00,29,0.9301950139184352,0.4437636917932914,0.1805783000816125,0.5417349002448373,7.5,3,1,0.9238795325112868,-0.3826834323650895,0.4338837391175582,-0.900968867902419
2026-01-01 07:30:00,30,0.9264735813269094,0.3689342179376867,0.1354337250612092,0.0632024050285644,7.5,3,1,0.9238795325112868,-0.3826834323650895,0.4338837391175582,-0.900968867902419
2026-01-01 07:30:00,31,0.9256549117763182,0.3485196101207908,0.1896072150856929,0.0902891500408062,7.5,3,1,0.9238795325112868,-0.3826834323650895,0.4338837391175582,-0.900968867902419
2026-01-01 07:30:00,32,0.925401251746342,0.3416723897382236,0.0541734900244836,0.0361156600163226,7.5,3,1,0.9238795325112868,-0.3826834323650895,0.4338837391175582,-0.900968867902419
2026-01-01 07:45:00,0,1.0,0.0,-3.1468972736183582,-2.027596971286498,7.75,3,1,0.8968727415326884,-0.4422886902190011,0.4338837391175582,-0.900968867902419
2026-01-01 07:45:00,1,0.9975951659702506,0.0139898701780898,0.0841138768260716,0.0504683260956429,7.75,3,1,0.8968727415326884,-0.4422886902190011,0.4338837391175582,-0.900968867902419
2026-01-01 07:45:00,2,0.9858650766638952,0.0814945271665584,0.0757024891434645,0.0336455507304286,7.75,3,1,0.8968727415326884,-0.4422886902190011,0.4338837391175582,-0.900968867902419
2026-01-01 07:45:00,3,0.9796529550896618,0.1356791074053915,0.100936652191286,0.0672911014608573,7.75,3,1,0.8968727415326884,-0.4422886902190011,0.4338837391175582,-0.900968867902419
2026-01-01 07:45:00,4,0.9735135345351104,0.1905390623682658,0.050468326095643,0.0252341630478215,7.75,3,1,0.8968727415326884,-0.4422886902190011,0.4338837391175582,-0.900968867902419
2026-01-01 07:45:00,5,0.9582459011986314,0.1123865532568735,0.050468326095643,0.0168227753652143,7.75,3,1,0.8968727415326884,-0.4422886902190011,0.4338837391175582,-0.900968867902419
2026-01-01 07:45:00,6,0.955354047769482,-0.0772162026501296,0.1682277536521433,0.0841138768260716,7.75,3,1,0.8968727415326884,-0.4422886902190011,0.4338837391175582,-0.900968867902419
2026-01-01 07:45:00,7,0.9513344294813978,-0.0477209163620438,0.1682277536521433,0.0841138768260716,7.75,3,1,0.8968727415326884,-0.4422886902190011,0.4338837391175582,-0.900968867902419
2026-01-01 07:45:00,8,0.9461382109086014,-0.1078498841657727,0.050468326095643,0.0168227753652143,7.75,3,1,0.8968727415326884,-0.4422886902190011,0.4338837391175582,-0.900968867902419
2026-01-01 07:45:00,9,0.9413194322703428,-0.1591855917661845,0.050468326095643,0.0168227753652143,7.75,3,1,0.8968727415326884,-0.4422886902190011,0.4338837391175582,-0.900968867902419
2026-01-01 07:45:00,10,0.940606790551818,-0.1532724856821316,0.0378512445717322,0.0252341630478215,7.75,3,1,0.8968727415326884,-0.4422886902190011,0.4338837391175582,-0.900968867902419
2026-01-01 07:45:00,11,0.939364376940479,-0.1439177844737468,0.050468326095643,0.029439856889125,7.75,3,1,0.8968727415326884,-0.4422886902190011,0.4338837391175582,-0.900968867902419
2026-01-01 07:45:00,12,0.9343018444588764,-0.2186611778302929,0.050468326095643,0.029439856889125,7.75,3,1,0.8968727415326884,-0.4422886902190011,0.4338837391175582,-0.900968867902419
2026-01-01 07:45:00,13,0.9324249878490972,-0.2828988746891533,0.100936652191286,0.0672911014608573,7.75,3,1,0.8968727415326884,-0.4422886902190011,0.4338837391175582,-0.900968867902419
2026-01-01 07:45:00,14,0.9312558168369592,-0.3136495798017335,0.0504683260956428,0.0084113876826071,7.75,3,1,0.8968727415326884,-0.4422886902190011,0.4338837391175582,-0.900968867902419
2026-01-01 07:45:00,15,0.9301234832264672,-0.332621759194026,0.0504683260956428,0.0168227753652143,7.75,3,1,0.8968727415326884,-0.4422886902190011,0.4338837391175582,-0.900968867902419
2026-01-01 07:45:00,16,0.928445675863536,-0.3955900760957587,0.0504683260956428,0.0168227753652143,7.75,3,1,0.8968727415326884,-0.4422886902190011,0.4338837391175582,-0.900968867902419
2026-01-01 07:45:00,17,0.9279432235692718,-0.4034010470093686,0.0757024891434645,0.0336455507304286,7.75,3,1,0.8968727415326884,-0.4422886902190011,0.4338837391175582,-0.900968867902419
2026-01-01 07:45:00,18,0.9972717615761286,0.0114913472276988,-0.0416500136388977,0.0336455507304286,7.75,3,1,0.8968727415326884,-0.4422886902190011,0.4338837391175582,-0.900968867902419
2026-01-01 07:45:00,19,0.994267044164142,-0.0447309729327861,0.0757024891434645,0.0336455507304286,7.75,3,1,0.8968727415326884,-0.4422886902190011,0.4338837391175582,-0.900968867902419
2026-01-01 07:45:00,20,0.9936753720860012,-0.0609680269715034,0.0757024891434645,0.0336455507304286,7.75,3,1,0.8968727415326884,-0.4422886902190011,0.4338837391175582,-0.900968867902419
2026-01-01 07:45:00,21,0.9931400626206056,-0.0780313507742949,0.0757024891434645,0.0336455507304286,7.75,3,1,0.8968727415326884,-0.4422886902190011,0.4338837391175582,-0.900968867902419
2026-01-01 07:45:00,22,0.9828637678237708,0.0556057901456423,0.0757024891434645,0.0420569384130358,7.75,3,1,0.8968727415326884,-0.4422886902190011,0.4338837391175582,-0.900968867902419
2026-01-01 07:45:00,23,0.9772806570802456,-0.0184145923557673,0.3532782826695009,0.1682277536521433,7.75,3,1,0.8968727415326884,-0.4422886902190011,0.4338837391175582,-0.900968867902419
2026-01-01 07:45:00,24,0.9744986789122508,-0.0548068075673466,0.3532782826695011,0.1682277536521433,7.75,3,1,0.8968727415326884,-0.4422886902190011,0.4338837391175582,-0.900968867902419
2026-01-01 07:45:00,25,0.9566463478953356,0.1448736848415929,0.0504683260956428,0.0210284692065179,7.75,3,1,0.8968727415326884,-0.4422886902190011,0.4338837391175582,-0.900968867902419
2026-01-01 07:45:00,26,0.9545212089444336,0.1910710803324825,0.0504683260956428,0.0210284692065179,7.75,3,1,0.8968727415326884,-0.4422886902190011,0.4338837391175582,-0.900968867902419
2026-01-01 07:45:00,27,0.9450390160618168,0.2594129033633497,0.0504683260956428,0.0168227753652143,7.75,3,1,0.8968727415326884,-0.4422886902190011,0.4338837391175582,-0.900968867902419
2026-01-01 07:45:00,28,0.9382277791922528,0.3233373293415565,0.1009366521912857,0.0588797137782501,7.75,3,1,0.8968727415326884,-0.4422886902190011,0.4338837391175582,-0.900968867902419
2026-01-01 07:45:00,29,0.9352798257972044,0.4094101752577089,0.1682277536521432,0.50468326095643,7.75,3,1,0.8968727415326884,-0.4422886902190011,0.4338837391175582,-0.900968867902419
2026-01-01 07:45:00,30,0.9318331060744302,0.3404753281182922,0.1261708152391074,0.0588797137782501,7.75,3,1,0.8968727415326884,-0.4422886902190011,0.4338837391175582,-0.900968867902419
2026-01-01 07:45:00,31,0.9310748775010412,0.3216763859071921,0.1766391413347503,0.0841138768260716,7.75,3,1,0.8968727415326884,-0.4422886902190011,0.4338837391175582,-0.900968867902419
2026-01-01 07:45:00,32,0.9308399476005172,0.3153716637857468,0.0504683260956428,0.0336455507304287,7.75,3,1,0.8968727415326884,-0.4422886902190011,0.4338837391175582,-0.900968867902419
2026-01-01 08:00:00,0,1.0,0.0,-3.108062670095746,-2.030474083789474,8.0,3,1,0.8660254037844387,-0.4999999999999998,0.4338837391175582,-0.900968867902419
2026-01-01 08:00:00,1,0.9976166654817314,0.0147386707689988,0.0842312525517556,0.0505387515310533,8.0,3,1,0.8660254037844387,-0.4999999999999998,0.4338837391175582,-0.900968867902419
2026-01-01 08:00:00,2,0.9858696379063612,0.0823416977172279,0.07580812729658,0.0336925010207022,8.0,3,1,0.8660254037844387,-0.4999999999999998,0.4338837391175582,-0.900968867902419
2026-01-01 08:00:00,3,0.9796484452918706,0.136606064758581,0.1010775030621067,0.0673850020414044,8.0,3,1,0.8660254037844387,-0.4999999999999998,0.4338837391175582,-0.900968867902419
2026-01-01 08:00:00,4,0.9735000414725348,0.191547991995468,0.0505387515310533,0.0252693757655266,8.0,3,1,0.8660254037844387,-0.4999999999999998,0.4338837391175582,-0.900968867902419
2026-01-01 08:00:00,5,0.9582100359349168,0.1132815485165852,0.0505387515310533,0.0168462505103511,8.0,3,1,0.8660254037844387,-0.4999999999999998,0.4338837391175582,-0.900968867902419
2026-01-01 08:00:00,6,0.9553139437629063,-0.0766046948038507,0.1684625051035111,0.0842312525517555,8.0,3,1,0.8660254037844387,-0.4999999999999998,0.4338837391175582,-0.900968867902419
2026-01-01 08:00:00,7,0.9512884377036368,-0.0470639367606942,0.1684625051035112,0.0842312525517556,8.0,3,1,0.8660254037844387,-0.4999999999999998,0.4338837391175582,-0.900968867902419
2026-01-01 08:00:00,8,0.9460845680598884,-0.1072830270210755,0.0505387515310533,0.0168462505103511,8.0,3,1,0.8660254037844387,-0.4999999999999998,0.4338837391175582,-0.900968867902419
2026-01-01 08:00:00,9,0.9412586869142324,-0.1586964509802739,0.0505387515310533,0.0168462505103511,8.0,3,1,0.8660254037844387,-0.4999999999999998,0.4338837391175582,-0.900968867902419
2026-01-01 08:00:00,10,0.9405449945790144,-0.1527741069988487,0.03790406364829,0.0252693757655266,8.0,3,1,0.8660254037844387,-0.4999999999999998,0.4338837391175582,-0.900968867902419
2026-01-01 08:00:00,11,0.9393007478735385,-0.1434046909974012,0.0505387515310533,0.0294809383931144,8.0,3,1,0.8660254037844387,-0.4999999999999998,0.4338837391175582,-0.900968867902419
2026-01-01 08:00:00,12,0.9342307307095332,-0.2182628062337364,0.0505387515310533,0.0294809383931144,8.0,3,1,0.8660254037844387,-0.4999999999999998,0.4338837391175582,-0.900968867902419
2026-01-01 08:00:00,13,0.9323510968660618,-0.2826002232737264,0.1010775030621067,0.0673850020414044,8.0,3,1,0.8660254037844387,-0.4999999999999998,0.4338837391175582,-0.900968867902419
2026-01-01 08:00:00,14,0.9311801943267548,-0.3133987664206101,0.0505387515310533,0.0084231252551755,8.0,3,1,0.8660254037844387,-0.4999999999999998,0.4338837391175582,-0.900968867902419
2026-01-01 08:00:00,15,0.930046183142164,-0.3324004922362495,0.0505387515310533,0.0168462505103511,8.0,3,1,0.8660254037844387,-0.4999999999999998,0.4338837391175582,-0.900968867902419
2026-01-01 08:00:00,16,0.928365888177812,-0.395467359464374,0.0505387515310533,0.0168462505103511,8.0,3,1,0.8660254037844387,-0.4999999999999998,0.4338837391175582,-0.900968867902419
2026-01-01 08:00:00,17,0.9278626910493036,-0.4032905818673111,0.07580812729658,0.0336925010207022,8.0,3,1,0.8660254037844387,-0.4999999999999998,0.4338837391175582,-0.900968867902419
2026-01-01 08:00:00,18,0.9973372205406136,0.0146697388026026,-0.0849747796813131,0.0336925010207022,8.0,3,1,0.8660254037844387,-0.4999999999999998,0.4338837391175582,-0.900968867902419
2026-01-01 08:00:00,19,0.9943284930012436,-0.0416238397076677,0.07580812729658,0.0336925010207022,8.0,3,1,0.8660254037844387,-0.4999999999999998,0.4338837391175582,-0.900968867902419
2026-01-01 08:00:00,20,0.9937360311402476,-0.0578815533662203,0.07580812729658,0.0336925010207022,8.0,3,1,0.8660254037844387,-0.4999999999999998,0.4338837391175582,-0.900968867902419
2026-01-01 08:00:00,21,0.993200006980858,-0.0749666137373353,0.07580812729658,0.0336925010207022,8.0,3,1,0.8660254037844387,-0.4999999999999998,0.4338837391175582,-0.900968867902419
2026-01-01 08:00:00,22,0.9828641137007756,0.0564170751031731,0.07580812729658,0.0421156262758778,8.0,3,1,0.8660254037844387,-0.4999999999999998,0.4338837391175582,-0.900968867902419
2026-01-01 08:00:00,23,0.9772731561219244,-0.0177071444513066,0.3537712607173735,0.1684625051035112,8.0,3,1,0.8660254037844387,-0.4999999999999998,0.4338837391175582,-0.900968867902419
2026-01-01 08:00:00,24,0.974487262956905,-0.0541508495410459,0.3537712607173735,0.1684625051035111,8.0,3,1,0.8660254037844387,-0.4999999999999998,0.4338837391175582,-0.900968867902419
2026-01-01 08:00:00,25,0.956608130499355,0.1458172039150225,0.0505387515310533,0.0210578131379388,8.0,3,1,0.8660254037844387,-0.4999999999999998,0.4338837391175582,-0.900968867902419
2026-01-01 08:00:00,26,0.954479863351808,0.1920838634110945,0.0505387515310533,0.0210578131379388,8.0,3,1,0.8660254037844387,-0.4999999999999998,0.4338837391175582,-0.900968867902419
2026-01-01 08:00:00,27,0.9449837106455788,0.2605274463604052,0.0505387515310533,0.016846250510351,8.0,3,1,0.8660254037844387,-0.4999999999999998,0.4338837391175582,-0.900968867902419
2026-01-01 08:00:00,28,0.938162441383017,0.3245488845328251,0.1010775030621067,0.0589618767862289,8.0,3,1,0.8660254037844387,-0.4999999999999998,0.4338837391175582,-0.900968867902419
2026-01-01 08:00:00,29,0.935210142655644,0.4107544731866145,0.1684625051035113,0.5053875153105336,8.0,3,1,0.8660254037844387,-0.4999999999999998,0.4338837391175582,-0.900968867902419
2026-01-01 08:00:00,30,0.9317583317137168,0.3417127631447779,0.1263468788276331,0.0589618767862289,8.0,3,1,0.8660254037844387,-0.4999999999999998,0.4338837391175582,-0.900968867902419
2026-01-01 08:00:00,31,0.930998983009455,0.3228845421745988,0.1768856303586865,0.0842312525517556,8.0,3,1,0.8660254037844387,-0.4999999999999998,0.4338837391175582,-0.900968867902419
2026-01-01 08:00:00,32,0.930763705995476,0.3165699899097657,0.0505387515310533,0.0336925010207023,8.0,3,1,0.8660254037844387,-0.4999999999999998,0.4338837391175582,-0.900968867902419
2026-01-01 08:15:00,0,1.0,0.0,-3.0573850390919284,-2.013295030105146,8.25,3,1,0.8314696123025451,-0.5555702330196024,0.4338837391175582,-0.900968867902419
2026-01-01 08:15:00,1,0.99765085721251,0.0150240871601831,0.083555493898237,0.0501332963389422,8.25,3,1,0.8314696123025451,-0.5555702330196024,0.4338837391175582,-0.900968867902419
2026-01-01 08:15:00,2,0.9860033562102396,0.0820381039482141,0.0751999445084133,0.0334221975592948,8.25,3,1,0.8314696123025451,-0.5555702330196024,0.4338837391175582,-0.900968867902419
2026-01-01 08:15:00,3,0.979835470306987,0.1358247690912897,0.1002665926778844,0.0668443951185896,8.25,3,1,0.8314696123025451,-0.5555702330196024,0.4338837391175582,-0.900968867902419
2026-01-01 08:15:00,4,0.9737398586045176,0.1902759637344017,0.0501332963389422,0.0250666481694711,8.25,3,1,0.8314696123025451,-0.5555702330196024,0.4338837391175582,-0.900968867902419
2026-01-01 08:15:00,5,0.95858133033363,0.1126917260729751,0.0501332963389422,0.0167110987796474,8.25,3,1,0.8314696123025451,-0.5555702330196024,0.4338837391175582,-0.900968867902419
2026-01-01 08:15:00,6,0.95571014854277,-0.075497412570181,0.1671109877964741,0.083555493898237,8.25,3,1,0.8314696123025451,-0.5555702330196024,0.4338837391175582,-0.900968867902419
2026-01-01 08:15:00,7,0.951719243677538,-0.0462288059856207,0.167110987796474,0.083555493898237,8.25,3,1,0.8314696123025451,-0.5555702330196024,0.4338837391175582,-0.900968867902419
2026-01-01 08:15:00,8,0.9465603403224327,-0.1059083853089618,0.0501332963389422,0.0167110987796473,8.25,3,1,0.8314696123025451,-0.5555702330196024,0.4338837391175582,-0.900968867902419
2026-01-01 08:15:00,9,0.9417762019435169,-0.1568566040048102,0.0501332963389422,0.0167110987796473,8.25,3,1,0.8314696123025451,-0.5555702330196024,0.4338837391175582,-0.900968867902419
2026-01-01 08:15:00,10,0.9410686842945511,-0.1509895432317399,0.0375999722542066,0.0250666481694711,8.25,3,1,0.8314696123025451,-0.5555702330196024,0.4338837391175582,-0.900968867902419
2026-01-01 08:15:00,11,0.9398352111444618,-0.1417081814407575,0.0501332963389422,0.0292444228643829,8.25,3,1,0.8314696123025451,-0.5555702330196024,0.4338837391175582,-0.900968867902419
2026-01-01 08:15:00,12,0.934809184294314,-0.215879656557925,0.0501332963389422,0.0292444228643829,8.25,3,1,0.8314696123025451,-0.5555702330196024,0.4338837391175582,-0.900968867902419
2026-01-01 08:15:00,13,0.93294587345485,-0.2796202790020686,0.1002665926778845,0.0668443951185896,8.25,3,1,0.8314696123025451,-0.5555702330196024,0.4338837391175582,-0.900968867902419
2026-01-01 08:15:00,14,0.9317851479417107,-0.3101325313703463,0.0501332963389422,0.0083555493898237,8.25,3,1,0.8314696123025451,-0.5555702330196024,0.4338837391175582,-0.900968867902419
2026-01-01 08:15:00,15,0.9306609967122708,-0.3289574357222735,0.0501332963389422,0.0167110987796473,8.25,3,1,0.8314696123025451,-0.5555702330196024,0.4338837391175582,-0.900968867902419
2026-01-01 08:15:00,16,0.9289953227625016,-0.391434550271982,0.0501332963389422,0.0167110987796473,8.25,3,1,0.8314696123025451,-0.5555702330196024,0.4338837391175582,-0.900968867902419
2026-01-01 08:15:00,17,0.9284965034314128,-0.3991844577047884,0.0751999445084132,0.0334221975592948,8.25,3,1,0.8314696123025451,-0.5555702330196024,0.4338837391175582,-0.900968867902419
2026-01-01 08:15:00,18,0.9973987080719852,0.0163272543850089,-0.1086871932124577,0.0334221975592947,8.25,3,1,0.8314696123025451,-0.5555702330196024,0.4338837391175582,-0.900968867902419
2026-01-01 08:15:00,19,0.9944143966946504,-0.0395065749949937,0.0751999445084132,0.0334221975592947,8.25,3,1,0.8314696123025451,-0.5555702330196024,0.4338837391175582,-0.900968867902419
2026-01-01 08:15:00,20,0.993826743567084,-0.0556309992020422,0.0751999445084132,0.0334221975592947,8.25,3,1,0.8314696123025451,-0.5555702330196024,0.4338837391175582,-0.900968867902419
2026-01-01 08:15:00,21,0.9932950709956796,-0.0725758231332137,0.0751999445084132,0.0334221975592947,8.25,3,1,0.8314696123025451,-0.5555702330196024,0.4338837391175582,-0.900968867902419
2026-01-01 08:15:00,22,0.9830225929344808,0.0563284363931559,0.0751999445084132,0.0417777469491185,8.25,3,1,0.8314696123025451,-0.5555702330196024,0.4338837391175582,-0.900968867902419
2026-01-01 08:15:00,23,0.9774777278226872,-0.01717385090426,0.3509330743725956,0.167110987796474,8.25,3,1,0.8314696123025451,-0.5555702330196024,0.4338837391175582,-0.900968867902419
2026-01-01 08:15:00,24,0.9747148317992972,-0.053309176012027,0.3509330743725953,0.167110987796474,8.25,3,1,0.8314696123025451,-0.5555702330196024,0.4338837391175582,-0.900968867902419
2026-01-01 08:15:00,25,0.9569932484750132,0.1449368900986093,0.050133296338942,0.0208888734745593,8.25,3,1,0.8314696123025451,-0.5555702330196024,0.4338837391175582,-0.900968867902419
2026-01-01 08:15:00,26,0.9548833660718616,0.1907889080038994,0.050133296338942,0.0208888734745593,8.25,3,1,0.8314696123025451,-0.5555702330196024,0.4338837391175582,-0.900968867902419
2026-01-01 08:15:00,27,0.9454692568662332,0.2586232814597215,0.050133296338942,0.0167110987796474,8.25,3,1,0.8314696123025451,-0.5555702330196024,0.4338837391175582,-0.900968867902419
2026-01-01 08:15:00,28,0.9387069494422772,0.322064023007785,0.1002665926778845,0.058488845728766,8.25,3,1,0.8314696123025451,-0.5555702330196024,0.4338837391175582,-0.900968867902419
2026-01-01 08:15:00,29,0.9357801890731684,0.4074751438833146,0.167110987796474,0.5013329633894221,8.25,3,1,0.8314696123025451,-0.5555702330196024,0.4338837391175582,-0.900968867902419
2026-01-01 08:15:00,30,0.9323583008825614,0.3390729827348991,0.1253332408473557,0.058488845728766,8.25,3,1,0.8314696123025451,-0.5555702330196024,0.4338837391175582,-0.900968867902419
2026-01-01 08:15:00,31,0.931605535560934,0.3204199812612585,0.1754665371862978,0.083555493898237,8.25,3,1,0.8314696123025451,-0.5555702330196024,0.4338837391175582,-0.900968867902419
2026-01-01 08:15:00,32,0.9313722986517275,0.314164257204567,0.050133296338942,0.0334221975592947,8.25,3,1,0.8314696123025451,-0.5555702330196024,0.4338837391175582,-0.900968867902419
2026-01-01 08:30:00,0,1.0,0.0,-3.1644208520938655,-2.1073710434871105,8.5,3,1,0.7933533402912352,-0.6087614290087207,0.4338837391175582,-0.900968867902419
2026-01-01 08:30:00,1,0.9975617028008008,0.0163309680317384,0.0872634064502719,0.0523580438701631,8.5,3,1,0.7933533402912352,-0.6087614290087207,0.4338837391175582,-0.900968867902419
2026-01-01 08:30:00,2,0.9853682323951822,0.0865725537168008,0.0785370658052447,0.0349053625801087,8.5,3,1,0.7933533402912352,-0.6087614290087207,0.4338837391175582,-0.900968867902419
2026-01-01 08:30:00,3,0.9789077967026202,0.1429779405863937,0.1047160877403263,0.0698107251602175,8.5,3,1,0.7933533402912352,-0.6087614290087207,0.4338837391175582,-0.900968867902419
2026-01-01 08:30:00,4,0.9725224366982376,0.2001208361946926,0.0523580438701631,0.0261790219350815,8.5,3,1,0.7933533402912352,-0.6087614290087207,0.4338837391175582,-0.900968867902419
2026-01-01 08:30:00,5,0.9566422583711932,0.1187983350893653,0.0523580438701631,0.0174526812900543,8.5,3,1,0.7933533402912352,-0.6087614290087207,0.4338837391175582,-0.900968867902419
2026-01-01 08:30:00,6,0.953634347494548,-0.0786998037751207,0.1745268129005438,0.0872634064502719,8.5,3,1,0.7933533402912352,-0.6087614290087207,0.4338837391175582,-0.900968867902419
2026-01-01 08:30:00,7,0.9494535271010554,-0.047936523194152,0.1745268129005438,0.0872634064502719,8.5,3,1,0.7933533402912352,-0.6087614290087207,0.4338837391175582,-0.900968867902419
2026-01-01 08:30:00,8,0.9440477662449616,-0.110575700664314,0.0523580438701631,0.0174526812900543,8.5,3,1,0.7933533402912352,-0.6087614290087207,0.4338837391175582,-0.900968867902419
2026-01-01 08:30:00,9,0.9390344576707644,-0.1640769440929788,0.0523580438701631,0.0174526812900543,8.5,3,1,0.7933533402912352,-0.6087614290087207,0.4338837391175582,-0.900968867902419
2026-01-01 08:30:00,10,0.938293040328699,-0.1579060958606455,0.0392685329026223,0.0261790219350815,8.5,3,1,0.7933533402912352,-0.6087614290087207,0.4338837391175582,-0.900968867902419
2026-01-01 08:30:00,11,0.9370004173132214,-0.148140730759765,0.0523580438701631,0.0305421922575951,8.5,3,1,0.7933533402912352,-0.6087614290087207,0.4338837391175582,-0.900968867902419
2026-01-01 08:30:00,12,0.9317328513820928,-0.2260826021545204,0.0523580438701631,0.0305421922575951,8.5,3,1,0.7933533402912352,-0.6087614290087207,0.4338837391175582,-0.900968867902419
2026-01-01 08:30:00,13,0.9297799121283852,-0.2931018233148778,0.1047160877403263,0.0698107251602175,8.5,3,1,0.7933533402912352,-0.6087614290087207,0.4338837391175582,-0.900968867902419
2026-01-01 08:30:00,14,0.9285633033771672,-0.3251870054719544,0.0523580438701631,0.0087263406450271,8.5,3,1,0.7933533402912352,-0.6087614290087207,0.4338837391175582,-0.900968867902419
2026-01-01 08:30:00,15,0.9273850091915996,-0.344983440504335,0.0523580438701631,0.0174526812900543,8.5,3,1,0.7933533402912352,-0.6087614290087207,0.4338837391175582,-0.900968867902419
2026-01-01 08:30:00,16,0.9256390458791344,-0.4107015761085221,0.0523580438701631,0.0174526812900543,8.5,3,1,0.7933533402912352,-0.6087614290087207,0.4338837391175582,-0.900968867902419
2026-01-01 08:30:00,17,0.9251161866192652,-0.418854427335883,0.0785370658052446,0.0349053625801087,8.5,3,1,0.7933533402912352,-0.6087614290087207,0.4338837391175582,-0.900968867902419
2026-01-01 08:30:00,18,0.9973349054877526,0.0196993751233686,-0.1492051564845198,0.0349053625801087,8.5,3,1,0.7933533402912352,-0.6087614290087207,0.4338837391175582,-0.900968867902419
2026-01-01 08:30:00,19,0.9942174277270156,-0.0386266555292235,0.0785370658052446,0.0349053625801087,8.5,3,1,0.7933533402912352,-0.6087614290087207,0.4338837391175582,-0.900968867902419
2026-01-01 08:30:00,20,0.9936035475028118,-0.0554737149512465,0.0785370658052446,0.0349053625801087,8.5,3,1,0.7933533402912352,-0.6087614290087207,0.4338837391175582,-0.900968867902419
2026-01-01 08:30:00,21,0.9930481409770262,-0.0731788700791634,0.0785370658052446,0.0349053625801087,8.5,3,1,0.7933533402912352,-0.6087614290087207,0.4338837391175582,-0.900968867902419
2026-01-01 08:30:00,22,0.9822517890433914,0.0596873778435372,0.0785370658052446,0.0436317032251359,8.5,3,1,0.7933533402912352,-0.6087614290087207,0.4338837391175582,-0.900968867902419
2026-01-01 08:30:00,23,0.97645434930752,-0.0172175560416849,0.366506307091142,0.1745268129005438,8.5,3,1,0.7933533402912352,-0.6087614290087207,0.4338837391175582,-0.900968867902419
2026-01-01 08:30:00,24,0.9735654290729572,-0.0550406000203332,0.3665063070911423,0.1745268129005439,8.5,3,1,0.7933533402912352,-0.6087614290087207,0.4338837391175582,-0.900968867902419
2026-01-01 08:30:00,25,0.954978291382414,0.152636844914532,0.0523580438701629,0.0218158516125679,8.5,3,1,0.7933533402912352,-0.6087614290087207,0.4338837391175582,-0.900968867902419
2026-01-01 08:30:00,26,0.952767481062324,0.2007635222091536,0.0523580438701629,0.0218158516125679,8.5,3,1,0.7933533402912352,-0.6087614290087207,0.4338837391175582,-0.900968867902419
2026-01-01 08:30:00,27,0.9429029696174804,0.2719389423940838,0.0523580438701629,0.0174526812900543,8.5,3,1,0.7933533402912352,-0.6087614290087207,0.4338837391175582,-0.900968867902419
2026-01-01 08:30:00,28,0.9358169674001274,0.3385668515772334,0.1047160877403263,0.0610843845151902,8.5,3,1,0.7933533402912352,-0.6087614290087207,0.4338837391175582,-0.900968867902419
2026-01-01 08:30:00,29,0.932749999701068,0.428341336046859,0.1745268129005439,0.5235804387016314,8.5,3,1,0.7933533402912352,-0.6087614290087207,0.4338837391175582,-0.900968867902419
2026-01-01 08:30:00,30,0.9291638196264989,0.3564259003794256,0.130895109675408,0.0610843845151902,8.5,3,1,0.7933533402912352,-0.6087614290087207,0.4338837391175582,-0.900968867902419
2026-01-01 08:30:00,31,0.9283749078389534,0.3368101666192439,0.183253153545571,0.0872634064502719,8.5,3,1,0.7933533402912352,-0.6087614290087207,0.4338837391175582,-0.900968867902419
2026-01-01 08:30:00,32,0.9281304695420852,0.3302311999692631,0.0523580438701629,0.0349053625801087,8.5,3,1,0.7933533402912352,-0.6087614290087207,0.4338837391175582,-0.900968867902419
2026-01-01 08:45:00,0,1.0,0.0,-3.1998900518192546,-2.1329397689130216,8.75,3,1,0.7518398074789774,-0.6593458151000688,0.4338837391175582,-0.900968867902419
2026-01-01 08:45:00,1,0.9975338021582396,0.0165788354770851,0.0882674911727671,0.0529604947036602,8.75,3,1,0.7518398074789774,-0.6593458151000688,0.4338837391175582,-0.900968867902419
2026-01-01 08:45:00,2,0.9851919500984864,0.0876992600239246,0.0794407420554904,0.0353069964691068,8.75,3,1,0.7518398074789774,-0.6593458151000688,0.4338837391175582,-0.900968867902419
2026-01-01 08:45:00,3,0.97865194910329,0.1448181614830451,0.1059209894073205,0.0706139929382137,8.75,3,1,0.7518398074789774,-0.6593458151000688,0.4338837391175582,-0.900968867902419
2026-01-01 08:45:00,4,0.972187775545917,0.2026951118752016,0.0529604947036602,0.0264802473518301,8.75,3,1,0.7518398074789774,-0.6593458151000688,0.4338837391175582,-0.900968867902419
2026-01-01 08:45:00,5,0.9561112853368832,0.1203547089772389,0.0529604947036602,0.0176534982345534,8.75,3,1,0.7518398074789774,-0.6593458151000688,0.4338837391175582,-0.900968867902419
2026-01-01 08:45:00,6,0.9530661791334776,-0.0796822053101744,0.1765349823455342,0.0882674911727671,8.75,3,1,0.7518398074789774,-0.6593458151000688,0.4338837391175582,-0.900968867902419
2026-01-01 08:45:00,7,0.9488336969420922,-0.0485105013505606,0.1765349823455343,0.0882674911727671,8.75,3,1,0.7518398074789774,-0.6593458151000688,0.4338837391175582,-0.900968867902419
2026-01-01 08:45:00,8,0.9433607616757892,-0.1119569378301745,0.0529604947036602,0.0176534982345534,8.75,3,1,0.7518398074789774,-0.6593458151000688,0.4338837391175582,-0.900968867902419
2026-01-01 08:45:00,9,0.9382850875507874,-0.1661549880218812,0.0529604947036602,0.0176534982345534,8.75,3,1,0.7518398074789774,-0.6593458151000688,0.4338837391175582,-0.900968867902419
2026-01-01 08:45:00,10,0.9375344447293034,-0.1599010574062953,0.0397203710277451,0.0264802473518301,8.75,3,1,0.7518398074789774,-0.6593458151000688,0.4338837391175582,-0.900968867902419
2026-01-01 08:45:00,11,0.936225723792895,-0.1500032653119164,0.0529604947036602,0.0308936219104685,8.75,3,1,0.7518398074789774,-0.6593458151000688,0.4338837391175582,-0.900968867902419
2026-01-01 08:45:00,12,0.9308924129316806,-0.228975119100607,0.0529604947036602,0.0308936219104684,8.75,3,1,0.7518398074789774,-0.6593458151000688,0.4338837391175582,-0.900968867902419
2026-01-01 08:45:00,13,0.9289150761523136,-0.2968906359101866,0.1059209894073205,0.0706139929382136,8.75,3,1,0.7518398074789774,-0.6593458151000688,0.4338837391175582,-0.900968867902419
2026-01-01 08:45:00,14,0.9276832546954096,-0.3294058814438471,0.0529604947036603,0.0088267491172767,8.75,3,1,0.7518398074789774,-0.6593458151000688,0.4338837391175582,-0.900968867902419
2026-01-01 08:45:00,15,0.9264902211932456,-0.3494679666466613,0.0529604947036603,0.0176534982345534,8.75,3,1,0.7518398074789774,-0.6593458151000688,0.4338837391175582,-0.900968867902419
2026-01-01 08:45:00,16,0.9247223996186203,-0.4160725971029365,0.0529604947036603,0.0176534982345534,8.75,3,1,0.7518398074789774,-0.6593458151000688,0.4338837391175582,-0.900968867902419
2026-01-01 08:45:00,17,0.9241929957171352,-0.4243356786177926,0.0794407420554903,0.0353069964691068,8.75,3,1,0.7518398074789774,-0.6593458151000688,0.4338837391175582,-0.900968867902419
2026-01-01 08:45:00,18,0.9973073623240336,0.0201501087968657,-0.1538368736523045,0.0353069964691068,8.75,3,1,0.7518398074789774,-0.6593458151000688,0.4338837391175582,-0.900968867902419
2026-01-01 08:45:00,19,0.994153780213046,-0.0388522293484387,0.0794407420554903,0.0353069964691068,8.75,3,1,0.7518398074789774,-0.6593458151000688,0.4338837391175582,-0.900968867902419
2026-01-01 08:45:00,20,0.9935327891712982,-0.0558954329989824,0.0794407420554903,0.0353069964691068,8.75,3,1,0.7518398074789774,-0.6593458151000688,0.4338837391175582,-0.900968867902419
2026-01-01 08:45:00,21,0.992970947701196,-0.0738069779157639,0.0794407420554903,0.0353069964691068,8.75,3,1,0.7518398074789774,-0.6593458151000688,0.4338837391175582,-0.900968867902419
2026-01-01 08:45:00,22,0.9820386995925444,0.0604950082020228,0.0794407420554903,0.0441337455863836,8.75,3,1,0.7518398074789774,-0.6593458151000688,0.4338837391175582,-0.900968867902419
2026-01-01 08:45:00,23,0.9761727388804338,-0.0173341766856826,0.3707234629256219,0.1765349823455342,8.75,3,1,0.7518398074789774,-0.6593458151000688,0.4338837391175582,-0.900968867902419
2026-01-01 08:45:00,24,0.9732496268710388,-0.0556158811539117,0.3707234629256222,0.1765349823455342,8.75,3,1,0.7518398074789774,-0.6593458151000688,0.4338837391175582,-0.900968867902419
2026-01-01 08:45:00,25,0.9544266704344744,0.1546277329185111,0.0529604947036603,0.0220668727931918,8.75,3,1,0.7518398074789774,-0.6593458151000688,0.4338837391175582,-0.900968867902419
2026-01-01 08:45:00,26,0.952188396376534,0.2033748707018734,0.0529604947036603,0.0220668727931918,8.75,3,1,0.7518398074789774,-0.6593458151000688,0.4338837391175582,-0.900968867902419
2026-01-01 08:45:00,27,0.9422013236645184,0.2754612124929969,0.0529604947036603,0.0176534982345535,8.75,3,1,0.7518398074789774,-0.6593458151000688,0.4338837391175582,-0.900968867902419
2026-01-01 08:45:00,28,0.9350272364017108,0.3429591487738081,0.1059209894073207,0.061787243820937,8.75,3,1,0.7518398074789774,-0.6593458151000688,0.4338837391175582,-0.900968867902419
2026-01-01 08:45:00,29,0.931922113063728,0.4339259736810403,0.1765349823455344,0.5296049470366029,8.75,3,1,0.7518398074789774,-0.6593458151000688,0.4338837391175582,-0.900968867902419
2026-01-01 08:45:00,30,0.9282912167835722,0.361050173473688,0.1324012367591507,0.061787243820937,8.75,3,1,0.7518398074789774,-0.6593458151000688,0.4338837391175582,-0.900968867902419
2026-01-01 08:45:00,31,0.9274924667373315,0.3411711938366304,0.1853617314628111,0.0882674911727672,8.75,3,1,0.7518398074789774,-0.6593458151000688,0.4338837391175582,-0.900968867902419
2026-01-01 08:45:00,32,0.9272449796432868,0.3345038346620159,0.0529604947036603,0.0353069964691068,8.75,3,1,0.7518398074789774,-0.6593458151000688,0.4338837391175582,-0.900968867902419
2026-01-01 09:00:00,0,1.0,0.0,-2.9597252818613997,-2.033057155907124,9.0,3,1,0.7071067811865476,-0.7071067811865475,0.4338837391175582,-0.900968867902419
2026-01-01 09:00:00,1,0.9977012530293756,0.0173208171365364,0.0843453649811742,0.0506072189887045,9.0,3,1,0.7071067811865476,-0.7071067811865475,0.4338837391175582,-0.900968867902419
2026-01-01 09:00:00,2,0.9859385854360394,0.0850101762584616,0.0759108284830568,0.0337381459924696,9.0,3,1,0.7071067811865476,-0.7071067811865475,0.4338837391175582,-0.900968867902419
2026-01-01 09:00:00,3,0.9797090214068536,0.1393445682187861,0.101214437977409,0.0674762919849393,9.0,3,1,0.7071067811865476,-0.7071067811865475,0.4338837391175582,-0.900968867902419
2026-01-01 09:00:00,4,0.9735523279665764,0.1943584410306401,0.0506072189887045,0.0253036094943522,9.0,3,1,0.7071067811865476,-0.7071067811865475,0.4338837391175582,-0.900968867902419
2026-01-01 09:00:00,5,0.9582416790884396,0.1159920053923987,0.0506072189887045,0.0168690729962348,9.0,3,1,0.7071067811865476,-0.7071067811865475,0.4338837391175582,-0.900968867902419
2026-01-01 09:00:00,6,0.9553416757841372,-0.074143049658542,0.1686907299623484,0.0843453649811742,9.0,3,1,0.7071067811865476,-0.7071067811865475,0.4338837391175582,-0.900968867902419
2026-01-01 09:00:00,7,0.9513107368433668,-0.0445623790018202,0.1686907299623484,0.0843453649811742,9.0,3,1,0.7071067811865476,-0.7071067811865475,0.4338837391175582,-0.900968867902419
2026-01-01 09:00:00,8,0.9460998089554244,-0.1048605684740295,0.0506072189887045,0.0168690729962348,9.0,3,1,0.7071067811865476,-0.7071067811865475,0.4338837391175582,-0.900968867902419
2026-01-01 09:00:00,9,0.9412673759304429,-0.156342204557744,0.0506072189887045,0.0168690729962348,9.0,3,1,0.7071067811865476,-0.7071067811865475,0.4338837391175582,-0.900968867902419
2026-01-01 09:00:00,10,0.9405527144385686,-0.1504117518361122,0.0379554142415283,0.0253036094943522,9.0,3,1,0.7071067811865476,-0.7071067811865475,0.4338837391175582,-0.900968867902419
2026-01-01 09:00:00,11,0.9393067768306848,-0.1410294194484118,0.0506072189887045,0.029520877743411,9.0,3,1,0.7071067811865476,-0.7071067811865475,0.4338837391175582,-0.900968867902419
2026-01-01 09:00:00,12,0.9342298562138796,-0.2159882298592956,0.0506072189887045,0.029520877743411,9.0,3,1,0.7071067811865476,-0.7071067811865475,0.4338837391175582,-0.900968867902419
2026-01-01 09:00:00,13,0.9323476609067178,-0.2804131767631877,0.1012144379774091,0.0674762919849393,9.0,3,1,0.7071067811865476,-0.7071067811865475,0.4338837391175582,-0.900968867902419
2026-01-01 09:00:00,14,0.9311751614289612,-0.3112537101599627,0.0506072189887045,0.0084345364981174,9.0,3,1,0.7071067811865476,-0.7071067811865475,0.4338837391175582,-0.900968867902419
2026-01-01 09:00:00,15,0.930039603090718,-0.3302813706624097,0.0506072189887045,0.0168690729962348,9.0,3,1,0.7071067811865476,-0.7071067811865475,0.4338837391175582,-0.900968867902419
2026-01-01 09:00:00,16,0.9283570139997636,-0.3934347423964024,0.0506072189887045,0.0168690729962348,9.0,3,1,0.7071067811865476,-0.7071067811865475,0.4338837391175582,-0.900968867902419
2026-01-01 09:00:00,17,0.927853129961473,-0.401268718835979,0.0759108284830567,0.0337381459924697,9.0,3,1,0.7071067811865476,-0.7071067811865475,0.4338837391175582,-0.900968867902419
2026-01-01 09:00:00,18,0.997577579029,0.0258060149357257,-0.2372697239379835,0.0337381459924697,9.0,3,1,0.7071067811865476,-0.7071067811865475,0.4338837391175582,-0.900968867902419
2026-01-01 09:00:00,19,0.994565491142995,-0.0305368009395282,0.0759108284830567,0.0337381459924697,9.0,3,1,0.7071067811865476,-0.7071067811865475,0.4338837391175582,-0.900968867902419
2026-01-01 09:00:00,20,0.9939723674905818,-0.046808789889156,0.0759108284830567,0.0337381459924697,9.0,3,1,0.7071067811865476,-0.7071067811865475,0.4338837391175582,-0.900968867902419
2026-01-01 09:00:00,21,0.9934357444809556,-0.0639088697342515,0.0759108284830567,0.0337381459924697,9.0,3,1,0.7071067811865476,-0.7071067811865475,0.4338837391175582,-0.900968867902419
2026-01-01 09:00:00,22,0.9829291638180936,0.0590540634889428,0.0759108284830567,0.0421726824905871,9.0,3,1,0.7071067811865476,-0.7071067811865475,0.4338837391175582,-0.900968867902419
2026-01-01 09:00:00,23,0.9773309515052608,-0.0151612774544248,0.3542505329209318,0.1686907299623484,9.0,3,1,0.7071067811865476,-0.7071067811865475,0.4338837391175582,-0.900968867902419
2026-01-01 09:00:00,24,0.9745414389831686,-0.0516501680657894,0.3542505329209315,0.1686907299623484,9.0,3,1,0.7071067811865476,-0.7071067811865475,0.4338837391175582,-0.900968867902419
2026-01-01 09:00:00,25,0.9566376036388184,0.1485702491582959,0.0506072189887043,0.0210863412452935,9.0,3,1,0.7071067811865476,-0.7071067811865475,0.4338837391175582,-0.900968867902419
2026-01-01 09:00:00,26,0.9545064506369196,0.1948977008089989,0.0506072189887043,0.0210863412452935,9.0,3,1,0.7071067811865476,-0.7071067811865475,0.4338837391175582,-0.900968867902419
2026-01-01 09:00:00,27,0.9449974196658748,0.2634305955849961,0.0506072189887043,0.0168690729962348,9.0,3,1,0.7071067811865476,-0.7071067811865475,0.4338837391175582,-0.900968867902419
2026-01-01 09:00:00,28,0.9381668954887727,0.3275371823809718,0.1012144379774091,0.0590417554868218,9.0,3,1,0.7071067811865476,-0.7071067811865475,0.4338837391175582,-0.900968867902419
2026-01-01 09:00:00,29,0.9352105883156469,0.4138592849533674,0.1686907299623485,0.5060721898870453,9.0,3,1,0.7071067811865476,-0.7071067811865475,0.4338837391175582,-0.900968867902419
2026-01-01 09:00:00,30,0.9317540813221707,0.3447237757858512,0.1265180474717615,0.0590417554868218,9.0,3,1,0.7071067811865476,-0.7071067811865475,0.4338837391175582,-0.900968867902419
2026-01-01 09:00:00,31,0.9309936994344212,0.3258698550685075,0.1771252664604659,0.0843453649811742,9.0,3,1,0.7071067811865476,-0.7071067811865475,0.4338837391175582,-0.900968867902419
2026-01-01 09:00:00,32,0.9307581022529856,0.3195466742689939,0.0506072189887043,0.0337381459924697,9.0,3,1,0.7071067811865476,-0.7071067811865475,0.4338837391175582,-0.900968867902419
2026-01-01 09:15:00,0,1.0,0.0,-2.8423570986150906,-1.9644100525610877,9.25,3,1,0.659345815100069,-0.7518398074789773,0.4338837391175582,-0.900968867902419
2026-01-01 09:15:00,1,0.9977888990318422,0.0170280330078295,0.0816338054774097,0.0489802832864458,9.25,3,1,0.659345815100069,-0.7518398074789773,0.4338837391175582,-0.900968867902419
2026-01-01 09:15:00,2,0.9864244112027418,0.0823659860108212,0.0734704249296687,0.0326535221909638,9.25,3,1,0.659345815100069,-0.7518398074789773,0.4338837391175582,-0.900968867902419
2026-01-01 09:15:00,3,0.9804080511437874,0.1347938037721839,0.0979605665728916,0.0653070443819277,9.25,3,1,0.659345815100069,-0.7518398074789773,0.4338837391175582,-0.900968867902419
2026-01-01 09:15:00,4,0.9744624924083276,0.1878497725888693,0.0489802832864458,0.0244901416432229,9.25,3,1,0.659345815100069,-0.7518398074789773,0.4338837391175582,-0.900968867902419
2026-01-01 09:15:00,5,0.959677648831172,0.1122067842657822,0.0489802832864458,0.0163267610954819,9.25,3,1,0.659345815100069,-0.7518398074789773,0.4338837391175582,-0.900968867902419
2026-01-01 09:15:00,6,0.9568772666835316,-0.0711573512797707,0.1632676109548194,0.0816338054774097,9.25,3,1,0.659345815100069,-0.7518398074789773,0.4338837391175582,-0.900968867902419
2026-01-01 09:15:00,7,0.9529847066226472,-0.0426616677704063,0.1632676109548194,0.0816338054774097,9.25,3,1,0.659345815100069,-0.7518398074789773,0.4338837391175582,-0.900968867902419
2026-01-01 09:15:00,8,0.9479535853406332,-0.100807490999501,0.0489802832864458,0.0163267610954819,9.25,3,1,0.659345815100069,-0.7518398074789773,0.4338837391175582,-0.900968867902419
2026-01-01 09:15:00,9,0.9432880645116836,-0.1504336578924147,0.0489802832864458,0.0163267610954819,9.25,3,1,0.659345815100069,-0.7518398074789773,0.4338837391175582,-0.900968867902419
2026-01-01 09:15:00,10,0.9425980929061536,-0.1447235297091389,0.0367352124648343,0.0244901416432228,9.25,3,1,0.659345815100069,-0.7518398074789773,0.4338837391175582,-0.900968867902419
2026-01-01 09:15:00,11,0.9413952331471578,-0.1356920677751542,0.0489802832864458,0.0285718319170933,9.25,3,1,0.659345815100069,-0.7518398074789773,0.4338837391175582,-0.900968867902419
2026-01-01 09:15:00,12,0.936494197308496,-0.207913152607907,0.0489802832864458,0.0285718319170933,9.25,3,1,0.659345815100069,-0.7518398074789773,0.4338837391175582,-0.900968867902419
2026-01-01 09:15:00,13,0.9346772641121808,-0.2699592747817327,0.0979605665728915,0.0653070443819278,9.25,3,1,0.659345815100069,-0.7518398074789773,0.4338837391175582,-0.900968867902419
2026-01-01 09:15:00,14,0.9335454531560156,-0.2996587132006219,0.0489802832864458,0.008163380547741,9.25,3,1,0.659345815100069,-0.7518398074789773,0.4338837391175582,-0.900968867902419
2026-01-01 09:15:00,15,0.932449315281859,-0.3179816194711009,0.0489802832864458,0.0163267610954819,9.25,3,1,0.659345815100069,-0.7518398074789773,0.4338837391175582,-0.900968867902419
2026-01-01 09:15:00,16,0.93082518033943,-0.3787847171692294,0.0489802832864458,0.0163267610954819,9.25,3,1,0.659345815100069,-0.7518398074789773,0.4338837391175582,-0.900968867902419
2026-01-01 09:15:00,17,0.9303387986153944,-0.3863265358920518,0.0734704249296687,0.0326535221909638,9.25,3,1,0.659345815100069,-0.7518398074789773,0.4338837391175582,-0.900968867902419
2026-01-01 09:15:00,18,0.9976869845591138,0.0262103826880467,-0.2469292566243488,0.0326535221909638,9.25,3,1,0.659345815100069,-0.7518398074789773,0.4338837391175582,-0.900968867902419
2026-01-01 09:15:00,19,0.994772415539244,-0.028304334504872,0.0734704249296687,0.0326535221909638,9.25,3,1,0.659345815100069,-0.7518398074789773,0.4338837391175582,-0.900968867902419
2026-01-01 09:15:00,20,0.9941984980183308,-0.0440463717341636,0.0734704249296687,0.0326535221909638,9.25,3,1,0.659345815100069,-0.7518398074789773,0.4338837391175582,-0.900968867902419
2026-01-01 09:15:00,21,0.9936792551960916,-0.0605888939121589,0.0734704249296687,0.0326535221909638,9.25,3,1,0.659345815100069,-0.7518398074789773,0.4338837391175582,-0.900968867902419
2026-01-01 09:15:00,22,0.9835141250433852,0.0572690420192101,0.0734704249296687,0.0408169027387048,9.25,3,1,0.659345815100069,-0.7518398074789773,0.4338837391175582,-0.900968867902419
2026-01-01 09:15:00,23,0.9781004502852924,-0.0144611317443427,0.3428619830051207,0.1632676109548194,9.25,3,1,0.659345815100069,-0.7518398074789773,0.4338837391175582,-0.900968867902419
2026-01-01 09:15:00,24,0.9754030070483224,-0.0497180129828988,0.3428619830051207,0.1632676109548195,9.25,3,1,0.659345815100069,-0.7518398074789773,0.4338837391175582,-0.900968867902419
2026-01-01 09:15:00,25,0.9581288516452294,0.1436260295741611,0.0489802832864456,0.0204084513693523,9.25,3,1,0.659345815100069,-0.7518398074789773,0.4338837391175582,-0.900968867902419
2026-01-01 09:15:00,26,0.9560712143038096,0.1882993026061499,0.0489802832864456,0.0204084513693523,9.25,3,1,0.659345815100069,-0.7518398074789773,0.4338837391175582,-0.900968867902419
2026-01-01 09:15:00,27,0.9468902519524148,0.254401378504313,0.0489802832864456,0.016326761095482,9.25,3,1,0.659345815100069,-0.7518398074789773,0.4338837391175582,-0.900968867902419
2026-01-01 09:15:00,28,0.9402954963755888,0.3161920036490664,0.0979605665728917,0.0571436638341869,9.25,3,1,0.659345815100069,-0.7518398074789773,0.4338837391175582,-0.900968867902419
2026-01-01 09:15:00,29,0.9374413064790248,0.3993468386820159,0.1632676109548194,0.4898028328644581,9.25,3,1,0.659345815100069,-0.7518398074789773,0.4338837391175582,-0.900968867902419
2026-01-01 09:15:00,30,0.9341044413622088,0.3327606611316104,0.1224507082161143,0.0571436638341869,9.25,3,1,0.659345815100069,-0.7518398074789773,0.4338837391175582,-0.900968867902419
2026-01-01 09:15:00,31,0.93337038210911,0.3146051082170705,0.1714309915025604,0.0816338054774097,9.25,3,1,0.659345815100069,-0.7518398074789773,0.4338837391175582,-0.900968867902419
2026-01-01 09:15:00,32,0.933142941937606,0.3085163910593173,0.0489802832864456,0.0326535221909638,9.25,3,1,0.659345815100069,-0.7518398074789773,0.4338837391175582,-0.900968867902419
2026-01-01 09:30:00,0,1.0,0.0,-2.811683524556774,-1.9428963886819872,9.5,3,1,0.6087614290087209,-0.793353340291235,0.4338837391175582,-0.900968867902419
2026-01-01 09:30:00,1,0.9978128520560342,0.0168334789995917,0.0807815879486468,0.0484689527691881,9.5,3,1,0.6087614290087209,-0.793353340291235,0.4338837391175582,-0.900968867902419
2026-01-01 09:30:00,2,0.9865731548098648,0.0814356276602125,0.0727034291537821,0.0323126351794587,9.5,3,1,0.6087614290087209,-0.793353340291235,0.4338837391175582,-0.900968867902419
2026-01-01 09:30:00,3,0.9806235775213468,0.1332671265570315,0.0969379055383762,0.0646252703589174,9.5,3,1,0.6087614290087209,-0.793353340291235,0.4338837391175582,-0.900968867902419
2026-01-01 09:30:00,4,0.974744146979563,0.1857111335522435,0.0484689527691881,0.024234476384594,9.5,3,1,0.6087614290087209,-0.793353340291235,0.4338837391175582,-0.900968867902419
2026-01-01 09:30:00,5,0.9601239762635476,0.1109203636729661,0.0484689527691881,0.0161563175897293,9.5,3,1,0.6087614290087209,-0.793353340291235,0.4338837391175582,-0.900968867902419
2026-01-01 09:30:00,6,0.9573547932805524,-0.0703275259075287,0.1615631758972937,0.0807815879486468,9.5,3,1,0.6087614290087209,-0.793353340291235,0.4338837391175582,-0.900968867902419
2026-01-01 09:30:00,7,0.9535055718369564,-0.0421704617612446,0.1615631758972937,0.0807815879486468,9.5,3,1,0.6087614290087209,-0.793353340291235,0.4338837391175582,-0.900968867902419
2026-01-01 09:30:00,8,0.9485307494652516,-0.0996436342516522,0.048468952769188,0.0161563175897293,9.5,3,1,0.6087614290087209,-0.793353340291235,0.4338837391175582,-0.900968867902419
2026-01-01 09:30:00,9,0.9439174875911924,-0.1486902124178978,0.048468952769188,0.0161563175897293,9.5,3,1,0.6087614290087209,-0.793353340291235,0.4338837391175582,-0.900968867902419
2026-01-01 09:30:00,10,0.9432352461167696,-0.1430488021355152,0.0363517145768911,0.024234476384594,9.5,3,1,0.6087614290087209,-0.793353340291235,0.4338837391175582,-0.900968867902419
2026-01-01 09:30:00,11,0.9420458730279084,-0.1341267388621329,0.048468952769188,0.0282735557820263,9.5,3,1,0.6087614290087209,-0.793353340291235,0.4338837391175582,-0.900968867902419
2026-01-01 09:30:00,12,0.9371998970519504,-0.2054932135016164,0.048468952769188,0.0282735557820263,9.5,3,1,0.6087614290087209,-0.793353340291235,0.4338837391175582,-0.900968867902419
2026-01-01 09:30:00,13,0.9354033929549904,-0.2667971689411627,0.0969379055383762,0.0646252703589175,9.5,3,1,0.6087614290087209,-0.793353340291235,0.4338837391175582,-0.900968867902419
2026-01-01 09:30:00,14,0.9342843182476194,-0.2961406352916331,0.048468952769188,0.0080781587948647,9.5,3,1,0.6087614290087209,-0.793353340291235,0.4338837391175582,-0.900968867902419
2026-01-01 09:30:00,15,0.9332005194754952,-0.314243700378171,0.0484689527691881,0.0161563175897293,9.5,3,1,0.6087614290087209,-0.793353340291235,0.4338837391175582,-0.900968867902419
2026-01-01 09:30:00,16,0.9315946807208914,-0.3743138304952969,0.0484689527691881,0.0161563175897293,9.5,3,1,0.6087614290087209,-0.793353340291235,0.4338837391175582,-0.900968867902419
2026-01-01 09:30:00,17,0.9311137772792804,-0.3817645452586239,0.0727034291537822,0.0323126351794587,9.5,3,1,0.6087614290087209,-0.793353340291235,0.4338837391175582,-0.900968867902419
2026-01-01 09:30:00,18,0.9977115009712636,0.0258912305458168,-0.2438478489808321,0.0323126351794587,9.5,3,1,0.6087614290087209,-0.793353340291235,0.4338837391175582,-0.900968867902419
2026-01-01 09:30:00,19,0.9948275429678636,-0.0280502346055707,0.0727034291537821,0.0323126351794587,9.5,3,1,0.6087614290087209,-0.793353340291235,0.4338837391175582,-0.900968867902419
2026-01-01 09:30:00,20,0.9942596541745718,-0.0436261181188349,0.0727034291537822,0.0323126351794587,9.5,3,1,0.6087614290087209,-0.793353340291235,0.4338837391175582,-0.900968867902419
2026-01-01 09:30:00,21,0.9937458668720108,-0.0599938402326161,0.0727034291537822,0.0323126351794587,9.5,3,1,0.6087614290087209,-0.793353340291235,0.4338837391175582,-0.900968867902419
2026-01-01 09:30:00,22,0.983693980362238,0.0566081673687056,0.0727034291537822,0.0403907939743234,9.5,3,1,0.6087614290087209,-0.793353340291235,0.4338837391175582,-0.900968867902419
2026-01-01 09:30:00,23,0.978338217304798,-0.0143429300582384,0.3392826693843167,0.1615631758972937,9.5,3,1,0.6087614290087209,-0.793353340291235,0.4338837391175582,-0.900968867902419
2026-01-01 09:30:00,24,0.9756696656164128,-0.049213734264565,0.3392826693843167,0.1615631758972937,9.5,3,1,0.6087614290087209,-0.793353340291235,0.4338837391175582,-0.900968867902419
2026-01-01 09:30:00,25,0.9585924882807896,0.141977347682419,0.0484689527691881,0.0201953969871617,9.5,3,1,0.6087614290087209,-0.793353340291235,0.4338837391175582,-0.900968867902419
2026-01-01 09:30:00,26,0.9565578696492786,0.1861336764913907,0.0484689527691879,0.0201953969871617,9.5,3,1,0.6087614290087209,-0.793353340291235,0.4338837391175582,-0.900968867902419
2026-01-01 09:30:00,27,0.94747962908414,0.2514758427880301,0.0484689527691881,0.0161563175897294,9.5,3,1,0.6087614290087209,-0.793353340291235,0.4338837391175582,-0.900968867902419
2026-01-01 09:30:00,28,0.940958693428189,0.3125431236251551,0.0969379055383763,0.0565471115640527,9.5,3,1,0.6087614290087209,-0.793353340291235,0.4338837391175582,-0.900968867902419
2026-01-01 09:30:00,29,0.938136475603636,0.3947094932775378,0.1615631758972937,0.484689527691881,9.5,3,1,0.6087614290087209,-0.793353340291235,0.4338837391175582,-0.900968867902419
2026-01-01 09:30:00,30,0.9348370654573724,0.3289187321221792,0.1211723819229702,0.0565471115640527,9.5,3,1,0.6087614290087209,-0.793353340291235,0.4338837391175582,-0.900968867902419
2026-01-01 09:30:00,31,0.9341112466926342,0.31098102730537,0.1696413346921583,0.0807815879486468,9.5,3,1,0.6087614290087209,-0.793353340291235,0.4338837391175582,-0.900968867902419
2026-01-01 09:30:00,32,0.9338863601123448,0.3049654445929579,0.0484689527691881,0.0323126351794587,9.5,3,1,0.6087614290087209,-0.793353340291235,0.4338837391175582,-0.900968867902419
2026-01-01 09:45:00,0,1.0,0.0,-2.8953373412481147,-2.0181946135001767,9.75,3,1,0.5555702330196025,-0.831469612302545,0.4338837391175582,-0.900968867902419
2026-01-01 09:45:00,1,0.9977426543162554,0.0179133960300994,0.0837618483716949,0.0502571090230169,9.75,3,1,0.5555702330196025,-0.831469612302545,0.4338837391175582,-0.900968867902419
2026-01-01 09:45:00,2,0.9860660913312516,0.0850923548388186,0.0753856635345254,0.0335047393486779,9.75,3,1,0.5555702330196025,-0.831469612302545,0.4338837391175582,-0.900968867902419
2026-01-01 09:45:00,3,0.9798826480182932,0.1390127831693449,0.1005142180460338,0.0670094786973559,9.75,3,1,0.5555702330196025,-0.831469612302545,0.4338837391175582,-0.900968867902419
2026-01-01 09:45:00,4,0.9737716305791548,0.1936013770761099,0.0502571090230169,0.0251285545115084,9.75,3,1,0.5555702330196025,-0.831469612302545,0.4338837391175582,-0.900968867902419
2026-01-01 09:45:00,5,0.95857473738512,0.1158260997081141,0.0502571090230169,0.0167523696743389,9.75,3,1,0.5555702330196025,-0.831469612302545,0.4338837391175582,-0.900968867902419
2026-01-01 09:45:00,6,0.9556962868693956,-0.0728382057586105,0.1675236967433898,0.0837618483716949,9.75,3,1,0.5555702330196025,-0.831469612302545,0.4338837391175582,-0.900968867902419
2026-01-01 09:45:00,7,0.951695285226023,-0.0434934156365126,0.1675236967433898,0.0837618483716949,9.75,3,1,0.5555702330196025,-0.831469612302545,0.4338837391175582,-0.900968867902419
2026-01-01 09:45:00,8,0.9465232637505872,-0.1033240487303409,0.0502571090230169,0.0167523696743389,9.75,3,1,0.5555702330196025,-0.831469612302545,0.4338837391175582,-0.900968867902419
2026-01-01 09:45:00,9,0.9417269482387258,-0.1544025083128832,0.0502571090230169,0.0167523696743389,9.75,3,1,0.5555702330196025,-0.831469612302545,0.4338837391175582,-0.900968867902419
2026-01-01 09:45:00,10,0.9410176293394388,-0.1485199734540073,0.0376928317672626,0.0251285545115084,9.75,3,1,0.5555702330196025,-0.831469612302545,0.4338837391175582,-0.900968867902419
2026-01-01 09:45:00,11,0.939781013496459,-0.1392139658958898,0.0502571090230169,0.0293166469300932,9.75,3,1,0.5555702330196025,-0.831469612302545,0.4338837391175582,-0.900968867902419
2026-01-01 09:45:00,12,0.9347421557146562,-0.2135776581653355,0.0502571090230169,0.0293166469300932,9.75,3,1,0.5555702330196025,-0.831469612302545,0.4338837391175582,-0.900968867902419
2026-01-01 09:45:00,13,0.9328740840358998,-0.2774853338181588,0.1005142180460337,0.0670094786973559,9.75,3,1,0.5555702330196025,-0.831469612302545,0.4338837391175582,-0.900968867902419
2026-01-01 09:45:00,14,0.9317103903654458,-0.3080777228204082,0.0502571090230168,0.0083761848371695,9.75,3,1,0.5555702330196025,-0.831469612302545,0.4338837391175582,-0.900968867902419
2026-01-01 09:45:00,15,0.9305833635019206,-0.3269521215164559,0.0502571090230168,0.016752369674339,9.75,3,1,0.5555702330196025,-0.831469612302545,0.4338837391175582,-0.900968867902419
2026-01-01 09:45:00,16,0.9289134255185988,-0.3895943090467064,0.0502571090230168,0.016752369674339,9.75,3,1,0.5555702330196025,-0.831469612302545,0.4338837391175582,-0.900968867902419
2026-01-01 09:45:00,17,0.9284133294481904,-0.3973647371867729,0.0753856635345253,0.0335047393486779,9.75,3,1,0.5555702330196025,-0.831469612302545,0.4338837391175582,-0.900968867902419
2026-01-01 09:45:00,18,0.9976636275199492,0.0287378386675808,-0.2783124577298217,0.0335047393486779,9.75,3,1,0.5555702330196025,-0.831469612302545,0.4338837391175582,-0.900968867902419
2026-01-01 09:45:00,19,0.994672718024784,-0.0272044534428779,0.0753856635345253,0.0335047393486779,9.75,3,1,0.5555702330196025,-0.831469612302545,0.4338837391175582,-0.900968867902419
2026-01-01 09:45:00,20,0.9940837654361502,-0.0433603221598595,0.0753856635345253,0.0335047393486779,9.75,3,1,0.5555702330196025,-0.831469612302545,0.4338837391175582,-0.900968867902419
2026-01-01 09:45:00,21,0.993550916971399,-0.0603382292304575,0.0753856635345253,0.0335047393486779,9.75,3,1,0.5555702330196025,-0.831469612302545,0.4338837391175582,-0.900968867902419
2026-01-01 09:45:00,22,0.9830780880728224,0.0593224733892288,0.0753856635345253,0.0418809241858474,9.75,3,1,0.5555702330196025,-0.831469612302545,0.4338837391175582,-0.900968867902419
2026-01-01 09:45:00,23,0.9775197461772102,-0.014354018906234,0.3517997631611185,0.1675236967433898,9.75,3,1,0.5555702330196025,-0.831469612302545,0.4338837391175582,-0.900968867902419
2026-01-01 09:45:00,24,0.9747501265363104,-0.0505757176367806,0.3517997631611185,0.1675236967433897,9.75,3,1,0.5555702330196025,-0.831469612302545,0.4338837391175582,-0.900968867902419
2026-01-01 09:45:00,25,0.956982622491262,0.1481525980000389,0.0502571090230168,0.0209404620929236,9.75,3,1,0.5555702330196025,-0.831469612302545,0.4338837391175582,-0.900968867902419
2026-01-01 09:45:00,26,0.9548673765883022,0.1941207079479428,0.050257109023017,0.0209404620929236,9.75,3,1,0.5555702330196025,-0.831469612302545,0.4338837391175582,-0.900968867902419
2026-01-01 09:45:00,27,0.9454293324723136,0.2621256569279774,0.050257109023017,0.016752369674339,9.75,3,1,0.5555702330196025,-0.831469612302545,0.4338837391175582,-0.900968867902419
2026-01-01 09:45:00,28,0.9386498242403044,0.3257289701074475,0.1005142180460336,0.0586332938601863,9.75,3,1,0.5555702330196025,-0.831469612302545,0.4338837391175582,-0.900968867902419
2026-01-01 09:45:00,29,0.9357156138840498,0.4113624860934384,0.1675236967433897,0.5025710902301694,9.75,3,1,0.5555702330196025,-0.831469612302545,0.4338837391175582,-0.900968867902419
2026-01-01 09:45:00,30,0.9322849975674212,0.3427813024045162,0.1256427725575424,0.0586332938601863,9.75,3,1,0.5555702330196025,-0.831469612302545,0.4338837391175582,-0.900968867902419
2026-01-01 09:45:00,31,0.9315303119590176,0.3240792550239204,0.1758998815805594,0.0837618483716948,9.75,3,1,0.5555702330196025,-0.831469612302545,0.4338837391175582,-0.900968867902419
2026-01-01 09:45:00,32,0.931296479982046,0.3178070644113585,0.050257109023017,0.033504739348678,9.75,3,1,0.5555702330196025,-0.831469612302545,0.4338837391175582,-0.900968867902419
2026-01-01 10:00:00,0,1.0,0.0,-2.80695992538492,-1.998726423661329,10.0,3,1,0.4999999999999999,-0.8660254037844387,0.4338837391175582,-0.900968867902419
2026-01-01 10:00:00,1,0.9977992078832916,0.0187574609825656,0.0829967243273479,0.0497980345964087,10.0,3,1,0.4999999999999999,-0.8660254037844387,0.4338837391175582,-0.900968867902419
2026-01-01 10:00:00,2,0.9862354637890384,0.085267854861962,0.0746970518946131,0.0331986897309391,10.0,3,1,0.4999999999999999,-0.8660254037844387,0.4338837391175582,-0.900968867902419
2026-01-01 10:00:00,3,0.9801124380897416,0.1386461391922668,0.0995960691928175,0.0663973794618783,10.0,3,1,0.4999999999999999,-0.8660254037844387,0.4338837391175582,-0.900968867902419
2026-01-01 10:00:00,4,0.9740612535115912,0.192677913029906,0.0497980345964088,0.0248990172982044,10.0,3,1,0.4999999999999999,-0.8660254037844387,0.4338837391175582,-0.900968867902419
2026-01-01 10:00:00,5,0.9590133696720432,0.1156769824599559,0.0497980345964088,0.0165993448654696,10.0,3,1,0.4999999999999999,-0.8660254037844387,0.4338837391175582,-0.900968867902419
2026-01-01 10:00:00,6,0.9561631511640872,-0.0710616868427623,0.165993448654696,0.0829967243273479,10.0,3,1,0.4999999999999999,-0.8660254037844387,0.4338837391175582,-0.900968867902419
2026-01-01 10:00:00,7,0.9522013648702056,-0.0420255609580474,0.165993448654696,0.082996724327348,10.0,3,1,0.4999999999999999,-0.8660254037844387,0.4338837391175582,-0.900968867902419
2026-01-01 10:00:00,8,0.9470803026287116,-0.1012440517477786,0.0497980345964087,0.0165993448654696,10.0,3,1,0.4999999999999999,-0.8660254037844387,0.4338837391175582,-0.900968867902419
2026-01-01 10:00:00,9,0.9423312925866548,-0.1517947538986127,0.0497980345964087,0.0165993448654696,10.0,3,1,0.4999999999999999,-0.8660254037844387,0.4338837391175582,-0.900968867902419
2026-01-01 10:00:00,10,0.9416289712007272,-0.1459749070530962,0.0373485259473066,0.0248990172982043,10.0,3,1,0.4999999999999999,-0.8660254037844387,0.4338837391175582,-0.900968867902419
2026-01-01 10:00:00,11,0.9404045644506333,-0.1367687381551963,0.0497980345964087,0.0290488535145718,10.0,3,1,0.4999999999999999,-0.8660254037844387,0.4338837391175582,-0.900968867902419
2026-01-01 10:00:00,12,0.9354155572058396,-0.2103536192514336,0.0497980345964087,0.0290488535145718,10.0,3,1,0.4999999999999999,-0.8660254037844387,0.4338837391175582,-0.900968867902419
2026-01-01 10:00:00,13,0.9335659828086338,-0.2735845019077078,0.0995960691928175,0.0663973794618783,10.0,3,1,0.4999999999999999,-0.8660254037844387,0.4338837391175582,-0.900968867902419
2026-01-01 10:00:00,14,0.9324138216477824,-0.3038522338816725,0.0497980345964088,0.0082996724327347,10.0,3,1,0.4999999999999999,-0.8660254037844387,0.4338837391175582,-0.900968867902419
2026-01-01 10:00:00,15,0.931297967938908,-0.3225261181738772,0.0497980345964088,0.0165993448654695,10.0,3,1,0.4999999999999999,-0.8660254037844387,0.4338837391175582,-0.900968867902419
2026-01-01 10:00:00,16,0.929644598105058,-0.3844995787075038,0.0497980345964088,0.0165993448654695,10.0,3,1,0.4999999999999999,-0.8660254037844387,0.4338837391175582,-0.900968867902419
2026-01-01 10:00:00,17,0.929149462850713,-0.3921868768768051,0.0746970518946132,0.0331986897309392,10.0,3,1,0.4999999999999999,-0.8660254037844387,0.4338837391175582,-0.900968867902419
2026-01-01 10:00:00,18,0.9977827856575664,0.0328715712917905,-0.33610451872547,0.0331986897309392,10.0,3,1,0.4999999999999999,-0.8660254037844387,0.4338837391175582,-0.900968867902419
2026-01-01 10:00:00,19,0.9948196574998384,-0.0225450690744569,0.0746970518946131,0.0331986897309392,10.0,3,1,0.4999999999999999,-0.8660254037844387,0.4338837391175582,-0.900968867902419
2026-01-01 10:00:00,20,0.9942361764035624,-0.0385485501107078,0.074697051894613,0.0331986897309392,10.0,3,1,0.4999999999999999,-0.8660254037844387,0.4338837391175582,-0.900968867902419
2026-01-01 10:00:00,21,0.9937082792709624,-0.0553661297150873,0.074697051894613,0.0331986897309392,10.0,3,1,0.4999999999999999,-0.8660254037844387,0.4338837391175582,-0.900968867902419
2026-01-01 10:00:00,22,0.9832755384603702,0.0597421339835381,0.074697051894613,0.0414983621636739,10.0,3,1,0.4999999999999999,-0.8660254037844387,0.4338837391175582,-0.900968867902419
2026-01-01 10:00:00,23,0.9777694632145308,-0.0132280375212509,0.3485862421748615,0.165993448654696,10.0,3,1,0.4999999999999999,-0.8660254037844387,0.4338837391175582,-0.900968867902419
2026-01-01 10:00:00,24,0.9750259208366192,-0.0490995527271878,0.3485862421748615,0.165993448654696,10.0,3,1,0.4999999999999999,-0.8660254037844387,0.4338837391175582,-0.900968867902419
2026-01-01 10:00:00,25,0.9574369209814204,0.1476738672216749,0.0497980345964088,0.0207491810818369,10.0,3,1,0.4999999999999999,-0.8660254037844387,0.4338837391175582,-0.900968867902419
2026-01-01 10:00:00,26,0.9553425101623824,0.1931715187546686,0.0497980345964088,0.0207491810818369,10.0,3,1,0.4999999999999999,-0.8660254037844387,0.4338837391175582,-0.900968867902419
2026-01-01 10:00:00,27,0.9459974442137092,0.2604851786323036,0.0497980345964088,0.0165993448654695,10.0,3,1,0.4999999999999999,-0.8660254037844387,0.4338837391175582,-0.900968867902419
2026-01-01 10:00:00,28,0.9392847557724062,0.3234297378936852,0.0995960691928177,0.0580977070291435,10.0,3,1,0.4999999999999999,-0.8660254037844387,0.4338837391175582,-0.900968867902419
2026-01-01 10:00:00,29,0.9363794870359518,0.4081622042447942,0.1659934486546959,0.4979803459640879,10.0,3,1,0.4999999999999999,-0.8660254037844387,0.4338837391175582,-0.900968867902419
2026-01-01 10:00:00,30,0.9329827800660152,0.340306313589284,0.1244950864910219,0.0580977070291435,10.0,3,1,0.4999999999999999,-0.8660254037844387,0.4338837391175582,-0.900968867902419
2026-01-01 10:00:00,31,0.9322355549294672,0.321802963742413,0.1742931210874307,0.0829967243273479,10.0,3,1,0.4999999999999999,-0.8660254037844387,0.4338837391175582,-0.900968867902419
2026-01-01 10:00:00,32,0.9320040348513138,0.3155974827876433,0.0497980345964088,0.033198689730939,10.0,3,1,0.4999999999999999,-0.8660254037844387,0.4338837391175582,-0.900968867902419
2026-01-01 10:15:00,0,1.0,0.0,-2.709500030015477,-1.959713964435842,10.25,3,1,0.4422886902190017,-0.8968727415326881,0.4338837391175582,-0.900968867902419
2026-01-01 10:15:00,1,0.9978667148051384,0.0191085876509005,0.0814556870700086,0.0488734122420052,10.25,3,1,0.4422886902190017,-0.8968727415326881,0.4338837391175582,-0.900968867902419
2026-01-01 10:15:00,2,0.9865292306978894,0.0842824263746021,0.0733101183630078,0.0325822748280034,10.25,3,1,0.4422886902190017,-0.8968727415326881,0.4338837391175582,-0.900968867902419
2026-01-01 10:15:00,3,0.9805273281406178,0.1365772288975757,0.0977468244840104,0.0651645496560069,10.25,3,1,0.4422886902190017,-0.8968727415326881,0.4338837391175582,-0.900968867902419
2026-01-01 10:15:00,4,0.9745960863226324,0.1894966761685579,0.0488734122420052,0.0244367061210026,10.25,3,1,0.4422886902190017,-0.8968727415326881,0.4338837391175582,-0.900968867902419
2026-01-01 10:15:00,5,0.9598468968054178,0.1140437674491764,0.0488734122420052,0.0162911374140017,10.25,3,1,0.4422886902190017,-0.8968727415326881,0.4338837391175582,-0.900968867902419
2026-01-01 10:15:00,6,0.9570532698020054,-0.0688482554192294,0.1629113741400173,0.0814556870700086,10.25,3,1,0.4422886902190017,-0.8968727415326881,0.4338837391175582,-0.900968867902419
2026-01-01 10:15:00,7,0.9531700930384488,-0.040428134694177,0.1629113741400173,0.0814556870700086,10.25,3,1,0.4422886902190017,-0.8968727415326881,0.4338837391175582,-0.900968867902419
2026-01-01 10:15:00,8,0.9481511635432748,-0.09842389358258,0.0488734122420052,0.0162911374140017,10.25,3,1,0.4422886902190017,-0.8968727415326881,0.4338837391175582,-0.900968867902419
2026-01-01 10:15:00,9,0.9434969600692564,-0.1479207463119198,0.0488734122420052,0.0162911374140017,10.25,3,1,0.4422886902190017,-0.8968727415326881,0.4338837391175582,-0.900968867902419
2026-01-01 10:15:00,10,0.9428086625384692,-0.142225954327914,0.0366550591815039,0.0244367061210026,10.25,3,1,0.4422886902190017,-0.8968727415326881,0.4338837391175582,-0.900968867902419
2026-01-01 10:15:00,11,0.9416087236071664,-0.1332189090425633,0.0488734122420052,0.028509490474503,10.25,3,1,0.4422886902190017,-0.8968727415326881,0.4338837391175582,-0.900968867902419
2026-01-01 10:15:00,12,0.93671961309386,-0.2052492953180231,0.0488734122420052,0.028509490474503,10.25,3,1,0.4422886902190017,-0.8968727415326881,0.4338837391175582,-0.900968867902419
2026-01-01 10:15:00,13,0.9349071047491386,-0.267129792851691,0.0977468244840104,0.0651645496560069,10.25,3,1,0.4422886902190017,-0.8968727415326881,0.4338837391175582,-0.900968867902419
2026-01-01 10:15:00,14,0.933778052497376,-0.2967497897272798,0.0488734122420051,0.0081455687070008,10.25,3,1,0.4422886902190017,-0.8968727415326881,0.4338837391175582,-0.900968867902419
2026-01-01 10:15:00,15,0.9326845873413137,-0.3150236340251738,0.0488734122420051,0.0162911374140017,10.25,3,1,0.4422886902190017,-0.8968727415326881,0.4338837391175582,-0.900968867902419
2026-01-01 10:15:00,16,0.9310644155703934,-0.3756631479941594,0.0488734122420051,0.0162911374140017,10.25,3,1,0.4422886902190017,-0.8968727415326881,0.4338837391175582,-0.900968867902419
2026-01-01 10:15:00,17,0.930579220499681,-0.3831846337318114,0.0733101183630078,0.0325822748280034,10.25,3,1,0.4422886902190017,-0.8968727415326881,0.4338837391175582,-0.900968867902419
2026-01-01 10:15:00,18,0.9978941551358098,0.0353439237635767,-0.372327380562379,0.0325822748280034,10.25,3,1,0.4422886902190017,-0.8968727415326881,0.4338837391175582,-0.900968867902419
2026-01-01 10:15:00,19,0.99498657755245,-0.0190288903931867,0.0733101183630078,0.0325822748280034,10.25,3,1,0.4422886902190017,-0.8968727415326881,0.4338837391175582,-0.900968867902419
2026-01-01 10:15:00,20,0.9944140369907656,-0.0347297966376926,0.0733101183630078,0.0325822748280034,10.25,3,1,0.4422886902190017,-0.8968727415326881,0.4338837391175582,-0.900968867902419
2026-01-01 10:15:00,21,0.9938960402310614,-0.0512290470536509,0.0733101183630078,0.0325822748280034,10.25,3,1,0.4422886902190017,-0.8968727415326881,0.4338837391175582,-0.900968867902419
2026-01-01 10:15:00,22,0.9836256695455308,0.0592455621250797,0.0733101183630078,0.0407278435350043,10.25,3,1,0.4422886902190017,-0.8968727415326881,0.4338837391175582,-0.900968867902419
2026-01-01 10:15:00,23,0.9782245131252896,-0.0123109043099888,0.3421138856940364,0.1629113741400173,10.25,3,1,0.4422886902190017,-0.8968727415326881,0.4338837391175582,-0.900968867902419
2026-01-01 10:15:00,24,0.9755333154729668,-0.047481697556073,0.3421138856940364,0.1629113741400173,10.25,3,1,0.4422886902190017,-0.8968727415326881,0.4338837391175582,-0.900968867902419
2026-01-01 10:15:00,25,0.958301847817409,0.1453821967018027,0.0488734122420051,0.0203639217675022,10.25,3,1,0.4422886902190017,-0.8968727415326881,0.4338837391175582,-0.900968867902419
2026-01-01 10:15:00,26,0.9562491952260448,0.1899401419956664,0.0488734122420051,0.0203639217675022,10.25,3,1,0.4422886902190017,-0.8968727415326881,0.4338837391175582,-0.900968867902419
2026-01-01 10:15:00,27,0.947090477620495,0.2558726964251119,0.0488734122420051,0.0162911374140017,10.25,3,1,0.4422886902190017,-0.8968727415326881,0.4338837391175582,-0.900968867902419
2026-01-01 10:15:00,28,0.9405117082866398,0.3175019299762693,0.0977468244840105,0.057018980949006,10.25,3,1,0.4422886902190017,-0.8968727415326881,0.4338837391175582,-0.900968867902419
2026-01-01 10:15:00,29,0.9376644423736116,0.400436188369543,0.1629113741400174,0.4887341224200521,10.25,3,1,0.4422886902190017,-0.8968727415326881,0.4338837391175582,-0.900968867902419
2026-01-01 10:15:00,30,0.9343356892891282,0.3340275166474457,0.1221835306050129,0.057018980949006,10.25,3,1,0.4422886902190017,-0.8968727415326881,0.4338837391175582,-0.900968867902419
2026-01-01 10:15:00,31,0.9336034147769804,0.3159205809452776,0.1710569428470183,0.0814556870700087,10.25,3,1,0.4422886902190017,-0.8968727415326881,0.4338837391175582,-0.900968867902419
2026-01-01 10:15:00,32,0.9333765276703592,0.3098481853794469,0.0488734122420053,0.0325822748280035,10.25,3,1,0.4422886902190017,-0.8968727415326881,0.4338837391175582,-0.900968867902419
2026-01-01 10:30:00,0,1.0,0.0,-2.491418431803909,-1.8539476528874053,10.5,3,1,0.3826834323650899,-0.9238795325112868,0.4338837391175582,-0.900968867902419
2026-01-01 10:30:00,1,0.9980231846988928,0.0192840357735373,0.0772586998667989,0.0463552199200793,10.5,3,1,0.3826834323650899,-0.9238795325112868,0.4338837391175582,-0.900968867902419
2026-01-01 10:30:00,2,0.9872991141910586,0.0808433428926341,0.069532829880119,0.0309034799467195,10.5,3,1,0.3826834323650899,-0.9238795325112868,0.4338837391175582,-0.900968867902419
2026-01-01 10:30:00,3,0.9816253061902352,0.1302102838000976,0.0927104398401587,0.0618069598934391,10.5,3,1,0.3826834323650899,-0.9238795325112868,0.4338837391175582,-0.900968867902419
2026-01-01 10:30:00,4,0.9760189110637076,0.1801271602237318,0.0463552199200794,0.0231776099600397,10.5,3,1,0.3826834323650899,-0.9238795325112868,0.4338837391175582,-0.900968867902419
2026-01-01 10:30:00,5,0.9620786001921507,0.1088606168831213,0.0463552199200794,0.0154517399733598,10.5,3,1,0.3826834323650899,-0.9238795325112868,0.4338837391175582,-0.900968867902419
2026-01-01 10:30:00,6,0.9594382224935548,-0.0636484681200709,0.1545173997335979,0.0772586998667989,10.5,3,1,0.3826834323650899,-0.9238795325112868,0.4338837391175582,-0.900968867902419
2026-01-01 10:30:00,7,0.9557679305466246,-0.0368872181961598,0.1545173997335979,0.077258699866799,10.5,3,1,0.3826834323650899,-0.9238795325112868,0.4338837391175582,-0.900968867902419
2026-01-01 10:30:00,8,0.9510254768872668,-0.0915831091337485,0.0463552199200794,0.0154517399733598,10.5,3,1,0.3826834323650899,-0.9238795325112868,0.4338837391175582,-0.900968867902419
2026-01-01 10:30:00,9,0.9466278966186916,-0.1382380376681794,0.0463552199200794,0.0154517399733598,10.5,3,1,0.3826834323650899,-0.9238795325112868,0.4338837391175582,-0.900968867902419
2026-01-01 10:30:00,10,0.9459775582941464,-0.1328796653348288,0.0347664149400595,0.0231776099600397,10.5,3,1,0.3826834323650899,-0.9238795325112868,0.4338837391175582,-0.900968867902419
2026-01-01 10:30:00,11,0.9448438437165936,-0.1244080181102306,0.0463552199200794,0.0270405449533796,10.5,3,1,0.3826834323650899,-0.9238795325112868,0.4338837391175582,-0.900968867902419
2026-01-01 10:30:00,12,0.9402250690788304,-0.1922508255954771,0.0463552199200794,0.0270405449533796,10.5,3,1,0.3826834323650899,-0.9238795325112868,0.4338837391175582,-0.900968867902419
2026-01-01 10:30:00,13,0.9385128602376812,-0.2504967824692674,0.0927104398401588,0.0618069598934392,10.5,3,1,0.3826834323650899,-0.9238795325112868,0.4338837391175582,-0.900968867902419
2026-01-01 10:30:00,14,0.9374463356765538,-0.2783736982466254,0.0463552199200792,0.0077258699866799,10.5,3,1,0.3826834323650899,-0.9238795325112868,0.4338837391175582,-0.900968867902419
2026-01-01 10:30:00,15,0.936413447346349,-0.2955711090215524,0.0463552199200794,0.0154517399733598,10.5,3,1,0.3826834323650899,-0.9238795325112868,0.4338837391175582,-0.900968867902419
2026-01-01 10:30:00,16,0.9348830942850992,-0.352622606048602,0.0463552199200794,0.0154517399733598,10.5,3,1,0.3826834323650899,-0.9238795325112868,0.4338837391175582,-0.900968867902419
2026-01-01 10:30:00,17,0.9344247931483984,-0.359698169556696,0.069532829880119,0.0309034799467196,10.5,3,1,0.3826834323650899,-0.9238795325112868,0.4338837391175582,-0.900968867902419
2026-01-01 10:30:00,18,0.9981222938230034,0.0386786322350071,-0.4243957202984926,0.0309034799467196,10.5,3,1,0.3826834323650899,-0.9238795325112868,0.4338837391175582,-0.900968867902419
2026-01-01 10:30:00,19,0.9953656946316384,-0.0128620114884871,0.0695328298801191,0.0309034799467196,10.5,3,1,0.3826834323650899,-0.9238795325112868,0.4338837391175582,-0.900968867902419
2026-01-01 10:30:00,20,0.9948228884843124,-0.0277421743703441,0.0695328298801191,0.0309034799467196,10.5,3,1,0.3826834323650899,-0.9238795325112868,0.4338837391175582,-0.900968867902419
2026-01-01 10:30:00,21,0.994331798756304,-0.0433780175811262,0.0695328298801191,0.0309034799467196,10.5,3,1,0.3826834323650899,-0.9238795325112868,0.4338837391175582,-0.900968867902419
2026-01-01 10:30:00,22,0.9845486954044254,0.0571334999063981,0.069532829880119,0.0386293499333995,10.5,3,1,0.3826834323650899,-0.9238795325112868,0.4338837391175582,-0.900968867902419
2026-01-01 10:30:00,23,0.9794325910421172,-0.0105886659311818,0.3244865394405556,0.154517399733598,10.5,3,1,0.3826834323650899,-0.9238795325112868,0.4338837391175582,-0.900968867902419
2026-01-01 10:30:00,24,0.9768835944048552,-0.0438600926335119,0.3244865394405556,0.154517399733598,10.5,3,1,0.3826834323650899,-0.9238795325112868,0.4338837391175582,-0.900968867902419
2026-01-01 10:30:00,25,0.9606185598241708,0.1384215960404018,0.0463552199200794,0.0193146749666996,10.5,3,1,0.3826834323650899,-0.9238795325112868,0.4338837391175582,-0.900968867902419
2026-01-01 10:30:00,26,0.958678950575334,0.1804436034206825,0.0463552199200794,0.0193146749666996,10.5,3,1,0.3826834323650899,-0.9238795325112868,0.4338837391175582,-0.900968867902419
2026-01-01 10:30:00,27,0.9500246889681871,0.2426470111979545,0.0463552199200794,0.0154517399733598,10.5,3,1,0.3826834323650899,-0.9238795325112868,0.4338837391175582,-0.900968867902419
2026-01-01 10:30:00,28,0.9438084329033436,0.3007298790242851,0.0927104398401588,0.0540810899067591,10.5,3,1,0.3826834323650899,-0.9238795325112868,0.4338837391175582,-0.900968867902419
2026-01-01 10:30:00,29,0.9411181688713643,0.378821836951027,0.1545173997335978,0.4635521992007938,10.5,3,1,0.3826834323650899,-0.9238795325112868,0.4338837391175582,-0.900968867902419
2026-01-01 10:30:00,30,0.9379733225224128,0.3163087505646214,0.1158880498001986,0.0540810899067591,10.5,3,1,0.3826834323650899,-0.9238795325112868,0.4338837391175582,-0.900968867902419
2026-01-01 10:30:00,31,0.937281509180984,0.2992684849094867,0.1622432697202778,0.077258699866799,10.5,3,1,0.3826834323650899,-0.9238795325112868,0.4338837391175582,-0.900968867902419
2026-01-01 10:30:00,32,0.937067160228922,0.2935541647179712,0.0463552199200791,0.0309034799467196,10.5,3,1,0.3826834323650899,-0.9238795325112868,0.4338837391175582,-0.900968867902419
2026-01-01 10:45:00,0,1.0,0.0,-2.54748781956951,-1.892662989546643,10.75,3,1,0.3214394653031617,-0.9469301294951056,0.4338837391175582,-0.900968867902419
2026-01-01 10:45:00,1,0.9979795791757436,0.0196195482582181,0.0787988919599784,0.047279335175987,10.75,3,1,0.3214394653031617,-0.9469301294951056,0.4338837391175582,-0.900968867902419
2026-01-01 10:45:00,2,0.9870309806679024,0.0824997865044677,0.0709190027639806,0.0315195567839913,10.75,3,1,0.3214394653031617,-0.9469301294951056,0.4338837391175582,-0.900968867902419
2026-01-01 10:45:00,3,0.9812371283417958,0.1329363314610239,0.0945586703519741,0.0630391135679827,10.75,3,1,0.3214394653031617,-0.9469301294951056,0.4338837391175582,-0.900968867902419
2026-01-01 10:45:00,4,0.9755118858656912,0.1839495569236379,0.047279335175987,0.0236396675879935,10.75,3,1,0.3214394653031617,-0.9469301294951056,0.4338837391175582,-0.900968867902419
2026-01-01 10:45:00,5,0.9612756565865882,0.1111531149679151,0.047279335175987,0.0157597783919956,10.75,3,1,0.3214394653031617,-0.9469301294951056,0.4338837391175582,-0.900968867902419
2026-01-01 10:45:00,6,0.9585792150473024,-0.0651470701826243,0.1575977839199568,0.0787988919599784,10.75,3,1,0.3214394653031617,-0.9469301294951056,0.4338837391175582,-0.900968867902419
2026-01-01 10:45:00,7,0.9548310406849326,-0.03778077226009,0.1575977839199568,0.0787988919599784,10.75,3,1,0.3214394653031617,-0.9469301294951056,0.4338837391175582,-0.900968867902419
2026-01-01 10:45:00,8,0.9499874595499666,-0.0936814430350964,0.047279335175987,0.0157597783919956,10.75,3,1,0.3214394653031617,-0.9469301294951056,0.4338837391175582,-0.900968867902419
2026-01-01 10:45:00,9,0.9454960168623212,-0.1413735900291124,0.047279335175987,0.0157597783919956,10.75,3,1,0.3214394653031617,-0.9469301294951056,0.4338837391175582,-0.900968867902419
2026-01-01 10:45:00,10,0.9448317947071756,-0.135892572256195,0.0354595013819902,0.0236396675879935,10.75,3,1,0.3214394653031617,-0.9469301294951056,0.4338837391175582,-0.900968867902419
2026-01-01 10:45:00,11,0.9436738588428344,-0.1272257871147022,0.047279335175987,0.0275796121859924,10.75,3,1,0.3214394653031617,-0.9469301294951056,0.4338837391175582,-0.900968867902419
2026-01-01 10:45:00,12,0.9389562174021012,-0.1965961877797876,0.047279335175987,0.0275796121859924,10.75,3,1,0.3214394653031617,-0.9469301294951056,0.4338837391175582,-0.900968867902419
2026-01-01 10:45:00,13,0.9372073283665312,-0.2561674546719872,0.094558670351974,0.0630391135679827,10.75,3,1,0.3214394653031617,-0.9469301294951056,0.4338837391175582,-0.900968867902419
2026-01-01 10:45:00,14,0.93611793773772,-0.2846799242529982,0.0472793351759871,0.0078798891959978,10.75,3,1,0.3214394653031617,-0.9469301294951056,0.4338837391175582,-0.900968867902419
2026-01-01 10:45:00,15,0.9350628970574912,-0.3022698037934476,0.047279335175987,0.0157597783919957,10.75,3,1,0.3214394653031617,-0.9469301294951056,0.4338837391175582,-0.900968867902419
2026-01-01 10:45:00,16,0.933499699108034,-0.3606292615033332,0.047279335175987,0.0157597783919957,10.75,3,1,0.3214394653031617,-0.9469301294951056,0.4338837391175582,-0.900968867902419
2026-01-01 10:45:00,17,0.9330315633409456,-0.367867366803872,0.0709190027639805,0.0315195567839913,10.75,3,1,0.3214394653031617,-0.9469301294951056,0.4338837391175582,-0.900968867902419
2026-01-01 10:45:00,18,0.9980767750776084,0.03919050078638,-0.4290809972360194,0.0315195567839913,10.75,3,1,0.3214394653031617,-0.9469301294951056,0.4338837391175582,-0.900968867902419
2026-01-01 10:45:00,19,0.9952648937887107,-0.0133850548175623,0.0709190027639805,0.0315195567839913,10.75,3,1,0.3214394653031617,-0.9469301294951056,0.4338837391175582,-0.900968867902419
2026-01-01 10:45:00,20,0.9947112001826666,-0.0285650906736099,0.0709190027639805,0.0315195567839913,10.75,3,1,0.3214394653031617,-0.9469301294951056,0.4338837391175582,-0.900968867902419
2026-01-01 10:45:00,21,0.9942102583332292,-0.0445163829087122,0.0709190027639805,0.0315195567839913,10.75,3,1,0.3214394653031617,-0.9469301294951056,0.4338837391175582,-0.900968867902419
2026-01-01 10:45:00,22,0.9842244501967738,0.0583041414583698,0.0709190027639805,0.0393994459799892,10.75,3,1,0.3214394653031617,-0.9469301294951056,0.4338837391175582,-0.900968867902419
2026-01-01 10:45:00,23,0.979003904574224,-0.0108211506962433,0.3309553462319092,0.1575977839199568,10.75,3,1,0.3214394653031617,-0.9469301294951056,0.4338837391175582,-0.900968867902419
2026-01-01 10:45:00,24,0.976402808691532,-0.0447874368674681,0.3309553462319092,0.1575977839199569,10.75,3,1,0.3214394653031617,-0.9469301294951056,0.4338837391175582,-0.900968867902419
2026-01-01 10:45:00,25,0.959784520825444,0.1413631135757898,0.047279335175987,0.0196997229899946,10.75,3,1,0.3214394653031617,-0.9469301294951056,0.4338837391175582,-0.900968867902419
2026-01-01 10:45:00,26,0.9578035628660344,0.1843109723544515,0.047279335175987,0.0196997229899946,10.75,3,1,0.3214394653031617,-0.9469301294951056,0.4338837391175582,-0.900968867902419
2026-01-01 10:45:00,27,0.948964783632368,0.24787620465124,0.047279335175987,0.0157597783919956,10.75,3,1,0.3214394653031617,-0.9469301294951056,0.4338837391175582,-0.900968867902419
2026-01-01 10:45:00,28,0.942615931442373,0.3072532760130683,0.094558670351974,0.0551592243719849,10.75,3,1,0.3214394653031617,-0.9469301294951056,0.4338837391175582,-0.900968867902419
2026-01-01 10:45:00,29,0.93986824256601,0.3871113593989199,0.1575977839199569,0.4727933517598706,10.75,3,1,0.3214394653031617,-0.9469301294951056,0.4338837391175582,-0.900968867902419
2026-01-01 10:45:00,30,0.9366561359074562,0.3231777042469796,0.1181983379399675,0.0551592243719849,10.75,3,1,0.3214394653031617,-0.9469301294951056,0.4338837391175582,-0.900968867902419
2026-01-01 10:45:00,31,0.9359495247473572,0.3057485307699769,0.1654776731159546,0.0787988919599784,10.75,3,1,0.3214394653031617,-0.9469301294951056,0.4338837391175582,-0.900968867902419
2026-01-01 10:45:00,32,0.9357305902552964,0.2999036614580393,0.047279335175987,0.0315195567839914,10.75,3,1,0.3214394653031617,-0.9469301294951056,0.4338837391175582,-0.900968867902419
2026-01-01 11:00:00,0,1.0,0.0,-2.519463155549978,-1.865866631057454,11.0,3,1,0.258819045102521,-0.9659258262890682,0.4338837391175582,-0.900968867902419
2026-01-01 11:00:00,1,0.9980035560744756,0.0192059080294004,0.0777326929975961,0.0466396157985576,11.0,3,1,0.258819045102521,-0.9659258262890682,0.4338837391175582,-0.900968867902419
2026-01-01 11:00:00,2,0.9872103637353514,0.0811721176072702,0.0699594236978365,0.0310930771990384,11.0,3,1,0.258819045102521,-0.9659258262890682,0.4338837391175582,-0.900968867902419
2026-01-01 11:00:00,3,0.9814996050506944,0.1308684946432131,0.0932792315971153,0.0621861543980769,11.0,3,1,0.258819045102521,-0.9659258262890682,0.4338837391175582,-0.900968867902419
2026-01-01 11:00:00,4,0.9758566286529388,0.1811229774553016,0.0466396157985576,0.0233198078992788,11.0,3,1,0.258819045102521,-0.9659258262890682,0.4338837391175582,-0.900968867902419
2026-01-01 11:00:00,5,0.9618252356770024,0.1093851621202303,0.0466396157985576,0.0155465385995192,11.0,3,1,0.258819045102521,-0.9659258262890682,0.4338837391175582,-0.900968867902419
2026-01-01 11:00:00,6,0.9591676018899434,-0.0642913315364656,0.1554653859951923,0.0777326929975961,11.0,3,1,0.258819045102521,-0.9659258262890682,0.4338837391175582,-0.900968867902419
2026-01-01 11:00:00,7,0.9554733380283622,-0.0373438464804654,0.1554653859951923,0.0777326929975961,11.0,3,1,0.258819045102521,-0.9659258262890682,0.4338837391175582,-0.900968867902419
2026-01-01 11:00:00,8,0.9506997598856104,-0.0924107185328627,0.0466396157985576,0.0155465385995192,11.0,3,1,0.258819045102521,-0.9659258262890682,0.4338837391175582,-0.900968867902419
2026-01-01 11:00:00,9,0.9462732915290027,-0.139384987142896,0.0466396157985576,0.0155465385995192,11.0,3,1,0.258819045102521,-0.9659258262890682,0.4338837391175582,-0.900968867902419
2026-01-01 11:00:00,10,0.9456186801834404,-0.1339888714117234,0.0349797118489182,0.0233198078992788,11.0,3,1,0.258819045102521,-0.9659258262890682,0.4338837391175582,-0.900968867902419
2026-01-01 11:00:00,11,0.9444775111100364,-0.1254571774402679,0.0466396157985576,0.0272064425491586,11.0,3,1,0.258819045102521,-0.9659258262890682,0.4338837391175582,-0.900968867902419
2026-01-01 11:00:00,12,0.9398283094416148,-0.1937702105978366,0.0466396157985576,0.0272064425491586,11.0,3,1,0.258819045102521,-0.9659258262890682,0.4338837391175582,-0.900968867902419
2026-01-01 11:00:00,13,0.9381048121173752,-0.2524240602131745,0.0932792315971153,0.0621861543980769,11.0,3,1,0.258819045102521,-0.9659258262890682,0.4338837391175582,-0.900968867902419
2026-01-01 11:00:00,14,0.9370312505101496,-0.2804965754454093,0.0466396157985578,0.0077732692997596,11.0,3,1,0.258819045102521,-0.9659258262890682,0.4338837391175582,-0.900968867902419
2026-01-01 11:00:00,15,0.9359915448143252,-0.297814771423904,0.0466396157985578,0.0155465385995192,11.0,3,1,0.258819045102521,-0.9659258262890682,0.4338837391175582,-0.900968867902419
2026-01-01 11:00:00,16,0.9344510838737295,-0.3552687746027494,0.0466396157985578,0.0155465385995192,11.0,3,1,0.258819045102521,-0.9659258262890682,0.4338837391175582,-0.900968867902419
2026-01-01 11:00:00,17,0.9339897561629836,-0.3623943564520442,0.0699594236978364,0.0310930771990384,11.0,3,1,0.258819045102521,-0.9659258262890682,0.4338837391175582,-0.900968867902419
2026-01-01 11:00:00,18,0.9980910367937116,0.0380501370112037,-0.4150641309752811,0.0310930771990384,11.0,3,1,0.258819045102521,-0.9659258262890682,0.4338837391175582,-0.900968867902419
2026-01-01 11:00:00,19,0.9953173776757268,-0.0138107659768382,0.0699594236978364,0.0310930771990384,11.0,3,1,0.258819045102521,-0.9659258262890682,0.4338837391175582,-0.900968867902419
2026-01-01 11:00:00,20,0.9947712116900016,-0.0287837216356677,0.0699594236978364,0.0310930771990384,11.0,3,1,0.258819045102521,-0.9659258262890682,0.4338837391175582,-0.900968867902419
2026-01-01 11:00:00,21,0.9942770816323636,-0.0445171760129006,0.0699594236978364,0.0310930771990384,11.0,3,1,0.258819045102521,-0.9659258262890682,0.4338837391175582,-0.900968867902419
2026-01-01 11:00:00,22,0.9844426643300712,0.0573125238352934,0.0699594236978364,0.038866346498798,11.0,3,1,0.258819045102521,-0.9659258262890682,0.4338837391175582,-0.900968867902419
2026-01-01 11:00:00,23,0.9792943956438528,-0.0108420944283996,0.3264773105899037,0.1554653859951923,11.0,3,1,0.258819045102521,-0.9659258262890682,0.4338837391175582,-0.900968867902419
2026-01-01 11:00:00,24,0.9767293544853553,-0.0443276571352357,0.3264773105899037,0.1554653859951923,11.0,3,1,0.258819045102521,-0.9659258262890682,0.4338837391175582,-0.900968867902419
2026-01-01 11:00:00,25,0.9603556247617004,0.1391459992371078,0.0466396157985578,0.019433173249399,11.0,3,1,0.258819045102521,-0.9659258262890682,0.4338837391175582,-0.900968867902419
2026-01-01 11:00:00,26,0.9584032893701292,0.1814530967061085,0.0466396157985578,0.019433173249399,11.0,3,1,0.258819045102521,-0.9659258262890682,0.4338837391175582,-0.900968867902419
2026-01-01 11:00:00,27,0.9496922377728726,0.2440758820734802,0.0466396157985578,0.0155465385995192,11.0,3,1,0.258819045102521,-0.9659258262890682,0.4338837391175582,-0.900968867902419
2026-01-01 11:00:00,28,0.9434351721432755,0.302557196784464,0.0932792315971153,0.0544128850983172,11.0,3,1,0.258819045102521,-0.9659258262890682,0.4338837391175582,-0.900968867902419
2026-01-01 11:00:00,29,0.9407272344482188,0.3811927685092544,0.1554653859951924,0.4663961579855769,11.0,3,1,0.258819045102521,-0.9659258262890682,0.4338837391175582,-0.900968867902419
2026-01-01 11:00:00,30,0.9375616879618752,0.3182424628196518,0.116599039496394,0.0544128850983172,11.0,3,1,0.258819045102521,-0.9659258262890682,0.4338837391175582,-0.900968867902419
2026-01-01 11:00:00,31,0.936865320428374,0.3010825080099444,0.1632386552949518,0.0777326929975961,11.0,3,1,0.258819045102521,-0.9659258262890682,0.4338837391175582,-0.900968867902419
2026-01-01 11:00:00,32,0.9366495602286,0.2953280110228308,0.0466396157985578,0.0310930771990385,11.0,3,1,0.258819045102521,-0.9659258262890682,0.4338837391175582,-0.900968867902419
2026-01-01 11:15:00,0,1.0,0.0,-2.5295010794547985,-1.8570934615903405,11.25,3,1,0.1950903220161281,-0.9807852804032304,0.4338837391175582,-0.900968867902419
2026-01-01 11:15:00,1,0.9980003517080256,0.0187472352747581,0.0773823796421927,0.0464294277853156,11.25,3,1,0.1950903220161281,-0.9807852804032304,0.4338837391175582,-0.900968867902419
2026-01-01 11:15:00,2,0.9872580410013816,0.0804150198603182,0.0696441416779734,0.030952951856877,11.25,3,1,0.1950903220161281,-0.9807852804032304,0.4338837391175582,-0.900968867902419
2026-01-01 11:15:00,3,0.9815744817397016,0.1298697821661161,0.0928588555706312,0.0619059037137541,11.25,3,1,0.1950903220161281,-0.9807852804032304,0.4338837391175582,-0.900968867902419
2026-01-01 11:15:00,4,0.9759584327416329,0.1798766522217062,0.0464294277853156,0.0232147138926578,11.25,3,1,0.1950903220161281,-0.9807852804032304,0.4338837391175582,-0.900968867902419
2026-01-01 11:15:00,5,0.9619940849459884,0.1084844710659826,0.0464294277853156,0.0154764759284385,11.25,3,1,0.1950903220161281,-0.9807852804032304,0.4338837391175582,-0.900968867902419
2026-01-01 11:15:00,6,0.9593491532913146,-0.0643358018855353,0.1547647592843855,0.0773823796421927,11.25,3,1,0.1950903220161281,-0.9807852804032304,0.4338837391175582,-0.900968867902419
2026-01-01 11:15:00,7,0.9556725350746496,-0.0375249154227259,0.1547647592843855,0.0773823796421927,11.25,3,1,0.1950903220161281,-0.9807852804032304,0.4338837391175582,-0.900968867902419
2026-01-01 11:15:00,8,0.9509218673535922,-0.0923196952044415,0.0464294277853156,0.0154764759284385,11.25,3,1,0.1950903220161281,-0.9807852804032304,0.4338837391175582,-0.900968867902419
2026-01-01 11:15:00,9,0.9465166631941092,-0.1390597432843982,0.0464294277853156,0.0154764759284385,11.25,3,1,0.1950903220161281,-0.9807852804032304,0.4338837391175582,-0.900968867902419
2026-01-01 11:15:00,10,0.945865197170138,-0.133691311956326,0.0348220708389866,0.0232147138926578,11.25,3,1,0.1950903220161281,-0.9807852804032304,0.4338837391175582,-0.900968867902419
2026-01-01 11:15:00,11,0.9447295152579888,-0.1252036621654516,0.0464294277853156,0.0270838328747674,11.25,3,1,0.1950903220161281,-0.9807852804032304,0.4338837391175582,-0.900968867902419
2026-01-01 11:15:00,12,0.9401027104701126,-0.193171799649464,0.0464294277853156,0.0270838328747674,11.25,3,1,0.1950903220161281,-0.9807852804032304,0.4338837391175582,-0.900968867902419
2026-01-01 11:15:00,13,0.938387522417005,-0.251526467192118,0.0928588555706313,0.0619059037137542,11.25,3,1,0.1950903220161281,-0.9807852804032304,0.4338837391175582,-0.900968867902419
2026-01-01 11:15:00,14,0.9373191406591728,-0.2794555131957108,0.0464294277853156,0.0077382379642192,11.25,3,1,0.1950903220161281,-0.9807852804032304,0.4338837391175582,-0.900968867902419
2026-01-01 11:15:00,15,0.9362844531067418,-0.2966851149038899,0.0464294277853156,0.0154764759284385,11.25,3,1,0.1950903220161281,-0.9807852804032304,0.4338837391175582,-0.900968867902419
2026-01-01 11:15:00,16,0.9347514323897352,-0.3538438829697006,0.0464294277853156,0.0154764759284385,11.25,3,1,0.1950903220161281,-0.9807852804032304,0.4338837391175582,-0.900968867902419
2026-01-01 11:15:00,17,0.9342923324849784,-0.3609327766235897,0.0696441416779733,0.030952951856877,11.25,3,1,0.1950903220161281,-0.9807852804032304,0.4338837391175582,-0.900968867902419
2026-01-01 11:15:00,18,0.998064982038442,0.0362760389098247,-0.391275814951409,0.030952951856877,11.25,3,1,0.1950903220161281,-0.9807852804032304,0.4338837391175582,-0.900968867902419
2026-01-01 11:15:00,19,0.9953037945988256,-0.0153532636900761,0.0696441416779735,0.030952951856877,11.25,3,1,0.1950903220161281,-0.9807852804032304,0.4338837391175582,-0.900968867902419
2026-01-01 11:15:00,20,0.9947600848231112,-0.0302591144205281,0.0696441416779735,0.030952951856877,11.25,3,1,0.1950903220161281,-0.9807852804032304,0.4338837391175582,-0.900968867902419
2026-01-01 11:15:00,21,0.9942681773945826,-0.0459219792242941,0.0696441416779735,0.030952951856877,11.25,3,1,0.1950903220161281,-0.9807852804032304,0.4338837391175582,-0.900968867902419
2026-01-01 11:15:00,22,0.984503062753482,0.0566652453837936,0.0696441416779735,0.0386911898210964,11.25,3,1,0.1950903220161281,-0.9807852804032304,0.4338837391175582,-0.900968867902419
2026-01-01 11:15:00,23,0.9793784718583586,-0.011172229270158,0.3250059944972094,0.1547647592843855,11.25,3,1,0.1950903220161281,-0.9807852804032304,0.4338837391175582,-0.900968867902419
2026-01-01 11:15:00,24,0.9768252418562142,-0.0445007509558578,0.3250059944972094,0.1547647592843855,11.25,3,1,0.1950903220161281,-0.9807852804032304,0.4338837391175582,-0.900968867902419
2026-01-01 11:15:00,25,0.9605315188306456,0.1380987252005865,0.0464294277853156,0.0193455949105481,11.25,3,1,0.1950903220161281,-0.9807852804032304,0.4338837391175582,-0.900968867902419
2026-01-01 11:15:00,26,0.9585885510300608,0.1801967260991226,0.0464294277853156,0.0193455949105481,11.25,3,1,0.1950903220161281,-0.9807852804032304,0.4338837391175582,-0.900968867902419
2026-01-01 11:15:00,27,0.9499193019869728,0.2425119266235701,0.0464294277853156,0.0154764759284384,11.25,3,1,0.1950903220161281,-0.9807852804032304,0.4338837391175582,-0.900968867902419
2026-01-01 11:15:00,28,0.9436922758532772,0.3007009985806289,0.0928588555706313,0.0541676657495349,11.25,3,1,0.1950903220161281,-0.9807852804032304,0.4338837391175582,-0.900968867902419
2026-01-01 11:15:00,29,0.940997347541502,0.3789378435783914,0.1547647592843852,0.4642942778531564,11.25,3,1,0.1950903220161281,-0.9807852804032304,0.4338837391175582,-0.900968867902419
2026-01-01 11:15:00,30,0.9378470381385317,0.3163082297332481,0.116073569463289,0.0541676657495349,11.25,3,1,0.1950903220161281,-0.9807852804032304,0.4338837391175582,-0.900968867902419
2026-01-01 11:15:00,31,0.9371540228818512,0.2992360652693013,0.1625029972486045,0.0773823796421926,11.25,3,1,0.1950903220161281,-0.9807852804032304,0.4338837391175582,-0.900968867902419
2026-01-01 11:15:00,32,0.9369393014814422,0.2935110374617322,0.0464294277853154,0.0309529518568771,11.25,3,1,0.1950903220161281,-0.9807852804032304,0.4338837391175582,-0.900968867902419
2026-01-01 11:30:00,0,1.0,0.0,-2.6015507737094774,-1.8891215054864567,11.5,3,1,0.130526192220052,-0.9914448613738104,0.4338837391175582,-0.900968867902419
2026-01-01 11:30:00,1,0.9979495115262088,0.01859295684273,0.0786551927981324,0.0471931156788794,11.5,3,1,0.130526192220052,-0.9914448613738104,0.4338837391175582,-0.900968867902419
2026-01-01 11:30:00,2,0.9870214717665812,0.0813543787620091,0.0707896735183192,0.0314620771192529,11.5,3,1,0.130526192220052,-0.9914448613738104,0.4338837391175582,-0.900968867902419
2026-01-01 11:30:00,3,0.9812386114077584,0.1316946959308408,0.0943862313577589,0.062924154238506,11.5,3,1,0.130526192220052,-0.9914448613738104,0.4338837391175582,-0.900968867902419
2026-01-01 11:30:00,4,0.9755242513272792,0.1826092616661468,0.0471931156788795,0.0235965578394397,11.5,3,1,0.130526192220052,-0.9914448613738104,0.4338837391175582,-0.900968867902419
2026-01-01 11:30:00,5,0.9613151182190134,0.1099504329042524,0.0471931156788795,0.0157310385596264,11.5,3,1,0.130526192220052,-0.9914448613738104,0.4338837391175582,-0.900968867902419
2026-01-01 11:30:00,6,0.9586238102427128,-0.0660085893188644,0.1573103855962649,0.0786551927981324,11.5,3,1,0.130526192220052,-0.9914448613738104,0.4338837391175582,-0.900968867902419
2026-01-01 11:30:00,7,0.9548827672850204,-0.0386967706219993,0.1573103855962649,0.0786551927981324,11.5,3,1,0.130526192220052,-0.9914448613738104,0.4338837391175582,-0.900968867902419
2026-01-01 11:30:00,8,0.950048446116771,-0.094489018237053,0.0471931156788795,0.0157310385596264,11.5,3,1,0.130526192220052,-0.9914448613738104,0.4338837391175582,-0.900968867902419
2026-01-01 11:30:00,9,0.9455655981739258,-0.1420878043839029,0.0471931156788795,0.0157310385596264,11.5,3,1,0.130526192220052,-0.9914448613738104,0.4338837391175582,-0.900968867902419
2026-01-01 11:30:00,10,0.9449026473267834,-0.1366178324997178,0.0353948367591596,0.0235965578394397,11.5,3,1,0.130526192220052,-0.9914448613738104,0.4338837391175582,-0.900968867902419
2026-01-01 11:30:00,11,0.9437469293496992,-0.1279686244028904,0.0471931156788795,0.0275293174793463,11.5,3,1,0.130526192220052,-0.9914448613738104,0.4338837391175582,-0.900968867902419
2026-01-01 11:30:00,12,0.939038340956556,-0.1972014899703794,0.0471931156788795,0.0275293174793463,11.5,3,1,0.130526192220052,-0.9914448613738104,0.4338837391175582,-0.900968867902419
2026-01-01 11:30:00,13,0.937292810664885,-0.2566534087396662,0.094386231357759,0.0629241542385059,11.5,3,1,0.130526192220052,-0.9914448613738104,0.4338837391175582,-0.900968867902419
2026-01-01 11:30:00,14,0.9362055138480894,-0.2851086425184052,0.0471931156788794,0.0078655192798132,11.5,3,1,0.130526192220052,-0.9914448613738104,0.4338837391175582,-0.900968867902419
2026-01-01 11:30:00,15,0.9351525016276784,-0.302663176948351,0.0471931156788794,0.0157310385596265,11.5,3,1,0.130526192220052,-0.9914448613738104,0.4338837391175582,-0.900968867902419
2026-01-01 11:30:00,16,0.9335923112447312,-0.360904830813244,0.0471931156788794,0.0157310385596265,11.5,3,1,0.130526192220052,-0.9914448613738104,0.4338837391175582,-0.900968867902419
2026-01-01 11:30:00,17,0.933125076022423,-0.368128295890282,0.0707896735183193,0.0314620771192529,11.5,3,1,0.130526192220052,-0.9914448613738104,0.4338837391175582,-0.900968867902419
2026-01-01 11:30:00,18,0.9979862794566408,0.034827992066737,-0.3695065583235344,0.0314620771192529,11.5,3,1,0.130526192220052,-0.9914448613738104,0.4338837391175582,-0.900968867902419
2026-01-01 11:30:00,19,0.995179288130978,-0.0176609842433187,0.0707896735183192,0.0314620771192529,11.5,3,1,0.130526192220052,-0.9914448613738104,0.4338837391175582,-0.900968867902419
2026-01-01 11:30:00,20,0.9946265575665348,-0.0328159314949167,0.0707896735183192,0.0314620771192529,11.5,3,1,0.130526192220052,-0.9914448613738104,0.4338837391175582,-0.900968867902419
2026-01-01 11:30:00,21,0.99412648717244,-0.0487408314426209,0.0707896735183193,0.0314620771192529,11.5,3,1,0.130526192220052,-0.9914448613738104,0.4338837391175582,-0.900968867902419
2026-01-01 11:30:00,22,0.9842200788864172,0.0572023914078797,0.0707896735183193,0.0393275963990662,11.5,3,1,0.130526192220052,-0.9914448613738104,0.4338837391175582,-0.900968867902419
2026-01-01 11:30:00,23,0.9790090959152348,-0.0117967795954749,0.3303518097521565,0.1573103855962649,11.5,3,1,0.130526192220052,-0.9914448613738104,0.4338837391175582,-0.900968867902419
2026-01-01 11:30:00,24,0.9764127702448792,-0.0457005985128414,0.3303518097521565,0.1573103855962649,11.5,3,1,0.130526192220052,-0.9914448613738104,0.4338837391175582,-0.900968867902419
2026-01-01 11:30:00,25,0.9598268297694496,0.1401020270160094,0.0471931156788794,0.0196637981995331,11.5,3,1,0.130526192220052,-0.9914448613738104,0.4338837391175582,-0.900968867902419
2026-01-01 11:30:00,26,0.9578496579945804,0.1829665637352927,0.0471931156788794,0.0196637981995331,11.5,3,1,0.130526192220052,-0.9914448613738104,0.4338837391175582,-0.900968867902419
2026-01-01 11:30:00,27,0.9490277745249271,0.2464092546045875,0.0471931156788794,0.0157310385596265,11.5,3,1,0.130526192220052,-0.9914448613738104,0.4338837391175582,-0.900968867902419
2026-01-01 11:30:00,28,0.9426910638052564,0.305669828274667,0.094386231357759,0.0550586349586927,11.5,3,1,0.130526192220052,-0.9914448613738104,0.4338837391175582,-0.900968867902419
2026-01-01 11:30:00,29,0.9399486331764833,0.3853688862687158,0.1573103855962647,0.4719311567887949,11.5,3,1,0.130526192220052,-0.9914448613738104,0.4338837391175582,-0.900968867902419
2026-01-01 11:30:00,30,0.9367426854048369,0.3215631542533819,0.1179827891971987,0.0550586349586927,11.5,3,1,0.130526192220052,-0.9914448613738104,0.4338837391175582,-0.900968867902419
2026-01-01 11:30:00,31,0.9360374292506984,0.3041690052486938,0.1651759048760781,0.0786551927981324,11.5,3,1,0.130526192220052,-0.9914448613738104,0.4338837391175582,-0.900968867902419
2026-01-01 11:30:00,32,0.9358189146472996,0.2983358932418695,0.0471931156788794,0.031462077119253,11.5,3,1,0.130526192220052,-0.9914448613738104,0.4338837391175582,-0.900968867902419
2026-01-01 11:45:00,0,1.0,0.0,-2.458381826906302,-1.8371533684219077,11.75,3,1,0.0654031292301431,-0.9978589232386036,0.4338837391175582,-0.900968867902419
2026-01-01 11:45:00,1,0.9980471141490964,0.0192851091178869,0.0765900153908406,0.0459540092345043,11.75,3,1,0.0654031292301431,-0.9978589232386036,0.4338837391175582,-0.900968867902419
2026-01-01 11:45:00,2,0.9874204361629502,0.0802715526591907,0.0689310138517565,0.0306360061563362,11.75,3,1,0.0654031292301431,-0.9978589232386036,0.4338837391175582,-0.900968867902419
2026-01-01 11:45:00,3,0.9817986826103494,0.1291747631040595,0.0919080184690087,0.0612720123126725,11.75,3,1,0.0654031292301431,-0.9978589232386036,0.4338837391175582,-0.900968867902419
2026-01-01 11:45:00,4,0.9762438199085186,0.1786165096947582,0.0459540092345043,0.0229770046172521,11.75,3,1,0.0654031292301431,-0.9978589232386036,0.4338837391175582,-0.900968867902419
2026-01-01 11:45:00,5,0.9624318145100492,0.1080134516649704,0.0459540092345043,0.0153180030781681,11.75,3,1,0.0654031292301431,-0.9978589232386036,0.4338837391175582,-0.900968867902419
2026-01-01 11:45:00,6,0.959815745001997,-0.0628526997250387,0.1531800307816812,0.0765900153908406,11.75,3,1,0.0654031292301431,-0.9978589232386036,0.4338837391175582,-0.900968867902419
2026-01-01 11:45:00,7,0.9561792219997703,-0.0363534243423424,0.1531800307816812,0.0765900153908406,11.75,3,1,0.0654031292301431,-0.9978589232386036,0.4338837391175582,-0.900968867902419
2026-01-01 11:45:00,8,0.9514806094351428,-0.0905272385973428,0.0459540092345043,0.0153180030781681,11.75,3,1,0.0654031292301431,-0.9978589232386036,0.4338837391175582,-0.900968867902419
2026-01-01 11:45:00,9,0.9471237194861022,-0.1367328319090657,0.0459540092345043,0.0153180030781681,11.75,3,1,0.0654031292301431,-0.9978589232386036,0.4338837391175582,-0.900968867902419
2026-01-01 11:45:00,10,0.9464793999041952,-0.1314275419145084,0.0344655069258782,0.0229770046172521,11.75,3,1,0.0654031292301431,-0.9978589232386036,0.4338837391175582,-0.900968867902419
2026-01-01 11:45:00,11,0.9453561851881628,-0.1230403357430866,0.0459540092345043,0.0268065053867942,11.75,3,1,0.0654031292301431,-0.9978589232386036,0.4338837391175582,-0.900968867902419
2026-01-01 11:45:00,12,0.9407802664727436,-0.1902216391996382,0.0459540092345043,0.0268065053867942,11.75,3,1,0.0654031292301431,-0.9978589232386036,0.4338837391175582,-0.900968867902419
2026-01-01 11:45:00,13,0.9390839570368612,-0.2478938803368411,0.0919080184690087,0.0612720123126724,11.75,3,1,0.0654031292301431,-0.9978589232386036,0.4338837391175582,-0.900968867902419
2026-01-01 11:45:00,14,0.9380273437569532,-0.2754956874596282,0.0459540092345043,0.0076590015390841,11.75,3,1,0.0654031292301431,-0.9978589232386036,0.4338837391175582,-0.900968867902419
2026-01-01 11:45:00,15,0.9370040572454776,-0.2925232178794271,0.0459540092345043,0.0153180030781681,11.75,3,1,0.0654031292301431,-0.9978589232386036,0.4338837391175582,-0.900968867902419
2026-01-01 11:45:00,16,0.9354879403058276,-0.3490086466113797,0.0459540092345043,0.0153180030781681,11.75,3,1,0.0654031292301431,-0.9978589232386036,0.4338837391175582,-0.900968867902419
2026-01-01 11:45:00,17,0.9350339018627738,-0.3560138687248121,0.0689310138517564,0.0306360061563362,11.75,3,1,0.0654031292301431,-0.9978589232386036,0.4338837391175582,-0.900968867902419
2026-01-01 11:45:00,18,0.998155975505586,0.0390917833128125,-0.4310689861482435,0.0306360061563362,11.75,3,1,0.0654031292301431,-0.9978589232386036,0.4338837391175582,-0.900968867902419
2026-01-01 11:45:00,19,0.9954234117457956,-0.0119982091910858,0.0689310138517566,0.0306360061563362,11.75,3,1,0.0654031292301431,-0.9978589232386036,0.4338837391175582,-0.900968867902419
2026-01-01 11:45:00,20,0.994885339203546,-0.026747806149599,0.0689310138517566,0.0306360061563362,11.75,3,1,0.0654031292301431,-0.9978589232386036,0.4338837391175582,-0.900968867902419
2026-01-01 11:45:00,21,0.9943985329177876,-0.042246305854049,0.0689310138517566,0.0306360061563362,11.75,3,1,0.0654031292301431,-0.9978589232386036,0.4338837391175582,-0.900968867902419
2026-01-01 11:45:00,22,0.9846943763407776,0.0567726946052465,0.0689310138517566,0.0382950076954202,11.75,3,1,0.0654031292301431,-0.9978589232386036,0.4338837391175582,-0.900968867902419
2026-01-01 11:45:00,23,0.979623610737629,-0.0103402886737495,0.3216780646415305,0.1531800307816812,11.75,3,1,0.0654031292301431,-0.9978589232386036,0.4338837391175582,-0.900968867902419
2026-01-01 11:45:00,24,0.9770972299903468,-0.0433101049392402,0.3216780646415307,0.1531800307816813,11.75,3,1,0.0654031292301431,-0.9978589232386036,0.4338837391175582,-0.900968867902419
2026-01-01 11:45:00,25,0.9609852552337268,0.137293159730152,0.0459540092345043,0.0191475038477102,11.75,3,1,0.0654031292301431,-0.9978589232386036,0.4338837391175582,-0.900968867902419
2026-01-01 11:45:00,26,0.959063571768903,0.1789139668875226,0.0459540092345043,0.0191475038477102,11.75,3,1,0.0654031292301431,-0.9978589232386036,0.4338837391175582,-0.900968867902419
2026-01-01 11:45:00,27,0.9504893031888352,0.2405271319770278,0.0459540092345043,0.0153180030781681,11.75,3,1,0.0654031292301431,-0.9978589232386036,0.4338837391175582,-0.900968867902419
2026-01-01 11:45:00,28,0.9443305300707832,0.2980493767098925,0.0919080184690086,0.0536130107735883,11.75,3,1,0.0654031292301431,-0.9978589232386036,0.4338837391175582,-0.900968867902419
2026-01-01 11:45:00,29,0.9416651602579909,0.3753766458602004,0.153180030781681,0.4595400923450436,11.75,3,1,0.0654031292301431,-0.9978589232386036,0.4338837391175582,-0.900968867902419
2026-01-01 11:45:00,30,0.9385494700940988,0.3134785371067263,0.114885023086261,0.0536130107735883,11.75,3,1,0.0654031292301431,-0.9978589232386036,0.4338837391175582,-0.900968867902419
2026-01-01 11:45:00,31,0.9378640713289328,0.2966066100371223,0.1608390323207653,0.0765900153908405,11.75,3,1,0.0654031292301431,-0.9978589232386036,0.4338837391175582,-0.900968867902419
2026-01-01 11:45:00,32,0.9376517101135744,0.2909487961473921,0.0459540092345043,0.0306360061563362,11.75,3,1,0.0654031292301431,-0.9978589232386036,0.4338837391175582,-0.900968867902419
2026-01-01 12:00:00,0,1.0,0.0,-2.521033256236263,-1.8635112697621348,12.0,3,1,1.2246467991473532e-16,-1.0,0.4338837391175582,-0.900968867902419
2026-01-01 12:00:00,1,0.9980033429505368,0.0191016911610625,0.0776387157674299,0.0465832294604579,12.0,3,1,1.2246467991473532e-16,-1.0,0.4338837391175582,-0.900968867902419
2026-01-01 12:00:00,2,0.9872238102944778,0.0809877384702544,0.069874844190687,0.0310554863069719,12.0,3,1,1.2246467991473532e-16,-1.0,0.4338837391175582,-0.900968867902419
2026-01-01 12:00:00,3,0.98152035387831,0.1306192112743032,0.0931664589209159,0.0621109726139439,12.0,3,1,1.2246467991473532e-16,-1.0,0.4338837391175582,-0.900968867902419
2026-01-01 12:00:00,4,0.975884606774436,0.1808071754625164,0.0465832294604579,0.023291614730229,12.0,3,1,1.2246467991473532e-16,-1.0,0.4338837391175582,-0.900968867902419
2026-01-01 12:00:00,5,0.9618712137531604,0.1091622036838571,0.046583229460458,0.0155277431534859,12.0,3,1,1.2246467991473532e-16,-1.0,0.4338837391175582,-0.900968867902419
2026-01-01 12:00:00,6,0.9592169901746626,-0.0642842745453062,0.15527743153486,0.0776387157674299,12.0,3,1,1.2246467991473532e-16,-1.0,0.4338837391175582,-0.900968867902419
2026-01-01 12:00:00,7,0.955527463720488,-0.0373734891339534,0.1552774315348599,0.0776387157674299,12.0,3,1,1.2246467991473532e-16,-1.0,0.4338837391175582,-0.900968867902419
2026-01-01 12:00:00,8,0.950760036567878,-0.0923672656787787,0.046583229460458,0.0155277431534859,12.0,3,1,1.2246467991473532e-16,-1.0,0.4338837391175582,-0.900968867902419
2026-01-01 12:00:00,9,0.9463392772454648,-0.139278610626208,0.046583229460458,0.0155277431534859,12.0,3,1,1.2246467991473532e-16,-1.0,0.4338837391175582,-0.900968867902419
2026-01-01 12:00:00,10,0.945685510359924,-0.1338899331392418,0.0349374220953434,0.023291614730229,12.0,3,1,1.2246467991473532e-16,-1.0,0.4338837391175582,-0.900968867902419
2026-01-01 12:00:00,11,0.9445458144912398,-0.1253700732281396,0.046583229460458,0.0271735505186004,12.0,3,1,1.2246467991473532e-16,-1.0,0.4338837391175582,-0.900968867902419
2026-01-01 12:00:00,12,0.9399026260326456,-0.1935904453864008,0.046583229460458,0.0271735505186004,12.0,3,1,1.2246467991473532e-16,-1.0,0.4338837391175582,-0.900968867902419
2026-01-01 12:00:00,13,0.9381813596244424,-0.2521639124943612,0.093166458920916,0.062110972613944,12.0,3,1,1.2246467991473532e-16,-1.0,0.4338837391175582,-0.900968867902419
2026-01-01 12:00:00,14,0.9371091887345732,-0.2801978809653493,0.0465832294604579,0.0077638715767429,12.0,3,1,1.2246467991473532e-16,-1.0,0.4338837391175582,-0.900968867902419
2026-01-01 12:00:00,15,0.9360708303421942,-0.2974922736881163,0.046583229460458,0.015527743153486,12.0,3,1,1.2246467991473532e-16,-1.0,0.4338837391175582,-0.900968867902419
2026-01-01 12:00:00,16,0.934532367006691,-0.3548669525955905,0.046583229460458,0.015527743153486,12.0,3,1,1.2246467991473532e-16,-1.0,0.4338837391175582,-0.900968867902419
2026-01-01 12:00:00,17,0.9340716374330288,-0.3619826769245663,0.0698748441906869,0.0310554863069719,12.0,3,1,1.2246467991473532e-16,-1.0,0.4338837391175582,-0.900968867902419
2026-01-01 12:00:00,18,0.9980858406599084,0.0376558530901773,-0.4098016284265549,0.0310554863069719,12.0,3,1,1.2246467991473532e-16,-1.0,0.4338837391175582,-0.900968867902419
2026-01-01 12:00:00,19,0.9953155322599818,-0.0141427345910969,0.069874844190687,0.0310554863069719,12.0,3,1,1.2246467991473532e-16,-1.0,0.4338837391175582,-0.900968867902419
2026-01-01 12:00:00,20,0.994770026175298,-0.0290976345237013,0.069874844190687,0.0310554863069719,12.0,3,1,1.2246467991473532e-16,-1.0,0.4338837391175582,-0.900968867902419
2026-01-01 12:00:00,21,0.994276493263928,-0.0448120955038351,0.069874844190687,0.0310554863069719,12.0,3,1,1.2246467991473532e-16,-1.0,0.4338837391175582,-0.900968867902419
2026-01-01 12:00:00,22,0.984459525643856,0.0571576392564387,0.069874844190687,0.038819357883715,12.0,3,1,1.2246467991473532e-16,-1.0,0.4338837391175582,-0.900968867902419
2026-01-01 12:00:00,23,0.9793176128296684,-0.010911799425222,0.3260826062232058,0.1552774315348599,12.0,3,1,1.2246467991473532e-16,-1.0,0.4338837391175582,-0.900968867902419
2026-01-01 12:00:00,24,0.9767557421761612,-0.0443551823505235,0.3260826062232058,0.15527743153486,12.0,3,1,1.2246467991473532e-16,-1.0,0.4338837391175582,-0.900968867902419
2026-01-01 12:00:00,25,0.9604034942160984,0.1388836628293382,0.046583229460458,0.0194096789418574,12.0,3,1,1.2246467991473532e-16,-1.0,0.4338837391175582,-0.900968867902419
2026-01-01 12:00:00,26,0.9584536738323898,0.1811345880034756,0.046583229460458,0.0194096789418574,12.0,3,1,1.2246467991473532e-16,-1.0,0.4338837391175582,-0.900968867902419
2026-01-01 12:00:00,27,0.9497538453781972,0.2436747448709694,0.046583229460458,0.0155277431534859,12.0,3,1,1.2246467991473532e-16,-1.0,0.4338837391175582,-0.900968867902419
2026-01-01 12:00:00,28,0.9435048447626356,0.3020775475081371,0.093166458920916,0.0543471010372009,12.0,3,1,1.2246467991473532e-16,-1.0,0.4338837391175582,-0.900968867902419
2026-01-01 12:00:00,29,0.9408003998413476,0.3806059940258682,0.1552774315348599,0.4658322946045798,12.0,3,1,1.2246467991473532e-16,-1.0,0.4338837391175582,-0.900968867902419
2026-01-01 12:00:00,30,0.9376389442576962,0.3177418495585339,0.1164580736511449,0.0543471010372009,12.0,3,1,1.2246467991473532e-16,-1.0,0.4338837391175582,-0.900968867902419
2026-01-01 12:00:00,31,0.936943476755026,0.300605482015043,0.1630413031116031,0.07763871576743,12.0,3,1,1.2246467991473532e-16,-1.0,0.4338837391175582,-0.900968867902419
2026-01-01 12:00:00,32,0.9367279954558466,0.2948589027547344,0.0465832294604577,0.031055486306972,12.0,3,1,1.2246467991473532e-16,-1.0,0.4338837391175582,-0.900968867902419
2026-01-01 12:15:00,0,1.0,0.0,-2.4456937358052113,-1.8217769625408835,12.25,3,1,-0.0654031292301428,-0.9978589232386036,0.4338837391175582,-0.900968867902419
2026-01-01 12:15:00,1,0.9980589204290088,0.0189906862474093,0.0759765014427813,0.0455859008656688,12.25,3,1,-0.0654031292301428,-0.9978589232386036,0.4338837391175582,-0.900968867902419
2026-01-01 12:15:00,2,0.9875214041627596,0.0794535348905403,0.0683788512985032,0.0303906005771125,12.25,3,1,-0.0654031292301428,-0.9978589232386036,0.4338837391175582,-0.900968867902419
2026-01-01 12:15:00,3,0.9819472963134772,0.127932970122193,0.0911718017313376,0.060781201154225,12.25,3,1,-0.0654031292301428,-0.9978589232386036,0.4338837391175582,-0.900968867902419
2026-01-01 12:15:00,4,0.9764395997926462,0.1769406278782859,0.0455859008656688,0.0227929504328344,12.25,3,1,-0.0654031292301428,-0.9978589232386036,0.4338837391175582,-0.900968867902419
2026-01-01 12:15:00,5,0.9627450257621208,0.1069439905361135,0.0455859008656688,0.0151953002885562,12.25,3,1,-0.0654031292301428,-0.9978589232386036,0.4338837391175582,-0.900968867902419
2026-01-01 12:15:00,6,0.9601512041746711,-0.0624211585473347,0.1519530028855626,0.0759765014427813,12.25,3,1,-0.0654031292301428,-0.9978589232386036,0.4338837391175582,-0.900968867902419
2026-01-01 12:15:00,7,0.9565455883588472,-0.0361611033414285,0.1519530028855626,0.0759765014427813,12.25,3,1,-0.0654031292301428,-0.9978589232386036,0.4338837391175582,-0.900968867902419
2026-01-01 12:15:00,8,0.9518870977659614,-0.0898579604962982,0.0455859008656688,0.0151953002885562,12.25,3,1,-0.0654031292301428,-0.9978589232386036,0.4338837391175582,-0.900968867902419
2026-01-01 12:15:00,9,0.9475674456118972,-0.1356531205575606,0.0455859008656688,0.0151953002885562,12.25,3,1,-0.0654031292301428,-0.9978589232386036,0.4338837391175582,-0.900968867902419
2026-01-01 12:15:00,10,0.9469286340667256,-0.1303962913442594,0.0341894256492516,0.0227929504328344,12.25,3,1,-0.0654031292301428,-0.9978589232386036,0.4338837391175582,-0.900968867902419
2026-01-01 12:15:00,11,0.9458150281323784,-0.1220861655747499,0.0455859008656688,0.0265917755049734,12.25,3,1,-0.0654031292301428,-0.9978589232386036,0.4338837391175582,-0.900968867902419
2026-01-01 12:15:00,12,0.9412783268713336,-0.1886633766551106,0.0455859008656688,0.0265917755049734,12.25,3,1,-0.0654031292301428,-0.9978589232386036,0.4338837391175582,-0.900968867902419
2026-01-01 12:15:00,13,0.9395965667495602,-0.2458117958134415,0.0911718017313376,0.060781201154225,12.25,3,1,-0.0654031292301428,-0.9978589232386036,0.4338837391175582,-0.900968867902419
2026-01-01 12:15:00,14,0.9385490229965224,-0.2731624284993605,0.0455859008656688,0.0075976501442781,12.25,3,1,-0.0654031292301428,-0.9978589232386036,0.4338837391175582,-0.900968867902419
2026-01-01 12:15:00,15,0.9375345227736152,-0.290034860865446,0.0455859008656687,0.0151953002885563,12.25,3,1,-0.0654031292301428,-0.9978589232386036,0.4338837391175582,-0.900968867902419
2026-01-01 12:15:00,16,0.9360314326281584,-0.3460035221216245,0.0455859008656687,0.0151953002885563,12.25,3,1,-0.0654031292301428,-0.9978589232386036,0.4338837391175582,-0.900968867902419
2026-01-01 12:15:00,17,0.9355812947843763,-0.3529445315167597,0.0683788512985033,0.0303906005771125,12.25,3,1,-0.0654031292301428,-0.9978589232386036,0.4338837391175582,-0.900968867902419
2026-01-01 12:15:00,18,0.9981587372049776,0.0381900661096946,-0.4196322694722454,0.0303906005771125,12.25,3,1,-0.0654031292301428,-0.9978589232386036,0.4338837391175582,-0.900968867902419
2026-01-01 12:15:00,19,0.9954481461145464,-0.0124893918374469,0.0683788512985031,0.0303906005771125,12.25,3,1,-0.0654031292301428,-0.9978589232386036,0.4338837391175582,-0.900968867902419
2026-01-01 12:15:00,20,0.9949144009171584,-0.0271200528512174,0.0683788512985031,0.0303906005771125,12.25,3,1,-0.0654031292301428,-0.9978589232386036,0.4338837391175582,-0.900968867902419
2026-01-01 12:15:00,21,0.9944315104329297,-0.0424934449983474,0.0683788512985031,0.0303906005771125,12.25,3,1,-0.0654031292301428,-0.9978589232386036,0.4338837391175582,-0.900968867902419
2026-01-01 12:15:00,22,0.9848176559389146,0.056147675567001,0.0683788512985031,0.0379882507213906,12.25,3,1,-0.0654031292301428,-0.9978589232386036,0.4338837391175582,-0.900968867902419
2026-01-01 12:15:00,23,0.9797884178983496,-0.010408162301922,0.3191013060596817,0.1519530028855626,12.25,3,1,-0.0654031292301428,-0.9978589232386036,0.4338837391175582,-0.900968867902419
2026-01-01 12:15:00,24,0.97728275147884,-0.0431021693502626,0.3191013060596817,0.1519530028855626,12.25,3,1,-0.0654031292301428,-0.9978589232386036,0.4338837391175582,-0.900968867902419
2026-01-01 12:15:00,25,0.9613108042480804,0.1359667219040812,0.0455859008656687,0.0189941253606953,12.25,3,1,-0.0654031292301428,-0.9978589232386036,0.4338837391175582,-0.900968867902419
2026-01-01 12:15:00,26,0.9594055259816714,0.1772210050997769,0.0455859008656687,0.0189941253606953,12.25,3,1,-0.0654031292301428,-0.9978589232386036,0.4338837391175582,-0.900968867902419
2026-01-01 12:15:00,27,0.9509044646808186,0.2382948788001549,0.0455859008656687,0.0151953002885563,12.25,3,1,-0.0654031292301428,-0.9978589232386036,0.4338837391175582,-0.900968867902419
2026-01-01 12:15:00,28,0.9447982978155928,0.2953050589644815,0.0911718017313376,0.0531835510099469,12.25,3,1,-0.0654031292301428,-0.9978589232386036,0.4338837391175582,-0.900968867902419
2026-01-01 12:15:00,29,0.9421557099544838,0.3719340634693754,0.1519530028855629,0.455859008656688,12.25,3,1,-0.0654031292301428,-0.9978589232386036,0.4338837391175582,-0.900968867902419
2026-01-01 12:15:00,30,0.9390667010539788,0.310597463472355,0.113964752164172,0.0531835510099469,12.25,3,1,-0.0654031292301428,-0.9978589232386036,0.4338837391175582,-0.900968867902419
2026-01-01 12:15:00,31,0.9383871723508194,0.2938792266291277,0.1595506530298407,0.0759765014427813,12.25,3,1,-0.0654031292301428,-0.9978589232386036,0.4338837391175582,-0.900968867902419
2026-01-01 12:15:00,32,0.9381766301341612,0.2882730010556459,0.0455859008656687,0.0303906005771126,12.25,3,1,-0.0654031292301428,-0.9978589232386036,0.4338837391175582,-0.900968867902419
2026-01-01 12:30:00,0,1.0,0.0,-2.484398517714676,-1.8398291383047396,12.5,3,1,-0.1305261922200517,-0.9914448613738104,0.4338837391175582,-0.900968867902419
2026-01-01 12:30:00,1,0.9980313611240934,0.0189357938976192,0.0766956559272428,0.0460173935563457,12.5,3,1,-0.1305261922200517,-0.9914448613738104,0.4338837391175582,-0.900968867902419
2026-01-01 12:30:00,2,0.9873891632453662,0.0800142548257818,0.0690260903345186,0.0306782623708971,12.5,3,1,-0.1305261922200517,-0.9914448613738104,0.4338837391175582,-0.900968867902419
2026-01-01 12:30:00,3,0.981759114603068,0.1289919473455969,0.0920347871126914,0.0613565247417943,12.5,3,1,-0.1305261922200517,-0.9914448613738104,0.4338837391175582,-0.900968867902419
2026-01-01 12:30:00,4,0.9761960399963088,0.1785099989459418,0.0460173935563457,0.0230086967781728,12.5,3,1,-0.1305261922200517,-0.9914448613738104,0.4338837391175582,-0.900968867902419
2026-01-01 12:30:00,5,0.9623635885883368,0.1078003673920574,0.0460173935563457,0.0153391311854485,12.5,3,1,-0.1305261922200517,-0.9914448613738104,0.4338837391175582,-0.900968867902419
2026-01-01 12:30:00,6,0.9597436454688963,-0.0633296349150827,0.1533913118544858,0.0766956559272429,12.5,3,1,-0.1305261922200517,-0.9914448613738104,0.4338837391175582,-0.900968867902419
2026-01-01 12:30:00,7,0.9561017412453142,-0.0367882965385775,0.1533913118544857,0.0766956559272428,12.5,3,1,-0.1305261922200517,-0.9914448613738104,0.4338837391175582,-0.900968867902419
2026-01-01 12:30:00,8,0.951396142426128,-0.0910459535898048,0.0460173935563457,0.0153391311854485,12.5,3,1,-0.1305261922200517,-0.9914448613738104,0.4338837391175582,-0.900968867902419
2026-01-01 12:30:00,9,0.947032768312808,-0.1373237024909928,0.0460173935563457,0.0153391311854485,12.5,3,1,-0.1305261922200517,-0.9914448613738104,0.4338837391175582,-0.900968867902419
2026-01-01 12:30:00,10,0.9463874896203848,-0.1320098903673097,0.0345130451672592,0.0230086967781728,12.5,3,1,-0.1305261922200517,-0.9914448613738104,0.4338837391175582,-0.900968867902419
2026-01-01 12:30:00,11,0.9452626017100956,-0.1236091282508457,0.0460173935563457,0.026843479574535,12.5,3,1,-0.1305261922200517,-0.9914448613738104,0.4338837391175582,-0.900968867902419
2026-01-01 12:30:00,12,0.9406798537386368,-0.1908966471596826,0.0460173935563457,0.026843479574535,12.5,3,1,-0.1305261922200517,-0.9914448613738104,0.4338837391175582,-0.900968867902419
2026-01-01 12:30:00,13,0.9389810106721752,-0.2486610000913982,0.0920347871126914,0.0613565247417943,12.5,3,1,-0.1305261922200517,-0.9914448613738104,0.4338837391175582,-0.900968867902419
2026-01-01 12:30:00,14,0.9379228179924844,-0.276306976037862,0.0460173935563457,0.0076695655927243,12.5,3,1,-0.1305261922200517,-0.9914448613738104,0.4338837391175582,-0.900968867902419
2026-01-01 12:30:00,15,0.9368980013954428,-0.2933617806087479,0.0460173935563458,0.0153391311854486,12.5,3,1,-0.1305261922200517,-0.9914448613738104,0.4338837391175582,-0.900968867902419
2026-01-01 12:30:00,16,0.935379615877461,-0.3499380877647919,0.0460173935563457,0.0153391311854486,12.5,3,1,-0.1305261922200517,-0.9914448613738104,0.4338837391175582,-0.900968867902419
2026-01-01 12:30:00,17,0.9349248981584646,-0.3569546025268731,0.0690260903345185,0.0306782623708971,12.5,3,1,-0.1305261922200517,-0.9914448613738104,0.4338837391175582,-0.900968867902419
2026-01-01 12:30:00,18,0.9981174241713122,0.0375131327090443,-0.4092688785491228,0.0306782623708971,12.5,3,1,-0.1305261922200517,-0.9914448613738104,0.4338837391175582,-0.900968867902419
2026-01-01 12:30:00,19,0.9953809716956616,-0.0136514646174132,0.0690260903345185,0.0306782623708971,12.5,3,1,-0.1305261922200517,-0.9914448613738104,0.4338837391175582,-0.900968867902419
2026-01-01 12:30:00,20,0.9948421332969172,-0.0284226760609109,0.0690260903345185,0.0306782623708971,12.5,3,1,-0.1305261922200517,-0.9914448613738104,0.4338837391175582,-0.900968867902419
2026-01-01 12:30:00,21,0.9943546339849854,-0.0439439120628133,0.0690260903345185,0.0306782623708971,12.5,3,1,-0.1305261922200517,-0.9914448613738104,0.4338837391175582,-0.900968867902419
2026-01-01 12:30:00,22,0.9846592217241176,0.0564814946109692,0.0690260903345186,0.0383478279636214,12.5,3,1,-0.1305261922200517,-0.9914448613738104,0.4338837391175582,-0.900968867902419
2026-01-01 12:30:00,23,0.9795812312038296,-0.0107293672118491,0.3221217548944202,0.1533913118544857,12.5,3,1,-0.1305261922200517,-0.9914448613738104,0.4338837391175582,-0.900968867902419
2026-01-01 12:30:00,24,0.977051246518827,-0.0437476409417762,0.3221217548944199,0.1533913118544857,12.5,3,1,-0.1305261922200517,-0.9914448613738104,0.4338837391175582,-0.900968867902419
2026-01-01 12:30:00,25,0.9609148810451428,0.137125247204331,0.0460173935563457,0.0191739139818107,12.5,3,1,-0.1305261922200517,-0.9914448613738104,0.4338837391175582,-0.900968867902419
2026-01-01 12:30:00,26,0.9589903410339896,0.1788104847781245,0.0460173935563457,0.0191739139818107,12.5,3,1,-0.1305261922200517,-0.9914448613738104,0.4338837391175582,-0.900968867902419
2026-01-01 12:30:00,27,0.9504033252416484,0.2405184443441586,0.0460173935563457,0.0153391311854484,12.5,3,1,-0.1305261922200517,-0.9914448613738104,0.4338837391175582,-0.900968867902419
2026-01-01 12:30:00,28,0.9442353919847816,0.2981307139421049,0.0920347871126914,0.05368695914907,12.5,3,1,-0.1305261922200517,-0.9914448613738104,0.4338837391175582,-0.900968867902419
2026-01-01 12:30:00,29,0.9415660551788608,0.3755807621718265,0.1533913118544858,0.4601739355634573,12.5,3,1,-0.1305261922200517,-0.9914448613738104,0.4338837391175582,-0.900968867902419
2026-01-01 12:30:00,30,0.9384457188634884,0.3135839158805993,0.1150434838908642,0.05368695914907,12.5,3,1,-0.1305261922200517,-0.9914448613738104,0.4338837391175582,-0.900968867902419
2026-01-01 12:30:00,31,0.9377592979106996,0.2966849622064452,0.1610608774472099,0.0766956559272429,12.5,3,1,-0.1305261922200517,-0.9914448613738104,0.4338837391175582,-0.900968867902419
2026-01-01 12:30:00,32,0.9375466199417988,0.2910180763562272,0.0460173935563457,0.0306782623708972,12.5,3,1,-0.1305261922200517,-0.9914448613738104,0.4338837391175582,-0.900968867902419
2026-01-01 12:45:00,0,1.0,0.0,-2.5282305415202546,-1.869529886985424,12.75,3,1,-0.1950903220161279,-0.9807852804032304,0.4338837391175582,-0.900968867902419
2026-01-01 12:45:00,1,0.9979974381697388,0.019179406137512,0.0778783035907517,0.046726982154451,12.75,3,1,-0.1950903220161279,-0.9807852804032304,0.4338837391175582,-0.900968867902419
2026-01-01 12:45:00,2,0.987183001459822,0.0812707082744112,0.0700904732316766,0.0311513214363007,12.75,3,1,-0.1950903220161279,-0.9807852804032304,0.4338837391175582,-0.900968867902419
2026-01-01 12:45:00,3,0.981460885059502,0.131068371074619,0.0934539643089021,0.0623026428726014,12.75,3,1,-0.1950903220161279,-0.9807852804032304,0.4338837391175582,-0.900968867902419
2026-01-01 12:45:00,4,0.9758066643073788,0.1814266636152524,0.046726982154451,0.0233634910772255,12.75,3,1,-0.1950903220161279,-0.9807852804032304,0.4338837391175582,-0.900968867902419
2026-01-01 12:45:00,5,0.9617472741753827,0.1095439665900808,0.046726982154451,0.0155756607181503,12.75,3,1,-0.1950903220161279,-0.9807852804032304,0.4338837391175582,-0.900968867902419
2026-01-01 12:45:00,6,0.9590843361357352,-0.0644914925619223,0.1557566071815035,0.0778783035907517,12.75,3,1,-0.1950903220161279,-0.9807852804032304,0.4338837391175582,-0.900968867902419
2026-01-01 12:45:00,7,0.955382703721472,-0.0374867279880334,0.1557566071815035,0.0778783035907517,12.75,3,1,-0.1950903220161279,-0.9807852804032304,0.4338837391175582,-0.900968867902419
2026-01-01 12:45:00,8,0.9505995580339024,-0.0926676747760551,0.046726982154451,0.0155756607181503,12.75,3,1,-0.1950903220161279,-0.9807852804032304,0.4338837391175582,-0.900968867902419
2026-01-01 12:45:00,9,0.946164209516266,-0.1397401467732077,0.046726982154451,0.0155756607181503,12.75,3,1,-0.1950903220161279,-0.9807852804032304,0.4338837391175582,-0.900968867902419
2026-01-01 12:45:00,10,0.9455082846470424,-0.1343324211976324,0.0350452366158382,0.0233634910772255,12.75,3,1,-0.1950903220161279,-0.9807852804032304,0.4338837391175582,-0.900968867902419
2026-01-01 12:45:00,11,0.9443648240515626,-0.1257822558552059,0.046726982154451,0.0272574062567631,12.75,3,1,-0.1950903220161279,-0.9807852804032304,0.4338837391175582,-0.900968867902419
2026-01-01 12:45:00,12,0.93970626891242,-0.1942399090448438,0.046726982154451,0.027257406256763,12.75,3,1,-0.1950903220161279,-0.9807852804032304,0.4338837391175582,-0.900968867902419
2026-01-01 12:45:00,13,0.9379793014082852,-0.25301921967028,0.093453964308902,0.0623026428726014,12.75,3,1,-0.1950903220161279,-0.9807852804032304,0.4338837391175582,-0.900968867902419
2026-01-01 12:45:00,14,0.9369035765350108,-0.2811518990941502,0.0467269821544511,0.0077878303590751,12.75,3,1,-0.1950903220161279,-0.9807852804032304,0.4338837391175582,-0.900968867902419
2026-01-01 12:45:00,15,0.9358617750989674,-0.2985072475737667,0.0467269821544511,0.0155756607181503,12.75,3,1,-0.1950903220161279,-0.9807852804032304,0.4338837391175582,-0.900968867902419
2026-01-01 12:45:00,16,0.9343182068545528,-0.35608506331346,0.0467269821544511,0.0155756607181503,12.75,3,1,-0.1950903220161279,-0.9807852804032304,0.4338837391175582,-0.900968867902419
2026-01-01 12:45:00,17,0.9338559487338394,-0.3632260312910739,0.0700904732316765,0.0311513214363007,12.75,3,1,-0.1950903220161279,-0.9807852804032304,0.4338837391175582,-0.900968867902419
2026-01-01 12:45:00,18,0.9980811934626732,0.0378461713786296,-0.4120481642380929,0.0311513214363007,12.75,3,1,-0.1950903220161279,-0.9807852804032304,0.4338837391175582,-0.900968867902419
2026-01-01 12:45:00,19,0.9953022924960636,-0.0141131503950396,0.0700904732316766,0.0311513214363007,12.75,3,1,-0.1950903220161279,-0.9807852804032304,0.4338837391175582,-0.900968867902419
2026-01-01 12:45:00,20,0.994755094161946,-0.0291146230027672,0.0700904732316766,0.0311513214363007,12.75,3,1,-0.1950903220161279,-0.9807852804032304,0.4338837391175582,-0.900968867902419
2026-01-01 12:45:00,21,0.994260029927076,-0.0448780753739814,0.0700904732316766,0.0311513214363007,12.75,3,1,-0.1950903220161279,-0.9807852804032304,0.4338837391175582,-0.900968867902419
2026-01-01 12:45:00,22,0.984409992142682,0.0573650956208436,0.0700904732316766,0.0389391517953758,12.75,3,1,-0.1950903220161279,-0.9807852804032304,0.4338837391175582,-0.900968867902419
2026-01-01 12:45:00,23,0.9792518400932828,-0.0109224287669656,0.3270888750811573,0.1557566071815035,12.75,3,1,-0.1950903220161279,-0.9807852804032304,0.4338837391175582,-0.900968867902419
2026-01-01 12:45:00,24,0.9766818687693763,-0.0444738064595765,0.3270888750811573,0.1557566071815036,12.75,3,1,-0.1950903220161279,-0.9807852804032304,0.4338837391175582,-0.900968867902419
2026-01-01 12:45:00,25,0.9602747213437518,0.1393662573609208,0.0467269821544511,0.0194695758976879,12.75,3,1,-0.1950903220161279,-0.9807852804032304,0.4338837391175582,-0.900968867902419
2026-01-01 12:45:00,26,0.958318473995743,0.1817610189109568,0.0467269821544511,0.0194695758976879,12.75,3,1,-0.1950903220161279,-0.9807852804032304,0.4338837391175582,-0.900968867902419
2026-01-01 12:45:00,27,0.9495899654004252,0.2445127537824327,0.0467269821544511,0.0155756607181503,12.75,3,1,-0.1950903220161279,-0.9807852804032304,0.4338837391175582,-0.900968867902419
2026-01-01 12:45:00,28,0.9433203550362363,0.3031166012965524,0.093453964308902,0.0545148125135261,12.75,3,1,-0.1950903220161279,-0.9807852804032304,0.4338837391175582,-0.900968867902419
2026-01-01 12:45:00,29,0.9406069844774232,0.3819193705377163,0.1557566071815037,0.4672698215445106,12.75,3,1,-0.1950903220161279,-0.9807852804032304,0.4338837391175582,-0.900968867902419
2026-01-01 12:45:00,30,0.9374350746798168,0.3188345850164681,0.1168174553861276,0.0545148125135261,12.75,3,1,-0.1950903220161279,-0.9807852804032304,0.4338837391175582,-0.900968867902419
2026-01-01 12:45:00,31,0.9367373071666316,0.3016378148157028,0.1635444375405788,0.0778783035907517,12.75,3,1,-0.1950903220161279,-0.9807852804032304,0.4338837391175582,-0.900968867902419
2026-01-01 12:45:00,32,0.936521113142246,0.2958709596677252,0.0467269821544511,0.0311513214363006,12.75,3,1,-0.1950903220161279,-0.9807852804032304,0.4338837391175582,-0.900968867902419
2026-01-01 13:00:00,0,1.0,0.0,-2.300869116597592,-1.7390555048306455,13.0,3,1,-0.2588190451025208,-0.9659258262890684,0.4338837391175582,-0.900968867902419
2026-01-01 13:00:00,1,0.9981664880756717,0.0186949074546413,0.0726709607798981,0.0436025764679388,13.0,3,1,-0.2588190451025208,-0.9659258262890684,0.4338837391175582,-0.900968867902419
2026-01-01 13:00:00,2,0.9881086017713172,0.0763421421322866,0.0654038647019083,0.0290683843119592,13.0,3,1,-0.2588190451025208,-0.9659258262890684,0.4338837391175582,-0.900968867902419
2026-01-01 13:00:00,3,0.9827906517027354,0.1225439262788512,0.0872051529358777,0.0581367686239185,13.0,3,1,-0.2588190451025208,-0.9659258262890684,0.4338837391175582,-0.900968867902419
2026-01-01 13:00:00,4,0.9775365090665916,0.169220195495399,0.0436025764679388,0.0218012882339694,13.0,3,1,-0.2588190451025208,-0.9659258262890684,0.4338837391175582,-0.900968867902419
2026-01-01 13:00:00,5,0.9644731717064374,0.102484528146741,0.0436025764679388,0.0145341921559796,13.0,3,1,-0.2588190451025208,-0.9659258262890684,0.4338837391175582,-0.900968867902419
2026-01-01 13:00:00,6,0.961998939192798,-0.0588193722364052,0.1453419215597963,0.0726709607798981,13.0,3,1,-0.2588190451025208,-0.9659258262890684,0.4338837391175582,-0.900968867902419
2026-01-01 13:00:00,7,0.9585594641147642,-0.0338420662763847,0.1453419215597963,0.0726709607798981,13.0,3,1,-0.2588190451025208,-0.9659258262890684,0.4338837391175582,-0.900968867902419
2026-01-01 13:00:00,8,0.9541165907212888,-0.0849776834898865,0.0436025764679388,0.0145341921559796,13.0,3,1,-0.2588190451025208,-0.9659258262890684,0.4338837391175582,-0.900968867902419
2026-01-01 13:00:00,9,0.949997045685382,-0.128569959060102,0.0436025764679388,0.0145341921559796,13.0,3,1,-0.2588190451025208,-0.9659258262890684,0.4338837391175582,-0.900968867902419
2026-01-01 13:00:00,10,0.949387832684015,-0.1235728080618524,0.0327019323509542,0.0218012882339694,13.0,3,1,-0.2588190451025208,-0.9659258262890684,0.4338837391175582,-0.900968867902419
2026-01-01 13:00:00,11,0.9483258593655308,-0.1156755747226491,0.0436025764679388,0.0254348362729643,13.0,3,1,-0.2588190451025208,-0.9659258262890684,0.4338837391175582,-0.900968867902419
2026-01-01 13:00:00,12,0.9439998702840277,-0.1790127860817318,0.0436025764679388,0.0254348362729643,13.0,3,1,-0.2588190451025208,-0.9659258262890684,0.4338837391175582,-0.900968867902419
2026-01-01 13:00:00,13,0.9423962789393564,-0.2333533775024638,0.0872051529358777,0.0581367686239185,13.0,3,1,-0.2588190451025208,-0.9659258262890684,0.4338837391175582,-0.900968867902419
2026-01-01 13:00:00,14,0.9413974606839484,-0.2593577956871608,0.0436025764679388,0.0072670960779898,13.0,3,1,-0.2588190451025208,-0.9659258262890684,0.4338837391175582,-0.900968867902419
2026-01-01 13:00:00,15,0.940430163399288,-0.2753989986922946,0.0436025764679388,0.0145341921559796,13.0,3,1,-0.2588190451025208,-0.9659258262890684,0.4338837391175582,-0.900968867902419
2026-01-01 13:00:00,16,0.9389970548706388,-0.328598820339768,0.0436025764679389,0.0145341921559796,13.0,3,1,-0.2588190451025208,-0.9659258262890684,0.4338837391175582,-0.900968867902419
2026-01-01 13:00:00,17,0.9385678717323458,-0.3351958171790138,0.0654038647019084,0.0290683843119592,13.0,3,1,-0.2588190451025208,-0.9659258262890684,0.4338837391175582,-0.900968867902419
2026-01-01 13:00:00,18,0.9982960374273908,0.0389196524121607,-0.4345961352980916,0.0290683843119592,13.0,3,1,-0.2588190451025208,-0.9659258262890684,0.4338837391175582,-0.900968867902419
2026-01-01 13:00:00,19,0.9957041290247436,-0.0095363386382445,0.0654038647019082,0.0290683843119592,13.0,3,1,-0.2588190451025208,-0.9659258262890684,0.4338837391175582,-0.900968867902419
2026-01-01 13:00:00,20,0.9951937572692062,-0.023522956585012,0.0654038647019082,0.0290683843119592,13.0,3,1,-0.2588190451025208,-0.9659258262890684,0.4338837391175582,-0.900968867902419
2026-01-01 13:00:00,21,0.9947320171408665,-0.038218923657844,0.0654038647019082,0.0290683843119592,13.0,3,1,-0.2588190451025208,-0.9659258262890684,0.4338837391175582,-0.900968867902419
2026-01-01 13:00:00,22,0.9855250447533236,0.0540767372820394,0.0654038647019082,0.036335480389949,13.0,3,1,-0.2588190451025208,-0.9659258262890684,0.4338837391175582,-0.900968867902419
2026-01-01 13:00:00,23,0.980719505859266,-0.0094772623873561,0.305218035275572,0.1453419215597963,13.0,3,1,-0.2588190451025208,-0.9659258262890684,0.4338837391175582,-0.900968867902419
2026-01-01 13:00:00,24,0.978325415682685,-0.0406858522188429,0.3052180352755722,0.1453419215597963,13.0,3,1,-0.2588190451025208,-0.9659258262890684,0.4338837391175582,-0.900968867902419
2026-01-01 13:00:00,25,0.9631052583459192,0.1301270756829005,0.0436025764679388,0.0181677401949745,13.0,3,1,-0.2588190451025208,-0.9659258262890684,0.4338837391175582,-0.900968867902419
2026-01-01 13:00:00,26,0.9612881437197802,0.1694131911069962,0.0436025764679388,0.0181677401949744,13.0,3,1,-0.2588190451025208,-0.9659258262890684,0.4338837391175582,-0.900968867902419
2026-01-01 13:00:00,27,0.953180504688136,0.2275901221707778,0.0436025764679388,0.0145341921559796,13.0,3,1,-0.2588190451025208,-0.9659258262890684,0.4338837391175582,-0.900968867902419
2026-01-01 13:00:00,28,0.9473570414522436,0.2818522925431809,0.0872051529358777,0.0508696725459287,13.0,3,1,-0.2588190451025208,-0.9659258262890684,0.4338837391175582,-0.900968867902419
2026-01-01 13:00:00,29,0.9448368780748272,0.3547371420102394,0.1453419215597962,0.4360257646793888,13.0,3,1,-0.2588190451025208,-0.9659258262890684,0.4338837391175582,-0.900968867902419
2026-01-01 13:00:00,30,0.941891232053894,0.2964105971423819,0.109006441169847,0.0508696725459287,13.0,3,1,-0.2588190451025208,-0.9659258262890684,0.4338837391175582,-0.900968867902419
2026-01-01 13:00:00,31,0.9412432439741184,0.280516041090545,0.1526090176377859,0.0726709607798981,13.0,3,1,-0.2588190451025208,-0.9659258262890684,0.4338837391175582,-0.900968867902419
2026-01-01 13:00:00,32,0.9410424754043264,0.275186280041547,0.043602576467939,0.0290683843119592,13.0,3,1,-0.2588190451025208,-0.9659258262890684,0.4338837391175582,-0.900968867902419
2026-01-01 13:15:00,0,1.0,0.0,-2.4799186673789784,-1.8285373441594817,13.25,3,1,-0.3214394653031615,-0.9469301294951056,0.4338837391175582,-0.900968867902419
2026-01-01 13:15:00,1,0.998037247762131,0.0186381907257599,0.076244991169121,0.0457469947014726,13.25,3,1,-0.3214394653031615,-0.9469301294951056,0.4338837391175582,-0.900968867902419
2026-01-01 13:15:00,2,0.9874605299430808,0.0793322457964562,0.0686204920522089,0.0304979964676484,13.25,3,1,-0.3214394653031615,-0.9469301294951056,0.4338837391175582,-0.900968867902419
2026-01-01 13:15:00,3,0.981865473922015,0.1279988010237859,0.0914939894029452,0.0609959929352968,13.25,3,1,-0.3214394653031615,-0.9469301294951056,0.4338837391175582,-0.900968867902419
2026-01-01 13:15:00,4,0.9763370400781364,0.177198120577215,0.0457469947014726,0.0228734973507363,13.25,3,1,-0.3214394653031615,-0.9469301294951056,0.4338837391175582,-0.900968867902419
2026-01-01 13:15:00,5,0.9625908356111752,0.1069337032388785,0.0457469947014725,0.0152489982338241,13.25,3,1,-0.3214394653031615,-0.9469301294951056,0.4338837391175582,-0.900968867902419
2026-01-01 13:15:00,6,0.9599872323976428,-0.0630941763193725,0.152489982338242,0.076244991169121,13.25,3,1,-0.3214394653031615,-0.9469301294951056,0.4338837391175582,-0.900968867902419
2026-01-01 13:15:00,7,0.95636802777766,-0.0367285138509125,0.152489982338242,0.076244991169121,13.25,3,1,-0.3214394653031615,-0.9469301294951056,0.4338837391175582,-0.900968867902419
2026-01-01 13:15:00,8,0.9516918970197864,-0.0906359575008024,0.0457469947014725,0.0152489982338241,13.25,3,1,-0.3214394653031615,-0.9469301294951056,0.4338837391175582,-0.900968867902419
2026-01-01 13:15:00,9,0.9473558727788882,-0.1366123242386658,0.0457469947014725,0.0152489982338241,13.25,3,1,-0.3214394653031615,-0.9469301294951056,0.4338837391175582,-0.900968867902419
2026-01-01 13:15:00,10,0.9467146395532244,-0.1313341026022878,0.0343102460261044,0.0228734973507362,13.25,3,1,-0.3214394653031615,-0.9469301294951056,0.4338837391175582,-0.900968867902419
2026-01-01 13:15:00,11,0.945596808994412,-0.1229899516768192,0.0457469947014725,0.0266857469091923,13.25,3,1,-0.3214394653031615,-0.9469301294951056,0.4338837391175582,-0.900968867902419
2026-01-01 13:15:00,12,0.9410428652992784,-0.1898338534626056,0.0457469947014725,0.0266857469091923,13.25,3,1,-0.3214394653031615,-0.9469301294951056,0.4338837391175582,-0.900968867902419
2026-01-01 13:15:00,13,0.9393547083974244,-0.2472135141012152,0.0914939894029451,0.0609959929352968,13.25,3,1,-0.3214394653031615,-0.9469301294951056,0.4338837391175582,-0.900968867902419
2026-01-01 13:15:00,14,0.9383031771208435,-0.2746750267900024,0.0457469947014725,0.0076244991169121,13.25,3,1,-0.3214394653031615,-0.9469301294951056,0.4338837391175582,-0.900968867902419
2026-01-01 13:15:00,15,0.9372848139044532,-0.2916159262653574,0.0457469947014725,0.0152489982338241,13.25,3,1,-0.3214394653031615,-0.9469301294951056,0.4338837391175582,-0.900968867902419
2026-01-01 13:15:00,16,0.9357759963813584,-0.3478127062429867,0.0457469947014725,0.0152489982338241,13.25,3,1,-0.3214394653031615,-0.9469301294951056,0.4338837391175582,-0.900968867902419
2026-01-01 13:15:00,17,0.9353241435946956,-0.3547820610287375,0.0686204920522088,0.0304979964676483,13.25,3,1,-0.3214394653031615,-0.9469301294951056,0.4338837391175582,-0.900968867902419
2026-01-01 13:15:00,18,0.9981117153832608,0.0364982518096286,-0.3960361626781299,0.0304979964676483,13.25,3,1,-0.3214394653031615,-0.9469301294951056,0.4338837391175582,-0.900968867902419
2026-01-01 13:15:00,19,0.9953913829160512,-0.0143655446712936,0.0686204920522088,0.0304979964676483,13.25,3,1,-0.3214394653031615,-0.9469301294951056,0.4338837391175582,-0.900968867902419
2026-01-01 13:15:00,20,0.9948557192284246,-0.0290496095557608,0.0686204920522088,0.0304979964676483,13.25,3,1,-0.3214394653031615,-0.9469301294951056,0.4338837391175582,-0.900968867902419
2026-01-01 13:15:00,21,0.9943710927052823,-0.0444791764449492,0.0686204920522088,0.0304979964676483,13.25,3,1,-0.3214394653031615,-0.9469301294951056,0.4338837391175582,-0.900968867902419
2026-01-01 13:15:00,22,0.9847469718810452,0.0559411442441131,0.0686204920522088,0.0381224955845604,13.25,3,1,-0.3214394653031615,-0.9469301294951056,0.4338837391175582,-0.900968867902419
2026-01-01 13:15:00,23,0.9796994752366572,-0.0108607570347095,0.3202289629103083,0.152489982338242,13.25,3,1,-0.3214394653031615,-0.9469301294951056,0.4338837391175582,-0.900968867902419
2026-01-01 13:15:00,24,0.9771847012604506,-0.0436765708986023,0.3202289629103083,0.1524899823382419,13.25,3,1,-0.3214394653031615,-0.9469301294951056,0.4338837391175582,-0.900968867902419
2026-01-01 13:15:00,25,0.961151189629004,0.1360698968277816,0.0457469947014725,0.0190612477922802,13.25,3,1,-0.3214394653031615,-0.9469301294951056,0.4338837391175582,-0.900968867902419
2026-01-01 13:15:00,26,0.9592386985941884,0.1774860076125085,0.0457469947014725,0.0190612477922802,13.25,3,1,-0.3214394653031615,-0.9469301294951056,0.4338837391175582,-0.900968867902419
2026-01-01 13:15:00,27,0.9507054507217834,0.238797996714389,0.0457469947014725,0.0152489982338241,13.25,3,1,-0.3214394653031615,-0.9469301294951056,0.4338837391175582,-0.900968867902419
2026-01-01 13:15:00,28,0.9445761548126524,0.2960342513182799,0.0914939894029451,0.0533714938183846,13.25,3,1,-0.3214394653031615,-0.9469301294951056,0.4338837391175582,-0.900968867902419
2026-01-01 13:15:00,29,0.9419235505663308,0.3729715143193747,0.1524899823382421,0.4574699470147261,13.25,3,1,-0.3214394653031615,-0.9469301294951056,0.4338837391175582,-0.900968867902419
2026-01-01 13:15:00,30,0.938822810913976,0.3113870344257281,0.1143674867536814,0.0533714938183846,13.25,3,1,-0.3214394653031615,-0.9469301294951056,0.4338837391175582,-0.900968867902419
2026-01-01 13:15:00,31,0.938140701364709,0.2946009519757119,0.160114481455154,0.0762449911691209,13.25,3,1,-0.3214394653031615,-0.9469301294951056,0.4338837391175582,-0.900968867902419
2026-01-01 13:15:00,32,0.9379293594026276,0.288971953170855,0.0457469947014725,0.0304979964676483,13.25,3,1,-0.3214394653031615,-0.9469301294951056,0.4338837391175582,-0.900968867902419
2026-01-01 13:30:00,0,1.0,0.0,-2.51404667142614,-1.8344537700960348,13.5,3,1,-0.3826834323650896,-0.9238795325112868,0.4338837391175582,-0.900968867902419
2026-01-01 13:30:00,1,0.9980158782276984,0.0182594341439243,0.076479619807787,0.0458877718846722,13.5,3,1,-0.3826834323650896,-0.9238795325112868,0.4338837391175582,-0.900968867902419
2026-01-01 13:30:00,2,0.9874048619166584,0.0791559677683537,0.0688316578270083,0.0305918479231148,13.5,3,1,-0.3826834323650896,-0.9238795325112868,0.4338837391175582,-0.900968867902419
2026-01-01 13:30:00,3,0.9817914762682212,0.127986404067999,0.0917755437693444,0.0611836958462296,13.5,3,1,-0.3826834323650896,-0.9238795325112868,0.4338837391175582,-0.900968867902419
2026-01-01 13:30:00,4,0.976244897018508,0.1773535983396551,0.0458877718846722,0.0229438859423361,13.5,3,1,-0.3826834323650896,-0.9238795325112868,0.4338837391175582,-0.900968867902419
2026-01-01 13:30:00,5,0.9624535148224675,0.106854672930758,0.0458877718846722,0.0152959239615574,13.5,3,1,-0.3826834323650896,-0.9238795325112868,0.4338837391175582,-0.900968867902419
2026-01-01 13:30:00,6,0.9598413524606898,-0.0637536885787041,0.1529592396155741,0.076479619807787,13.5,3,1,-0.3826834323650896,-0.9238795325112868,0.4338837391175582,-0.900968867902419
2026-01-01 13:30:00,7,0.9562102573829188,-0.0372955064315165,0.1529592396155741,0.076479619807787,13.5,3,1,-0.3826834323650896,-0.9238795325112868,0.4338837391175582,-0.900968867902419
2026-01-01 13:30:00,8,0.9515186905498596,-0.0913874043944571,0.0458877718846721,0.0152959239615574,13.5,3,1,-0.3826834323650896,-0.9238795325112868,0.4338837391175582,-0.900968867902419
2026-01-01 13:30:00,9,0.9471683397603008,-0.1375225020518636,0.0458877718846721,0.0152959239615574,13.5,3,1,-0.3826834323650896,-0.9238795325112868,0.4338837391175582,-0.900968867902419
2026-01-01 13:30:00,10,0.946524987416726,-0.1322255373943065,0.0344158289135041,0.022943885942336,13.5,3,1,-0.3826834323650896,-0.9238795325112868,0.4338837391175582,-0.900968867902419
2026-01-01 13:30:00,11,0.9454034600321672,-0.1238515738808769,0.0458877718846721,0.0267678669327254,13.5,3,1,-0.3826834323650896,-0.9238795325112868,0.4338837391175582,-0.900968867902419
2026-01-01 13:30:00,12,0.940834427835587,-0.1909291094019487,0.0458877718846721,0.0267678669327254,13.5,3,1,-0.3826834323650896,-0.9238795325112868,0.4338837391175582,-0.900968867902419
2026-01-01 13:30:00,13,0.9391406732057204,-0.2485113641746232,0.0917755437693444,0.0611836958462296,13.5,3,1,-0.3826834323650896,-0.9238795325112868,0.4338837391175582,-0.900968867902419
2026-01-01 13:30:00,14,0.9380856524835804,-0.2760700219073659,0.0458877718846721,0.0076479619807786,13.5,3,1,-0.3826834323650896,-0.9238795325112868,0.4338837391175582,-0.900968867902419
2026-01-01 13:30:00,15,0.9370639087875716,-0.2930709077561305,0.0458877718846721,0.0152959239615574,13.5,3,1,-0.3826834323650896,-0.9238795325112868,0.4338837391175582,-0.900968867902419
2026-01-01 13:30:00,16,0.9355500792459244,-0.349467557105246,0.0458877718846721,0.0152959239615574,13.5,3,1,-0.3826834323650896,-0.9238795325112868,0.4338837391175582,-0.900968867902419
2026-01-01 13:30:00,17,0.9350967257175752,-0.3564617474681549,0.0688316578270082,0.0305918479231148,13.5,3,1,-0.3826834323650896,-0.9238795325112868,0.4338837391175582,-0.900968867902419
2026-01-01 13:30:00,18,0.9980638835629312,0.034713013876279,-0.3712127491333414,0.0305918479231148,13.5,3,1,-0.3826834323650896,-0.9238795325112868,0.4338837391175582,-0.900968867902419
2026-01-01 13:30:00,19,0.9953350187562952,-0.0163125947738447,0.0688316578270084,0.0305918479231148,13.5,3,1,-0.3826834323650896,-0.9238795325112868,0.4338837391175582,-0.900968867902419
2026-01-01 13:30:00,20,0.9947976746867572,-0.031043538642607,0.0688316578270084,0.0305918479231148,13.5,3,1,-0.3826834323650896,-0.9238795325112868,0.4338837391175582,-0.900968867902419
2026-01-01 13:30:00,21,0.9943115275858988,-0.0465224172014613,0.0688316578270084,0.0305918479231148,13.5,3,1,-0.3826834323650896,-0.9238795325112868,0.4338837391175582,-0.900968867902419
2026-01-01 13:30:00,22,0.984682722743232,0.0556902399679135,0.0688316578270084,0.0382398099038935,13.5,3,1,-0.3826834323650896,-0.9238795325112868,0.4338837391175582,-0.900968867902419
2026-01-01 13:30:00,23,0.979619254391612,-0.0113270963282093,0.3212144031927055,0.1529592396155741,13.5,3,1,-0.3826834323650896,-0.9238795325112868,0.4338837391175582,-0.900968867902419
2026-01-01 13:30:00,24,0.9770965135105084,-0.0442495609876583,0.3212144031927058,0.1529592396155741,13.5,3,1,-0.3826834323650896,-0.9238795325112868,0.4338837391175582,-0.900968867902419
2026-01-01 13:30:00,25,0.9610091221914332,0.1360902467854588,0.0458877718846721,0.0191199049519468,13.5,3,1,-0.3826834323650896,-0.9238795325112868,0.4338837391175582,-0.900968867902419
2026-01-01 13:30:00,26,0.9590903196182988,0.1776481040725007,0.0458877718846721,0.0191199049519468,13.5,3,1,-0.3826834323650896,-0.9238795325112868,0.4338837391175582,-0.900968867902419
2026-01-01 13:30:00,27,0.9505289068310484,0.2391686511328222,0.0458877718846721,0.0152959239615573,13.5,3,1,-0.3826834323650896,-0.9238795325112868,0.4338837391175582,-0.900968867902419
2026-01-01 13:30:00,28,0.9443793717396618,0.296602942638191,0.0917755437693443,0.0535357338654509,13.5,3,1,-0.3826834323650896,-0.9238795325112868,0.4338837391175582,-0.900968867902419
2026-01-01 13:30:00,29,0.9417180025577035,0.3738102635384705,0.1529592396155741,0.4588777188467223,13.5,3,1,-0.3826834323650896,-0.9238795325112868,0.4338837391175582,-0.900968867902419
2026-01-01 13:30:00,30,0.938606997634046,0.3120086143874044,0.1147194297116804,0.0535357338654509,13.5,3,1,-0.3826834323650896,-0.9238795325112868,0.4338837391175582,-0.900968867902419
2026-01-01 13:30:00,31,0.9379226296524106,0.2951630900503458,0.1606072015963526,0.076479619807787,13.5,3,1,-0.3826834323650896,-0.9238795325112868,0.4338837391175582,-0.900968867902419
2026-01-01 13:30:00,32,0.9377105878527976,0.2895141386797198,0.0458877718846721,0.0305918479231148,13.5,3,1,-0.3826834323650896,-0.9238795325112868,0.4338837391175582,-0.900968867902419
2026-01-01 13:45:00,0,1.0,0.0,-2.567379410179286,-1.8419618150133197,13.75,3,1,-0.4422886902190014,-0.8968727415326881,0.4338837391175582,-0.900968867902419
2026-01-01 13:45:00,1,0.997982992845831,0.0176101090698304,0.0767766131334173,0.0460659678800503,13.75,3,1,-0.4422886902190014,-0.8968727415326881,0.4338837391175582,-0.900968867902419
2026-01-01 13:45:00,2,0.9873284761169184,0.0787638608943305,0.0690989518200755,0.0307106452533669,13.75,3,1,-0.4422886902190014,-0.8968727415326881,0.4338837391175582,-0.900968867902419
2026-01-01 13:45:00,3,0.98169184102329,0.1278024980749206,0.0921319357601007,0.0614212905067338,13.75,3,1,-0.4422886902190014,-0.8968727415326881,0.4338837391175582,-0.900968867902419
2026-01-01 13:45:00,4,0.9761222456064106,0.1773829882162672,0.0460659678800503,0.0230329839400252,13.75,3,1,-0.4422886902190014,-0.8968727415326881,0.4338837391175582,-0.900968867902419
2026-01-01 13:45:00,5,0.9622735579586774,0.1065861555285964,0.0460659678800504,0.0153553226266834,13.75,3,1,-0.4422886902190014,-0.8968727415326881,0.4338837391175582,-0.900968867902419
2026-01-01 13:45:00,6,0.959650538765512,-0.0647597499668908,0.1535532262668346,0.0767766131334173,13.75,3,1,-0.4422886902190014,-0.8968727415326881,0.4338837391175582,-0.900968867902419
2026-01-01 13:45:00,7,0.9560043613485748,-0.0381839897123766,0.1535532262668346,0.0767766131334173,13.75,3,1,-0.4422886902190014,-0.8968727415326881,0.4338837391175582,-0.900968867902419
2026-01-01 13:45:00,8,0.951293213909187,-0.0925102538043981,0.0460659678800503,0.0153553226266834,13.75,3,1,-0.4422886902190014,-0.8968727415326881,0.4338837391175582,-0.900968867902419
2026-01-01 13:45:00,9,0.9469246897877472,-0.1388470478283099,0.0460659678800503,0.0153553226266834,13.75,3,1,-0.4422886902190014,-0.8968727415326881,0.4338837391175582,-0.900968867902419
2026-01-01 13:45:00,10,0.946278649322404,-0.1335262614552749,0.0345494759100377,0.0230329839400251,13.75,3,1,-0.4422886902190014,-0.8968727415326881,0.4338837391175582,-0.900968867902419
2026-01-01 13:45:00,11,0.945152432446674,-0.1251144053740202,0.0460659678800503,0.026871814596696,13.75,3,1,-0.4422886902190014,-0.8968727415326881,0.4338837391175582,-0.900968867902419
2026-01-01 13:45:00,12,0.9405642598780468,-0.1924888437738725,0.0460659678800503,0.026871814596696,13.75,3,1,-0.4422886902190014,-0.8968727415326881,0.4338837391175582,-0.900968867902419
2026-01-01 13:45:00,13,0.9388634042521872,-0.2503285769425856,0.0921319357601008,0.0614212905067338,13.75,3,1,-0.4422886902190014,-0.8968727415326881,0.4338837391175582,-0.900968867902419
2026-01-01 13:45:00,14,0.9378039569628508,-0.2780106989095381,0.0460659678800503,0.0076776613133416,13.75,3,1,-0.4422886902190014,-0.8968727415326881,0.4338837391175582,-0.900968867902419
2026-01-01 13:45:00,15,0.9367779249161948,-0.2950878236308442,0.0460659678800504,0.0153553226266834,13.75,3,1,-0.4422886902190014,-0.8968727415326881,0.4338837391175582,-0.900968867902419
2026-01-01 13:45:00,16,0.9352577372729072,-0.3517385032688698,0.0460659678800503,0.0153553226266834,13.75,3,1,-0.4422886902190014,-0.8968727415326881,0.4338837391175582,-0.900968867902419
2026-01-01 13:45:00,17,0.934802479949836,-0.3587642596865605,0.0690989518200755,0.0307106452533669,13.75,3,1,-0.4422886902190014,-0.8968727415326881,0.4338837391175582,-0.900968867902419
2026-01-01 13:45:00,18,0.9979871476589056,0.0317162248900756,-0.3296940390873064,0.0307106452533669,13.75,3,1,-0.4422886902190014,-0.8968727415326881,0.4338837391175582,-0.900968867902419
2026-01-01 13:45:00,19,0.9952474363944188,-0.0195159200213947,0.0690989518200756,0.0307106452533669,13.75,3,1,-0.4422886902190014,-0.8968727415326881,0.4338837391175582,-0.900968867902419
2026-01-01 13:45:00,20,0.9947079561903978,-0.0343067015218616,0.0690989518200756,0.0307106452533669,13.75,3,1,-0.4422886902190014,-0.8968727415326881,0.4338837391175582,-0.900968867902419
2026-01-01 13:45:00,21,0.9942198760970068,-0.049848523346992,0.0690989518200755,0.0307106452533669,13.75,3,1,-0.4422886902190014,-0.8968727415326881,0.4338837391175582,-0.900968867902419
2026-01-01 13:45:00,22,0.9845954561695556,0.0552033645901158,0.0690989518200755,0.0383883065667086,13.75,3,1,-0.4422886902190014,-0.8968727415326881,0.4338837391175582,-0.900968867902419
2026-01-01 13:45:00,23,0.9795117357224284,-0.0120875760856628,0.3224617751603527,0.1535532262668346,13.75,3,1,-0.4422886902190014,-0.8968727415326881,0.4338837391175582,-0.900968867902419
2026-01-01 13:45:00,24,0.9769788927148602,-0.0451454958708516,0.3224617751603527,0.1535532262668347,13.75,3,1,-0.4422886902190014,-0.8968727415326881,0.4338837391175582,-0.900968867902419
2026-01-01 13:45:00,25,0.960823144287853,0.1359479982566838,0.0460659678800503,0.0191941532833543,13.75,3,1,-0.4422886902190014,-0.8968727415326881,0.4338837391175582,-0.900968867902419
2026-01-01 13:45:00,26,0.9588963355717168,0.1776859581435392,0.0460659678800503,0.0191941532833543,13.75,3,1,-0.4422886902190014,-0.8968727415326881,0.4338837391175582,-0.900968867902419
2026-01-01 13:45:00,27,0.9502991957378646,0.2394714850090837,0.0460659678800503,0.0153553226266833,13.75,3,1,-0.4422886902190014,-0.8968727415326881,0.4338837391175582,-0.900968867902419
2026-01-01 13:45:00,28,0.9441239872459274,0.2971574226820283,0.0921319357601007,0.0537436291933921,13.75,3,1,-0.4422886902190014,-0.8968727415326881,0.4338837391175582,-0.900968867902419
2026-01-01 13:45:00,29,0.9414514996735276,0.3747079461991975,0.1535532262668348,0.4606596788005039,13.75,3,1,-0.4422886902190014,-0.8968727415326881,0.4338837391175582,-0.900968867902419
2026-01-01 13:45:00,30,0.938327472938802,0.312630297745239,0.1151649197001258,0.0537436291933921,13.75,3,1,-0.4422886902190014,-0.8968727415326881,0.4338837391175582,-0.900968867902419
2026-01-01 13:45:00,31,0.937640240063537,0.2957092264987666,0.1612308875801762,0.0767766131334173,13.75,3,1,-0.4422886902190014,-0.8968727415326881,0.4338837391175582,-0.900968867902419
2026-01-01 13:45:00,32,0.9374273104965264,0.290034916470937,0.0460659678800503,0.0307106452533669,13.75,3,1,-0.4422886902190014,-0.8968727415326881,0.4338837391175582,-0.900968867902419
2026-01-01 14:00:00,0,1.0,0.0,-2.6789520695530955,-1.8879681628758227,14.0,3,1,-0.4999999999999998,-0.8660254037844388,0.4338837391175582,-0.900968867902419
2026-01-01 14:00:00,1,0.9979053166316896,0.0172524836313572,0.0786048731205391,0.0471629238723234,14.0,3,1,-0.4999999999999998,-0.8660254037844388,0.4338837391175582,-0.900968867902419
2026-01-01 14:00:00,2,0.9869840718476522,0.0799768375818077,0.0707443858084852,0.0314419492482156,14.0,3,1,-0.4999999999999998,-0.8660254037844388,0.4338837391175582,-0.900968867902419
2026-01-01 14:00:00,3,0.9812048423181172,0.1302871346178508,0.0943258477446469,0.0628838984964313,14.0,3,1,-0.4999999999999998,-0.8660254037844388,0.4338837391175582,-0.900968867902419
2026-01-01 14:00:00,4,0.9754940764787504,0.1811709225720338,0.0471629238723234,0.0235814619361617,14.0,3,1,-0.4999999999999998,-0.8660254037844388,0.4338837391175582,-0.900968867902419
2026-01-01 14:00:00,5,0.9612938920074868,0.1085550259512946,0.0471629238723234,0.0157209746241078,14.0,3,1,-0.4999999999999998,-0.8660254037844388,0.4338837391175582,-0.900968867902419
2026-01-01 14:00:00,6,0.9586042793884156,-0.0672975676288664,0.1572097462410782,0.0786048731205391,14.0,3,1,-0.4999999999999998,-0.8660254037844388,0.4338837391175582,-0.900968867902419
2026-01-01 14:00:00,7,0.9548655916599332,-0.0400027429454098,0.1572097462410782,0.0786048731205391,14.0,3,1,-0.4999999999999998,-0.8660254037844388,0.4338837391175582,-0.900968867902419
2026-01-01 14:00:00,8,0.9500343278530278,-0.0957611672231031,0.0471629238723234,0.0157209746241078,14.0,3,1,-0.4999999999999998,-0.8660254037844388,0.4338837391175582,-0.900968867902419
2026-01-01 14:00:00,9,0.945554317482879,-0.1433308295188049,0.0471629238723234,0.0157209746241078,14.0,3,1,-0.4999999999999998,-0.8660254037844388,0.4338837391175582,-0.900968867902419
2026-01-01 14:00:00,10,0.9448917863556566,-0.1378643031302831,0.0353721929042426,0.0235814619361617,14.0,3,1,-0.4999999999999998,-0.8660254037844388,0.4338837391175582,-0.900968867902419
2026-01-01 14:00:00,11,0.9437368005789618,-0.1292205776742277,0.0471629238723234,0.0275117055921886,14.0,3,1,-0.4999999999999998,-0.8660254037844388,0.4338837391175582,-0.900968867902419
2026-01-01 14:00:00,12,0.9390312005832392,-0.1984105406866947,0.0471629238723234,0.0275117055921886,14.0,3,1,-0.4999999999999998,-0.8660254037844388,0.4338837391175582,-0.900968867902419
2026-01-01 14:00:00,13,0.9372867789572288,-0.2578252311506167,0.0943258477446469,0.0628838984964312,14.0,3,1,-0.4999999999999998,-0.8660254037844388,0.4338837391175582,-0.900968867902419
2026-01-01 14:00:00,14,0.9362001732419886,-0.2862626114360002,0.0471629238723234,0.0078604873120539,14.0,3,1,-0.4999999999999998,-0.8660254037844388,0.4338837391175582,-0.900968867902419
2026-01-01 14:00:00,15,0.9351478305397372,-0.3038061207379836,0.0471629238723234,0.0157209746241078,14.0,3,1,-0.4999999999999998,-0.8660254037844388,0.4338837391175582,-0.900968867902419
2026-01-01 14:00:00,16,0.933588632801244,-0.362011028734397,0.0471629238723234,0.0157209746241078,14.0,3,1,-0.4999999999999998,-0.8660254037844388,0.4338837391175582,-0.900968867902419
2026-01-01 14:00:00,17,0.9331216948055436,-0.3692299271959685,0.0707443858084853,0.0314419492482156,14.0,3,1,-0.4999999999999998,-0.8660254037844388,0.4338837391175582,-0.900968867902419
2026-01-01 14:00:00,18,0.9978611601697462,0.0290459880966662,-0.290352265007734,0.0314419492482156,14.0,3,1,-0.4999999999999998,-0.8660254037844388,0.4338837391175582,-0.900968867902419
2026-01-01 14:00:00,19,0.9950556168225396,-0.0234225118179658,0.0707443858084851,0.0314419492482156,14.0,3,1,-0.4999999999999998,-0.8660254037844388,0.4338837391175582,-0.900968867902419
2026-01-01 14:00:00,20,0.9945031714176572,-0.0385715255448625,0.0707443858084853,0.0314419492482156,14.0,3,1,-0.4999999999999998,-0.8660254037844388,0.4338837391175582,-0.900968867902419
2026-01-01 14:00:00,21,0.9940033590542076,-0.0544901836572751,0.0707443858084853,0.0314419492482156,14.0,3,1,-0.4999999999999998,-0.8660254037844388,0.4338837391175582,-0.900968867902419
2026-01-01 14:00:00,22,0.9841843795844144,0.0558384720296021,0.0707443858084853,0.0393024365602695,14.0,3,1,-0.4999999999999998,-0.8660254037844388,0.4338837391175582,-0.900968867902419
2026-01-01 14:00:00,23,0.9789765618702686,-0.0131213484885772,0.3301404671062642,0.1572097462410782,14.0,3,1,-0.4999999999999998,-0.8660254037844388,0.4338837391175582,-0.900968867902419
2026-01-01 14:00:00,24,0.9763818150370966,-0.0470056776566002,0.3301404671062642,0.1572097462410782,14.0,3,1,-0.4999999999999998,-0.8660254037844388,0.4338837391175582,-0.900968867902419
2026-01-01 14:00:00,25,0.9598065437198896,0.1386884002461061,0.0471629238723234,0.0196512182801347,14.0,3,1,-0.4999999999999998,-0.8660254037844388,0.4338837391175582,-0.900968867902419
2026-01-01 14:00:00,26,0.9578306220482032,0.1815269441201343,0.0471629238723234,0.0196512182801347,14.0,3,1,-0.4999999999999998,-0.8660254037844388,0.4338837391175582,-0.900968867902419
2026-01-01 14:00:00,27,0.9490143170922708,0.2449314067638577,0.0471629238723234,0.0157209746241078,14.0,3,1,-0.4999999999999998,-0.8660254037844388,0.4338837391175582,-0.900968867902419
2026-01-01 14:00:00,28,0.9426816150485609,0.3041556392789489,0.0943258477446471,0.0550234111843774,14.0,3,1,-0.4999999999999998,-0.8660254037844388,0.4338837391175582,-0.900968867902419
2026-01-01 14:00:00,29,0.939940920435028,0.3838050916360769,0.1572097462410782,0.4716292387232348,14.0,3,1,-0.4999999999999998,-0.8660254037844388,0.4338837391175582,-0.900968867902419
2026-01-01 14:00:00,30,0.9367370057991008,0.3200392628675393,0.1179073096808087,0.0550234111843774,14.0,3,1,-0.4999999999999998,-0.8660254037844388,0.4338837391175582,-0.900968867902419
2026-01-01 14:00:00,31,0.9360321969487284,0.3026560389725912,0.165070233553132,0.0786048731205391,14.0,3,1,-0.4999999999999998,-0.8660254037844388,0.4338837391175582,-0.900968867902419
2026-01-01 14:00:00,32,0.935813820954538,0.2968265943873928,0.0471629238723236,0.0314419492482156,14.0,3,1,-0.4999999999999998,-0.8660254037844388,0.4338837391175582,-0.900968867902419
2026-01-01 14:15:00,0,1.0,0.0,-2.9040549073273247,-2.031881208541293,14.25,3,1,-0.555570233019602,-0.8314696123025455,0.4338837391175582,-0.900968867902419
2026-01-01 14:15:00,1,0.9977336276216748,0.0182188891918292,0.0843027499989607,0.0505816499993764,14.25,3,1,-0.555570233019602,-0.8314696123025455,0.4338837391175582,-0.900968867902419
2026-01-01 14:15:00,2,0.9859776326981192,0.0858666604282915,0.0758724749990647,0.0337210999995843,14.25,3,1,-0.555570233019602,-0.8314696123025455,0.4338837391175582,-0.900968867902419
2026-01-01 14:15:00,3,0.9797516451698598,0.1401673196801506,0.1011632999987529,0.0674421999991686,14.25,3,1,-0.555570233019602,-0.8314696123025455,0.4338837391175582,-0.900968867902419
2026-01-01 14:15:00,4,0.9735984941729816,0.1951465340428767,0.0505816499993764,0.0252908249996882,14.25,3,1,-0.555570233019602,-0.8314696123025455,0.4338837391175582,-0.900968867902419
2026-01-01 14:15:00,5,0.9582966684751792,0.1168282664638899,0.0505816499993764,0.0168605499997921,14.25,3,1,-0.555570233019602,-0.8314696123025455,0.4338837391175582,-0.900968867902419
2026-01-01 14:15:00,6,0.955398336888318,-0.0731869277940103,0.1686054999979216,0.0843027499989607,14.25,3,1,-0.555570233019602,-0.8314696123025455,0.4338837391175582,-0.900968867902419
2026-01-01 14:15:00,7,0.9513697199057836,-0.0436254850874581,0.1686054999979216,0.0843027499989608,14.25,3,1,-0.555570233019602,-0.8314696123025455,0.4338837391175582,-0.900968867902419
2026-01-01 14:15:00,8,0.9461618105602422,-0.1038855697481395,0.0505816499993764,0.0168605499997921,14.25,3,1,-0.555570233019602,-0.8314696123025455,0.4338837391175582,-0.900968867902419
2026-01-01 14:15:00,9,0.9413321798694358,-0.1553343452665891,0.0505816499993764,0.0168605499997921,14.25,3,1,-0.555570233019602,-0.8314696123025455,0.4338837391175582,-0.900968867902419
2026-01-01 14:15:00,10,0.9406179329113524,-0.149407799027984,0.0379362374995323,0.0252908249996882,14.25,3,1,-0.555570233019602,-0.8314696123025455,0.4338837391175582,-0.900968867902419
2026-01-01 14:15:00,11,0.939372718616753,-0.1400316893244872,0.0505816499993764,0.0295059624996362,14.25,3,1,-0.555570233019602,-0.8314696123025455,0.4338837391175582,-0.900968867902419
2026-01-01 14:15:00,12,0.934298751804737,-0.2149419897827999,0.0505816499993764,0.0295059624996362,14.25,3,1,-0.555570233019602,-0.8314696123025455,0.4338837391175582,-0.900968867902419
2026-01-01 14:15:00,13,0.932417652594809,-0.2793247684017589,0.1011632999987529,0.0674421999991686,14.25,3,1,-0.555570233019602,-0.8314696123025455,0.4338837391175582,-0.900968867902419
2026-01-01 14:15:00,14,0.9312458365465908,-0.3101450725547331,0.0505816499993765,0.0084302749998961,14.25,3,1,-0.555570233019602,-0.8314696123025455,0.4338837391175582,-0.900968867902419
2026-01-01 14:15:00,15,0.9301109403605968,-0.3291602387267372,0.0505816499993765,0.0168605499997921,14.25,3,1,-0.555570233019602,-0.8314696123025455,0.4338837391175582,-0.900968867902419
2026-01-01 14:15:00,16,0.928429333202516,-0.3922719355970308,0.0505816499993765,0.0168605499997921,14.25,3,1,-0.555570233019602,-0.8314696123025455,0.4338837391175582,-0.900968867902419
2026-01-01 14:15:00,17,0.9279257431694752,-0.4001007310965821,0.0758724749990646,0.0337210999995842,14.25,3,1,-0.555570233019602,-0.8314696123025455,0.4338837391175582,-0.900968867902419
2026-01-01 14:15:00,18,0.997665308046946,0.0297286208020922,-0.2910574255686378,0.0337210999995842,14.25,3,1,-0.555570233019602,-0.8314696123025455,0.4338837391175582,-0.900968867902419
2026-01-01 14:15:00,19,0.994655014681802,-0.0265757200622865,0.0758724749990646,0.0337210999995842,14.25,3,1,-0.555570233019602,-0.8314696123025455,0.4338837391175582,-0.900968867902419
2026-01-01 14:15:00,20,0.9940622444673108,-0.042836554019913,0.0758724749990646,0.0337210999995842,14.25,3,1,-0.555570233019602,-0.8314696123025455,0.4338837391175582,-0.900968867902419
2026-01-01 14:15:00,21,0.993525941306042,-0.0599248973510813,0.0758724749990646,0.0337210999995842,14.25,3,1,-0.555570233019602,-0.8314696123025455,0.4338837391175582,-0.900968867902419
2026-01-01 14:15:00,22,0.9829698680922984,0.0599257163312386,0.0758724749990646,0.0421513749994804,14.25,3,1,-0.555570233019602,-0.8314696123025455,0.4338837391175582,-0.900968867902419
2026-01-01 14:15:00,23,0.977374740445406,-0.0142457314441927,0.3540715499956353,0.1686054999979216,14.25,3,1,-0.555570233019602,-0.8314696123025455,0.4338837391175582,-0.900968867902419
2026-01-01 14:15:00,24,0.974586767102148,-0.0507128560511485,0.3540715499956353,0.1686054999979216,14.25,3,1,-0.555570233019602,-0.8314696123025455,0.4338837391175582,-0.900968867902419
2026-01-01 14:15:00,25,0.9566935209093824,0.1493859940390038,0.0505816499993765,0.0210756874997402,14.25,3,1,-0.555570233019602,-0.8314696123025455,0.4338837391175582,-0.900968867902419
2026-01-01 14:15:00,26,0.9545636020331576,0.1956841600097069,0.0505816499993763,0.0210756874997402,14.25,3,1,-0.555570233019602,-0.8314696123025455,0.4338837391175582,-0.900968867902419
2026-01-01 14:15:00,27,0.9450600785067116,0.2641740305422203,0.0505816499993763,0.0168605499997922,14.25,3,1,-0.555570233019602,-0.8314696123025455,0.4338837391175582,-0.900968867902419
2026-01-01 14:15:00,28,0.9382335124627028,0.328239597592525,0.101163299998753,0.0590119249992726,14.25,3,1,-0.555570233019602,-0.8314696123025455,0.4338837391175582,-0.900968867902419
2026-01-01 14:15:00,29,0.9352789197729297,0.4145055691209113,0.1686054999979216,0.5058164999937647,14.25,3,1,-0.555570233019602,-0.8314696123025455,0.4338837391175582,-0.900968867902419
2026-01-01 14:15:00,30,0.931824421876268,0.3454152484221243,0.1264541249984412,0.0590119249992726,14.25,3,1,-0.555570233019602,-0.8314696123025455,0.4338837391175582,-0.900968867902419
2026-01-01 14:15:00,31,0.9310644820185836,0.3265737088516389,0.1770357749978175,0.0843027499989608,14.25,3,1,-0.555570233019602,-0.8314696123025455,0.4338837391175582,-0.900968867902419
2026-01-01 14:15:00,32,0.9308290218178358,0.3202546849545514,0.0505816499993763,0.0337210999995842,14.25,3,1,-0.555570233019602,-0.8314696123025455,0.4338837391175582,-0.900968867902419
2026-01-01 14:30:00,0,1.0,0.0,-2.7042160871591387,-1.8980226628968917,14.5,3,1,-0.6087614290087207,-0.7933533402912352,0.4338837391175582,-0.900968867902419
2026-01-01 14:30:00,1,0.9978878343670624,0.0171595059812067,0.0790037547433652,0.0474022528460191,14.5,3,1,-0.6087614290087207,-0.7933533402912352,0.4338837391175582,-0.900968867902419
2026-01-01 14:30:00,2,0.9869082994219728,0.0802273961748349,0.0711033792690287,0.0316015018973461,14.5,3,1,-0.6087614290087207,-0.7933533402912352,0.4338837391175582,-0.900968867902419
2026-01-01 14:30:00,3,0.9810978973293624,0.1308159251701322,0.0948045056920383,0.0632030037946922,14.5,3,1,-0.6087614290087207,-0.7933533402912352,0.4338837391175582,-0.900968867902419
2026-01-01 14:30:00,4,0.9753562683868516,0.1819849859673771,0.0474022528460191,0.0237011264230095,14.5,3,1,-0.6087614290087207,-0.7933533402912352,0.4338837391175582,-0.900968867902419
2026-01-01 14:30:00,5,0.9610792353572218,0.1089712050538265,0.0474022528460191,0.015800750948673,14.5,3,1,-0.6087614290087207,-0.7933533402912352,0.4338837391175582,-0.900968867902419
2026-01-01 14:30:00,6,0.9583750631467466,-0.0678678563781596,0.1580075094867304,0.0790037547433652,14.5,3,1,-0.6087614290087207,-0.7933533402912352,0.4338837391175582,-0.900968867902419
2026-01-01 14:30:00,7,0.9546161499094382,-0.0404154949265433,0.1580075094867304,0.0790037547433652,14.5,3,1,-0.6087614290087207,-0.7933533402912352,0.4338837391175582,-0.900968867902419
2026-01-01 14:30:00,8,0.9497586209804786,-0.0964874248135618,0.0474022528460191,0.015800750948673,14.5,3,1,-0.6087614290087207,-0.7933533402912352,0.4338837391175582,-0.900968867902419
2026-01-01 14:30:00,9,0.9452542318394486,-0.1443270461074127,0.0474022528460191,0.015800750948673,14.5,3,1,-0.6087614290087207,-0.7933533402912352,0.4338837391175582,-0.900968867902419
2026-01-01 14:30:00,10,0.9445880946636412,-0.138828577531549,0.0355516896345143,0.0237011264230095,14.5,3,1,-0.6087614290087207,-0.7933533402912352,0.4338837391175582,-0.900968867902419
2026-01-01 14:30:00,11,0.9434268177784002,-0.1301340224964971,0.0474022528460191,0.0276513141601778,14.5,3,1,-0.6087614290087207,-0.7933533402912352,0.4338837391175582,-0.900968867902419
2026-01-01 14:30:00,12,0.9386955374728272,-0.1997216895945262,0.0474022528460191,0.0276513141601778,14.5,3,1,-0.6087614290087207,-0.7933533402912352,0.4338837391175582,-0.900968867902419
2026-01-01 14:30:00,13,0.9369415881076724,-0.2594815025530481,0.0948045056920382,0.0632030037946921,14.5,3,1,-0.6087614290087207,-0.7933533402912352,0.4338837391175582,-0.900968867902419
2026-01-01 14:30:00,14,0.935849042780828,-0.2880843940949905,0.0474022528460191,0.0079003754743365,14.5,3,1,-0.6087614290087207,-0.7933533402912352,0.4338837391175582,-0.900968867902419
2026-01-01 14:30:00,15,0.9347909458132396,-0.3057301126372803,0.0474022528460191,0.015800750948673,14.5,3,1,-0.6087614290087207,-0.7933533402912352,0.4338837391175582,-0.900968867902419
2026-01-01 14:30:00,16,0.9332232161831686,-0.3642756837893905,0.0474022528460191,0.015800750948673,14.5,3,1,-0.6087614290087207,-0.7933533402912352,0.4338837391175582,-0.900968867902419
2026-01-01 14:30:00,17,0.9327537235225668,-0.3715369188097696,0.0711033792690287,0.0316015018973461,14.5,3,1,-0.6087614290087207,-0.7933533402912352,0.4338837391175582,-0.900968867902419
2026-01-01 14:30:00,18,0.997832217487594,0.0283980452750244,-0.2808734924576941,0.0316015018973461,14.5,3,1,-0.6087614290087207,-0.7933533402912352,0.4338837391175582,-0.900968867902419
2026-01-01 14:30:00,19,0.9950123033404996,-0.0243404537488322,0.0711033792690287,0.0316015018973461,14.5,3,1,-0.6087614290087207,-0.7933533402912352,0.4338837391175582,-0.900968867902419
2026-01-01 14:30:00,20,0.9944570276864452,-0.0395677075182156,0.0711033792690287,0.0316015018973461,14.5,3,1,-0.6087614290087207,-0.7933533402912352,0.4338837391175582,-0.900968867902419
2026-01-01 14:30:00,21,0.9939546542024718,-0.0555686715189139,0.0711033792690287,0.0316015018973461,14.5,3,1,-0.6087614290087207,-0.7933533402912352,0.4338837391175582,-0.900968867902419
2026-01-01 14:30:00,22,0.9840940488785116,0.0559628163624287,0.0711033792690287,0.0395018773716826,14.5,3,1,-0.6087614290087207,-0.7933533402912352,0.4338837391175582,-0.900968867902419
2026-01-01 14:30:00,23,0.9788591333030344,-0.0133616294227577,0.331815769922134,0.1580075094867304,14.5,3,1,-0.6087614290087207,-0.7933533402912352,0.4338837391175582,-0.900968867902419
2026-01-01 14:30:00,24,0.976250868667524,-0.047426559215823,0.331815769922134,0.1580075094867304,14.5,3,1,-0.6087614290087207,-0.7933533402912352,0.4338837391175582,-0.900968867902419
2026-01-01 14:30:00,25,0.9595838111215496,0.1392734547557997,0.0474022528460191,0.0197509386858412,14.5,3,1,-0.6087614290087207,-0.7933533402912352,0.4338837391175582,-0.900968867902419
2026-01-01 14:30:00,26,0.9575971503169328,0.1823529247063979,0.0474022528460191,0.0197509386858412,14.5,3,1,-0.6087614290087207,-0.7933533402912352,0.4338837391175582,-0.900968867902419
2026-01-01 14:30:00,27,0.948732922077056,0.2461117106743123,0.0474022528460191,0.015800750948673,14.5,3,1,-0.6087614290087207,-0.7933533402912352,0.4338837391175582,-0.900968867902419
2026-01-01 14:30:00,28,0.9423657815371096,0.3056728057636201,0.0948045056920381,0.0553026283203557,14.5,3,1,-0.6087614290087207,-0.7933533402912352,0.4338837391175582,-0.900968867902419
2026-01-01 14:30:00,29,0.9396101720208084,0.3857821097419355,0.1580075094867306,0.4740225284601915,14.5,3,1,-0.6087614290087207,-0.7933533402912352,0.4338837391175582,-0.900968867902419
2026-01-01 14:30:00,30,0.9363887871026956,0.3216463630250047,0.1185056321150477,0.0553026283203557,14.5,3,1,-0.6087614290087207,-0.7933533402912352,0.4338837391175582,-0.900968867902419
2026-01-01 14:30:00,31,0.9356801346366224,0.3041618570759177,0.1659078849610669,0.0790037547433653,14.5,3,1,-0.6087614290087207,-0.7933533402912352,0.4338837391175582,-0.900968867902419
2026-01-01 14:30:00,32,0.9354605675809138,0.2982984132073388,0.0474022528460191,0.0316015018973461,14.5,3,1,-0.6087614290087207,-0.7933533402912352,0.4338837391175582,-0.900968867902419
2026-01-01 14:45:00,0,1.0,0.0,-2.9308534389104133,-2.050596644513407,14.75,3,1,-0.6593458151000688,-0.7518398074789775,0.4338837391175582,-0.900968867902419
2026-01-01 14:45:00,1,0.9977127242494468,0.0183862513376098,0.0850407687774343,0.0510244612664606,14.75,3,1,-0.6593458151000688,-0.7518398074789775,0.4338837391175582,-0.900968867902419
2026-01-01 14:45:00,2,0.9858481432634516,0.0866757743073088,0.0765366918996909,0.0340163075109737,14.75,3,1,-0.6593458151000688,-0.7518398074789775,0.4338837391175582,-0.900968867902419
2026-01-01 14:45:00,3,0.9795639845685244,0.1414970178406513,0.1020489225329212,0.0680326150219474,14.75,3,1,-0.6593458151000688,-0.7518398074789775,0.4338837391175582,-0.900968867902419
2026-01-01 14:45:00,4,0.973353221791004,0.1970111705844345,0.0510244612664606,0.0255122306332303,14.75,3,1,-0.6593458151000688,-0.7518398074789775,0.4338837391175582,-0.900968867902419
2026-01-01 14:45:00,5,0.9579079117463818,0.1179496089527744,0.0510244612664606,0.0170081537554868,14.75,3,1,-0.6593458151000688,-0.7518398074789775,0.4338837391175582,-0.900968867902419
2026-01-01 14:45:00,6,0.9549823947160716,-0.0739155936990193,0.1700815375548686,0.0850407687774343,14.75,3,1,-0.6593458151000688,-0.7518398074789775,0.4338837391175582,-0.900968867902419
2026-01-01 14:45:00,7,0.9509160168827184,-0.0440572948282051,0.1700815375548687,0.0850407687774343,14.75,3,1,-0.6593458151000688,-0.7518398074789775,0.4338837391175582,-0.900968867902419
2026-01-01 14:45:00,8,0.9456590301947718,-0.1049055244919992,0.0510244612664606,0.0170081537554868,14.75,3,1,-0.6593458151000688,-0.7518398074789775,0.4338837391175582,-0.900968867902419
2026-01-01 14:45:00,9,0.9407838395040932,-0.156861544803095,0.0510244612664606,0.0170081537554868,14.75,3,1,-0.6593458151000688,-0.7518398074789775,0.4338837391175582,-0.900968867902419
2026-01-01 14:45:00,10,0.9400628531761624,-0.1508746803161391,0.0382683459498454,0.0255122306332303,14.75,3,1,-0.6593458151000688,-0.7518398074789775,0.4338837391175582,-0.900968867902419
2026-01-01 14:45:00,11,0.9388058798890772,-0.1414024832465004,0.0510244612664606,0.029764269072102,14.75,3,1,-0.6593458151000688,-0.7518398074789775,0.4338837391175582,-0.900968867902419
2026-01-01 14:45:00,12,0.933683897152413,-0.21706168677567,0.0510244612664606,0.029764269072102,14.75,3,1,-0.6593458151000688,-0.7518398074789775,0.4338837391175582,-0.900968867902419
2026-01-01 14:45:00,13,0.931784980897112,-0.2820955296349306,0.1020489225329213,0.0680326150219475,14.75,3,1,-0.6593458151000688,-0.7518398074789775,0.4338837391175582,-0.900968867902419
2026-01-01 14:45:00,14,0.9306020561360115,-0.313228172321899,0.0510244612664605,0.0085040768777434,14.75,3,1,-0.6593458151000688,-0.7518398074789775,0.4338837391175582,-0.900968867902419
2026-01-01 14:45:00,15,0.9294563972594974,-0.3324362521375844,0.0510244612664605,0.0170081537554869,14.75,3,1,-0.6593458151000688,-0.7518398074789775,0.4338837391175582,-0.900968867902419
2026-01-01 14:45:00,16,0.9277588302105164,-0.3961914407087848,0.0510244612664605,0.0170081537554869,14.75,3,1,-0.6593458151000688,-0.7518398074789775,0.4338837391175582,-0.900968867902419
2026-01-01 14:45:00,17,0.927250461511964,-0.404100235394842,0.0765366918996908,0.0340163075109737,14.75,3,1,-0.6593458151000688,-0.7518398074789775,0.4338837391175582,-0.900968867902419
2026-01-01 14:45:00,18,0.9976438044802036,0.0299978725946404,-0.2936168049212931,0.0340163075109737,14.75,3,1,-0.6593458151000688,-0.7518398074789775,0.4338837391175582,-0.900968867902419
2026-01-01 14:45:00,19,0.9946069888563144,-0.0268031896746379,0.0765366918996909,0.0340163075109737,14.75,3,1,-0.6593458151000688,-0.7518398074789775,0.4338837391175582,-0.900968867902419
2026-01-01 14:45:00,20,0.9940089951038248,-0.0432080417591098,0.0765366918996908,0.0340163075109737,14.75,3,1,-0.6593458151000688,-0.7518398074789775,0.4338837391175582,-0.900968867902419
2026-01-01 14:45:00,21,0.9934679649710902,-0.0604479125001448,0.0765366918996908,0.0340163075109737,14.75,3,1,-0.6593458151000688,-0.7518398074789775,0.4338837391175582,-0.900968867902419
2026-01-01 14:45:00,22,0.9828133782174536,0.0605008631704039,0.0765366918996908,0.0425203843887171,14.75,3,1,-0.6593458151000688,-0.7518398074789775,0.4338837391175582,-0.900968867902419
2026-01-01 14:45:00,23,0.9771679886636632,-0.0143476773458233,0.3571712288652242,0.1700815375548687,14.75,3,1,-0.6593458151000688,-0.7518398074789775,0.4338837391175582,-0.900968867902419
2026-01-01 14:45:00,24,0.9743549373340792,-0.0511505870920701,0.3571712288652242,0.1700815375548687,14.75,3,1,-0.6593458151000688,-0.7518398074789775,0.4338837391175582,-0.900968867902419
2026-01-01 14:45:00,25,0.9562896771653652,0.1508239938292191,0.0510244612664605,0.0212601921943584,14.75,3,1,-0.6593458151000688,-0.7518398074789775,0.4338837391175582,-0.900968867902419
2026-01-01 14:45:00,26,0.9541396928390916,0.1975741847938705,0.0510244612664605,0.0212601921943584,14.75,3,1,-0.6593458151000688,-0.7518398074789775,0.4338837391175582,-0.900968867902419
2026-01-01 14:45:00,27,0.9445466252558226,0.2667280927983076,0.0510244612664605,0.0170081537554869,14.75,3,1,-0.6593458151000688,-0.7518398074789775,0.4338837391175582,-0.900968867902419
2026-01-01 14:45:00,28,0.9376557063864064,0.3314268655473442,0.102048922532921,0.0595285381442041,14.75,3,1,-0.6593458151000688,-0.7518398074789775,0.4338837391175582,-0.900968867902419
2026-01-01 14:45:00,29,0.9346732399168268,0.4185594322257662,0.1700815375548687,0.5102446126646061,14.75,3,1,-0.6593458151000688,-0.7518398074789775,0.4338837391175582,-0.900968867902419
2026-01-01 14:45:00,30,0.9311860815698972,0.3487714251937016,0.1275611531661513,0.0595285381442041,14.75,3,1,-0.6593458151000688,-0.7518398074789775,0.4338837391175582,-0.900968867902419
2026-01-01 14:45:00,31,0.9304189559840598,0.3297387193952952,0.1785856144326119,0.0850407687774343,14.75,3,1,-0.6593458151000688,-0.7518398074789775,0.4338837391175582,-0.900968867902419
2026-01-01 14:45:00,32,0.930181269013033,0.3233555118700522,0.0510244612664605,0.0340163075109738,14.75,3,1,-0.6593458151000688,-0.7518398074789775,0.4338837391175582,-0.900968867902419
2026-01-01 15:00:00,0,1.0,0.0,-2.760144089550992,-1.900812979982523,15.0,3,1,-0.7071067811865471,-0.7071067811865479,0.4338837391175582,-0.900968867902419
2026-01-01 15:00:00,1,0.9978548387129308,0.0163105343323824,0.0791112365943308,0.0474667419565985,15.0,3,1,-0.7071067811865471,-0.7071067811865479,0.4338837391175582,-0.900968867902419
2026-01-01 15:00:00,2,0.9868592498306404,0.0794748806615408,0.0712001129348977,0.0316444946377323,15.0,3,1,-0.7071067811865471,-0.7071067811865479,0.4338837391175582,-0.900968867902419
2026-01-01 15:00:00,3,0.981040259987054,0.1301415353748434,0.094933483913197,0.0632889892754647,15.0,3,1,-0.7071067811865471,-0.7071067811865479,0.4338837391175582,-0.900968867902419
2026-01-01 15:00:00,4,0.9752901281163964,0.1813907065540352,0.0474667419565985,0.0237333709782992,15.0,3,1,-0.7071067811865471,-0.7071067811865479,0.4338837391175582,-0.900968867902419
2026-01-01 15:00:00,5,0.9609919221935695,0.1082652098104973,0.0474667419565985,0.0158222473188661,15.0,3,1,-0.7071067811865471,-0.7071067811865479,0.4338837391175582,-0.900968867902419
2026-01-01 15:00:00,6,0.9582837385763616,-0.0688508729630009,0.1582224731886617,0.0791112365943308,15.0,3,1,-0.7071067811865471,-0.7071067811865479,0.4338837391175582,-0.900968867902419
2026-01-01 15:00:00,7,0.9545192529717348,-0.0413542627573791,0.1582224731886617,0.0791112365943308,15.0,3,1,-0.7071067811865471,-0.7071067811865479,0.4338837391175582,-0.900968867902419
2026-01-01 15:00:00,8,0.9496544867557676,-0.0975142330500245,0.0474667419565985,0.0158222473188661,15.0,3,1,-0.7071067811865471,-0.7071067811865479,0.4338837391175582,-0.900968867902419
2026-01-01 15:00:00,9,0.9451433799388632,-0.1454296708243813,0.0474667419565985,0.0158222473188661,15.0,3,1,-0.7071067811865471,-0.7071067811865479,0.4338837391175582,-0.900968867902419
2026-01-01 15:00:00,10,0.9444762490951896,-0.1399222295551404,0.0356000564674489,0.0237333709782992,15.0,3,1,-0.7071067811865471,-0.7071067811865479,0.4338837391175582,-0.900968867902419
2026-01-01 15:00:00,11,0.9433132386240058,-0.1312133956254287,0.0474667419565985,0.0276889328080158,15.0,3,1,-0.7071067811865471,-0.7071067811865479,0.4338837391175582,-0.900968867902419
2026-01-01 15:00:00,12,0.9385748814628742,-0.200912766068729,0.0474667419565985,0.0276889328080158,15.0,3,1,-0.7071067811865471,-0.7071067811865479,0.4338837391175582,-0.900968867902419
2026-01-01 15:00:00,13,0.9368183064333734,-0.2607695212120657,0.094933483913197,0.0632889892754647,15.0,3,1,-0.7071067811865471,-0.7071067811865479,0.4338837391175582,-0.900968867902419
2026-01-01 15:00:00,14,0.9357241242277236,-0.2894189042305538,0.0474667419565986,0.0079111236594331,15.0,3,1,-0.7071067811865471,-0.7071067811865479,0.4338837391175582,-0.900968867902419
2026-01-01 15:00:00,15,0.9346644414462668,-0.3070933331659141,0.0474667419565986,0.0158222473188661,15.0,3,1,-0.7071067811865471,-0.7071067811865479,0.4338837391175582,-0.900968867902419
2026-01-01 15:00:00,16,0.9330943604740708,-0.3657345992192418,0.0474667419565986,0.0158222473188661,15.0,3,1,-0.7071067811865471,-0.7071067811865479,0.4338837391175582,-0.900968867902419
2026-01-01 15:00:00,17,0.9326241637648782,-0.3730077270816133,0.0712001129348978,0.0316444946377323,15.0,3,1,-0.7071067811865471,-0.7071067811865479,0.4338837391175582,-0.900968867902419
2026-01-01 15:00:00,18,0.9977459251677152,0.0246494554856092,-0.2293585288526046,0.0316444946377323,15.0,3,1,-0.7071067811865471,-0.7071067811865479,0.4338837391175582,-0.900968867902419
2026-01-01 15:00:00,19,0.9949219146950654,-0.0281701345020615,0.0712001129348977,0.0316444946377323,15.0,3,1,-0.7071067811865471,-0.7071067811865479,0.4338837391175582,-0.900968867902419
2026-01-01 15:00:00,20,0.9943658322844608,-0.043420887292131,0.0712001129348978,0.0316444946377323,15.0,3,1,-0.7071067811865471,-0.7071067811865479,0.4338837391175582,-0.900968867902419
2026-01-01 15:00:00,21,0.9938627287495996,-0.0594465716533867,0.0712001129348978,0.0316444946377323,15.0,3,1,-0.7071067811865471,-0.7071067811865479,0.4338837391175582,-0.900968867902419
2026-01-01 15:00:00,22,0.9840409925378036,0.0551748748709945,0.0712001129348978,0.0395556182971654,15.0,3,1,-0.7071067811865471,-0.7071067811865479,0.4338837391175582,-0.900968867902419
2026-01-01 15:00:00,23,0.9787986189251712,-0.0142519221183955,0.3322671936961896,0.1582224731886617,15.0,3,1,-0.7071067811865471,-0.7071067811865479,0.4338837391175582,-0.900968867902419
2026-01-01 15:00:00,24,0.9761866337173178,-0.0483675496880762,0.3322671936961896,0.1582224731886617,15.0,3,1,-0.7071067811865471,-0.7071067811865479,0.4338837391175582,-0.900968867902419
2026-01-01 15:00:00,25,0.9594942727235912,0.1386148830335481,0.0474667419565986,0.0197778091485827,15.0,3,1,-0.7071067811865471,-0.7071067811865479,0.4338837391175582,-0.900968867902419
2026-01-01 15:00:00,26,0.9575046528001756,0.1817620114496114,0.0474667419565986,0.0197778091485827,15.0,3,1,-0.7071067811865471,-0.7071067811865479,0.4338837391175582,-0.900968867902419
2026-01-01 15:00:00,27,0.9486272194706632,0.245620296102321,0.0474667419565983,0.0158222473188662,15.0,3,1,-0.7071067811865471,-0.7071067811865479,0.4338837391175582,-0.900968867902419
2026-01-01 15:00:00,28,0.9422505894140866,0.3052759987569109,0.0949334839131972,0.0553778656160315,15.0,3,1,-0.7071067811865471,-0.7071067811865479,0.4338837391175582,-0.900968867902419
2026-01-01 15:00:00,29,0.9394908700252914,0.385514465701897,0.1582224731886619,0.4746674195659852,15.0,3,1,-0.7071067811865471,-0.7071067811865479,0.4338837391175582,-0.900968867902419
2026-01-01 15:00:00,30,0.936264670837606,0.3212748129307546,0.1186668548914964,0.0553778656160315,15.0,3,1,-0.7071067811865471,-0.7071067811865479,0.4338837391175582,-0.900968867902419
2026-01-01 15:00:00,31,0.9355549591866932,0.3037618570173096,0.1661335968480948,0.0791112365943309,15.0,3,1,-0.7071067811865471,-0.7071067811865479,0.4338837391175582,-0.900968867902419
2026-01-01 15:00:00,32,0.9353350639090624,0.2978888627343929,0.0474667419565983,0.0316444946377323,15.0,3,1,-0.7071067811865471,-0.7071067811865479,0.4338837391175582,-0.900968867902419
2026-01-01 15:15:00,0,1.0,0.0,-2.965485471557013,-2.0236016612107224,15.25,3,1,-0.7518398074789773,-0.6593458151000691,0.4338837391175582,-0.900968867902419
2026-01-01 15:15:00,1,0.9977007100773144,0.0169114519514872,0.0839708493487293,0.0503825096092375,15.25,3,1,-0.7518398074789773,-0.6593458151000691,0.4338837391175582,-0.900968867902419
2026-01-01 15:15:00,2,0.9859929641410646,0.0842770906714339,0.0755737644138563,0.0335883397394917,15.25,3,1,-0.7518398074789773,-0.6593458151000691,0.4338837391175582,-0.900968867902419
2026-01-01 15:15:00,3,0.9797928171715652,0.1383489192797732,0.1007650192184751,0.0671766794789834,15.25,3,1,-0.7518398074789773,-0.6593458151000691,0.4338837391175582,-0.900968867902419
2026-01-01 15:15:00,4,0.973665256965978,0.193093040796425,0.0503825096092375,0.0251912548046187,15.25,3,1,-0.7518398074789773,-0.6593458151000691,0.4338837391175582,-0.900968867902419
2026-01-01 15:15:00,5,0.9584271638525852,0.1151015462071461,0.0503825096092375,0.0167941698697458,15.25,3,1,-0.7518398074789773,-0.6593458151000691,0.4338837391175582,-0.900968867902419
2026-01-01 15:15:00,6,0.9555409073580636,-0.0741006211307509,0.1679416986974585,0.0839708493487293,15.25,3,1,-0.7518398074789773,-0.6593458151000691,0.4338837391175582,-0.900968867902419
2026-01-01 15:15:00,7,0.9515290630754392,-0.0446695814116607,0.1679416986974586,0.0839708493487293,15.25,3,1,-0.7518398074789773,-0.6593458151000691,0.4338837391175582,-0.900968867902419
2026-01-01 15:15:00,8,0.9463429501830206,-0.1046712007790788,0.0503825096092376,0.0167941698697458,15.25,3,1,-0.7518398074789773,-0.6593458151000691,0.4338837391175582,-0.900968867902419
2026-01-01 15:15:00,9,0.941533553295209,-0.1558970952981616,0.0503825096092376,0.0167941698697458,15.25,3,1,-0.7518398074789773,-0.6593458151000691,0.4338837391175582,-0.900968867902419
2026-01-01 15:15:00,10,0.9408222993640872,-0.1499970405088624,0.0377868822069281,0.0251912548046188,15.25,3,1,-0.7518398074789773,-0.6593458151000691,0.4338837391175582,-0.900968867902419
2026-01-01 15:15:00,11,0.9395823072613522,-0.1406631277161492,0.0503825096092376,0.0293897972720552,15.25,3,1,-0.7518398074789773,-0.6593458151000691,0.4338837391175582,-0.900968867902419
2026-01-01 15:15:00,12,0.9345296633280672,-0.2152444293805578,0.0503825096092376,0.0293897972720552,15.25,3,1,-0.7518398074789773,-0.6593458151000691,0.4338837391175582,-0.900968867902419
2026-01-01 15:15:00,13,0.9326564761273012,-0.2793412380017748,0.1007650192184751,0.0671766794789834,15.25,3,1,-0.7518398074789773,-0.6593458151000691,0.4338837391175582,-0.900968867902419
2026-01-01 15:15:00,14,0.9314895930157684,-0.3100243565124427,0.0503825096092376,0.0083970849348729,15.25,3,1,-0.7518398074789773,-0.6593458151000691,0.4338837391175582,-0.900968867902419
2026-01-01 15:15:00,15,0.9303594760685522,-0.3289547923003628,0.0503825096092376,0.0167941698697459,15.25,3,1,-0.7518398074789773,-0.6593458151000691,0.4338837391175582,-0.900968867902419
2026-01-01 15:15:00,16,0.9286849558621456,-0.3917838791936517,0.0503825096092376,0.0167941698697459,15.25,3,1,-0.7518398074789773,-0.6593458151000691,0.4338837391175582,-0.900968867902419
2026-01-01 15:15:00,17,0.928183487793248,-0.3995775416212455,0.0755737644138563,0.0335883397394917,15.25,3,1,-0.7518398074789773,-0.6593458151000691,0.4338837391175582,-0.900968867902419
2026-01-01 15:15:00,18,0.9975575620389052,0.024261508431076,-0.2166894927584228,0.0335883397394917,15.25,3,1,-0.7518398074789773,-0.6593458151000691,0.4338837391175582,-0.900968867902419
2026-01-01 15:15:00,19,0.9945588396119752,-0.0318327079701974,0.0755737644138563,0.0335883397394917,15.25,3,1,-0.7518398074789773,-0.6593458151000691,0.4338837391175582,-0.900968867902419
2026-01-01 15:15:00,20,0.9939683482674988,-0.0480326219641529,0.0755737644138563,0.0335883397394917,15.25,3,1,-0.7518398074789773,-0.6593458151000691,0.4338837391175582,-0.900968867902419
2026-01-01 15:15:00,21,0.9934341073203784,-0.0650568698436604,0.0755737644138563,0.0335883397394917,15.25,3,1,-0.7518398074789773,-0.6593458151000691,0.4338837391175582,-0.900968867902419
2026-01-01 15:15:00,22,0.9829972052952688,0.0584390778350965,0.0755737644138563,0.0419854246743646,15.25,3,1,-0.7518398074789773,-0.6593458151000691,0.4338837391175582,-0.900968867902419
2026-01-01 15:15:00,23,0.9774244262662004,-0.0154345374171458,0.3526775672646631,0.1679416986974586,15.25,3,1,-0.7518398074789773,-0.6593458151000691,0.4338837391175582,-0.900968867902419
2026-01-01 15:15:00,24,0.9746476033320248,-0.051753977062408,0.3526775672646631,0.1679416986974586,15.25,3,1,-0.7518398074789773,-0.6593458151000691,0.4338837391175582,-0.900968867902419
2026-01-01 15:15:00,25,0.9568307170219624,0.147520109779641,0.0503825096092374,0.0209927123371822,15.25,3,1,-0.7518398074789773,-0.6593458151000691,0.4338837391175582,-0.900968867902419
2026-01-01 15:15:00,26,0.9547097097737144,0.1936196312862846,0.0503825096092374,0.0209927123371822,15.25,3,1,-0.7518398074789773,-0.6593458151000691,0.4338837391175582,-0.900968867902419
2026-01-01 15:15:00,27,0.9452459551198492,0.2618176574795081,0.0503825096092374,0.0167941698697458,15.25,3,1,-0.7518398074789773,-0.6593458151000691,0.4338837391175582,-0.900968867902419
2026-01-01 15:15:00,28,0.938447969517838,0.3256050070546664,0.1007650192184752,0.0587795945441105,15.25,3,1,-0.7518398074789773,-0.6593458151000691,0.4338837391175582,-0.900968867902419
2026-01-01 15:15:00,29,0.9355057559281712,0.4114903035848786,0.1679416986974584,0.5038250960923758,15.25,3,1,-0.7518398074789773,-0.6593458151000691,0.4338837391175582,-0.900968867902419
2026-01-01 15:15:00,30,0.9320657621885428,0.3427064371188983,0.1259562740230939,0.0587795945441105,15.25,3,1,-0.7518398074789773,-0.6593458151000691,0.4338837391175582,-0.900968867902419
2026-01-01 15:15:00,31,0.9313090134261964,0.3239488603370413,0.1763387836323313,0.0839708493487292,15.25,3,1,-0.7518398074789773,-0.6593458151000691,0.4338837391175582,-0.900968867902419
2026-01-01 15:15:00,32,0.9310745421036286,0.3176580263042489,0.0503825096092374,0.0335883397394918,15.25,3,1,-0.7518398074789773,-0.6593458151000691,0.4338837391175582,-0.900968867902419
2026-01-01 15:30:00,0,1.0,0.0,-3.1397997506595847,-2.0903132640780755,15.5,3,1,-0.7933533402912349,-0.6087614290087209,0.4338837391175582,-0.900968867902419
2026-01-01 15:30:00,1,0.9975808676823348,0.0161817472590835,0.0865928788058842,0.0519557272835305,15.5,3,1,-0.7933533402912349,-0.6087614290087209,0.4338837391175582,-0.900968867902419
2026-01-01 15:30:00,2,0.9854863774132268,0.0858373865360664,0.0779335909252958,0.0346371515223537,15.5,3,1,-0.7933533402912349,-0.6087614290087209,0.4338837391175582,-0.900968867902419
2026-01-01 15:30:00,3,0.9790790033964244,0.1417671627039588,0.1039114545670611,0.0692743030447074,15.5,3,1,-0.7933533402912349,-0.6087614290087209,0.4338837391175582,-0.900968867902419
2026-01-01 15:30:00,4,0.9727462013265092,0.1984209120863845,0.0519557272835305,0.0259778636417652,15.5,3,1,-0.7933533402912349,-0.6087614290087209,0.4338837391175582,-0.900968867902419
2026-01-01 15:30:00,5,0.956996932095579,0.117777073497784,0.0519557272835305,0.0173185757611768,15.5,3,1,-0.7933533402912349,-0.6087614290087209,0.4338837391175582,-0.900968867902419
2026-01-01 15:30:00,6,0.954013824489512,-0.078029349264913,0.1731857576117685,0.0865928788058842,15.5,3,1,-0.7933533402912349,-0.6087614290087209,0.4338837391175582,-0.900968867902419
2026-01-01 15:30:00,7,0.9498674546823224,-0.0475380333702028,0.1731857576117685,0.0865928788058842,15.5,3,1,-0.7933533402912349,-0.6087614290087209,0.4338837391175582,-0.900968867902419
2026-01-01 15:30:00,8,0.9445064835390344,-0.1096393187565619,0.0519557272835305,0.0173185757611768,15.5,3,1,-0.7933533402912349,-0.6087614290087209,0.4338837391175582,-0.900968867902419
2026-01-01 15:30:00,9,0.9395347572976884,-0.1626763724806911,0.0519557272835305,0.0173185757611768,15.5,3,1,-0.7933533402912349,-0.6087614290087209,0.4338837391175582,-0.900968867902419
2026-01-01 15:30:00,10,0.9387994910261528,-0.1565608308100337,0.0389667954626479,0.0259778636417652,15.5,3,1,-0.7933533402912349,-0.6087614290087209,0.4338837391175582,-0.900968867902419
2026-01-01 15:30:00,11,0.9375176010677808,-0.1468836064347528,0.0519557272835305,0.0303075075820594,15.5,3,1,-0.7933533402912349,-0.6087614290087209,0.4338837391175582,-0.900968867902419
2026-01-01 15:30:00,12,0.9322938675144312,-0.2241395553162995,0.0519557272835305,0.0303075075820594,15.5,3,1,-0.7933533402912349,-0.6087614290087209,0.4338837391175582,-0.900968867902419
2026-01-01 15:30:00,13,0.9303571938420826,-0.2905620408804938,0.103911454567061,0.0692743030447074,15.5,3,1,-0.7933533402912349,-0.6087614290087209,0.4338837391175582,-0.900968867902419
2026-01-01 15:30:00,14,0.9291507270405172,-0.3223609096808497,0.0519557272835304,0.0086592878805884,15.5,3,1,-0.7933533402912349,-0.6087614290087209,0.4338837391175582,-0.900968867902419
2026-01-01 15:30:00,15,0.9279822591230787,-0.3419804933761775,0.0519557272835304,0.0173185757611769,15.5,3,1,-0.7933533402912349,-0.6087614290087209,0.4338837391175582,-0.900968867902419
2026-01-01 15:30:00,16,0.9262508678049736,-0.4071085310860012,0.0519557272835304,0.0173185757611769,15.5,3,1,-0.7933533402912349,-0.6087614290087209,0.4338837391175582,-0.900968867902419
2026-01-01 15:30:00,17,0.9257323716030964,-0.4151880109560187,0.0779335909252958,0.0346371515223536,15.5,3,1,-0.7933533402912349,-0.6087614290087209,0.4338837391175582,-0.900968867902419
2026-01-01 15:30:00,18,0.9973548160138412,0.019468633141146,-0.1470714864798841,0.0346371515223536,15.5,3,1,-0.7933533402912349,-0.6087614290087209,0.4338837391175582,-0.900968867902419
2026-01-01 15:30:00,19,0.994261450487762,-0.0384056491424661,0.0779335909252958,0.0346371515223536,15.5,3,1,-0.7933533402912349,-0.6087614290087209,0.4338837391175582,-0.900968867902419
2026-01-01 15:30:00,20,0.993652319195423,-0.0551217017201605,0.0779335909252958,0.0346371515223536,15.5,3,1,-0.7933533402912349,-0.6087614290087209,0.4338837391175582,-0.900968867902419
2026-01-01 15:30:00,21,0.9931012102037428,-0.0726890101595348,0.0779335909252958,0.0346371515223536,15.5,3,1,-0.7933533402912349,-0.6087614290087209,0.4338837391175582,-0.900968867902419
2026-01-01 15:30:00,22,0.982394502774679,0.0591651865663513,0.0779335909252958,0.0432964394029421,15.5,3,1,-0.7933533402912349,-0.6087614290087209,0.4338837391175582,-0.900968867902419
2026-01-01 15:30:00,23,0.9766428000177408,-0.017122985080634,0.3636900909847138,0.1731857576117684,15.5,3,1,-0.7933533402912349,-0.6087614290087209,0.4338837391175582,-0.900968867902419
2026-01-01 15:30:00,24,0.973776701779286,-0.0546400149426976,0.3636900909847138,0.1731857576117685,15.5,3,1,-0.7933533402912349,-0.6087614290087209,0.4338837391175582,-0.900968867902419
2026-01-01 15:30:00,25,0.9553467328925466,0.1513260377904368,0.0519557272835307,0.0216482197014711,15.5,3,1,-0.7933533402912349,-0.6087614290087209,0.4338837391175582,-0.900968867902419
2026-01-01 15:30:00,26,0.953154234638202,0.1990392965195084,0.0519557272835307,0.0216482197014711,15.5,3,1,-0.7933533402912349,-0.6087614290087209,0.4338837391175582,-0.900968867902419
2026-01-01 15:30:00,27,0.9433714433866796,0.269607661475054,0.0519557272835307,0.0173185757611769,15.5,3,1,-0.7933533402912349,-0.6087614290087209,0.4338837391175582,-0.900968867902419
2026-01-01 15:30:00,28,0.936344172986464,0.3356560209861919,0.1039114545670609,0.0606150151641189,15.5,3,1,-0.7933533402912349,-0.6087614290087209,0.4338837391175582,-0.900968867902419
2026-01-01 15:30:00,29,0.9333026455937792,0.424636548753356,0.1731857576117685,0.5195572728353055,15.5,3,1,-0.7933533402912349,-0.6087614290087209,0.4338837391175582,-0.900968867902419
2026-01-01 15:30:00,30,0.9297462786066428,0.3533605249971899,0.1298893182088263,0.0606150151641189,15.5,3,1,-0.7933533402912349,-0.6087614290087209,0.4338837391175582,-0.900968867902419
2026-01-01 15:30:00,31,0.9289639261415824,0.3339200416058787,0.181845045492357,0.0865928788058842,15.5,3,1,-0.7933533402912349,-0.6087614290087209,0.4338837391175582,-0.900968867902419
2026-01-01 15:30:00,32,0.9287215205187894,0.3273999189084264,0.0519557272835307,0.0346371515223538,15.5,3,1,-0.7933533402912349,-0.6087614290087209,0.4338837391175582,-0.900968867902419
2026-01-01 15:45:00,0,1.0,0.0,-3.2877662144654214,-2.1528913117579505,15.75,3,1,-0.8314696123025452,-0.5555702330196022,0.4338837391175582,-0.900968867902419
2026-01-01 15:45:00,1,0.99747739587623,0.0157588348774134,0.0890446812038856,0.0534268087223314,15.75,3,1,-0.8314696123025452,-0.5555702330196022,0.4338837391175582,-0.900968867902419
2026-01-01 15:45:00,2,0.9850200653474996,0.0875661986299092,0.0801402130834971,0.0356178724815542,15.75,3,1,-0.8314696123025452,-0.5555702330196022,0.4338837391175582,-0.900968867902419
2026-01-01 15:45:00,3,0.9784181227220808,0.1452429516807316,0.1068536174446628,0.0712357449631085,15.75,3,1,-0.8314696123025452,-0.5555702330196022,0.4338837391175582,-0.900968867902419
2026-01-01 15:45:00,4,0.9718925892644408,0.203694008337653,0.0534268087223314,0.0267134043611657,15.75,3,1,-0.8314696123025452,-0.5555702330196022,0.4338837391175582,-0.900968867902419
2026-01-01 15:45:00,5,0.9556632551975188,0.1205579673570153,0.0534268087223314,0.0178089362407771,15.75,3,1,-0.8314696123025452,-0.5555702330196022,0.4338837391175582,-0.900968867902419
2026-01-01 15:45:00,6,0.9525891893565815,-0.0814645645138221,0.1780893624077714,0.0890446812038856,15.75,3,1,-0.8314696123025452,-0.5555702330196022,0.4338837391175582,-0.900968867902419
2026-01-01 15:45:00,7,0.94831648493883,-0.0499731890231357,0.1780893624077714,0.0890446812038857,15.75,3,1,-0.8314696123025452,-0.5555702330196022,0.4338837391175582,-0.900968867902419
2026-01-01 15:45:00,8,0.9427912419294232,-0.1140510283161287,0.0534268087223314,0.0178089362407771,15.75,3,1,-0.8314696123025452,-0.5555702330196022,0.4338837391175582,-0.900968867902419
2026-01-01 15:45:00,9,0.9376670032165716,-0.1687942233736656,0.0534268087223314,0.0178089362407771,15.75,3,1,-0.8314696123025452,-0.5555702330196022,0.4338837391175582,-0.900968867902419
2026-01-01 15:45:00,10,0.9369091763876096,-0.1624752429888153,0.0400701065417485,0.0267134043611657,15.75,3,1,-0.8314696123025452,-0.5555702330196022,0.4338837391175582,-0.900968867902419
2026-01-01 15:45:00,11,0.9355879194884704,-0.1524737492667291,0.0534268087223314,0.0311656384213599,15.75,3,1,-0.8314696123025452,-0.5555702330196022,0.4338837391175582,-0.900968867902419
2026-01-01 15:45:00,12,0.9302034079050356,-0.2322516805447156,0.0534268087223314,0.0311656384213599,15.75,3,1,-0.8314696123025452,-0.5555702330196022,0.4338837391175582,-0.900968867902419
2026-01-01 15:45:00,13,0.9282070703775348,-0.3008688478108167,0.1068536174446628,0.0712357449631085,15.75,3,1,-0.8314696123025452,-0.5555702330196022,0.4338837391175582,-0.900968867902419
2026-01-01 15:45:00,14,0.9269634009952678,-0.3337207792797211,0.0534268087223313,0.0089044681203885,15.75,3,1,-0.8314696123025452,-0.5555702330196022,0.4338837391175582,-0.900968867902419
2026-01-01 15:45:00,15,0.9257588881296304,-0.3539908409808345,0.0534268087223313,0.0178089362407771,15.75,3,1,-0.8314696123025452,-0.5555702330196022,0.4338837391175582,-0.900968867902419
2026-01-01 15:45:00,16,0.9239740423878324,-0.4212895909740645,0.0534268087223313,0.0178089362407771,15.75,3,1,-0.8314696123025452,-0.5555702330196022,0.4338837391175582,-0.900968867902419
2026-01-01 15:45:00,17,0.92343954125966,-0.4296389867900654,0.0801402130834971,0.0356178724815542,15.75,3,1,-0.8314696123025452,-0.5555702330196022,0.4338837391175582,-0.900968867902419
2026-01-01 15:45:00,18,0.9971895073666758,0.0161053513444105,-0.0972877290120863,0.0356178724815542,15.75,3,1,-0.8314696123025452,-0.5555702330196022,0.4338837391175582,-0.900968867902419
2026-01-01 15:45:00,19,0.994007665256918,-0.0434321086371076,0.0801402130834971,0.0356178724815542,15.75,3,1,-0.8314696123025452,-0.5555702330196022,0.4338837391175582,-0.900968867902419
2026-01-01 15:45:00,20,0.9933811083246548,-0.0606305225599734,0.0801402130834971,0.0356178724815542,15.75,3,1,-0.8314696123025452,-0.5555702330196022,0.4338837391175582,-0.900968867902419
2026-01-01 15:45:00,21,0.9928142299583402,-0.0787053892997085,0.0801402130834971,0.0356178724815542,15.75,3,1,-0.8314696123025452,-0.5555702330196022,0.4338837391175582,-0.900968867902419
2026-01-01 15:45:00,22,0.98183819282065,0.0601128424904576,0.0801402130834971,0.0445223406019428,15.75,3,1,-0.8314696123025452,-0.5555702330196022,0.4338837391175582,-0.900968867902419
2026-01-01 15:45:00,23,0.9759189477799683,-0.0184381028404229,0.3739876610563197,0.1780893624077713,15.75,3,1,-0.8314696123025452,-0.5555702330196022,0.4338837391175582,-0.900968867902419
2026-01-01 15:45:00,24,0.9729692461143116,-0.0570780501188101,0.37398766105632,0.1780893624077713,15.75,3,1,-0.8314696123025452,-0.5555702330196022,0.4338837391175582,-0.900968867902419
2026-01-01 15:45:00,25,0.9539625626837352,0.1551708236866279,0.0534268087223313,0.0222611703009714,15.75,3,1,-0.8314696123025452,-0.5555702330196022,0.4338837391175582,-0.900968867902419
2026-01-01 15:45:00,26,0.9517029032085772,0.2044032663998604,0.0534268087223313,0.0222611703009714,15.75,3,1,-0.8314696123025452,-0.5555702330196022,0.4338837391175582,-0.900968867902419
2026-01-01 15:45:00,27,0.941620394272552,0.2772019774376857,0.0534268087223313,0.0178089362407771,15.75,3,1,-0.8314696123025452,-0.5555702330196022,0.4338837391175582,-0.900968867902419
2026-01-01 15:45:00,28,0.9343777158325808,0.3453806193899023,0.1068536174446626,0.0623312768427199,15.75,3,1,-0.8314696123025452,-0.5555702330196022,0.4338837391175582,-0.900968867902419
2026-01-01 15:45:00,29,0.9312428803296328,0.4372806972337223,0.1780893624077713,0.5342680872233141,15.75,3,1,-0.8314696123025452,-0.5555702330196022,0.4338837391175582,-0.900968867902419
2026-01-01 15:45:00,30,0.9275771609593432,0.3636531170965526,0.1335670218058284,0.0623312768427199,15.75,3,1,-0.8314696123025452,-0.5555702330196022,0.4338837391175582,-0.900968867902419
2026-01-01 15:45:00,31,0.9267707492655574,0.343568042821845,0.1869938305281597,0.0890446812038858,15.75,3,1,-0.8314696123025452,-0.5555702330196022,0.4338837391175582,-0.900968867902419
2026-01-01 15:45:00,32,0.9265208878782326,0.3368314794427298,0.0534268087223313,0.0356178724815543,15.75,3,1,-0.8314696123025452,-0.5555702330196022,0.4338837391175582,-0.900968867902419
2026-01-01 16:00:00,0,1.0,0.0,-3.3807609120921147,-2.1954244600789594,16.0,3,1,-0.8660254037844384,-0.5000000000000004,0.4338837391175582,-0.900968867902419
2026-01-01 16:00:00,1,0.9974114264355964,0.0155988810858892,0.0907069186681443,0.0544241512008865,16.0,3,1,-0.8660254037844384,-0.5000000000000004,0.4338837391175582,-0.900968867902419
2026-01-01 16:00:00,2,0.984707430881723,0.088870849780298,0.0816362268013298,0.0362827674672577,16.0,3,1,-0.8660254037844384,-0.5000000000000004,0.4338837391175582,-0.900968867902419
2026-01-01 16:00:00,3,0.977973133826774,0.1477373856829375,0.1088483024017731,0.0725655349345154,16.0,3,1,-0.8660254037844384,-0.5000000000000004,0.4338837391175582,-0.900968867902419
2026-01-01 16:00:00,4,0.9713164808864958,0.2074134667336877,0.0544241512008865,0.0272120756004432,16.0,3,1,-0.8660254037844384,-0.5000000000000004,0.4338837391175582,-0.900968867902419
2026-01-01 16:00:00,5,0.954760521662295,0.1225810643184438,0.0544241512008865,0.0181413837336288,16.0,3,1,-0.8660254037844384,-0.5000000000000004,0.4338837391175582,-0.900968867902419
2026-01-01 16:00:00,6,0.9516245689785952,-0.0836784675064621,0.1814138373362885,0.0907069186681442,16.0,3,1,-0.8660254037844384,-0.5000000000000004,0.4338837391175582,-0.900968867902419
2026-01-01 16:00:00,7,0.9472659112639232,-0.0515042658824227,0.1814138373362885,0.0907069186681442,16.0,3,1,-0.8660254037844384,-0.5000000000000004,0.4338837391175582,-0.900968867902419
2026-01-01 16:00:00,8,0.9416288703152428,-0.1169295154581499,0.0544241512008866,0.0181413837336288,16.0,3,1,-0.8660254037844384,-0.5000000000000004,0.4338837391175582,-0.900968867902419
2026-01-01 16:00:00,9,0.936400830600923,-0.1728364377339959,0.0544241512008866,0.0181413837336288,16.0,3,1,-0.8660254037844384,-0.5000000000000004,0.4338837391175582,-0.900968867902419
2026-01-01 16:00:00,10,0.935627648702927,-0.1663784462009165,0.0408181134006648,0.0272120756004433,16.0,3,1,-0.8660254037844384,-0.5000000000000004,0.4338837391175582,-0.900968867902419
2026-01-01 16:00:00,11,0.9342795968073874,-0.1561552916799478,0.0544241512008866,0.0317474215338505,16.0,3,1,-0.8660254037844384,-0.5000000000000004,0.4338837391175582,-0.900968867902419
2026-01-01 16:00:00,12,0.9287856390786324,-0.2376547710872592,0.0544241512008866,0.0317474215338505,16.0,3,1,-0.8660254037844384,-0.5000000000000004,0.4338837391175582,-0.900968867902419
2026-01-01 16:00:00,13,0.926748684604256,-0.3077710433917272,0.1088483024017732,0.0725655349345154,16.0,3,1,-0.8660254037844384,-0.5000000000000004,0.4338837391175582,-0.900968867902419
2026-01-01 16:00:00,14,0.9254796878055772,-0.3413423706792993,0.0544241512008865,0.0090706918668144,16.0,3,1,-0.8660254037844384,-0.5000000000000004,0.4338837391175582,-0.900968867902419
2026-01-01 16:00:00,15,0.9242506351150688,-0.3620568315606366,0.0544241512008865,0.0181413837336288,16.0,3,1,-0.8660254037844384,-0.5000000000000004,0.4338837391175582,-0.900968867902419
2026-01-01 16:00:00,16,0.922429395332211,-0.4308390132141806,0.0544241512008865,0.0181413837336288,16.0,3,1,-0.8660254037844384,-0.5000000000000004,0.4338837391175582,-0.900968867902419
2026-01-01 16:00:00,17,0.9218839974794604,-0.4393728888219519,0.0816362268013297,0.0362827674672576,16.0,3,1,-0.8660254037844384,-0.5000000000000004,0.4338837391175582,-0.900968867902419
2026-01-01 16:00:00,18,0.9970892768657138,0.0143716430745925,-0.0710125494394977,0.0362827674672576,16.0,3,1,-0.8660254037844384,-0.5000000000000004,0.4338837391175582,-0.900968867902419
2026-01-01 16:00:00,19,0.9938474612093872,-0.046292727057179,0.0816362268013299,0.0362827674672576,16.0,3,1,-0.8660254037844384,-0.5000000000000004,0.4338837391175582,-0.900968867902419
2026-01-01 16:00:00,20,0.993209092264701,-0.0638180350907006,0.0816362268013297,0.0362827674672576,16.0,3,1,-0.8660254037844384,-0.5000000000000004,0.4338837391175582,-0.900968867902419
2026-01-01 16:00:00,21,0.9926315244758736,-0.0822368920261631,0.0816362268013297,0.0362827674672576,16.0,3,1,-0.8660254037844384,-0.5000000000000004,0.4338837391175582,-0.900968867902419
2026-01-01 16:00:00,22,0.9814644747480272,0.0608872628007076,0.0816362268013297,0.0453534593340722,16.0,3,1,-0.8660254037844384,-0.5000000000000004,0.4338837391175582,-0.900968867902419
2026-01-01 16:00:00,23,0.9754315109314696,-0.0192005484413282,0.380969058406206,0.1814138373362885,16.0,3,1,-0.8660254037844384,-0.5000000000000004,0.4338837391175582,-0.900968867902419
2026-01-01 16:00:00,24,0.9724250598601152,-0.0586035129050699,0.380969058406206,0.1814138373362885,16.0,3,1,-0.8660254037844384,-0.5000000000000004,0.4338837391175582,-0.900968867902419
2026-01-01 16:00:00,25,0.9530254677376604,0.1579190462718616,0.0544241512008865,0.022676729667036,16.0,3,1,-0.8660254037844384,-0.5000000000000004,0.4338837391175582,-0.900968867902419
2026-01-01 16:00:00,26,0.9507201014394582,0.2081871504748308,0.0544241512008865,0.022676729667036,16.0,3,1,-0.8660254037844384,-0.5000000000000004,0.4338837391175582,-0.900968867902419
2026-01-01 16:00:00,27,0.9404336166916114,0.2825057190330856,0.0544241512008865,0.0181413837336288,16.0,3,1,-0.8660254037844384,-0.5000000000000004,0.4338837391175582,-0.900968867902419
2026-01-01 16:00:00,28,0.9330443361090184,0.3521375961933593,0.108848302401773,0.0634948430677009,16.0,3,1,-0.8660254037844384,-0.5000000000000004,0.4338837391175582,-0.900968867902419
2026-01-01 16:00:00,29,0.9298459943145068,0.4460311618031069,0.1814138373362888,0.5442415120088657,16.0,3,1,-0.8660254037844384,-0.5000000000000004,0.4338837391175582,-0.900968867902419
2026-01-01 16:00:00,30,0.926105839614198,0.3707974489236683,0.1360603780022162,0.0634948430677009,16.0,3,1,-0.8660254037844384,-0.5000000000000004,0.4338837391175582,-0.900968867902419
2026-01-01 16:00:00,31,0.925283050869302,0.3502719952459446,0.1904845292031032,0.0907069186681444,16.0,3,1,-0.8660254037844384,-0.5000000000000004,0.4338837391175582,-0.900968867902419
2026-01-01 16:00:00,32,0.9250281143191555,0.34338755198704,0.0544241512008865,0.0362827674672576,16.0,3,1,-0.8660254037844384,-0.5000000000000004,0.4338837391175582,-0.900968867902419
2026-01-01 16:15:00,0,1.0,0.0,-3.4677733529767742,-2.234901312093143,16.25,3,1,-0.8968727415326883,-0.4422886902190013,0.4338837391175582,-0.900968867902419
2026-01-01 16:15:00,1,0.9973497945928766,0.0154386151610153,0.0922461235653698,0.0553476741392218,16.25,3,1,-0.8968727415326883,-0.4422886902190013,0.4338837391175582,-0.900968867902419
2026-01-01 16:15:00,2,0.984416853845448,0.0900715596340257,0.0830215112088328,0.0368984494261479,16.25,3,1,-0.8968727415326883,-0.4422886902190013,0.4338837391175582,-0.900968867902419
2026-01-01 16:15:00,3,0.977559649448734,0.1500441858118086,0.1106953482784437,0.0737968988522958,16.25,3,1,-0.8968727415326883,-0.4422886902190013,0.4338837391175582,-0.900968867902419
2026-01-01 16:15:00,4,0.9707812251512606,0.2108598203702741,0.0553476741392218,0.0276738370696109,16.25,3,1,-0.8968727415326883,-0.4422886902190013,0.4338837391175582,-0.900968867902419
2026-01-01 16:15:00,5,0.953921908215847,0.124451081895096,0.0553476741392218,0.0184492247130739,16.25,3,1,-0.8968727415326883,-0.4422886902190013,0.4338837391175582,-0.900968867902419
2026-01-01 16:15:00,6,0.950728476574378,-0.085749955765409,0.1844922471307395,0.0922461235653698,16.25,3,1,-0.8968727415326883,-0.4422886902190013,0.4338837391175582,-0.900968867902419
2026-01-01 16:15:00,7,0.9462899899051616,-0.0529396960773731,0.1844922471307396,0.0922461235653698,16.25,3,1,-0.8968727415326883,-0.4422886902190013,0.4338837391175582,-0.900968867902419
2026-01-01 16:15:00,8,0.94054909227066,-0.1196185006281573,0.0553476741392219,0.0184492247130739,16.25,3,1,-0.8968727415326883,-0.4422886902190013,0.4338837391175582,-0.900968867902419
2026-01-01 16:15:00,9,0.9352246202907004,-0.1766085681124667,0.0553476741392219,0.0184492247130739,16.25,3,1,-0.8968727415326883,-0.4422886902190013,0.4338837391175582,-0.900968867902419
2026-01-01 16:15:00,10,0.934437173216324,-0.1700210089826315,0.0415107556044164,0.0276738370696109,16.25,3,1,-0.8968727415326883,-0.4422886902190013,0.4338837391175582,-0.900968867902419
2026-01-01 16:15:00,11,0.9330642273076712,-0.159591189724749,0.0553476741392219,0.0322861432478794,16.25,3,1,-0.8968727415326883,-0.4422886902190013,0.4338837391175582,-0.900968867902419
2026-01-01 16:15:00,12,0.9274685785893952,-0.2426939954552746,0.0553476741392218,0.0322861432478794,16.25,3,1,-0.8968727415326883,-0.4422886902190013,0.4338837391175582,-0.900968867902419
2026-01-01 16:15:00,13,0.9253938836894012,-0.3142071412864176,0.1106953482784438,0.0737968988522959,16.25,3,1,-0.8968727415326883,-0.4422886902190013,0.4338837391175582,-0.900968867902419
2026-01-01 16:15:00,14,0.9241013522452736,-0.3484488695249234,0.0553476741392218,0.0092246123565369,16.25,3,1,-0.8968727415326883,-0.4422886902190013,0.4338837391175582,-0.900968867902419
2026-01-01 16:15:00,15,0.9228494963696656,-0.3695774836638645,0.0553476741392218,0.0184492247130739,16.25,3,1,-0.8968727415326883,-0.4422886902190013,0.4338837391175582,-0.900968867902419
2026-01-01 16:15:00,16,0.9209944368844172,-0.4397424455473263,0.0553476741392218,0.0184492247130739,16.25,3,1,-0.8968727415326883,-0.4422886902190013,0.4338837391175582,-0.900968867902419
2026-01-01 16:15:00,17,0.9204389131684456,-0.4484483009961381,0.0830215112088328,0.0368984494261479,16.25,3,1,-0.8968727415326883,-0.4422886902190013,0.4338837391175582,-0.900968867902419
2026-01-01 16:15:00,18,0.9969951287149192,0.012710718116492,-0.045919416318207,0.0368984494261479,16.25,3,1,-0.8968727415326883,-0.4422886902190013,0.4338837391175582,-0.900968867902419
2026-01-01 16:15:00,19,0.9936977549595428,-0.0489978314381464,0.0830215112088328,0.0368984494261479,16.25,3,1,-0.8968727415326883,-0.4422886902190013,0.4338837391175582,-0.900968867902419
2026-01-01 16:15:00,20,0.9930484435660564,-0.0668260806296428,0.0830215112088328,0.0368984494261479,16.25,3,1,-0.8968727415326883,-0.4422886902190013,0.4338837391175582,-0.900968867902419
2026-01-01 16:15:00,21,0.992460973193626,-0.0855637366908047,0.0830215112088328,0.0368984494261479,16.25,3,1,-0.8968727415326883,-0.4422886902190013,0.4338837391175582,-0.900968867902419
2026-01-01 16:15:00,22,0.9811172742364328,0.0615963303336534,0.0830215112088328,0.0461230617826848,16.25,3,1,-0.8968727415326883,-0.4422886902190013,0.4338837391175582,-0.900968867902419
2026-01-01 16:15:00,23,0.9749788920986108,-0.0199171840577643,0.3874337189745531,0.1844922471307395,16.25,3,1,-0.8968727415326883,-0.4422886902190013,0.4338837391175582,-0.900968867902419
2026-01-01 16:15:00,24,0.9719198310181832,-0.0600282197174437,0.3874337189745529,0.1844922471307395,16.25,3,1,-0.8968727415326883,-0.4422886902190013,0.4338837391175582,-0.900968867902419
2026-01-01 16:15:00,25,0.9521549355873552,0.1604635889268721,0.055347674139222,0.0230615308913424,16.25,3,1,-0.8968727415326883,-0.4422886902190013,0.4338837391175582,-0.900968867902419
2026-01-01 16:15:00,26,0.949807109754337,0.2116952437316195,0.055347674139222,0.0230615308913424,16.25,3,1,-0.8968727415326883,-0.4422886902190013,0.4338837391175582,-0.900968867902419
2026-01-01 16:15:00,27,0.93933113954028,0.2874273929691559,0.055347674139222,0.0184492247130738,16.25,3,1,-0.8968727415326883,-0.4422886902190013,0.4338837391175582,-0.900968867902419
2026-01-01 16:15:00,28,0.9318056683680244,0.3584120293992101,0.1106953482784436,0.0645722864957589,16.25,3,1,-0.8968727415326883,-0.4422886902190013,0.4338837391175582,-0.900968867902419
2026-01-01 16:15:00,29,0.928548328411491,0.4541625908156496,0.1844922471307395,0.5534767413922188,16.25,3,1,-0.8968727415326883,-0.4422886902190013,0.4338837391175582,-0.900968867902419
2026-01-01 16:15:00,30,0.924739015611342,0.3774323685890793,0.1383691853480546,0.0645722864957589,16.25,3,1,-0.8968727415326883,-0.4422886902190013,0.4338837391175582,-0.900968867902419
2026-01-01 16:15:00,31,0.923901010809838,0.3564965061923989,0.1937168594872766,0.0922461235653697,16.25,3,1,-0.8968727415326883,-0.4422886902190013,0.4338837391175582,-0.900968867902419
2026-01-01 16:15:00,32,0.9236413588505292,0.3494742404342436,0.055347674139222,0.0368984494261477,16.25,3,1,-0.8968727415326883,-0.4422886902190013,0.4338837391175582,-0.900968867902419
2026-01-01 16:30:00,0,1.0,0.0,-3.3520906259258436,-2.189355598522875,16.5,3,1,-0.9238795325112868,-0.3826834323650895,0.4338837391175582,-0.900968867902419
2026-01-01 16:30:00,1,0.9974297002915988,0.0158810013739764,0.0904714508528203,0.0542828705116921,16.5,3,1,-0.9238795325112868,-0.3826834323650895,0.4338837391175582,-0.900968867902419
2026-01-01 16:30:00,2,0.9847608088441367,0.0889437609785106,0.0814243057675382,0.0361885803411281,16.5,3,1,-0.9238795325112868,-0.3826834323650895,0.4338837391175582,-0.900968867902419
2026-01-01 16:30:00,3,0.9780453526855108,0.1476403107601743,0.1085657410233844,0.0723771606822562,16.5,3,1,-0.9238795325112868,-0.3826834323650895,0.4338837391175582,-0.900968867902419
2026-01-01 16:30:00,4,0.9714073657143338,0.2071413228484473,0.0542828705116921,0.027141435255846,16.5,3,1,-0.9238795325112868,-0.3826834323650895,0.4338837391175582,-0.900968867902419
2026-01-01 16:30:00,5,0.9548979058902622,0.1225512345634979,0.0542828705116921,0.018094290170564,16.5,3,1,-0.9238795325112868,-0.3826834323650895,0.4338837391175582,-0.900968867902419
2026-01-01 16:30:00,6,0.9517707636701944,-0.0831027766048469,0.1809429017056406,0.0904714508528203,16.5,3,1,-0.9238795325112868,-0.3826834323650895,0.4338837391175582,-0.900968867902419
2026-01-01 16:30:00,7,0.9474243424306036,-0.0510262175889452,0.1809429017056406,0.0904714508528203,16.5,3,1,-0.9238795325112868,-0.3826834323650895,0.4338837391175582,-0.900968867902419
2026-01-01 16:30:00,8,0.9418032192109508,-0.1162588974036353,0.0542828705116922,0.018094290170564,16.5,3,1,-0.9238795325112868,-0.3826834323650895,0.4338837391175582,-0.900968867902419
2026-01-01 16:30:00,9,0.936589958982654,-0.1719994689846961,0.0542828705116922,0.018094290170564,16.5,3,1,-0.9238795325112868,-0.3826834323650895,0.4338837391175582,-0.900968867902419
2026-01-01 16:30:00,10,0.9358189633955574,-0.165561361017288,0.0407121528837691,0.0271414352558461,16.5,3,1,-0.9238795325112868,-0.3826834323650895,0.4338837391175582,-0.900968867902419
2026-01-01 16:30:00,11,0.93447472674191,-0.1553699161530417,0.0542828705116922,0.0316650077984871,16.5,3,1,-0.9238795325112868,-0.3826834323650895,0.4338837391175582,-0.900968867902419
2026-01-01 16:30:00,12,0.9289963534108592,-0.2366232391340738,0.0542828705116922,0.031665007798487,16.5,3,1,-0.9238795325112868,-0.3826834323650895,0.4338837391175582,-0.900968867902419
2026-01-01 16:30:00,13,0.9269651826383868,-0.3065251124815111,0.1085657410233844,0.0723771606822563,16.5,3,1,-0.9238795325112868,-0.3826834323650895,0.4338837391175582,-0.900968867902419
2026-01-01 16:30:00,14,0.925699792443637,-0.3399935488592956,0.0542828705116922,0.009047145085282,16.5,3,1,-0.9238795325112868,-0.3826834323650895,0.4338837391175582,-0.900968867902419
2026-01-01 16:30:00,15,0.9244742342349987,-0.3606444485949855,0.0542828705116922,0.018094290170564,16.5,3,1,-0.9238795325112868,-0.3826834323650895,0.4338837391175582,-0.900968867902419
2026-01-01 16:30:00,16,0.9226581770750768,-0.4292144380659725,0.0542828705116922,0.018094290170564,16.5,3,1,-0.9238795325112868,-0.3826834323650895,0.4338837391175582,-0.900968867902419
2026-01-01 16:30:00,17,0.9221143309429568,-0.4377219242587633,0.0814243057675383,0.0361885803411281,16.5,3,1,-0.9238795325112868,-0.3826834323650895,0.4338837391175582,-0.900968867902419
2026-01-01 16:30:00,18,0.9971282359442236,0.0157441375721812,-0.0901541253676561,0.0361885803411281,16.5,3,1,-0.9238795325112868,-0.3826834323650895,0.4338837391175582,-0.900968867902419
2026-01-01 16:30:00,19,0.9938949982309178,-0.0447575490343679,0.0814243057675383,0.0361885803411281,16.5,3,1,-0.9238795325112868,-0.3826834323650895,0.4338837391175582,-0.900968867902419
2026-01-01 16:30:00,20,0.993258318752026,-0.0622356626754508,0.0814243057675383,0.0361885803411281,16.5,3,1,-0.9238795325112868,-0.3826834323650895,0.4338837391175582,-0.900968867902419
2026-01-01 16:30:00,21,0.9926822798745404,-0.0806048560114697,0.0814243057675383,0.0361885803411281,16.5,3,1,-0.9238795325112868,-0.3826834323650895,0.4338837391175582,-0.900968867902419
2026-01-01 16:30:00,22,0.98152654004134,0.0610358407725996,0.0814243057675383,0.0452357254264101,16.5,3,1,-0.9238795325112868,-0.3826834323650895,0.4338837391175582,-0.900968867902419
2026-01-01 16:30:00,23,0.9755097495865976,-0.0188326045881729,0.3799800935818453,0.1809429017056406,16.5,3,1,-0.9238795325112868,-0.3826834323650895,0.4338837391175582,-0.900968867902419
2026-01-01 16:30:00,24,0.972511369783168,-0.058126642466838,0.3799800935818453,0.1809429017056405,16.5,3,1,-0.9238795325112868,-0.3826834323650895,0.4338837391175582,-0.900968867902419
2026-01-01 16:30:00,25,0.9531677441699712,0.157785588932109,0.0542828705116922,0.0226178627132049,16.5,3,1,-0.9238795325112868,-0.3826834323650895,0.4338837391175582,-0.900968867902419
2026-01-01 16:30:00,26,0.9508688855343822,0.2079056760500569,0.0542828705116922,0.0226178627132049,16.5,3,1,-0.9238795325112868,-0.3826834323650895,0.4338837391175582,-0.900968867902419
2026-01-01 16:30:00,27,0.9406114426337564,0.2820070568842851,0.0542828705116922,0.018094290170564,16.5,3,1,-0.9238795325112868,-0.3826834323650895,0.4338837391175582,-0.900968867902419
2026-01-01 16:30:00,28,0.9332430353380788,0.351431188786959,0.1085657410233844,0.0633300155969742,16.5,3,1,-0.9238795325112868,-0.3826834323650895,0.4338837391175582,-0.900968867902419
2026-01-01 16:30:00,29,0.9300537357628956,0.4450396870086806,0.1809429017056407,0.542828705116922,16.5,3,1,-0.9238795325112868,-0.3826834323650895,0.4338837391175582,-0.900968867902419
2026-01-01 16:30:00,30,0.9263241799261696,0.3700356736294778,0.1357071762792303,0.0633300155969742,16.5,3,1,-0.9238795325112868,-0.3826834323650895,0.4338837391175582,-0.900968867902419
2026-01-01 16:30:00,31,0.925503723120194,0.3495732062722424,0.1899900467909225,0.0904714508528201,16.5,3,1,-0.9238795325112868,-0.3826834323650895,0.4338837391175582,-0.900968867902419
2026-01-01 16:30:00,32,0.9252495092283528,0.3427099143512952,0.0542828705116922,0.0361885803411281,16.5,3,1,-0.9238795325112868,-0.3826834323650895,0.4338837391175582,-0.900968867902419
