timestamp,line_id,absolute_current_from_ka,absolute_current_to_ka,mean_current_ka,current_difference_ka,absolute_current_difference_ka,current_imbalance,loading_margin_percent,loading_ratio,loading_above_90,loading_above_95,thermal_overload
2026-01-01 00:00:00,0,0.1345303854867141,0.1345303854867141,0.1345303854867141,0.0,0.0,0.0,99.99986546826919,1.3453173080399998e-06,0,0,0
2026-01-01 00:00:00,1,0.119398436500229,0.119398436500229,0.119398436500229,0.0,0.0,0.0,99.99988060036951,1.193996304965e-06,0,0,0
2026-01-01 00:00:00,2,0.0854738170537775,0.0854738170537775,0.0854738170537775,0.0,0.0,0.0,99.9999145253282,8.547467180049557e-07,0,0,0
2026-01-01 00:00:00,3,0.081115498263868,0.081115498263868,0.081115498263868,0.0,0.0,0.0,99.99991888369057,8.111630942696229e-07,0,0,0
2026-01-01 00:00:00,4,0.0791036965533885,0.0791036965533885,0.0791036965533885,0.0,0.0,0.0,99.9999208955124,7.910448759826452e-07,0,0,0
2026-01-01 00:00:00,5,0.0370739856009421,0.0370739856009421,0.0370739856009421,0.0,0.0,0.0,99.99996292564366,3.7074356344505573e-07,0,0,0
2026-01-01 00:00:00,6,0.0301847461601854,0.0301847461601854,0.0301847461601854,0.0,0.0,0.0,99.999969814952,3.018504801066559e-07,0,0,0
2026-01-01 00:00:00,7,0.0232743890121513,0.0232743890121513,0.0232743890121513,0.0,0.0,0.0,99.99997672537825,2.327462175836893e-07,0,0,0
2026-01-01 00:00:00,8,0.0213241968763994,0.0213241968763994,0.0213241968763994,0.0,0.0,0.0,99.99997867558987,2.132441012050067e-07,0,0,0
2026-01-01 00:00:00,9,0.0193689896407559,0.0193689896407559,0.0193689896407559,0.0,0.0,0.0,99.99998063081667,1.9369183332589274e-07,0,0,0
2026-01-01 00:00:00,10,0.0176991446275269,0.0176991446275269,0.0176991446275269,0.0,0.0,0.0,99.99998230067838,1.7699321620743103e-07,0,0,0
2026-01-01 00:00:00,11,0.0155403540673573,0.0155403540673573,0.0155403540673573,0.0,0.0,0.0,99.99998445949053,1.5540509472452036e-07,0,0,0
2026-01-01 00:00:00,12,0.0133760309247719,0.0133760309247719,0.0133760309247719,0.0,0.0,0.0,99.99998662383531,1.337616468641884e-07,0,0,0
2026-01-01 00:00:00,13,0.0089549979288866,0.0089549979288866,0.0089549979288866,0.0,0.0,0.0,99.99999104491252,8.955087479761424e-08,0,0,0
2026-01-01 00:00:00,14,0.0070740720970217,0.0070740720970217,0.0070740720970217,0.0,0.0,0.0,99.99999292585716,7.074142838450095e-08,0,0,0
2026-01-01 00:00:00,15,0.0050879575470701,0.0050879575470701,0.0050879575470701,0.0,0.0,0.0,99.99999491199158,5.0880084271543956e-08,0,0,0
2026-01-01 00:00:00,16,0.0031022647591603,0.0031022647591603,0.0031022647591603,0.0,0.0,0.0,99.99999689770422,3.10229578211813e-08,0,0,0
2026-01-01 00:00:00,17,0.01177596247556,0.01177596247556,0.01177596247556,0.0,0.0,0.0,99.99998822391976,1.1776080236362397e-07,0,0,0
2026-01-01 00:00:00,18,0.008838111501961,0.008838111501961,0.008838111501961,0.0,0.0,0.0,99.99999116180011,8.8381998839599e-08,0,0,0
2026-01-01 00:00:00,19,0.0058933884178533,0.0058933884178533,0.0058933884178533,0.0,0.0,0.0,99.99999410655265,5.8934473523268796e-08,0,0,0
2026-01-01 00:00:00,20,0.0029473084976655,0.0029473084976655,0.0029473084976655,0.0,0.0,0.0,99.99999705266202,2.9473379710452518e-08,0,0,0
2026-01-01 00:00:00,21,0.0313147572346277,0.0313147572346277,0.0313147572346277,0.0,0.0,0.0,99.99996868492961,3.1315070385331643e-07,0,0,0
2026-01-01 00:00:00,22,0.0282147880412026,0.0282147880412026,0.0282147880412026,0.0,0.0,0.0,99.99997178492981,2.8215070191904544e-07,0,0,0
2026-01-01 00:00:00,23,0.0141228154321938,0.0141228154321938,0.0141228154321938,0.0,0.0,0.0,99.99998587704334,1.4122956661760427e-07,0,0,0
2026-01-01 00:00:00,24,0.0413849070156718,0.0413849070156718,0.0413849070156718,0.0,0.0,0.0,99.99995861467913,4.1385320868880577e-07,0,0,0
2026-01-01 00:00:00,25,0.0395531898286575,0.0395531898286575,0.0395531898286575,0.0,0.0,0.0,99.99996044641463,3.955358536451119e-07,0,0,0
2026-01-01 00:00:00,26,0.0377361676770817,0.0377361676770817,0.0377361676770817,0.0,0.0,0.0,99.99996226345496,3.7736545042532146e-07,0,0,0
2026-01-01 00:00:00,27,0.0360449847301214,0.0360449847301214,0.0360449847301214,0.0,0.0,0.0,99.99996395465482,3.604534518357332e-07,0,0,0
2026-01-01 00:00:00,28,0.0319903809659359,0.0319903809659359,0.0319903809659359,0.0,0.0,0.0,99.99996800929912,3.199070087294464e-07,0,0,0
2026-01-01 00:00:00,29,0.0147509188423395,0.0147509188423395,0.0147509188423395,0.0,0.0,0.0,99.99998524893364,1.475106635300307e-07,0,0,0
2026-01-01 00:00:00,30,0.0095562306903568,0.0095562306903568,0.0095562306903568,0.0,0.0,0.0,99.99999044367375,9.556326253619343e-08,0,0,0
2026-01-01 00:00:00,31,0.0022661108119014,0.0022661108119014,0.0022661108119014,0.0,0.0,0.0,99.99999773386652,2.2661334732361757e-08,0,0,0
2026-01-01 00:00:00,32,0.0,0.0,0.0,0.0,0.0,0.0,100.0,0.0,0,0,0
2026-01-01 00:00:00,33,0.0,0.0,0.0,0.0,0.0,0.0,100.0,0.0,0,0,0
2026-01-01 00:00:00,34,0.0,0.0,0.0,0.0,0.0,0.0,100.0,0.0,0,0,0
2026-01-01 00:00:00,35,0.0,0.0,0.0,0.0,0.0,0.0,100.0,0.0,0,0,0
2026-01-01 00:00:00,36,0.0,0.0,0.0,0.0,0.0,0.0,100.0,0.0,0,0,0
2026-01-01 00:15:00,0,0.1268623629629842,0.1268623629629842,0.1268623629629842,0.0,0.0,0.0,99.99987313636841,1.268636315993e-06,0,0,0
2026-01-01 00:15:00,1,0.1125673132643503,0.1125673132643503,0.1125673132643503,0.0,0.0,0.0,99.99988743156105,1.125684389487e-06,0,0,0
2026-01-01 00:15:00,2,0.0805444999125697,0.0805444999125697,0.0805444999125697,0.0,0.0,0.0,99.99991945469463,8.054530536562339e-07,0,0,0
2026-01-01 00:15:00,3,0.0764300970185197,0.0764300970185198,0.07643009701851974,-9.71445146547012e-17,9.71445146547012e-17,1.27102418725074e-15,99.99992356913867,7.643086132713307e-07,0,0,0
2026-01-01 00:15:00,4,0.0745313885330539,0.0745313885330539,0.0745313885330539,0.0,0.0,0.0,99.99992546786615,7.45321338543925e-07,0,0,0
2026-01-01 00:15:00,5,0.0349362407458981,0.0349362407458981,0.0349362407458981,0.0,0.0,0.0,99.99996506340989,3.49365901117993e-07,0,0,0
2026-01-01 00:15:00,6,0.0284399154639324,0.0284399154639324,0.0284399154639324,0.0,0.0,0.0,99.99997155980013,2.844019986593112e-07,0,0,0
2026-01-01 00:15:00,7,0.0219249305343495,0.0219249305343495,0.0219249305343495,0.0,0.0,0.0,99.99997807485022,2.1925149785847457e-07,0,0,0
2026-01-01 00:15:00,8,0.0200867413162818,0.0200867413162818,0.0200867413162818,0.0,0.0,0.0,99.99997991305781,2.0086942185703735e-07,0,0,0
2026-01-01 00:15:00,9,0.0182442594423007,0.0182442594423007,0.0182442594423007,0.0,0.0,0.0,99.99998175555811,1.8244441886719632e-07,0,0,0
2026-01-01 00:15:00,10,0.0166707808965305,0.0166707808965305,0.0166707808965305,0.0,0.0,0.0,99.9999833290524,1.667094760600659e-07,0,0,0
2026-01-01 00:15:00,11,0.014636691344369,0.014636691344369,0.014636691344369,0.0,0.0,0.0,99.99998536316228,1.4636837712746154e-07,0,0,0
2026-01-01 00:15:00,12,0.0125978874608859,0.0125978874608859,0.0125978874608859,0.0,0.0,0.0,99.99998740198656,1.2598013441020382e-07,0,0,0
2026-01-01 00:15:00,13,0.0084336470017516,0.0084336470017516,0.0084336470017516,0.0,0.0,0.0,99.99999156626866,8.433731339065042e-08,0,0,0
2026-01-01 00:15:00,14,0.0066620379009419,0.0066620379009419,0.0066620379009419,0.0,0.0,0.0,99.99999333789548,6.662104521987206e-08,0,0,0
2026-01-01 00:15:00,15,0.0047914709119353,0.0047914709119353,0.0047914709119353,0.0,0.0,0.0,99.99999520848117,4.7915188271236344e-08,0,0,0
2026-01-01 00:15:00,16,0.002921460048076,0.002921460048076,0.002921460048076,0.0,0.0,0.0,99.99999707851073,2.9214892629686337e-08,0,0,0
2026-01-01 00:15:00,17,0.0111243023471912,0.0111243023471912,0.0111243023471912,0.0,0.0,0.0,99.99998887558641,1.1124413591327208e-07,0,0,0
2026-01-01 00:15:00,18,0.0083487044520018,0.0083487044520018,0.0083487044520018,0.0,0.0,0.0,99.99999165121206,8.348787939881224e-08,0,0,0
2026-01-01 00:15:00,19,0.0055669751985964,0.0055669751985964,0.0055669751985964,0.0,0.0,0.0,99.99999443296913,5.56703086890513e-08,0,0,0
2026-01-01 00:15:00,20,0.0027840355553534,0.0027840355553534,0.0027840355553534,0.0,0.0,0.0,99.9999972159366,2.7840633959873667e-08,0,0,0
2026-01-01 00:15:00,21,0.0295581963969269,0.0295581963969269,0.0295581963969269,0.0,0.0,0.0,99.99997044150801,2.9558491981846814e-07,0,0,0
2026-01-01 00:15:00,22,0.0266313040022849,0.0266313040022849,0.0266313040022849,0.0,0.0,0.0,99.99997336842968,2.6631570317988094e-07,0,0,0
2026-01-01 00:15:00,23,0.0133293753407128,0.0133293753407128,0.0133293753407128,0.0,0.0,0.0,99.99998667049137,1.3329508635799215e-07,0,0,0
2026-01-01 00:15:00,24,0.0389884193625111,0.0389884193625111,0.0389884193625111,0.0,0.0,0.0,99.99996101119075,3.89888092506037e-07,0,0,0
2026-01-01 00:15:00,25,0.0372611700253419,0.0372611700253418,0.03726117002534185,9.71445146547012e-17,9.71445146547012e-17,2.6071239447766208e-15,99.99996273845736,3.7261542640768303e-07,0,0,0
2026-01-01 00:15:00,26,0.0355479487210436,0.0355479487210436,0.0355479487210436,0.0,0.0,0.0,99.9999644516958,3.5548304204085645e-07,0,0,0
2026-01-01 00:15:00,27,0.0339540978302737,0.0339540978302737,0.0339540978302737,0.0,0.0,0.0,99.99996604556263,3.395443737464752e-07,0,0,0
2026-01-01 00:15:00,28,0.0301339775369233,0.0301339775369233,0.0301339775369233,0.0,0.0,0.0,99.99996986572113,3.0134278879712145e-07,0,0,0
2026-01-01 00:15:00,29,0.0138935236883402,0.0138935236883402,0.0138935236883402,0.0,0.0,0.0,99.99998610633737,1.3893662624966525e-07,0,0,0
2026-01-01 00:15:00,30,0.0090006481313266,0.0090006481313266,0.0090006481313266,0.0,0.0,0.0,99.99999099926187,9.000738138708072e-08,0,0,0
2026-01-01 00:15:00,31,0.0021343439340778,0.0021343439340778,0.0021343439340778,0.0,0.0,0.0,99.99999786563473,2.1343652777306053e-08,0,0,0
2026-01-01 00:15:00,32,0.0,0.0,0.0,0.0,0.0,0.0,100.0,0.0,0,0,0
2026-01-01 00:15:00,33,0.0,0.0,0.0,0.0,0.0,0.0,100.0,0.0,0,0,0
2026-01-01 00:15:00,34,0.0,0.0,0.0,0.0,0.0,0.0,100.0,0.0,0,0,0
2026-01-01 00:15:00,35,0.0,0.0,0.0,0.0,0.0,0.0,100.0,0.0,0,0,0
2026-01-01 00:15:00,36,0.0,0.0,0.0,0.0,0.0,0.0,100.0,0.0,0,0,0
2026-01-01 00:30:00,0,0.1371468998988542,0.1371468998988542,0.1371468998988542,0.0,0.0,0.0,99.99986285172862,1.371482713815e-06,0,0,0
2026-01-01 00:30:00,1,0.121730109926931,0.121730109926931,0.121730109926931,0.0,0.0,0.0,99.99987826867276,1.217313272402e-06,0,0,0
2026-01-01 00:30:00,2,0.0871574873484471,0.0871574873484471,0.0871574873484471,0.0,0.0,0.0,99.99991284164106,8.715835893203648e-07,0,0,0
2026-01-01 00:30:00,3,0.0827160693694351,0.0827160693694351,0.0827160693694351,0.0,0.0,0.0,99.99991728310346,8.27168965384005e-07,0,0,0
2026-01-01 00:30:00,4,0.0806657238039877,0.0806657238039877,0.0806657238039877,0.0,0.0,0.0,99.99991933346953,8.066653046929247e-07,0,0,0
2026-01-01 00:30:00,5,0.0378041464157957,0.0378041464157958,0.03780414641579575,-9.71445146547012e-17,9.71445146547012e-17,2.5696781482501506e-15,99.99996219547553,3.7804524461040406e-07,0,0,0
2026-01-01 00:30:00,6,0.0307808320900016,0.0307808320900016,0.0307808320900016,0.0,0.0,0.0,99.9999692188601,3.0781139901400653e-07,0,0,0
2026-01-01 00:30:00,7,0.0237355245203992,0.0237355245203992,0.0237355245203992,0.0,0.0,0.0,99.99997626423813,2.3735761878018017e-07,0,0,0
2026-01-01 00:30:00,8,0.0217470905201225,0.0217470905201226,0.021747090520122553,-1.0061396160665481e-16,1.0061396160665481e-16,4.626546031437922e-15,99.999978252692,2.1747307993202532e-07,0,0,0
2026-01-01 00:30:00,9,0.0197533819146367,0.0197533819146367,0.0197533819146367,0.0,0.0,0.0,99.99998024642055,1.9753579450431288e-07,0,0,0
2026-01-01 00:30:00,10,0.0180506201322562,0.0180506201322562,0.0180506201322562,0.0,0.0,0.0,99.99998194919937,1.8050800640262646e-07,0,0,0
2026-01-01 00:30:00,11,0.0158492308082998,0.0158492308082998,0.0158492308082998,0.0,0.0,0.0,99.9999841506107,1.5849389302192886e-07,0,0,0
2026-01-01 00:30:00,12,0.0136420144769544,0.0136420144769544,0.0136420144769544,0.0,0.0,0.0,99.9999863578491,1.3642150898463434e-07,0,0,0
2026-01-01 00:30:00,13,0.009133217098709,0.009133217098709,0.009133217098709,0.0,0.0,0.0,99.99999086669156,9.133308431793374e-08,0,0,0
2026-01-01 00:30:00,14,0.0072149279918919,0.0072149279918919,0.0072149279918919,0.0,0.0,0.0,99.99999278499986,7.215000141893326e-08,0,0,0
2026-01-01 00:30:00,15,0.0051893169749124,0.0051893169749124,0.0051893169749124,0.0,0.0,0.0,99.99999481063114,5.189368868601124e-08,0,0,0
2026-01-01 00:30:00,16,0.003164077067654,0.003164077067654,0.003164077067654,0.0,0.0,0.0,99.9999968358913,3.164108708741183e-08,0,0,0
2026-01-01 00:30:00,17,0.0119977668866669,0.0119977668866669,0.0119977668866669,0.0,0.0,0.0,99.99998800211313,1.1997886865535565e-07,0,0,0
2026-01-01 00:30:00,18,0.0090046987655902,0.0090046987655902,0.0090046987655902,0.0,0.0,0.0,99.99999099521119,9.00478881347838e-08,0,0,0
2026-01-01 00:30:00,19,0.0060044967361672,0.0060044967361672,0.0060044967361672,0.0,0.0,0.0,99.99999399544322,6.004556781735079e-08,0,0,0
2026-01-01 00:30:00,20,0.0030028861052588,0.0030028861052588,0.0030028861052588,0.0,0.0,0.0,99.99999699708387,3.002916134420196e-08,0,0,0
2026-01-01 00:30:00,21,0.0319133005057723,0.0319133005057723,0.0319133005057723,0.0,0.0,0.0,99.99996808638036,3.1913619641968773e-07,0,0,0
2026-01-01 00:30:00,22,0.0287543782658238,0.0287543782658238,0.0287543782658238,0.0,0.0,0.0,99.9999712453342,2.8754665812482016e-07,0,0,0
2026-01-01 00:30:00,23,0.0143932122736855,0.0143932122736855,0.0143932122736855,0.0,0.0,0.0,99.99998560664379,1.4393356207247632e-07,0,0,0
2026-01-01 00:30:00,24,0.0422037429449382,0.0422037429449382,0.0422037429449382,0.0,0.0,0.0,99.99995779583502,4.220416498658815e-07,0,0,0
2026-01-01 00:30:00,25,0.0403363779412121,0.0403363779412121,0.0403363779412121,0.0,0.0,0.0,99.99995966321869,4.033678130902527e-07,0,0,0
2026-01-01 00:30:00,26,0.0384839305810556,0.0384839305810556,0.0384839305810556,0.0,0.0,0.0,99.99996151568457,3.848431542420987e-07,0,0,0
2026-01-01 00:30:00,27,0.0367595088390735,0.0367595088390735,0.0367595088390735,0.0,0.0,0.0,99.99996324012356,3.6759876437837893e-07,0,0,0
2026-01-01 00:30:00,28,0.0326247956648125,0.0326247956648125,0.0326247956648125,0.0,0.0,0.0,99.99996737487808,3.2625121916031674e-07,0,0,0
2026-01-01 00:30:00,29,0.0150439701807689,0.0150439701807689,0.0150439701807689,0.0,0.0,0.0,99.99998495587938,1.504412062197514e-07,0,0,0
2026-01-01 00:30:00,30,0.0097461285223625,0.0097461285223625,0.0097461285223625,0.0,0.0,0.0,99.99999025377402,9.746225984622376e-08,0,0,0
2026-01-01 00:30:00,31,0.0023111492342441,0.0023111492342441,0.0023111492342441,0.0,0.0,0.0,99.99999768882765,2.3111723459676465e-08,0,0,0
2026-01-01 00:30:00,32,0.0,0.0,0.0,0.0,0.0,0.0,100.0,0.0,0,0,0
2026-01-01 00:30:00,33,0.0,0.0,0.0,0.0,0.0,0.0,100.0,0.0,0,0,0
2026-01-01 00:30:00,34,0.0,0.0,0.0,0.0,0.0,0.0,100.0,0.0,0,0,0
2026-01-01 00:30:00,35,0.0,0.0,0.0,0.0,0.0,0.0,100.0,0.0,0,0,0
2026-01-01 00:30:00,36,0.0,0.0,0.0,0.0,0.0,0.0,100.0,0.0,0,0,0
2026-01-01 00:45:00,0,0.138283402868287,0.138283402868287,0.138283402868287,0.0,0.0,0.0,99.99986171521428,1.382847857161e-06,0,0,0
2026-01-01 00:45:00,1,0.1227430059982362,0.1227430059982362,0.1227430059982362,0.0,0.0,0.0,99.99987725576656,1.2274423344049998e-06,0,0,0
2026-01-01 00:45:00,2,0.0878890681166369,0.0878890681166369,0.0878890681166369,0.0,0.0,0.0,99.99991211005299,8.788994701610715e-07,0,0,0
2026-01-01 00:45:00,3,0.0834115762116809,0.0834115762116809,0.0834115762116809,0.0,0.0,0.0,99.99991658758967,8.341241033578428e-07,0,0,0
2026-01-01 00:45:00,4,0.0813444962085824,0.0813444962085823,0.08134449620858236,9.71445146547012e-17,9.71445146547012e-17,1.1942357164920843e-15,99.99991865469033,8.134530966167902e-07,0,0,0
2026-01-01 00:45:00,5,0.0381214107102285,0.0381214107102285,0.0381214107102285,0.0,0.0,0.0,99.99996187820807,3.8121791928147825e-07,0,0,0
2026-01-01 00:45:00,6,0.0310398592795141,0.0310398592795141,0.0310398592795141,0.0,0.0,0.0,99.99996895983031,3.104016968121094e-07,0,0,0
2026-01-01 00:45:00,7,0.0239359286810847,0.0239359286810847,0.0239359286810847,0.0,0.0,0.0,99.99997606383195,2.393616804276519e-07,0,0,0
2026-01-01 00:45:00,8,0.0219308802623979,0.0219308802623979,0.0219308802623979,0.0,0.0,0.0,99.99997806890043,2.1931099573393664e-07,0,0,0
2026-01-01 00:45:00,9,0.0199204424365477,0.0199204424365477,0.0199204424365477,0.0,0.0,0.0,99.99998007935835,1.992064164296419e-07,0,0,0
2026-01-01 00:45:00,10,0.0182033775603588,0.0182033775603588,0.0182033775603588,0.0,0.0,0.0,99.99998179644041,1.8203559595954795e-07,0,0,0
2026-01-01 00:45:00,11,0.0159834775546412,0.0159834775546412,0.0159834775546412,0.0,0.0,0.0,99.9999840163626,1.598363739101518e-07,0,0,0
2026-01-01 00:45:00,12,0.0137576202681678,0.0137576202681678,0.0137576202681678,0.0,0.0,0.0,99.99998624224216,1.3757757845746295e-07,0,0,0
2026-01-01 00:45:00,13,0.0092106793006714,0.0092106793006714,0.0092106793006714,0.0,0.0,0.0,99.99999078922859,9.210771408385522e-08,0,0,0
2026-01-01 00:45:00,14,0.0072761512957468,0.0072761512957468,0.0072761512957468,0.0,0.0,0.0,99.99999272377595,7.276224057987472e-08,0,0,0
2026-01-01 00:45:00,15,0.0052333737356481,0.0052333737356481,0.0052333737356481,0.0,0.0,0.0,99.99999476657393,5.233426069908824e-08,0,0,0
2026-01-01 00:45:00,16,0.0031909444473586,0.0031909444473586,0.0031909444473586,0.0,0.0,0.0,99.99999680902364,3.190976357122227e-08,0,0,0
2026-01-01 00:45:00,17,0.0120940206271029,0.0120940206271029,0.0120940206271029,0.0,0.0,0.0,99.99998790585843,1.2094141568518594e-07,0,0,0
2026-01-01 00:45:00,18,0.0090769919645957,0.0090769919645957,0.0090769919645957,0.0,0.0,0.0,99.99999092291726,9.077082735423097e-08,0,0,0
2026-01-01 00:45:00,19,0.0060527142561299,0.0060527142561299,0.0060527142561299,0.0,0.0,0.0,99.99999394722522,6.052774783877743e-08,0,0,0
2026-01-01 00:45:00,20,0.0030270051785917,0.0030270051785917,0.0030270051785917,0.0,0.0,0.0,99.99999697296455,3.027035448946214e-08,0,0,0
2026-01-01 00:45:00,21,0.0321731486762244,0.0321731486762244,0.0321731486762244,0.0,0.0,0.0,99.99996782652958,3.217347041092856e-07,0,0,0
2026-01-01 00:45:00,22,0.0289886364467206,0.0289886364467206,0.0289886364467206,0.0,0.0,0.0,99.99997101107367,2.8988926335984007e-07,0,0,0
2026-01-01 00:45:00,23,0.0145106062609527,0.0145106062609527,0.0145106062609527,0.0,0.0,0.0,99.99998548924863,1.4510751368466397e-07,0,0,0
2026-01-01 00:45:00,24,0.0425595853164745,0.0425595853164745,0.0425595853164745,0.0,0.0,0.0,99.99995743998909,4.256001091658367e-07,0,0,0
2026-01-01 00:45:00,25,0.0406767362956059,0.0406767362956059,0.0406767362956059,0.0,0.0,0.0,99.99995932285694,4.067714306703661e-07,0,0,0
2026-01-01 00:45:00,26,0.0388089007710838,0.0388089007710838,0.0388089007710838,0.0,0.0,0.0,99.99996119071113,3.880928886397246e-07,0,0,0
2026-01-01 00:45:00,27,0.0370700372619788,0.0370700372619788,0.0370700372619788,0.0,0.0,0.0,99.99996292959203,3.70704079660585e-07,0,0,0
2026-01-01 00:45:00,28,0.0329005124498457,0.0329005124498457,0.0329005124498457,0.0,0.0,0.0,99.99996709915854,3.290084145826033e-07,0,0,0
2026-01-01 00:45:00,29,0.0151713370241022,0.0151713370241022,0.0151713370241022,0.0,0.0,0.0,99.99998482851126,1.5171488738989643e-07,0,0,0
2026-01-01 00:45:00,30,0.009828663105732,0.009828663105732,0.009828663105732,0.0,0.0,0.0,99.99999017123861,9.828761393345946e-08,0,0,0
2026-01-01 00:45:00,31,0.0023307242079154,0.0023307242079154,0.0023307242079154,0.0,0.0,0.0,99.99999766925248,2.330747515390578e-08,0,0,0
2026-01-01 00:45:00,32,0.0,0.0,0.0,0.0,0.0,0.0,100.0,0.0,0,0,0
2026-01-01 00:45:00,33,0.0,0.0,0.0,0.0,0.0,0.0,100.0,0.0,0,0,0
2026-01-01 00:45:00,34,0.0,0.0,0.0,0.0,0.0,0.0,100.0,0.0,0,0,0
2026-01-01 00:45:00,35,0.0,0.0,0.0,0.0,0.0,0.0,100.0,0.0,0,0,0
2026-01-01 00:45:00,36,0.0,0.0,0.0,0.0,0.0,0.0,100.0,0.0,0,0,0
2026-01-01 01:00:00,0,0.1218047930959503,0.1218047930959503,0.1218047930959503,0.0,0.0,0.0,99.99987819398885,1.21806011156e-06,0,0,0
2026-01-01 01:00:00,1,0.1080634720664389,0.1080634720664389,0.1080634720664389,0.0,0.0,0.0,99.9998919354473,1.080645527119e-06,0,0,0
2026-01-01 01:00:00,2,0.0772972550731049,0.0772972550731049,0.0772972550731049,0.0,0.0,0.0,99.99992270197194,7.729802805338547e-07,0,0,0
2026-01-01 01:00:00,3,0.0733440419153782,0.0733440419153782,0.0733440419153782,0.0,0.0,0.0,99.99992665522464,7.334477536313185e-07,0,0,0
2026-01-01 01:00:00,4,0.0715200358724973,0.0715200358724973,0.0715200358724973,0.0,0.0,0.0,99.99992847924892,7.15207510800081e-07,0,0,0
2026-01-01 01:00:00,5,0.0335279464834617,0.0335279464834617,0.0335279464834617,0.0,0.0,0.0,99.99996647171824,3.352828176627944e-07,0,0,0
2026-01-01 01:00:00,6,0.0272907662464963,0.0272907662464963,0.0272907662464963,0.0,0.0,0.0,99.99997270896084,2.7291039156887936e-07,0,0,0
2026-01-01 01:00:00,7,0.0210364597247001,0.0210364597247001,0.0210364597247001,0.0,0.0,0.0,99.99997896332991,2.1036670091401053e-07,0,0,0
2026-01-01 01:00:00,8,0.0192720871336543,0.0192720871336543,0.0192720871336543,0.0,0.0,0.0,99.99998072772014,1.9272279856452947e-07,0,0,0
2026-01-01 01:00:00,9,0.0175038675525894,0.0175038675525894,0.0175038675525894,0.0,0.0,0.0,99.99998249595741,1.7504042593015345e-07,0,0,0
2026-01-01 01:00:00,10,0.0159938676713044,0.0159938676713044,0.0159938676713044,0.0,0.0,0.0,99.9999840059724,1.5994027611580553e-07,0,0,0
2026-01-01 01:00:00,11,0.0140419130504119,0.0140419130504119,0.0140419130504119,0.0,0.0,0.0,99.99998595794654,1.404205347094665e-07,0,0,0
2026-01-01 01:00:00,12,0.0120857476274565,0.0120857476274565,0.0120857476274565,0.0,0.0,0.0,99.99998791413151,1.2085868486141422e-07,0,0,0
2026-01-01 01:00:00,13,0.008090545044844,0.008090545044844,0.008090545044844,0.0,0.0,0.0,99.99999190937405,8.090625951103514e-08,0,0,0
2026-01-01 01:00:00,14,0.0063908909217498,0.0063908909217498,0.0063908909217498,0.0,0.0,0.0,99.99999360904516,6.390954831298191e-08,0,0,0
2026-01-01 01:00:00,15,0.0045963716669262,0.0045963716669262,0.0045963716669262,0.0,0.0,0.0,99.99999540358237,4.596417631102582e-08,0,0,0
2026-01-01 01:00:00,16,0.0028024859403908,0.0028024859403908,0.0028024859403908,0.0,0.0,0.0,99.99999719748604,2.8025139655304723e-08,0,0,0
2026-01-01 01:00:00,17,0.0106931601385201,0.0106931601385201,0.0106931601385201,0.0,0.0,0.0,99.99998930673293,1.0693267071190867e-07,0,0,0
2026-01-01 01:00:00,18,0.0080249306701563,0.0080249306701563,0.0080249306701563,0.0,0.0,0.0,99.99999197498909,8.02501092026554e-08,0,0,0
2026-01-01 01:00:00,19,0.0053510366396349,0.0053510366396349,0.0053510366396349,0.0,0.0,0.0,99.99999464890985,5.351090150536455e-08,0,0,0
2026-01-01 01:00:00,20,0.0026760244865215,0.0026760244865215,0.0026760244865215,0.0,0.0,0.0,99.99999732394875,2.6760512470339843e-08,0,0,0
2026-01-01 01:00:00,21,0.0283976400574056,0.0283976400574056,0.0283976400574056,0.0,0.0,0.0,99.99997160207596,2.839792403664606e-07,0,0,0
2026-01-01 01:00:00,22,0.0255851528565801,0.0255851528565801,0.0255851528565801,0.0,0.0,0.0,99.99997441459129,2.5585408710667264e-07,0,0,0
2026-01-01 01:00:00,23,0.0128052332329306,0.0128052332329306,0.0128052332329306,0.0,0.0,0.0,99.99998719463872,1.280536128654356e-07,0,0,0
2026-01-01 01:00:00,24,0.03741038266992,0.03741038266992,0.03741038266992,0.0,0.0,0.0,99.99996258924322,3.7410756777487804e-07,0,0,0
2026-01-01 01:00:00,25,0.0357520344619617,0.0357520344619617,0.0357520344619617,0.0,0.0,0.0,99.99996424760802,3.575239198588163e-07,0,0,0
2026-01-01 01:00:00,26,0.0341072626955564,0.0341072626955565,0.03410726269555645,-9.71445146547012e-17,9.71445146547012e-17,2.8482052939799313e-15,99.99996589239623,3.4107603771594216e-07,0,0,0
2026-01-01 01:00:00,27,0.0325775450021628,0.0325775450021628,0.0325775450021628,0.0,0.0,0.0,99.99996742212922,3.257787078087063e-07,0,0,0
2026-01-01 01:00:00,28,0.0289118486560842,0.0289118486560842,0.0289118486560842,0.0,0.0,0.0,99.99997108786222,2.8912137777461994e-07,0,0,0
2026-01-01 01:00:00,29,0.0133291722937299,0.0133291722937299,0.0133291722937299,0.0,0.0,0.0,99.99998667069441,1.3329305586785774e-07,0,0,0
2026-01-01 01:00:00,30,0.008634963671488,0.008634963671488,0.008634963671488,0.0,0.0,0.0,99.99999136494998,8.63505002198824e-08,0,0,0
2026-01-01 01:00:00,31,0.0020476163189947,0.0020476163189947,0.0020476163189947,0.0,0.0,0.0,99.9999979523632,2.047636795362751e-08,0,0,0
2026-01-01 01:00:00,32,0.0,0.0,0.0,0.0,0.0,0.0,100.0,0.0,0,0,0
2026-01-01 01:00:00,33,0.0,0.0,0.0,0.0,0.0,0.0,100.0,0.0,0,0,0
2026-01-01 01:00:00,34,0.0,0.0,0.0,0.0,0.0,0.0,100.0,0.0,0,0,0
2026-01-01 01:00:00,35,0.0,0.0,0.0,0.0,0.0,0.0,100.0,0.0,0,0,0
2026-01-01 01:00:00,36,0.0,0.0,0.0,0.0,0.0,0.0,100.0,0.0,0,0,0
2026-01-01 01:15:00,0,0.1255818668862566,0.1255818668862566,0.1255818668862566,0.0,0.0,0.0,99.99987441687728,1.255831227174e-06,0,0,0
2026-01-01 01:15:00,1,0.1114268821794182,0.1114268821794182,0.1114268821794182,0.0,0.0,0.0,99.99988857200354,1.114279964593e-06,0,0,0
2026-01-01 01:15:00,2,0.0797220523487059,0.0797220523487059,0.0797220523487059,0.0,0.0,0.0,99.99992027715042,7.972284957720176e-07,0,0,0
2026-01-01 01:15:00,3,0.0756484368512269,0.0756484368512269,0.0756484368512269,0.0,0.0,0.0,99.99992435080665,7.564919334316037e-07,0,0,0
2026-01-01 01:15:00,4,0.0737686336060173,0.0737686336060173,0.0737686336060173,0.0,0.0,0.0,99.9999262306287,7.376937129973035e-07,0,0,0
2026-01-01 01:15:00,5,0.0345795567147212,0.0345795567147212,0.0345795567147212,0.0,0.0,0.0,99.99996542009748,3.4579902513746354e-07,0,0,0
2026-01-01 01:15:00,6,0.0281488432735109,0.0281488432735109,0.0281488432735109,0.0,0.0,0.0,99.99997185087524,2.8149124764758584e-07,0,0,0
2026-01-01 01:15:00,7,0.0216998651898666,0.0216998651898666,0.0216998651898666,0.0,0.0,0.0,99.99997829991781,2.1700082190688529e-07,0,0,0
2026-01-01 01:15:00,8,0.0198803694222246,0.0198803694222246,0.0198803694222246,0.0,0.0,0.0,99.99998011943177,1.9880568227906903e-07,0,0,0
2026-01-01 01:15:00,9,0.0180566961349023,0.0180566961349023,0.0180566961349023,0.0,0.0,0.0,99.9999819431233,1.805687670366941e-07,0,0,0
2026-01-01 01:15:00,10,0.0164992954727585,0.0164992954727585,0.0164992954727585,0.0,0.0,0.0,99.99998350053953,1.6499460467363183e-07,0,0,0
2026-01-01 01:15:00,11,0.0144860097005171,0.0144860097005171,0.0144860097005171,0.0,0.0,0.0,99.99998551384544,1.4486154562062817e-07,0,0,0
2026-01-01 01:15:00,12,0.0124681398267182,0.0124681398267182,0.0124681398267182,0.0,0.0,0.0,99.99998753173548,1.2468264509363315e-07,0,0,0
2026-01-01 01:15:00,13,0.0083467219936533,0.0083467219936533,0.0083467219936533,0.0,0.0,0.0,99.99999165319454,8.346805461707991e-08,0,0,0
2026-01-01 01:15:00,14,0.0065933416934142,0.0065933416934142,0.0065933416934142,0.0,0.0,0.0,99.99999340659237,6.593407627490494e-08,0,0,0
2026-01-01 01:15:00,15,0.0047420410351444,0.0047420410351444,0.0047420410351444,0.0,0.0,0.0,99.99999525791155,4.742088456029016e-08,0,0,0
2026-01-01 01:15:00,16,0.0028913168762445,0.0028913168762445,0.0028913168762445,0.0,0.0,0.0,99.99999710865421,2.8913457897024053e-08,0,0,0
2026-01-01 01:15:00,17,0.0110152436305712,0.0110152436305712,0.0110152436305712,0.0,0.0,0.0,99.99998898464622,1.1015353784109046e-07,0,0,0
2026-01-01 01:15:00,18,0.0082668033348205,0.0082668033348205,0.0082668033348205,0.0,0.0,0.0,99.999991733114,8.266886003680569e-08,0,0,0
2026-01-01 01:15:00,19,0.0055123515102865,0.0055123515102865,0.0055123515102865,0.0,0.0,0.0,99.99999448759337,5.5124066343528974e-08,0,0,0
2026-01-01 01:15:00,20,0.0027567129827868,0.0027567129827868,0.0027567129827868,0.0,0.0,0.0,99.99999724325944,2.7567405501923383e-08,0,0,0
2026-01-01 01:15:00,21,0.0292645106240593,0.0292645106240593,0.0292645106240593,0.0,0.0,0.0,99.99997073519673,2.926480327209203e-07,0,0,0
2026-01-01 01:15:00,22,0.0263665651215403,0.0263665651215403,0.0263665651215403,0.0,0.0,0.0,99.99997363317121,2.6366828789828274e-07,0,0,0
2026-01-01 01:15:00,23,0.0131967318497905,0.0131967318497905,0.0131967318497905,0.0,0.0,0.0,99.99998680313618,1.3196863818428765e-07,0,0,0
2026-01-01 01:15:00,24,0.0385886906558618,0.0385886906558618,0.0385886906558618,0.0,0.0,0.0,99.99996141092345,3.8589076546627294e-07,0,0,0
2026-01-01 01:15:00,25,0.0368788861823697,0.0368788861823697,0.0368788861823697,0.0,0.0,0.0,99.99996312074502,3.6879254974919476e-07,0,0,0
2026-01-01 01:15:00,26,0.0351829962292035,0.0351829962292035,0.0351829962292035,0.0,0.0,0.0,99.99996481665194,3.5183348062684193e-07,0,0,0
2026-01-01 01:15:00,27,0.0336053876284192,0.0336053876284191,0.03360538762841915,9.71445146547012e-17,9.71445146547012e-17,2.8907414138896734e-15,99.99996639427631,3.3605723685656057e-07,0,0,0
2026-01-01 01:15:00,28,0.029824382605026,0.029824382605026,0.029824382605026,0.0,0.0,0.0,99.99997017531915,2.982468085183461e-07,0,0,0
2026-01-01 01:15:00,29,0.0137505523598067,0.0137505523598066,0.013750552359806649,9.8879238130678e-17,9.8879238130678e-17,7.190923217780892e-15,99.99998624931014,1.3750689866705368e-07,0,0,0
2026-01-01 01:15:00,30,0.0089080059125027,0.0089080059125027,0.0089080059125027,0.0,0.0,0.0,99.999991091905,8.908094993452734e-08,0,0,0
2026-01-01 01:15:00,31,0.0021123723275574,0.0021123723275574,0.0021123723275574,0.0,0.0,0.0,99.99999788760655,2.1123934514919898e-08,0,0,0
2026-01-01 01:15:00,32,0.0,0.0,0.0,0.0,0.0,0.0,100.0,0.0,0,0,0
2026-01-01 01:15:00,33,0.0,0.0,0.0,0.0,0.0,0.0,100.0,0.0,0,0,0
2026-01-01 01:15:00,34,0.0,0.0,0.0,0.0,0.0,0.0,100.0,0.0,0,0,0
2026-01-01 01:15:00,35,0.0,0.0,0.0,0.0,0.0,0.0,100.0,0.0,0,0,0
2026-01-01 01:15:00,36,0.0,0.0,0.0,0.0,0.0,0.0,100.0,0.0,0,0,0
2026-01-01 01:30:00,0,0.1338654215325446,0.1338654215325446,0.1338654215325446,0.0,0.0,0.0,99.9998661332398,1.3386676020010001e-06,0,0,0
2026-01-01 01:30:00,1,0.118805921572558,0.118805921572558,0.118805921572558,0.0,0.0,0.0,99.99988119289036,1.188071096436e-06,0,0,0
2026-01-01 01:30:00,2,0.0850460627577234,0.0850460627577234,0.0850460627577234,0.0,0.0,0.0,99.99991495308677,8.50469132268557e-07,0,0,0
2026-01-01 01:30:00,3,0.0807088735213858,0.0807088735213858,0.0807088735213858,0.0,0.0,0.0,99.99991929031938,8.070968061819206e-07,0,0,0
2026-01-01 01:30:00,4,0.0787068711484072,0.0787068711484072,0.0787068711484072,0.0,0.0,0.0,99.99992129234178,7.870765822498953e-07,0,0,0
2026-01-01 01:30:00,5,0.0368884793495351,0.0368884793495351,0.0368884793495351,0.0,0.0,0.0,99.99996311115176,3.6888848238017535e-07,0,0,0
2026-01-01 01:30:00,6,0.0300333137023318,0.0300333137023318,0.0300333137023318,0.0,0.0,0.0,99.99996996638596,3.003361403847224e-07,0,0,0
2026-01-01 01:30:00,7,0.0231572497719198,0.0231572497719198,0.0231572497719198,0.0,0.0,0.0,99.99997684251865,2.3157481346733364e-07,0,0,0
2026-01-01 01:30:00,8,0.0212167745382673,0.0212167745382673,0.0212167745382673,0.0,0.0,0.0,99.99997878301329,2.1216986708134398e-07,0,0,0
2026-01-01 01:30:00,9,0.0192713491121818,0.0192713491121818,0.0192713491121818,0.0,0.0,0.0,99.99998072845817,1.9271541827600097e-07,0,0,0
2026-01-01 01:30:00,10,0.0176098668254403,0.0176098668254403,0.0176098668254403,0.0,0.0,0.0,99.99998238995707,1.7610042925869563e-07,0,0,0
2026-01-01 01:30:00,11,0.0154618984650624,0.0154618984650624,0.0154618984650624,0.0,0.0,0.0,99.99998453794691,1.5462053085593337e-07,0,0,0
2026-01-01 01:30:00,12,0.0133084710992139,0.0133084710992139,0.0133084710992139,0.0,0.0,0.0,99.99998669139582,1.330860418525583e-07,0,0,0
2026-01-01 01:30:00,13,0.0089097312388112,0.0089097312388112,0.0089097312388112,0.0,0.0,0.0,99.99999109017966,8.909820337014664e-08,0,0,0
2026-01-01 01:30:00,14,0.0070382959420022,0.0070382959420022,0.0070382959420022,0.0,0.0,0.0,99.99999296163368,7.03836632566552e-08,0,0,0
2026-01-01 01:30:00,15,0.0050622134603887,0.0050622134603887,0.0050622134603887,0.0,0.0,0.0,99.99999493773592,5.0622640830295855e-08,0,0,0
2026-01-01 01:30:00,16,0.0030865652495644,0.0030865652495644,0.0030865652495644,0.0,0.0,0.0,99.99999691340389,3.086596115525598e-08,0,0,0
2026-01-01 01:30:00,17,0.0117195475579663,0.0117195475579663,0.0117195475579663,0.0,0.0,0.0,99.99998828033524,1.1719664754613864e-07,0,0,0
2026-01-01 01:30:00,18,0.0087957415090159,0.0087957415090159,0.0087957415090159,0.0,0.0,0.0,99.99999120417053,8.795829467310639e-08,0,0,0
2026-01-01 01:30:00,19,0.0058651291531187,0.0058651291531187,0.0058651291531187,0.0,0.0,0.0,99.9999941348122,5.8651878049967806e-08,0,0,0
2026-01-01 01:30:00,20,0.0029331729718735,0.0029331729718735,0.0029331729718735,0.0,0.0,0.0,99.99999706679769,2.9332023038966134e-08,0,0,0
2026-01-01 01:30:00,21,0.0311625746198175,0.0311625746198175,0.0311625746198175,0.0,0.0,0.0,99.99996883711376,3.1162886248680084e-07,0,0,0
2026-01-01 01:30:00,22,0.0280775963486093,0.0280775963486094,0.028077596348609353,-1.0061396160665481e-16,1.0061396160665481e-16,3.583423756193444e-15,99.99997192212287,2.8077877127380673e-07,0,0,0
2026-01-01 01:30:00,23,0.014054068468422,0.014054068468422,0.014054068468422,0.0,0.0,0.0,99.999985945791,1.405420901051219e-07,0,0,0
2026-01-01 01:30:00,24,0.0411768962716074,0.0411768962716073,0.04117689627160735,1.0408340855860843e-16,1.0408340855860843e-16,2.5277131767030486e-15,99.99995882269195,4.117730804468785e-07,0,0,0
2026-01-01 01:30:00,25,0.0393542385943104,0.0393542385943104,0.0393542385943104,0.0,0.0,0.0,99.99996064536786,3.9354632140631813e-07,0,0,0
2026-01-01 01:30:00,26,0.0375462189720462,0.0375462189720462,0.0375462189720462,0.0,0.0,0.0,99.99996245340556,3.754659443799059e-07,0,0,0
2026-01-01 01:30:00,27,0.0358634811931061,0.035863481193106,0.03586348119310605,1.0408340855860843e-16,1.0408340855860843e-16,2.902210718922311e-15,99.99996413616017,3.5863839831504416e-07,0,0,0
2026-01-01 01:30:00,28,0.0318292285580871,0.0318292285580871,0.0318292285580871,0.0,0.0,0.0,99.99996817045314,3.182954685355569e-07,0,0,0
2026-01-01 01:30:00,29,0.0146764820437843,0.0146764820437843,0.0146764820437843,0.0,0.0,0.0,99.99998532337119,1.4676628810072428e-07,0,0,0
2026-01-01 01:30:00,30,0.0095079958046,0.0095079958046,0.0095079958046,0.0,0.0,0.0,99.99999049190912,9.50809088550886e-08,0,0,0
2026-01-01 01:30:00,31,0.0022546708999939,0.0022546708999939,0.0022546708999939,0.0,0.0,0.0,99.99999774530656,2.2546934469283972e-08,0,0,0
2026-01-01 01:30:00,32,0.0,0.0,0.0,0.0,0.0,0.0,100.0,0.0,0,0,0
2026-01-01 01:30:00,33,0.0,0.0,0.0,0.0,0.0,0.0,100.0,0.0,0,0,0
2026-01-01 01:30:00,34,0.0,0.0,0.0,0.0,0.0,0.0,100.0,0.0,0,0,0
2026-01-01 01:30:00,35,0.0,0.0,0.0,0.0,0.0,0.0,100.0,0.0,0,0,0
2026-01-01 01:30:00,36,0.0,0.0,0.0,0.0,0.0,0.0,100.0,0.0,0,0,0
2026-01-01 01:45:00,0,0.131464631388135,0.131464631388135,0.131464631388135,0.0,0.0,0.0,99.99986853405396,1.3146594604750002e-06,0,0,0
2026-01-01 01:45:00,1,0.1166669014360999,0.1166669014360999,0.1166669014360999,0.0,0.0,0.0,99.99988333193188,1.166680681167e-06,0,0,0
2026-01-01 01:45:00,2,0.0835021525646462,0.0835021525646462,0.0835021525646462,0.0,0.0,0.0,99.9999164970124,8.350298759452214e-07,0,0,0
2026-01-01 01:45:00,3,0.0792412854130752,0.0792412854130752,0.0792412854130752,0.0,0.0,0.0,99.99992075792217,7.924207783385359e-07,0,0,0
2026-01-01 01:45:00,4,0.0772746753215147,0.0772746753215147,0.0772746753215147,0.0,0.0,0.0,99.99992272455192,7.727544807599553e-07,0,0,0
2026-01-01 01:45:00,5,0.0362189212700271,0.0362189212700271,0.0362189212700271,0.0,0.0,0.0,99.99996378071654,3.621928346286182e-07,0,0,0
2026-01-01 01:45:00,6,0.0294867747109192,0.0294867747109192,0.0294867747109192,0.0,0.0,0.0,99.99997051293042,2.9487069581615047e-07,0,0,0
2026-01-01 01:45:00,7,0.0227345123676416,0.0227345123676416,0.0227345123676416,0.0,0.0,0.0,99.99997726526028,2.2734739715038846e-07,0,0,0
2026-01-01 01:45:00,8,0.0208291125997565,0.0208291125997565,0.0208291125997565,0.0,0.0,0.0,99.99997917067911,2.0829320892965435e-07,0,0,0
2026-01-01 01:45:00,9,0.0189189933770809,0.0189189933770809,0.0189189933770809,0.0,0.0,0.0,99.99998108081743,1.8919182568906683e-07,0,0,0
2026-01-01 01:45:00,10,0.0172876945701219,0.0172876945701219,0.0172876945701219,0.0,0.0,0.0,99.99998271213255,1.728786744879644e-07,0,0,0
2026-01-01 01:45:00,11,0.0151787857360396,0.0151787857360396,0.0151787857360396,0.0,0.0,0.0,99.99998482106247,1.5178937525414868e-07,0,0,0
2026-01-01 01:45:00,12,0.0130646794097318,0.0130646794097318,0.0130646794097318,0.0,0.0,0.0,99.99998693518994,1.306481005783238e-07,0,0,0
2026-01-01 01:45:00,13,0.0087463882520671,0.0087463882520671,0.0087463882520671,0.0,0.0,0.0,99.99999125352429,8.746475716824315e-08,0,0,0
2026-01-01 01:45:00,14,0.0069092006873643,0.0069092006873643,0.0069092006873643,0.0,0.0,0.0,99.99999309073021,6.909269780062185e-08,0,0,0
2026-01-01 01:45:00,15,0.0049693192369516,0.0049693192369516,0.0049693192369516,0.0,0.0,0.0,99.99999503063107,4.969368930640917e-08,0,0,0
2026-01-01 01:45:00,16,0.0030299157991224,0.0030299157991224,0.0030299157991224,0.0,0.0,0.0,99.9999969700539,3.02994609858339e-08,0,0,0
2026-01-01 01:45:00,17,0.0115157141324938,0.0115157141324938,0.0115157141324938,0.0,0.0,0.0,99.99998848417071,1.1515829290786744e-07,0,0,0
2026-01-01 01:45:00,18,0.0086426563396349,0.0086426563396349,0.0086426563396349,0.0,0.0,0.0,99.99999135725723,8.642742767062632e-08,0,0,0
2026-01-01 01:45:00,19,0.0057630273478202,0.0057630273478202,0.0057630273478202,0.0,0.0,0.0,99.99999423691501,5.763084978670023e-08,0,0,0
2026-01-01 01:45:00,20,0.002882101014124,0.002882101014124,0.002882101014124,0.0,0.0,0.0,99.99999711787017,2.8821298354224036e-08,0,0,0
2026-01-01 01:45:00,21,0.0306129041691351,0.0306129041691351,0.0306129041691351,0.0,0.0,0.0,99.9999693867897,3.061321030123819e-07,0,0,0
2026-01-01 01:45:00,22,0.0275820779467509,0.0275820779467509,0.0275820779467509,0.0,0.0,0.0,99.99997241764623,2.758235377028861e-07,0,0,0
2026-01-01 01:45:00,23,0.0138057697735007,0.0138057697735007,0.0138057697735007,0.0,0.0,0.0,99.99998619409217,1.3805907832579124e-07,0,0,0
2026-01-01 01:45:00,24,0.0404261930524258,0.0404261930524258,0.0404261930524258,0.0,0.0,0.0,99.99995957340268,4.0426597318399055e-07,0,0,0
2026-01-01 01:45:00,25,0.0386362436581522,0.0386362436581522,0.0386362436581522,0.0,0.0,0.0,99.99996136336998,3.863663002445249e-07,0,0,0
2026-01-01 01:45:00,26,0.0368607252263601,0.0368607252263601,0.0368607252263601,0.0,0.0,0.0,99.99996313890617,3.686109383729851e-07,0,0,0
2026-01-01 01:45:00,27,0.0352084706359691,0.0352084706359691,0.0352084706359691,0.0,0.0,0.0,99.99996479117728,3.5208822724196433e-07,0,0,0
2026-01-01 01:45:00,28,0.0312476670561043,0.0312476670561043,0.0312476670561043,0.0,0.0,0.0,99.99996875202046,3.1247979535899713e-07,0,0,0
2026-01-01 01:45:00,29,0.0144078685071125,0.0144078685071125,0.0144078685071125,0.0,0.0,0.0,99.99998559198741,1.440801258723847e-07,0,0,0
2026-01-01 01:45:00,30,0.009333935877877,0.009333935877877,0.009333935877877,0.0,0.0,0.0,99.99999066597078,9.33402921816927e-08,0,0,0
2026-01-01 01:45:00,31,0.0022133891073304,0.0022133891073304,0.0022133891073304,0.0,0.0,0.0,99.99999778658876,2.21341124144291e-08,0,0,0
2026-01-01 01:45:00,32,0.0,0.0,0.0,0.0,0.0,0.0,100.0,0.0,0,0,0
2026-01-01 01:45:00,33,0.0,0.0,0.0,0.0,0.0,0.0,100.0,0.0,0,0,0
2026-01-01 01:45:00,34,0.0,0.0,0.0,0.0,0.0,0.0,100.0,0.0,0,0,0
2026-01-01 01:45:00,35,0.0,0.0,0.0,0.0,0.0,0.0,100.0,0.0,0,0,0
2026-01-01 01:45:00,36,0.0,0.0,0.0,0.0,0.0,0.0,100.0,0.0,0,0,0
2026-01-01 02:00:00,0,0.1333698971397747,0.1333698971397747,0.1333698971397747,0.0,0.0,0.0,99.99986662876915,1.33371230852e-06,0,0,0
2026-01-01 02:00:00,1,0.1183644010803722,0.1183644010803722,0.1183644010803722,0.0,0.0,0.0,99.99988163441526,1.1836558473619999e-06,0,0,0
2026-01-01 02:00:00,2,0.0847273403644635,0.0847273403644634,0.08472734036446344,9.71445146547012e-17,9.71445146547012e-17,1.1465543798646363e-15,99.99991527181236,8.472818764633997e-07,0,0,0
2026-01-01 02:00:00,3,0.0804058994626598,0.0804058994626598,0.0804058994626598,0.0,0.0,0.0,99.99991959329647,8.040670352969515e-07,0,0,0
2026-01-01 02:00:00,4,0.0784112004520153,0.0784112004520153,0.0784112004520153,0.0,0.0,0.0,99.99992158801543,7.841198457186107e-07,0,0,0
2026-01-01 02:00:00,5,0.0367502573198364,0.0367502573198364,0.0367502573198364,0.0,0.0,0.0,99.99996324937517,3.6750624826084717e-07,0,0,0
2026-01-01 02:00:00,6,0.0299204829491193,0.0299204829491193,0.0299204829491193,0.0,0.0,0.0,99.99997007921785,2.9920782156940946e-07,0,0,0
2026-01-01 02:00:00,7,0.0230699731340148,0.0230699731340148,0.0230699731340148,0.0,0.0,0.0,99.99997692979616,2.3070203836053232e-07,0,0,0
2026-01-01 02:00:00,8,0.0211367383289499,0.0211367383289499,0.0211367383289499,0.0,0.0,0.0,99.9999788630503,2.1136949698446975e-07,0,0,0
2026-01-01 02:00:00,9,0.0191986014112628,0.0191986014112628,0.0191986014112628,0.0,0.0,0.0,99.9999808012066,1.9198793399196887e-07,0,0,0
2026-01-01 02:00:00,10,0.0175433502102788,0.0175433502102788,0.0175433502102788,0.0,0.0,0.0,99.99998245647436,1.754352564553527e-07,0,0,0
2026-01-01 02:00:00,11,0.01540344543429,0.01540344543429,0.01540344543429,0.0,0.0,0.0,99.99998459640052,1.5403599470284716e-07,0,0,0
2026-01-01 02:00:00,12,0.0132581361723013,0.0132581361723013,0.0132581361723013,0.0,0.0,0.0,99.99998674173125,1.325826875498889e-07,0,0,0
2026-01-01 02:00:00,13,0.0088760058879196,0.0088760058879196,0.0088760058879196,0.0,0.0,0.0,99.99999112390535,8.876094648866163e-08,0,0,0
2026-01-01 02:00:00,14,0.0070116415027239,0.0070116415027239,0.0070116415027239,0.0,0.0,0.0,99.99999298828838,7.011711619840147e-08,0,0,0
2026-01-01 02:00:00,15,0.0050430333525265,0.0050430333525265,0.0050430333525265,0.0,0.0,0.0,99.99999495691621,5.043083783364351e-08,0,0,0
2026-01-01 02:00:00,16,0.003074868658129,0.003074868658129,0.003074868658129,0.0,0.0,0.0,99.99999692510059,3.0748994071231624e-08,0,0,0
2026-01-01 02:00:00,17,0.0116774957858961,0.0116774957858961,0.0116774957858961,0.0,0.0,0.0,99.99998832238744,1.16776125620218e-07,0,0,0
2026-01-01 02:00:00,18,0.0087641590316646,0.0087641590316646,0.0087641590316646,0.0,0.0,0.0,99.99999123575333,8.764246674131412e-08,0,0,0
2026-01-01 02:00:00,19,0.0058440648138856,0.0058440648138856,0.0058440648138856,0.0,0.0,0.0,99.99999415587675,5.844123255118246e-08,0,0,0
2026-01-01 02:00:00,20,0.002922636427916,0.002922636427916,0.002922636427916,0.0,0.0,0.0,99.99999707733434,2.922665654572572e-08,0,0,0
2026-01-01 02:00:00,21,0.0310491517050496,0.0310491517050495,0.03104915170504955,1.0061396160665481e-16,1.0061396160665481e-16,3.240472723947704e-15,99.9999689505378,3.1049462199671595e-07,0,0,0
2026-01-01 02:00:00,22,0.0279753467673969,0.0279753467673969,0.0279753467673969,0.0,0.0,0.0,99.99997202437348,2.7975626523662185e-07,0,0,0
2026-01-01 02:00:00,23,0.0140028315435583,0.0140028315435583,0.0140028315435583,0.0,0.0,0.0,99.99998599702843,1.40029715732741e-07,0,0,0
2026-01-01 02:00:00,24,0.0410219122854482,0.0410219122854482,0.0410219122854482,0.0,0.0,0.0,99.9999589776775,4.1022322508673324e-07,0,0,0
2026-01-01 02:00:00,25,0.0392060056475875,0.0392060056475875,0.0392060056475875,0.0,0.0,0.0,99.99996079360228,3.9206397711564705e-07,0,0,0
2026-01-01 02:00:00,26,0.0374046944847781,0.0374046944847781,0.0374046944847781,0.0,0.0,0.0,99.99996259493146,3.740506853546347e-07,0,0,0
2026-01-01 02:00:00,27,0.035728249391933,0.035728249391933,0.035728249391933,0.0,0.0,0.0,99.99996427139332,3.572860667799985e-07,0,0,0
2026-01-01 02:00:00,28,0.0317091601417431,0.0317091601417431,0.0317091601417431,0.0,0.0,0.0,99.99996829052276,3.1709477236515483e-07,0,0,0
2026-01-01 02:00:00,29,0.0146210229813275,0.0146210229813275,0.0146210229813275,0.0,0.0,0.0,99.9999853788308,1.4621169193019528e-07,0,0,0
2026-01-01 02:00:00,30,0.0094720585405706,0.0094720585405706,0.0094720585405706,0.0,0.0,0.0,99.99999052784673,9.472153262103316e-08,0,0,0
2026-01-01 02:00:00,31,0.0022461476393535,0.0022461476393535,0.0022461476393535,0.0,0.0,0.0,99.9999977538299,2.2461701010545815e-08,0,0,0
2026-01-01 02:00:00,32,0.0,0.0,0.0,0.0,0.0,0.0,100.0,0.0,0,0,0
2026-01-01 02:00:00,33,0.0,0.0,0.0,0.0,0.0,0.0,100.0,0.0,0,0,0
2026-01-01 02:00:00,34,0.0,0.0,0.0,0.0,0.0,0.0,100.0,0.0,0,0,0
2026-01-01 02:00:00,35,0.0,0.0,0.0,0.0,0.0,0.0,100.0,0.0,0,0,0
2026-01-01 02:00:00,36,0.0,0.0,0.0,0.0,0.0,0.0,100.0,0.0,0,0,0
2026-01-01 02:15:00,0,0.1288368840623063,0.1288368840623062,0.12883688406230626,1.1102230246251565e-16,1.1102230246251565e-16,8.61727560808976e-16,99.99987116182756,1.2883817244400002e-06,0,0,0
2026-01-01 02:15:00,1,0.1143260281203954,0.1143260281203954,0.1143260281203954,0.0,0.0,0.0,99.99988567282861,1.143271713921e-06,0,0,0
2026-01-01 02:15:00,2,0.081813107651311,0.081813107651311,0.081813107651311,0.0,0.0,0.0,99.99991818607421,8.181392579056895e-07,0,0,0
2026-01-01 02:15:00,3,0.0776358417681633,0.0776358417681633,0.0776358417681633,0.0,0.0,0.0,99.99992236338187,7.763661813434464e-07,0,0,0
2026-01-01 02:15:00,4,0.0757079924309213,0.0757079924309214,0.07570799243092136,-9.71445146547012e-17,9.71445146547012e-17,1.2831472438245776e-15,99.99992429125048,7.570874951841658e-07,0,0,0
2026-01-01 02:15:00,5,0.0354864154033716,0.0354864154033716,0.0354864154033716,0.0,0.0,0.0,99.99996451322973,3.5486770271074326e-07,0,0,0
2026-01-01 02:15:00,6,0.0288889158784264,0.0288889158784264,0.0288889158784264,0.0,0.0,0.0,99.99997111079523,2.8889204770474163e-07,0,0,0
2026-01-01 02:15:00,7,0.0222721390243282,0.0222721390243282,0.0222721390243282,0.0,0.0,0.0,99.99997772763825,2.2272361747945743e-07,0,0,0
2026-01-01 02:15:00,8,0.0204051188959919,0.0204051188959919,0.0204051188959919,0.0,0.0,0.0,99.99997959467706,2.040532294922145e-07,0,0,0
2026-01-01 02:15:00,9,0.0185336254929929,0.0185336254929929,0.0185336254929929,0.0,0.0,0.0,99.99998146618917,1.8533810831101296e-07,0,0,0
2026-01-01 02:15:00,10,0.0169353467690327,0.0169353467690326,0.016935346769032647,1.0061396160665481e-16,1.0061396160665481e-16,5.941059463868714e-15,99.99998306448387,1.6935516124193945e-07,0,0,0
2026-01-01 02:15:00,11,0.01486916651331,0.01486916651331,0.01486916651331,0.0,0.0,0.0,99.99998513068479,1.486931520646216e-07,0,0,0
2026-01-01 02:15:00,12,0.0127980675465221,0.0127980675465221,0.0127980675465221,0.0,0.0,0.0,99.99998720180447,1.2798195528477445e-07,0,0,0
2026-01-01 02:15:00,13,0.0085677613600269,0.0085677613600269,0.0085677613600269,0.0,0.0,0.0,99.99999143215297,8.567847038497366e-08,0,0,0
2026-01-01 02:15:00,14,0.0067680288417319,0.0067680288417319,0.0067680288417319,0.0,0.0,0.0,99.99999323190347,6.768096522697197e-08,0,0,0
2026-01-01 02:15:00,15,0.0048677369255502,0.0048677369255502,0.0048677369255502,0.0,0.0,0.0,99.9999951322144,4.867785603406258e-08,0,0,0
2026-01-01 02:15:00,16,0.0029679685435455,0.0029679685435455,0.0029679685435455,0.0,0.0,0.0,99.99999703200177,2.9679982235277724e-08,0,0,0
2026-01-01 02:15:00,17,0.0112923378447438,0.0112923378447438,0.0112923378447438,0.0,0.0,0.0,99.99998870754924,1.1292450769251575e-07,0,0,0
2026-01-01 02:15:00,18,0.0084748981386204,0.0084748981386204,0.0084748981386204,0.0,0.0,0.0,99.99999152501711,8.474982888449285e-08,0,0,0
2026-01-01 02:15:00,19,0.0056511401207114,0.0056511401207114,0.0056511401207114,0.0,0.0,0.0,99.99999434880337,5.6511966326777985e-08,0,0,0
2026-01-01 02:15:00,20,0.0028261347556457,0.0028261347556457,0.0028261347556457,0.0,0.0,0.0,99.99999717383699,2.8261630172759467e-08,0,0,0
2026-01-01 02:15:00,21,0.0300108605391685,0.0300108605391685,0.0300108605391685,0.0,0.0,0.0,99.99996998883935,3.001116065077503e-07,0,0,0
2026-01-01 02:15:00,22,0.0270393570408289,0.0270393570408289,0.0270393570408289,0.0,0.0,0.0,99.99997296037256,2.703962743710328e-07,0,0,0
2026-01-01 02:15:00,23,0.0135338297854767,0.0135338297854767,0.0135338297854767,0.0,0.0,0.0,99.99998646603487,1.3533965125128002e-07,0,0,0
2026-01-01 02:15:00,24,0.0396050600327678,0.0396050600327677,0.03960506003276775,9.71445146547012e-17,9.71445146547012e-17,2.4528302708296525e-15,99.99996039454392,3.960545608732867e-07,0,0,0
2026-01-01 02:15:00,25,0.0378509105377766,0.0378509105377765,0.03785091053777655,1.0408340855860843e-16,1.0408340855860843e-16,2.7498250261768236e-15,99.99996214871095,3.785128905066711e-07,0,0,0
2026-01-01 02:15:00,26,0.0361109629003583,0.0361109629003583,0.0361109629003583,0.0,0.0,0.0,99.99996388867599,3.611132401359853e-07,0,0,0
2026-01-01 02:15:00,27,0.0344920600881471,0.0344920600881471,0.0344920600881471,0.0,0.0,0.0,99.999965507595,3.449240501219727e-07,0,0,0
2026-01-01 02:15:00,28,0.0306116009635601,0.0306116009635601,0.0306116009635601,0.0,0.0,0.0,99.99996938809292,3.0611907082631013e-07,0,0,0
2026-01-01 02:15:00,29,0.0141141006386226,0.0141141006386226,0.0141141006386226,0.0,0.0,0.0,99.99998588575822,1.411424178104044e-07,0,0,0
2026-01-01 02:15:00,30,0.0091435779643928,0.0091435779643928,0.0091435779643928,0.0,0.0,0.0,99.9999908563306,9.143669401086844e-08,0,0,0
2026-01-01 02:15:00,31,0.002168242200854,0.002168242200854,0.002168242200854,0.0,0.0,0.0,99.99999783173611,2.1682638834929227e-08,0,0,0
2026-01-01 02:15:00,32,0.0,0.0,0.0,0.0,0.0,0.0,100.0,0.0,0,0,0
2026-01-01 02:15:00,33,0.0,0.0,0.0,0.0,0.0,0.0,100.0,0.0,0,0,0
2026-01-01 02:15:00,34,0.0,0.0,0.0,0.0,0.0,0.0,100.0,0.0,0,0,0
2026-01-01 02:15:00,35,0.0,0.0,0.0,0.0,0.0,0.0,100.0,0.0,0,0,0
2026-01-01 02:15:00,36,0.0,0.0,0.0,0.0,0.0,0.0,100.0,0.0,0,0,0
2026-01-01 02:30:00,0,0.1390994159583091,0.1390994159583091,0.1390994159583091,0.0,0.0,0.0,99.99986089919304,1.391008069663e-06,0,0,0
2026-01-01 02:30:00,1,0.1234703121568548,0.1234703121568548,0.1234703121568548,0.0,0.0,0.0,99.99987652845313,1.234715468723e-06,0,0,0
2026-01-01 02:30:00,2,0.0884144447709136,0.0884144447709136,0.0884144447709136,0.0,0.0,0.0,99.99991158467108,8.841532892420293e-07,0,0,0
2026-01-01 02:30:00,3,0.0839110594300943,0.0839110594300943,0.0839110594300943,0.0,0.0,0.0,99.99991608810146,8.391189854907984e-07,0,0,0
2026-01-01 02:30:00,4,0.0818319668010086,0.0818319668010086,0.0818319668010086,0.0,0.0,0.0,99.99991816721487,8.183278512885995e-07,0,0,0
2026-01-01 02:30:00,5,0.0383492495621923,0.0383492495621923,0.0383492495621923,0.0,0.0,0.0,99.99996165036694,3.8349633058522887e-07,0,0,0
2026-01-01 02:30:00,6,0.0312258837476754,0.0312258837476754,0.0312258837476754,0.0,0.0,0.0,99.99996877380399,3.122619600963554e-07,0,0,0
2026-01-01 02:30:00,7,0.0240798592523677,0.0240798592523677,0.0240798592523677,0.0,0.0,0.0,99.99997591989995,2.4080100053368265e-07,0,0,0
2026-01-01 02:30:00,8,0.0220628802160521,0.0220628802160521,0.0220628802160521,0.0,0.0,0.0,99.99997793689916,2.2063100847060638e-07,0,0,0
2026-01-01 02:30:00,9,0.0200404285722757,0.0200404285722757,0.0200404285722757,0.0,0.0,0.0,99.99997995937102,2.0040628978565495e-07,0,0,0
2026-01-01 02:30:00,10,0.0183130919952641,0.0183130919952641,0.0183130919952641,0.0,0.0,0.0,99.99998168672487,1.8313275128015421e-07,0,0,0
2026-01-01 02:30:00,11,0.0160798984056304,0.0160798984056304,0.0160798984056304,0.0,0.0,0.0,99.99998391994079,1.6080059206222557e-07,0,0,0
2026-01-01 02:30:00,12,0.0138406530382381,0.0138406530382381,0.0138406530382381,0.0,0.0,0.0,99.99998615920856,1.384079144615262e-07,0,0,0
2026-01-01 02:30:00,13,0.0092663165289048,0.0092663165289048,0.0092663165289048,0.0,0.0,0.0,99.9999907335908,9.266409192996759e-08,0,0,0
2026-01-01 02:30:00,14,0.007320125290233,0.007320125290233,0.007320125290233,0.0,0.0,0.0,99.99999267980151,7.320198492217998e-08,0,0,0
2026-01-01 02:30:00,15,0.005265017967793,0.005265017967793,0.005265017967793,0.0,0.0,0.0,99.99999473492939,5.265070618499254e-08,0,0,0
2026-01-01 02:30:00,16,0.0032102422990169,0.0032102422990169,0.0032102422990169,0.0,0.0,0.0,99.9999967897256,3.210274401760987e-08,0,0,0
2026-01-01 02:30:00,17,0.0121630980624307,0.0121630980624307,0.0121630980624307,0.0,0.0,0.0,99.9999878367803,1.2163219694627716e-07,0,0,0
2026-01-01 02:30:00,18,0.0091288743936872,0.0091288743936872,0.0091288743936872,0.0,0.0,0.0,99.99999087103431,9.128965683344045e-08,0,0,0
2026-01-01 02:30:00,19,0.0060873184791296,0.0060873184791296,0.0060873184791296,0.0,0.0,0.0,99.99999391262065,6.087379352923185e-08,0,0,0
2026-01-01 02:30:00,20,0.0030443147429384,0.0030443147429384,0.0030443147429384,0.0,0.0,0.0,99.99999695565481,3.044345186390298e-08,0,0,0
2026-01-01 02:30:00,21,0.0323596707162783,0.0323596707162783,0.0323596707162783,0.0,0.0,0.0,99.99996764000568,3.2359994316221493e-07,0,0,0
2026-01-01 02:30:00,22,0.0291567910177628,0.0291567910177629,0.029156791017762848,-1.0061396160665481e-16,1.0061396160665481e-16,3.4507887729301576e-15,99.9999708429174,2.9157082588588787e-07,0,0,0
2026-01-01 02:30:00,23,0.0145948750601709,0.0145948750601709,0.0145948750601709,0.0,0.0,0.0,99.99998540497899,1.4595021010381074e-07,0,0,0
2026-01-01 02:30:00,24,0.042815146505565,0.042815146505565,0.042815146505565,0.0,0.0,0.0,99.99995718442534,4.2815574661311624e-07,0,0,0
2026-01-01 02:30:00,25,0.0409211798526996,0.0409211798526996,0.0409211798526996,0.0,0.0,0.0,99.99995907841092,4.0921589068590333e-07,0,0,0
2026-01-01 02:30:00,26,0.0390422952799048,0.0390422952799048,0.0390422952799048,0.0,0.0,0.0,99.99996095731429,3.9042685706761887e-07,0,0,0
2026-01-01 02:30:00,27,0.0372930609365708,0.0372930609365708,0.0372930609365708,0.0,0.0,0.0,99.99996270656612,3.729343387090953e-07,0,0,0
2026-01-01 02:30:00,28,0.033098535295768,0.033098535295768,0.033098535295768,0.0,0.0,0.0,99.99996690113372,3.309886628443086e-07,0,0,0
2026-01-01 02:30:00,29,0.0152628158164418,0.0152628158164418,0.0152628158164418,0.0,0.0,0.0,99.99998473703155,1.5262968446126267e-07,0,0,0
2026-01-01 02:30:00,30,0.009887942200879,0.009887942200879,0.009887942200879,0.0,0.0,0.0,99.99999011195892,9.888041081289818e-08,0,0,0
2026-01-01 02:30:00,31,0.0023447836405456,0.0023447836405456,0.0023447836405456,0.0,0.0,0.0,99.99999765519291,2.3448070886165345e-08,0,0,0
2026-01-01 02:30:00,32,0.0,0.0,0.0,0.0,0.0,0.0,100.0,0.0,0,0,0
2026-01-01 02:30:00,33,0.0,0.0,0.0,0.0,0.0,0.0,100.0,0.0,0,0,0
2026-01-01 02:30:00,34,0.0,0.0,0.0,0.0,0.0,0.0,100.0,0.0,0,0,0
2026-01-01 02:30:00,35,0.0,0.0,0.0,0.0,0.0,0.0,100.0,0.0,0,0,0
2026-01-01 02:30:00,36,0.0,0.0,0.0,0.0,0.0,0.0,100.0,0.0,0,0,0
2026-01-01 02:45:00,0,0.1389501684339071,0.1389501684339071,0.1389501684339071,0.0,0.0,0.0,99.99986104844206,1.389515579494e-06,0,0,0
2026-01-01 02:45:00,1,0.1233372857090055,0.1233372857090055,0.1233372857090055,0.0,0.0,0.0,99.99987666148091,1.233385190941e-06,0,0,0
2026-01-01 02:45:00,2,0.0883183466847792,0.0883183466847792,0.0883183466847792,0.0,0.0,0.0,99.99991168077013,8.8319229877078e-07,0,0,0
2026-01-01 02:45:00,3,0.0838196966166198,0.0838196966166198,0.0838196966166198,0.0,0.0,0.0,99.99991617946517,8.382053482196807e-07,0,0,0
2026-01-01 02:45:00,4,0.081742800891091,0.081742800891091,0.081742800891091,0.0,0.0,0.0,99.99991825638168,8.174361832727434e-07,0,0,0
2026-01-01 02:45:00,5,0.0383075742077653,0.0383075742077653,0.0383075742077653,0.0,0.0,0.0,99.99996169204272,3.8307957287338176e-07,0,0,0
2026-01-01 02:45:00,6,0.0311918569658323,0.0311918569658323,0.0311918569658323,0.0,0.0,0.0,99.99996880783111,3.1192168887521176e-07,0,0,0
2026-01-01 02:45:00,7,0.0240535315401022,0.0240535315401022,0.0240535315401022,0.0,0.0,0.0,99.99997594622792,2.405377207782301e-07,0,0,0
2026-01-01 02:45:00,8,0.0220387347081506,0.0220387347081506,0.0220387347081506,0.0,0.0,0.0,99.9999779610449,2.20389550977016e-07,0,0,0
2026-01-01 02:45:00,9,0.0200184805523475,0.0200184805523475,0.0200184805523475,0.0,0.0,0.0,99.99997998131926,2.0018680739154903e-07,0,0,0
2026-01-01 02:45:00,10,0.0182930228117323,0.0182930228117323,0.0182930228117323,0.0,0.0,0.0,99.99998170679426,1.8293205743789767e-07,0,0,0
2026-01-01 02:45:00,11,0.0160622607781116,0.0160622607781116,0.0160622607781116,0.0,0.0,0.0,99.99998393757859,1.6062421402325717e-07,0,0,0
2026-01-01 02:45:00,12,0.0138254642131618,0.0138254642131618,0.0138254642131618,0.0,0.0,0.0,99.99998617439753,1.3825602469186522e-07,0,0,0
2026-01-01 02:45:00,13,0.0092561390399791,0.0092561390399791,0.0092561390399791,0.0,0.0,0.0,99.9999907437684,9.256231602295201e-08,0,0,0
2026-01-01 02:45:00,14,0.0073120813193307,0.0073120813193307,0.0073120813193307,0.0,0.0,0.0,99.99999268784556,7.31215444087514e-08,0,0,0
2026-01-01 02:45:00,15,0.0052592293444478,0.0052592293444478,0.0052592293444478,0.0,0.0,0.0,99.99999474071807,5.2592819372672214e-08,0,0,0
2026-01-01 02:45:00,16,0.0032067122135239,0.0032067122135239,0.0032067122135239,0.0,0.0,0.0,99.99999679325572,3.206744280966756e-08,0,0,0
2026-01-01 02:45:00,17,0.0121504664087499,0.0121504664087499,0.0121504664087499,0.0,0.0,0.0,99.99998784941208,1.2150587914629078e-07,0,0,0
2026-01-01 02:45:00,18,0.0091193870172609,0.0091193870172609,0.0091193870172609,0.0,0.0,0.0,99.99999088052179,9.119478212043089e-08,0,0,0
2026-01-01 02:45:00,19,0.0060809906349955,0.0060809906349955,0.0060809906349955,0.0,0.0,0.0,99.99999391894855,6.081051445509975e-08,0,0,0
2026-01-01 02:45:00,20,0.0030411494529326,0.0030411494529326,0.0030411494529326,0.0,0.0,0.0,99.99999695882013,3.0411798647313096e-08,0,0,0
2026-01-01 02:45:00,21,0.0323255598707393,0.0323255598707393,0.0323255598707393,0.0,0.0,0.0,99.99996767411687,3.232588312957066e-07,0,0,0
2026-01-01 02:45:00,22,0.0291260390672629,0.0291260390672629,0.0291260390672629,0.0,0.0,0.0,99.99997087366967,2.912633033056621e-07,0,0,0
2026-01-01 02:45:00,23,0.0145794639547805,0.0145794639547805,0.0145794639547805,0.0,0.0,0.0,99.99998542039025,1.4579609750878095e-07,0,0,0
2026-01-01 02:45:00,24,0.0427683996754242,0.0427683996754242,0.0427683996754242,0.0,0.0,0.0,99.99995723117263,4.2768827363697854e-07,0,0,0
2026-01-01 02:45:00,25,0.0408764664040711,0.0408764664040711,0.0408764664040711,0.0,0.0,0.0,99.99995912312482,4.0876875172822905e-07,0,0,0
2026-01-01 02:45:00,26,0.0389996028719649,0.0389996028719649,0.0389996028719649,0.0,0.0,0.0,99.99996100000713,3.8999992871893624e-07,0,0,0
2026-01-01 02:45:00,27,0.037252265438251,0.037252265438251,0.037252265438251,0.0,0.0,0.0,99.99996274736203,3.725263796463071e-07,0,0,0
2026-01-01 02:45:00,28,0.0330623125593205,0.0330623125593205,0.0330623125593205,0.0,0.0,0.0,99.99996693735682,3.3062643185752383e-07,0,0,0
2026-01-01 02:45:00,29,0.0152460822160146,0.0152460822160146,0.0152460822160146,0.0,0.0,0.0,99.99998475376532,1.524623467836144e-07,0,0,0
2026-01-01 02:45:00,30,0.0098770986304767,0.0098770986304767,0.0098770986304767,0.0,0.0,0.0,99.9999901228026,9.877197402450768e-08,0,0,0
2026-01-01 02:45:00,31,0.0023422118271659,0.0023422118271659,0.0023422118271659,0.0,0.0,0.0,99.99999765776475,2.3422352495184424e-08,0,0,0
2026-01-01 02:45:00,32,0.0,0.0,0.0,0.0,0.0,0.0,100.0,0.0,0,0,0
2026-01-01 02:45:00,33,0.0,0.0,0.0,0.0,0.0,0.0,100.0,0.0,0,0,0
2026-01-01 02:45:00,34,0.0,0.0,0.0,0.0,0.0,0.0,100.0,0.0,0,0,0
2026-01-01 02:45:00,35,0.0,0.0,0.0,0.0,0.0,0.0,100.0,0.0,0,0,0
2026-01-01 02:45:00,36,0.0,0.0,0.0,0.0,0.0,0.0,100.0,0.0,0,0,0
2026-01-01 03:00:00,0,0.1354227313845766,0.1354227313845766,0.1354227313845766,0.0,0.0,0.0,99.99986457591437,1.354240856254e-06,0,0,0
2026-01-01 03:00:00,1,0.1201935974069961,0.1201935974069961,0.1201935974069961,0.0,0.0,0.0,99.99987980520065,1.201947993549e-06,0,0,0
2026-01-01 03:00:00,2,0.086047926678345,0.086047926678345,0.086047926678345,0.0,0.0,0.0,99.99991395121283,8.604878716621667e-07,0,0,0
2026-01-01 03:00:00,3,0.0816612599329391,0.0816612599329392,0.08166125993293916,-9.71445146547012e-17,9.71445146547012e-17,1.1896032811451127e-15,99.99991833792345,8.166207655370474e-07,0,0,0
2026-01-01 03:00:00,4,0.0796363104215154,0.0796363104215154,0.0796363104215154,0.0,0.0,0.0,99.9999203628932,7.96371067925834e-07,0,0,0
2026-01-01 03:00:00,5,0.0373229616907068,0.0373229616907068,0.0373229616907068,0.0,0.0,0.0,99.99996267666508,3.7323334924056126e-07,0,0,0
2026-01-01 03:00:00,6,0.0303879969809816,0.0303879969809816,0.0303879969809816,0.0,0.0,0.0,99.99996961169914,3.0388300863990316e-07,0,0,0
2026-01-01 03:00:00,7,0.0234316181056157,0.0234316181056157,0.0234316181056157,0.0,0.0,0.0,99.99997656814757,2.3431852424139999e-07,0,0,0
2026-01-01 03:00:00,8,0.021468385179819,0.021468385179819,0.021468385179819,0.0,0.0,0.0,99.99997853140013,2.1468599865817696e-07,0,0,0
2026-01-01 03:00:00,9,0.0195000494048384,0.0195000494048384,0.0195000494048384,0.0,0.0,0.0,99.9999804997556,1.950024440728253e-07,0,0,0
2026-01-01 03:00:00,10,0.0178189802921037,0.0178189802921036,0.017818980292103652,1.0061396160665481e-16,1.0061396160665481e-16,5.6464457276931586e-15,99.99998218084151,1.7819158483688537e-07,0,0,0
2026-01-01 03:00:00,11,0.0156456644209377,0.0156456644209377,0.0156456644209377,0.0,0.0,0.0,99.99998435417912,1.5645820879146533e-07,0,0,0
2026-01-01 03:00:00,12,0.013466716443925,0.013466716443925,0.013466716443925,0.0,0.0,0.0,99.99998653314888,1.3466851112436193e-07,0,0,0
2026-01-01 03:00:00,13,0.0090157600120018,0.0090157600120018,0.0090157600120018,0.0,0.0,0.0,99.99999098414983,9.015850170503515e-08,0,0,0
2026-01-01 03:00:00,14,0.0071220952089495,0.0071220952089495,0.0071220952089495,0.0,0.0,0.0,99.99999287783356,7.122166430613882e-08,0,0,0
2026-01-01 03:00:00,15,0.0051225145894836,0.0051225145894836,0.0051225145894836,0.0,0.0,0.0,99.99999487743419,5.122565815141801e-08,0,0,0
2026-01-01 03:00:00,16,0.0031233387254592,0.0031233387254592,0.0031233387254592,0.0,0.0,0.0,99.99999687663004,3.123369959158852e-08,0,0,0
2026-01-01 03:00:00,17,0.0118516394204955,0.0118516394204955,0.0118516394204955,0.0,0.0,0.0,99.99998814824207,1.1851757938074975e-07,0,0,0
2026-01-01 03:00:00,18,0.0088949485396367,0.0088949485396367,0.0088949485396367,0.0,0.0,0.0,99.9999911049625,8.89503749001164e-08,0,0,0
2026-01-01 03:00:00,19,0.0059312967780986,0.0059312967780986,0.0059312967780986,0.0,0.0,0.0,99.99999406864391,5.931356091659558e-08,0,0,0
2026-01-01 03:00:00,20,0.0029662706283787,0.0029662706283787,0.0029662706283787,0.0,0.0,0.0,99.99999703369971,2.9663002913816674e-08,0,0,0
2026-01-01 03:00:00,21,0.0315189347359679,0.0315189347359679,0.0315189347359679,0.0,0.0,0.0,99.99996848075007,3.151924992846727e-07,0,0,0
2026-01-01 03:00:00,22,0.0283988539605578,0.0283988539605578,0.0283988539605578,0.0,0.0,0.0,99.99997160086205,2.83991379519374e-07,0,0,0
2026-01-01 03:00:00,23,0.0142150523341054,0.0142150523341054,0.0142150523341054,0.0,0.0,0.0,99.99998578480552,1.42151944860503e-07,0,0,0
2026-01-01 03:00:00,24,0.0416641030647469,0.0416641030647469,0.0416641030647469,0.0,0.0,0.0,99.99995833548029,4.166451970994407e-07,0,0,0
2026-01-01 03:00:00,25,0.0398202284613567,0.0398202284613567,0.0398202284613567,0.0,0.0,0.0,99.99996017937333,3.982062666762347e-07,0,0,0
2026-01-01 03:00:00,26,0.0379911250762573,0.0379911250762573,0.0379911250762573,0.0,0.0,0.0,99.999962008495,3.799150499130725e-07,0,0,0
2026-01-01 03:00:00,27,0.0362886077772728,0.0362886077772728,0.0362886077772728,0.0,0.0,0.0,99.99996371102934,3.62889706669795e-07,0,0,0
2026-01-01 03:00:00,28,0.0322066888614437,0.0322066888614437,0.0322066888614437,0.0,0.0,0.0,99.99996779298907,3.2207010931553083e-07,0,0,0
2026-01-01 03:00:00,29,0.0148508342111356,0.0148508342111356,0.0148508342111356,0.0,0.0,0.0,99.99998514901728,1.485098272096285e-07,0,0,0
2026-01-01 03:00:00,30,0.0096209758239305,0.0096209758239305,0.0096209758239305,0.0,0.0,0.0,99.99999037892796,9.621072034650853e-08,0,0,0
2026-01-01 03:00:00,31,0.0022814665030678,0.0022814665030678,0.0022814665030678,0.0,0.0,0.0,99.99999771851068,2.28148931796101e-08,0,0,0
2026-01-01 03:00:00,32,0.0,0.0,0.0,0.0,0.0,0.0,100.0,0.0,0,0,0
2026-01-01 03:00:00,33,0.0,0.0,0.0,0.0,0.0,0.0,100.0,0.0,0,0,0
2026-01-01 03:00:00,34,0.0,0.0,0.0,0.0,0.0,0.0,100.0,0.0,0,0,0
2026-01-01 03:00:00,35,0.0,0.0,0.0,0.0,0.0,0.0,100.0,0.0,0,0,0
2026-01-01 03:00:00,36,0.0,0.0,0.0,0.0,0.0,0.0,100.0,0.0,0,0,0
2026-01-01 03:15:00,0,0.1422336682309354,0.1422336682309354,0.1422336682309354,0.0,0.0,0.0,99.99985776490942,1.422350905818e-06,0,0,0
2026-01-01 03:15:00,1,0.1262641843283062,0.1262641843283062,0.1262641843283062,0.0,0.0,0.0,99.99987373455302,1.262654469827e-06,0,0,0
2026-01-01 03:15:00,2,0.0904331559984361,0.0904331559984361,0.0904331559984361,0.0,0.0,0.0,99.99990956593966,9.043406033903952e-07,0,0,0
2026-01-01 03:15:00,3,0.0858303764062532,0.0858303764062532,0.0858303764062532,0.0,0.0,0.0,99.99991416876529,8.583123471860044e-07,0,0,0
2026-01-01 03:15:00,4,0.0837051655839746,0.0837051655839746,0.0837051655839746,0.0,0.0,0.0,99.99991629399736,8.370600264400111e-07,0,0,0
2026-01-01 03:15:00,5,0.0392246937832399,0.0392246937832399,0.0392246937832399,0.0,0.0,0.0,99.99996077491397,3.922508603410026e-07,0,0,0
2026-01-01 03:15:00,6,0.0319407198499325,0.0319407198499325,0.0319407198499325,0.0,0.0,0.0,99.99996805896075,3.194103926032518e-07,0,0,0
2026-01-01 03:15:00,7,0.0246329972905319,0.0246329972905319,0.0246329972905319,0.0,0.0,0.0,99.99997536675637,2.4633243622968156e-07,0,0,0
2026-01-01 03:15:00,8,0.0225701825753016,0.0225701825753016,0.0225701825753016,0.0,0.0,0.0,99.99997742959172,2.257040827938447e-07,0,0,0
2026-01-01 03:15:00,9,0.0205015696163552,0.0205015696163552,0.0205015696163552,0.0,0.0,0.0,99.99997949822537,2.050177463410155e-07,0,0,0
2026-01-01 03:15:00,10,0.0187347642642189,0.0187347642642189,0.0187347642642189,0.0,0.0,0.0,99.99998126504839,1.8734951613735088e-07,0,0,0
2026-01-01 03:15:00,11,0.016450488802278,0.016450488802278,0.016450488802278,0.0,0.0,0.0,99.9999835493467,1.6450653308811118e-07,0,0,0
2026-01-01 03:15:00,12,0.0141597916526109,0.0141597916526109,0.0141597916526109,0.0,0.0,0.0,99.99998584006674,1.41599332519435e-07,0,0,0
2026-01-01 03:15:00,13,0.0094801651927761,0.0094801651927761,0.0094801651927761,0.0,0.0,0.0,99.99999051974001,9.480259995376143e-08,0,0,0
2026-01-01 03:15:00,14,0.0074891474496707,0.0074891474496707,0.0074891474496707,0.0,0.0,0.0,99.99999251077766,7.489222341894156e-08,0,0,0
2026-01-01 03:15:00,15,0.0053866503975323,0.0053866503975323,0.0053866503975323,0.0,0.0,0.0,99.99999461329574,5.386704264574976e-08,0,0,0
2026-01-01 03:15:00,16,0.0032844187087582,0.0032844187087582,0.0032844187087582,0.0,0.0,0.0,99.99999671554845,3.2844515532738283e-08,0,0,0
2026-01-01 03:15:00,17,0.0124281618483193,0.0124281618483193,0.0124281618483193,0.0,0.0,0.0,99.99998757171387,1.242828613118064e-07,0,0,0
2026-01-01 03:15:00,18,0.0093279614946012,0.0093279614946012,0.0093279614946012,0.0,0.0,0.0,99.99999067194523,9.328054775148951e-08,0,0,0
2026-01-01 03:15:00,19,0.0062201052178474,0.0062201052178474,0.0062201052178474,0.0,0.0,0.0,99.99999377983258,6.220167419521671e-08,0,0,0
2026-01-01 03:15:00,20,0.0031107371089834,0.0031107371089834,0.0031107371089834,0.0,0.0,0.0,99.99999688923178,3.110768216665578e-08,0,0,0
2026-01-01 03:15:00,21,0.0330756995964355,0.0330756995964355,0.0330756995964355,0.0,0.0,0.0,99.99996692396964,3.307603035673907e-07,0,0,0
2026-01-01 03:15:00,22,0.0298023203624349,0.0298023203624349,0.0298023203624349,0.0,0.0,0.0,99.99997019738161,2.9802618388618874e-07,0,0,0
2026-01-01 03:15:00,23,0.0149183855606035,0.0149183855606035,0.0149183855606035,0.0,0.0,0.0,99.99998508146525,1.491853474595105e-07,0,0,0
2026-01-01 03:15:00,24,0.0437972494423305,0.0437972494423305,0.0437972494423305,0.0,0.0,0.0,99.99995620231257,4.379768741920471e-07,0,0,0
2026-01-01 03:15:00,25,0.0418605804001756,0.0418605804001756,0.0418605804001756,0.0,0.0,0.0,99.999958139001,4.186099901016573e-07,0,0,0
2026-01-01 03:15:00,26,0.0399392543800006,0.0399392543800006,0.0399392543800006,0.0,0.0,0.0,99.99996006034623,3.99396537765384e-07,0,0,0
2026-01-01 03:15:00,27,0.0381501740032954,0.0381501740032954,0.0381501740032954,0.0,0.0,0.0,99.99996184944449,3.8150555508850515e-07,0,0,0
2026-01-01 03:15:00,28,0.0338595767446935,0.0338595767446935,0.0338595767446935,0.0,0.0,0.0,99.99996614008465,3.385991534384701e-07,0,0,0
2026-01-01 03:15:00,29,0.0156144065264888,0.0156144065264888,0.0156144065264888,0.0,0.0,0.0,99.99998438543733,1.561456267211555e-07,0,0,0
2026-01-01 03:15:00,30,0.010115778023343,0.010115778023343,0.010115778023343,0.0,0.0,0.0,99.99998988412082,1.0115879182134908e-07,0,0,0
2026-01-01 03:15:00,31,0.0023988205398257,0.0023988205398257,0.0023988205398257,0.0,0.0,0.0,99.99999760115547,2.3988445282710057e-08,0,0,0
2026-01-01 03:15:00,32,0.0,0.0,0.0,0.0,0.0,0.0,100.0,0.0,0,0,0
2026-01-01 03:15:00,33,0.0,0.0,0.0,0.0,0.0,0.0,100.0,0.0,0,0,0
2026-01-01 03:15:00,34,0.0,0.0,0.0,0.0,0.0,0.0,100.0,0.0,0,0,0
2026-01-01 03:15:00,35,0.0,0.0,0.0,0.0,0.0,0.0,100.0,0.0,0,0,0
2026-01-01 03:15:00,36,0.0,0.0,0.0,0.0,0.0,0.0,100.0,0.0,0,0,0
2026-01-01 03:30:00,0,0.1393317035336462,0.1393317035336462,0.1393317035336462,0.0,0.0,0.0,99.99986066690313,1.393330968646e-06,0,0,0
2026-01-01 03:30:00,1,0.1236773549644702,0.1236773549644703,0.12367735496447024,-9.71445146547012e-17,9.71445146547012e-17,7.85467208834928e-16,99.99987632140825,1.236785917503e-06,0,0,0
2026-01-01 03:30:00,2,0.088564014703243,0.088564014703243,0.088564014703243,0.0,0.0,0.0,99.99991143509965,8.856490035224653e-07,0,0,0
2026-01-01 03:30:00,3,0.0840532597047586,0.0840532597047586,0.0840532597047586,0.0,0.0,0.0,99.99991594589976,8.405410024576115e-07,0,0,0
2026-01-01 03:30:00,4,0.0819707479665424,0.0819707479665424,0.0819707479665424,0.0,0.0,0.0,99.99991802843232,8.197156768221929e-07,0,0,0
2026-01-01 03:30:00,5,0.0384141132471542,0.0384141132471542,0.0384141132471542,0.0,0.0,0.0,99.9999615855026,3.8414497392128204e-07,0,0,0
2026-01-01 03:30:00,6,0.0312788442909679,0.0312788442909679,0.0312788442909679,0.0,0.0,0.0,99.99996872084292,3.127915708253879e-07,0,0,0
2026-01-01 03:30:00,7,0.024120836929057,0.024120836929057,0.024120836929057,0.0,0.0,0.0,99.99997587892186,2.412107813983841e-07,0,0,0
2026-01-01 03:30:00,8,0.0221004614871104,0.0221004614871104,0.0221004614871104,0.0,0.0,0.0,99.9999778993175,2.2100682493935386e-07,0,0,0
2026-01-01 03:30:00,9,0.0200745896311459,0.0200745896311459,0.0200745896311459,0.0,0.0,0.0,99.99997992520962,2.0074790379049708e-07,0,0,0
2026-01-01 03:30:00,10,0.0183443287803798,0.0183443287803798,0.0183443287803798,0.0,0.0,0.0,99.99998165548777,1.8344512225502085e-07,0,0,0
2026-01-01 03:30:00,11,0.0161073505896686,0.0161073505896686,0.0161073505896686,0.0,0.0,0.0,99.99998389248833,1.6107511664785344e-07,0,0,0
2026-01-01 03:30:00,12,0.0138642936201902,0.0138642936201902,0.0138642936201902,0.0,0.0,0.0,99.99998613556774,1.386443226451287e-07,0,0,0
2026-01-01 03:30:00,13,0.0092821573166807,0.0092821573166807,0.0092821573166807,0.0,0.0,0.0,99.99999071774987,9.28225013918215e-08,0,0,0
2026-01-01 03:30:00,14,0.0073326454128114,0.0073326454128114,0.0073326454128114,0.0,0.0,0.0,99.99999266728126,7.332718739998806e-08,0,0,0
2026-01-01 03:30:00,15,0.0052740276666791,0.0052740276666791,0.0052740276666791,0.0,0.0,0.0,99.99999472591959,5.274080407483184e-08,0,0,0
2026-01-01 03:30:00,16,0.0032157367466451,0.0032157367466451,0.0032157367466451,0.0,0.0,0.0,99.9999967842311,3.2157689043341484e-08,0,0,0
2026-01-01 03:30:00,17,0.0121827566384548,0.0121827566384548,0.0121827566384548,0.0,0.0,0.0,99.99998781712154,1.2182878467239562e-07,0,0,0
2026-01-01 03:30:00,18,0.009143639563464,0.009143639563464,0.009143639563464,0.0,0.0,0.0,99.999990856269,9.143731000774027e-08,0,0,0
2026-01-01 03:30:00,19,0.0060971664779111,0.0060971664779112,0.00609716647791115,-1.0061396160665481e-16,1.0061396160665481e-16,1.6501730263369976e-14,99.99999390277254,6.097227450185703e-08,0,0,0
2026-01-01 03:30:00,20,0.0030492408711793,0.0030492408711793,0.0030492408711793,0.0,0.0,0.0,99.99999695072863,3.049271363892948e-08,0,0,0
2026-01-01 03:30:00,21,0.0324127586145597,0.0324127586145597,0.0324127586145597,0.0,0.0,0.0,99.99996758691725,3.2413082745387155e-07,0,0,0
2026-01-01 03:30:00,22,0.0292046513716157,0.0292046513716157,0.0292046513716157,0.0,0.0,0.0,99.99997079505658,2.920494342104993e-07,0,0,0
2026-01-01 03:30:00,23,0.014618859955807,0.014618859955807,0.014618859955807,0.0,0.0,0.0,99.99998538099385,1.4619006145868557e-07,0,0,0
2026-01-01 03:30:00,24,0.0428879051081474,0.0428879051081474,0.0428879051081474,0.0,0.0,0.0,99.999957111666,4.288833399148735e-07,0,0,0
2026-01-01 03:30:00,25,0.0409907736931113,0.0409907736931113,0.0409907736931113,0.0,0.0,0.0,99.99995900881639,4.0991183604947444e-07,0,0,0
2026-01-01 03:30:00,26,0.0391087437915199,0.0391087437915199,0.0391087437915199,0.0,0.0,0.0,99.99996089086511,3.91091348828688e-07,0,0,0
2026-01-01 03:30:00,27,0.0373565570317226,0.0373565570317226,0.0373565570317226,0.0,0.0,0.0,99.9999626430694,3.7356930601028653e-07,0,0,0
2026-01-01 03:30:00,28,0.0331549138114201,0.0331549138114201,0.0331549138114201,0.0,0.0,0.0,99.99996684475464,3.315524536387381e-07,0,0,0
2026-01-01 03:30:00,29,0.0152888608465074,0.0152888608465074,0.0152888608465074,0.0,0.0,0.0,99.99998471098627,1.5289013736644864e-07,0,0,0
2026-01-01 03:30:00,30,0.0099048196649428,0.0099048196649428,0.0099048196649428,0.0,0.0,0.0,99.99999009508129,9.904918714129996e-08,0,0,0
2026-01-01 03:30:00,31,0.0023487865348705,0.0023487865348705,0.0023487865348705,0.0,0.0,0.0,99.99999765118997,2.3488100229707666e-08,0,0,0
2026-01-01 03:30:00,32,0.0,0.0,0.0,0.0,0.0,0.0,100.0,0.0,0,0,0
2026-01-01 03:30:00,33,0.0,0.0,0.0,0.0,0.0,0.0,100.0,0.0,0,0,0
2026-01-01 03:30:00,34,0.0,0.0,0.0,0.0,0.0,0.0,100.0,0.0,0,0,0
2026-01-01 03:30:00,35,0.0,0.0,0.0,0.0,0.0,0.0,100.0,0.0,0,0,0
2026-01-01 03:30:00,36,0.0,0.0,0.0,0.0,0.0,0.0,100.0,0.0,0,0,0
2026-01-01 03:45:00,0,0.1328190751035258,0.1328190751035258,0.1328190751035258,0.0,0.0,0.0,99.99986717959669,1.3282040330749999e-06,0,0,0
2026-01-01 03:45:00,1,0.1178736250612663,0.1178736250612662,0.11787362506126625,9.71445146547012e-17,9.71445146547012e-17,8.241411627308272e-16,99.9998821251962,1.178748038093e-06,0,0,0
2026-01-01 03:45:00,2,0.0843730860655631,0.0843730860655631,0.0843730860655631,0.0,0.0,0.0,99.99991562607019,8.437392980486118e-07,0,0,0
2026-01-01 03:45:00,3,0.0800691537158899,0.0800691537158899,0.0800691537158899,0.0,0.0,0.0,99.99991993004558,8.006995441543412e-07,0,0,0
2026-01-01 03:45:00,4,0.0780825740717599,0.0780825740717599,0.0780825740717599,0.0,0.0,0.0,99.99992191664509,7.808335490530898e-07,0,0,0
2026-01-01 03:45:00,5,0.0365966256265122,0.0365966256265122,0.0365966256265122,0.0,0.0,0.0,99.99996340300841,3.659699159642819e-07,0,0,0
2026-01-01 03:45:00,6,0.0297950760657131,0.0297950760657131,0.0297950760657131,0.0,0.0,0.0,99.99997020462598,2.9795374019453383e-07,0,0,0
2026-01-01 03:45:00,7,0.0229729711998141,0.0229729711998141,0.0229729711998141,0.0,0.0,0.0,99.99997702679907,2.297320093182345e-07,0,0,0
2026-01-01 03:45:00,8,0.021047784304843,0.021047784304843,0.021047784304843,0.0,0.0,0.0,99.99997895200522,2.1047994784790884e-07,0,0,0
2026-01-01 03:45:00,9,0.0191177484654721,0.0191177484654721,0.0191177484654721,0.0,0.0,0.0,99.99998088206036,1.9117939644868624e-07,0,0,0
2026-01-01 03:45:00,10,0.01746942297225,0.01746942297225,0.01746942297225,0.0,0.0,0.0,99.99998253040233,1.746959766822673e-07,0,0,0
2026-01-01 03:45:00,11,0.0153384806036095,0.0153384806036095,0.0153384806036095,0.0,0.0,0.0,99.99998466136601,1.533863398994942e-07,0,0,0
2026-01-01 03:45:00,12,0.0132021940080764,0.0132021940080764,0.0132021940080764,0.0,0.0,0.0,99.99998679767397,1.3202326031336795e-07,0,0,0
2026-01-01 03:45:00,13,0.0088385238444648,0.0088385238444648,0.0088385238444648,0.0,0.0,0.0,99.99999116138777,8.838612230587143e-08,0,0,0
2026-01-01 03:45:00,14,0.0069820181324877,0.0069820181324877,0.0069820181324877,0.0,0.0,0.0,99.99999301791205,6.982087953367239e-08,0,0,0
2026-01-01 03:45:00,15,0.0050217169233925,0.0050217169233925,0.0050217169233925,0.0,0.0,0.0,99.99999497823286,5.0217671410640055e-08,0,0,0
2026-01-01 03:45:00,16,0.003061869301882,0.003061869301882,0.003061869301882,0.0,0.0,0.0,99.99999693810008,3.061899920881231e-08,0,0,0
2026-01-01 03:45:00,17,0.0116307393527207,0.0116307393527207,0.0116307393527207,0.0,0.0,0.0,99.99998836914433,1.1630855661277404e-07,0,0,0
2026-01-01 03:45:00,18,0.0087290433605262,0.0087290433605262,0.0087290433605262,0.0,0.0,0.0,99.99999127086934,8.729130651832792e-08,0,0,0
2026-01-01 03:45:00,19,0.005820644005443,0.005820644005443,0.005820644005443,0.0,0.0,0.0,99.99999417929779,5.8207022124652016e-08,0,0,0
2026-01-01 03:45:00,20,0.0029109211786209,0.0029109211786209,0.0029109211786209,0.0,0.0,0.0,99.99999708904971,2.9109502881238567e-08,0,0,0
2026-01-01 03:45:00,21,0.0309230535497313,0.0309230535497313,0.0309230535497313,0.0,0.0,0.0,99.99996907663721,3.0923362783359143e-07,0,0,0
2026-01-01 03:45:00,22,0.0278616710674914,0.0278616710674914,0.0278616710674914,0.0,0.0,0.0,99.99997213805031,2.7861949686988353e-07,0,0,0
2026-01-01 03:45:00,23,0.0139458695231135,0.0139458695231135,0.0139458695231135,0.0,0.0,0.0,99.99998605399102,1.3946008983203418e-07,0,0,0
2026-01-01 03:45:00,24,0.0408496564095953,0.0408496564095953,0.0408496564095953,0.0,0.0,0.0,99.9999591499351,4.085006491024443e-07,0,0,0
2026-01-01 03:45:00,25,0.0390412541662419,0.0390412541662419,0.0390412541662419,0.0,0.0,0.0,99.99996095835542,3.9041644582687784e-07,0,0,0
2026-01-01 03:45:00,26,0.0372473999808207,0.0372473999808207,0.0372473999808207,0.0,0.0,0.0,99.99996275222755,3.7247772458545357e-07,0,0,0
2026-01-01 03:45:00,27,0.0355779492261153,0.0355779492261153,0.0355779492261153,0.0,0.0,0.0,99.999964421695,3.557830500916543e-07,0,0,0
2026-01-01 03:45:00,28,0.0315757133638009,0.0315757133638009,0.0315757133638009,0.0,0.0,0.0,99.99996842397087,3.1576029124092186e-07,0,0,0
2026-01-01 03:45:00,29,0.0145593854157862,0.0145593854157862,0.0145593854157862,0.0,0.0,0.0,99.99998544046899,1.4559531011096358e-07,0,0,0
2026-01-01 03:45:00,30,0.0094321177062035,0.0094321177062035,0.0094321177062035,0.0,0.0,0.0,99.99999056778798,9.432212028323841e-08,0,0,0
2026-01-01 03:45:00,31,0.0022366748613957,0.0022366748613957,0.0022366748613957,0.0,0.0,0.0,99.99999776330277,2.236697228368007e-08,0,0,0
2026-01-01 03:45:00,32,0.0,0.0,0.0,0.0,0.0,0.0,100.0,0.0,0,0,0
2026-01-01 03:45:00,33,0.0,0.0,0.0,0.0,0.0,0.0,100.0,0.0,0,0,0
2026-01-01 03:45:00,34,0.0,0.0,0.0,0.0,0.0,0.0,100.0,0.0,0,0,0
2026-01-01 03:45:00,35,0.0,0.0,0.0,0.0,0.0,0.0,100.0,0.0,0,0,0
2026-01-01 03:45:00,36,0.0,0.0,0.0,0.0,0.0,0.0,100.0,0.0,0,0,0
2026-01-01 04:00:00,0,0.1412088720746328,0.1412088720746328,0.1412088720746328,0.0,0.0,0.0,99.99985878971582,1.412102841774e-06,0,0,0
2026-01-01 04:00:00,1,0.1253506222327759,0.1253506222327759,0.1253506222327759,0.0,0.0,0.0,99.99987464812425,1.253518757515e-06,0,0,0
2026-01-01 04:00:00,2,0.0897729694128803,0.0897729694128803,0.0897729694128803,0.0,0.0,0.0,99.99991022613285,8.977386715155186e-07,0,0,0
2026-01-01 04:00:00,3,0.0852026778292647,0.0852026778292647,0.0852026778292647,0.0,0.0,0.0,99.99991479647014,8.520352986456343e-07,0,0,0
2026-01-01 04:00:00,4,0.0830925423616273,0.0830925423616273,0.0830925423616273,0.0,0.0,0.0,99.99991690662671,8.309337329536032e-07,0,0,0
2026-01-01 04:00:00,5,0.0389383951014873,0.0389383951014873,0.0389383951014873,0.0,0.0,0.0,99.99996106121552,3.893878448933222e-07,0,0,0
2026-01-01 04:00:00,6,0.0317069348830034,0.0317069348830034,0.0317069348830034,0.0,0.0,0.0,99.99996829274805,3.1707251955523025e-07,0,0,0
2026-01-01 04:00:00,7,0.0244520853857386,0.0244520853857386,0.0244520853857386,0.0,0.0,0.0,99.99997554767009,2.4452329909037786e-07,0,0,0
2026-01-01 04:00:00,8,0.0224042593259338,0.0224042593259338,0.0224042593259338,0.0,0.0,0.0,99.99997759551663,2.2404483370767543e-07,0,0,0
2026-01-01 04:00:00,9,0.0203507425537236,0.0203507425537236,0.0203507425537236,0.0,0.0,0.0,99.99997964905394,2.0350946063184298e-07,0,0,0
2026-01-01 04:00:00,10,0.0185968449448336,0.0185968449448336,0.0185968449448336,0.0,0.0,0.0,99.99998140296908,1.8597030915142816e-07,0,0,0
2026-01-01 04:00:00,11,0.016329275420294,0.016329275420294,0.016329275420294,0.0,0.0,0.0,99.99998367056129,1.6329438714681207e-07,0,0,0
2026-01-01 04:00:00,12,0.0140554063969911,0.0140554063969911,0.0140554063969911,0.0,0.0,0.0,99.99998594445304,1.4055546952460696e-07,0,0,0
2026-01-01 04:00:00,13,0.0094102176604358,0.0094102176604358,0.0094102176604358,0.0,0.0,0.0,99.99999058968824,9.410311763553477e-08,0,0,0
2026-01-01 04:00:00,14,0.0074338617090242,0.0074338617090241,0.00743386170902415,1.0061396160665481e-16,1.0061396160665481e-16,1.3534530261601972e-14,99.99999256606395,7.433936048384684e-08,0,0,0
2026-01-01 04:00:00,15,0.005346865112242,0.005346865112242,0.005346865112242,0.0,0.0,0.0,99.99999465308142,5.3469185814278656e-08,0,0,0
2026-01-01 04:00:00,16,0.0032601559505602,0.0032601559505602,0.0032601559505602,0.0,0.0,0.0,99.99999673981145,3.260188552445741e-08,0,0,0
2026-01-01 04:00:00,17,0.0123415398744369,0.0123415398744369,0.0123415398744369,0.0,0.0,0.0,99.9999876583367,1.2341663291069882e-07,0,0,0
2026-01-01 04:00:00,18,0.0092628997940646,0.0092628997940646,0.0092628997940646,0.0,0.0,0.0,99.99999073700758,9.262992423988859e-08,0,0,0
2026-01-01 04:00:00,19,0.0061767103392576,0.0061767103392576,0.0061767103392576,0.0,0.0,0.0,99.9999938232279,6.176772106978675e-08,0,0,0
2026-01-01 04:00:00,20,0.0030890301240915,0.0030890301240915,0.0030890301240915,0.0,0.0,0.0,99.99999691093899,3.089061014701729e-08,0,0,0
2026-01-01 04:00:00,21,0.0328416501001354,0.0328416501001354,0.0328416501001354,0.0,0.0,0.0,99.99996715802148,3.2841978519920657e-07,0,0,0
2026-01-01 04:00:00,22,0.0295913133637413,0.0295913133637413,0.0295913133637413,0.0,0.0,0.0,99.99997040839072,2.959160927983419e-07,0,0,0
2026-01-01 04:00:00,23,0.0148126364141765,0.0148126364141765,0.0148126364141765,0.0,0.0,0.0,99.99998518721546,1.4812784542021933e-07,0,0,0
2026-01-01 04:00:00,24,0.0434760455436645,0.0434760455436645,0.0434760455436645,0.0,0.0,0.0,99.99995652351969,4.3476480308467663e-07,0,0,0
2026-01-01 04:00:00,25,0.0415533388166021,0.0415533388166021,0.0415533388166021,0.0,0.0,0.0,99.99995844624564,4.1553754354145677e-07,0,0,0
2026-01-01 04:00:00,26,0.039645890198089,0.039645890198089,0.039645890198089,0.0,0.0,0.0,99.99996035371333,3.964628666095566e-07,0,0,0
2026-01-01 04:00:00,27,0.037869840307744,0.037869840307744,0.037869840307744,0.0,0.0,0.0,99.999962129781,3.787021900993419e-07,0,0,0
2026-01-01 04:00:00,28,0.0336106632074039,0.0336106632074039,0.0336106632074039,0.0,0.0,0.0,99.99996638900068,3.3610999317397166e-07,0,0,0
2026-01-01 04:00:00,29,0.0154994084852165,0.0154994084852165,0.0154994084852165,0.0,0.0,0.0,99.99998450043653,1.549956348085139e-07,0,0,0
2026-01-01 04:00:00,30,0.0100412573317422,0.0100412573317422,0.0100412573317422,0.0,0.0,0.0,99.99998995864226,1.0041357745319713e-07,0,0,0
2026-01-01 04:00:00,31,0.0023811460683611,0.0023811460683611,0.0023811460683611,0.0,0.0,0.0,99.99999761883012,2.3811698800599585e-08,0,0,0
2026-01-01 04:00:00,32,0.0,0.0,0.0,0.0,0.0,0.0,100.0,0.0,0,0,0
2026-01-01 04:00:00,33,0.0,0.0,0.0,0.0,0.0,0.0,100.0,0.0,0,0,0
2026-01-01 04:00:00,34,0.0,0.0,0.0,0.0,0.0,0.0,100.0,0.0,0,0,0
2026-01-01 04:00:00,35,0.0,0.0,0.0,0.0,0.0,0.0,100.0,0.0,0,0,0
2026-01-01 04:00:00,36,0.0,0.0,0.0,0.0,0.0,0.0,100.0,0.0,0,0,0
2026-01-01 04:15:00,0,0.1351833192392366,0.1351833192392366,0.1351833192392366,0.0,0.0,0.0,99.99986481532892,1.3518467108590002e-06,0,0,0
2026-01-01 04:15:00,1,0.1199802552864601,0.1199802552864601,0.1199802552864601,0.0,0.0,0.0,99.9998800185449,1.19981455101e-06,0,0,0
2026-01-01 04:15:00,2,0.085893886086488,0.085893886086488,0.085893886086488,0.0,0.0,0.0,99.99991410525497,8.589474503393836e-07,0,0,0
2026-01-01 04:15:00,3,0.0815148242000456,0.0815148242000455,0.08151482420004555,1.1102230246251565e-16,1.1102230246251565e-16,1.361988937989566e-15,99.99991848436065,8.151563935643917e-07,0,0,0
2026-01-01 04:15:00,4,0.0794934019096264,0.0794934019096264,0.0794934019096264,0.0,0.0,0.0,99.99992050580315,7.949419685159495e-07,0,0,0
2026-01-01 04:15:00,5,0.0372561584346263,0.0372561584346263,0.0372561584346263,0.0,0.0,0.0,99.999962743469,3.7256530999936344e-07,0,0,0
2026-01-01 04:15:00,6,0.0303334616305263,0.0303334616305263,0.0303334616305263,0.0,0.0,0.0,99.99996966623503,3.0333764968176005e-07,0,0,0
2026-01-01 04:15:00,7,0.0233894303938495,0.0233894303938495,0.0233894303938495,0.0,0.0,0.0,99.99997661033571,2.3389664290492454e-07,0,0,0
2026-01-01 04:15:00,8,0.0214296963878201,0.0214296963878201,0.0214296963878201,0.0,0.0,0.0,99.99997857008931,2.1429910686926996e-07,0,0,0
2026-01-01 04:15:00,9,0.0194648831543453,0.0194648831543453,0.0194648831543453,0.0,0.0,0.0,99.9999805349222,1.9465077805123388e-07,0,0,0
2026-01-01 04:15:00,10,0.0177868256131183,0.0177868256131183,0.0177868256131183,0.0,0.0,0.0,99.99998221299651,1.7787003483153186e-07,0,0,0
2026-01-01 04:15:00,11,0.0156174070878168,0.0156174070878168,0.0156174070878168,0.0,0.0,0.0,99.99998438243674,1.5617563263449456e-07,0,0,0
2026-01-01 04:15:00,12,0.0134423832456761,0.0134423832456761,0.0134423832456761,0.0,0.0,0.0,99.99998655748233,1.3442517670852844e-07,0,0,0
2026-01-01 04:15:00,13,0.0089994559536474,0.0089994559536474,0.0089994559536474,0.0,0.0,0.0,99.99999100045405,8.999545949106938e-08,0,0,0
2026-01-01 04:15:00,14,0.0071092093184989,0.0071092093184989,0.0071092093184989,0.0,0.0,0.0,99.99999289071958,7.109280411303111e-08,0,0,0
2026-01-01 04:15:00,15,0.0051132419806995,0.0051132419806995,0.0051132419806995,0.0,0.0,0.0,99.99999488670689,5.113293113630684e-08,0,0,0
2026-01-01 04:15:00,16,0.003117683994935,0.003117683994935,0.003117683994935,0.0,0.0,0.0,99.99999688228483,3.117715172086758e-08,0,0,0
2026-01-01 04:15:00,17,0.0118313389038648,0.0118313389038648,0.0118313389038648,0.0,0.0,0.0,99.99998816854279,1.1831457218436991e-07,0,0,0
2026-01-01 04:15:00,18,0.0088797018217868,0.0088797018217868,0.0088797018217868,0.0,0.0,0.0,99.99999112020939,8.879790619693075e-08,0,0,0
2026-01-01 04:15:00,19,0.0059211277279597,0.0059211277279597,0.0059211277279597,0.0,0.0,0.0,99.99999407881306,5.9211869398291e-08,0,0,0
2026-01-01 04:15:00,20,0.0029611839654863,0.0029611839654863,0.0029611839654863,0.0,0.0,0.0,99.99999703878642,2.9612135776221258e-08,0,0,0
2026-01-01 04:15:00,21,0.031464159771771,0.031464159771771,0.031464159771771,0.0,0.0,0.0,99.99996853552558,3.14644744165152e-07,0,0,0
2026-01-01 04:15:00,22,0.0283494742263688,0.0283494742263688,0.0283494742263688,0.0,0.0,0.0,99.99997165024227,2.83497577239461e-07,0,0,0
2026-01-01 04:15:00,23,0.0141903076207366,0.0141903076207366,0.0141903076207366,0.0,0.0,0.0,99.99998580955048,1.419044952523195e-07,0,0,0
2026-01-01 04:15:00,24,0.0415891897123212,0.0415891897123212,0.0415891897123212,0.0,0.0,0.0,99.99995841039438,4.1589605608377325e-07,0,0,0
2026-01-01 04:15:00,25,0.0397485768903407,0.0397485768903407,0.0397485768903407,0.0,0.0,0.0,99.99996025102563,3.9748974380084574e-07,0,0,0
2026-01-01 04:15:00,26,0.0379227148752678,0.0379227148752678,0.0379227148752678,0.0,0.0,0.0,99.99996207690589,3.7923094106208917e-07,0,0,0
2026-01-01 04:15:00,27,0.0362232386833542,0.0362232386833542,0.0362232386833542,0.0,0.0,0.0,99.99996377639908,3.6223600919363445e-07,0,0,0
2026-01-01 04:15:00,28,0.0321486488639482,0.0321486488639482,0.0321486488639482,0.0,0.0,0.0,99.99996785102965,3.214897035365176e-07,0,0,0
2026-01-01 04:15:00,29,0.014824024545693,0.014824024545693,0.014824024545693,0.0,0.0,0.0,99.9999851758272,1.482417278742096e-07,0,0,0
2026-01-01 04:15:00,30,0.0096036031438167,0.0096036031438167,0.0096036031438167,0.0,0.0,0.0,99.99999039630082,9.603699180808547e-08,0,0,0
2026-01-01 04:15:00,31,0.0022773461974621,0.0022773461974621,0.0022773461974621,0.0,0.0,0.0,99.99999772263102,2.2773689711518812e-08,0,0,0
2026-01-01 04:15:00,32,0.0,0.0,0.0,0.0,0.0,0.0,100.0,0.0,0,0,0
2026-01-01 04:15:00,33,0.0,0.0,0.0,0.0,0.0,0.0,100.0,0.0,0,0,0
2026-01-01 04:15:00,34,0.0,0.0,0.0,0.0,0.0,0.0,100.0,0.0,0,0,0
2026-01-01 04:15:00,35,0.0,0.0,0.0,0.0,0.0,0.0,100.0,0.0,0,0,0
2026-01-01 04:15:00,36,0.0,0.0,0.0,0.0,0.0,0.0,100.0,0.0,0,0,0
2026-01-01 04:30:00,0,0.1476427957280457,0.1476427957280457,0.1476427957280457,0.0,0.0,0.0,99.99985235572782,1.476442721707e-06,0,0,0
2026-01-01 04:30:00,1,0.1310871408596435,0.1310871408596435,0.1310871408596435,0.0,0.0,0.0,99.99986891154826,1.310884517441e-06,0,0,0
2026-01-01 04:30:00,2,0.093919967261868,0.0939199672618681,0.09391996726186805,-9.71445146547012e-17,9.71445146547012e-17,1.0343328170091272e-15,99.99990607909353,9.392090647093285e-07,0,0,0
2026-01-01 04:30:00,3,0.0891458791248286,0.0891458791248286,0.0891458791248286,0.0,0.0,0.0,99.99991085322941,8.914677059253461e-07,0,0,0
2026-01-01 04:30:00,4,0.0869411576041461,0.0869411576041461,0.0869411576041461,0.0,0.0,0.0,99.99991305797298,8.694202702441635e-07,0,0,0
2026-01-01 04:30:00,5,0.0407367777710733,0.0407367777710733,0.0407367777710733,0.0,0.0,0.0,99.99995926281485,4.073718514292476e-07,0,0,0
2026-01-01 04:30:00,6,0.0331756208735856,0.0331756208735856,0.0331756208735856,0.0,0.0,0.0,99.99996682404736,3.317595263311194e-07,0,0,0
2026-01-01 04:30:00,7,0.025588770182576,0.025588770182576,0.025588770182576,0.0,0.0,0.0,99.99997441097393,2.558902607283681e-07,0,0,0
2026-01-01 04:30:00,8,0.0234468107959876,0.0234468107959876,0.0234468107959876,0.0,0.0,0.0,99.99997655295473,2.3447045266440296e-07,0,0,0
2026-01-01 04:30:00,9,0.0212984684656818,0.0212984684656818,0.0212984684656818,0.0,0.0,0.0,99.99997870131855,2.1298681452496345e-07,0,0,0
2026-01-01 04:30:00,10,0.0194634881923997,0.0194634881923997,0.0194634881923997,0.0,0.0,0.0,99.99998053631717,1.9463682829227998e-07,0,0,0
2026-01-01 04:30:00,11,0.0170909722425318,0.0170909722425318,0.0170909722425318,0.0,0.0,0.0,99.99998290885685,1.709114315396335e-07,0,0,0
2026-01-01 04:30:00,12,0.0147113694762161,0.0147113694762161,0.0147113694762161,0.0,0.0,0.0,99.99998528848342,1.471151659138207e-07,0,0,0
2026-01-01 04:30:00,13,0.0098497878871107,0.0098497878871107,0.0098497878871107,0.0,0.0,0.0,99.99999015011362,9.849886385974623e-08,0,0,0
2026-01-01 04:30:00,14,0.0077813005746083,0.0077813005746083,0.0077813005746083,0.0,0.0,0.0,99.99999221862161,7.781378388392206e-08,0,0,0
2026-01-01 04:30:00,15,0.0055968978810004,0.0055968978810004,0.0055968978810004,0.0,0.0,0.0,99.99999440304614,5.596953850539001e-08,0,0,0
2026-01-01 04:30:00,16,0.0034126377488768,0.0034126377488768,0.0034126377488768,0.0,0.0,0.0,99.99999658732813,3.412671875595611e-08,0,0,0
2026-01-01 04:30:00,17,0.0128846472878365,0.0128846472878365,0.0128846472878365,0.0,0.0,0.0,99.99998711522386,1.288477613559791e-07,0,0,0
2026-01-01 04:30:00,18,0.0096708384473106,0.0096708384473106,0.0096708384473106,0.0,0.0,0.0,99.99999032906484,9.670935156662249e-08,0,0,0
2026-01-01 04:30:00,19,0.0064487998035636,0.0064487998035636,0.0064487998035636,0.0,0.0,0.0,99.9999935511357,6.448864292206617e-08,0,0,0
2026-01-01 04:30:00,20,0.0032251358222052,0.0032251358222052,0.0032251358222052,0.0,0.0,0.0,99.99999677483193,3.225168073885983e-08,0,0,0
2026-01-01 04:30:00,21,0.0343099697644969,0.0343099697644969,0.0343099697644969,0.0,0.0,0.0,99.99996568968713,3.431031286762562e-07,0,0,0
2026-01-01 04:30:00,22,0.0309151038218759,0.0309151038218759,0.0309151038218759,0.0,0.0,0.0,99.99996908458702,3.0915412976005726e-07,0,0,0
2026-01-01 04:30:00,23,0.0154761025944018,0.0154761025944018,0.0154761025944018,0.0,0.0,0.0,99.99998452374264,1.547625735697546e-07,0,0,0
2026-01-01 04:30:00,24,0.0454940792286736,0.0454940792286736,0.0454940792286736,0.0,0.0,0.0,99.99995450546582,4.54945341740154e-07,0,0,0
2026-01-01 04:30:00,25,0.043483712807318,0.043483712807318,0.043483712807318,0.0,0.0,0.0,99.99995651585235,4.34841476487945e-07,0,0,0
2026-01-01 04:30:00,26,0.0414891311542899,0.0414891311542899,0.0414891311542899,0.0,0.0,0.0,99.99995851045395,4.1489546049750415e-07,0,0,0
2026-01-01 04:30:00,27,0.0396312377981388,0.0396312377981388,0.0396312377981388,0.0,0.0,0.0,99.99996036836589,3.9631634114479955e-07,0,0,0
2026-01-01 04:30:00,28,0.0351746687794924,0.0351746687794924,0.0351746687794924,0.0,0.0,0.0,99.99996482497947,3.517502052969778e-07,0,0,0
2026-01-01 04:30:00,29,0.0162220340973563,0.0162220340973563,0.0162220340973563,0.0,0.0,0.0,99.99998377780368,1.6222196319319565e-07,0,0,0
2026-01-01 04:30:00,30,0.0105095360686831,0.0105095360686831,0.0105095360686831,0.0,0.0,0.0,99.99998949035883,1.0509641165094781e-07,0,0,0
2026-01-01 04:30:00,31,0.002492210996871,0.002492210996871,0.002492210996871,0.0,0.0,0.0,99.99999750776408,2.4922359192302302e-08,0,0,0
2026-01-01 04:30:00,32,0.0,0.0,0.0,0.0,0.0,0.0,100.0,0.0,0,0,0
2026-01-01 04:30:00,33,0.0,0.0,0.0,0.0,0.0,0.0,100.0,0.0,0,0,0
2026-01-01 04:30:00,34,0.0,0.0,0.0,0.0,0.0,0.0,100.0,0.0,0,0,0
2026-01-01 04:30:00,35,0.0,0.0,0.0,0.0,0.0,0.0,100.0,0.0,0,0,0
2026-01-01 04:30:00,36,0.0,0.0,0.0,0.0,0.0,0.0,100.0,0.0,0,0,0
2026-01-01 04:45:00,0,0.1444646896751744,0.1444646896751744,0.1444646896751744,0.0,0.0,0.0,99.99985553386567,1.444661343365e-06,0,0,0
2026-01-01 04:45:00,1,0.1282532429956609,0.1282532429956609,0.1282532429956609,0.0,0.0,0.0,99.99987174547447,1.282545255409e-06,0,0,0
2026-01-01 04:45:00,2,0.0918708632938024,0.0918708632938024,0.0918708632938024,0.0,0.0,0.0,99.99990812821798,9.18717820116226e-07,0,0,0
2026-01-01 04:45:00,3,0.0871973917261267,0.0871973917261267,0.0871973917261267,0.0,0.0,0.0,99.99991280173629,8.719826370876386e-07,0,0,0
2026-01-01 04:45:00,4,0.0850393739272326,0.0850393739272326,0.0850393739272326,0.0,0.0,0.0,99.99991495977567,8.50402243294759e-07,0,0,0
2026-01-01 04:45:00,5,0.039848170953921,0.039848170953921,0.039848170953921,0.0,0.0,0.0,99.99996015143056,3.984856943961541e-07,0,0,0
2026-01-01 04:45:00,6,0.0324498719935826,0.0324498719935827,0.03244987199358265,-9.71445146547012e-17,9.71445146547012e-17,2.9936785185817476e-15,99.9999675498035,3.245019649554766e-07,0,0,0
2026-01-01 04:45:00,7,0.0250270320416384,0.0250270320416384,0.0250270320416384,0.0,0.0,0.0,99.99997497271768,2.5027282314461616e-07,0,0,0
2026-01-01 04:45:00,8,0.0229315799999194,0.0229315799999194,0.0229315799999194,0.0,0.0,0.0,99.99997706819069,2.2931809318012585e-07,0,0,0
2026-01-01 04:45:00,9,0.0208300920461235,0.0208300920461235,0.0208300920461235,0.0,0.0,0.0,99.99997916969966,2.0830300349127e-07,0,0,0
2026-01-01 04:45:00,10,0.0190351767167518,0.0190351767167518,0.0190351767167518,0.0,0.0,0.0,99.99998096463293,1.9035367070422563e-07,0,0,0
2026-01-01 04:45:00,11,0.0167145187604124,0.0167145187604124,0.0167145187604124,0.0,0.0,0.0,99.99998328531409,1.6714685907271495e-07,0,0,0
2026-01-01 04:45:00,12,0.0143871689121277,0.0143871689121277,0.0143871689121277,0.0,0.0,0.0,99.99998561268721,1.438731278525557e-07,0,0,0
2026-01-01 04:45:00,13,0.009632531747649,0.009632531747649,0.009632531747649,0.0,0.0,0.0,99.99999036737192,9.632628073929837e-08,0,0,0
2026-01-01 04:45:00,14,0.0076095778178141,0.0076095778178141,0.0076095778178141,0.0,0.0,0.0,99.99999239034608,7.60965391435332e-08,0,0,0
2026-01-01 04:45:00,15,0.0054733168282748,0.0054733168282748,0.0054733168282748,0.0,0.0,0.0,99.99999452662844,5.473371561990514e-08,0,0,0
2026-01-01 04:45:00,16,0.0033372718252982,0.0033372718252982,0.0033372718252982,0.0,0.0,0.0,99.9999966626948,3.337305198350203e-08,0,0,0
2026-01-01 04:45:00,17,0.0126165896978919,0.0126165896978919,0.0126165896978919,0.0,0.0,0.0,99.99998738328414,1.261671586505057e-07,0,0,0
2026-01-01 04:45:00,18,0.009469491828397,0.009469491828397,0.009469491828397,0.0,0.0,0.0,99.99999053041347,9.46958652426228e-08,0,0,0
2026-01-01 04:45:00,19,0.0063145036731855,0.0063145036731855,0.0063145036731855,0.0,0.0,0.0,99.99999368543318,6.314566818853712e-08,0,0,0
2026-01-01 04:45:00,20,0.0031579573344365,0.0031579573344365,0.0031579573344365,0.0,0.0,0.0,99.99999684201109,3.1579889143257104e-08,0,0,0
2026-01-01 04:45:00,21,0.0335850050838516,0.0335850050838516,0.0335850050838516,0.0,0.0,0.0,99.99996641465906,3.3585340937261065e-07,0,0,0
2026-01-01 04:45:00,22,0.030261490053869,0.030261490053869,0.030261490053869,0.0,0.0,0.0,99.99996973820733,3.026179267179581e-07,0,0,0
2026-01-01 04:45:00,23,0.0151485111865264,0.0151485111865264,0.0151485111865264,0.0,0.0,0.0,99.99998485133733,1.5148662673153194e-07,0,0,0
2026-01-01 04:45:00,24,0.0444968223537066,0.0444968223537066,0.0444968223537066,0.0,0.0,0.0,99.99995550273267,4.449726732637992e-07,0,0,0
2026-01-01 04:45:00,25,0.0425297566264824,0.0425297566264824,0.0425297566264824,0.0,0.0,0.0,99.99995746981807,4.253018192830173e-07,0,0,0
2026-01-01 04:45:00,26,0.0405782174257345,0.0405782174257345,0.0405782174257345,0.0,0.0,0.0,99.99995942137679,4.0578623211966667e-07,0,0,0
2026-01-01 04:45:00,27,0.0387607619013914,0.0387607619013914,0.0387607619013914,0.0,0.0,0.0,99.99996123885049,3.876114951288653e-07,0,0,0
2026-01-01 04:45:00,28,0.0344017349803056,0.0344017349803056,0.0344017349803056,0.0,0.0,0.0,99.999965597921,3.440207900109566e-07,0,0,0
2026-01-01 04:45:00,29,0.0158648950770809,0.0158648950770809,0.0158648950770809,0.0,0.0,0.0,99.99998413494627,1.5865053727618195e-07,0,0,0
2026-01-01 04:45:00,30,0.0102780999231882,0.0102780999231882,0.0102780999231882,0.0,0.0,0.0,99.99998972179729,1.027820270521531e-07,0,0,0
2026-01-01 04:45:00,31,0.0024373194511069,0.0024373194511069,0.0024373194511069,0.0,0.0,0.0,99.99999756265618,2.4373438245452235e-08,0,0,0
2026-01-01 04:45:00,32,0.0,0.0,0.0,0.0,0.0,0.0,100.0,0.0,0,0,0
2026-01-01 04:45:00,33,0.0,0.0,0.0,0.0,0.0,0.0,100.0,0.0,0,0,0
2026-01-01 04:45:00,34,0.0,0.0,0.0,0.0,0.0,0.0,100.0,0.0,0,0,0
2026-01-01 04:45:00,35,0.0,0.0,0.0,0.0,0.0,0.0,100.0,0.0,0,0,0
2026-01-01 04:45:00,36,0.0,0.0,0.0,0.0,0.0,0.0,100.0,0.0,0,0,0
2026-01-01 05:00:00,0,0.1461498973291221,0.1461498973291221,0.1461498973291221,0.0,0.0,0.0,99.99985384864115,1.4615135884270002e-06,0,0,0
2026-01-01 05:00:00,1,0.1297558636896313,0.1297558636896312,0.12975586368963127,8.326672684688674e-17,8.326672684688674e-17,6.417183629471452e-16,99.99987024283874,1.297571612612e-06,0,0,0
2026-01-01 05:00:00,2,0.0929572534717194,0.0929572534717194,0.0929572534717194,0.0,0.0,0.0,99.99990704181694,9.295818305354996e-07,0,0,0
2026-01-01 05:00:00,3,0.0882304170357429,0.0882304170357429,0.0882304170357429,0.0,0.0,0.0,99.99991176870066,8.823129934873645e-07,0,0,0
2026-01-01 05:00:00,4,0.0860476299349289,0.0860476299349289,0.0860476299349289,0.0,0.0,0.0,99.99991395150958,8.604849041983319e-07,0,0,0
2026-01-01 05:00:00,5,0.0403192923269626,0.0403192923269626,0.0403192923269626,0.0,0.0,0.0,99.99995968030447,4.031969552391786e-07,0,0,0
2026-01-01 05:00:00,6,0.032834637124361,0.032834637124361,0.032834637124361,0.0,0.0,0.0,99.99996716503452,3.2834965474015794e-07,0,0,0
2026-01-01 05:00:00,7,0.0253248332908545,0.0253248332908545,0.0253248332908545,0.0,0.0,0.0,99.99997467491346,2.532508654171997e-07,0,0,0
2026-01-01 05:00:00,8,0.0232047227120526,0.0232047227120526,0.0232047227120526,0.0,0.0,0.0,99.99997679504524,2.3204954761600258e-07,0,0,0
2026-01-01 05:00:00,9,0.0210783934459357,0.0210783934459357,0.0210783934459357,0.0,0.0,0.0,99.99997892139577,2.1078604231978028e-07,0,0,0
2026-01-01 05:00:00,10,0.0192622366993622,0.0192622366993622,0.0192622366993622,0.0,0.0,0.0,99.99998073757068,1.926242932365551e-07,0,0,0
2026-01-01 05:00:00,11,0.0169140852931721,0.0169140852931721,0.0169140852931721,0.0,0.0,0.0,99.99998308574557,1.6914254435716482e-07,0,0,0
2026-01-01 05:00:00,12,0.0145590340782106,0.0145590340782106,0.0145590340782106,0.0,0.0,0.0,99.99998544082032,1.4559179670007315e-07,0,0,0
2026-01-01 05:00:00,13,0.009747702389758,0.009747702389758,0.009747702389758,0.0,0.0,0.0,99.99999025220013,9.74779986775671e-08,0,0,0
2026-01-01 05:00:00,14,0.0077006099964281,0.0077006099964281,0.0077006099964281,0.0,0.0,0.0,99.99999229931299,7.700687003298148e-08,0,0,0
2026-01-01 05:00:00,15,0.0055388281794802,0.0055388281794802,0.0055388281794802,0.0,0.0,0.0,99.99999446111643,5.5388835683159254e-08,0,0,0
2026-01-01 05:00:00,16,0.0033772238347419,0.0033772238347419,0.0033772238347419,0.0,0.0,0.0,99.99999662274239,3.377257607318027e-08,0,0,0
2026-01-01 05:00:00,17,0.0127587812536752,0.0127587812536752,0.0127587812536752,0.0,0.0,0.0,99.99998724109116,1.2758908842763657e-07,0,0,0
2026-01-01 05:00:00,18,0.0095762956485017,0.0095762956485017,0.0095762956485017,0.0,0.0,0.0,99.9999904236086,9.576391412415915e-08,0,0,0
2026-01-01 05:00:00,19,0.0063857405542131,0.0063857405542131,0.0063857405542131,0.0,0.0,0.0,99.99999361419559,6.385804412257279e-08,0,0,0
2026-01-01 05:00:00,20,0.0031935918320388,0.0031935918320388,0.0031935918320388,0.0,0.0,0.0,99.99999680637623,3.1936237682764984e-08,0,0,0
2026-01-01 05:00:00,21,0.0339695012585192,0.0339695012585192,0.0339695012585192,0.0,0.0,0.0,99.99996603015904,3.3969840956928815e-07,0,0,0
2026-01-01 05:00:00,22,0.0306081420857404,0.0306081420857404,0.0306081420857404,0.0,0.0,0.0,99.99996939155183,3.0608448170222187e-07,0,0,0
2026-01-01 05:00:00,23,0.0153222511270376,0.0153222511270375,0.01532225112703755,9.8879238130678e-17,9.8879238130678e-17,6.453305899884196e-15,99.99998467759565,1.532240435108111e-07,0,0,0
2026-01-01 05:00:00,24,0.0450255191150048,0.0450255191150048,0.0450255191150048,0.0,0.0,0.0,99.99995497403063,4.502596937469855e-07,0,0,0
2026-01-01 05:00:00,25,0.0430354930243341,0.0430354930243341,0.0430354930243341,0.0,0.0,0.0,99.99995696407662,4.3035923383567976e-07,0,0,0
2026-01-01 05:00:00,26,0.041061130829635,0.041061130829635,0.041061130829635,0.0,0.0,0.0,99.99995893845856,4.1061541445049516e-07,0,0,0
2026-01-01 05:00:00,27,0.0392222354565026,0.0392222354565026,0.0392222354565026,0.0,0.0,0.0,99.99996077737232,3.9222627682779524e-07,0,0,0
2026-01-01 05:00:00,28,0.0348114956889899,0.0348114956889899,0.0348114956889899,0.0,0.0,0.0,99.9999651881562,3.481184380742802e-07,0,0,0
2026-01-01 05:00:00,29,0.0160542236295451,0.0160542236295451,0.0160542236295451,0.0,0.0,0.0,99.99998394561582,1.605438417338684e-07,0,0,0
2026-01-01 05:00:00,30,0.0104007898023599,0.0104007898023599,0.0104007898023599,0.0,0.0,0.0,99.99998959910619,1.0400893811298049e-07,0,0,0
2026-01-01 05:00:00,31,0.0024664187288646,0.0024664187288646,0.0024664187288646,0.0,0.0,0.0,99.99999753355661,2.466443393298534e-08,0,0,0
2026-01-01 05:00:00,32,0.0,0.0,0.0,0.0,0.0,0.0,100.0,0.0,0,0,0
2026-01-01 05:00:00,33,0.0,0.0,0.0,0.0,0.0,0.0,100.0,0.0,0,0,0
2026-01-01 05:00:00,34,0.0,0.0,0.0,0.0,0.0,0.0,100.0,0.0,0,0,0
2026-01-01 05:00:00,35,0.0,0.0,0.0,0.0,0.0,0.0,100.0,0.0,0,0,0
2026-01-01 05:00:00,36,0.0,0.0,0.0,0.0,0.0,0.0,100.0,0.0,0,0,0
2026-01-01 05:15:00,0,0.1460190609893159,0.1460190609893159,0.1460190609893159,0.0,0.0,0.0,99.9998539794788,1.460205211945e-06,0,0,0
2026-01-01 05:15:00,1,0.1296391970232799,0.1296391970232799,0.1296391970232799,0.0,0.0,0.0,99.99987035950657,1.296404934282e-06,0,0,0
2026-01-01 05:15:00,2,0.0928728943019164,0.0928728943019164,0.0928728943019164,0.0,0.0,0.0,99.99990712617696,9.287382304014687e-07,0,0,0
2026-01-01 05:15:00,3,0.0881501999175711,0.0881501999175711,0.0881501999175711,0.0,0.0,0.0,99.99991184891857,8.815108142838542e-07,0,0,0
2026-01-01 05:15:00,4,0.0859693354906132,0.0859693354906132,0.0859693354906132,0.0,0.0,0.0,99.99991402980481,8.597019519256521e-07,0,0,0
2026-01-01 05:15:00,5,0.0402827087558096,0.0402827087558096,0.0402827087558096,0.0,0.0,0.0,99.99995971688841,4.0283111586925516e-07,0,0,0
2026-01-01 05:15:00,6,0.032804758788161,0.032804758788161,0.032804758788161,0.0,0.0,0.0,99.99996719491315,3.280508683902943e-07,0,0,0
2026-01-01 05:15:00,7,0.0253017069713539,0.025301706971354,0.02530170697135395,-1.0061396160665481e-16,1.0061396160665481e-16,3.976566559517187e-15,99.99997469804,2.530195999095391e-07,0,0,0
2026-01-01 05:15:00,8,0.0231835110351577,0.0231835110351577,0.0231835110351577,0.0,0.0,0.0,99.99997681625713,2.3183742872586502e-07,0,0,0
2026-01-01 05:15:00,9,0.0210591107180324,0.0210591107180324,0.0210591107180324,0.0,0.0,0.0,99.99997894067869,2.1059321311245592e-07,0,0,0
2026-01-01 05:15:00,10,0.0192446034024984,0.0192446034024984,0.0192446034024984,0.0,0.0,0.0,99.99998075520415,1.9244795850456954e-07,0,0,0
2026-01-01 05:15:00,11,0.0168985869001512,0.0168985869001512,0.0168985869001512,0.0,0.0,0.0,99.99998310124411,1.6898755887710157e-07,0,0,0
2026-01-01 05:15:00,12,0.0145456867575408,0.0145456867575408,0.0145456867575408,0.0,0.0,0.0,99.99998545416778,1.454583221586298e-07,0,0,0
2026-01-01 05:15:00,13,0.009738757994736,0.009738757994736,0.009738757994736,0.0,0.0,0.0,99.99999026114462,9.738855383289851e-08,0,0,0
2026-01-01 05:15:00,14,0.0076935402323262,0.0076935402323262,0.0076935402323262,0.0,0.0,0.0,99.99999230638284,7.69361716849797e-08,0,0,0
2026-01-01 05:15:00,15,0.0055337403240014,0.0055337403240014,0.0055337403240014,0.0,0.0,0.0,99.99999446620434,5.533795661958112e-08,0,0,0
2026-01-01 05:15:00,16,0.0033741210448651,0.0033741210448651,0.0033741210448651,0.0,0.0,0.0,99.99999662584521,3.374154786412976e-08,0,0,0
2026-01-01 05:15:00,17,0.0127477463785742,0.0127477463785742,0.0127477463785742,0.0,0.0,0.0,99.99998725212615,1.2747873857312822e-07,0,0,0
2026-01-01 05:15:00,18,0.0095680069925367,0.0095680069925367,0.0095680069925367,0.0,0.0,0.0,99.99999043189733,9.5681026735635e-08,0,0,0
2026-01-01 05:15:00,19,0.0063802121009564,0.0063802121009564,0.0063802121009564,0.0,0.0,0.0,99.9999936197241,6.380275903715475e-08,0,0,0
2026-01-01 05:15:00,20,0.0031908263513222,0.0031908263513222,0.0031908263513222,0.0,0.0,0.0,99.99999680914173,3.1908582599048895e-08,0,0,0
2026-01-01 05:15:00,21,0.0339396566907162,0.0339396566907162,0.0339396566907162,0.0,0.0,0.0,99.99996606000391,3.3939996090677105e-07,0,0,0
2026-01-01 05:15:00,22,0.0305812347813359,0.0305812347813359,0.0305812347813359,0.0,0.0,0.0,99.9999694184594,3.0581540596741955e-07,0,0,0
2026-01-01 05:15:00,23,0.0153087651548878,0.0153087651548878,0.0153087651548878,0.0,0.0,0.0,99.99998469108175,1.5308918244070296e-07,0,0,0
2026-01-01 05:15:00,24,0.0449844628295553,0.0449844628295553,0.0449844628295553,0.0,0.0,0.0,99.99995501508732,4.498491267868211e-07,0,0,0
2026-01-01 05:15:00,25,0.0429962193243626,0.0429962193243626,0.0429962193243626,0.0,0.0,0.0,99.99995700335072,4.299664929085552e-07,0,0,0
2026-01-01 05:15:00,26,0.0410236292528771,0.0410236292528771,0.0410236292528771,0.0,0.0,0.0,99.99995897596051,4.1024039493272123e-07,0,0,0
2026-01-01 05:15:00,27,0.0391863986313067,0.0391863986313067,0.0391863986313067,0.0,0.0,0.0,99.9999608132095,3.9186790499211703e-07,0,0,0
2026-01-01 05:15:00,28,0.0347796742913328,0.0347796742913328,0.0347796742913328,0.0,0.0,0.0,99.99996521997791,3.4780022091553746e-07,0,0,0
2026-01-01 05:15:00,29,0.0160395203759916,0.0160395203759916,0.0160395203759916,0.0,0.0,0.0,99.99998396031923,1.6039680772799363e-07,0,0,0
2026-01-01 05:15:00,30,0.0103912616492954,0.0103912616492954,0.0103912616492954,0.0,0.0,0.0,99.99998960863444,1.0391365562951079e-07,0,0,0
2026-01-01 05:15:00,31,0.0024641588578069,0.0024641588578069,0.0024641588578069,0.0,0.0,0.0,99.9999975358165,2.4641834996419268e-08,0,0,0
2026-01-01 05:15:00,32,0.0,0.0,0.0,0.0,0.0,0.0,100.0,0.0,0,0,0
2026-01-01 05:15:00,33,0.0,0.0,0.0,0.0,0.0,0.0,100.0,0.0,0,0,0
2026-01-01 05:15:00,34,0.0,0.0,0.0,0.0,0.0,0.0,100.0,0.0,0,0,0
2026-01-01 05:15:00,35,0.0,0.0,0.0,0.0,0.0,0.0,100.0,0.0,0,0,0
2026-01-01 05:15:00,36,0.0,0.0,0.0,0.0,0.0,0.0,100.0,0.0,0,0,0
2026-01-01 05:30:00,0,0.1600214870174337,0.1600214870174337,0.1600214870174337,0.0,0.0,0.0,99.99983997691275,1.600230872483e-06,0,0,0
2026-01-01 05:30:00,1,0.1421304271752027,0.1421304271752027,0.1421304271752027,0.0,0.0,0.0,99.99985786815151,1.421318484936e-06,0,0,0
2026-01-01 05:30:00,2,0.1019133858655657,0.1019133858655657,0.1019133858655657,0.0,0.0,0.0,99.99989808559499,1.019144050096e-06,0,0,0
2026-01-01 05:30:00,3,0.0967483523512861,0.0967483523512861,0.0967483523512861,0.0,0.0,0.0,99.99990325068016,9.674931984448462e-07,0,0,0
2026-01-01 05:30:00,4,0.094362059722815,0.094362059722815,0.094362059722815,0.0,0.0,0.0,99.99990563699664,9.436300335284852e-07,0,0,0
2026-01-01 05:30:00,5,0.0442030730666415,0.0442030730666415,0.0442030730666415,0.0,0.0,0.0,99.9999557964849,4.4203515101792564e-07,0,0,0
2026-01-01 05:30:00,6,0.0360075726860044,0.0360075726860044,0.0360075726860044,0.0,0.0,0.0,99.99996399206724,3.6007932765332077e-07,0,0,0
2026-01-01 05:30:00,7,0.0277816215572824,0.0277816215572824,0.0277816215572824,0.0,0.0,0.0,99.99997221810062,2.778189937627624e-07,0,0,0
2026-01-01 05:30:00,8,0.0254583454442355,0.0254583454442355,0.0254583454442355,0.0,0.0,0.0,99.99997454139996,2.545860003023582e-07,0,0,0
2026-01-01 05:30:00,9,0.0231272387442731,0.0231272387442731,0.0231272387442731,0.0,0.0,0.0,99.99997687252998,2.3127470018973348e-07,0,0,0
2026-01-01 05:30:00,10,0.0211359571412225,0.0211359571412225,0.0211359571412225,0.0,0.0,0.0,99.9999788638315,2.113616850290755e-07,0,0,0
2026-01-01 05:30:00,11,0.0185611071916083,0.0185611071916083,0.0185611071916083,0.0,0.0,0.0,99.9999814387072,1.8561292804536424e-07,0,0,0
2026-01-01 05:30:00,12,0.0159775196765965,0.0159775196765965,0.0159775196765965,0.0,0.0,0.0,99.99998402232055,1.59776794533911e-07,0,0,0
2026-01-01 05:30:00,13,0.0106983602336213,0.0106983602336213,0.0106983602336213,0.0,0.0,0.0,99.99998930153278,1.0698467218293535e-07,0,0,0
2026-01-01 05:30:00,14,0.0084520678129811,0.0084520678129811,0.0084520678129811,0.0,0.0,0.0,99.99999154784767,8.452152334504464e-08,0,0,0
2026-01-01 05:30:00,15,0.0060796487861457,0.0060796487861457,0.0060796487861457,0.0,0.0,0.0,99.99999392029042,6.079709583241563e-08,0,0,0
2026-01-01 05:30:00,16,0.0037070498055268,0.0037070498055268,0.0037070498055268,0.0,0.0,0.0,99.99999629291312,3.7070868763955935e-08,0,0,0
2026-01-01 05:30:00,17,0.0139246865553731,0.0139246865553731,0.0139246865553731,0.0,0.0,0.0,99.99998607517419,1.3924825803631144e-07,0,0,0
2026-01-01 05:30:00,18,0.01045210598835,0.01045210598835,0.01045210598835,0.0,0.0,0.0,99.99998954778948,1.0452210510455125e-07,0,0,0
2026-01-01 05:30:00,19,0.0069699103230842,0.0069699103230842,0.0069699103230842,0.0,0.0,0.0,99.99999303001998,6.969980022884491e-08,0,0,0
2026-01-01 05:30:00,20,0.0034858152525952,0.0034858152525952,0.0034858152525952,0.0,0.0,0.0,99.99999651414988,3.4858501110963895e-08,0,0,0
2026-01-01 05:30:00,21,0.0371275410044019,0.0371275410044019,0.0371275410044019,0.0,0.0,0.0,99.99996287208772,3.712791228352477e-07,0,0,0
2026-01-01 05:30:00,22,0.0334555297357874,0.0334555297357874,0.0334555297357874,0.0,0.0,0.0,99.9999665441357,3.3455864294430435e-07,0,0,0
2026-01-01 05:30:00,23,0.0167495297051804,0.0167495297051804,0.0167495297051804,0.0,0.0,0.0,99.9999832503028,1.674969720215249e-07,0,0,0
2026-01-01 05:30:00,24,0.0493864021799895,0.0493864021799895,0.0493864021799895,0.0,0.0,0.0,99.99995061310395,4.938689604895001e-07,0,0,0
2026-01-01 05:30:00,25,0.0472073766732843,0.0472073766732843,0.0472073766732843,0.0,0.0,0.0,99.99995279215125,4.720784875177183e-07,0,0,0
2026-01-01 05:30:00,26,0.0450451048794254,0.0450451048794254,0.0450451048794254,0.0,0.0,0.0,99.99995495444466,4.504555533497877e-07,0,0,0
2026-01-01 05:30:00,27,0.0430295129033376,0.0430295129033376,0.0430295129033376,0.0,0.0,0.0,99.9999569700568,4.3029943202769733e-07,0,0,0
2026-01-01 05:30:00,28,0.0381923043266371,0.0381923043266371,0.0381923043266371,0.0,0.0,0.0,99.99996180731375,3.819268625349965e-07,0,0,0
2026-01-01 05:30:00,29,0.0176166609036405,0.0176166609036405,0.0176166609036405,0.0,0.0,0.0,99.99998238316293,1.7616837072011307e-07,0,0,0
2026-01-01 05:30:00,30,0.0114133219208793,0.0114133219208793,0.0114133219208793,0.0,0.0,0.0,99.99998858656394,1.1413436055239856e-07,0,0,0
2026-01-01 05:30:00,31,0.0027065733062605,0.0027065733062605,0.0027065733062605,0.0,0.0,0.0,99.99999729339963,2.7066003722642337e-08,0,0,0
2026-01-01 05:30:00,32,0.0,0.0,0.0,0.0,0.0,0.0,100.0,0.0,0,0,0
2026-01-01 05:30:00,33,0.0,0.0,0.0,0.0,0.0,0.0,100.0,0.0,0,0,0
2026-01-01 05:30:00,34,0.0,0.0,0.0,0.0,0.0,0.0,100.0,0.0,0,0,0
2026-01-01 05:30:00,35,0.0,0.0,0.0,0.0,0.0,0.0,100.0,0.0,0,0,0
2026-01-01 05:30:00,36,0.0,0.0,0.0,0.0,0.0,0.0,100.0,0.0,0,0,0
2026-01-01 05:45:00,0,0.1551874679443868,0.1551874679443868,0.1551874679443868,0.0,0.0,0.0,99.99984481098016,1.551890198345e-06,0,0,0
2026-01-01 05:45:00,1,0.1378168962007458,0.1378168962007458,0.1378168962007458,0.0,0.0,0.0,99.99986218172562,1.378182743834e-06,0,0,0
2026-01-01 05:45:00,2,0.0987895502586158,0.0987895502586158,0.0987895502586158,0.0,0.0,0.0,99.99990120946184,9.879053816399747e-07,0,0,0
2026-01-01 05:45:00,3,0.0937770037725404,0.0937770037725405,0.09377700377254045,-9.71445146547012e-17,9.71445146547012e-17,1.0359096621516301e-15,99.99990622205844,9.377794155195603e-07,0,0,0
2026-01-01 05:45:00,4,0.0914615521259158,0.0914615521259158,0.0914615521259158,0.0,0.0,0.0,99.99990853753324,9.146246675058332e-07,0,0,0
2026-01-01 05:45:00,5,0.0428484616588499,0.0428484616588499,0.0428484616588499,0.0,0.0,0.0,99.99995715110985,4.284889014775147e-07,0,0,0
2026-01-01 05:45:00,6,0.0349006811421883,0.0349006811421883,0.0349006811421883,0.0,0.0,0.0,99.99996509896985,3.49010301524899e-07,0,0,0
2026-01-01 05:45:00,7,0.0269243588719634,0.0269243588719635,0.02692435887196345,-1.0061396160665481e-16,1.0061396160665481e-16,3.736910680622293e-15,99.99997307537188,2.6924628118244694e-07,0,0,0
2026-01-01 05:45:00,8,0.0246719214258154,0.0246719214258154,0.0246719214258154,0.0,0.0,0.0,99.99997532783185,2.4672168147496937e-07,0,0,0
2026-01-01 05:45:00,9,0.0224122369850131,0.0224122369850131,0.0224122369850131,0.0,0.0,0.0,99.9999775875389,2.2412461109624234e-07,0,0,0
2026-01-01 05:45:00,10,0.0204820400739861,0.0204820400739861,0.0204820400739861,0.0,0.0,0.0,99.99997951775511,2.048224489643511e-07,0,0,0
2026-01-01 05:45:00,11,0.0179862699298398,0.0179862699298398,0.0179862699298398,0.0,0.0,0.0,99.99998201355021,1.798644979433782e-07,0,0,0
2026-01-01 05:45:00,12,0.0154824284526182,0.0154824284526182,0.0154824284526182,0.0,0.0,0.0,99.99998451741672,1.5482583278451004e-07,0,0,0
2026-01-01 05:45:00,13,0.0103665337676462,0.0103665337676462,0.0103665337676462,0.0,0.0,0.0,99.99998963336256,1.036663743402054e-07,0,0,0
2026-01-01 05:45:00,14,0.008189762374984,0.008189762374984,0.008189762374984,0.0,0.0,0.0,99.99999181015572,8.189844273426757e-08,0,0,0
2026-01-01 05:45:00,15,0.0058908619989868,0.0058908619989868,0.0058908619989868,0.0,0.0,0.0,99.9999941090791,5.890920908195961e-08,0,0,0
2026-01-01 05:45:00,16,0.003591914409919,0.003591914409919,0.003591914409919,0.0,0.0,0.0,99.99999640804967,3.5919503294223926e-08,0,0,0
2026-01-01 05:45:00,17,0.0135193068054701,0.0135193068054701,0.0135193068054701,0.0,0.0,0.0,99.999986480558,1.3519441999890121e-07,0,0,0
2026-01-01 05:45:00,18,0.0101475770951986,0.0101475770951986,0.0101475770951986,0.0,0.0,0.0,99.99998985232143,1.014767857198441e-07,0,0,0
2026-01-01 05:45:00,19,0.0067667851007113,0.0067667851007113,0.0067667851007113,0.0,0.0,0.0,99.99999323314724,6.766852769239087e-08,0,0,0
2026-01-01 05:45:00,20,0.0033842030823996,0.0033842030823996,0.0033842030823996,0.0,0.0,0.0,99.99999661576308,3.384236924768872e-08,0,0,0
2026-01-01 05:45:00,21,0.0360284198899423,0.0360284198899423,0.0360284198899423,0.0,0.0,0.0,99.99996397121983,3.602878017774412e-07,0,0,0
2026-01-01 05:45:00,22,0.0324644914576149,0.0324644914576149,0.0324644914576149,0.0,0.0,0.0,99.9999675351839,3.246481610577604e-07,0,0,0
2026-01-01 05:45:00,23,0.0162527254455836,0.0162527254455836,0.0162527254455836,0.0,0.0,0.0,99.99998374711203,1.6252887974463391e-07,0,0,0
2026-01-01 05:45:00,24,0.047864881603948,0.047864881603948,0.047864881603948,0.0,0.0,0.0,99.99995213463974,4.786536025755061e-07,0,0,0
2026-01-01 05:45:00,25,0.0457517199219097,0.0457517199219097,0.0457517199219097,0.0,0.0,0.0,99.99995424782256,4.5752177443684206e-07,0,0,0
2026-01-01 05:45:00,26,0.0436549404401356,0.0436549404401356,0.0436549404401356,0.0,0.0,0.0,99.999956344623,4.3655376993905576e-07,0,0,0
2026-01-01 05:45:00,27,0.041700968343737,0.041700968343737,0.041700968343737,0.0,0.0,0.0,99.99995829861464,4.170138535759059e-07,0,0,0
2026-01-01 05:45:00,28,0.0370125398833378,0.0370125398833378,0.0370125398833378,0.0,0.0,0.0,99.99996298708999,3.7012910012437997e-07,0,0,0
2026-01-01 05:45:00,29,0.0170713635088758,0.0170713635088758,0.0170713635088758,0.0,0.0,0.0,99.99998292846577,1.7071534224218107e-07,0,0,0
2026-01-01 05:45:00,30,0.0110599373767907,0.0110599373767907,0.0110599373767907,0.0,0.0,0.0,99.99998893995202,1.1060047977270499e-07,0,0,0
2026-01-01 05:45:00,31,0.0026227558236431,0.0026227558236431,0.0026227558236431,0.0,0.0,0.0,99.99999737721795,2.6227820514637082e-08,0,0,0
2026-01-01 05:45:00,32,0.0,0.0,0.0,0.0,0.0,0.0,100.0,0.0,0,0,0
2026-01-01 05:45:00,33,0.0,0.0,0.0,0.0,0.0,0.0,100.0,0.0,0,0,0
2026-01-01 05:45:00,34,0.0,0.0,0.0,0.0,0.0,0.0,100.0,0.0,0,0,0
2026-01-01 05:45:00,35,0.0,0.0,0.0,0.0,0.0,0.0,100.0,0.0,0,0,0
2026-01-01 05:45:00,36,0.0,0.0,0.0,0.0,0.0,0.0,100.0,0.0,0,0,0
2026-01-01 06:00:00,0,0.1568712279736674,0.1568712279736674,0.1568712279736674,0.0,0.0,0.0,99.99984312720329,1.5687279670159998e-06,0,0,0
2026-01-01 06:00:00,1,0.1393192164714598,0.1393192164714598,0.1393192164714598,0.0,0.0,0.0,99.99986067939032,1.393206096775e-06,0,0,0
2026-01-01 06:00:00,2,0.099877290457432,0.099877290457432,0.099877290457432,0.0,0.0,0.0,99.99990012171077,9.987828924032443e-07,0,0,0
2026-01-01 06:00:00,3,0.0948116040067329,0.0948116040067329,0.0948116040067329,0.0,0.0,0.0,99.99990518744787,9.481255213225423e-07,0,0,0
2026-01-01 06:00:00,4,0.0924714679704771,0.0924714679704771,0.0924714679704771,0.0,0.0,0.0,99.9999075276073,9.247239269440409e-07,0,0,0
2026-01-01 06:00:00,5,0.0433201493890084,0.0433201493890084,0.0433201493890084,0.0,0.0,0.0,99.99995667941741,4.332058259483441e-07,0,0,0
2026-01-01 06:00:00,6,0.0352860844562352,0.0352860844562352,0.0352860844562352,0.0,0.0,0.0,99.99996471356268,3.5286437320608447e-07,0,0,0
2026-01-01 06:00:00,7,0.0272228204524281,0.0272228204524281,0.0272228204524281,0.0,0.0,0.0,99.99997277690731,2.7223092683354953e-07,0,0,0
2026-01-01 06:00:00,8,0.0249457135759092,0.0249457135759092,0.0249457135759092,0.0,0.0,0.0,99.99997505403697,2.494596303553963e-07,0,0,0
2026-01-01 06:00:00,9,0.0226611590997279,0.0226611590997279,0.0226611590997279,0.0,0.0,0.0,99.99997733861429,2.266138571358513e-07,0,0,0
2026-01-01 06:00:00,10,0.0207096923798039,0.0207096923798039,0.0207096923798039,0.0,0.0,0.0,99.99997929010053,2.0709899478798752e-07,0,0,0
2026-01-01 06:00:00,11,0.0181863872195545,0.0181863872195545,0.0181863872195545,0.0,0.0,0.0,99.99998181343092,1.818656908524542e-07,0,0,0
2026-01-01 06:00:00,12,0.015654781853956,0.015654781853956,0.015654781853956,0.0,0.0,0.0,99.99998434506159,1.5654938403340057e-07,0,0,0
2026-01-01 06:00:00,13,0.0104820482172989,0.0104820482172989,0.0104820482172989,0.0,0.0,0.0,99.99998951784696,1.0482153038829295e-07,0,0,0
2026-01-01 06:00:00,14,0.0082810741857491,0.0082810741857491,0.0082810741857491,0.0,0.0,0.0,99.999991718843,8.28115699731917e-08,0,0,0
2026-01-01 06:00:00,15,0.0059565802338476,0.0059565802338476,0.0059565802338476,0.0,0.0,0.0,99.9999940433602,5.956639800245696e-08,0,0,0
2026-01-01 06:00:00,16,0.0036319937932231,0.0036319937932231,0.0036319937932231,0.0,0.0,0.0,99.99999636796989,3.632030113524242e-08,0,0,0
2026-01-01 06:00:00,17,0.013660618357279,0.013660618357279,0.013660618357279,0.0,0.0,0.0,99.99998633924504,1.3660754964828745e-07,0,0,0
2026-01-01 06:00:00,18,0.0102537313216552,0.0102537313216552,0.0102537313216552,0.0,0.0,0.0,99.99998974616614,1.0253833859993898e-07,0,0,0
2026-01-01 06:00:00,19,0.0068375911621452,0.0068375911621452,0.0068375911621452,0.0,0.0,0.0,99.99999316234046,6.837659538740631e-08,0,0,0
2026-01-01 06:00:00,20,0.0034196232205132,0.0034196232205132,0.0034196232205132,0.0,0.0,0.0,99.99999658034258,3.419657417087453e-08,0,0,0
2026-01-01 06:00:00,21,0.036411431181669,0.036411431181669,0.036411431181669,0.0,0.0,0.0,99.99996358820471,3.641179529962208e-07,0,0,0
2026-01-01 06:00:00,22,0.0328098346743565,0.0328098346743565,0.0328098346743565,0.0,0.0,0.0,99.99996718983722,3.2810162775984335e-07,0,0,0
2026-01-01 06:00:00,23,0.0164258403299508,0.0164258403299508,0.0164258403299508,0.0,0.0,0.0,99.99998357399541,1.6426004589996782e-07,0,0,0
2026-01-01 06:00:00,24,0.0483946272032732,0.0483946272032732,0.0483946272032732,0.0,0.0,0.0,99.99995160488885,4.839511115438476e-07,0,0,0
2026-01-01 06:00:00,25,0.0462585242510829,0.0462585242510829,0.0462585242510829,0.0,0.0,0.0,99.99995374101316,4.625898684095136e-07,0,0,0
2026-01-01 06:00:00,26,0.0441389338763274,0.0441389338763274,0.0441389338763274,0.0,0.0,0.0,99.99995586062472,4.4139375270080146e-07,0,0,0
2026-01-01 06:00:00,27,0.0421635040323953,0.0421635040323953,0.0421635040323953,0.0,0.0,0.0,99.99995783607433,4.2163925671652106e-07,0,0,0
2026-01-01 06:00:00,28,0.0374232731801256,0.0374232731801256,0.0374232731801256,0.0,0.0,0.0,99.99996257635259,3.7423647416599814e-07,0,0,0
2026-01-01 06:00:00,29,0.0172611993919222,0.0172611993919222,0.0172611993919222,0.0,0.0,0.0,99.99998273862799,1.7261372005642283e-07,0,0,0
2026-01-01 06:00:00,30,0.0111829613331498,0.0111829613331498,0.0111829613331498,0.0,0.0,0.0,99.99998881692683,1.11830731638815e-07,0,0,0
2026-01-01 06:00:00,31,0.0026519351331507,0.0026519351331507,0.0026519351331507,0.0,0.0,0.0,99.99999734803835,2.6519616527672276e-08,0,0,0
2026-01-01 06:00:00,32,0.0,0.0,0.0,0.0,0.0,0.0,100.0,0.0,0,0,0
2026-01-01 06:00:00,33,0.0,0.0,0.0,0.0,0.0,0.0,100.0,0.0,0,0,0
2026-01-01 06:00:00,34,0.0,0.0,0.0,0.0,0.0,0.0,100.0,0.0,0,0,0
2026-01-01 06:00:00,35,0.0,0.0,0.0,0.0,0.0,0.0,100.0,0.0,0,0,0
2026-01-01 06:00:00,36,0.0,0.0,0.0,0.0,0.0,0.0,100.0,0.0,0,0,0
2026-01-01 06:15:00,0,0.1601182779760557,0.1601182779760557,0.1601182779760557,0.0,0.0,0.0,99.99983988012083,1.6011987917480002e-06,0,0,0
2026-01-01 06:15:00,1,0.1426620284899517,0.1426620284899516,0.14266202848995163,8.326672684688674e-17,8.326672684688674e-17,5.836642159907983e-16,99.99985733654488,1.426634551245e-06,0,0,0
2026-01-01 06:15:00,2,0.1022985029888323,0.1022985029888324,0.10229850298883235,-1.1102230246251565e-16,1.1102230246251565e-16,1.085277774024297e-15,99.99989770047402,1.02299525984e-06,0,0,0
2026-01-01 06:15:00,3,0.0971146952236919,0.0971146952236918,0.09711469522369184,9.71445146547012e-17,9.71445146547012e-17,1.0003069507438718e-15,99.99990288433362,9.71156663803557e-07,0,0,0
2026-01-01 06:15:00,4,0.0947196789570976,0.0947196789570976,0.0947196789570976,0.0,0.0,0.0,99.99990527937383,9.472062616335928e-07,0,0,0
2026-01-01 06:15:00,5,0.0443700729902891,0.0443700729902891,0.0443700729902891,0.0,0.0,0.0,99.99995562948331,4.437051669545607e-07,0,0,0
2026-01-01 06:15:00,6,0.0361440477308159,0.0361440477308159,0.0361440477308159,0.0,0.0,0.0,99.99996385559082,3.6144409174907724e-07,0,0,0
2026-01-01 06:15:00,7,0.0278873327615032,0.0278873327615032,0.0278873327615032,0.0,0.0,0.0,99.99997211238836,2.78876116376196e-07,0,0,0
2026-01-01 06:15:00,8,0.0255553251282981,0.0255553251282981,0.0255553251282981,0.0,0.0,0.0,99.99997444441932,2.5555580684105033e-07,0,0,0
2026-01-01 06:15:00,9,0.0232154134414455,0.0232154134414455,0.0232154134414455,0.0,0.0,0.0,99.9999767843544,2.3215645597901544e-07,0,0,0
2026-01-01 06:15:00,10,0.0212166009471612,0.0212166009471612,0.0212166009471612,0.0,0.0,0.0,99.99997878318689,2.121681311529238e-07,0,0,0
2026-01-01 06:15:00,11,0.018632001181929,0.018632001181929,0.018632001181929,0.0,0.0,0.0,99.9999813678125,1.8632187503804117e-07,0,0,0
2026-01-01 06:15:00,12,0.0160385800579146,0.0160385800579146,0.0160385800579146,0.0,0.0,0.0,99.99998396125956,1.6038740445319108e-07,0,0,0
2026-01-01 06:15:00,13,0.0107392863062197,0.0107392863062197,0.0107392863062197,0.0,0.0,0.0,99.9999892606063,1.0739393700156768e-07,0,0,0
2026-01-01 06:15:00,14,0.0084844200956124,0.0084844200956124,0.0084844200956124,0.0,0.0,0.0,99.99999151549505,8.484504940661873e-08,0,0,0
2026-01-01 06:15:00,15,0.0061029339803036,0.0061029339803036,0.0061029339803036,0.0,0.0,0.0,99.99999389700498,6.10299501025372e-08,0,0,0
2026-01-01 06:15:00,16,0.0037212507991553,0.0037212507991553,0.0037212507991553,0.0,0.0,0.0,99.99999627871199,3.7212880120354334e-08,0,0,0
2026-01-01 06:15:00,17,0.013439999042646,0.013439999042646,0.013439999042646,0.0,0.0,0.0,99.99998655986656,1.344013344398046e-07,0,0,0
2026-01-01 06:15:00,18,0.0104894431840231,0.0104894431840231,0.0104894431840231,0.0,0.0,0.0,99.99998951045193,1.048954807950398e-07,0,0,0
2026-01-01 06:15:00,19,0.0069948149577491,0.0069948149577491,0.0069948149577491,0.0,0.0,0.0,99.99999300511509,6.994884906598256e-08,0,0,0
2026-01-01 06:15:00,20,0.0034982737302275,0.0034982737302275,0.0034982737302275,0.0,0.0,0.0,99.99999650169129,3.4983087133147135e-08,0,0,0
2026-01-01 06:15:00,21,0.0372628763812026,0.0372628763812027,0.03726287638120265,-1.0408340855860843e-16,1.0408340855860843e-16,2.7932191697075135e-15,99.99996273675099,3.726324901369283e-07,0,0,0
2026-01-01 06:15:00,22,0.0335775593361108,0.0335775593361108,0.0335775593361108,0.0,0.0,0.0,99.99996642210489,3.3577895115062e-07,0,0,0
2026-01-01 06:15:00,23,0.0168107053529484,0.0168107053529484,0.0168107053529484,0.0,0.0,0.0,99.99998318912654,1.681087346168305e-07,0,0,0
2026-01-01 06:15:00,24,0.0495740141156272,0.0495740141156272,0.0495740141156272,0.0,0.0,0.0,99.99995042549014,4.957450986072584e-07,0,0,0
2026-01-01 06:15:00,25,0.0473868728090576,0.0473868728090576,0.0473868728090576,0.0,0.0,0.0,99.99995261265332,4.7387346682524495e-07,0,0,0
2026-01-01 06:15:00,26,0.0452165302659038,0.0452165302659038,0.0452165302659038,0.0,0.0,0.0,99.99995478301756,4.5216982435728236e-07,0,0,0
2026-01-01 06:15:00,27,0.0431933423657429,0.0431933423657429,0.0431933423657429,0.0,0.0,0.0,99.9999568062257,4.319377430348594e-07,0,0,0
2026-01-01 06:15:00,28,0.0383377898299854,0.0383377898299854,0.0383377898299854,0.0,0.0,0.0,99.99996166182679,3.833817321171756e-07,0,0,0
2026-01-01 06:15:00,29,0.0176839105013083,0.0176839105013083,0.0176839105013083,0.0,0.0,0.0,99.99998231591266,1.7684087342181775e-07,0,0,0
2026-01-01 06:15:00,30,0.0114569040785559,0.0114569040785559,0.0114569040785559,0.0,0.0,0.0,99.99998854298136,1.145701864874239e-07,0,0,0
2026-01-01 06:15:00,31,0.0027169104090415,0.0027169104090415,0.0027169104090415,0.0,0.0,0.0,99.99999728306243,2.7169375784173213e-08,0,0,0
2026-01-01 06:15:00,32,0.0,0.0,0.0,0.0,0.0,0.0,100.0,0.0,0,0,0
2026-01-01 06:15:00,33,0.0,0.0,0.0,0.0,0.0,0.0,100.0,0.0,0,0,0
2026-01-01 06:15:00,34,0.0,0.0,0.0,0.0,0.0,0.0,100.0,0.0,0,0,0
2026-01-01 06:15:00,35,0.0,0.0,0.0,0.0,0.0,0.0,100.0,0.0,0,0,0
2026-01-01 06:15:00,36,0.0,0.0,0.0,0.0,0.0,0.0,100.0,0.0,0,0,0
2026-01-01 06:30:00,0,0.1678910198671053,0.1678910198671053,0.1678910198671053,0.0,0.0,0.0,99.9998321073012,1.6789269879400002e-06,0,0,0
2026-01-01 06:30:00,1,0.1501631574228022,0.1501631574228021,0.15016315742280215,1.1102230246251565e-16,1.1102230246251565e-16,7.393444369078817e-16,99.99984983534092,1.501646590693e-06,0,0,0
2026-01-01 06:30:00,2,0.1077361018198595,0.1077361018198594,0.10773610181985946,9.71445146547012e-17,9.71445146547012e-17,9.016894429709138e-16,99.99989226282081,1.077371791916e-06,0,0,0
2026-01-01 06:30:00,3,0.1022878481558756,0.1022878481558757,0.10228784815587566,-9.71445146547012e-17,9.71445146547012e-17,9.4971696940475e-16,99.99989771112895,1.022888710445e-06,0,0,0
2026-01-01 06:30:00,4,0.0997699123425626,0.0997699123425626,0.0997699123425626,0.0,0.0,0.0,99.99990022908995,9.977091005166314e-07,0,0,0
2026-01-01 06:30:00,5,0.0467279506335953,0.0467279506335953,0.0467279506335953,0.0,0.0,0.0,99.99995327158209,4.672841791777457e-07,0,0,0
2026-01-01 06:30:00,6,0.0380713339722582,0.0380713339722582,0.0380713339722582,0.0,0.0,0.0,99.99996192828532,3.8071714689405107e-07,0,0,0
2026-01-01 06:30:00,7,0.0293805397509546,0.0293805397509546,0.0293805397509546,0.0,0.0,0.0,99.99997061916645,2.938083355929029e-07,0,0,0
2026-01-01 06:30:00,8,0.0269252924126953,0.0269252924126953,0.0269252924126953,0.0,0.0,0.0,99.99997307443833,2.6925561668312037e-07,0,0,0
2026-01-01 06:30:00,9,0.0244610652262504,0.0244610652262504,0.0244610652262504,0.0,0.0,0.0,99.99997553869017,2.446130983934883e-07,0,0,0
2026-01-01 06:30:00,10,0.0223559174353011,0.0223559174353011,0.0223559174353011,0.0,0.0,0.0,99.999977643859,2.235614099671109e-07,0,0,0
2026-01-01 06:30:00,11,0.0196336403750701,0.0196336403750701,0.0196336403750701,0.0,0.0,0.0,99.99998036616329,1.9633836713437246e-07,0,0,0
2026-01-01 06:30:00,12,0.0169013116977935,0.0169013116977935,0.0169013116977935,0.0,0.0,0.0,99.9999830985193,1.6901480712600663e-07,0,0,0
2026-01-01 06:30:00,13,0.0113175743524127,0.0113175743524127,0.0113175743524127,0.0,0.0,0.0,99.99998868231248,1.1317687529288055e-07,0,0,0
2026-01-01 06:30:00,14,0.0089415778219387,0.0089415778219387,0.0089415778219387,0.0,0.0,0.0,99.99999105833277,8.94166723861113e-08,0,0,0
2026-01-01 06:30:00,15,0.0064319795369149,0.0064319795369149,0.0064319795369149,0.0,0.0,0.0,99.99999356795614,6.432043857353486e-08,0,0,0
2026-01-01 06:30:00,16,0.0039219298674677,0.0039219298674677,0.0039219298674677,0.0,0.0,0.0,99.99999607803092,3.9219690871586385e-08,0,0,0
2026-01-01 06:30:00,17,0.0134724083454748,0.0134724083454748,0.0134724083454748,0.0,0.0,0.0,99.99998652745693,1.3472543070905523e-07,0,0,0
2026-01-01 06:30:00,18,0.0110166991463137,0.0110166991463137,0.0110166991463137,0.0,0.0,0.0,99.99998898319069,1.1016809314406931e-07,0,0,0
2026-01-01 06:30:00,19,0.0073465104866337,0.0073465104866337,0.0073465104866337,0.0,0.0,0.0,99.99999265341604,7.346583952473272e-08,0,0,0
2026-01-01 06:30:00,20,0.0036742110918757,0.0036742110918757,0.0036742110918757,0.0,0.0,0.0,99.99999632575216,3.6742478343540575e-08,0,0,0
2026-01-01 06:30:00,21,0.0391694383703595,0.0391694383703595,0.0391694383703595,0.0,0.0,0.0,99.99996083016993,3.9169830068660255e-07,0,0,0
2026-01-01 06:30:00,22,0.0352967382532728,0.0352967382532728,0.0352967382532728,0.0,0.0,0.0,99.99996470290877,3.529709122418507e-07,0,0,0
2026-01-01 06:30:00,23,0.0176726276300926,0.0176726276300926,0.0176726276300926,0.0,0.0,0.0,99.99998232719564,1.7672804358136261e-07,0,0,0
2026-01-01 06:30:00,24,0.0522238254895996,0.0522238254895996,0.0522238254895996,0.0,0.0,0.0,99.99994777565227,5.2224347733077e-07,0,0,0
2026-01-01 06:30:00,25,0.049922198621943,0.049922198621943,0.049922198621943,0.0,0.0,0.0,99.99995007730215,4.992269784892154e-07,0,0,0
2026-01-01 06:30:00,26,0.0476379927258195,0.0476379927258195,0.0476379927258195,0.0,0.0,0.0,99.99995236153089,4.763846911051069e-07,0,0,0
2026-01-01 06:30:00,27,0.0455075745242626,0.0455075745242626,0.0455075745242626,0.0,0.0,0.0,99.9999544919704,4.5508029604558693e-07,0,0,0
2026-01-01 06:30:00,28,0.0403929584804012,0.0403929584804012,0.0403929584804012,0.0,0.0,0.0,99.99995960663759,4.039336241402542e-07,0,0,0
2026-01-01 06:30:00,29,0.0186340253073039,0.0186340253073039,0.0186340253073039,0.0,0.0,0.0,99.99998136578834,1.863421164942048e-07,0,0,0
2026-01-01 06:30:00,30,0.012072652152849,0.012072652152849,0.012072652152849,0.0,0.0,0.0,99.99998792722712,1.207277288057788e-07,0,0,0
2026-01-01 06:30:00,31,0.0028629592909141,0.0028629592909141,0.0028629592909141,0.0,0.0,0.0,99.99999713701207,2.862987920793397e-08,0,0,0
2026-01-01 06:30:00,32,0.0,0.0,0.0,0.0,0.0,0.0,100.0,0.0,0,0,0
2026-01-01 06:30:00,33,0.0,0.0,0.0,0.0,0.0,0.0,100.0,0.0,0,0,0
2026-01-01 06:30:00,34,0.0,0.0,0.0,0.0,0.0,0.0,100.0,0.0,0,0,0
2026-01-01 06:30:00,35,0.0,0.0,0.0,0.0,0.0,0.0,100.0,0.0,0,0,0
2026-01-01 06:30:00,36,0.0,0.0,0.0,0.0,0.0,0.0,100.0,0.0,0,0,0
2026-01-01 06:45:00,0,0.1681365377042663,0.1681365377042662,0.16813653770426623,8.326672684688674e-17,8.326672684688674e-17,4.952327616084027e-16,99.99983186178092,1.681382190864e-06,0,0,0
2026-01-01 06:45:00,1,0.1520396951763482,0.1520396951763482,0.1520396951763482,0.0,0.0,0.0,99.99984795878441,1.520412155885e-06,0,0,0
2026-01-01 06:45:00,2,0.1090973582647182,0.1090973582647182,0.1090973582647182,0.0,0.0,0.0,99.99989090155076,1.090984492492e-06,0,0,0
2026-01-01 06:45:00,3,0.1035830776594235,0.1035830776594235,0.1035830776594235,0.0,0.0,0.0,99.9998964158865,1.035841135005e-06,0,0,0
2026-01-01 06:45:00,4,0.1010344396027177,0.1010344396027177,0.1010344396027177,0.0,0.0,0.0,99.99989896455004,1.010354499572e-06,0,0,0
2026-01-01 06:45:00,5,0.0473182126843018,0.0473182126843018,0.0473182126843018,0.0,0.0,0.0,99.99995268131413,4.731868587116056e-07,0,0,0
2026-01-01 06:45:00,6,0.0385539098773269,0.0385539098773269,0.0385539098773269,0.0,0.0,0.0,99.99996144570459,3.8554295420281115e-07,0,0,0
2026-01-01 06:45:00,7,0.0297545270162663,0.0297545270162663,0.0297545270162663,0.0,0.0,0.0,99.99997024517543,2.975482456451196e-07,0,0,0
2026-01-01 06:45:00,8,0.0272684398012868,0.0272684398012868,0.0272684398012868,0.0,0.0,0.0,99.99997273128751,2.726871248841177e-07,0,0,0
2026-01-01 06:45:00,9,0.0247730927414685,0.0247730927414685,0.0247730927414685,0.0,0.0,0.0,99.99997522665953,2.477334047487325e-07,0,0,0
2026-01-01 06:45:00,10,0.0226413237267132,0.0226413237267132,0.0226413237267132,0.0,0.0,0.0,99.99997735844985,2.26415501422147e-07,0,0,0
2026-01-01 06:45:00,11,0.0198845759941074,0.0198845759941074,0.0198845759941074,0.0,0.0,0.0,99.99998011522516,1.9884774841855839e-07,0,0,0
2026-01-01 06:45:00,12,0.0171174560442345,0.0171174560442345,0.0171174560442345,0.0,0.0,0.0,99.99998288237278,1.7117627220506708e-07,0,0,0
2026-01-01 06:45:00,13,0.0114624658314184,0.0114624658314184,0.0114624658314184,0.0,0.0,0.0,99.99998853741954,1.1462580457223049e-07,0,0,0
2026-01-01 06:45:00,14,0.0090561246215426,0.0090561246215426,0.0090561246215426,0.0,0.0,0.0,99.99999094378482,9.056215183694504e-08,0,0,0
2026-01-01 06:45:00,15,0.0065144296385365,0.0065144296385365,0.0065144296385365,0.0,0.0,0.0,99.99999348550521,6.51449478348436e-08,0,0,0
2026-01-01 06:45:00,16,0.0039722154582238,0.0039722154582237,0.00397221545822375,1.0061396160665481e-16,1.0061396160665481e-16,2.532936830117514e-14,99.99999602774481,3.9722551807756086e-08,0,0,0
2026-01-01 06:45:00,17,0.0117196816172801,0.0117196816172801,0.0117196816172801,0.0,0.0,0.0,99.99998828020118,1.1719798815268325e-07,0,0,0
2026-01-01 06:45:00,18,0.0111477154101721,0.0111477154101721,0.0111477154101721,0.0,0.0,0.0,99.99998885217312,1.1147826888441068e-07,0,0,0
2026-01-01 06:45:00,19,0.0074339035836429,0.0074339035836429,0.0074339035836429,0.0,0.0,0.0,99.99999256602207,7.433977923422192e-08,0,0,0
2026-01-01 06:45:00,20,0.0037179305235338,0.0037179305235338,0.0037179305235338,0.0,0.0,0.0,99.9999962820323,3.717967703210906e-08,0,0,0
2026-01-01 06:45:00,21,0.0396455468725323,0.0396455468725323,0.0396455468725323,0.0,0.0,0.0,99.99996035405667,3.964594333196564e-07,0,0,0
2026-01-01 06:45:00,22,0.035726070881022,0.035726070881022,0.035726070881022,0.0,0.0,0.0,99.99996427357185,3.5726428145303475e-07,0,0,0
2026-01-01 06:45:00,23,0.017887894755413,0.017887894755413,0.017887894755413,0.0,0.0,0.0,99.99998211192636,1.7888073636149425e-07,0,0,0
2026-01-01 06:45:00,24,0.0528874197957363,0.0528874197957363,0.0528874197957363,0.0,0.0,0.0,99.99994711205133,5.288794867522311e-07,0,0,0
2026-01-01 06:45:00,25,0.0505571613719985,0.0505571613719985,0.0505571613719985,0.0,0.0,0.0,99.99994944233305,5.055766694866805e-07,0,0,0
2026-01-01 06:45:00,26,0.0482444753494995,0.0482444753494995,0.0482444753494995,0.0,0.0,0.0,99.9999517550422,4.824495779907755e-07,0,0,0
2026-01-01 06:45:00,27,0.0460872183818285,0.0460872183818285,0.0460872183818285,0.0,0.0,0.0,99.99995391232075,4.6087679258621127e-07,0,0,0
2026-01-01 06:45:00,28,0.0409077329243706,0.0409077329243706,0.0409077329243706,0.0,0.0,0.0,99.99995909185799,4.0908142005790743e-07,0,0,0
2026-01-01 06:45:00,29,0.0188720434890762,0.0188720434890762,0.0188720434890762,0.0,0.0,0.0,99.99998112776778,1.8872232211398384e-07,0,0,0
2026-01-01 06:45:00,30,0.0122269096436163,0.0122269096436163,0.0122269096436163,0.0,0.0,0.0,99.99998777296808,1.2227031913935456e-07,0,0,0
2026-01-01 06:45:00,31,0.002899548011029,0.002899548011029,0.002899548011029,0.0,0.0,0.0,99.99999710042299,2.899577006799163e-08,0,0,0
2026-01-01 06:45:00,32,0.0,0.0,0.0,0.0,0.0,0.0,100.0,0.0,0,0,0
2026-01-01 06:45:00,33,0.0,0.0,0.0,0.0,0.0,0.0,100.0,0.0,0,0,0
2026-01-01 06:45:00,34,0.0,0.0,0.0,0.0,0.0,0.0,100.0,0.0,0,0,0
2026-01-01 06:45:00,35,0.0,0.0,0.0,0.0,0.0,0.0,100.0,0.0,0,0,0
2026-01-01 06:45:00,36,0.0,0.0,0.0,0.0,0.0,0.0,100.0,0.0,0,0,0
2026-01-01 07:00:00,0,0.1708494962102762,0.1708494962102762,0.1708494962102762,0.0,0.0,0.0,99.99982914879527,1.708512047223e-06,0,0,0
2026-01-01 07:00:00,1,0.1547955214428329,0.1547955214428329,0.1547955214428329,0.0,0.0,0.0,99.99984520293059,1.547970694135e-06,0,0,0
2026-01-01 07:00:00,2,0.1110972118303978,0.1110972118303978,0.1110972118303978,0.0,0.0,0.0,99.99988890167718,1.110983228136e-06,0,0,0
2026-01-01 07:00:00,3,0.1054860686335135,0.1054860686335135,0.1054860686335135,0.0,0.0,0.0,99.9998945128765,1.054871235047e-06,0,0,0
2026-01-01 07:00:00,4,0.1028923805963833,0.1028923805963833,0.1028923805963833,0.0,0.0,0.0,99.99989710659047,1.028934095304e-06,0,0,0
2026-01-01 07:00:00,5,0.0481853703346557,0.0481853703346557,0.0481853703346557,0.0,0.0,0.0,99.9999518141478,4.81858521931777e-07,0,0,0
2026-01-01 07:00:00,6,0.0392629499801575,0.0392629499801575,0.0392629499801575,0.0,0.0,0.0,99.99996073665739,3.9263342613583643e-07,0,0,0
2026-01-01 07:00:00,7,0.0303041001826333,0.0303041001826333,0.0303041001826333,0.0,0.0,0.0,99.99996969559677,3.0304403226665614e-07,0,0,0
2026-01-01 07:00:00,8,0.0277727150381191,0.0277727150381191,0.0277727150381191,0.0,0.0,0.0,99.99997222700723,2.777299276804681e-07,0,0,0
2026-01-01 07:00:00,9,0.0252316502025028,0.0252316502025028,0.0252316502025028,0.0,0.0,0.0,99.99997476809747,2.523190252152803e-07,0,0,0
2026-01-01 07:00:00,10,0.0230607704601344,0.0230607704601344,0.0230607704601344,0.0,0.0,0.0,99.99997693899893,2.3061001070145174e-07,0,0,0
2026-01-01 07:00:00,11,0.0202533775976943,0.0202533775976943,0.0202533775976943,0.0,0.0,0.0,99.99997974641987,2.025358013349571e-07,0,0,0
2026-01-01 07:00:00,12,0.0174351314402158,0.0174351314402158,0.0174351314402158,0.0,0.0,0.0,99.9999825646942,1.743530579327382e-07,0,0,0
2026-01-01 07:00:00,13,0.0116754263322667,0.0116754263322667,0.0116754263322667,0.0,0.0,0.0,99.99998832445691,1.1675543087697624e-07,0,0,0
2026-01-01 07:00:00,14,0.0092244885636468,0.0092244885636468,0.0092244885636468,0.0,0.0,0.0,99.99999077541919,9.224580809454964e-08,0,0,0
2026-01-01 07:00:00,15,0.0066356197307139,0.0066356197307139,0.0066356197307139,0.0,0.0,0.0,99.99999336431391,6.635686087574804e-08,0,0,0
2026-01-01 07:00:00,16,0.0040461288247941,0.0040461288247941,0.0040461288247941,0.0,0.0,0.0,99.99999595383072,4.046169286487024e-08,0,0,0
2026-01-01 07:00:00,17,0.0115978819708776,0.0115978819708776,0.0115978819708776,0.0,0.0,0.0,99.99998840200205,1.1597997950857109e-07,0,0,0
2026-01-01 07:00:00,18,0.0113405139853924,0.0113405139853924,0.0113405139853924,0.0,0.0,0.0,99.9999886593726,1.1340627391666336e-07,0,0,0
2026-01-01 07:00:00,19,0.0075625092226202,0.0075625092226202,0.0075625092226202,0.0,0.0,0.0,99.99999243741514,7.562584848468771e-08,0,0,0
2026-01-01 07:00:00,20,0.0037822676094547,0.0037822676094547,0.0037822676094547,0.0,0.0,0.0,99.99999621769457,3.7823054325090945e-08,0,0,0
2026-01-01 07:00:00,21,0.0403440676299334,0.0403440676299334,0.0403440676299334,0.0,0.0,0.0,99.99995965552893,4.034447107464419e-07,0,0,0
2026-01-01 07:00:00,22,0.0363559786488269,0.0363559786488269,0.0363559786488269,0.0,0.0,0.0,99.9999636436578,3.6356342212249084e-07,0,0,0
2026-01-01 07:00:00,23,0.0182037446902239,0.0182037446902239,0.0182037446902239,0.0,0.0,0.0,99.99998179607327,1.820392672949128e-07,0,0,0
2026-01-01 07:00:00,24,0.0538625099369658,0.0538625099369658,0.0538625099369658,0.0,0.0,0.0,99.99994613695144,5.386304856745151e-07,0,0,0
2026-01-01 07:00:00,25,0.0514902112376126,0.0514902112376126,0.0514902112376126,0.0,0.0,0.0,99.99994850927385,5.149072614487409e-07,0,0,0
2026-01-01 07:00:00,26,0.0491357039997281,0.0491357039997281,0.0491357039997281,0.0,0.0,0.0,99.99995086380464,4.913619536168176e-07,0,0,0
2026-01-01 07:00:00,27,0.0469390218844362,0.0469390218844362,0.0469390218844362,0.0,0.0,0.0,99.99995306050872,4.693949127934907e-07,0,0,0
2026-01-01 07:00:00,28,0.0416642231696582,0.0416642231696582,0.0416642231696582,0.0,0.0,0.0,99.99995833536019,4.166463981605642e-07,0,0,0
2026-01-01 07:00:00,29,0.0192218528558813,0.0192218528558813,0.0192218528558813,0.0,0.0,0.0,99.99998077795492,1.9222045076332095e-07,0,0,0
2026-01-01 07:00:00,30,0.0124536205935263,0.0124536205935263,0.0124536205935263,0.0,0.0,0.0,99.99998754625487,1.245374513097763e-07,0,0,0
2026-01-01 07:00:00,31,0.0029533225345419,0.0029533225345419,0.0029533225345419,0.0,0.0,0.0,99.99999704664793,2.9533520680626013e-08,0,0,0
2026-01-01 07:00:00,32,0.0,0.0,0.0,0.0,0.0,0.0,100.0,0.0,0,0,0
2026-01-01 07:00:00,33,0.0,0.0,0.0,0.0,0.0,0.0,100.0,0.0,0,0,0
2026-01-01 07:00:00,34,0.0,0.0,0.0,0.0,0.0,0.0,100.0,0.0,0,0,0
2026-01-01 07:00:00,35,0.0,0.0,0.0,0.0,0.0,0.0,100.0,0.0,0,0,0
2026-01-01 07:00:00,36,0.0,0.0,0.0,0.0,0.0,0.0,100.0,0.0,0,0,0
2026-01-01 07:15:00,0,0.1728779896832812,0.1728779896832812,0.1728779896832812,0.0,0.0,0.0,99.99982712028152,1.728797184804e-06,0,0,0
2026-01-01 07:15:00,1,0.1570667288631651,0.1570667288631651,0.1570667288631651,0.0,0.0,0.0,99.99984293170046,1.5706829954610001e-06,0,0,0
2026-01-01 07:15:00,2,0.1127460212103267,0.1127460212103266,0.11274602121032665,9.71445146547012e-17,9.71445146547012e-17,8.616224767458022e-16,99.99988725285132,1.127471486818e-06,0,0,0
2026-01-01 07:15:00,3,0.1070551352166572,0.1070551352166572,0.1070551352166572,0.0,0.0,0.0,99.99989294379422,1.070562057787e-06,0,0,0
2026-01-01 07:15:00,4,0.1044243516796178,0.1044243516796179,0.10442435167961786,-9.71445146547012e-17,9.71445146547012e-17,9.30285932249681e-16,99.99989557460407,1.0442539593350001e-06,0,0,0
2026-01-01 07:15:00,5,0.0489003028626191,0.0489003028626191,0.0489003028626191,0.0,0.0,0.0,99.99995109920813,4.890079187053788e-07,0,0,0
2026-01-01 07:15:00,6,0.0398475932305392,0.0398475932305392,0.0398475932305392,0.0,0.0,0.0,99.99996015200828,3.9847991710456306e-07,0,0,0
2026-01-01 07:15:00,7,0.030757321927226,0.030757321927226,0.030757321927226,0.0,0.0,0.0,99.9999692423705,3.0757629503521117e-07,0,0,0
2026-01-01 07:15:00,8,0.0281885984039737,0.0281885984039737,0.0281885984039737,0.0,0.0,0.0,99.9999718111197,2.818888029277666e-07,0,0,0
2026-01-01 07:15:00,9,0.0256098418677258,0.0256098418677258,0.0256098418677258,0.0,0.0,0.0,99.99997438990204,2.5610097968705487e-07,0,0,0
2026-01-01 07:15:00,10,0.0234067159919422,0.0234067159919422,0.0234067159919422,0.0,0.0,0.0,99.99997659304994,2.3406950061442866e-07,0,0,0
2026-01-01 07:15:00,11,0.0205575651061847,0.0205575651061846,0.02055756510618465,1.0061396160665481e-16,1.0061396160665481e-16,4.894252414837843e-15,99.99997944222932,2.0557770683891542e-07,0,0,0
2026-01-01 07:15:00,12,0.0176971557902408,0.0176971557902408,0.0176971557902408,0.0,0.0,0.0,99.99998230266723,1.7697332763568515e-07,0,0,0
2026-01-01 07:15:00,13,0.0118510868143848,0.0118510868143848,0.0118510868143848,0.0,0.0,0.0,99.99998814879467,1.185120532643813e-07,0,0,0
2026-01-01 07:15:00,14,0.0093633668198499,0.0093633668198499,0.0093633668198499,0.0,0.0,0.0,99.99999063653955,9.363460454454483e-08,0,0,0
2026-01-01 07:15:00,15,0.0067355880518045,0.0067355880518045,0.0067355880518045,0.0,0.0,0.0,99.9999932643446,6.735655408358665e-08,0,0,0
2026-01-01 07:15:00,16,0.0041070996132729,0.0041070996132729,0.0041070996132729,0.0,0.0,0.0,99.99999589285932,4.1071406846797957e-08,0,0,0
2026-01-01 07:15:00,17,0.0112938319737206,0.0112938319737206,0.0112938319737206,0.0,0.0,0.0,99.99998870605509,1.1293944913169776e-07,0,0,0
2026-01-01 07:15:00,18,0.0114990903256897,0.0114990903256897,0.0114990903256897,0.0,0.0,0.0,99.99998850079469,1.149920531774295e-07,0,0,0
2026-01-01 07:15:00,19,0.0076682879660518,0.0076682879660518,0.0076682879660518,0.0,0.0,0.0,99.99999233163535,7.668364649698348e-08,0,0,0
2026-01-01 07:15:00,20,0.0038351856012199,0.0038351856012199,0.0038351856012199,0.0,0.0,0.0,99.99999616477605,3.8352239534594705e-08,0,0,0
2026-01-01 07:15:00,21,0.0409191807071534,0.0409191807071534,0.0409191807071534,0.0,0.0,0.0,99.9999590804101,4.0919589903052493e-07,0,0,0
2026-01-01 07:15:00,22,0.0368746123137525,0.0368746123137525,0.0368746123137525,0.0,0.0,0.0,99.99996312501894,3.687498106356318e-07,0,0,0
2026-01-01 07:15:00,23,0.0184638114289347,0.0184638114289347,0.0184638114289347,0.0,0.0,0.0,99.99998153600393,1.846399606889548e-07,0,0,0
2026-01-01 07:15:00,24,0.0546665963864699,0.0546665963864699,0.0546665963864699,0.0,0.0,0.0,99.99994533285694,5.466714305790055e-07,0,0,0
2026-01-01 07:15:00,25,0.0522596563826801,0.0522596563826801,0.0522596563826801,0.0,0.0,0.0,99.99994773982101,5.226017898447003e-07,0,0,0
2026-01-01 07:15:00,26,0.0498706855564095,0.0498706855564095,0.0498706855564095,0.0,0.0,0.0,99.99995012881573,4.987118426825222e-07,0,0,0
2026-01-01 07:15:00,27,0.0476415024515855,0.0476415024515855,0.0476415024515855,0.0,0.0,0.0,99.99995235802113,4.7641978871374305e-07,0,0,0
2026-01-01 07:15:00,28,0.0422881111785192,0.0422881111785192,0.0422881111785192,0.0,0.0,0.0,99.99995771146594,4.228853406385988e-07,0,0,0
2026-01-01 07:15:00,29,0.019510369304954,0.019510369304954,0.019510369304954,0.0,0.0,0.0,99.99998048943559,1.9510564410598154e-07,0,0,0
2026-01-01 07:15:00,30,0.0126406098761493,0.0126406098761493,0.0126406098761493,0.0,0.0,0.0,99.99998735926371,1.2640736283512156e-07,0,0,0
2026-01-01 07:15:00,31,0.0029976756362661,0.0029976756362661,0.0029976756362661,0.0,0.0,0.0,99.99999700229439,2.9977056133222734e-08,0,0,0
2026-01-01 07:15:00,32,0.0,0.0,0.0,0.0,0.0,0.0,100.0,0.0,0,0,0
2026-01-01 07:15:00,33,0.0,0.0,0.0,0.0,0.0,0.0,100.0,0.0,0,0,0
2026-01-01 07:15:00,34,0.0,0.0,0.0,0.0,0.0,0.0,100.0,0.0,0,0,0
2026-01-01 07:15:00,35,0.0,0.0,0.0,0.0,0.0,0.0,100.0,0.0,0,0,0
2026-01-01 07:15:00,36,0.0,0.0,0.0,0.0,0.0,0.0,100.0,0.0,0,0,0
2026-01-01 07:30:00,0,0.1828244658465597,0.1828244658465597,0.1828244658465597,0.0,0.0,0.0,99.99981717370589,1.828262941095e-06,0,0,0
2026-01-01 07:30:00,1,0.1678441964174381,0.1678441964174381,0.1678441964174381,0.0,0.0,0.0,99.99983215412513,1.678458748761e-06,0,0,0
2026-01-01 07:30:00,2,0.1205779764519099,0.1205779764519099,0.1205779764519099,0.0,0.0,0.0,99.99987942081776,1.2057918224370001e-06,0,0,0
2026-01-01 07:30:00,3,0.1145097657265947,0.1145097657265947,0.1145097657265947,0.0,0.0,0.0,99.99988548908917,1.1451091083569999e-06,0,0,0
2026-01-01 07:30:00,4,0.1117033578809531,0.1117033578809532,0.11170335788095315,-9.71445146547012e-17,9.71445146547012e-17,8.696650467892073e-16,99.99988829552507,1.117044749257e-06,0,0,0
2026-01-01 07:30:00,5,0.0522961693194856,0.0522961693194856,0.0522961693194856,0.0,0.0,0.0,99.99994770330771,5.229669228640852e-07,0,0,0
2026-01-01 07:30:00,6,0.0426254920068476,0.0426254920068476,0.0426254920068476,0.0,0.0,0.0,99.99995737408173,4.2625918266030316e-07,0,0,0
2026-01-01 07:30:00,7,0.0329116287805242,0.0329116287805242,0.0329116287805242,0.0,0.0,0.0,99.9999670880421,3.2911957900103235e-07,0,0,0
2026-01-01 07:30:00,8,0.0301656481729039,0.0301656481729039,0.0301656481729039,0.0,0.0,0.0,99.99996983405016,3.016594983240225e-07,0,0,0
2026-01-01 07:30:00,9,0.0274078665318338,0.0274078665318338,0.0274078665318338,0.0,0.0,0.0,99.99997259185939,2.7408140613239956e-07,0,0,0
2026-01-01 07:30:00,10,0.0250515608566366,0.0250515608566366,0.0250515608566366,0.0,0.0,0.0,99.99997494818862,2.505181137475035e-07,0,0,0
2026-01-01 07:30:00,11,0.0220040208618156,0.0220040208618156,0.0220040208618156,0.0,0.0,0.0,99.9999779957591,2.200424090422467e-07,0,0,0
2026-01-01 07:30:00,12,0.0189431913807638,0.0189431913807638,0.0189431913807638,0.0,0.0,0.0,99.99998105661919,1.8943380814572002e-07,0,0,0
2026-01-01 07:30:00,13,0.0126865120067966,0.0126865120067966,0.0126865120067966,0.0,0.0,0.0,99.99998731336113,1.268663887318534e-07,0,0,0
2026-01-01 07:30:00,14,0.0100238998938634,0.0100238998938634,0.0100238998938634,0.0,0.0,0.0,99.99998997599987,1.0024000133864742e-07,0,0,0
2026-01-01 07:30:00,15,0.0072110867762628,0.0072110867762628,0.0072110867762628,0.0,0.0,0.0,99.99999278884111,7.211158887851759e-08,0,0,0
2026-01-01 07:30:00,16,0.0043971130829914,0.0043971130829914,0.0043971130829914,0.0,0.0,0.0,99.99999560284294,4.3971570545620204e-08,0,0,0
2026-01-01 07:30:00,17,0.0102565752870571,0.0102565752870571,0.0102565752870571,0.0,0.0,0.0,99.99998974332215,1.025667785383568e-07,0,0,0
2026-01-01 07:30:00,18,0.0122484969195781,0.0122484969195781,0.0122484969195781,0.0,0.0,0.0,99.9999877513806,1.2248619405772216e-07,0,0,0
2026-01-01 07:30:00,19,0.0081681931322281,0.0081681931322281,0.0081681931322281,0.0,0.0,0.0,99.99999183172518,8.168274814976344e-08,0,0,0
2026-01-01 07:30:00,20,0.0040852788851573,0.0040852788851573,0.0040852788851573,0.0,0.0,0.0,99.99999591468026,4.0853197383547194e-08,0,0,0
2026-01-01 07:30:00,21,0.0436411098374258,0.0436411098374258,0.0436411098374258,0.0,0.0,0.0,99.99995635845374,4.3641546252888334e-07,0,0,0
2026-01-01 07:30:00,22,0.0393293773029971,0.0393293773029971,0.0393293773029971,0.0,0.0,0.0,99.9999606702294,3.932977060070315e-07,0,0,0
2026-01-01 07:30:00,23,0.0196948936560794,0.0196948936560794,0.0196948936560794,0.0,0.0,0.0,99.9999803049094,1.9695090606985545e-07,0,0,0
2026-01-01 07:30:00,24,0.0584880430969697,0.0584880430969697,0.0584880430969697,0.0,0.0,0.0,99.99994151137201,5.848862798324958e-07,0,0,0
2026-01-01 07:30:00,25,0.0559167977066549,0.0559167977066549,0.0559167977066549,0.0,0.0,0.0,99.99994408264313,5.59173568802237e-07,0,0,0
2026-01-01 07:30:00,26,0.0533643296500782,0.0533643296500783,0.05336432965007825,-9.71445146547012e-17,9.71445146547012e-17,1.8204013258985145e-15,99.9999466351367,5.336486329871129e-07,0,0,0
2026-01-01 07:30:00,27,0.0509808108224518,0.0509808108224518,0.0509808108224518,0.0,0.0,0.0,99.99994901867936,5.098132063565823e-07,0,0,0
2026-01-01 07:30:00,28,0.0452539735864554,0.0452539735864554,0.0452539735864554,0.0,0.0,0.0,99.99995474557387,4.5254426130716734e-07,0,0,0
2026-01-01 07:30:00,29,0.0208822282167929,0.0208822282167929,0.0208822282167929,0.0,0.0,0.0,99.99997911756296,2.0882437041163362e-07,0,0,0
2026-01-01 07:30:00,30,0.0135297474441932,0.0135297474441932,0.0135297474441932,0.0,0.0,0.0,99.99998647011726,1.3529882743020698e-07,0,0,0
2026-01-01 07:30:00,31,0.0032085795775248,0.0032085795775248,0.0032085795775248,0.0,0.0,0.0,99.99999679138834,3.208611663641478e-08,0,0,0
2026-01-01 07:30:00,32,0.0,0.0,0.0,0.0,0.0,0.0,100.0,0.0,0,0,0
2026-01-01 07:30:00,33,0.0,0.0,0.0,0.0,0.0,0.0,100.0,0.0,0,0,0
2026-01-01 07:30:00,34,0.0,0.0,0.0,0.0,0.0,0.0,100.0,0.0,0,0,0
2026-01-01 07:30:00,35,0.0,0.0,0.0,0.0,0.0,0.0,100.0,0.0,0,0,0
2026-01-01 07:30:00,36,0.0,0.0,0.0,0.0,0.0,0.0,100.0,0.0,0,0,0
2026-01-01 07:45:00,0,0.1707215929722531,0.1707215929722531,0.1707215929722531,0.0,0.0,0.0,99.9998292766998,1.7072330020520002e-06,0,0,0
2026-01-01 07:45:00,1,0.1557350837905242,0.1557350837905242,0.1557350837905242,0.0,0.0,0.0,99.99984426335884,1.557366411569e-06,0,0,0
2026-01-01 07:45:00,2,0.1117792090326421,0.1117792090326421,0.1117792090326421,0.0,0.0,0.0,99.99988821967317,1.117803268359e-06,0,0,0
2026-01-01 07:45:00,3,0.1061350653869404,0.1061350653869404,0.1061350653869404,0.0,0.0,0.0,99.99989386387325,1.061361267482e-06,0,0,0
2026-01-01 07:45:00,4,0.1035260270093907,0.1035260270093907,0.1035260270093907,0.0,0.0,0.0,99.99989647293772,1.0352706228e-06,0,0,0
2026-01-01 07:45:00,5,0.0484810886549274,0.0484810886549274,0.0484810886549274,0.0,0.0,0.0,99.99995151842653,4.848157347066219e-07,0,0,0
2026-01-01 07:45:00,6,0.0395047669973657,0.0395047669973657,0.0395047669973657,0.0,0.0,0.0,99.99996049483795,3.9505162048986253e-07,0,0,0
2026-01-01 07:45:00,7,0.0304915498492902,0.0304915498492902,0.0304915498492902,0.0,0.0,0.0,99.99996950814523,3.049185476783791e-07,0,0,0
2026-01-01 07:45:00,8,0.0279447192912265,0.0279447192912265,0.0279447192912265,0.0,0.0,0.0,99.99997205500127,2.7944998741213985e-07,0,0,0
2026-01-01 07:45:00,9,0.0253880639037366,0.0253880639037366,0.0253880639037366,0.0,0.0,0.0,99.99997461168222,2.538831778691447e-07,0,0,0
2026-01-01 07:45:00,10,0.0232038462949388,0.0232038462949388,0.0232038462949388,0.0,0.0,0.0,99.99997679592167,2.3204078335722208e-07,0,0,0
2026-01-01 07:45:00,11,0.0203791814354622,0.0203791814354622,0.0203791814354622,0.0,0.0,0.0,99.99997962061477,2.0379385229314558e-07,0,0,0
2026-01-01 07:45:00,12,0.0175434967746633,0.0175434967746633,0.0175434967746633,0.0,0.0,0.0,99.99998245632779,1.7543672211385447e-07,0,0,0
2026-01-01 07:45:00,13,0.0117480732767419,0.0117480732767419,0.0117480732767419,0.0,0.0,0.0,99.99998825180924,1.1748190758649514e-07,0,0,0
2026-01-01 07:45:00,14,0.0092819232704508,0.0092819232704508,0.0092819232704508,0.0,0.0,0.0,99.9999907179839,9.282016090611725e-08,0,0,0
2026-01-01 07:45:00,15,0.0066769623893254,0.0066769623893254,0.0066769623893254,0.0,0.0,0.0,99.99999332297084,6.677029159617018e-08,0,0,0
2026-01-01 07:45:00,16,0.0040713437342409,0.0040713437342409,0.0040713437342409,0.0,0.0,0.0,99.99999592861555,4.071384448085462e-08,0,0,0
2026-01-01 07:45:00,17,0.010521551884102,0.010521551884102,0.010521551884102,0.0,0.0,0.0,99.9999894783429,1.0521657100673035e-07,0,0,0
2026-01-01 07:45:00,18,0.0114058533301786,0.0114058533301786,0.0114058533301786,0.0,0.0,0.0,99.99998859403262,1.1405967389852535e-07,0,0,0
2026-01-01 07:45:00,19,0.0076060938029368,0.0076060938029368,0.0076060938029368,0.0,0.0,0.0,99.99999239383014,7.606169864635466e-08,0,0,0
2026-01-01 07:45:00,20,0.0038040716019497,0.0038040716019497,0.0038040716019497,0.0,0.0,0.0,99.99999619589036,3.804109643046205e-08,0,0,0
2026-01-01 07:45:00,21,0.0405820627421007,0.0405820627421007,0.0405820627421007,0.0,0.0,0.0,99.99995941753143,4.0582468566786374e-07,0,0,0
2026-01-01 07:45:00,22,0.0365705995983153,0.0365705995983153,0.0365705995983153,0.0,0.0,0.0,99.9999634290347,3.6570965307968433e-07,0,0,0
2026-01-01 07:45:00,23,0.0183113637614103,0.0183113637614103,0.0183113637614103,0.0,0.0,0.0,99.99998168845312,1.8311546876879075e-07,0,0,0
2026-01-01 07:45:00,24,0.0541950820177847,0.0541950820177847,0.0541950820177847,0.0,0.0,0.0,99.99994580437603,5.419562397402447e-07,0,0,0
2026-01-01 07:45:00,25,0.0518084519034529,0.0518084519034529,0.0518084519034529,0.0,0.0,0.0,99.99994819103,5.180896999315291e-07,0,0,0
2026-01-01 07:45:00,26,0.0494396872828164,0.0494396872828164,0.0494396872828164,0.0,0.0,0.0,99.99995055981832,4.944018168463333e-07,0,0,0
2026-01-01 07:45:00,27,0.0472295612534848,0.0472295612534848,0.0472295612534848,0.0,0.0,0.0,99.99995276996644,4.7230033553820427e-07,0,0,0
2026-01-01 07:45:00,28,0.0419222554354242,0.0419222554354242,0.0419222554354242,0.0,0.0,0.0,99.99995807732533,4.1922674662170834e-07,0,0,0
2026-01-01 07:45:00,29,0.0193411763984656,0.0193411763984655,0.019341176398465547,1.0061396160665481e-16,1.0061396160665481e-16,5.202057388508331e-15,99.9999806586302,1.9341369812163722e-07,0,0,0
2026-01-01 07:45:00,30,0.0125309545811019,0.0125309545811019,0.0125309545811019,0.0,0.0,0.0,99.99998746892011,1.253107989190083e-07,0,0,0
2026-01-01 07:45:00,31,0.0029716657949425,0.0029716657949425,0.0029716657949425,0.0,0.0,0.0,99.99999702830449,2.971695511897636e-08,0,0,0
2026-01-01 07:45:00,32,0.0,0.0,0.0,0.0,0.0,0.0,100.0,0.0,0,0,0
2026-01-01 07:45:00,33,0.0,0.0,0.0,0.0,0.0,0.0,100.0,0.0,0,0,0
2026-01-01 07:45:00,34,0.0,0.0,0.0,0.0,0.0,0.0,100.0,0.0,0,0,0
2026-01-01 07:45:00,35,0.0,0.0,0.0,0.0,0.0,0.0,100.0,0.0,0,0,0
2026-01-01 07:45:00,36,0.0,0.0,0.0,0.0,0.0,0.0,100.0,0.0,0,0,0
2026-01-01 08:00:00,0,0.1693072797055614,0.1693072797055614,0.1693072797055614,0.0,0.0,0.0,99.9998306910272,1.693089727952e-06,0,0,0
2026-01-01 08:00:00,1,0.1559600058158686,0.1559600058158687,0.15596000581586866,-8.326672684688674e-17,8.326672684688674e-17,5.338979123033308e-16,99.99984403843457,1.559615654315e-06,0,0,0
2026-01-01 08:00:00,2,0.1119424609283311,0.1119424609283311,0.1119424609283311,0.0,0.0,0.0,99.99988805641964,1.119435803641e-06,0,0,0
2026-01-01 08:00:00,3,0.1062904156746119,0.1062904156746119,0.1062904156746119,0.0,0.0,0.0,99.99989370852141,1.062914785893e-06,0,0,0
2026-01-01 08:00:00,4,0.1036777019650921,0.1036777019650921,0.1036777019650921,0.0,0.0,0.0,99.99989632126125,1.036787387524e-06,0,0,0
2026-01-01 08:00:00,5,0.0485518763404841,0.0485518763404841,0.0485518763404841,0.0,0.0,0.0,99.99995144763814,4.855236186410276e-07,0,0,0
2026-01-01 08:00:00,6,0.0395626503295246,0.0395626503295246,0.0395626503295246,0.0,0.0,0.0,99.99996043695404,3.956304595998425e-07,0,0,0
2026-01-01 08:00:00,7,0.0305364182359545,0.0305364182359545,0.0305364182359545,0.0,0.0,0.0,99.9999694632764,3.0536723603190584e-07,0,0,0
2026-01-01 08:00:00,8,0.0279858903331176,0.0279858903331176,0.0279858903331176,0.0,0.0,0.0,99.9999720138298,2.798617019481956e-07,0,0,0
2026-01-01 08:00:00,9,0.0254255029757741,0.0254255029757741,0.0254255029757741,0.0,0.0,0.0,99.99997457424277,2.5425757233346484e-07,0,0,0
2026-01-01 08:00:00,10,0.0232380926602836,0.0232380926602836,0.0232380926602836,0.0,0.0,0.0,99.99997676167496,2.323832504353404e-07,0,0,0
2026-01-01 08:00:00,11,0.0204092934480527,0.0204092934480527,0.0204092934480527,0.0,0.0,0.0,99.99997959050246,2.0409497543028166e-07,0,0,0
2026-01-01 08:00:00,12,0.0175694348576293,0.0175694348576293,0.0175694348576293,0.0,0.0,0.0,99.99998243038945,1.7569610553734857e-07,0,0,0
2026-01-01 08:00:00,13,0.0117654617282833,0.0117654617282833,0.0117654617282833,0.0,0.0,0.0,99.99998823442061,1.1765579384077145e-07,0,0,0
2026-01-01 08:00:00,14,0.0092956704914344,0.0092956704914344,0.0092956704914344,0.0,0.0,0.0,99.99999070423655,9.295763449068957e-08,0,0,0
2026-01-01 08:00:00,15,0.006686857969409,0.006686857969409,0.006686857969409,0.0,0.0,0.0,99.99999331307517,6.6869248386574e-08,0,0,0
2026-01-01 08:00:00,16,0.0040773789893414,0.0040773789893414,0.0040773789893414,0.0,0.0,0.0,99.99999592258024,4.0774197635390646e-08,0,0,0
2026-01-01 08:00:00,17,0.0090103450104508,0.0090103450104508,0.0090103450104508,0.0,0.0,0.0,99.99999098956488,9.010435114801975e-08,0,0,0
2026-01-01 08:00:00,18,0.0114210720251718,0.0114210720251718,0.0114210720251718,0.0,0.0,0.0,99.99998857881376,1.1421186237034221e-07,0,0,0
2026-01-01 08:00:00,19,0.0076162453187839,0.0076162453187839,0.0076162453187839,0.0,0.0,0.0,99.99999238367852,7.616321481998721e-08,0,0,0
2026-01-01 08:00:00,20,0.0038091500351253,0.0038091500351253,0.0038091500351253,0.0,0.0,0.0,99.99999619081187,3.8091881270066026e-08,0,0,0
2026-01-01 08:00:00,21,0.0406390467773332,0.0406390467773332,0.0406390467773332,0.0,0.0,0.0,99.99995936054682,4.063945317186497e-07,0,0,0
2026-01-01 08:00:00,22,0.0366219868038936,0.0366219868038936,0.0366219868038936,0.0,0.0,0.0,99.99996337764698,3.662235302742395e-07,0,0,0
2026-01-01 08:00:00,23,0.0183371309754013,0.0183371309754013,0.0183371309754013,0.0,0.0,0.0,99.99998166268566,1.8337314348544832e-07,0,0,0
2026-01-01 08:00:00,24,0.0542746881478908,0.0542746881478908,0.0542746881478908,0.0,0.0,0.0,99.9999457247691,5.42752309001999e-07,0,0,0
2026-01-01 08:00:00,25,0.0518846271658343,0.0518846271658343,0.0518846271658343,0.0,0.0,0.0,99.99994811485398,5.188514601729452e-07,0,0,0
2026-01-01 08:00:00,26,0.049512449304246,0.049512449304246,0.049512449304246,0.0,0.0,0.0,99.99995048705557,4.951294443369043e-07,0,0,0
2026-01-01 08:00:00,27,0.0472991051336212,0.0472991051336212,0.0472991051336212,0.0,0.0,0.0,99.99995270042187,4.729957812940259e-07,0,0,0
2026-01-01 08:00:00,28,0.0419840185211946,0.0419840185211946,0.0419840185211946,0.0,0.0,0.0,99.99995801556163,4.1984438365578254e-07,0,0,0
2026-01-01 08:00:00,29,0.0193697374450308,0.0193697374450308,0.0193697374450308,0.0,0.0,0.0,99.99998063006886,1.9369931144342313e-07,0,0,0
2026-01-01 08:00:00,30,0.0125494650932334,0.0125494650932334,0.0125494650932334,0.0,0.0,0.0,99.9999874504094,1.254959058913938e-07,0,0,0
2026-01-01 08:00:00,31,0.0029760564007639,0.0029760564007639,0.0029760564007639,0.0,0.0,0.0,99.99999702391383,2.9760861616255197e-08,0,0,0
2026-01-01 08:00:00,32,0.0,0.0,0.0,0.0,0.0,0.0,100.0,0.0,0,0,0
2026-01-01 08:00:00,33,0.0,0.0,0.0,0.0,0.0,0.0,100.0,0.0,0,0,0
2026-01-01 08:00:00,34,0.0,0.0,0.0,0.0,0.0,0.0,100.0,0.0,0,0,0
2026-01-01 08:00:00,35,0.0,0.0,0.0,0.0,0.0,0.0,100.0,0.0,0,0,0
2026-01-01 08:00:00,36,0.0,0.0,0.0,0.0,0.0,0.0,100.0,0.0,0,0,0
2026-01-01 08:15:00,0,0.1669450801284701,0.1669450801284701,0.1669450801284701,0.0,0.0,0.0,99.9998330532504,1.6694674959590001e-06,0,0,0
2026-01-01 08:15:00,1,0.1546383971020771,0.1546383971020771,0.1546383971020771,0.0,0.0,0.0,99.9998453600565,1.546399435015e-06,0,0,0
2026-01-01 08:15:00,2,0.1109830958670999,0.1109830958670999,0.1109830958670999,0.0,0.0,0.0,99.9998890157943,1.109842057091e-06,0,0,0
2026-01-01 08:15:00,3,0.1053774624544773,0.1053774624544772,0.10537746245447724,9.71445146547012e-17,9.71445146547012e-17,9.218717472718593e-16,99.99989462148376,1.053785162396e-06,0,0,0
2026-01-01 08:15:00,4,0.1027863381694853,0.1027863381694854,0.10278633816948535,-9.71445146547012e-17,9.71445146547012e-17,9.451110617775688e-16,99.99989721263395,1.027873660431e-06,0,0,0
2026-01-01 08:15:00,5,0.0481358894745225,0.0481358894745225,0.0481358894745225,0.0,0.0,0.0,99.99995186362916,4.813637083823089e-07,0,0,0
2026-01-01 08:15:00,6,0.039222481071216,0.0392224810712159,0.03922248107121595,1.0408340855860843e-16,1.0408340855860843e-16,2.653666447896563e-15,99.9999607771267,3.922287329994901e-07,0,0,0
2026-01-01 08:15:00,7,0.0302727231429847,0.0302727231429847,0.0302727231429847,0.0,0.0,0.0,99.99996972697413,3.027302587324347e-07,0,0,0
2026-01-01 08:15:00,8,0.0277439216434524,0.0277439216434524,0.0277439216434524,0.0,0.0,0.0,99.99997225580091,2.7744199085443326e-07,0,0,0
2026-01-01 08:15:00,9,0.0252054654505554,0.0252054654505554,0.0252054654505554,0.0,0.0,0.0,99.9999747942825,2.52057175077305e-07,0,0,0
2026-01-01 08:15:00,10,0.0230368175805976,0.0230368175805976,0.0230368175805976,0.0,0.0,0.0,99.99997696295205,2.303704795107715e-07,0,0,0
2026-01-01 08:15:00,11,0.0202323150907507,0.0202323150907507,0.0202323150907507,0.0,0.0,0.0,99.99997976748259,2.0232517415924863e-07,0,0,0
2026-01-01 08:15:00,12,0.0174169879736755,0.0174169879736755,0.0174169879736755,0.0,0.0,0.0,99.99998258283786,1.7417162145297001e-07,0,0,0
2026-01-01 08:15:00,13,0.0116632625025813,0.0116632625025813,0.0116632625025813,0.0,0.0,0.0,99.99998833662086,1.1663379136372686e-07,0,0,0
2026-01-01 08:15:00,14,0.0092148715313305,0.0092148715313305,0.0092148715313305,0.0,0.0,0.0,99.99999078503632,9.214963680967329e-08,0,0,0
2026-01-01 08:15:00,15,0.006628696964189,0.006628696964189,0.006628696964189,0.0,0.0,0.0,99.99999337123676,6.628763251821562e-08,0,0,0
2026-01-01 08:15:00,16,0.0040419065861641,0.0040419065861641,0.0040419065861641,0.0,0.0,0.0,99.99999595805299,4.0419470056341856e-08,0,0,0
2026-01-01 08:15:00,17,0.0081629976241019,0.0081629976241019,0.0081629976241019,0.0,0.0,0.0,99.99999183692074,8.163079254894486e-08,0,0,0
2026-01-01 08:15:00,18,0.0113284122705448,0.0113284122705448,0.0113284122705448,0.0,0.0,0.0,99.99998867147444,1.1328525555800388e-07,0,0,0
2026-01-01 08:15:00,19,0.007554436436845,0.007554436436845,0.007554436436845,0.0,0.0,0.0,99.99999244548802,7.55451198196488e-08,0,0,0
2026-01-01 08:15:00,20,0.0037782288889257,0.0037782288889257,0.0037782288889257,0.0,0.0,0.0,99.99999622173333,3.7782666715924265e-08,0,0,0
2026-01-01 08:15:00,21,0.040304325306398,0.040304325306398,0.040304325306398,0.0,0.0,0.0,99.99995969527164,4.0304728353681586e-07,0,0,0
2026-01-01 08:15:00,22,0.0363201381921082,0.0363201381921082,0.0363201381921082,0.0,0.0,0.0,99.9999636794986,3.632050139712223e-07,0,0,0
2026-01-01 08:15:00,23,0.0181857715543445,0.0181857715543445,0.0181857715543445,0.0,0.0,0.0,99.99998181404659,1.8185953413878698e-07,0,0,0
2026-01-01 08:15:00,24,0.0538068459137617,0.0538068459137617,0.0538068459137617,0.0,0.0,0.0,99.99994619261601,5.380738398760164e-07,0,0,0
2026-01-01 08:15:00,25,0.0514369433111736,0.0514369433111736,0.0514369433111736,0.0,0.0,0.0,99.99994856254231,5.143745768575052e-07,0,0,0
2026-01-01 08:15:00,26,0.0490848200960492,0.0490848200960492,0.0490848200960492,0.0,0.0,0.0,99.99995091468905,4.908531094915877e-07,0,0,0
2026-01-01 08:15:00,27,0.0468903871594204,0.0468903871594204,0.0468903871594204,0.0,0.0,0.0,99.99995310914393,4.689085606798109e-07,0,0,0
2026-01-01 08:15:00,28,0.0416210287418275,0.0416210287418275,0.0416210287418275,0.0,0.0,0.0,99.99995837855505,4.162144495627714e-07,0,0,0
2026-01-01 08:15:00,29,0.0192018758915367,0.0192018758915367,0.0192018758915367,0.0,0.0,0.0,99.99998079793208,1.9202067912215911e-07,0,0,0
2026-01-01 08:15:00,30,0.0124406732415763,0.0124406732415763,0.0124406732415763,0.0,0.0,0.0,99.99998755920235,1.2440797649552857e-07,0,0,0
2026-01-01 08:15:00,31,0.0029502514512669,0.0029502514512669,0.0029502514512669,0.0,0.0,0.0,99.99999704971904,2.9502809540764867e-08,0,0,0
2026-01-01 08:15:00,32,0.0,0.0,0.0,0.0,0.0,0.0,100.0,0.0,0,0,0
2026-01-01 08:15:00,33,0.0,0.0,0.0,0.0,0.0,0.0,100.0,0.0,0,0,0
2026-01-01 08:15:00,34,0.0,0.0,0.0,0.0,0.0,0.0,100.0,0.0,0,0,0
2026-01-01 08:15:00,35,0.0,0.0,0.0,0.0,0.0,0.0,100.0,0.0,0,0,0
2026-01-01 08:15:00,36,0.0,0.0,0.0,0.0,0.0,0.0,100.0,0.0,0,0,0
2026-01-01 08:30:00,0,0.1733837075972216,0.1733837075972217,0.17338370759722166,-8.326672684688674e-17,8.326672684688674e-17,4.802453656018563e-16,99.99982661455854,1.7338544145159998e-06,0,0,0
2026-01-01 08:30:00,1,0.1618883495213174,0.1618883495213173,0.16188834952131737,8.326672684688674e-17,8.326672684688674e-17,5.143465972049844e-16,99.99983811003158,1.6188996842099998e-06,0,0,0
2026-01-01 08:30:00,2,0.1162481744635156,0.1162481744635156,0.1162481744635156,0.0,0.0,0.0,99.99988375066305,1.162493369568e-06,0,0,0
2026-01-01 08:30:00,3,0.1103882497254829,0.1103882497254829,0.1103882497254829,0.0,0.0,0.0,99.99988961064638,1.10389353619e-06,0,0,0
2026-01-01 08:30:00,4,0.1076788086644063,0.1076788086644064,0.10767880866440635,-1.1102230246251565e-16,1.1102230246251565e-16,1.0310505245096495e-15,99.99989232011454,1.076798854632e-06,0,0,0
2026-01-01 08:30:00,5,0.0504188293620092,0.0504188293620092,0.0504188293620092,0.0,0.0,0.0,99.99994958066644,5.041933355534479e-07,0,0,0
2026-01-01 08:30:00,6,0.0410895914187377,0.0410895914187377,0.0410895914187377,0.0,0.0,0.0,99.99995890999769,4.109000231876095e-07,0,0,0
2026-01-01 08:30:00,7,0.0317203297320904,0.0317203297320904,0.0317203297320904,0.0,0.0,0.0,99.99996827935306,3.1720646938559817e-07,0,0,0
2026-01-01 08:30:00,8,0.0290723214977774,0.0290723214977774,0.0290723214977774,0.0,0.0,0.0,99.99997092738778,2.907261222389969e-07,0,0,0
2026-01-01 08:30:00,9,0.0264135089330214,0.0264135089330214,0.0264135089330214,0.0,0.0,0.0,99.99997358622693,2.641377307075211e-07,0,0,0
2026-01-01 08:30:00,10,0.0241418886886762,0.0241418886886762,0.0241418886886762,0.0,0.0,0.0,99.99997585786988,2.4142130109977377e-07,0,0,0
2026-01-01 08:30:00,11,0.0212040333890369,0.0212040333890369,0.0212040333890369,0.0,0.0,0.0,99.99997879575457,2.120424543149127e-07,0,0,0
2026-01-01 08:30:00,12,0.0182540343596284,0.0182540343596284,0.0182540343596284,0.0,0.0,0.0,99.9999817457831,1.8254216901797446e-07,0,0,0
2026-01-01 08:30:00,13,0.0122244368178533,0.0122244368178533,0.0122244368178533,0.0,0.0,0.0,99.99998777544094,1.2224559063444024e-07,0,0,0
2026-01-01 08:30:00,14,0.009658549100355,0.009658549100355,0.009658549100355,0.0,0.0,0.0,99.99999034135432,9.658645686811924e-08,0,0,0
2026-01-01 08:30:00,15,0.0069480750108569,0.0069480750108569,0.0069480750108569,0.0,0.0,0.0,99.99999305185551,6.948144492301853e-08,0,0,0
2026-01-01 08:30:00,16,0.0042366970996669,0.0042366970996669,0.0042366970996669,0.0,0.0,0.0,99.99999576326053,4.236739467061638e-08,0,0,0
2026-01-01 08:30:00,17,0.0075531999792304,0.0075531999792304,0.0075531999792304,0.0,0.0,0.0,99.99999244672449,7.553275511985595e-08,0,0,0
2026-01-01 08:30:00,18,0.0118337771217871,0.0118337771217871,0.0118337771217871,0.0,0.0,0.0,99.99998816610454,1.1833895460741789e-07,0,0,0
2026-01-01 08:30:00,19,0.0078915440625712,0.0078915440625712,0.0078915440625712,0.0,0.0,0.0,99.99999210837701,7.891622978801073e-08,0,0,0
2026-01-01 08:30:00,20,0.0039468751945318,0.0039468751945318,0.0039468751945318,0.0,0.0,0.0,99.99999605308534,3.946914663678504e-08,0,0,0
2026-01-01 08:30:00,21,0.042138450282344,0.042138450282344,0.042138450282344,0.0,0.0,0.0,99.99995786112832,4.213887167106075e-07,0,0,0
2026-01-01 08:30:00,22,0.0379741762687484,0.0379741762687484,0.0379741762687484,0.0,0.0,0.0,99.99996202544399,3.7974556014308587e-07,0,0,0
2026-01-01 08:30:00,23,0.0190152182092719,0.0190152182092719,0.0190152182092719,0.0,0.0,0.0,99.99998098459163,1.9015408363355595e-07,0,0,0
2026-01-01 08:30:00,24,0.0563749765479925,0.0563749765479925,0.0563749765479925,0.0,0.0,0.0,99.9999436244597,5.637554030339563e-07,0,0,0
2026-01-01 08:30:00,25,0.0538945131756959,0.0538945131756959,0.0538945131756959,0.0,0.0,0.0,99.99994610494787,5.38950521262172e-07,0,0,0
2026-01-01 08:30:00,26,0.0514323880912059,0.0514323880912059,0.0514323880912059,0.0,0.0,0.0,99.99994856709758,5.143290242023014e-07,0,0,0
2026-01-01 08:30:00,27,0.0491341819902549,0.0491341819902549,0.0491341819902549,0.0,0.0,0.0,99.99995086532667,4.913467333698831e-07,0,0,0
2026-01-01 08:30:00,28,0.0436138269321951,0.0436138269321951,0.0436138269321951,0.0,0.0,0.0,99.99995638573692,4.3614263074825906e-07,0,0,0
2026-01-01 08:30:00,29,0.0201235147124044,0.0201235147124044,0.0201235147124044,0.0,0.0,0.0,99.99997987628404,2.0123715949563946e-07,0,0,0
2026-01-01 08:30:00,30,0.0130379995423229,0.0130379995423229,0.0130379995423229,0.0,0.0,0.0,99.99998696187008,1.303812992362216e-07,0,0,0
2026-01-01 08:30:00,31,0.0030919358120231,0.0030919358120231,0.0030919358120231,0.0,0.0,0.0,99.99999690803327,3.091966731690507e-08,0,0,0
2026-01-01 08:30:00,32,0.0,0.0,0.0,0.0,0.0,0.0,100.0,0.0,0,0,0
2026-01-01 08:30:00,33,0.0,0.0,0.0,0.0,0.0,0.0,100.0,0.0,0,0,0
2026-01-01 08:30:00,34,0.0,0.0,0.0,0.0,0.0,0.0,100.0,0.0,0,0,0
2026-01-01 08:30:00,35,0.0,0.0,0.0,0.0,0.0,0.0,100.0,0.0,0,0,0
2026-01-01 08:30:00,36,0.0,0.0,0.0,0.0,0.0,0.0,100.0,0.0,0,0,0
2026-01-01 08:45:00,0,0.1753763727643493,0.1753763727643493,0.1753763727643493,0.0,0.0,0.0,99.99982462187346,1.753781265456e-06,0,0,0
2026-01-01 08:45:00,1,0.1638587388160036,0.1638587388160036,0.1638587388160036,0.0,0.0,0.0,99.99983613962257,1.638603774197e-06,0,0,0
2026-01-01 08:45:00,2,0.1176801442295542,0.1176801442295541,0.11768014422955414,9.71445146547012e-17,9.71445146547012e-17,8.254961534568106e-16,99.99988231867896,1.176813210427e-06,0,0,0
2026-01-01 08:45:00,3,0.1117512478530007,0.1117512478530007,0.1117512478530007,0.0,0.0,0.0,99.99988824763463,1.1175236537659999e-06,0,0,0
2026-01-01 08:45:00,4,0.1090097030539182,0.1090097030539183,0.10900970305391824,-9.71445146547012e-17,9.71445146547012e-17,8.911546680858766e-16,99.99989098920683,1.090107931618e-06,0,0,0
2026-01-01 08:45:00,5,0.0510397176460462,0.0510397176460462,0.0510397176460462,0.0,0.0,0.0,99.99994895977196,5.104022804832673e-07,0,0,0
2026-01-01 08:45:00,6,0.041597503063751,0.041597503063751,0.041597503063751,0.0,0.0,0.0,99.99995840208096,4.159791904294149e-07,0,0,0
2026-01-01 08:45:00,7,0.0321142336364586,0.0321142336364586,0.0321142336364586,0.0,0.0,0.0,99.99996788544522,3.2114554782006504e-07,0,0,0
2026-01-01 08:45:00,8,0.0294338174756602,0.0294338174756602,0.0294338174756602,0.0,0.0,0.0,99.99997056588818,2.94341118167784e-07,0,0,0
2026-01-01 08:45:00,9,0.0267422726725496,0.0267422726725496,0.0267422726725496,0.0,0.0,0.0,99.9999732574599,2.674254009795066e-07,0,0,0
2026-01-01 08:45:00,10,0.0244426454136808,0.0244426454136808,0.0244426454136808,0.0,0.0,0.0,99.99997555711016,2.444288984257927e-07,0,0,0
2026-01-01 08:45:00,11,0.0214685168605134,0.0214685168605134,0.0214685168605134,0.0,0.0,0.0,99.99997853126845,2.1468731547828975e-07,0,0,0
2026-01-01 08:45:00,12,0.0184818720083278,0.0184818720083278,0.0184818720083278,0.0,0.0,0.0,99.99998151794317,1.8482056828896156e-07,0,0,0
2026-01-01 08:45:00,13,0.0123771953312295,0.0123771953312295,0.0123771953312295,0.0,0.0,0.0,99.99998762268089,1.2377319104420557e-07,0,0,0
2026-01-01 08:45:00,14,0.0097793288418622,0.0097793288418622,0.0097793288418622,0.0,0.0,0.0,99.99999022057337,9.779426636128653e-08,0,0,0
2026-01-01 08:45:00,15,0.0070350212221659,0.0070350212221659,0.0070350212221659,0.0,0.0,0.0,99.99999296490843,7.035091573081668e-08,0,0,0
2026-01-01 08:45:00,16,0.0042897268987678,0.0042897268987678,0.0042897268987678,0.0,0.0,0.0,99.99999571023021,4.28976979646581e-08,0,0,0
2026-01-01 08:45:00,17,0.0075713761335638,0.0075713761335638,0.0075713761335638,0.0,0.0,0.0,99.99999242854815,7.571451848082373e-08,0,0,0
2026-01-01 08:45:00,18,0.0119707907080063,0.0119707907080063,0.0119707907080063,0.0,0.0,0.0,99.99998802908958,1.1970910417110477e-07,0,0,0
2026-01-01 08:45:00,19,0.0079829415843549,0.0079829415843549,0.0079829415843549,0.0,0.0,0.0,99.99999201697858,7.983021414569053e-08,0,0,0
2026-01-01 08:45:00,20,0.0039925997458607,0.0039925997458607,0.0039925997458607,0.0,0.0,0.0,99.99999600736032,3.9926396722574926e-08,0,0,0
2026-01-01 08:45:00,21,0.042636002667759,0.042636002667759,0.042636002667759,0.0,0.0,0.0,99.99995736357097,4.263642903204932e-07,0,0,0
2026-01-01 08:45:00,22,0.0384228943943436,0.0384228943943436,0.0384228943943436,0.0,0.0,0.0,99.99996157672138,3.842327862712992e-07,0,0,0
2026-01-01 08:45:00,23,0.0192402553743921,0.0192402553743921,0.0192402553743921,0.0,0.0,0.0,99.99998075955222,1.9240447778869982e-07,0,0,0
2026-01-01 08:45:00,24,0.0570737010173609,0.0570737010173609,0.0570737010173609,0.0,0.0,0.0,99.99994292572823,5.707427176007854e-07,0,0,0
2026-01-01 08:45:00,25,0.0545631994229498,0.0545631994229498,0.0545631994229498,0.0,0.0,0.0,99.99994543625493,5.456374506040045e-07,0,0,0
2026-01-01 08:45:00,26,0.052071183424498,0.052071183424498,0.052071183424498,0.0,0.0,0.0,99.99994792829585,5.207170414153952e-07,0,0,0
2026-01-01 08:45:00,27,0.04974475960962,0.04974475960962,0.04974475960962,0.0,0.0,0.0,99.99995025474294,4.974525706219068e-07,0,0,0
2026-01-01 08:45:00,28,0.0441561234560473,0.0441561234560473,0.0441561234560473,0.0,0.0,0.0,99.99995584343498,4.4156565021697543e-07,0,0,0
2026-01-01 08:45:00,29,0.0203743572951523,0.0203743572951523,0.0203743572951523,0.0,0.0,0.0,99.99997962543895,2.0374561040762732e-07,0,0,0
2026-01-01 08:45:00,30,0.0132005774932642,0.0132005774932642,0.0132005774932642,0.0,0.0,0.0,99.9999867992905,1.3200709500359266e-07,0,0,0
2026-01-01 08:45:00,31,0.0031304994438021,0.0031304994438021,0.0031304994438021,0.0,0.0,0.0,99.99999686946926,3.130530749109658e-08,0,0,0
2026-01-01 08:45:00,32,0.0,0.0,0.0,0.0,0.0,0.0,100.0,0.0,0,0,0
2026-01-01 08:45:00,33,0.0,0.0,0.0,0.0,0.0,0.0,100.0,0.0,0,0,0
2026-01-01 08:45:00,34,0.0,0.0,0.0,0.0,0.0,0.0,100.0,0.0,0,0,0
2026-01-01 08:45:00,35,0.0,0.0,0.0,0.0,0.0,0.0,100.0,0.0,0,0,0
2026-01-01 08:45:00,36,0.0,0.0,0.0,0.0,0.0,0.0,100.0,0.0,0,0,0
2026-01-01 09:00:00,0,0.1637523829033845,0.1637523829033846,0.16375238290338456,-8.326672684688674e-17,8.326672684688674e-17,5.084916645829711e-16,99.99983624597955,1.637540204435e-06,0,0,0
2026-01-01 09:00:00,1,0.1561676867095531,0.1561676867095531,0.1561676867095531,0.0,0.0,0.0,99.9998438307516,1.56169248402e-06,0,0,0
2026-01-01 09:00:00,2,0.1120931203288317,0.1120931203288317,0.1120931203288317,0.0,0.0,0.0,99.99988790575873,1.120942412712e-06,0,0,0
2026-01-01 09:00:00,3,0.1064337683104942,0.1064337683104942,0.1064337683104942,0.0,0.0,0.0,99.99989356516734,1.064348326588e-06,0,0,0
2026-01-01 09:00:00,4,0.103817656986677,0.103817656986677,0.103817656986677,0.0,0.0,0.0,99.99989618130482,1.038186951736e-06,0,0,0
2026-01-01 09:00:00,5,0.0486172040839046,0.0486172040839046,0.0486172040839046,0.0,0.0,0.0,99.99995138230975,4.86176902608073e-07,0,0,0
2026-01-01 09:00:00,6,0.0396160607895375,0.0396160607895375,0.0396160607895375,0.0,0.0,0.0,99.99996038354304,3.961645695410703e-07,0,0,0
2026-01-01 09:00:00,7,0.0305778112704986,0.0305778112704986,0.0305778112704986,0.0,0.0,0.0,99.99996942188295,3.0578117051669183e-07,0,0,0
2026-01-01 09:00:00,8,0.0280238702650195,0.0280238702650195,0.0280238702650195,0.0,0.0,0.0,99.99997197584949,2.8024150506524576e-07,0,0,0
2026-01-01 09:00:00,9,0.0254600387247235,0.0254600387247235,0.0254600387247235,0.0,0.0,0.0,99.99997453970667,2.54602933276568e-07,0,0,0
2026-01-01 09:00:00,10,0.0232696820902718,0.0232696820902718,0.0232696820902718,0.0,0.0,0.0,99.99997673008521,2.3269914789419753e-07,0,0,0
2026-01-01 09:00:00,11,0.0204370677830577,0.0204370677830577,0.0204370677830577,0.0,0.0,0.0,99.99997956272784,2.0437272155779287e-07,0,0,0
2026-01-01 09:00:00,12,0.0175933584599402,0.0175933584599402,0.0175933584599402,0.0,0.0,0.0,99.9999824064656,1.7593534395284168e-07,0,0,0
2026-01-01 09:00:00,13,0.0117814989490652,0.0117814989490652,0.0117814989490652,0.0,0.0,0.0,99.99998821838324,1.1781616765232859e-07,0,0,0
2026-01-01 09:00:00,14,0.0093083490971964,0.0093083490971964,0.0093083490971964,0.0,0.0,0.0,99.99999069155781,9.308442181618252e-08,0,0,0
2026-01-01 09:00:00,15,0.0066959839843227,0.0066959839843227,0.0066959839843227,0.0,0.0,0.0,99.99999330394905,6.696050944832228e-08,0,0,0
2026-01-01 09:00:00,16,0.0040829448832277,0.0040829448832277,0.0040829448832277,0.0,0.0,0.0,99.99999591701429,4.0829857130849206e-08,0,0,0
2026-01-01 09:00:00,17,0.0062125187845196,0.0062125187845196,0.0062125187845196,0.0,0.0,0.0,99.99999378741909,6.212580910328772e-08,0,0,0
2026-01-01 09:00:00,18,0.0114338252932826,0.0114338252932826,0.0114338252932826,0.0,0.0,0.0,99.99998856606037,1.1433939632678944e-07,0,0,0
2026-01-01 09:00:00,19,0.0076247518844634,0.0076247518844634,0.0076247518844634,0.0,0.0,0.0,99.99999237517187,7.624828132744787e-08,0,0,0
2026-01-01 09:00:00,20,0.0038134053699597,0.0038134053699597,0.0038134053699597,0.0,0.0,0.0,99.9999961865565,3.813443504394814e-08,0,0,0
2026-01-01 09:00:00,21,0.0406917332845354,0.0406917332845354,0.0406917332845354,0.0,0.0,0.0,99.9999593078598,4.069214020593748e-07,0,0,0
2026-01-01 09:00:00,22,0.0366694969669317,0.0366694969669317,0.0366694969669317,0.0,0.0,0.0,99.99996333013634,3.66698636655684e-07,0,0,0
2026-01-01 09:00:00,23,0.0183609524642771,0.0183609524642771,0.0183609524642771,0.0,0.0,0.0,99.99998163886393,1.8361136075637943e-07,0,0,0
2026-01-01 09:00:00,24,0.0543481342450204,0.0543481342450204,0.0543481342450204,0.0,0.0,0.0,99.99994565132226,5.434867773179778e-07,0,0,0
2026-01-01 09:00:00,25,0.0519549046720128,0.0519549046720128,0.0519549046720128,0.0,0.0,0.0,99.99994804457577,5.195542422625514e-07,0,0,0
2026-01-01 09:00:00,26,0.0495795749740491,0.0495795749740492,0.04957957497404915,-9.71445146547012e-17,9.71445146547012e-17,1.959365224730064e-15,99.99995041992922,4.958007077475695e-07,0,0,0
2026-01-01 09:00:00,27,0.0473632604583186,0.0473632604583186,0.0473632604583186,0.0,0.0,0.0,99.9999526362659,4.736373409565964e-07,0,0,0
2026-01-01 09:00:00,28,0.0420409942034825,0.0420409942034825,0.0420409942034825,0.0,0.0,0.0,99.99995795858538,4.2041414617628693e-07,0,0,0
2026-01-01 09:00:00,29,0.0193960819147292,0.0193960819147292,0.0193960819147292,0.0,0.0,0.0,99.99998060372413,1.9396275877488024e-07,0,0,0
2026-01-01 09:00:00,30,0.012566538744935,0.012566538744935,0.012566538744935,0.0,0.0,0.0,99.99998743333559,1.25666644115792e-07,0,0,0
2026-01-01 09:00:00,31,0.0029801061480703,0.0029801061480703,0.0029801061480703,0.0,0.0,0.0,99.99999701986405,2.9801359494298294e-08,0,0,0
2026-01-01 09:00:00,32,0.0,0.0,0.0,0.0,0.0,0.0,100.0,0.0,0,0,0
2026-01-01 09:00:00,33,0.0,0.0,0.0,0.0,0.0,0.0,100.0,0.0,0,0,0
2026-01-01 09:00:00,34,0.0,0.0,0.0,0.0,0.0,0.0,100.0,0.0,0,0,0
2026-01-01 09:00:00,35,0.0,0.0,0.0,0.0,0.0,0.0,100.0,0.0,0,0,0
2026-01-01 09:00:00,36,0.0,0.0,0.0,0.0,0.0,0.0,100.0,0.0,0,0,0
2026-01-01 09:15:00,0,0.1575685898810356,0.1575685898810356,0.1575685898810356,0.0,0.0,0.0,99.99984242983442,1.575701655826e-06,0,0,0
2026-01-01 09:15:00,1,0.1508803008733271,0.1508803008733271,0.1508803008733271,0.0,0.0,0.0,99.99984911819031,1.508818096914e-06,0,0,0
2026-01-01 09:15:00,2,0.1082560899705888,0.1082560899705888,0.1082560899705888,0.0,0.0,0.0,99.99989174282746,1.082571725423e-06,0,0,0
2026-01-01 09:15:00,3,0.102782571075639,0.102782571075639,0.102782571075639,0.0,0.0,0.0,99.9998972164011,1.027835989116e-06,0,0,0
2026-01-01 09:15:00,4,0.1002528900403633,0.1002528900403633,0.1002528900403633,0.0,0.0,0.0,99.99989974610742,1.002538925792e-06,0,0,0
2026-01-01 09:15:00,5,0.0469534281233586,0.0469534281233586,0.0469534281233586,0.0,0.0,0.0,99.99995304610233,4.6953897662335267e-07,0,0,0
2026-01-01 09:15:00,6,0.0382556499182229,0.0382556499182229,0.0382556499182229,0.0,0.0,0.0,99.99996174396752,3.825603247854776e-07,0,0,0
2026-01-01 09:15:00,7,0.0295233567237687,0.0295233567237687,0.0295233567237687,0.0,0.0,0.0,99.99997047634804,2.952365196028838e-07,0,0,0
2026-01-01 09:15:00,8,0.0270563259588147,0.0270563259588147,0.0270563259588147,0.0,0.0,0.0,99.99997294340348,2.705659652477997e-07,0,0,0
2026-01-01 09:15:00,9,0.024580210981895,0.024580210981895,0.024580210981895,0.0,0.0,0.0,99.99997541954322,2.458045678646295e-07,0,0,0
2026-01-01 09:15:00,10,0.0224648944468763,0.0224648944468763,0.0224648944468763,0.0,0.0,0.0,99.9999775348809,2.246511909806731e-07,0,0,0
2026-01-01 09:15:00,11,0.0197294510280161,0.0197294510280161,0.0197294510280161,0.0,0.0,0.0,99.99998027035167,1.972964832449935e-07,0,0,0
2026-01-01 09:15:00,12,0.0169838365563276,0.0169838365563276,0.0169838365563276,0.0,0.0,0.0,99.9999830159936,1.6984006396391583e-07,0,0,0
2026-01-01 09:15:00,13,0.0113728921457806,0.0113728921457806,0.0113728921457806,0.0,0.0,0.0,99.99998862699412,1.137300587583943e-07,0,0,0
2026-01-01 09:15:00,14,0.0089853092467772,0.0089853092467772,0.0089853092467772,0.0,0.0,0.0,99.9999910146009,8.985399100768296e-08,0,0,0
2026-01-01 09:15:00,15,0.0064634563434745,0.0064634563434745,0.0064634563434745,0.0,0.0,0.0,99.99999353647902,6.46352097868429e-08,0,0,0
2026-01-01 09:15:00,16,0.0039411271181961,0.0039411271181961,0.0039411271181961,0.0,0.0,0.0,99.99999605883347,3.941166529861467e-08,0,0,0
2026-01-01 09:15:00,17,0.0061138904998695,0.0061138904998695,0.0061138904998695,0.0,0.0,0.0,99.99999388604836,6.113951639385899e-08,0,0,0
2026-01-01 09:15:00,18,0.011063736997212,0.011063736997212,0.011063736997212,0.0,0.0,0.0,99.99998893615236,1.1063847635688429e-07,0,0,0
2026-01-01 09:15:00,19,0.0073778856415301,0.0073778856415301,0.0073778856415301,0.0,0.0,0.0,99.99999262204058,7.37795942112439e-08,0,0,0
2026-01-01 09:15:00,20,0.0036899064280635,0.0036899064280635,0.0036899064280635,0.0,0.0,0.0,99.99999631005667,3.689943327496818e-08,0,0,0
2026-01-01 09:15:00,21,0.0393515992832683,0.0393515992832683,0.0393515992832683,0.0,0.0,0.0,99.9999606480072,3.935199280319638e-07,0,0,0
2026-01-01 09:15:00,22,0.0354609978364273,0.0354609978364273,0.0354609978364273,0.0,0.0,0.0,99.99996453864755,3.546135244995188e-07,0,0,0
2026-01-01 09:15:00,23,0.0177549824458639,0.0177549824458639,0.0177549824458639,0.0,0.0,0.0,99.99998224484,1.7755159997463955e-07,0,0,0
2026-01-01 09:15:00,24,0.0524772546782981,0.0524772546782981,0.0524772546782981,0.0,0.0,0.0,99.99994752222054,5.247777945609272e-07,0,0,0
2026-01-01 09:15:00,25,0.0501646837996429,0.0501646837996429,0.0501646837996429,0.0,0.0,0.0,99.99994983481454,5.016518545149747e-07,0,0,0
2026-01-01 09:15:00,26,0.0478695927961081,0.0478695927961081,0.0478695927961081,0.0,0.0,0.0,99.9999521299285,4.78700714968231e-07,0,0,0
2026-01-01 09:15:00,27,0.0457289211688483,0.0457289211688483,0.0457289211688483,0.0,0.0,0.0,99.99995427062154,4.5729378462633e-07,0,0,0
2026-01-01 09:15:00,28,0.0405895293803942,0.0405895293803941,0.040589529380394146,1.0408340855860843e-16,1.0408340855860843e-16,2.5642914442355905e-15,99.99995941006472,4.0589935279747e-07,0,0,0
2026-01-01 09:15:00,29,0.0187249061007946,0.0187249061007946,0.0187249061007946,0.0,0.0,0.0,99.99998127490665,1.8725093351728208e-07,0,0,0
2026-01-01 09:15:00,30,0.0121315504268703,0.0121315504268703,0.0121315504268703,0.0,0.0,0.0,99.99998786832826,1.2131671743587797e-07,0,0,0
2026-01-01 09:15:00,31,0.0028769294046258,0.0028769294046258,0.0028769294046258,0.0,0.0,0.0,99.99999712304182,2.8769581742075977e-08,0,0,0
2026-01-01 09:15:00,32,0.0,0.0,0.0,0.0,0.0,0.0,100.0,0.0,0,0,0
2026-01-01 09:15:00,33,0.0,0.0,0.0,0.0,0.0,0.0,100.0,0.0,0,0,0
2026-01-01 09:15:00,34,0.0,0.0,0.0,0.0,0.0,0.0,100.0,0.0,0,0,0
2026-01-01 09:15:00,35,0.0,0.0,0.0,0.0,0.0,0.0,100.0,0.0,0,0,0
2026-01-01 09:15:00,36,0.0,0.0,0.0,0.0,0.0,0.0,100.0,0.0,0,0,0
2026-01-01 09:30:00,0,0.1558600180471527,0.1558600180471527,0.1558600180471527,0.0,0.0,0.0,99.99984413842334,1.558615766629e-06,0,0,0
2026-01-01 09:30:00,1,0.1492232345009111,0.1492232345009111,0.1492232345009111,0.0,0.0,0.0,99.99985077527325,1.492247267481e-06,0,0,0
2026-01-01 09:30:00,2,0.1070542114283544,0.1070542114283544,0.1070542114283544,0.0,0.0,0.0,99.99989294471801,1.070552819811e-06,0,0,0
2026-01-01 09:30:00,3,0.1016390205384005,0.1016390205384005,0.1016390205384005,0.0,0.0,0.0,99.99989835996305,1.0164003693870001e-06,0,0,0
2026-01-01 09:30:00,4,0.0991364596772715,0.0991364596772715,0.0991364596772715,0.0,0.0,0.0,99.99990086254896,9.913745105178207e-07,0,0,0
2026-01-01 09:30:00,5,0.0464322725170294,0.0464322725170294,0.0464322725170294,0.0,0.0,0.0,99.99995356726316,4.643273684439787e-07,0,0,0
2026-01-01 09:30:00,6,0.0378295921164353,0.0378295921164353,0.0378295921164353,0.0,0.0,0.0,99.99996217002959,3.7829970416139544e-07,0,0,0
2026-01-01 09:30:00,7,0.0291931883098796,0.0291931883098796,0.0291931883098796,0.0,0.0,0.0,99.99997080651976,2.919348024468213e-07,0,0,0
2026-01-01 09:30:00,8,0.0267533888618768,0.0267533888618768,0.0267533888618768,0.0,0.0,0.0,99.9999732463436,2.6753656398440835e-07,0,0,0
2026-01-01 09:30:00,9,0.024304750474726,0.024304750474726,0.024304750474726,0.0,0.0,0.0,99.99997569500647,2.430499352466128e-07,0,0,0
2026-01-01 09:30:00,10,0.0222129381245373,0.0222129381245373,0.0222129381245373,0.0,0.0,0.0,99.99997778683975,2.221316025613991e-07,0,0,0
2026-01-01 09:30:00,11,0.0195079287306833,0.0195079287306833,0.0195079287306833,0.0,0.0,0.0,99.99998049187619,1.9508123811921442e-07,0,0,0
2026-01-01 09:30:00,12,0.0167930290626803,0.0167930290626803,0.0167930290626803,0.0,0.0,0.0,99.99998320680301,1.67931969946503e-07,0,0,0
2026-01-01 09:30:00,13,0.011244986973744,0.011244986973744,0.011244986973744,0.0,0.0,0.0,99.99998875490057,1.1245099424738292e-07,0,0,0
2026-01-01 09:30:00,14,0.0088841921803027,0.0088841921803027,0.0088841921803027,0.0,0.0,0.0,99.99999111571897,8.884281023112949e-08,0,0,0
2026-01-01 09:30:00,15,0.0063906735260294,0.0063906735260294,0.0063906735260294,0.0,0.0,0.0,99.99999360926256,6.390737433403758e-08,0,0,0
2026-01-01 09:30:00,16,0.0038967376468188,0.0038967376468188,0.0038967376468188,0.0,0.0,0.0,99.99999610322338,3.896776614585028e-08,0,0,0
2026-01-01 09:30:00,17,0.0060452765918504,0.0060452765918504,0.0060452765918504,0.0,0.0,0.0,99.99999395466295,6.04533704522093e-08,0,0,0
2026-01-01 09:30:00,18,0.0109475655809404,0.0109475655809404,0.0109475655809404,0.0,0.0,0.0,99.99998905232495,1.0947675057691008e-07,0,0,0
2026-01-01 09:30:00,19,0.007300394845675,0.007300394845675,0.007300394845675,0.0,0.0,0.0,99.99999269953214,7.30046785035353e-08,0,0,0
2026-01-01 09:30:00,20,0.0036511408302434,0.0036511408302434,0.0036511408302434,0.0,0.0,0.0,99.99999634882266,3.651177342016862e-08,0,0,0
2026-01-01 09:30:00,21,0.038931020022179,0.038931020022179,0.038931020022179,0.0,0.0,0.0,99.99996106859066,3.8931409336272424e-07,0,0,0
2026-01-01 09:30:00,22,0.0350817420500087,0.0350817420500087,0.0350817420500087,0.0,0.0,0.0,99.99996491790714,3.508209287093749e-07,0,0,0
2026-01-01 09:30:00,23,0.017564827074784,0.017564827074784,0.017564827074784,0.0,0.0,0.0,99.99998243499728,1.7565002724811337e-07,0,0,0
2026-01-01 09:30:00,24,0.051891397875987,0.051891397875987,0.051891397875987,0.0,0.0,0.0,99.9999481080832,5.189191679515501e-07,0,0,0
2026-01-01 09:30:00,25,0.0496041115898725,0.0496041115898725,0.0496041115898725,0.0,0.0,0.0,99.99995039539236,4.960460763594893e-07,0,0,0
2026-01-01 09:30:00,26,0.047334170678948,0.047334170678948,0.047334170678948,0.0,0.0,0.0,99.99995266535598,4.733464402538832e-07,0,0,0
2026-01-01 09:30:00,27,0.0452171964945534,0.0452171964945534,0.0452171964945534,0.0,0.0,0.0,99.99995478235132,4.5217648671040174e-07,0,0,0
2026-01-01 09:30:00,28,0.0401350764290365,0.0401350764290365,0.0401350764290365,0.0,0.0,0.0,99.99995986452221,4.013547778381436e-07,0,0,0
2026-01-01 09:30:00,29,0.0185147854345057,0.0185147854345057,0.0185147854345057,0.0,0.0,0.0,99.99998148502942,1.8514970584211595e-07,0,0,0
2026-01-01 09:30:00,30,0.0119953736674498,0.0119953736674498,0.0119953736674498,0.0,0.0,0.0,99.99998800450638,1.1995493622386096e-07,0,0,0
2026-01-01 09:30:00,31,0.0028446293876935,0.0028446293876935,0.0028446293876935,0.0,0.0,0.0,99.99999715534217,2.8446578342718822e-08,0,0,0
2026-01-01 09:30:00,32,0.0,0.0,0.0,0.0,0.0,0.0,100.0,0.0,0,0,0
2026-01-01 09:30:00,33,0.0,0.0,0.0,0.0,0.0,0.0,100.0,0.0,0,0,0
2026-01-01 09:30:00,34,0.0,0.0,0.0,0.0,0.0,0.0,100.0,0.0,0,0,0
2026-01-01 09:30:00,35,0.0,0.0,0.0,0.0,0.0,0.0,100.0,0.0,0,0,0
2026-01-01 09:30:00,36,0.0,0.0,0.0,0.0,0.0,0.0,100.0,0.0,0,0,0
2026-01-01 09:45:00,0,0.1609520444210052,0.1609520444210053,0.16095204442100525,-1.1102230246251565e-16,1.1102230246251565e-16,6.897849354076124e-16,99.99983904634604,1.609536539575e-06,0,0,0
2026-01-01 09:45:00,1,0.1550243065089976,0.1550243065089975,0.15502430650899757,8.326672684688674e-17,8.326672684688674e-17,5.371204255046914e-16,99.99984497414323,1.550258567675e-06,0,0,0
2026-01-01 09:45:00,2,0.1112630813500757,0.1112630813500757,0.1112630813500757,0.0,0.0,0.0,99.99988873580601,1.1126419399200001e-06,0,0,0
2026-01-01 09:45:00,3,0.1056438752075957,0.1056438752075957,0.1056438752075957,0.0,0.0,0.0,99.99989435506835,1.056449316569e-06,0,0,0
2026-01-01 09:45:00,4,0.1030464392032466,0.1030464392032466,0.1030464392032466,0.0,0.0,0.0,99.99989695253032,1.030474696779e-06,0,0,0
2026-01-01 09:45:00,5,0.0482572945413667,0.0482572945413668,0.04825729454136675,-9.71445146547012e-17,9.71445146547012e-17,2.0130530616650508e-15,99.99995174222288,4.8257777119138e-07,0,0,0
2026-01-01 09:45:00,6,0.0393217424388942,0.0393217424388942,0.0393217424388942,0.0,0.0,0.0,99.99996067786434,3.9322135660250816e-07,0,0,0
2026-01-01 09:45:00,7,0.030349653813596,0.030349653813596,0.030349653813596,0.0,0.0,0.0,99.99996965004269,3.034995731316917e-07,0,0,0
2026-01-01 09:45:00,8,0.0278145097602687,0.0278145097602687,0.0278145097602687,0.0,0.0,0.0,99.99997218521209,2.781478790814785e-07,0,0,0
2026-01-01 09:45:00,9,0.0252696529052033,0.0252696529052033,0.0252696529052033,0.0,0.0,0.0,99.9999747300944,2.526990560425943e-07,0,0,0
2026-01-01 09:45:00,10,0.0230955295289397,0.0230955295289397,0.0230955295289397,0.0,0.0,0.0,99.99997690423952,2.3095760486544608e-07,0,0,0
2026-01-01 09:45:00,11,0.0202839368947644,0.0202839368947644,0.0202839368947644,0.0,0.0,0.0,99.99997971586026,2.0284139736161832e-07,0,0,0
2026-01-01 09:45:00,12,0.017461453042016,0.017461453042016,0.017461453042016,0.0,0.0,0.0,99.99998253837234,1.7461627658292604e-07,0,0,0
2026-01-01 09:45:00,13,0.0116930700164645,0.0116930700164645,0.0116930700164645,0.0,0.0,0.0,99.99998830681305,1.169318694833399e-07,0,0,0
2026-01-01 09:45:00,14,0.009238436702665,0.009238436702665,0.009238436702665,0.0,0.0,0.0,99.99999076147091,9.238529087955902e-08,0,0,0
2026-01-01 09:45:00,15,0.0066456592107809,0.0066456592107809,0.0066456592107809,0.0,0.0,0.0,99.99999335427434,6.645725668037592e-08,0,0,0
2026-01-01 09:45:00,16,0.0040522517537039,0.0040522517537039,0.0040522517537039,0.0,0.0,0.0,99.99999594770772,4.05229227662676e-08,0,0,0
2026-01-01 09:45:00,17,0.0065900582696573,0.0065900582696573,0.0065900582696573,0.0,0.0,0.0,99.99999340987583,6.590124170899014e-08,0,0,0
2026-01-01 09:45:00,18,0.011353453088352,0.011353453088352,0.011353453088352,0.0,0.0,0.0,99.99998864643338,1.1353566624018261e-07,0,0,0
2026-01-01 09:45:00,19,0.0075711393221139,0.0075711393221139,0.0075711393221139,0.0,0.0,0.0,99.99999242878496,7.5712150342643e-08,0,0,0
2026-01-01 09:45:00,20,0.0037865845445285,0.0037865845445285,0.0037865845445285,0.0,0.0,0.0,99.99999621337759,3.786622410752655e-08,0,0,0
2026-01-01 09:45:00,21,0.0404021974877868,0.0404021974877868,0.0404021974877868,0.0,0.0,0.0,99.99995959739849,4.040260151380201e-07,0,0,0
2026-01-01 09:45:00,22,0.0364083953873609,0.0364083953873609,0.0364083953873609,0.0,0.0,0.0,99.99996359124053,3.640875947495572e-07,0,0,0
2026-01-01 09:45:00,23,0.0182300242876129,0.0182300242876129,0.0182300242876129,0.0,0.0,0.0,99.99998176979341,1.823020658967886e-07,0,0,0
2026-01-01 09:45:00,24,0.0539433461672932,0.0539433461672933,0.05394334616729325,-9.71445146547012e-17,9.71445146547012e-17,1.8008615250676862e-15,99.9999460561144,5.394388560614936e-07,0,0,0
2026-01-01 09:45:00,25,0.0515675559922947,0.0515675559922947,0.0515675559922947,0.0,0.0,0.0,99.99994843192833,5.156807167301149e-07,0,0,0
2026-01-01 09:45:00,26,0.049209576162024,0.049209576162024,0.049209576162024,0.0,0.0,0.0,99.99995078993173,4.921006826270671e-07,0,0,0
2026-01-01 09:45:00,27,0.0470096232873706,0.0470096232873707,0.04700962328737065,-9.71445146547012e-17,9.71445146547012e-17,2.0664810138138094e-15,99.99995298990662,4.7010093388304583e-07,0,0,0
2026-01-01 09:45:00,28,0.0417269217452593,0.0417269217452592,0.04172692174525925,9.71445146547012e-17,9.71445146547012e-17,2.3281010750506002e-15,99.99995827266098,4.172733901864949e-07,0,0,0
2026-01-01 09:45:00,29,0.0192508398604087,0.0192508398604087,0.0192508398604087,0.0,0.0,0.0,99.99998074896763,1.9251032370732437e-07,0,0,0
2026-01-01 09:45:00,30,0.012472406525464,0.012472406525464,0.012472406525464,0.0,0.0,0.0,99.99998752746875,1.2472531250776525e-07,0,0,0
2026-01-01 09:45:00,31,0.0029577783733141,0.0029577783733141,0.0029577783733141,0.0,0.0,0.0,99.99999704219205,2.9578079513936907e-08,0,0,0
2026-01-01 09:45:00,32,0.0,0.0,0.0,0.0,0.0,0.0,100.0,0.0,0,0,0
2026-01-01 09:45:00,33,0.0,0.0,0.0,0.0,0.0,0.0,100.0,0.0,0,0,0
2026-01-01 09:45:00,34,0.0,0.0,0.0,0.0,0.0,0.0,100.0,0.0,0,0,0
2026-01-01 09:45:00,35,0.0,0.0,0.0,0.0,0.0,0.0,100.0,0.0,0,0,0
2026-01-01 09:45:00,36,0.0,0.0,0.0,0.0,0.0,0.0,100.0,0.0,0,0,0
2026-01-01 10:00:00,0,0.1571458562266457,0.1571458562266456,0.15714585622664565,1.1102230246251565e-16,1.1102230246251565e-16,7.064920327105027e-16,99.9998428525723,1.571474277009e-06,0,0,0
2026-01-01 10:00:00,1,0.1535261930891902,0.1535261930891902,0.1535261930891902,0.0,0.0,0.0,99.99984647227163,1.535277283664e-06,0,0,0
2026-01-01 10:00:00,2,0.1101757433027181,0.1101757433027181,0.1101757433027181,0.0,0.0,0.0,99.99988982315493,1.101768450711e-06,0,0,0
2026-01-01 10:00:00,3,0.1046091681835376,0.1046091681835376,0.1046091681835376,0.0,0.0,0.0,99.99989538978572,1.046102142856e-06,0,0,0
2026-01-01 10:00:00,4,0.1020362127190641,0.1020362127190641,0.1020362127190641,0.0,0.0,0.0,99.99989796276691,1.020372330913e-06,0,0,0
2026-01-01 10:00:00,5,0.0477858156269292,0.0477858156269292,0.0477858156269292,0.0,0.0,0.0,99.99995221370651,4.778629348986419e-07,0,0,0
2026-01-01 10:00:00,6,0.0389362123564301,0.0389362123564301,0.0389362123564301,0.0,0.0,0.0,99.99996106339827,3.893660172244734e-07,0,0,0
2026-01-01 10:00:00,7,0.0300508119818371,0.0300508119818371,0.0300508119818371,0.0,0.0,0.0,99.99996994888751,3.005111249296207e-07,0,0,0
2026-01-01 10:00:00,8,0.027540294478479,0.027540294478479,0.027540294478479,0.0,0.0,0.0,99.99997245943011,2.754056988417793e-07,0,0,0
2026-01-01 10:00:00,9,0.0250202945146588,0.0250202945146588,0.0250202945146588,0.0,0.0,0.0,99.99997497945527,2.502054472010601e-07,0,0,0
2026-01-01 10:00:00,10,0.0228674362085756,0.0228674362085756,0.0228674362085756,0.0,0.0,0.0,99.99997713233512,2.2867664885224537e-07,0,0,0
2026-01-01 10:00:00,11,0.0200833806347032,0.0200833806347032,0.0200833806347032,0.0,0.0,0.0,99.99997991641852,2.0083581470517947e-07,0,0,0
2026-01-01 10:00:00,12,0.0172886978528464,0.0172886978528464,0.0172886978528464,0.0,0.0,0.0,99.99998271112926,1.728887074155384e-07,0,0,0
2026-01-01 10:00:00,13,0.0115772579189258,0.0115772579189258,0.0115772579189258,0.0,0.0,0.0,99.9999884226263,1.1577373692662748e-07,0,0,0
2026-01-01 10:00:00,14,0.0091468761591641,0.0091468761591641,0.0091468761591641,0.0,0.0,0.0,99.99999085303237,9.14696762884042e-08,0,0,0
2026-01-01 10:00:00,15,0.0065797523316891,0.0065797523316891,0.0065797523316891,0.0,0.0,0.0,99.99999342018187,6.579818129870491e-08,0,0,0
2026-01-01 10:00:00,16,0.0040120552598847,0.0040120552598847,0.0040120552598847,0.0,0.0,0.0,99.99999598790463,4.012095380838586e-08,0,0,0
2026-01-01 10:00:00,17,0.0079428946928123,0.0079428946928123,0.0079428946928123,0.0,0.0,0.0,99.99999205702588,7.942974122553524e-08,0,0,0
2026-01-01 10:00:00,18,0.0112480222065016,0.0112480222065016,0.0112480222065016,0.0,0.0,0.0,99.99998875186532,1.1248134687848516e-07,0,0,0
2026-01-01 10:00:00,19,0.0075008116082019,0.0075008116082019,0.0075008116082019,0.0,0.0,0.0,99.99999249911339,7.500886617068112e-08,0,0,0
2026-01-01 10:00:00,20,0.0037514017618967,0.0037514017618967,0.0037514017618967,0.0,0.0,0.0,99.99999624856072,3.751439276289469e-08,0,0,0
2026-01-01 10:00:00,21,0.040022635318005,0.040022635318005,0.040022635318005,0.0,0.0,0.0,99.99995997696445,4.002303554836049e-07,0,0,0
2026-01-01 10:00:00,22,0.0360661126471795,0.0360661126471795,0.0360661126471795,0.0,0.0,0.0,99.99996393352669,3.606647331191267e-07,0,0,0
2026-01-01 10:00:00,23,0.0180583924046014,0.0180583924046014,0.0180583924046014,0.0,0.0,0.0,99.99998194142701,1.8058572990331333e-07,0,0,0
2026-01-01 10:00:00,24,0.0534131351345838,0.0534131351345838,0.0534131351345838,0.0,0.0,0.0,99.99994658633072,5.341366927127657e-07,0,0,0
2026-01-01 10:00:00,25,0.0510601970332509,0.0510601970332509,0.0510601970332509,0.0,0.0,0.0,99.99994893929237,5.106070764032736e-07,0,0,0
2026-01-01 10:00:00,26,0.0487249510039624,0.0487249510039624,0.0487249510039624,0.0,0.0,0.0,99.99995127456174,4.872543825834508e-07,0,0,0
2026-01-01 10:00:00,27,0.0465464328926564,0.0465464328926564,0.0465464328926564,0.0,0.0,0.0,99.99995345310164,4.6546898361640077e-07,0,0,0
2026-01-01 10:00:00,28,0.0413155569716813,0.0413155569716813,0.0413155569716813,0.0,0.0,0.0,99.99995868402986,4.131597013138267e-07,0,0,0
2026-01-01 10:00:00,29,0.0190606134685385,0.0190606134685385,0.0190606134685385,0.0,0.0,0.0,99.99998093919592,1.9060804076579343e-07,0,0,0
2026-01-01 10:00:00,30,0.0123491204496759,0.0123491204496759,0.0123491204496759,0.0,0.0,0.0,99.99998765075605,1.234924394211537e-07,0,0,0
2026-01-01 10:00:00,31,0.0029285355370975,0.0029285355370975,0.0029285355370975,0.0,0.0,0.0,99.99999707143517,2.9285648227457634e-08,0,0,0
2026-01-01 10:00:00,32,0.0,0.0,0.0,0.0,0.0,0.0,100.0,0.0,0,0,0
2026-01-01 10:00:00,33,0.0,0.0,0.0,0.0,0.0,0.0,100.0,0.0,0,0,0
2026-01-01 10:00:00,34,0.0,0.0,0.0,0.0,0.0,0.0,100.0,0.0,0,0,0
2026-01-01 10:00:00,35,0.0,0.0,0.0,0.0,0.0,0.0,100.0,0.0,0,0,0
2026-01-01 10:00:00,36,0.0,0.0,0.0,0.0,0.0,0.0,100.0,0.0,0,0,0
2026-01-01 10:15:00,0,0.15249755178473,0.15249755178473,0.15249755178473,0.0,0.0,0.0,99.99984750092322,1.524990767754e-06,0,0,0
2026-01-01 10:15:00,1,0.1505217219761464,0.1505217219761464,0.1505217219761464,0.0,0.0,0.0,99.9998494767728,1.505232272084e-06,0,0,0
2026-01-01 10:15:00,2,0.107995898853162,0.107995898853162,0.107995898853162,0.0,0.0,0.0,99.99989200302117,1.079969788229e-06,0,0,0
2026-01-01 10:15:00,3,0.1025349863653777,0.1025349863653777,0.1025349863653777,0.0,0.0,0.0,99.99989746398828,1.025360117254e-06,0,0,0
2026-01-01 10:15:00,4,0.100011168237919,0.1000111682379189,0.10001116823791895,9.71445146547012e-17,9.71445146547012e-17,9.713365682344206e-16,99.99989998783164,1.000121683596e-06,0,0,0
2026-01-01 10:15:00,5,0.0468406059053837,0.0468406059053837,0.0468406059053837,0.0,0.0,0.0,99.99995315892568,4.684107431612691e-07,0,0,0
2026-01-01 10:15:00,6,0.0381634024940781,0.0381634024940781,0.0381634024940781,0.0,0.0,0.0,99.99996183621587,3.816378413191942e-07,0,0,0
2026-01-01 10:15:00,7,0.0294518589669656,0.0294518589669656,0.0294518589669656,0.0,0.0,0.0,99.99997054784652,2.945215348850055e-07,0,0,0
2026-01-01 10:15:00,8,0.0269907220554135,0.0269907220554135,0.0269907220554135,0.0,0.0,0.0,99.99997300900803,2.699099196533323e-07,0,0,0
2026-01-01 10:15:00,9,0.0245205552735348,0.0245205552735348,0.0245205552735348,0.0,0.0,0.0,99.99997547919952,2.452080048153962e-07,0,0,0
2026-01-01 10:15:00,10,0.0224103272480593,0.0224103272480593,0.0224103272480593,0.0,0.0,0.0,99.99997758944865,2.2410551353572887e-07,0,0,0
2026-01-01 10:15:00,11,0.0196814729458488,0.0196814729458488,0.0196814729458488,0.0,0.0,0.0,99.99998031833023,1.9681669762546458e-07,0,0,0
2026-01-01 10:15:00,12,0.016942509829916,0.016942509829916,0.016942509829916,0.0,0.0,0.0,99.99998305732075,1.694267925670857e-07,0,0,0
2026-01-01 10:15:00,13,0.0113451881885737,0.0113451881885737,0.0113451881885737,0.0,0.0,0.0,99.99998865469836,1.1345301641590136e-07,0,0,0
2026-01-01 10:15:00,14,0.0089634069818195,0.0089634069818195,0.0089634069818195,0.0,0.0,0.0,99.99999103650339,8.963496616785756e-08,0,0,0
2026-01-01 10:15:00,15,0.006447690973629,0.006447690973629,0.006447690973629,0.0,0.0,0.0,99.99999355224455,6.447755451183573e-08,0,0,0
2026-01-01 10:15:00,16,0.0039315119010046,0.0039315119010046,0.0039315119010046,0.0,0.0,0.0,99.99999606844878,3.93155121651685e-08,0,0,0
2026-01-01 10:15:00,17,0.009159964227697,0.009159964227697,0.009159964227697,0.0,0.0,0.0,99.99999083994418,9.16005582825531e-08,0,0,0
2026-01-01 10:15:00,18,0.0110372045000583,0.0110372045000583,0.0110372045000583,0.0,0.0,0.0,99.99998896268512,1.1037314873207124e-07,0,0,0
2026-01-01 10:15:00,19,0.0073601869906068,0.0073601869906068,0.0073601869906068,0.0,0.0,0.0,99.9999926397394,7.360260593212767e-08,0,0,0
2026-01-01 10:15:00,20,0.0036810522755224,0.0036810522755224,0.0036810522755224,0.0,0.0,0.0,99.99999631891092,3.681089086413322e-08,0,0,0
2026-01-01 10:15:00,21,0.0392606890948829,0.0392606890948829,0.0392606890948829,0.0,0.0,0.0,99.99996073891829,3.926108170569997e-07,0,0,0
2026-01-01 10:15:00,22,0.0353790176640518,0.0353790176640518,0.0353790176640518,0.0,0.0,0.0,99.99996462062855,3.5379371457766394e-07,0,0,0
2026-01-01 10:15:00,23,0.0177138760253496,0.0177138760253496,0.0177138760253496,0.0,0.0,0.0,99.99998228594683,1.7714053165881283e-07,0,0,0
2026-01-01 10:15:00,24,0.0523503964365626,0.0523503964365625,0.05235039643656255,9.71445146547012e-17,9.71445146547012e-17,1.855659225347551e-15,99.99994764908006,5.235091994576205e-07,0,0,0
2026-01-01 10:15:00,25,0.0500432959847098,0.0500432959847098,0.0500432959847098,0.0,0.0,0.0,99.99994995620358,5.004379642267408e-07,0,0,0
2026-01-01 10:15:00,26,0.047753646797895,0.047753646797895,0.047753646797895,0.0,0.0,0.0,99.99995224587566,4.775412433913848e-07,0,0,0
2026-01-01 10:15:00,27,0.0456181047592233,0.0456181047592233,0.0456181047592233,0.0,0.0,0.0,99.99995438143905,4.5618560944832783e-07,0,0,0
2026-01-01 10:15:00,28,0.040491113380583,0.040491113380583,0.040491113380583,0.0,0.0,0.0,99.99995950848171,4.049151829576605e-07,0,0,0
2026-01-01 10:15:00,29,0.0186793984779166,0.0186793984779166,0.0186793984779166,0.0,0.0,0.0,99.99998132041473,1.867958527376938e-07,0,0,0
2026-01-01 10:15:00,30,0.0121020570967216,0.0121020570967216,0.0121020570967216,0.0,0.0,0.0,99.99998789782188,1.2102178118502848e-07,0,0,0
2026-01-01 10:15:00,31,0.0028699337718922,0.0028699337718922,0.0028699337718922,0.0,0.0,0.0,99.99999713003753,2.8699624715169583e-08,0,0,0
2026-01-01 10:15:00,32,0.0,0.0,0.0,0.0,0.0,0.0,100.0,0.0,0,0,0
2026-01-01 10:15:00,33,0.0,0.0,0.0,0.0,0.0,0.0,100.0,0.0,0,0,0
2026-01-01 10:15:00,34,0.0,0.0,0.0,0.0,0.0,0.0,100.0,0.0,0,0,0
2026-01-01 10:15:00,35,0.0,0.0,0.0,0.0,0.0,0.0,100.0,0.0,0,0,0
2026-01-01 10:15:00,36,0.0,0.0,0.0,0.0,0.0,0.0,100.0,0.0,0,0,0
2026-01-01 10:30:00,0,0.1416252680536648,0.1416252680536648,0.1416252680536648,0.0,0.0,0.0,99.99985837331567,1.4162668432050002e-06,0,0,0
2026-01-01 10:30:00,1,0.1423764103112291,0.142376410311229,0.14237641031122905,1.1102230246251565e-16,1.1102230246251565e-16,7.797801224375875e-16,99.9998576221659,1.423778340895e-06,0,0,0
2026-01-01 10:30:00,2,0.1020912875182048,0.1020912875182048,0.1020912875182048,0.0,0.0,0.0,99.99989790769156,1.020923084412e-06,0,0,0
2026-01-01 10:30:00,3,0.0969175252792748,0.0969175252792749,0.09691752527927486,-9.71445146547012e-17,9.71445146547012e-17,1.0023419846034285e-15,99.99990308150554,9.691849446421954e-07,0,0,0
2026-01-01 10:30:00,4,0.094527180660393,0.094527180660393,0.094527180660393,0.0,0.0,0.0,99.99990547187406,9.452812594165248e-07,0,0,0
2026-01-01 10:30:00,5,0.0442802203412412,0.0442802203412412,0.0442802203412412,0.0,0.0,0.0,99.99995571933685,4.4280663147872697e-07,0,0,0
2026-01-01 10:30:00,6,0.0360705854678787,0.0360705854678787,0.0360705854678787,0.0,0.0,0.0,99.99996392905382,3.607094617734054e-07,0,0,0
2026-01-01 10:30:00,7,0.027830399023557,0.027830399023557,0.027830399023557,0.0,0.0,0.0,99.99997216932267,2.783067733033036e-07,0,0,0
2026-01-01 10:30:00,8,0.0255030858465722,0.0255030858465722,0.0255030858465722,0.0,0.0,0.0,99.99997449665912,2.550334087998107e-07,0,0,0
2026-01-01 10:30:00,9,0.0231679114545367,0.0231679114545367,0.0231679114545367,0.0,0.0,0.0,99.99997683185687,2.3168143135968134e-07,0,0,0
2026-01-01 10:30:00,10,0.0211731514781087,0.0211731514781088,0.021173151478108748,-1.0061396160665481e-16,1.0061396160665481e-16,4.751957411304913e-15,99.99997882663679,2.1173363211740914e-07,0,0,0
2026-01-01 10:30:00,11,0.0185937991889774,0.0185937991889774,0.0185937991889774,0.0,0.0,0.0,99.99998140601487,1.8593985128828724e-07,0,0,0
2026-01-01 10:30:00,12,0.0160056745080351,0.0160056745080351,0.0160056745080351,0.0,0.0,0.0,99.99998399416543,1.600583456638079e-07,0,0,0
2026-01-01 10:30:00,13,0.0107172281118498,0.0107172281118498,0.0107172281118498,0.0,0.0,0.0,99.99998928266471,1.0717335285202749e-07,0,0,0
2026-01-01 10:30:00,14,0.0084669815183414,0.0084669815183414,0.0084669815183414,0.0,0.0,0.0,99.9999915329338,8.46706618900338e-08,0,0,0
2026-01-01 10:30:00,15,0.0060903817535325,0.0060903817535325,0.0060903817535325,0.0,0.0,0.0,99.99999390955735,6.090442657959133e-08,0,0,0
2026-01-01 10:30:00,16,0.0037135953083087,0.0037135953083087,0.0037135953083087,0.0,0.0,0.0,99.99999628636756,3.713632444633231e-08,0,0,0
2026-01-01 10:30:00,17,0.0113524029654987,0.0113524029654987,0.0113524029654987,0.0,0.0,0.0,99.9999886474835,1.1352516490663603e-07,0,0,0
2026-01-01 10:30:00,18,0.0104642223158425,0.0104642223158425,0.0104642223158425,0.0,0.0,0.0,99.99998953567304,1.0464326959112169e-07,0,0,0
2026-01-01 10:30:00,19,0.0069779906917029,0.0069779906917029,0.0069779906917029,0.0,0.0,0.0,99.99999302193953,6.978060472307684e-08,0,0,0
2026-01-01 10:30:00,20,0.0034898567541633,0.0034898567541633,0.0034898567541633,0.0,0.0,0.0,99.99999651010835,3.489891653079839e-08,0,0,0
2026-01-01 10:30:00,21,0.0371904327017054,0.0371904327017054,0.0371904327017054,0.0,0.0,0.0,99.9999628091954,3.719080460975152e-07,0,0,0
2026-01-01 10:30:00,22,0.0335122319117607,0.0335122319117608,0.033512231911760754,-1.0408340855860843e-16,1.0408340855860843e-16,3.105832454679236e-15,99.99996648743296,3.351256703743118e-07,0,0,0
2026-01-01 10:30:00,23,0.0167779491677992,0.0167779491677992,0.0167779491677992,0.0,0.0,0.0,99.99998322188306,1.6778116948968784e-07,0,0,0
2026-01-01 10:30:00,24,0.0494729934826827,0.0494729934826827,0.0494729934826827,0.0,0.0,0.0,99.99995052651178,4.947348821756493e-07,0,0,0
2026-01-01 10:30:00,25,0.0472902100173105,0.0472902100173105,0.0472902100173105,0.0,0.0,0.0,99.99995270931707,4.7290682924139756e-07,0,0,0
2026-01-01 10:30:00,26,0.0451242024013402,0.0451242024013402,0.0451242024013402,0.0,0.0,0.0,99.99995487534635,4.512465364787677e-07,0,0,0
2026-01-01 10:30:00,27,0.0431050999944113,0.0431050999944113,0.0431050999944113,0.0,0.0,0.0,99.99995689446895,4.3105531049721864e-07,0,0,0
2026-01-01 10:30:00,28,0.0382594225858788,0.0382594225858788,0.0382594225858788,0.0,0.0,0.0,99.99996174019482,3.825980518393068e-07,0,0,0
2026-01-01 10:30:00,29,0.0176476751127791,0.0176476751127791,0.0176476751127791,0.0,0.0,0.0,99.99998235214841,1.7647851591295068e-07,0,0,0
2026-01-01 10:30:00,30,0.0114334201997916,0.0114334201997916,0.0114334201997916,0.0,0.0,0.0,99.99998856646546,1.1433534535136987e-07,0,0,0
2026-01-01 10:30:00,31,0.0027113402031507,0.0027113402031507,0.0027113402031507,0.0,0.0,0.0,99.99999728863268,2.7113673168238864e-08,0,0,0
2026-01-01 10:30:00,32,0.0,0.0,0.0,0.0,0.0,0.0,100.0,0.0,0,0,0
2026-01-01 10:30:00,33,0.0,0.0,0.0,0.0,0.0,0.0,100.0,0.0,0,0,0
2026-01-01 10:30:00,34,0.0,0.0,0.0,0.0,0.0,0.0,100.0,0.0,0,0,0
2026-01-01 10:30:00,35,0.0,0.0,0.0,0.0,0.0,0.0,100.0,0.0,0,0,0
2026-01-01 10:30:00,36,0.0,0.0,0.0,0.0,0.0,0.0,100.0,0.0,0,0,0
2026-01-01 10:45:00,0,0.1447307012361187,0.1447307012361187,0.1447307012361187,0.0,0.0,0.0,99.99985526785144,1.4473214855759998e-06,0,0,0
2026-01-01 10:45:00,1,0.1453578225326279,0.1453578225326279,0.1453578225326279,0.0,0.0,0.0,99.99985464072387,1.4535927612529999e-06,0,0,0
2026-01-01 10:45:00,2,0.1042516721620935,0.1042516721620935,0.1042516721620935,0.0,0.0,0.0,99.99989574728531,1.042527146892e-06,0,0,0
2026-01-01 10:45:00,3,0.0989726865630279,0.098972686563028,0.09897268656302796,-9.71445146547012e-17,9.71445146547012e-17,9.81528421758595e-16,99.9999010263237,9.897367629979102e-07,0,0,0
2026-01-01 10:45:00,4,0.0965334426389733,0.0965334426389733,0.0965334426389733,0.0,0.0,0.0,99.99990346559201,9.653440798305321e-07,0,0,0
2026-01-01 10:45:00,5,0.045217027883538,0.045217027883538,0.045217027883538,0.0,0.0,0.0,99.99995478251994,4.5217480058338637e-07,0,0,0
2026-01-01 10:45:00,6,0.0368362189406574,0.0368362189406574,0.0368362189406574,0.0,0.0,0.0,99.99996316341269,3.683658730653049e-07,0,0,0
2026-01-01 10:45:00,7,0.0284234993415672,0.0284234993415672,0.0284234993415672,0.0,0.0,0.0,99.99997157621642,2.842378357940305e-07,0,0,0
2026-01-01 10:45:00,8,0.0260472115439285,0.0260472115439285,0.0260472115439285,0.0,0.0,0.0,99.99997395252798,2.604747201864874e-07,0,0,0
2026-01-01 10:45:00,9,0.0236626447206527,0.0236626447206527,0.0236626447206527,0.0,0.0,0.0,99.99997633711865,2.3662881349466272e-07,0,0,0
2026-01-01 10:45:00,10,0.0216256382168579,0.0216256382168578,0.02162563821685785,9.71445146547012e-17,9.71445146547012e-17,4.492097239377725e-15,99.99997837414553,2.1625854475402655e-07,0,0,0
2026-01-01 10:45:00,11,0.018991590011197,0.018991590011197,0.018991590011197,0.0,0.0,0.0,99.99998100822008,1.8991779928996315e-07,0,0,0
2026-01-01 10:45:00,12,0.016348292005678,0.016348292005678,0.016348292005678,0.0,0.0,0.0,99.99998365154451,1.634845549023296e-07,0,0,0
2026-01-01 10:45:00,13,0.0109468750949516,0.0109468750949516,0.0109468750949516,0.0,0.0,0.0,99.99998905301544,1.0946984564797309e-07,0,0,0
2026-01-01 10:45:00,14,0.0086485214710657,0.0086485214710657,0.0086485214710657,0.0,0.0,0.0,99.99999135139204,8.648607957145318e-08,0,0,0
2026-01-01 10:45:00,15,0.006221044547045,0.006221044547045,0.006221044547045,0.0,0.0,0.0,99.99999377889324,6.221106758112665e-08,0,0,0
2026-01-01 10:45:00,16,0.0037932835620987,0.0037932835620987,0.0037932835620987,0.0,0.0,0.0,99.9999962066785,3.793321495313681e-08,0,0,0
2026-01-01 10:45:00,17,0.0114299461109052,0.0114299461109052,0.0114299461109052,0.0,0.0,0.0,99.99998856993959,1.1430060411509389e-07,0,0,0
2026-01-01 10:45:00,18,0.010674026706059,0.010674026706059,0.010674026706059,0.0,0.0,0.0,99.99998932586655,1.0674133447393529e-07,0,0,0
2026-01-01 10:45:00,19,0.0071179351351322,0.0071179351351322,0.0071179351351322,0.0,0.0,0.0,99.99999288199369,7.118006315195363e-08,0,0,0
2026-01-01 10:45:00,20,0.0035598639852623,0.0035598639852624,0.00355986398526235,-9.974659986866641e-17,9.974659986866641e-17,2.80196996527432e-14,99.99999644010042,3.5598995842582426e-08,0,0,0
2026-01-01 10:45:00,21,0.0379489852338814,0.0379489852338814,0.0379489852338814,0.0,0.0,0.0,99.99996205063528,3.794936472752869e-07,0,0,0
2026-01-01 10:45:00,22,0.0341962154518974,0.0341962154518974,0.0341962154518974,0.0,0.0,0.0,99.99996580344258,3.4196557417471613e-07,0,0,0
2026-01-01 10:45:00,23,0.0171208525022596,0.0171208525022596,0.0171208525022596,0.0,0.0,0.0,99.99998287897628,1.712102371249676e-07,0,0,0
2026-01-01 10:45:00,24,0.0505255633828508,0.0505255633828508,0.0505255633828508,0.0,0.0,0.0,99.99994947393135,5.05260686435373e-07,0,0,0
2026-01-01 10:45:00,25,0.0482972682298193,0.0482972682298193,0.0482972682298193,0.0,0.0,0.0,99.9999517022488,4.829775120733142e-07,0,0,0
2026-01-01 10:45:00,26,0.0460859999912304,0.0460859999912304,0.0460859999912304,0.0,0.0,0.0,99.99995391353914,4.608646085583901e-07,0,0,0
2026-01-01 10:45:00,27,0.0440242896131223,0.0440242896131223,0.0440242896131223,0.0,0.0,0.0,99.99995597527014,4.4024729860420933e-07,0,0,0
2026-01-01 10:45:00,28,0.0390756987276194,0.0390756987276194,0.0390756987276194,0.0,0.0,0.0,99.9999609239105,3.907608948851429e-07,0,0,0
2026-01-01 10:45:00,29,0.0180250118965339,0.0180250118965339,0.0180250118965339,0.0,0.0,0.0,99.99998197480785,1.8025192148455462e-07,0,0,0
2026-01-01 10:45:00,30,0.011677960791055,0.011677960791055,0.011677960791055,0.0,0.0,0.0,99.99998832192243,1.1678077571830808e-07,0,0,0
2026-01-01 10:45:00,31,0.0027693421897185,0.0027693421897185,0.0027693421897185,0.0,0.0,0.0,99.99999723063011,2.7693698834173488e-08,0,0,0
2026-01-01 10:45:00,32,0.0,0.0,0.0,0.0,0.0,0.0,100.0,0.0,0,0,0
2026-01-01 10:45:00,33,0.0,0.0,0.0,0.0,0.0,0.0,100.0,0.0,0,0,0
2026-01-01 10:45:00,34,0.0,0.0,0.0,0.0,0.0,0.0,100.0,0.0,0,0,0
2026-01-01 10:45:00,35,0.0,0.0,0.0,0.0,0.0,0.0,100.0,0.0,0,0,0
2026-01-01 10:45:00,36,0.0,0.0,0.0,0.0,0.0,0.0,100.0,0.0,0,0,0
2026-01-01 11:00:00,0,0.1429761873683069,0.1429761873683069,0.1429761873683069,0.0,0.0,0.0,99.99985702238286,1.429776171444e-06,0,0,0
2026-01-01 11:00:00,1,0.1432942476805657,0.1432942476805657,0.1432942476805657,0.0,0.0,0.0,99.99985670431936,1.4329568063730002e-06,0,0,0
2026-01-01 11:00:00,2,0.1027562710445355,0.1027562710445356,0.10275627104453555,-9.71445146547012e-17,9.71445146547012e-17,9.453876071341839e-16,99.99989724270138,1.027572986175e-06,0,0,0
2026-01-01 11:00:00,3,0.0975501021291872,0.0975501021291872,0.0975501021291872,0.0,0.0,0.0,99.99990244892236,9.755107763996366e-07,0,0,0
2026-01-01 11:00:00,4,0.0951446987136787,0.0951446987136787,0.0951446987136787,0.0,0.0,0.0,99.99990485434984,9.514565017018044e-07,0,0,0
2026-01-01 11:00:00,5,0.0445685784743855,0.0445685784743855,0.0445685784743855,0.0,0.0,0.0,99.99995543097583,4.4569024164627215e-07,0,0,0
2026-01-01 11:00:00,6,0.0363062435651422,0.0363062435651422,0.0363062435651422,0.0,0.0,0.0,99.99996369339337,3.630660663120854e-07,0,0,0
2026-01-01 11:00:00,7,0.0280129418602154,0.0280129418602154,0.0280129418602154,0.0,0.0,0.0,99.99997198677801,2.8013221992435346e-07,0,0,0
2026-01-01 11:00:00,8,0.0256705526570858,0.0256705526570858,0.0256705526570858,0.0,0.0,0.0,99.99997432919064,2.567080936517954e-07,0,0,0
2026-01-01 11:00:00,9,0.0233201747356596,0.0233201747356596,0.0233201747356596,0.0,0.0,0.0,99.99997667959207,2.3320407939739064e-07,0,0,0
2026-01-01 11:00:00,10,0.0213124110579907,0.0213124110579907,0.0213124110579907,0.0,0.0,0.0,99.99997868737582,2.1312624184232622e-07,0,0,0
2026-01-01 11:00:00,11,0.0187162233877982,0.0187162233877982,0.0187162233877982,0.0,0.0,0.0,99.99998128358945,1.8716410551903728e-07,0,0,0
2026-01-01 11:00:00,12,0.0161111176945644,0.0161111176945644,0.0161111176945644,0.0,0.0,0.0,99.99998388872119,1.611127880735256e-07,0,0,0
2026-01-01 11:00:00,13,0.010787902693939,0.010787902693939,0.010787902693939,0.0,0.0,0.0,99.99998921198943,1.078801057404477e-07,0,0,0
2026-01-01 11:00:00,14,0.0085228505081109,0.0085228505081109,0.0085228505081109,0.0,0.0,0.0,99.99999147706426,8.522935737468281e-08,0,0,0
2026-01-01 11:00:00,15,0.0061305929319181,0.0061305929319181,0.0061305929319181,0.0,0.0,0.0,99.99999386934576,6.130654238460522e-08,0,0,0
2026-01-01 11:00:00,16,0.0037381191052463,0.0037381191052463,0.0037381191052463,0.0,0.0,0.0,99.9999962618435,3.7381564868112345e-08,0,0,0
2026-01-01 11:00:00,17,0.0109533715555379,0.0109533715555379,0.0109533715555379,0.0,0.0,0.0,99.9999890465189,1.0953481090348807e-07,0,0,0
2026-01-01 11:00:00,18,0.0105289676295453,0.0105289676295453,0.0105289676295453,0.0,0.0,0.0,99.99998947092708,1.0529072920274576e-07,0,0,0
2026-01-01 11:00:00,19,0.0070211772051237,0.0070211772051237,0.0070211772051237,0.0,0.0,0.0,99.99999297875259,7.021247417597953e-08,0,0,0
2026-01-01 11:00:00,20,0.0035114607549332,0.0035114607549332,0.0035114607549332,0.0,0.0,0.0,99.99999648850412,3.511495869891937e-08,0,0,0
2026-01-01 11:00:00,21,0.0374240435163747,0.0374240435163747,0.0374240435163747,0.0,0.0,0.0,99.99996257558224,3.742441776055232e-07,0,0,0
2026-01-01 11:00:00,22,0.0337228759439457,0.0337228759439457,0.0337228759439457,0.0,0.0,0.0,99.99996627678682,3.3723213176077493e-07,0,0,0
2026-01-01 11:00:00,23,0.0168835500206506,0.0168835500206506,0.0168835500206506,0.0,0.0,0.0,99.99998311628114,1.6883718857839185e-07,0,0,0
2026-01-01 11:00:00,24,0.0497969583972707,0.0497969583972707,0.0497969583972707,0.0,0.0,0.0,99.99995020254363,4.979745637183444e-07,0,0,0
2026-01-01 11:00:00,25,0.0476001630896334,0.0476001630896334,0.0476001630896334,0.0,0.0,0.0,99.99995239936091,4.76006390960244e-07,0,0,0
2026-01-01 11:00:00,26,0.0454202213407647,0.0454202213407647,0.0454202213407647,0.0,0.0,0.0,99.99995457932445,4.542067554752021e-07,0,0,0
2026-01-01 11:00:00,27,0.0433880033077678,0.0433880033077678,0.0433880033077678,0.0,0.0,0.0,99.99995661156281,4.3388437192139825e-07,0,0,0
2026-01-01 11:00:00,28,0.0385106499194,0.0385106499194,0.0385106499194,0.0,0.0,0.0,99.99996148896497,3.8511035029750395e-07,0,0,0
2026-01-01 11:00:00,29,0.0177638053341723,0.0177638053341723,0.0177638053341723,0.0,0.0,0.0,99.99998223601703,1.7763982974002067e-07,0,0,0
2026-01-01 11:00:00,30,0.0115086803638731,0.0115086803638731,0.0115086803638731,0.0,0.0,0.0,99.99998849120455,1.1508795451827635e-07,0,0,0
2026-01-01 11:00:00,31,0.0027291909282547,0.0027291909282547,0.0027291909282547,0.0,0.0,0.0,99.99999727078178,2.7292182204369567e-08,0,0,0
2026-01-01 11:00:00,32,0.0,0.0,0.0,0.0,0.0,0.0,100.0,0.0,0,0,0
2026-01-01 11:00:00,33,0.0,0.0,0.0,0.0,0.0,0.0,100.0,0.0,0,0,0
2026-01-01 11:00:00,34,0.0,0.0,0.0,0.0,0.0,0.0,100.0,0.0,0,0,0
2026-01-01 11:00:00,35,0.0,0.0,0.0,0.0,0.0,0.0,100.0,0.0,0,0,0
2026-01-01 11:00:00,36,0.0,0.0,0.0,0.0,0.0,0.0,100.0,0.0,0,0,0
2026-01-01 11:15:00,0,0.1431071804695754,0.1431071804695754,0.1431071804695754,0.0,0.0,0.0,99.99985689138845,1.431086115556e-06,0,0,0
2026-01-01 11:15:00,1,0.1426186138359842,0.1426186138359843,0.14261861383598423,-8.326672684688674e-17,8.326672684688674e-17,5.838418897005064e-16,99.99985737995996,1.426200400363e-06,0,0,0
2026-01-01 11:15:00,2,0.1022667763907297,0.1022667763907297,0.1022667763907297,0.0,0.0,0.0,99.99989773220094,1.022677990687e-06,0,0,0
2026-01-01 11:15:00,3,0.0970844638713568,0.0970844638713568,0.0970844638713568,0.0,0.0,0.0,99.99990291456527,9.708543472570417e-07,0,0,0
2026-01-01 11:15:00,4,0.0946901459583225,0.0946901459583225,0.0946901459583225,0.0,0.0,0.0,99.99990530890713,9.469109286925119e-07,0,0,0
2026-01-01 11:15:00,5,0.0443563179346336,0.0443563179346336,0.0443563179346336,0.0,0.0,0.0,99.9999556432385,4.4356761502248637e-07,0,0,0
2026-01-01 11:15:00,6,0.0361327765360807,0.0361327765360807,0.0361327765360807,0.0,0.0,0.0,99.99996386686213,3.613313786745943e-07,0,0,0
2026-01-01 11:15:00,7,0.0278785737574944,0.0278785737574943,0.02787857375749435,1.0061396160665481e-16,1.0061396160665481e-16,3.609005481837199e-15,99.99997212114745,2.7878852546019863e-07,0,0,0
2026-01-01 11:15:00,8,0.0255472821342134,0.0255472821342134,0.0255472821342134,0.0,0.0,0.0,99.9999744524624,2.554753760958959e-07,0,0,0
2026-01-01 11:15:00,9,0.0232080955421693,0.0232080955421693,0.0232080955421693,0.0,0.0,0.0,99.99997679167238,2.3208327625445584e-07,0,0,0
2026-01-01 11:15:00,10,0.0212099038766081,0.0212099038766081,0.0212099038766081,0.0,0.0,0.0,99.99997878988403,2.1210115977767955e-07,0,0,0
2026-01-01 11:15:00,11,0.018626108690837,0.0186261086908369,0.018626108690836952,1.0061396160665481e-16,1.0061396160665481e-16,5.4017674469212525e-15,99.99998137370504,1.862629495378654e-07,0,0,0
2026-01-01 11:15:00,12,0.0160335025780927,0.0160335025780927,0.0160335025780927,0.0,0.0,0.0,99.99998396633708,1.6033662914721882e-07,0,0,0
2026-01-01 11:15:00,13,0.010735880302948,0.010735880302948,0.010735880302948,0.0,0.0,0.0,99.99998926401234,1.0735987662824663e-07,0,0,0
2026-01-01 11:15:00,14,0.0084817263076074,0.0084817263076074,0.0084817263076074,0.0,0.0,0.0,99.99999151818888,8.481811125718732e-08,0,0,0
2026-01-01 11:15:00,15,0.0061009942186891,0.0061009942186891,0.0061009942186891,0.0,0.0,0.0,99.99999389894477,6.101055229241403e-08,0,0,0
2026-01-01 11:15:00,16,0.0037200675867323,0.0037200675867323,0.0037200675867323,0.0,0.0,0.0,99.99999627989521,3.720104787780273e-08,0,0,0
2026-01-01 11:15:00,17,0.010063131069468,0.010063131069468,0.010063131069468,0.0,0.0,0.0,99.9999899367683,1.0063231701785055e-07,0,0,0
2026-01-01 11:15:00,18,0.0104816353946804,0.0104816353946804,0.0104816353946804,0.0,0.0,0.0,99.99998951825978,1.0481740212082546e-07,0,0,0
2026-01-01 11:15:00,19,0.0069896056657258,0.0069896056657258,0.0069896056657258,0.0,0.0,0.0,99.99999301032443,6.989675562481437e-08,0,0,0
2026-01-01 11:15:00,20,0.0034956671666972,0.0034956671666972,0.0034956671666972,0.0,0.0,0.0,99.99999650429788,3.4957021237184905e-08,0,0,0
2026-01-01 11:15:00,21,0.0372520704267262,0.0372520704267262,0.0372520704267262,0.0,0.0,0.0,99.99996274755705,3.725244295115572e-07,0,0,0
2026-01-01 11:15:00,22,0.0335678101150916,0.0335678101150916,0.0335678101150916,0.0,0.0,0.0,99.9999664318542,3.356814579654963e-07,0,0,0
2026-01-01 11:15:00,23,0.0168058120604525,0.0168058120604525,0.0168058120604525,0.0,0.0,0.0,99.99998319401988,1.680598012025374e-07,0,0,0
2026-01-01 11:15:00,24,0.049558490088624,0.049558490088624,0.049558490088624,0.0,0.0,0.0,99.99995044101432,4.955898567848086e-07,0,0,0
2026-01-01 11:15:00,25,0.0473720091889628,0.0473720091889628,0.0473720091889628,0.0,0.0,0.0,99.99995262751709,4.7372482913792e-07,0,0,0
2026-01-01 11:15:00,26,0.0452023245843493,0.0452023245843493,0.0452023245843493,0.0,0.0,0.0,99.99995479722338,4.520277661211544e-07,0,0,0
2026-01-01 11:15:00,27,0.0431797610186797,0.0431797610186797,0.0431797610186797,0.0,0.0,0.0,99.99995681980718,4.318019282060799e-07,0,0,0
2026-01-01 11:15:00,28,0.0383257242118074,0.0383257242118074,0.0383257242118074,0.0,0.0,0.0,99.99996167389253,3.8326107472882223e-07,0,0,0
2026-01-01 11:15:00,29,0.0176783234634515,0.0176783234634515,0.0176783234634515,0.0,0.0,0.0,99.99998232149976,1.767850024845403e-07,0,0,0
2026-01-01 11:15:00,30,0.0114532824189542,0.0114532824189542,0.0114532824189542,0.0,0.0,0.0,99.99998854660305,1.1453396952923768e-07,0,0,0
2026-01-01 11:15:00,31,0.0027160512663553,0.0027160512663553,0.0027160512663553,0.0,0.0,0.0,99.99999728392157,2.7160784271396336e-08,0,0,0
2026-01-01 11:15:00,32,0.0,0.0,0.0,0.0,0.0,0.0,100.0,0.0,0,0,0
2026-01-01 11:15:00,33,0.0,0.0,0.0,0.0,0.0,0.0,100.0,0.0,0,0,0
2026-01-01 11:15:00,34,0.0,0.0,0.0,0.0,0.0,0.0,100.0,0.0,0,0,0
2026-01-01 11:15:00,35,0.0,0.0,0.0,0.0,0.0,0.0,100.0,0.0,0,0,0
2026-01-01 11:15:00,36,0.0,0.0,0.0,0.0,0.0,0.0,100.0,0.0,0,0,0
2026-01-01 11:30:00,0,0.1466221894375936,0.1466221894375936,0.1466221894375936,0.0,0.0,0.0,99.99985337634432,1.466236556741e-06,0,0,0
2026-01-01 11:30:00,1,0.1450848315538286,0.1450848315538286,0.1450848315538286,0.0,0.0,0.0,99.99985491371758,1.450862824166e-06,0,0,0
2026-01-01 11:30:00,2,0.1040538545362056,0.1040538545362056,0.1040538545362056,0.0,0.0,0.0,99.99989594510491,1.040548950851e-06,0,0,0
2026-01-01 11:30:00,3,0.0987845032382936,0.0987845032382936,0.0987845032382936,0.0,0.0,0.0,99.99990121450891,9.878549109320454e-07,0,0,0
2026-01-01 11:30:00,4,0.0963497365775327,0.0963497365775327,0.0963497365775327,0.0,0.0,0.0,99.99990364929991,9.635070008453354e-07,0,0,0
2026-01-01 11:30:00,5,0.0451312484042886,0.0451312484042886,0.0451312484042886,0.0,0.0,0.0,99.99995486830028,4.5131699721285854e-07,0,0,0
2026-01-01 11:30:00,6,0.0367661126673355,0.0367661126673355,0.0367661126673355,0.0,0.0,0.0,99.99996323351967,3.676648033213884e-07,0,0,0
2026-01-01 11:30:00,7,0.0283691908325789,0.0283691908325789,0.0283691908325789,0.0,0.0,0.0,99.99997163052548,2.836947452732419e-07,0,0,0
2026-01-01 11:30:00,8,0.0259973873716767,0.0259973873716767,0.0259973873716767,0.0,0.0,0.0,99.99997400235266,2.599764734815023e-07,0,0,0
2026-01-01 11:30:00,9,0.0236173431897586,0.0236173431897586,0.0236173431897586,0.0,0.0,0.0,99.99997638242064,2.3617579365552314e-07,0,0,0
2026-01-01 11:30:00,10,0.0215842050203541,0.0215842050203541,0.0215842050203541,0.0,0.0,0.0,99.99997841557914,2.1584420864562773e-07,0,0,0
2026-01-01 11:30:00,11,0.0189551651011171,0.0189551651011171,0.0189551651011171,0.0,0.0,0.0,99.99998104464535,1.895535465466368e-07,0,0,0
2026-01-01 11:30:00,12,0.0163169191627842,0.0163169191627842,0.0163169191627842,0.0,0.0,0.0,99.99998368291767,1.6317082333607606e-07,0,0,0
2026-01-01 11:30:00,13,0.0109258466927773,0.0109258466927773,0.0109258466927773,0.0,0.0,0.0,99.99998907404405,1.0925955952336835e-07,0,0,0
2026-01-01 11:30:00,14,0.0086318981237248,0.0086318981237248,0.0086318981237248,0.0,0.0,0.0,99.99999136801556,8.63198444356927e-08,0,0,0
2026-01-01 11:30:00,15,0.006209079928241,0.006209079928241,0.006209079928241,0.0,0.0,0.0,99.99999379085799,6.209142019661206e-08,0,0,0
2026-01-01 11:30:00,16,0.0037859866091648,0.0037859866091648,0.0037859866091648,0.0,0.0,0.0,99.99999621397554,3.7860244694095135e-08,0,0,0
2026-01-01 11:30:00,17,0.0091945137576869,0.0091945137576869,0.0091945137576869,0.0,0.0,0.0,99.99999080539429,9.194605703744009e-08,0,0,0
2026-01-01 11:30:00,18,0.0106554683547753,0.0106554683547753,0.0106554683547753,0.0,0.0,0.0,99.99998934442509,1.0655574910524472e-07,0,0,0
2026-01-01 11:30:00,19,0.0071055564012455,0.0071055564012455,0.0071055564012455,0.0,0.0,0.0,99.99999289437254,7.105627457520121e-08,0,0,0
2026-01-01 11:30:00,20,0.0035536715782314,0.0035536715782314,0.0035536715782314,0.0,0.0,0.0,99.99999644629288,3.553707115302633e-08,0,0,0
2026-01-01 11:30:00,21,0.0378795320918849,0.0378795320918849,0.0378795320918849,0.0,0.0,0.0,99.99996212008911,3.787991089099383e-07,0,0,0
2026-01-01 11:30:00,22,0.0341335898556928,0.0341335898556928,0.0341335898556928,0.0,0.0,0.0,99.9999658660688,3.413393119500482e-07,0,0,0
2026-01-01 11:30:00,23,0.017089456237488,0.017089456237488,0.017089456237488,0.0,0.0,0.0,99.99998291037286,1.7089627133759433e-07,0,0,0
2026-01-01 11:30:00,24,0.050429182912688,0.050429182912688,0.050429182912688,0.0,0.0,0.0,99.9999495703128,5.042968720956014e-07,0,0,0
2026-01-01 11:30:00,25,0.0482050549482341,0.0482050549482341,0.0482050549482341,0.0,0.0,0.0,99.999951794463,4.820553700360417e-07,0,0,0
2026-01-01 11:30:00,26,0.0459979309227517,0.0459979309227517,0.0459979309227517,0.0,0.0,0.0,99.9999540016091,4.5998390906660857e-07,0,0,0
2026-01-01 11:30:00,27,0.0439401219469576,0.0439401219469576,0.0439401219469576,0.0,0.0,0.0,99.99995605943865,4.3940561352571196e-07,0,0,0
2026-01-01 11:30:00,28,0.0390009544787453,0.0390009544787453,0.0390009544787453,0.0,0.0,0.0,99.99996099865551,3.900134449219025e-07,0,0,0
2026-01-01 11:30:00,29,0.0179904599756382,0.0179904599756382,0.0179904599756382,0.0,0.0,0.0,99.99998200936012,1.7990639882037048e-07,0,0,0
2026-01-01 11:30:00,30,0.0116555687159368,0.0116555687159368,0.0116555687159368,0.0,0.0,0.0,99.99998834431473,1.1655685272789534e-07,0,0,0
2026-01-01 11:30:00,31,0.0027640310654226,0.0027640310654226,0.0027640310654226,0.0,0.0,0.0,99.9999972359413,2.764058706009717e-08,0,0,0
2026-01-01 11:30:00,32,0.0,0.0,0.0,0.0,0.0,0.0,100.0,0.0,0,0,0
2026-01-01 11:30:00,33,0.0,0.0,0.0,0.0,0.0,0.0,100.0,0.0,0,0,0
2026-01-01 11:30:00,34,0.0,0.0,0.0,0.0,0.0,0.0,100.0,0.0,0,0,0
2026-01-01 11:30:00,35,0.0,0.0,0.0,0.0,0.0,0.0,100.0,0.0,0,0,0
2026-01-01 11:30:00,36,0.0,0.0,0.0,0.0,0.0,0.0,100.0,0.0,0,0,0
2026-01-01 11:45:00,0,0.1399596501643123,0.1399596501643122,0.13995965016431225,1.1102230246251565e-16,1.1102230246251565e-16,7.932450131143198e-16,99.99986003895023,1.399610497748e-06,0,0,0
2026-01-01 11:45:00,1,0.1410831828687905,0.1410831828687905,0.1410831828687905,0.0,0.0,0.0,99.99985891540628,1.410845937147e-06,0,0,0
2026-01-01 11:45:00,2,0.1011544915205903,0.1011544915205903,0.1011544915205903,0.0,0.0,0.0,99.99989884449693,1.0115550307559999e-06,0,0,0
2026-01-01 11:45:00,3,0.0960264121776695,0.0960264121776695,0.0960264121776695,0.0,0.0,0.0,99.99990397262755,9.60273724513941e-07,0,0,0
2026-01-01 11:45:00,4,0.0936572935612406,0.0936572935612406,0.0936572935612406,0.0,0.0,0.0,99.99990634176986,9.365823014354205e-07,0,0,0
2026-01-01 11:45:00,5,0.0438739937873035,0.0438739937873035,0.0438739937873035,0.0,0.0,0.0,99.99995612556746,4.387443253162885e-07,0,0,0
2026-01-01 11:45:00,6,0.0357386184420851,0.0357386184420851,0.0357386184420851,0.0,0.0,0.0,99.99996426102418,3.573897583184345e-07,0,0,0
2026-01-01 11:45:00,7,0.0275732716664366,0.0275732716664366,0.0275732716664366,0.0,0.0,0.0,99.9999724264526,2.757354740191067e-07,0,0,0
2026-01-01 11:45:00,8,0.025267198906589,0.025267198906589,0.025267198906589,0.0,0.0,0.0,99.99997473254842,2.526745158110484e-07,0,0,0
2026-01-01 11:45:00,9,0.0229534427290987,0.0229534427290987,0.0229534427290987,0.0,0.0,0.0,99.99997704632773,2.295367226582139e-07,0,0,0
2026-01-01 11:45:00,10,0.020977001528634,0.020977001528634,0.020977001528634,0.0,0.0,0.0,99.9999790227887,2.0977211300747048e-07,0,0,0
2026-01-01 11:45:00,11,0.0184213653552554,0.0184213653552554,0.0184213653552554,0.0,0.0,0.0,99.99998157845043,1.84215495707512e-07,0,0,0
2026-01-01 11:45:00,12,0.0158571598540939,0.0158571598540939,0.0158571598540939,0.0,0.0,0.0,99.99998414268157,1.5857318427278218e-07,0,0,0
2026-01-01 11:45:00,13,0.0106176860595715,0.0106176860595715,0.0106176860595715,0.0,0.0,0.0,99.99998938220776,1.0617792237493922e-07,0,0,0
2026-01-01 11:45:00,14,0.0083882932947165,0.0083882932947165,0.0083882932947165,0.0,0.0,0.0,99.99999161162282,8.388377178488286e-08,0,0,0
2026-01-01 11:45:00,15,0.0060337472662236,0.0060337472662236,0.0060337472662236,0.0,0.0,0.0,99.99999396619239,6.033807604299673e-08,0,0,0
2026-01-01 11:45:00,16,0.0036790554479393,0.0036790554479393,0.0036790554479393,0.0,0.0,0.0,99.99999632090775,3.679092238861723e-08,0,0,0
2026-01-01 11:45:00,17,0.0116657147184471,0.0116657147184471,0.0116657147184471,0.0,0.0,0.0,99.99998833416862,1.1665831376760923e-07,0,0,0
2026-01-01 11:45:00,18,0.0103730034340768,0.0103730034340768,0.0103730034340768,0.0,0.0,0.0,99.99998962689284,1.0373107165148538e-07,0,0,0
2026-01-01 11:45:00,19,0.006917146002841,0.006917146002841,0.006917146002841,0.0,0.0,0.0,99.99999308278483,6.917215174992794e-08,0,0,0
2026-01-01 11:45:00,20,0.0034594193954627,0.0034594193954627,0.0034594193954627,0.0,0.0,0.0,99.99999654054601,3.4594539900026956e-08,0,0,0
2026-01-01 11:45:00,21,0.0368611309634948,0.0368611309634948,0.0368611309634948,0.0,0.0,0.0,99.99996313850042,3.6861499578490676e-07,0,0,0
2026-01-01 11:45:00,22,0.0332153075963742,0.0332153075963742,0.0332153075963742,0.0,0.0,0.0,99.99996678436025,3.3215639752771776e-07,0,0,0
2026-01-01 11:45:00,23,0.0166290971245186,0.0166290971245186,0.0166290971245186,0.0,0.0,0.0,99.99998337073659,1.6629263417152855e-07,0,0,0
2026-01-01 11:45:00,24,0.0490166481603638,0.0490166481603637,0.049016648160363746,1.0408340855860843e-16,1.0408340855860843e-16,2.123429308829811e-15,99.99995098286166,4.901713833174712e-07,0,0,0
2026-01-01 11:45:00,25,0.0468536088232325,0.0468536088232325,0.0468536088232325,0.0,0.0,0.0,99.99995314592263,4.685407736400616e-07,0,0,0
2026-01-01 11:45:00,26,0.0447072350680423,0.0447072350680423,0.0447072350680423,0.0,0.0,0.0,99.99995529231785,4.470768214486384e-07,0,0,0
2026-01-01 11:45:00,27,0.0427066102313135,0.0427066102313135,0.0427066102313135,0.0,0.0,0.0,99.9999572929627,4.2707037301686596e-07,0,0,0
2026-01-01 11:45:00,28,0.0379055539129844,0.0379055539129844,0.0379055539129844,0.0,0.0,0.0,99.99996209406703,3.7905932972314126e-07,0,0,0
2026-01-01 11:45:00,29,0.017484104752461,0.017484104752461,0.017484104752461,0.0,0.0,0.0,99.9999825157204,1.7484279595256978e-07,0,0,0
2026-01-01 11:45:00,30,0.0113274162119296,0.0113274162119296,0.0113274162119296,0.0,0.0,0.0,99.99998867247051,1.1327529487224508e-07,0,0,0
2026-01-01 11:45:00,31,0.0026861975298281,0.0026861975298281,0.0026861975298281,0.0,0.0,0.0,99.99999731377561,2.6862243920720404e-08,0,0,0
2026-01-01 11:45:00,32,0.0,0.0,0.0,0.0,0.0,0.0,100.0,0.0,0,0,0
2026-01-01 11:45:00,33,0.0,0.0,0.0,0.0,0.0,0.0,100.0,0.0,0,0,0
2026-01-01 11:45:00,34,0.0,0.0,0.0,0.0,0.0,0.0,100.0,0.0,0,0,0
2026-01-01 11:45:00,35,0.0,0.0,0.0,0.0,0.0,0.0,100.0,0.0,0,0,0
2026-01-01 11:45:00,36,0.0,0.0,0.0,0.0,0.0,0.0,100.0,0.0,0,0,0
2026-01-01 12:00:00,0,0.1429698600559433,0.1429698600559432,0.14296986005594325,1.1102230246251565e-16,1.1102230246251565e-16,7.765433543380382e-16,99.99985702871024,1.4297128976880001e-06,0,0,0
2026-01-01 12:00:00,1,0.1431128668948117,0.1431128668948118,0.14311286689481176,-1.1102230246251565e-16,1.1102230246251565e-16,7.757673863555774e-16,99.99985688570196,1.431142980377e-06,0,0,0
2026-01-01 12:00:00,2,0.1026248556141834,0.1026248556141833,0.10262485561418336,9.71445146547012e-17,9.71445146547012e-17,9.465982154842911e-16,99.99989737411812,1.02625881873e-06,0,0,0
2026-01-01 12:00:00,3,0.0974250904257253,0.0974250904257253,0.0974250904257253,0.0,0.0,0.0,99.99990257393532,9.742606468637224e-07,0,0,0
2026-01-01 12:00:00,4,0.0950226627403221,0.0950226627403222,0.09502266274032214,-9.71445146547012e-17,9.71445146547012e-17,1.0223298487949036e-15,99.99990497638703,9.502361297645196e-07,0,0,0
2026-01-01 12:00:00,5,0.0445115926095711,0.0445115926095711,0.0445115926095711,0.0,0.0,0.0,99.99995548796227,4.4512037729948416e-07,0,0,0
2026-01-01 12:00:00,6,0.036259672017001,0.036259672017001,0.036259672017001,0.0,0.0,0.0,99.99996373996538,3.626003461734727e-07,0,0,0
2026-01-01 12:00:00,7,0.0279768667986768,0.0279768667986768,0.0279768667986768,0.0,0.0,0.0,99.99997202285343,2.7977146570142554e-07,0,0,0
2026-01-01 12:00:00,8,0.0256374569101442,0.0256374569101442,0.0256374569101442,0.0,0.0,0.0,99.99997436228671,2.5637713287277094e-07,0,0,0
2026-01-01 12:00:00,9,0.0232900835353248,0.0232900835353248,0.0232900835353248,0.0,0.0,0.0,99.99997670968357,2.3290316438489242e-07,0,0,0
2026-01-01 12:00:00,10,0.0212848896783836,0.0212848896783836,0.0212848896783836,0.0,0.0,0.0,99.99997871489747,2.128510252940895e-07,0,0,0
2026-01-01 12:00:00,11,0.0186920290650052,0.0186920290650052,0.0186920290650052,0.0,0.0,0.0,99.99998130778401,1.8692215987165162e-07,0,0,0
2026-01-01 12:00:00,12,0.0160902792549344,0.0160902792549344,0.0160902792549344,0.0,0.0,0.0,99.99998390955984,1.6090440159336066e-07,0,0,0
2026-01-01 12:00:00,13,0.0107739354396247,0.0107739354396247,0.0107739354396247,0.0,0.0,0.0,99.99998922595682,1.0774043180056588e-07,0,0,0
2026-01-01 12:00:00,14,0.0085118092310293,0.0085118092310293,0.0085118092310293,0.0,0.0,0.0,99.99999148810565,8.511894349972867e-08,0,0,0
2026-01-01 12:00:00,15,0.0061226460680031,0.0061226460680031,0.0061226460680031,0.0,0.0,0.0,99.99999387729271,6.122707295076123e-08,0,0,0
2026-01-01 12:00:00,16,0.0037332725064277,0.0037332725064277,0.0037332725064277,0.0,0.0,0.0,99.99999626669016,3.733309839526107e-08,0,0,0
2026-01-01 12:00:00,17,0.0107551428689121,0.0107551428689121,0.0107551428689121,0.0,0.0,0.0,99.99998924474959,1.0755250421416405e-07,0,0,0
2026-01-01 12:00:00,18,0.0105162510734087,0.0105162510734087,0.0105162510734087,0.0,0.0,0.0,99.99998948364376,1.0516356236971121e-07,0,0,0
2026-01-01 12:00:00,19,0.0070126949992239,0.0070126949992239,0.0070126949992239,0.0,0.0,0.0,99.99999298723488,7.012765126875262e-08,0,0,0
2026-01-01 12:00:00,20,0.003507217546375,0.003507217546375,0.003507217546375,0.0,0.0,0.0,99.99999649274739,3.5072526189012755e-08,0,0,0
2026-01-01 12:00:00,21,0.0373778806264249,0.0373778806264249,0.0373778806264249,0.0,0.0,0.0,99.9999626217456,3.737825440896901e-07,0,0,0
2026-01-01 12:00:00,22,0.0336812513782629,0.0336812513782629,0.0336812513782629,0.0,0.0,0.0,99.99996631841181,3.3681588194144886e-07,0,0,0
2026-01-01 12:00:00,23,0.0168626825866219,0.0168626825866219,0.0168626825866219,0.0,0.0,0.0,99.99998313714879,1.6862851215134123e-07,0,0,0
2026-01-01 12:00:00,24,0.0497329350208339,0.0497329350208339,0.0497329350208339,0.0,0.0,0.0,99.99995026656765,4.973343235515747e-07,0,0,0
2026-01-01 12:00:00,25,0.0475389086688611,0.0475389086688611,0.0475389086688611,0.0,0.0,0.0,99.99995246061594,4.7539384062701813e-07,0,0,0
2026-01-01 12:00:00,26,0.0453617205275517,0.0453617205275517,0.0453617205275517,0.0,0.0,0.0,99.99995463782585,4.5362174149293207e-07,0,0,0
2026-01-01 12:00:00,27,0.0433320944137611,0.0433320944137611,0.0433320944137611,0.0,0.0,0.0,99.99995666747226,4.333252773903851e-07,0,0,0
2026-01-01 12:00:00,28,0.0384610009562269,0.0384610009562269,0.0384610009562269,0.0,0.0,0.0,99.99996153861443,3.846138557008261e-07,0,0,0
2026-01-01 12:00:00,29,0.0177408549037806,0.0177408549037806,0.0177408549037806,0.0,0.0,0.0,99.99998225896769,1.7741032314103814e-07,0,0,0
2026-01-01 12:00:00,30,0.011493806937587,0.011493806937587,0.011493806937587,0.0,0.0,0.0,99.99998850607813,1.1493921876805807e-07,0,0,0
2026-01-01 12:00:00,31,0.002725663144853,0.002725663144853,0.002725663144853,0.0,0.0,0.0,99.99999727430959,2.7256904017570858e-08,0,0,0
2026-01-01 12:00:00,32,0.0,0.0,0.0,0.0,0.0,0.0,100.0,0.0,0,0,0
2026-01-01 12:00:00,33,0.0,0.0,0.0,0.0,0.0,0.0,100.0,0.0,0,0,0
2026-01-01 12:00:00,34,0.0,0.0,0.0,0.0,0.0,0.0,100.0,0.0,0,0,0
2026-01-01 12:00:00,35,0.0,0.0,0.0,0.0,0.0,0.0,100.0,0.0,0,0,0
2026-01-01 12:00:00,36,0.0,0.0,0.0,0.0,0.0,0.0,100.0,0.0,0,0,0
2026-01-01 12:15:00,0,0.1390765447832311,0.1390765447832311,0.1390765447832311,0.0,0.0,0.0,99.99986092206444,1.390779355625e-06,0,0,0
2026-01-01 12:15:00,1,0.1398992519867322,0.1398992519867322,0.1398992519867322,0.0,0.0,0.0,99.99986009934901,1.399006509932e-06,0,0,0
2026-01-01 12:15:00,2,0.1002970401428202,0.1002970401428202,0.1002970401428202,0.0,0.0,0.0,99.99989970195688,1.002980431232e-06,0,0,0
2026-01-01 12:15:00,3,0.0952108062673141,0.0952108062673141,0.0952108062673141,0.0,0.0,0.0,99.99990478824162,9.521175838489805e-07,0,0,0
2026-01-01 12:15:00,4,0.092861128505855,0.092861128505855,0.092861128505855,0.0,0.0,0.0,99.99990713794287,9.286205712642631e-07,0,0,0
2026-01-01 12:15:00,5,0.0435021715361945,0.0435021715361945,0.0435021715361945,0.0,0.0,0.0,99.99995649739344,4.350260656226014e-07,0,0,0
2026-01-01 12:15:00,6,0.0354347858090846,0.0354347858090845,0.035434785809084546,1.0408340855860843e-16,1.0408340855860843e-16,2.937322092086785e-15,99.99996456485984,3.5435140160486204e-07,0,0,0
2026-01-01 12:15:00,7,0.027337954226115,0.027337954226115,0.027337954226115,0.0,0.0,0.0,99.99997266177239,2.733822760839117e-07,0,0,0
2026-01-01 12:15:00,8,0.0250513250368978,0.0250513250368978,0.0250513250368978,0.0,0.0,0.0,99.99997494842445,2.505157555265341e-07,0,0,0
2026-01-01 12:15:00,9,0.0227571732404965,0.0227571732404965,0.0227571732404965,0.0,0.0,0.0,99.99997724259919,2.2757400814504698e-07,0,0,0
2026-01-01 12:15:00,10,0.0207974990425002,0.0207974990425002,0.0207974990425002,0.0,0.0,0.0,99.99997920229298,2.07977070195704e-07,0,0,0
2026-01-01 12:15:00,11,0.0182635694720354,0.0182635694720354,0.0182635694720354,0.0,0.0,0.0,99.99998173624789,1.826375210955656e-07,0,0,0
2026-01-01 12:15:00,12,0.0157212541481521,0.0157212541481521,0.0157212541481521,0.0,0.0,0.0,99.99998427858864,1.5721411362265803e-07,0,0,0
2026-01-01 12:15:00,13,0.0105265969946313,0.0105265969946313,0.0105265969946313,0.0,0.0,0.0,99.99998947329775,1.0526702261653969e-07,0,0,0
2026-01-01 12:15:00,14,0.0083162880479873,0.0083162880479873,0.0083162880479873,0.0,0.0,0.0,99.99999168362879,8.316371211699476e-08,0,0,0
2026-01-01 12:15:00,15,0.005981923343324,0.005981923343324,0.005981923343324,0.0,0.0,0.0,99.99999401801684,5.981983163155711e-08,0,0,0
2026-01-01 12:15:00,16,0.003647449562125,0.003647449562125,0.003647449562125,0.0,0.0,0.0,99.99999635251396,3.64748603698545e-08,0,0,0
2026-01-01 12:15:00,17,0.0112541097146886,0.0112541097146886,0.0112541097146886,0.0,0.0,0.0,99.99998874577774,1.1254222256911176e-07,0,0,0
2026-01-01 12:15:00,18,0.010289612721968,0.010289612721968,0.010289612721968,0.0,0.0,0.0,99.99998971028438,1.0289715619124223e-07,0,0,0
2026-01-01 12:15:00,19,0.006861523147404,0.006861523147404,0.006861523147404,0.0,0.0,0.0,99.99999313840824,6.861591763321638e-08,0,0,0
2026-01-01 12:15:00,20,0.0034315943818828,0.0034315943818828,0.0034315943818828,0.0,0.0,0.0,99.9999965683713,3.4316286981698116e-08,0,0,0
2026-01-01 12:15:00,21,0.0365595057200402,0.0365595057200402,0.0365595057200402,0.0,0.0,0.0,99.99996344012868,3.65598713187534e-07,0,0,0
2026-01-01 12:15:00,22,0.0329433418475619,0.0329433418475619,0.0329433418475619,0.0,0.0,0.0,99.99996705632871,3.294367128427481e-07,0,0,0
2026-01-01 12:15:00,23,0.0164927605126752,0.0164927605126752,0.0164927605126752,0.0,0.0,0.0,99.99998350707456,1.649292544192965e-07,0,0,0
2026-01-01 12:15:00,24,0.0485989971781877,0.0485989971781877,0.0485989971781877,0.0,0.0,0.0,99.99995140051682,4.859948317301952e-07,0,0,0
2026-01-01 12:15:00,25,0.0464540349008061,0.0464540349008061,0.0464540349008061,0.0,0.0,0.0,99.99995354550056,4.645449944580057e-07,0,0,0
2026-01-01 12:15:00,26,0.0443256365139809,0.0443256365139809,0.0443256365139809,0.0,0.0,0.0,99.99995567392023,4.4326079774778704e-07,0,0,0
2026-01-01 12:15:00,27,0.0423419251974725,0.0423419251974725,0.0423419251974725,0.0,0.0,0.0,99.99995765765138,4.2342348620958735e-07,0,0,0
2026-01-01 12:15:00,28,0.0375817078532357,0.0375817078532357,0.0375817078532357,0.0,0.0,0.0,99.99996241791632,3.758208367407252e-07,0,0,0
2026-01-01 12:15:00,29,0.0173344182495647,0.0173344182495647,0.0173344182495647,0.0,0.0,0.0,99.99998266540841,1.7334591595480717e-07,0,0,0
2026-01-01 12:15:00,30,0.0112304104237564,0.0112304104237564,0.0112304104237564,0.0,0.0,0.0,99.99998876947727,1.1230522728983751e-07,0,0,0
2026-01-01 12:15:00,31,0.0026631891912444,0.0026631891912444,0.0026631891912444,0.0,0.0,0.0,99.99999733678418,2.6632158234027084e-08,0,0,0
2026-01-01 12:15:00,32,0.0,0.0,0.0,0.0,0.0,0.0,100.0,0.0,0,0,0
2026-01-01 12:15:00,33,0.0,0.0,0.0,0.0,0.0,0.0,100.0,0.0,0,0,0
2026-01-01 12:15:00,34,0.0,0.0,0.0,0.0,0.0,0.0,100.0,0.0,0,0,0
2026-01-01 12:15:00,35,0.0,0.0,0.0,0.0,0.0,0.0,100.0,0.0,0,0,0
2026-01-01 12:15:00,36,0.0,0.0,0.0,0.0,0.0,0.0,100.0,0.0,0,0,0
2026-01-01 12:30:00,0,0.1409844352445523,0.1409844352445523,0.1409844352445523,0.0,0.0,0.0,99.9998590141549,1.40985845103e-06,0,0,0
2026-01-01 12:30:00,1,0.1412892639007756,0.1412892639007756,0.1412892639007756,0.0,0.0,0.0,99.99985870932319,1.412906768075e-06,0,0,0
2026-01-01 12:30:00,2,0.1013037738059693,0.1013037738059693,0.1013037738059693,0.0,0.0,0.0,99.99989869521315,1.013047868538e-06,0,0,0
2026-01-01 12:30:00,3,0.0961684147381674,0.0961684147381673,0.09616841473816734,9.71445146547012e-17,9.71445146547012e-17,1.010149796247483e-15,99.99990383062357,9.616937643193173e-07,0,0,0
2026-01-01 12:30:00,4,0.0937959136772508,0.0937959136772508,0.0937959136772508,0.0,0.0,0.0,99.99990620314836,9.379685164576734e-07,0,0,0
2026-01-01 12:30:00,5,0.0439387277131165,0.0439387277131165,0.0439387277131165,0.0,0.0,0.0,99.9999560608329,4.393916710478761e-07,0,0,0
2026-01-01 12:30:00,6,0.0357915187609836,0.0357915187609836,0.0357915187609836,0.0,0.0,0.0,99.99996420812332,3.5791876679750395e-07,0,0,0
2026-01-01 12:30:00,7,0.0276142459479475,0.0276142459479475,0.0276142459479475,0.0,0.0,0.0,99.9999723854779,2.761452209316853e-07,0,0,0
2026-01-01 12:30:00,8,0.0253047884327442,0.0253047884327442,0.0253047884327442,0.0,0.0,0.0,99.99997469495851,2.5305041483159066e-07,0,0,0
2026-01-01 12:30:00,9,0.0229876191691426,0.0229876191691426,0.0229876191691426,0.0,0.0,0.0,99.99997701215095,2.298784904763316e-07,0,0,0
2026-01-01 12:30:00,10,0.0210082587924513,0.0210082587924513,0.0210082587924513,0.0,0.0,0.0,99.99997899153112,2.10084688771401e-07,0,0,0
2026-01-01 12:30:00,11,0.0184488433556449,0.0184488433556449,0.0184488433556449,0.0,0.0,0.0,99.99998155097215,1.8449027845923427e-07,0,0,0
2026-01-01 12:30:00,12,0.015880826241914,0.015880826241914,0.015880826241914,0.0,0.0,0.0,99.99998411901495,1.5880985051764525e-07,0,0,0
2026-01-01 12:30:00,13,0.0106335484651478,0.0106335484651478,0.0106335484651478,0.0,0.0,0.0,99.9999893663452,1.063365480169583e-07,0,0,0
2026-01-01 12:30:00,14,0.0084008325587385,0.0084008325587385,0.0084008325587385,0.0,0.0,0.0,99.99999159908343,8.400916567904208e-08,0,0,0
2026-01-01 12:30:00,15,0.0060427721853428,0.0060427721853428,0.0060427721853428,0.0,0.0,0.0,99.99999395716739,6.042832613669014e-08,0,0,0
2026-01-01 12:30:00,16,0.0036845595025713,0.0036845595025713,0.0036845595025713,0.0,0.0,0.0,99.99999631540365,3.684596348534799e-08,0,0,0
2026-01-01 12:30:00,17,0.0107970308595819,0.0107970308595819,0.0107970308595819,0.0,0.0,0.0,99.99998920286117,1.0797138830970259e-07,0,0,0
2026-01-01 12:30:00,18,0.0103877617714601,0.0103877617714601,0.0103877617714601,0.0,0.0,0.0,99.99998961213436,1.038786565011664e-07,0,0,0
2026-01-01 12:30:00,19,0.0069269901292278,0.0069269901292278,0.0069269901292278,0.0,0.0,0.0,99.9999930729406,6.927059399821851e-08,0,0,0
2026-01-01 12:30:00,20,0.0034643439070715,0.0034643439070715,0.0034643439070715,0.0,0.0,0.0,99.99999653562145,3.4643785508570516e-08,0,0,0
2026-01-01 12:30:00,21,0.0369136065120945,0.0369136065120945,0.0369136065120945,0.0,0.0,0.0,99.99996308602435,3.6913975651851074e-07,0,0,0
2026-01-01 12:30:00,22,0.0332626236962307,0.0332626236962308,0.03326262369623075,-9.71445146547012e-17,9.71445146547012e-17,2.9205298516608218e-15,99.99996673704368,3.3262956325794063e-07,0,0,0
2026-01-01 12:30:00,23,0.0166528173261973,0.0166528173261973,0.0166528173261973,0.0,0.0,0.0,99.99998334701614,1.6652983856035938e-07,0,0,0
2026-01-01 12:30:00,24,0.0490893686545359,0.0490893686545359,0.0490893686545359,0.0,0.0,0.0,99.99995091014044,4.908985955313149e-07,0,0,0
2026-01-01 12:30:00,25,0.0469231830033382,0.0469231830033382,0.0469231830033382,0.0,0.0,0.0,99.99995307634777,4.6923652239860653e-07,0,0,0
2026-01-01 12:30:00,26,0.0447736805004468,0.0447736805004468,0.0447736805004468,0.0,0.0,0.0,99.99995522587176,4.4774128241729264e-07,0,0,0
2026-01-01 12:30:00,27,0.0427701111826952,0.0427701111826952,0.0427701111826952,0.0,0.0,0.0,99.99995722946112,4.2770538888084143e-07,0,0,0
2026-01-01 12:30:00,28,0.0379619443173695,0.0379619443173695,0.0379619443173695,0.0,0.0,0.0,99.99996203767606,3.796232394060893e-07,0,0,0
2026-01-01 12:30:00,29,0.0175101703311071,0.0175101703311071,0.0175101703311071,0.0,0.0,0.0,99.99998248965457,1.751034543456148e-07,0,0,0
2026-01-01 12:30:00,30,0.0113443083627771,0.0113443083627771,0.0113443083627771,0.0,0.0,0.0,99.99998865557819,1.1344421806995252e-07,0,0,0
2026-01-01 12:30:00,31,0.002690204113213,0.002690204113213,0.002690204113213,0.0,0.0,0.0,99.99999730976899,2.690231015523161e-08,0,0,0
2026-01-01 12:30:00,32,0.0,0.0,0.0,0.0,0.0,0.0,100.0,0.0,0,0,0
2026-01-01 12:30:00,33,0.0,0.0,0.0,0.0,0.0,0.0,100.0,0.0,0,0,0
2026-01-01 12:30:00,34,0.0,0.0,0.0,0.0,0.0,0.0,100.0,0.0,0,0,0
2026-01-01 12:30:00,35,0.0,0.0,0.0,0.0,0.0,0.0,100.0,0.0,0,0,0
2026-01-01 12:30:00,36,0.0,0.0,0.0,0.0,0.0,0.0,100.0,0.0,0,0,0
2026-01-01 12:45:00,0,0.1433969609626924,0.1433969609626924,0.1433969609626924,0.0,0.0,0.0,99.99985660160506,1.4339839494660001e-06,0,0,0
2026-01-01 12:45:00,1,0.1435763424344167,0.1435763424344167,0.1435763424344167,0.0,0.0,0.0,99.99985642222178,1.4357777821209999e-06,0,0,0
2026-01-01 12:45:00,2,0.1029606706472495,0.1029606706472495,0.1029606706472495,0.0,0.0,0.0,99.99989703829974,1.029617002642e-06,0,0,0
2026-01-01 12:45:00,3,0.0977445441896801,0.0977445441896801,0.0977445441896801,0.0,0.0,0.0,99.99990225447836,9.774552164489655e-07,0,0,0
2026-01-01 12:45:00,4,0.095334513452723,0.095334513452723,0.095334513452723,0.0,0.0,0.0,99.99990466453319,9.533546680739114e-07,0,0,0
2026-01-01 12:45:00,5,0.0446572124134991,0.0446572124134991,0.0446572124134991,0.0,0.0,0.0,99.99995534234101,4.4657658990089083e-07,0,0,0
2026-01-01 12:45:00,6,0.0363786809876165,0.0363786809876165,0.0363786809876165,0.0,0.0,0.0,99.99996362095523,3.6379044778064365e-07,0,0,0
2026-01-01 12:45:00,7,0.0280690545214691,0.0280690545214691,0.0280690545214691,0.0,0.0,0.0,99.99997193066478,2.806933521482133e-07,0,0,0
2026-01-01 12:45:00,8,0.025722031556726,0.025722031556726,0.025722031556726,0.0,0.0,0.0,99.99997427771122,2.572228877961385e-07,0,0,0
2026-01-01 12:45:00,9,0.0233669804714195,0.0233669804714195,0.0233669804714195,0.0,0.0,0.0,99.99997663278586,2.3367214143560987e-07,0,0,0
2026-01-01 12:45:00,10,0.0213552197528204,0.0213552197528204,0.0213552197528204,0.0,0.0,0.0,99.9999786445667,2.1355433307153542e-07,0,0,0
2026-01-01 12:45:00,11,0.0187538572108784,0.0187538572108784,0.0187538572108784,0.0,0.0,0.0,99.99998124595525,1.8754044751325996e-07,0,0,0
2026-01-01 12:45:00,12,0.0161435316262954,0.0161435316262954,0.0161435316262954,0.0,0.0,0.0,99.99998385630694,1.614369306322608e-07,0,0,0
2026-01-01 12:45:00,13,0.0108096287299155,0.0108096287299155,0.0108096287299155,0.0,0.0,0.0,99.99998919026318,1.0809736827283825e-07,0,0,0
2026-01-01 12:45:00,14,0.0085400252619954,0.0085400252619954,0.0085400252619954,0.0,0.0,0.0,99.99999145988933,8.54011066310209e-08,0,0,0
2026-01-01 12:45:00,15,0.0061429543626134,0.0061429543626134,0.0061429543626134,0.0,0.0,0.0,99.9999938569842,6.143015792771386e-08,0,0,0
2026-01-01 12:45:00,16,0.0037456580515201,0.0037456580515201,0.0037456580515201,0.0,0.0,0.0,99.99999625430449,3.7456955084752235e-08,0,0,0
2026-01-01 12:45:00,17,0.0108264229541855,0.0108264229541855,0.0108264229541855,0.0,0.0,0.0,99.99998917346878,1.0826531219497718e-07,0,0,0
2026-01-01 12:45:00,18,0.010548861295327,0.010548861295327,0.010548861295327,0.0,0.0,0.0,99.99998945103322,1.054896678499492e-07,0,0,0
2026-01-01 12:45:00,19,0.0070344467363191,0.0070344467363191,0.0070344467363191,0.0,0.0,0.0,99.99999296548292,7.034517081489932e-08,0,0,0
2026-01-01 12:45:00,20,0.0035180988354577,0.0035180988354577,0.0035180988354577,0.0,0.0,0.0,99.99999648186598,3.518134016797886e-08,0,0,0
2026-01-01 12:45:00,21,0.0374958262758444,0.0374958262758444,0.0374958262758444,0.0,0.0,0.0,99.99996250379876,3.749620123785685e-07,0,0,0
2026-01-01 12:45:00,22,0.0337876019395961,0.0337876019395961,0.0337876019395961,0.0,0.0,0.0,99.99996621206019,3.3787939818994385e-07,0,0,0
2026-01-01 12:45:00,23,0.016915999064773,0.016915999064773,0.016915999064773,0.0,0.0,0.0,99.99998308383178,1.691616822645528e-07,0,0,0
2026-01-01 12:45:00,24,0.0498965419397405,0.0498965419397405,0.0498965419397405,0.0,0.0,0.0,99.99995010295909,4.989704091014965e-07,0,0,0
2026-01-01 12:45:00,25,0.0476954403066612,0.0476954403066612,0.0476954403066612,0.0,0.0,0.0,99.99995230408274,4.76959172658339e-07,0,0,0
2026-01-01 12:45:00,26,0.0455112160400815,0.0455112160400815,0.0455112160400815,0.0,0.0,0.0,99.99995448832884,4.551167115679311e-07,0,0,0
2026-01-01 12:45:00,27,0.0434749666907286,0.0434749666907286,0.0434749666907286,0.0,0.0,0.0,99.99995652459856,4.347540144474308e-07,0,0,0
2026-01-01 12:45:00,28,0.0385878765661241,0.0385878765661241,0.0385878765661241,0.0,0.0,0.0,99.99996141173754,3.858826244874859e-07,0,0,0
2026-01-01 12:45:00,29,0.0177995041715947,0.0177995041715947,0.0177995041715947,0.0,0.0,0.0,99.99998220031783,1.7799682168416457e-07,0,0,0
2026-01-01 12:45:00,30,0.011531815664459,0.011531815664459,0.011531815664459,0.0,0.0,0.0,99.99998846806902,1.1531930983768931e-07,0,0,0
2026-01-01 12:45:00,31,0.0027346783278905,0.0027346783278905,0.0027346783278905,0.0,0.0,0.0,99.99999726529433,2.7347056749472977e-08,0,0,0
2026-01-01 12:45:00,32,0.0,0.0,0.0,0.0,0.0,0.0,100.0,0.0,0,0,0
2026-01-01 12:45:00,33,0.0,0.0,0.0,0.0,0.0,0.0,100.0,0.0,0,0,0
2026-01-01 12:45:00,34,0.0,0.0,0.0,0.0,0.0,0.0,100.0,0.0,0,0,0
2026-01-01 12:45:00,35,0.0,0.0,0.0,0.0,0.0,0.0,100.0,0.0,0,0,0
2026-01-01 12:45:00,36,0.0,0.0,0.0,0.0,0.0,0.0,100.0,0.0,0,0,0
2026-01-01 13:00:00,0,0.1315295357147989,0.1315295357147989,0.1315295357147989,0.0,0.0,0.0,99.99986846914898,1.3153085102329998e-06,0,0,0
2026-01-01 13:00:00,1,0.1335305589369842,0.1335305589369842,0.1335305589369842,0.0,0.0,0.0,99.99986646810575,1.335318942559e-06,0,0,0
2026-01-01 13:00:00,2,0.095687163275182,0.095687163275182,0.095687163275182,0.0,0.0,0.0,99.99990431187985,9.568812015638364e-07,0,0,0
2026-01-01 13:00:00,3,0.090826381615225,0.090826381615225,0.090826381615225,0.0,0.0,0.0,99.99990917271012,9.082728988812392e-07,0,0,0
2026-01-01 13:00:00,4,0.0885814138076613,0.0885814138076613,0.0885814138076613,0.0,0.0,0.0,99.99991141770037,8.858229963065763e-07,0,0,0
2026-01-01 13:00:00,5,0.0415031277938341,0.0415031277938341,0.0415031277938341,0.0,0.0,0.0,99.99995849645717,4.150354282926248e-07,0,0,0
2026-01-01 13:00:00,6,0.0338015683614733,0.0338015683614733,0.0338015683614733,0.0,0.0,0.0,99.99996619809362,3.380190638053714e-07,0,0,0
2026-01-01 13:00:00,7,0.0260733077101987,0.0260733077101987,0.0260733077101987,0.0,0.0,0.0,99.99997392643155,2.6073568445883225e-07,0,0,0
2026-01-01 13:00:00,8,0.0238912449164925,0.0238912449164925,0.0238912449164925,0.0,0.0,0.0,99.99997610851617,2.389148383133087e-07,0,0,0
2026-01-01 13:00:00,9,0.0217024949453966,0.0217024949453966,0.0217024949453966,0.0,0.0,0.0,99.99997829728802,2.1702711972516382e-07,0,0,0
2026-01-01 13:00:00,10,0.0198329612225031,0.0198329612225031,0.0198329612225031,0.0,0.0,0.0,99.99998016684044,1.9833159554098715e-07,0,0,0
2026-01-01 13:00:00,11,0.0174157197384976,0.0174157197384977,0.017415719738497648,-1.0061396160665481e-16,1.0061396160665481e-16,5.777188961783572e-15,99.9999825841061,1.7415893897436675e-07,0,0,0
2026-01-01 13:00:00,12,0.0149910450700597,0.0149910450700597,0.0149910450700597,0.0,0.0,0.0,99.99998500880501,1.4991194982009558e-07,0,0,0
2026-01-01 13:00:00,13,0.0100372112652624,0.0100372112652624,0.0100372112652624,0.0,0.0,0.0,99.99998996268836,1.0037311638378866e-07,0,0,0
2026-01-01 13:00:00,14,0.0079294452543873,0.0079294452543873,0.0079294452543873,0.0,0.0,0.0,99.99999207047546,7.929524549632805e-08,0,0,0
2026-01-01 13:00:00,15,0.0057035125239966,0.0057035125239966,0.0057035125239966,0.0,0.0,0.0,99.99999429643044,5.703569559692214e-08,0,0,0
2026-01-01 13:00:00,16,0.0034776570170525,0.0034776570170525,0.0034776570170525,0.0,0.0,0.0,99.99999652230821,3.477691793970534e-08,0,0,0
2026-01-01 13:00:00,17,0.0121049672536419,0.0121049672536419,0.0121049672536419,0.0,0.0,0.0,99.9999878949117,1.2105088304524987e-07,0,0,0
2026-01-01 13:00:00,18,0.0098391828995009,0.0098391828995009,0.0098391828995009,0.0,0.0,0.0,99.99999016071871,9.839281292313831e-08,0,0,0
2026-01-01 13:00:00,19,0.0065610835776863,0.0065610835776863,0.0065610835776863,0.0,0.0,0.0,99.99999343885081,6.561149189178276e-08,0,0,0
2026-01-01 13:00:00,20,0.0032813030290179,0.0032813030290179,0.0032813030290179,0.0,0.0,0.0,99.99999671866416,3.2813358423763555e-08,0,0,0
2026-01-01 13:00:00,21,0.0349346502699971,0.0349346502699971,0.0349346502699971,0.0,0.0,0.0,99.99996506500038,3.4934999619993363e-07,0,0,0
2026-01-01 13:00:00,22,0.031478311313692,0.031478311313692,0.031478311313692,0.0,0.0,0.0,99.9999685213739,3.1478626099953087e-07,0,0,0
2026-01-01 13:00:00,23,0.015758390591392,0.015758390591392,0.015758390591392,0.0,0.0,0.0,99.99998424145183,1.5758548176873858e-07,0,0,0
2026-01-01 13:00:00,24,0.0463542466585038,0.0463542466585038,0.0463542466585038,0.0,0.0,0.0,99.99995364528979,4.635471020560592e-07,0,0,0
2026-01-01 13:00:00,25,0.0443065500873389,0.0443065500873389,0.0443065500873389,0.0,0.0,0.0,99.99995569300684,4.4306993157270547e-07,0,0,0
2026-01-01 13:00:00,26,0.0422748589201787,0.0422748589201787,0.0422748589201787,0.0,0.0,0.0,99.99995772471833,4.2275281672995467e-07,0,0,0
2026-01-01 13:00:00,27,0.0403820935537311,0.0403820935537312,0.04038209355373115,-1.0408340855860843e-16,1.0408340855860843e-16,2.577463762384696e-15,99.99995961750263,4.0382497378704995e-07,0,0,0
2026-01-01 13:00:00,28,0.0358413951380242,0.0358413951380242,0.0358413951380242,0.0,0.0,0.0,99.99996415824644,3.584175355555984e-07,0,0,0
2026-01-01 13:00:00,29,0.0165301156781747,0.0165301156781747,0.0165301156781747,0.0,0.0,0.0,99.99998346971901,1.65302809809846e-07,0,0,0
2026-01-01 13:00:00,30,0.0107091831413664,0.0107091831413664,0.0107091831413664,0.0,0.0,0.0,99.99998929070976,1.0709290234268812e-07,0,0,0
2026-01-01 13:00:00,31,0.002539563104666,0.002539563104666,0.002539563104666,0.0,0.0,0.0,99.99999746041149,2.5395885005510367e-08,0,0,0
2026-01-01 13:00:00,32,0.0,0.0,0.0,0.0,0.0,0.0,100.0,0.0,0,0,0
2026-01-01 13:00:00,33,0.0,0.0,0.0,0.0,0.0,0.0,100.0,0.0,0,0,0
2026-01-01 13:00:00,34,0.0,0.0,0.0,0.0,0.0,0.0,100.0,0.0,0,0,0
2026-01-01 13:00:00,35,0.0,0.0,0.0,0.0,0.0,0.0,100.0,0.0,0,0,0
2026-01-01 13:00:00,36,0.0,0.0,0.0,0.0,0.0,0.0,100.0,0.0,0,0,0
2026-01-01 13:15:00,0,0.1405140924473578,0.1405140924473578,0.1405140924473578,0.0,0.0,0.0,99.9998594845024,1.405154976023e-06,0,0,0
2026-01-01 13:15:00,1,0.1404197884362616,0.1404197884362616,0.1404197884362616,0.0,0.0,0.0,99.99985957880735,1.404211926481e-06,0,0,0
2026-01-01 13:15:00,2,0.1006740318947371,0.1006740318947371,0.1006740318947371,0.0,0.0,0.0,99.99989932496136,1.006750386451e-06,0,0,0
2026-01-01 13:15:00,3,0.0955693996498647,0.0955693996498647,0.0955693996498647,0.0,0.0,0.0,99.99990442964464,9.557035535341823e-07,0,0,0
2026-01-01 13:15:00,4,0.0932111742646206,0.0932111742646206,0.0932111742646206,0.0,0.0,0.0,99.99990678789361,9.321210638568449e-07,0,0,0
2026-01-01 13:15:00,5,0.0436656489748243,0.0436656489748243,0.0436656489748243,0.0,0.0,0.0,99.99995633391437,4.366608563568071e-07,0,0,0
2026-01-01 13:15:00,6,0.0355683703157556,0.0355683703157556,0.0355683703157556,0.0,0.0,0.0,99.999964431274,3.55687260030157e-07,0,0,0
2026-01-01 13:15:00,7,0.0274414147431454,0.0274414147431454,0.0274414147431454,0.0,0.0,0.0,99.99997255831084,2.7441689160037054e-07,0,0,0
2026-01-01 13:15:00,8,0.0251462368490007,0.0251462368490007,0.0251462368490007,0.0,0.0,0.0,99.99997485351169,2.514648831388391e-07,0,0,0
2026-01-01 13:15:00,9,0.0228434656730224,0.0228434656730224,0.0228434656730224,0.0,0.0,0.0,99.99997715630589,2.2843694109963558e-07,0,0,0
2026-01-01 13:15:00,10,0.020876419600411,0.020876419600411,0.020876419600411,0.0,0.0,0.0,99.99997912337163,2.0876628366694704e-07,0,0,0
2026-01-01 13:15:00,11,0.0183329463878965,0.0183329463878965,0.0183329463878965,0.0,0.0,0.0,99.99998166687028,1.833312971919377e-07,0,0,0
2026-01-01 13:15:00,12,0.015781006736886,0.015781006736886,0.015781006736886,0.0,0.0,0.0,99.99998421883545,1.5781164548531538e-07,0,0,0
2026-01-01 13:15:00,13,0.010566645376698,0.010566645376698,0.010566645376698,0.0,0.0,0.0,99.99998943324896,1.0566751044208501e-07,0,0,0
2026-01-01 13:15:00,14,0.0083479459924359,0.0083479459924359,0.0083479459924359,0.0,0.0,0.0,99.99999165197053,8.348029472730693e-08,0,0,0
2026-01-01 13:15:00,15,0.0060047083166585,0.0060047083166585,0.0060047083166585,0.0,0.0,0.0,99.99999399523163,6.00476836434216e-08,0,0,0
2026-01-01 13:15:00,16,0.0036613454486837,0.0036613454486837,0.0036613454486837,0.0,0.0,0.0,99.99999633861793,3.661382062504383e-08,0,0,0
2026-01-01 13:15:00,17,0.0103148221576555,0.0103148221576555,0.0103148221576555,0.0,0.0,0.0,99.9999896850747,1.0314925306908575e-07,0,0,0
2026-01-01 13:15:00,18,0.0103265831411032,0.0103265831411032,0.0103265831411032,0.0,0.0,0.0,99.99998967331359,1.0326686407967338e-07,0,0,0
2026-01-01 13:15:00,19,0.0068861830248495,0.0068861830248495,0.0068861830248495,0.0,0.0,0.0,99.99999311374812,6.886251887368436e-08,0,0,0
2026-01-01 13:15:00,20,0.0034439303687839,0.0034439303687839,0.0034439303687839,0.0,0.0,0.0,99.99999655603519,3.443964808432008e-08,0,0,0
2026-01-01 13:15:00,21,0.0366921226150012,0.0366921226150012,0.0366921226150012,0.0,0.0,0.0,99.99996330751046,3.6692489539896636e-07,0,0,0
2026-01-01 13:15:00,22,0.0330629182123309,0.0330629182123309,0.0330629182123309,0.0,0.0,0.0,99.99996693675115,3.3063248844819363e-07,0,0,0
2026-01-01 13:15:00,23,0.0165527042117296,0.0165527042117296,0.0165527042117296,0.0,0.0,0.0,99.99998344713026,1.6552869740427026e-07,0,0,0
2026-01-01 13:15:00,24,0.0487826233213328,0.0487826233213328,0.0487826233213328,0.0,0.0,0.0,99.99995121688885,4.878311115244433e-07,0,0,0
2026-01-01 13:15:00,25,0.0466297131073615,0.0466297131073615,0.0466297131073615,0.0,0.0,0.0,99.99995336982059,4.663017940915561e-07,0,0,0
2026-01-01 13:15:00,26,0.0444934115146404,0.0444934115146404,0.0444934115146404,0.0,0.0,0.0,99.99995550614355,4.4493856453204976e-07,0,0,0
2026-01-01 13:15:00,27,0.0425022638862255,0.0425022638862255,0.0425022638862255,0.0,0.0,0.0,99.99995749731109,4.250268891311469e-07,0,0,0
2026-01-01 13:15:00,28,0.0377240910598883,0.0377240910598883,0.0377240910598883,0.0,0.0,0.0,99.9999622755317,3.7724468304571405e-07,0,0,0
2026-01-01 13:15:00,29,0.0174002298022823,0.0174002298022823,0.0174002298022823,0.0,0.0,0.0,99.9999825995962,1.7400403806320396e-07,0,0,0
2026-01-01 13:15:00,30,0.0112730602255305,0.0112730602255305,0.0112730602255305,0.0,0.0,0.0,99.99998872682704,1.1273172957260071e-07,0,0,0
2026-01-01 13:15:00,31,0.0026733050918167,0.0026733050918167,0.0026733050918167,0.0,0.0,0.0,99.99999732666818,2.6733318251350493e-08,0,0,0
2026-01-01 13:15:00,32,0.0,0.0,0.0,0.0,0.0,0.0,100.0,0.0,0,0,0
2026-01-01 13:15:00,33,0.0,0.0,0.0,0.0,0.0,0.0,100.0,0.0,0,0,0
2026-01-01 13:15:00,34,0.0,0.0,0.0,0.0,0.0,0.0,100.0,0.0,0,0,0
2026-01-01 13:15:00,35,0.0,0.0,0.0,0.0,0.0,0.0,100.0,0.0,0,0,0
2026-01-01 13:15:00,36,0.0,0.0,0.0,0.0,0.0,0.0,100.0,0.0,0,0,0
2026-01-01 13:30:00,0,0.1419286532494421,0.1419286532494421,0.1419286532494421,0.0,0.0,0.0,99.99985806992746,1.419300725501e-06,0,0,0
2026-01-01 13:30:00,1,0.1408752203643167,0.1408752203643166,0.14087522036431666,1.1102230246251565e-16,1.1102230246251565e-16,7.88089589457291e-16,99.99985912337087,1.408766291306e-06,0,0,0
2026-01-01 13:30:00,2,0.1010038997110592,0.1010038997110592,0.1010038997110592,0.0,0.0,0.0,99.99989899509023,1.010049097601e-06,0,0,0
2026-01-01 13:30:00,3,0.0958831739282054,0.0958831739282054,0.0958831739282054,0.0,0.0,0.0,99.99990411586722,9.588413276953312e-07,0,0,0
2026-01-01 13:30:00,4,0.0935174713708391,0.0935174713708391,0.0935174713708391,0.0,0.0,0.0,99.99990648159344,9.351840655490472e-07,0,0,0
2026-01-01 13:30:00,5,0.0438086914951924,0.0438086914951924,0.0438086914951924,0.0,0.0,0.0,99.9999561908704,4.380912958648829e-07,0,0,0
2026-01-01 13:30:00,6,0.0356852595386329,0.0356852595386329,0.0356852595386329,0.0,0.0,0.0,99.9999643143836,3.568561639479691e-07,0,0,0
2026-01-01 13:30:00,7,0.0275319477353073,0.0275319477353073,0.0275319477353073,0.0,0.0,0.0,99.99997246777694,2.7532223057537974e-07,0,0,0
2026-01-01 13:30:00,8,0.0252292900668465,0.0252292900668465,0.0252292900668465,0.0,0.0,0.0,99.99997477045764,2.5229542362270127e-07,0,0,0
2026-01-01 13:30:00,9,0.0229189769702385,0.0229189769702385,0.0229189769702385,0.0,0.0,0.0,99.99997708079384,2.2919206162300212e-07,0,0,0
2026-01-01 13:30:00,10,0.0209454804726195,0.0209454804726195,0.0209454804726195,0.0,0.0,0.0,99.99997905431007,2.0945689929518817e-07,0,0,0
2026-01-01 13:30:00,11,0.0183936564506124,0.0183936564506124,0.0183936564506124,0.0,0.0,0.0,99.99998160615961,1.8393840389016365e-07,0,0,0
2026-01-01 13:30:00,12,0.0158332950515368,0.0158332950515368,0.0158332950515368,0.0,0.0,0.0,99.99998416654661,1.5833453386070715e-07,0,0,0
2026-01-01 13:30:00,13,0.0106016912089441,0.0106016912089441,0.0106016912089441,0.0,0.0,0.0,99.99998939820277,1.0601797226916459e-07,0,0,0
2026-01-01 13:30:00,14,0.0083756495890481,0.0083756495890481,0.0083756495890481,0.0,0.0,0.0,99.99999162426666,8.375733346381641e-08,0,0,0
2026-01-01 13:30:00,15,0.0060246473627137,0.0060246473627137,0.0060246473627137,0.0,0.0,0.0,99.99999397529238,6.024707609789833e-08,0,0,0
2026-01-01 13:30:00,16,0.0036735057005642,0.0036735057005642,0.0036735057005642,0.0,0.0,0.0,99.99999632645756,3.673542435988612e-08,0,0,0
2026-01-01 13:30:00,17,0.0093699002074149,0.0093699002074149,0.0093699002074149,0.0,0.0,0.0,99.9999906300061,9.369993907354018e-08,0,0,0
2026-01-01 13:30:00,18,0.0103589649612796,0.0103589649612797,0.01035896496127965,-1.0061396160665481e-16,1.0061396160665481e-16,9.712733352743372e-15,99.99998964093145,1.035906855196522e-07,0,0,0
2026-01-01 13:30:00,19,0.0069077822824987,0.0069077822824987,0.0069077822824987,0.0,0.0,0.0,99.99999309214864,6.907851361012324e-08,0,0,0
2026-01-01 13:30:00,20,0.003454735319063,0.003454735319063,0.003454735319063,0.0,0.0,0.0,99.99999654523013,3.454769866761739e-08,0,0,0
2026-01-01 13:30:00,21,0.0368081284433739,0.0368081284433739,0.0368081284433739,0.0,0.0,0.0,99.99996319150347,3.6808496528339267e-07,0,0,0
2026-01-01 13:30:00,22,0.0331675174334411,0.0331675174334411,0.0331675174334411,0.0,0.0,0.0,99.99996683215089,3.3167849111932285e-07,0,0,0
2026-01-01 13:30:00,23,0.0166051403950072,0.0166051403950072,0.0166051403950072,0.0,0.0,0.0,99.99998339469356,1.6605306448071735e-07,0,0,0
2026-01-01 13:30:00,24,0.0489433030117027,0.0489433030117027,0.0489433030117027,0.0,0.0,0.0,99.99995105620755,4.894379244962729e-07,0,0,0
2026-01-01 13:30:00,25,0.046783439181105,0.046783439181105,0.046783439181105,0.0,0.0,0.0,99.99995321609298,4.6783907020175287e-07,0,0,0
2026-01-01 13:30:00,26,0.0446402229656918,0.0446402229656917,0.04464022296569175,9.71445146547012e-17,9.71445146547012e-17,2.1761650466600723e-15,99.99995535933063,4.464066937238553e-07,0,0,0
2026-01-01 13:30:00,27,0.0426425687194292,0.0426425687194292,0.0426425687194292,0.0,0.0,0.0,99.99995735700485,4.2642995149380763e-07,0,0,0
2026-01-01 13:30:00,28,0.037848684456888,0.0378486844568881,0.03784868445688805,-9.71445146547012e-17,9.71445146547012e-17,2.5666543073329662e-15,99.99996215093705,3.7849062947517574e-07,0,0,0
2026-01-01 13:30:00,29,0.0174578196443703,0.0174578196443703,0.0174578196443703,0.0,0.0,0.0,99.99998254200578,1.745799422431256e-07,0,0,0
2026-01-01 13:30:00,30,0.0113103819669949,0.0113103819669949,0.0113103819669949,0.0,0.0,0.0,99.99998868950493,1.1310495071945701e-07,0,0,0
2026-01-01 13:30:00,31,0.0026821572698615,0.0026821572698615,0.0026821572698615,0.0,0.0,0.0,99.99999731781591,2.6821840917024248e-08,0,0,0
2026-01-01 13:30:00,32,0.0,0.0,0.0,0.0,0.0,0.0,100.0,0.0,0,0,0
2026-01-01 13:30:00,33,0.0,0.0,0.0,0.0,0.0,0.0,100.0,0.0,0,0,0
2026-01-01 13:30:00,34,0.0,0.0,0.0,0.0,0.0,0.0,100.0,0.0,0,0,0
2026-01-01 13:30:00,35,0.0,0.0,0.0,0.0,0.0,0.0,100.0,0.0,0,0,0
2026-01-01 13:30:00,36,0.0,0.0,0.0,0.0,0.0,0.0,100.0,0.0,0,0,0
2026-01-01 13:45:00,0,0.1440998789015125,0.1440998789015125,0.1440998789015125,0.0,0.0,0.0,99.99985589868008,1.441013199147e-06,0,0,0
2026-01-01 13:45:00,1,0.1414528407673873,0.1414528407673873,0.1414528407673873,0.0,0.0,0.0,99.99985854574469,1.4145425530989998e-06,0,0,0
2026-01-01 13:45:00,2,0.1014223073108482,0.1014223073108482,0.1014223073108482,0.0,0.0,0.0,99.99989857667846,1.01423321544e-06,0,0,0
2026-01-01 13:45:00,3,0.0962811755743129,0.0962811755743129,0.0962811755743129,0.0,0.0,0.0,99.9999037178616,9.628213839569692e-07,0,0,0
2026-01-01 13:45:00,4,0.0939059917793417,0.0939059917793417,0.0939059917793417,0.0,0.0,0.0,99.99990609306916,9.39069308486502e-07,0,0,0
2026-01-01 13:45:00,5,0.0439901275094457,0.0439901275094457,0.0439901275094457,0.0,0.0,0.0,99.99995600943258,4.399056741511987e-07,0,0,0
2026-01-01 13:45:00,6,0.0358335269696929,0.0358335269696929,0.0358335269696929,0.0,0.0,0.0,99.9999641661147,3.5833885308546053e-07,0,0,0
2026-01-01 13:45:00,7,0.0276467879014101,0.0276467879014101,0.0276467879014101,0.0,0.0,0.0,99.99997235293563,2.764706437205388e-07,0,0,0
2026-01-01 13:45:00,8,0.0253346433048044,0.0253346433048044,0.0253346433048044,0.0,0.0,0.0,99.99997466510335,2.533489665377101e-07,0,0,0
2026-01-01 13:45:00,9,0.0230147640155254,0.0230147640155254,0.0230147640155254,0.0,0.0,0.0,99.99997698500583,2.3014994165467142e-07,0,0,0
2026-01-01 13:45:00,10,0.0210330856855537,0.0210330856855537,0.0210330856855537,0.0,0.0,0.0,99.99997896670398,2.1033296018513985e-07,0,0,0
2026-01-01 13:45:00,11,0.0184706692261723,0.0184706692261723,0.0184706692261723,0.0,0.0,0.0,99.99998152914607,1.8470853934711681e-07,0,0,0
2026-01-01 13:45:00,12,0.0158996248813983,0.0158996248813983,0.0158996248813983,0.0,0.0,0.0,99.99998410021612,1.5899783879237171e-07,0,0,0
2026-01-01 13:45:00,13,0.0106461486747246,0.0106461486747246,0.0106461486747246,0.0,0.0,0.0,99.99998935374487,1.0646255137275975e-07,0,0,0
2026-01-01 13:45:00,14,0.0084107932464328,0.0084107932464328,0.0084107932464328,0.0,0.0,0.0,99.99999158912264,8.410877355206386e-08,0,0,0
2026-01-01 13:45:00,15,0.0060499413580602,0.0060499413580602,0.0060499413580602,0.0,0.0,0.0,99.99999394999814,6.050001858078783e-08,0,0,0
2026-01-01 13:45:00,16,0.0036889318178783,0.0036889318178783,0.0036889318178783,0.0,0.0,0.0,99.9999963110313,3.688968707565391e-08,0,0,0
2026-01-01 13:45:00,17,0.0079234095405464,0.0079234095405464,0.0079234095405464,0.0,0.0,0.0,99.99999207651122,7.92348877543421e-08,0,0,0
2026-01-01 13:45:00,18,0.0104001291849051,0.0104001291849051,0.0104001291849051,0.0,0.0,0.0,99.9999895997668,1.0400233187236976e-07,0,0,0
2026-01-01 13:45:00,19,0.0069352396435676,0.0069352396435676,0.0069352396435676,0.0,0.0,0.0,99.999993064691,6.93530899665763e-08,0,0,0
2026-01-01 13:45:00,20,0.0034684708027122,0.0034684708027122,0.0034684708027122,0.0,0.0,0.0,99.99999653149452,3.468505487767103e-08,0,0,0
2026-01-01 13:45:00,21,0.0369552225279604,0.0369552225279604,0.0369552225279604,0.0,0.0,0.0,99.99996304440792,3.6955592083881266e-07,0,0,0
2026-01-01 13:45:00,22,0.0333001488182116,0.0333001488182116,0.0333001488182116,0.0,0.0,0.0,99.99996669951818,3.330048182302985e-07,0,0,0
2026-01-01 13:45:00,23,0.0166716300359064,0.0166716300359064,0.0166716300359064,0.0,0.0,0.0,99.99998332820324,1.6671796753874026e-07,0,0,0
2026-01-01 13:45:00,24,0.0491471204637337,0.0491471204637337,0.0491471204637337,0.0,0.0,0.0,99.99995085238805,4.91476119398531e-07,0,0,0
2026-01-01 13:45:00,25,0.046978437780415,0.046978437780415,0.046978437780415,0.0,0.0,0.0,99.99995302109242,4.6978907569490774e-07,0,0,0
2026-01-01 13:45:00,26,0.0448264520092069,0.0448264520092069,0.0448264520092069,0.0,0.0,0.0,99.99995517309972,4.482690027820977e-07,0,0,0
2026-01-01 13:45:00,27,0.0428205449197784,0.0428205449197783,0.04282054491977835,1.0408340855860843e-16,1.0408340855860843e-16,2.430687989765712e-15,99.99995717902686,4.28209731295097e-07,0,0,0
2026-01-01 13:45:00,28,0.0380067314527773,0.0380067314527773,0.0380067314527773,0.0,0.0,0.0,99.99996199288847,3.8007111523892614e-07,0,0,0
2026-01-01 13:45:00,29,0.0175308739330477,0.0175308739330477,0.0175308739330477,0.0,0.0,0.0,99.99998246895076,1.7531049243540192e-07,0,0,0
2026-01-01 13:45:00,30,0.0113577257445053,0.0113577257445053,0.0113577257445053,0.0,0.0,0.0,99.99998864216067,1.1357839322898592e-07,0,0,0
2026-01-01 13:45:00,31,0.0026933865494982,0.0026933865494982,0.0026933865494982,0.0,0.0,0.0,99.99999730658652,2.6934134836330502e-08,0,0,0
2026-01-01 13:45:00,32,0.0,0.0,0.0,0.0,0.0,0.0,100.0,0.0,0,0,0
2026-01-01 13:45:00,33,0.0,0.0,0.0,0.0,0.0,0.0,100.0,0.0,0,0,0
2026-01-01 13:45:00,34,0.0,0.0,0.0,0.0,0.0,0.0,100.0,0.0,0,0,0
2026-01-01 13:45:00,35,0.0,0.0,0.0,0.0,0.0,0.0,100.0,0.0,0,0,0
2026-01-01 13:45:00,36,0.0,0.0,0.0,0.0,0.0,0.0,100.0,0.0,0,0,0
2026-01-01 14:00:00,0,0.1494624956949033,0.1494624956949032,0.14946249569490325,1.1102230246251565e-16,1.1102230246251565e-16,7.428103921203131e-16,99.99985053600966,1.494639903348e-06,0,0,0
2026-01-01 14:00:00,1,0.1449946048017928,0.1449946048017928,0.1449946048017928,0.0,0.0,0.0,99.99985500394524,1.449960547623e-06,0,0,0
2026-01-01 14:00:00,2,0.1039885127358415,0.1039885127358416,0.10398851273584156,-9.71445146547012e-17,9.71445146547012e-17,9.341849667532446e-16,99.99989601044737,1.039895526313e-06,0,0,0
2026-01-01 14:00:00,3,0.0987223511102601,0.09872235111026,0.09872235111026005,1.1102230246251565e-16,1.1102230246251565e-16,1.1245912396535786e-15,99.99990127666166,9.872333834364355e-07,0,0,0
2026-01-01 14:00:00,4,0.0962890662488022,0.0962890662488022,0.0962890662488022,0.0,0.0,0.0,99.99990370997085,9.629002914909376e-07,0,0,0
2026-01-01 14:00:00,5,0.0451029139091323,0.0451029139091323,0.0451029139091323,0.0,0.0,0.0,99.99995489663506,4.510336494278175e-07,0,0,0
2026-01-01 14:00:00,6,0.0367429596475631,0.0367429596475631,0.0367429596475631,0.0,0.0,0.0,99.99996325667291,3.6743327080833943e-07,0,0,0
2026-01-01 14:00:00,7,0.0283512592011994,0.0283512592011994,0.0283512592011994,0.0,0.0,0.0,99.99997164845729,2.835154271662663e-07,0,0,0
2026-01-01 14:00:00,8,0.0259809374508037,0.0259809374508037,0.0259809374508037,0.0,0.0,0.0,99.99997401880273,2.5981197262776423e-07,0,0,0
2026-01-01 14:00:00,9,0.0236023871982428,0.0236023871982428,0.0236023871982428,0.0,0.0,0.0,99.99997639737677,2.3602623224475138e-07,0,0,0
2026-01-01 14:00:00,10,0.0215705267321269,0.0215705267321269,0.0215705267321269,0.0,0.0,0.0,99.99997842925757,2.1570742439551324e-07,0,0,0
2026-01-01 14:00:00,11,0.0189431409218772,0.0189431409218772,0.0189431409218772,0.0,0.0,0.0,99.99998105666964,1.894333035518082e-07,0,0,0
2026-01-01 14:00:00,12,0.0163065630493988,0.0163065630493988,0.0163065630493988,0.0,0.0,0.0,99.99998369327389,1.6306726116660027e-07,0,0,0
2026-01-01 14:00:00,13,0.0109189056587926,0.0109189056587926,0.0109189056587926,0.0,0.0,0.0,99.99998908098515,1.0919014848941169e-07,0,0,0
2026-01-01 14:00:00,14,0.0086264112953267,0.0086264112953267,0.0086264112953267,0.0,0.0,0.0,99.99999137350244,8.626497560302311e-08,0,0,0
2026-01-01 14:00:00,15,0.0062051309301085,0.0062051309301085,0.0062051309301085,0.0,0.0,0.0,99.99999379480701,6.205192982038385e-08,0,0,0
2026-01-01 14:00:00,16,0.0037835782328501,0.0037835782328501,0.0037835782328501,0.0,0.0,0.0,99.99999621638393,3.78361606901083e-08,0,0,0
2026-01-01 14:00:00,17,0.006774101977246,0.006774101977246,0.006774101977246,0.0,0.0,0.0,99.99999322583028,6.774169718943267e-08,0,0,0
2026-01-01 14:00:00,18,0.0106499727468976,0.0106499727468976,0.0106499727468976,0.0,0.0,0.0,99.99998934992075,1.065007924769013e-07,0,0,0
2026-01-01 14:00:00,19,0.0071018909287229,0.0071018909287229,0.0071018909287229,0.0,0.0,0.0,99.99999289803804,7.101961948342478e-08,0,0,0
2026-01-01 14:00:00,20,0.0035518380310002,0.0035518380310002,0.0035518380310002,0.0,0.0,0.0,99.99999644812645,3.551873549735759e-08,0,0,0
2026-01-01 14:00:00,21,0.0378565417867382,0.0378565417867382,0.0378565417867382,0.0,0.0,0.0,99.99996214307964,3.7856920355941825e-07,0,0,0
2026-01-01 14:00:00,22,0.0341128604031312,0.0341128604031312,0.0341128604031312,0.0,0.0,0.0,99.99996588679846,3.41132015351466e-07,0,0,0
2026-01-01 14:00:00,23,0.0170790647112982,0.0170790647112982,0.0170790647112982,0.0,0.0,0.0,99.9999829207645,1.7079235503653322e-07,0,0,0
2026-01-01 14:00:00,24,0.0503973569061193,0.0503973569061193,0.0503973569061193,0.0,0.0,0.0,99.99994960213911,5.039786088472825e-07,0,0,0
2026-01-01 14:00:00,25,0.0481746065906002,0.0481746065906002,0.0481746065906002,0.0,0.0,0.0,99.99995182491166,4.817508834148363e-07,0,0,0
2026-01-01 14:00:00,26,0.0459688524466824,0.0459688524466824,0.0459688524466824,0.0,0.0,0.0,99.99995403068786,4.5969312139803894e-07,0,0,0
2026-01-01 14:00:00,27,0.0439123323618371,0.043912332361837,0.04391233236183705,9.71445146547012e-17,9.71445146547012e-17,2.2122371394864732e-15,99.99995608722851,4.3912771489552e-07,0,0,0
2026-01-01 14:00:00,28,0.0389762769311663,0.0389762769311663,0.0389762769311663,0.0,0.0,0.0,99.9999610233333,3.8976666697833285e-07,0,0,0
2026-01-01 14:00:00,29,0.0179790537221792,0.0179790537221792,0.0179790537221792,0.0,0.0,0.0,99.99998202076648,1.79792335145144e-07,0,0,0
2026-01-01 14:00:00,30,0.0116481767893696,0.0116481767893696,0.0116481767893696,0.0,0.0,0.0,99.99998835170673,1.1648293272302363e-07,0,0,0
2026-01-01 14:00:00,31,0.0027622778106946,0.0027622778106946,0.0027622778106946,0.0,0.0,0.0,99.99999723769457,2.762305433749032e-08,0,0,0
2026-01-01 14:00:00,32,0.0,0.0,0.0,0.0,0.0,0.0,100.0,0.0,0,0,0
2026-01-01 14:00:00,33,0.0,0.0,0.0,0.0,0.0,0.0,100.0,0.0,0,0,0
2026-01-01 14:00:00,34,0.0,0.0,0.0,0.0,0.0,0.0,100.0,0.0,0,0,0
2026-01-01 14:00:00,35,0.0,0.0,0.0,0.0,0.0,0.0,100.0,0.0,0,0,0
2026-01-01 14:00:00,36,0.0,0.0,0.0,0.0,0.0,0.0,100.0,0.0,0,0,0
2026-01-01 14:15:00,0,0.1616353602013168,0.1616353602013168,0.1616353602013168,0.0,0.0,0.0,99.99983836302343,1.61636976571e-06,0,0,0
2026-01-01 14:15:00,1,0.1560790795992815,0.1560790795992815,0.1560790795992815,0.0,0.0,0.0,99.99984391935959,1.560806404056e-06,0,0,0
2026-01-01 14:15:00,2,0.1120287529883184,0.1120287529883184,0.1120287529883184,0.0,0.0,0.0,99.99988797012671,1.12029873287e-06,0,0,0
2026-01-01 14:15:00,3,0.1063725062102168,0.1063725062102168,0.1063725062102168,0.0,0.0,0.0,99.99989362643005,1.063735699459e-06,0,0,0
2026-01-01 14:15:00,4,0.1037578399596224,0.1037578399596224,0.1037578399596224,0.0,0.0,0.0,99.99989624112246,1.0375887754829999e-06,0,0,0
2026-01-01 14:15:00,5,0.0485892942696873,0.0485892942696873,0.0485892942696873,0.0,0.0,0.0,99.99995141021984,4.858978016748906e-07,0,0,0
2026-01-01 14:15:00,6,0.0395932328093276,0.0395932328093276,0.0395932328093276,0.0,0.0,0.0,99.99996040637126,3.959362874561506e-07,0,0,0
2026-01-01 14:15:00,7,0.0305601103889007,0.0305601103889007,0.0305601103889007,0.0,0.0,0.0,99.999969439584,3.0560415993060644e-07,0,0,0
2026-01-01 14:15:00,8,0.0280076265122451,0.0280076265122451,0.0280076265122451,0.0,0.0,0.0,99.9999719920934,2.8007906591311083e-07,0,0,0
2026-01-01 14:15:00,9,0.0254452663611883,0.0254452663611883,0.0254452663611883,0.0,0.0,0.0,99.99997455447918,2.544552081639648e-07,0,0,0
2026-01-01 14:15:00,10,0.0232561686342157,0.0232561686342157,0.0232561686342157,0.0,0.0,0.0,99.99997674359881,2.3256401198227722e-07,0,0,0
2026-01-01 14:15:00,11,0.0204251846946117,0.0204251846946117,0.0204251846946117,0.0,0.0,0.0,99.99997957461105,2.0425388948501193e-07,0,0,0
2026-01-01 14:15:00,12,0.0175831220405276,0.0175831220405276,0.0175831220405276,0.0,0.0,0.0,99.99998241670212,1.7583297873506362e-07,0,0,0
2026-01-01 14:15:00,13,0.0117746360686432,0.0117746360686432,0.0117746360686432,0.0,0.0,0.0,99.99998822524618,1.1774753816181368e-07,0,0,0
2026-01-01 14:15:00,14,0.0093029230764239,0.0093029230764239,0.0093029230764239,0.0,0.0,0.0,99.9999906969839,9.303016106585024e-08,0,0,0
2026-01-01 14:15:00,15,0.0066920780066007,0.0066920780066007,0.0066920780066007,0.0,0.0,0.0,99.99999330785508,6.692144928050005e-08,0,0,0
2026-01-01 14:15:00,16,0.0040805626146178,0.0040805626146178,0.0040805626146178,0.0,0.0,0.0,99.99999591939658,4.080603420652011e-08,0,0,0
2026-01-01 14:15:00,17,0.0068273859625285,0.0068273859625285,0.0068273859625285,0.0,0.0,0.0,99.99999317254576,6.827454237070913e-08,0,0,0
2026-01-01 14:15:00,18,0.0114270153141684,0.0114270153141684,0.0114270153141684,0.0,0.0,0.0,99.99998857287042,1.1427129585464296e-07,0,0,0
2026-01-01 14:15:00,19,0.0076202090771515,0.0076202090771515,0.0076202090771515,0.0,0.0,0.0,99.99999237971473,7.6202852800044e-08,0,0,0
2026-01-01 14:15:00,20,0.0038111326465627,0.0038111326465627,0.0038111326465627,0.0,0.0,0.0,99.99999618882924,3.8111707582703816e-08,0,0,0
2026-01-01 14:15:00,21,0.0406693339381851,0.0406693339381851,0.0406693339381851,0.0,0.0,0.0,99.99995933025936,4.0669740635591496e-07,0,0,0
2026-01-01 14:15:00,22,0.0366492965145153,0.0366492965145152,0.03664929651451525,1.0408340855860843e-16,1.0408340855860843e-16,2.8399830298940366e-15,99.99996335033698,3.6649663011145414e-07,0,0,0
2026-01-01 14:15:00,23,0.0183508221554399,0.0183508221554399,0.0183508221554399,0.0,0.0,0.0,99.99998164899434,1.8351005665496645e-07,0,0,0
2026-01-01 14:15:00,24,0.0543167333148195,0.0543167333148195,0.0543167333148195,0.0,0.0,0.0,99.9999456827235,5.431727648758447e-07,0,0,0
2026-01-01 14:15:00,25,0.0519248548286308,0.0519248548286308,0.0519248548286308,0.0,0.0,0.0,99.99994807462592,5.192537408237163e-07,0,0,0
2026-01-01 14:15:00,26,0.0495508695301519,0.0495508695301519,0.0495508695301519,0.0,0.0,0.0,99.99995044863496,4.955136504380237e-07,0,0,0
2026-01-01 14:15:00,27,0.04733582357692,0.04733582357692,0.04733582357692,0.0,0.0,0.0,99.99995266370306,4.733629693988945e-07,0,0,0
2026-01-01 14:15:00,28,0.042016626016186,0.042016626016186,0.042016626016186,0.0,0.0,0.0,99.99995798295382,4.2017046186647957e-07,0,0,0
2026-01-01 14:15:00,29,0.0193848113923981,0.0193848113923981,0.0193848113923981,0.0,0.0,0.0,99.99998061499475,1.9385005242450568e-07,0,0,0
2026-01-01 14:15:00,30,0.0125592340976947,0.0125592340976947,0.0125592340976947,0.0,0.0,0.0,99.99998744064031,1.2559359691291623e-07,0,0,0
2026-01-01 14:15:00,31,0.0029783734930389,0.0029783734930389,0.0029783734930389,0.0,0.0,0.0,99.99999702159673,2.9784032770717182e-08,0,0,0
2026-01-01 14:15:00,32,0.0,0.0,0.0,0.0,0.0,0.0,100.0,0.0,0,0,0
2026-01-01 14:15:00,33,0.0,0.0,0.0,0.0,0.0,0.0,100.0,0.0,0,0,0
2026-01-01 14:15:00,34,0.0,0.0,0.0,0.0,0.0,0.0,100.0,0.0,0,0,0
2026-01-01 14:15:00,35,0.0,0.0,0.0,0.0,0.0,0.0,100.0,0.0,0,0,0
2026-01-01 14:15:00,36,0.0,0.0,0.0,0.0,0.0,0.0,100.0,0.0,0,0,0
2026-01-01 14:30:00,0,0.1506686855296569,0.1506686855296569,0.1506686855296569,0.0,0.0,0.0,99.99984932980777,1.506701922315e-06,0,0,0
2026-01-01 14:30:00,1,0.1457686181843575,0.1457686181843575,0.1457686181843575,0.0,0.0,0.0,99.99985422992411,1.457700758851e-06,0,0,0
2026-01-01 14:30:00,2,0.1045495137995416,0.1045495137995416,0.1045495137995416,0.0,0.0,0.0,99.9998954494407,1.0455055930510001e-06,0,0,0
2026-01-01 14:30:00,3,0.0992560535199918,0.0992560535199918,0.0992560535199918,0.0,0.0,0.0,99.99990074295391,9.925704609045272e-07,0,0,0
2026-01-01 14:30:00,4,0.0968100807600436,0.0968100807600436,0.0968100807600436,0.0,0.0,0.0,99.99990318895112,9.68110488705324e-07,0,0,0
2026-01-01 14:30:00,5,0.0453461787878245,0.0453461787878245,0.0453461787878245,0.0,0.0,0.0,99.99995465336775,4.534663225414711e-07,0,0,0
2026-01-01 14:30:00,6,0.0369417906100537,0.0369417906100537,0.0369417906100537,0.0,0.0,0.0,99.99996305783996,3.694216003165409e-07,0,0,0
2026-01-01 14:30:00,7,0.0285052987856857,0.0285052987856857,0.0285052987856857,0.0,0.0,0.0,99.99997149441616,2.8505583841524157e-07,0,0,0
2026-01-01 14:30:00,8,0.0261222612189438,0.0261222612189438,0.0261222612189438,0.0,0.0,0.0,99.99997387747756,2.6122522444168316e-07,0,0,0
2026-01-01 14:30:00,9,0.0237308851152383,0.0237308851152383,0.0237308851152383,0.0,0.0,0.0,99.99997626887757,2.373112242646257e-07,0,0,0
2026-01-01 14:30:00,10,0.0216880540544366,0.0216880540544366,0.0216880540544366,0.0,0.0,0.0,99.99997831172907,2.1688270937146003e-07,0,0,0
2026-01-01 14:30:00,11,0.0190464643466908,0.0190464643466908,0.0190464643466908,0.0,0.0,0.0,99.99998095334519,1.9046654813238962e-07,0,0,0
2026-01-01 14:30:00,12,0.0163955567235799,0.0163955567235799,0.0163955567235799,0.0,0.0,0.0,99.99998360427932,1.6395720680786768e-07,0,0,0
2026-01-01 14:30:00,13,0.0109785571283796,0.0109785571283796,0.0109785571283796,0.0,0.0,0.0,99.99998902133308,1.0978666915048807e-07,0,0,0
2026-01-01 14:30:00,14,0.0086735675375366,0.0086735675375366,0.0086735675375366,0.0,0.0,0.0,99.99999132634572,8.67365427407938e-08,0,0,0
2026-01-01 14:30:00,15,0.0062390719391961,0.0062390719391961,0.0062390719391961,0.0,0.0,0.0,99.99999376086566,6.239134330539444e-08,0,0,0
2026-01-01 14:30:00,16,0.0038042782104957,0.0038042782104957,0.0038042782104957,0.0,0.0,0.0,99.99999619568375,3.804316253658253e-08,0,0,0
2026-01-01 14:30:00,17,0.0065608338513606,0.0065608338513606,0.0065608338513606,0.0,0.0,0.0,99.99999343910054,6.56089946035521e-08,0,0,0
2026-01-01 14:30:00,18,0.0107045119150967,0.0107045119150967,0.0107045119150967,0.0,0.0,0.0,99.99998929538104,1.0704618961286398e-07,0,0,0
2026-01-01 14:30:00,19,0.0071382700699729,0.0071382700699729,0.0071382700699729,0.0,0.0,0.0,99.99999286165854,7.138341453387505e-08,0,0,0
2026-01-01 14:30:00,20,0.0035700368140243,0.0035700368140243,0.0035700368140243,0.0,0.0,0.0,99.99999642992749,3.570072514749451e-08,0,0,0
2026-01-01 14:30:00,21,0.0380533486498193,0.0380533486498193,0.0380533486498193,0.0,0.0,0.0,99.99996194627082,3.8053729187111183e-07,0,0,0
2026-01-01 14:30:00,22,0.0342903228915796,0.0342903228915796,0.0342903228915796,0.0,0.0,0.0,99.9999657093342,3.4290665798237604e-07,0,0,0
2026-01-01 14:30:00,23,0.0171680351455364,0.0171680351455364,0.0171680351455364,0.0,0.0,0.0,99.99998283179318,1.7168206827604724e-07,0,0,0
2026-01-01 14:30:00,24,0.050670718748633,0.050670718748633,0.050670718748633,0.0,0.0,0.0,99.99994932877453,5.067122546088768e-07,0,0,0
2026-01-01 14:30:00,25,0.0484361542832761,0.0484361542832761,0.0484361542832761,0.0,0.0,0.0,99.99995156336135,4.843663864966264e-07,0,0,0
2026-01-01 14:30:00,26,0.0462186506261058,0.0462186506261058,0.0462186506261058,0.0,0.0,0.0,99.99995378088718,4.6219112817233986e-07,0,0,0
2026-01-01 14:30:00,27,0.0441510670169915,0.0441510670169915,0.0441510670169915,0.0,0.0,0.0,99.99995584849147,4.4151508532076826e-07,0,0,0
2026-01-01 14:30:00,28,0.0391882850252737,0.0391882850252737,0.0391882850252737,0.0,0.0,0.0,99.99996081132309,3.9188676912042863e-07,0,0,0
2026-01-01 14:30:00,29,0.0180770629990047,0.0180770629990047,0.0180770629990047,0.0,0.0,0.0,99.99998192275623,1.8077243771442417e-07,0,0,0
2026-01-01 14:30:00,30,0.0117116940965368,0.0117116940965368,0.0117116940965368,0.0,0.0,0.0,99.99998828818879,1.1711811214648948e-07,0,0,0
2026-01-01 14:30:00,31,0.0027773433940356,0.0027773433940356,0.0027773433940356,0.0,0.0,0.0,99.99999722262883,2.7773711677473185e-08,0,0,0
2026-01-01 14:30:00,32,0.0,0.0,0.0,0.0,0.0,0.0,100.0,0.0,0,0,0
2026-01-01 14:30:00,33,0.0,0.0,0.0,0.0,0.0,0.0,100.0,0.0,0,0,0
2026-01-01 14:30:00,34,0.0,0.0,0.0,0.0,0.0,0.0,100.0,0.0,0,0,0
2026-01-01 14:30:00,35,0.0,0.0,0.0,0.0,0.0,0.0,100.0,0.0,0,0,0
2026-01-01 14:30:00,36,0.0,0.0,0.0,0.0,0.0,0.0,100.0,0.0,0,0,0
2026-01-01 14:45:00,0,0.1631260189571104,0.1631260189571104,0.1631260189571104,0.0,0.0,0.0,99.99983687234976,1.631276502336e-06,0,0,0
2026-01-01 14:45:00,1,0.1575209936573819,0.1575209936573819,0.1575209936573819,0.0,0.0,0.0,99.99984247743112,1.5752256888300002e-06,0,0,0
2026-01-01 14:45:00,2,0.1130756675861524,0.1130756675861524,0.1130756675861524,0.0,0.0,0.0,99.99988692320164,1.130767983541e-06,0,0,0
2026-01-01 14:45:00,3,0.1073688138278969,0.1073688138278969,0.1073688138278969,0.0,0.0,0.0,99.99989263011247,1.0736988752669999e-06,0,0,0
2026-01-01 14:45:00,4,0.1047306040266317,0.1047306040266318,0.10473060402663176,-9.71445146547012e-17,9.71445146547012e-17,9.27565598249987e-16,99.99989526834865,1.047316513431e-06,0,0,0
2026-01-01 14:45:00,5,0.0490432400238339,0.0490432400238339,0.0490432400238339,0.0,0.0,0.0,99.99995095626954,4.904373046113855e-07,0,0,0
2026-01-01 14:45:00,6,0.0399644673787591,0.0399644673787591,0.0399644673787591,0.0,0.0,0.0,99.99996003513297,3.9964867027429426e-07,0,0,0
2026-01-01 14:45:00,7,0.0308479104231184,0.0308479104231184,0.0308479104231184,0.0,0.0,0.0,99.9999691517811,3.084821890530752e-07,0,0,0
2026-01-01 14:45:00,8,0.028271720280174,0.028271720280174,0.028271720280174,0.0,0.0,0.0,99.99997172799699,2.827200300020407e-07,0,0,0
2026-01-01 14:45:00,9,0.0256854279365367,0.0256854279365367,0.0256854279365367,0.0,0.0,0.0,99.99997431431521,2.568568479338464e-07,0,0,0
2026-01-01 14:45:00,10,0.0234758553110685,0.0234758553110685,0.0234758553110685,0.0,0.0,0.0,99.99997652390992,2.347609007196929e-07,0,0,0
2026-01-01 14:45:00,11,0.0206183563937556,0.0206183563937556,0.0206183563937556,0.0,0.0,0.0,99.99997938143743,2.0618562579381462e-07,0,0,0
2026-01-01 14:45:00,12,0.0177495196220675,0.0177495196220675,0.0177495196220675,0.0,0.0,0.0,99.99998225030288,1.7749697119038783e-07,0,0,0
2026-01-01 14:45:00,13,0.0118861901195108,0.0118861901195108,0.0118861901195108,0.0,0.0,0.0,99.99998811369102,1.1886308982600705e-07,0,0,0
2026-01-01 14:45:00,14,0.0093911191180561,0.0093911191180561,0.0093911191180561,0.0,0.0,0.0,99.99999060878697,9.391213030186438e-08,0,0,0
2026-01-01 14:45:00,15,0.0067555644015902,0.0067555644015902,0.0067555644015902,0.0,0.0,0.0,99.99999324436804,6.755631957909803e-08,0,0,0
2026-01-01 14:45:00,16,0.0041192831543627,0.0041192831543627,0.0041192831543627,0.0,0.0,0.0,99.99999588067566,4.119324347606249e-08,0,0,0
2026-01-01 14:45:00,17,0.0068876462170047,0.0068876462170047,0.0068876462170047,0.0,0.0,0.0,99.99999311228491,6.887715094155729e-08,0,0,0
2026-01-01 14:45:00,18,0.0115276674269433,0.0115276674269433,0.0115276674269433,0.0,0.0,0.0,99.9999884722173,1.1527782704770359e-07,0,0,0
2026-01-01 14:45:00,19,0.0076873495190682,0.0076873495190682,0.0076873495190682,0.0,0.0,0.0,99.99999231257361,7.687426393332221e-08,0,0,0
2026-01-01 14:45:00,20,0.0038447211265239,0.0038447211265239,0.0038447211265239,0.0,0.0,0.0,99.99999615524042,3.8447595741197e-08,0,0,0
2026-01-01 14:45:00,21,0.0410343278758274,0.0410343278758274,0.0410343278758274,0.0,0.0,0.0,99.99995896526178,4.103473822320971e-07,0,0,0
2026-01-01 14:45:00,22,0.0369784485422422,0.0369784485422422,0.0369784485422422,0.0,0.0,0.0,99.99996302118167,3.697881833042553e-07,0,0,0
2026-01-01 14:45:00,23,0.018515876787527,0.018515876787527,0.018515876787527,0.0,0.0,0.0,99.99998148393806,1.8516061948146522e-07,0,0,0
2026-01-01 14:45:00,24,0.0548273245593975,0.0548273245593975,0.0548273245593975,0.0,0.0,0.0,99.99994517212716,5.482787283812596e-07,0,0,0
2026-01-01 14:45:00,25,0.0524134548026054,0.0524134548026054,0.0524134548026054,0.0,0.0,0.0,99.99994758602105,5.241397894239484e-07,0,0,0
2026-01-01 14:45:00,26,0.0500175904568195,0.0500175904568195,0.0500175904568195,0.0,0.0,0.0,99.99994998190937,5.001809063772592e-07,0,0,0
2026-01-01 14:45:00,27,0.0477819087459941,0.0477819087459941,0.0477819087459941,0.0,0.0,0.0,99.99995221761343,4.778238656985985e-07,0,0,0
2026-01-01 14:45:00,28,0.0424128064110816,0.0424128064110816,0.0424128064110816,0.0,0.0,0.0,99.99995758676945,4.241323054338706e-07,0,0,0
2026-01-01 14:45:00,29,0.0195680299288022,0.0195680299288022,0.0195680299288022,0.0,0.0,0.0,99.99998043177439,1.9568225611058398e-07,0,0,0
2026-01-01 14:45:00,30,0.0126779796336685,0.0126779796336685,0.0126779796336685,0.0,0.0,0.0,99.99998732189358,1.2678106414732732e-07,0,0,0
2026-01-01 14:45:00,31,0.0030065395257525,0.0030065395257525,0.0030065395257525,0.0,0.0,0.0,99.99999699343041,3.006569591448435e-08,0,0,0
2026-01-01 14:45:00,32,0.0,0.0,0.0,0.0,0.0,0.0,100.0,0.0,0,0,0
2026-01-01 14:45:00,33,0.0,0.0,0.0,0.0,0.0,0.0,100.0,0.0,0,0,0
2026-01-01 14:45:00,34,0.0,0.0,0.0,0.0,0.0,0.0,100.0,0.0,0,0,0
2026-01-01 14:45:00,35,0.0,0.0,0.0,0.0,0.0,0.0,100.0,0.0,0,0,0
2026-01-01 14:45:00,36,0.0,0.0,0.0,0.0,0.0,0.0,100.0,0.0,0,0,0
2026-01-01 15:00:00,0,0.1528355069902828,0.1528355069902828,0.1528355069902828,0.0,0.0,0.0,99.99984716296464,1.528370353606e-06,0,0,0
2026-01-01 15:00:00,1,0.1459817934016488,0.1459817934016487,0.14598179340164874,8.326672684688674e-17,8.326672684688674e-17,5.703911371596762e-16,99.99985401674677,1.459832532341e-06,0,0,0
2026-01-01 15:00:00,2,0.1047040650733909,0.1047040650733909,0.1047040650733909,0.0,0.0,0.0,99.99989529488788,1.047051121245e-06,0,0,0
2026-01-01 15:00:00,3,0.099403092231852,0.099403092231852,0.099403092231852,0.0,0.0,0.0,99.99990059591373,9.940408627271476e-07,0,0,0
2026-01-01 15:00:00,4,0.0969536272265549,0.0969536272265548,0.09695362722655484,9.71445146547012e-17,9.71445146547012e-17,1.0019687495343808e-15,99.99990304540323,9.695459677252264e-07,0,0,0
2026-01-01 15:00:00,5,0.0454131957822245,0.0454131957822245,0.0454131957822245,0.0,0.0,0.0,99.99995458635009,4.54136499187237e-07,0,0,0
2026-01-01 15:00:00,6,0.0369965713249071,0.0369965713249071,0.0369965713249071,0.0,0.0,0.0,99.99996300305871,3.699694129432013e-07,0,0,0
2026-01-01 15:00:00,7,0.0285477433337227,0.0285477433337227,0.0285477433337227,0.0,0.0,0.0,99.99997145197119,2.8548028814010864e-07,0,0,0
2026-01-01 15:00:00,8,0.0261612031872492,0.0261612031872492,0.0261612031872492,0.0,0.0,0.0,99.9999738385352,2.616146480189724e-07,0,0,0
2026-01-01 15:00:00,9,0.023766293714478,0.023766293714478,0.023766293714478,0.0,0.0,0.0,99.99997623346862,2.3766531379791872e-07,0,0,0
2026-01-01 15:00:00,10,0.0217204402820479,0.0217204402820479,0.0217204402820479,0.0,0.0,0.0,99.99997827934251,2.172065748862279e-07,0,0,0
2026-01-01 15:00:00,11,0.01907493730123,0.01907493730123,0.01907493730123,0.0,0.0,0.0,99.99998092487195,1.9075128052510613e-07,0,0,0
2026-01-01 15:00:00,12,0.0164200811615195,0.0164200811615195,0.0164200811615195,0.0,0.0,0.0,99.99998357975464,1.6420245363973228e-07,0,0,0
2026-01-01 15:00:00,13,0.0109949960343276,0.0109949960343276,0.0109949960343276,0.0,0.0,0.0,99.99998900489402,1.099510598538753e-07,0,0,0
2026-01-01 15:00:00,14,0.008686563191234,0.008686563191234,0.008686563191234,0.0,0.0,0.0,99.99999131334994,8.686650057734608e-08,0,0,0
2026-01-01 15:00:00,15,0.0062484257840599,0.0062484257840599,0.0062484257840599,0.0,0.0,0.0,99.99999375151174,6.248488268942599e-08,0,0,0
2026-01-01 15:00:00,16,0.00380998298165,0.00380998298165,0.00380998298165,0.0,0.0,0.0,99.99999618997892,3.810021081860839e-08,0,0,0
2026-01-01 15:00:00,17,0.0058529980647197,0.0058529980647197,0.0058529980647197,0.0,0.0,0.0,99.99999414694341,5.8530565952857214e-08,0,0,0
2026-01-01 15:00:00,18,0.0107200578113966,0.0107200578113966,0.0107200578113966,0.0,0.0,0.0,99.99998927983499,1.0720165013046773e-07,0,0,0
2026-01-01 15:00:00,19,0.0071486397855034,0.0071486397855034,0.0071486397855034,0.0,0.0,0.0,99.99999285128872,7.148711272616159e-08,0,0,0
2026-01-01 15:00:00,20,0.0035752243775128,0.0035752243775128,0.0035752243775128,0.0,0.0,0.0,99.99999642473988,3.5752601301141684e-08,0,0,0
2026-01-01 15:00:00,21,0.0381075137658872,0.0381075137658872,0.0381075137658872,0.0,0.0,0.0,99.99996189210516,3.8107894844835663e-07,0,0,0
2026-01-01 15:00:00,22,0.0343391649186065,0.0343391649186065,0.0343391649186065,0.0,0.0,0.0,99.99996566049168,3.433950831368967e-07,0,0,0
2026-01-01 15:00:00,23,0.0171925228786649,0.0171925228786649,0.0171925228786649,0.0,0.0,0.0,99.99998280730519,1.7192694805612972e-07,0,0,0
2026-01-01 15:00:00,24,0.0507460383958112,0.0507460383958112,0.0507460383958112,0.0,0.0,0.0,99.99994925345413,5.07465458612699e-07,0,0,0
2026-01-01 15:00:00,25,0.0485082205119002,0.0485082205119002,0.0485082205119002,0.0,0.0,0.0,99.9999514912944,4.850870559895626e-07,0,0,0
2026-01-01 15:00:00,26,0.0462874810643081,0.0462874810643081,0.0462874810643081,0.0,0.0,0.0,99.99995371205605,4.6287943943747563e-07,0,0,0
2026-01-01 15:00:00,27,0.0442168497700926,0.0442168497700926,0.0442168497700926,0.0,0.0,0.0,99.99995578270806,4.421729194301207e-07,0,0,0
2026-01-01 15:00:00,28,0.0392467040886785,0.0392467040886785,0.0392467040886785,0.0,0.0,0.0,99.99996075290343,3.924709655964418e-07,0,0,0
2026-01-01 15:00:00,29,0.018104071120026,0.018104071120026,0.018104071120026,0.0,0.0,0.0,99.99998189574784,1.810425216254772e-07,0,0,0
2026-01-01 15:00:00,30,0.0117291975067691,0.0117291975067691,0.0117291975067691,0.0,0.0,0.0,99.9999882706852,1.1729314799917128e-07,0,0,0
2026-01-01 15:00:00,31,0.0027814950247381,0.0027814950247381,0.0027814950247381,0.0,0.0,0.0,99.99999721847716,2.781522839966539e-08,0,0,0
2026-01-01 15:00:00,32,0.0,0.0,0.0,0.0,0.0,0.0,100.0,0.0,0,0,0
2026-01-01 15:00:00,33,0.0,0.0,0.0,0.0,0.0,0.0,100.0,0.0,0,0,0
2026-01-01 15:00:00,34,0.0,0.0,0.0,0.0,0.0,0.0,100.0,0.0,0,0,0
2026-01-01 15:00:00,35,0.0,0.0,0.0,0.0,0.0,0.0,100.0,0.0,0,0,0
2026-01-01 15:00:00,36,0.0,0.0,0.0,0.0,0.0,0.0,100.0,0.0,0,0,0
2026-01-01 15:15:00,0,0.1637255353594408,0.1637255353594408,0.1637255353594408,0.0,0.0,0.0,99.99983627282737,1.637271726311e-06,0,0,0
2026-01-01 15:15:00,1,0.1554383842537559,0.1554383842537559,0.1554383842537559,0.0,0.0,0.0,99.99984456006135,1.5543993865309999e-06,0,0,0
2026-01-01 15:15:00,2,0.1115636989477086,0.1115636989477086,0.1115636989477086,0.0,0.0,0.0,99.9998884351854,1.115648145958e-06,0,0,0
2026-01-01 15:15:00,3,0.1059299562757719,0.1059299562757719,0.1059299562757719,0.0,0.0,0.0,99.99989406898442,1.059310155859e-06,0,0,0
2026-01-01 15:15:00,4,0.1033257578444117,0.1033257578444118,0.10332575784441175,-9.71445146547012e-17,9.71445146547012e-17,9.401770408421417e-16,99.9998966732089,1.033267911123e-06,0,0,0
2026-01-01 15:15:00,5,0.0483876437788504,0.0483876437788504,0.0483876437788504,0.0,0.0,0.0,99.99995161187233,4.838812766012705e-07,0,0,0
2026-01-01 15:15:00,6,0.039428338316188,0.039428338316188,0.039428338316188,0.0,0.0,0.0,99.9999605712674,3.9428732603514076e-07,0,0,0
2026-01-01 15:15:00,7,0.0304322893351512,0.0304322893351513,0.03043228933515125,-1.0061396160665481e-16,1.0061396160665481e-16,3.30615707011133e-15,99.99996956740634,3.0432593661087916e-07,0,0,0
2026-01-01 15:15:00,8,0.0278903377294785,0.0278903377294785,0.0278903377294785,0.0,0.0,0.0,99.99997210938336,2.7890616635644927e-07,0,0,0
2026-01-01 15:15:00,9,0.0253386087688467,0.0253386087688467,0.0253386087688467,0.0,0.0,0.0,99.99997466113784,2.5338862157468363e-07,0,0,0
2026-01-01 15:15:00,10,0.0231586061156865,0.0231586061156865,0.0231586061156865,0.0,0.0,0.0,99.9999768411623,2.3158837704063584e-07,0,0,0
2026-01-01 15:15:00,11,0.0203393999032346,0.0203393999032346,0.0203393999032346,0.0,0.0,0.0,99.9999796603967,2.033960329926768e-07,0,0,0
2026-01-01 15:15:00,12,0.0175092284223654,0.0175092284223654,0.0175092284223654,0.0,0.0,0.0,99.99998249059648,1.7509403516400632e-07,0,0,0
2026-01-01 15:15:00,13,0.0117250986394984,0.0117250986394984,0.0117250986394984,0.0,0.0,0.0,99.9999882747841,1.1725215891657336e-07,0,0,0
2026-01-01 15:15:00,14,0.0092637587931436,0.0092637587931436,0.0092637587931436,0.0,0.0,0.0,99.99999073614858,9.263851431658012e-08,0,0,0
2026-01-01 15:15:00,15,0.0066638867514624,0.0066638867514624,0.0066638867514624,0.0,0.0,0.0,99.99999333604661,6.663953390996393e-08,0,0,0
2026-01-01 15:15:00,16,0.0040633687726193,0.0040633687726193,0.0040633687726193,0.0,0.0,0.0,99.9999959365906,4.063409406713412e-08,0,0,0
2026-01-01 15:15:00,17,0.0061912303142688,0.0061912303142688,0.0061912303142688,0.0,0.0,0.0,99.99999380870777,6.191292227191106e-08,0,0,0
2026-01-01 15:15:00,18,0.0113831030621007,0.0113831030621007,0.0113831030621007,0.0,0.0,0.0,99.9999886167831,1.1383216894269679e-07,0,0,0
2026-01-01 15:15:00,19,0.0075909175785509,0.0075909175785509,0.0075909175785509,0.0,0.0,0.0,99.99999240900651,7.590993488485805e-08,0,0,0
2026-01-01 15:15:00,20,0.0037964791023655,0.0037964791023655,0.0037964791023655,0.0,0.0,0.0,99.99999620348294,3.796517067536232e-08,0,0,0
2026-01-01 15:15:00,21,0.0405070382424369,0.0405070382424369,0.0405070382424369,0.0,0.0,0.0,99.99995949255668,4.0507443316870075e-07,0,0,0
2026-01-01 15:15:00,22,0.0365029405104901,0.0365029405104901,0.0365029405104901,0.0,0.0,0.0,99.99996349669446,3.650330554354559e-07,0,0,0
2026-01-01 15:15:00,23,0.0182774338933277,0.0182774338933277,0.0182774338933277,0.0,0.0,0.0,99.99998172238332,1.8277616669494478e-07,0,0,0
2026-01-01 15:15:00,24,0.054089953610527,0.054089953610527,0.054089953610527,0.0,0.0,0.0,99.99994590950548,5.409049451547223e-07,0,0,0
2026-01-01 15:15:00,25,0.051707847850819,0.0517078478508191,0.05170784785081905,-9.71445146547012e-17,9.71445146547012e-17,1.8787186066568475e-15,99.99994829163506,5.170836493446845e-07,0,0,0
2026-01-01 15:15:00,26,0.0493435848149379,0.0493435848149379,0.0493435848149379,0.0,0.0,0.0,99.99995065592175,4.934407825572053e-07,0,0,0
2026-01-01 15:15:00,27,0.0471377062740997,0.0471377062740997,0.0471377062740997,0.0,0.0,0.0,99.99995286182235,4.7138177655876277e-07,0,0,0
2026-01-01 15:15:00,28,0.0418406751098785,0.0418406751098785,0.0418406751098785,0.0,0.0,0.0,99.99995815890648,4.1841093520813723e-07,0,0,0
2026-01-01 15:15:00,29,0.0193034454276376,0.0193034454276376,0.0193034454276376,0.0,0.0,0.0,99.99998069636153,1.9303638464022244e-07,0,0,0
2026-01-01 15:15:00,30,0.012506500544369,0.012506500544369,0.012506500544369,0.0,0.0,0.0,99.99998749337439,1.2506625610625167e-07,0,0,0
2026-01-01 15:15:00,31,0.0029658653412251,0.0029658653412251,0.0029658653412251,0.0,0.0,0.0,99.999997034105,2.9658950001751292e-08,0,0,0
2026-01-01 15:15:00,32,0.0,0.0,0.0,0.0,0.0,0.0,100.0,0.0,0,0,0
2026-01-01 15:15:00,33,0.0,0.0,0.0,0.0,0.0,0.0,100.0,0.0,0,0,0
2026-01-01 15:15:00,34,0.0,0.0,0.0,0.0,0.0,0.0,100.0,0.0,0,0,0
2026-01-01 15:15:00,35,0.0,0.0,0.0,0.0,0.0,0.0,100.0,0.0,0,0,0
2026-01-01 15:15:00,36,0.0,0.0,0.0,0.0,0.0,0.0,100.0,0.0,0,0,0
2026-01-01 15:30:00,0,0.1720179668860161,0.1720179668860161,0.1720179668860161,0.0,0.0,0.0,99.99982798031292,1.720196870828e-06,0,0,0
2026-01-01 15:30:00,1,0.1605739780783426,0.1605739780783426,0.1605739780783426,0.0,0.0,0.0,99.99983942441617,1.605755838341e-06,0,0,0
2026-01-01 15:30:00,2,0.1152932054108841,0.1152932054108841,0.1152932054108841,0.0,0.0,0.0,99.99988470564165,1.152943583544e-06,0,0,0
2026-01-01 15:30:00,3,0.1094793220010908,0.1094793220010908,0.1094793220010908,0.0,0.0,0.0,99.99989051958319,1.094804168052e-06,0,0,0
2026-01-01 15:30:00,4,0.1067913084935114,0.1067913084935114,0.1067913084935114,0.0,0.0,0.0,99.99989320762359,1.067923764172e-06,0,0,0
2026-01-01 15:30:00,5,0.0500047606291641,0.0500047606291641,0.0500047606291641,0.0,0.0,0.0,99.99994999473932,5.000526068177092e-07,0,0,0
2026-01-01 15:30:00,6,0.0407508938941071,0.0407508938941071,0.0407508938941071,0.0,0.0,0.0,99.99995924869859,4.075130140712122e-07,0,0,0
2026-01-01 15:30:00,7,0.0314576836002875,0.0314576836002875,0.0314576836002875,0.0,0.0,0.0,99.99996854200182,3.145799818026935e-07,0,0,0
2026-01-01 15:30:00,8,0.0288312911086687,0.0288312911086687,0.0288312911086687,0.0,0.0,0.0,99.99997116842057,2.8831579424462996e-07,0,0,0
2026-01-01 15:30:00,9,0.0261943078131994,0.0261943078131994,0.0261943078131994,0.0,0.0,0.0,99.99997380543024,2.6194569758897054e-07,0,0,0
2026-01-01 15:30:00,10,0.0239413649640314,0.0239413649640314,0.0239413649640314,0.0,0.0,0.0,99.99997605839562,2.394160438007528e-07,0,0,0
2026-01-01 15:30:00,11,0.0210276989201158,0.0210276989201158,0.0210276989201158,0.0,0.0,0.0,99.9999789720908,2.1027909199207846e-07,0,0,0
2026-01-01 15:30:00,12,0.0181021343557346,0.0181021343557346,0.0181021343557346,0.0,0.0,0.0,99.99998189768462,1.810231537888841e-07,0,0,0
2026-01-01 15:30:00,13,0.012122594918193,0.012122594918193,0.012122594918193,0.0,0.0,0.0,99.99998787728386,1.2122716145354523e-07,0,0,0
2026-01-01 15:30:00,14,0.0095780282324014,0.0095780282324014,0.0095780282324014,0.0,0.0,0.0,99.99999042187599,9.578124013641574e-08,0,0,0
2026-01-01 15:30:00,15,0.006890111030671,0.006890111030671,0.006890111030671,0.0,0.0,0.0,99.99999310982007,6.890179932470385e-08,0,0,0
2026-01-01 15:30:00,16,0.0042013441823131,0.0042013441823131,0.0042013441823131,0.0,0.0,0.0,99.99999579861381,4.201386196175149e-08,0,0,0
2026-01-01 15:30:00,17,0.0075185749788712,0.0075185749788712,0.0075185749788712,0.0,0.0,0.0,99.99999248134984,7.518650165372895e-08,0,0,0
2026-01-01 15:30:00,18,0.0117422723467558,0.0117422723467558,0.0117422723467558,0.0,0.0,0.0,99.99998825761023,1.1742389770653594e-07,0,0,0
2026-01-01 15:30:00,19,0.007830504413255,0.007830504413255,0.007830504413255,0.0,0.0,0.0,99.99999216941728,7.830582719082285e-08,0,0,0
2026-01-01 15:30:00,20,0.0039163383112182,0.0039163383112182,0.0039163383112182,0.0,0.0,0.0,99.99999608362252,3.9163774749930036e-08,0,0,0
2026-01-01 15:30:00,21,0.0418063332118172,0.0418063332118172,0.0418063332118172,0.0,0.0,0.0,99.99995819324872,4.180675127933001e-07,0,0,0
2026-01-01 15:30:00,22,0.0376746605884166,0.0376746605884166,0.0376746605884166,0.0,0.0,0.0,99.99996232496267,3.7675037338790044e-07,0,0,0
2026-01-01 15:30:00,23,0.0188650123446464,0.0188650123446464,0.0188650123446464,0.0,0.0,0.0,99.999981134799,1.8865200996656435e-07,0,0,0
2026-01-01 15:30:00,24,0.0559090636535013,0.0559090636535013,0.0559090636535013,0.0,0.0,0.0,99.99994409037726,5.590962274972889e-07,0,0,0
2026-01-01 15:30:00,25,0.0534486399947714,0.0534486399947715,0.05344863999477145,-9.71445146547012e-17,9.71445146547012e-17,1.8175298097183773e-15,99.99994655082551,5.344917448651637e-07,0,0,0
2026-01-01 15:30:00,26,0.0510064552587621,0.0510064552587621,0.0510064552587621,0.0,0.0,0.0,99.99994899303468,5.100696532841542e-07,0,0,0
2026-01-01 15:30:00,27,0.0487270687480504,0.0487270687480504,0.0487270687480504,0.0,0.0,0.0,99.99995127244398,4.872755602361071e-07,0,0,0
2026-01-01 15:30:00,28,0.0432522459937895,0.0432522459937895,0.0432522459937895,0.0,0.0,0.0,99.99995674732148,4.3252678520574764e-07,0,0,0
2026-01-01 15:30:00,29,0.0199562723853905,0.0199562723853905,0.0199562723853905,0.0,0.0,0.0,99.99998004352805,1.9956471950110058e-07,0,0,0
2026-01-01 15:30:00,30,0.012929606054136,0.012929606054136,0.012929606054136,0.0,0.0,0.0,99.99998707026465,1.2929735351489598e-07,0,0,0
2026-01-01 15:30:00,31,0.0030662249087532,0.0030662249087532,0.0030662249087532,0.0,0.0,0.0,99.99999693374443,3.0662555713089624e-08,0,0,0
2026-01-01 15:30:00,32,0.0,0.0,0.0,0.0,0.0,0.0,100.0,0.0,0,0,0
2026-01-01 15:30:00,33,0.0,0.0,0.0,0.0,0.0,0.0,100.0,0.0,0,0,0
2026-01-01 15:30:00,34,0.0,0.0,0.0,0.0,0.0,0.0,100.0,0.0,0,0,0
2026-01-01 15:30:00,35,0.0,0.0,0.0,0.0,0.0,0.0,100.0,0.0,0,0,0
2026-01-01 15:30:00,36,0.0,0.0,0.0,0.0,0.0,0.0,100.0,0.0,0,0,0
2026-01-01 15:45:00,0,0.1792216419397926,0.1792216419397926,0.1792216419397926,0.0,0.0,0.0,99.99982077656583,1.792234341741e-06,0,0,0
2026-01-01 15:45:00,1,0.1653922080076765,0.1653922080076765,0.1653922080076765,0.0,0.0,0.0,99.99983460613805,1.653938619462e-06,0,0,0
2026-01-01 15:45:00,2,0.1187949391986249,0.1187949391986249,0.1187949391986249,0.0,0.0,0.0,99.99988120387285,1.187961271598e-06,0,0,0
2026-01-01 15:45:00,3,0.1128124133115557,0.1128124133115557,0.1128124133115557,0.0,0.0,0.0,99.99988718645855,1.128135414469e-06,0,0,0
2026-01-01 15:45:00,4,0.1100459016052073,0.1100459016052073,0.1100459016052073,0.0,0.0,0.0,99.99988995299792,1.100470020752e-06,0,0,0
2026-01-01 15:45:00,5,0.0515230770779232,0.0515230770779232,0.0515230770779232,0.0,0.0,0.0,99.99994847640768,5.152359231384637e-07,0,0,0
2026-01-01 15:45:00,6,0.0419929505240955,0.0419929505240955,0.0419929505240955,0.0,0.0,0.0,99.99995800662954,4.199337045780014e-07,0,0,0
2026-01-01 15:45:00,7,0.0324209553657392,0.0324209553657392,0.0324209553657392,0.0,0.0,0.0,99.99996757872042,3.242127957853507e-07,0,0,0
2026-01-01 15:45:00,8,0.0297153140577221,0.0297153140577221,0.0297153140577221,0.0,0.0,0.0,99.99997028438878,2.9715611213834316e-07,0,0,0
2026-01-01 15:45:00,9,0.0269982876275593,0.0269982876275593,0.0269982876275593,0.0,0.0,0.0,99.99997300144238,2.6998557613135484e-07,0,0,0
2026-01-01 15:45:00,10,0.024676856392484,0.024676856392484,0.024676856392484,0.0,0.0,0.0,99.99997532289683,2.467710316351573e-07,0,0,0
2026-01-01 15:45:00,11,0.0216744873403797,0.0216744873403797,0.0216744873403797,0.0,0.0,0.0,99.99997832529591,2.167470408742065e-07,0,0,0
2026-01-01 15:45:00,12,0.01865930718065,0.01865930718065,0.01865930718065,0.0,0.0,0.0,99.99998134050622,1.865949377558781e-07,0,0,0
2026-01-01 15:45:00,13,0.012496164277659,0.012496164277659,0.012496164277659,0.0,0.0,0.0,99.99998750371076,1.2496289240551497e-07,0,0,0
2026-01-01 15:45:00,14,0.0098733944081678,0.0098733944081678,0.0098733944081678,0.0,0.0,0.0,99.99999012650686,9.87349314309925e-08,0,0,0
2026-01-01 15:45:00,15,0.0071027378796133,0.0071027378796133,0.0071027378796133,0.0,0.0,0.0,99.99999289719109,7.102808907702433e-08,0,0,0
2026-01-01 15:45:00,16,0.0043310285875691,0.004331028587569,0.00433102858756905,9.974659986866641e-17,9.974659986866641e-17,2.3030642154738132e-14,99.99999566892811,4.331071898288082e-08,0,0,0
2026-01-01 15:45:00,17,0.0092845486376823,0.0092845486376823,0.0092845486376823,0.0,0.0,0.0,99.99999071535852,9.284641484097175e-08,0,0,0
2026-01-01 15:45:00,18,0.012078034607959,0.012078034607959,0.012078034607959,0.0,0.0,0.0,99.9999879218446,1.2078155389512949e-07,0,0,0
2026-01-01 15:45:00,19,0.0080544813555451,0.0080544813555451,0.0080544813555451,0.0,0.0,0.0,99.9999919454381,8.054561901164164e-08,0,0,0
2026-01-01 15:45:00,20,0.0040283901393096,0.0040283901393096,0.0040283901393096,0.0,0.0,0.0,99.99999597156958,4.0284304236139296e-08,0,0,0
2026-01-01 15:45:00,21,0.0430229074147502,0.0430229074147502,0.0430229074147502,0.0,0.0,0.0,99.99995697666235,4.302333764812675e-07,0,0,0
2026-01-01 15:45:00,22,0.0387718313841784,0.0387718313841784,0.0387718313841784,0.0,0.0,0.0,99.9999612277809,3.877221910636948e-07,0,0,0
2026-01-01 15:45:00,23,0.0194152579699106,0.0194152579699106,0.0194152579699106,0.0,0.0,0.0,99.99998058454787,1.9415452124431862e-07,0,0,0
2026-01-01 15:45:00,24,0.0576177496857476,0.0576177496857476,0.0576177496857476,0.0,0.0,0.0,99.99994238167413,5.76183258690063e-07,0,0,0
2026-01-01 15:45:00,25,0.0550838740406471,0.0550838740406471,0.0550838740406471,0.0,0.0,0.0,99.99994491557511,5.508442488489596e-07,0,0,0
2026-01-01 15:45:00,26,0.0525685970742045,0.0525685970742045,0.0525685970742045,0.0,0.0,0.0,99.99994743087723,5.25691227654322e-07,0,0,0
2026-01-01 15:45:00,27,0.050220207689299,0.050220207689299,0.050220207689299,0.0,0.0,0.0,99.9999497792901,5.022070989639799e-07,0,0,0
2026-01-01 15:45:00,28,0.0445784087284108,0.0445784087284108,0.0445784087284108,0.0,0.0,0.0,99.99995542114549,4.457885451695597e-07,0,0,0
2026-01-01 15:45:00,29,0.0205697012267628,0.0205697012267628,0.0205697012267628,0.0,0.0,0.0,99.99997943009308,2.0569906925832113e-07,0,0,0
2026-01-01 15:45:00,30,0.0133271864628965,0.0133271864628965,0.0133271864628965,0.0,0.0,0.0,99.99998667268027,1.332731973609393e-07,0,0,0
2026-01-01 15:45:00,31,0.0031605313841241,0.0031605313841241,0.0031605313841241,0.0,0.0,0.0,99.99999683943702,3.1605629897540645e-08,0,0,0
2026-01-01 15:45:00,32,0.0,0.0,0.0,0.0,0.0,0.0,100.0,0.0,0,0,0
2026-01-01 15:45:00,33,0.0,0.0,0.0,0.0,0.0,0.0,100.0,0.0,0,0,0
2026-01-01 15:45:00,34,0.0,0.0,0.0,0.0,0.0,0.0,100.0,0.0,0,0,0
2026-01-01 15:45:00,35,0.0,0.0,0.0,0.0,0.0,0.0,100.0,0.0,0,0,0
2026-01-01 15:45:00,36,0.0,0.0,0.0,0.0,0.0,0.0,100.0,0.0,0,0,0
2026-01-01 16:00:00,0,0.1838335489444645,0.1838335489444645,0.1838335489444645,0.0,0.0,0.0,99.9998161646127,1.838353872983e-06,0,0,0
2026-01-01 16:00:00,1,0.1686677561857747,0.1686677561857747,0.1686677561857747,0.0,0.0,0.0,99.99983133055711,1.686694428802e-06,0,0,0
2026-01-01 16:00:00,2,0.1211770023068035,0.1211770023068036,0.12117700230680356,-9.71445146547012e-17,9.71445146547012e-17,8.016744496781666e-16,99.99987882178591,1.211782140889e-06,0,0,0
2026-01-01 16:00:00,3,0.1150800324865639,0.1150800324865639,0.1150800324865639,0.0,0.0,0.0,99.9998849188167,1.1508118329830002e-06,0,0,0
2026-01-01 16:00:00,4,0.1122602321494065,0.1122602321494065,0.1122602321494065,0.0,0.0,0.0,99.99988773864524,1.1226135476289999e-06,0,0,0
2026-01-01 16:00:00,5,0.05255589412037,0.05255589412037,0.05255589412037,0.0,0.0,0.0,99.99994744358031,5.255641968456686e-07,0,0,0
2026-01-01 16:00:00,6,0.0428380145830632,0.0428380145830632,0.0428380145830632,0.0,0.0,0.0,99.99995716155703,4.2838442967492904e-07,0,0,0
2026-01-01 16:00:00,7,0.0330765023369467,0.0330765023369467,0.0330765023369467,0.0,0.0,0.0,99.9999669231669,3.307683310527784e-07,0,0,0
2026-01-01 16:00:00,8,0.0303169713719593,0.0303169713719593,0.0303169713719593,0.0,0.0,0.0,99.99996968272545,3.031727454470475e-07,0,0,0
2026-01-01 16:00:00,9,0.0275454979436647,0.0275454979436647,0.0275454979436647,0.0,0.0,0.0,99.9999724542266,2.7545773401398726e-07,0,0,0
2026-01-01 16:00:00,10,0.0251774757668276,0.0251774757668276,0.0251774757668276,0.0,0.0,0.0,99.99997482227245,2.51777275441031e-07,0,0,0
2026-01-01 16:00:00,11,0.0221147595907613,0.0221147595907613,0.0221147595907613,0.0,0.0,0.0,99.99997788501926,2.211498074056873e-07,0,0,0
2026-01-01 16:00:00,12,0.0190385912809168,0.0190385912809168,0.0190385912809168,0.0,0.0,0.0,99.99998096121833,1.9038781668733512e-07,0,0,0
2026-01-01 16:00:00,13,0.0127504803749865,0.0127504803749865,0.0127504803749865,0.0,0.0,0.0,99.99998724939212,1.275060788106541e-07,0,0,0
2026-01-01 16:00:00,14,0.0100744796000904,0.0100744796000904,0.0100744796000904,0.0,0.0,0.0,99.99998992541965,1.0074580345893916e-07,0,0,0
2026-01-01 16:00:00,15,0.0072474997193306,0.0072474997193306,0.0072474997193306,0.0,0.0,0.0,99.9999927524278,7.247572195052627e-08,0,0,0
2026-01-01 16:00:00,16,0.0044193222606148,0.0044193222606148,0.0044193222606148,0.0,0.0,0.0,99.99999558063355,4.4193664542793784e-08,0,0,0
2026-01-01 16:00:00,17,0.0104100139654575,0.0104100139654575,0.0104100139654575,0.0,0.0,0.0,99.99998958988193,1.0410118066638241e-07,0,0,0
2026-01-01 16:00:00,18,0.0123056270502662,0.0123056270502662,0.0123056270502662,0.0,0.0,0.0,99.9999876942499,1.2305750107767332e-07,0,0,0
2026-01-01 16:00:00,19,0.0082063036275151,0.0082063036275151,0.0082063036275151,0.0,0.0,0.0,99.99999179361431,8.206385691372023e-08,0,0,0
2026-01-01 16:00:00,20,0.004104345239648,0.004104345239648,0.004104345239648,0.0,0.0,0.0,99.99999589561372,4.10438628351085e-08,0,0,0
2026-01-01 16:00:00,21,0.0438486135205581,0.0438486135205581,0.0438486135205581,0.0,0.0,0.0,99.999956150948,4.3849052011078305e-07,0,0,0
2026-01-01 16:00:00,22,0.0395165239263119,0.0395165239263119,0.0395165239263119,0.0,0.0,0.0,99.9999604830809,3.951691909550289e-07,0,0,0
2026-01-01 16:00:00,23,0.0197887593454926,0.0197887593454926,0.0197887593454926,0.0,0.0,0.0,99.99998021104277,1.9788957235064987e-07,0,0,0
2026-01-01 16:00:00,24,0.0587804626933773,0.0587804626933773,0.0587804626933773,0.0,0.0,0.0,99.9999412189495,5.87810505038824e-07,0,0,0
2026-01-01 16:00:00,25,0.056196667249305,0.056196667249305,0.056196667249305,0.0,0.0,0.0,99.99994380277077,5.619722922159726e-07,0,0,0
2026-01-01 16:00:00,26,0.0536317083851782,0.0536317083851782,0.0536317083851782,0.0,0.0,0.0,99.99994636775529,5.36322447076253e-07,0,0,0
2026-01-01 16:00:00,27,0.0512363884362051,0.0512363884362051,0.0512363884362051,0.0,0.0,0.0,99.9999487630992,5.123690080521321e-07,0,0,0
2026-01-01 16:00:00,28,0.0454809797618666,0.0454809797618666,0.0454809797618666,0.0,0.0,0.0,99.99995451856542,4.548143457621238e-07,0,0,0
2026-01-01 16:00:00,29,0.0209872504816486,0.0209872504816486,0.0209872504816486,0.0,0.0,0.0,99.99997901253964,2.09874603562522e-07,0,0,0
2026-01-01 16:00:00,30,0.0135978170311359,0.0135978170311359,0.0135978170311359,0.0,0.0,0.0,99.99998640204699,1.3597953010666016e-07,0,0,0
2026-01-01 16:00:00,31,0.0032247260090438,0.0032247260090438,0.0032247260090438,0.0,0.0,0.0,99.99999677524174,3.2247582566264446e-08,0,0,0
2026-01-01 16:00:00,32,0.0,0.0,0.0,0.0,0.0,0.0,100.0,0.0,0,0,0
2026-01-01 16:00:00,33,0.0,0.0,0.0,0.0,0.0,0.0,100.0,0.0,0,0,0
2026-01-01 16:00:00,34,0.0,0.0,0.0,0.0,0.0,0.0,100.0,0.0,0,0,0
2026-01-01 16:00:00,35,0.0,0.0,0.0,0.0,0.0,0.0,100.0,0.0,0,0,0
2026-01-01 16:00:00,36,0.0,0.0,0.0,0.0,0.0,0.0,100.0,0.0,0,0,0
2026-01-01 16:15:00,0,0.1881431688754933,0.1881431688754933,0.1881431688754933,0.0,0.0,0.0,99.99981185494967,1.8814505032589998e-06,0,0,0
2026-01-01 16:15:00,1,0.1717080207860117,0.1717080207860117,0.1717080207860117,0.0,0.0,0.0,99.99982829026212,1.7170973788330002e-06,0,0,0
2026-01-01 16:15:00,2,0.1233890581723156,0.1233890581723156,0.1233890581723156,0.0,0.0,0.0,99.99987660970793,1.233902920752e-06,0,0,0
2026-01-01 16:15:00,3,0.117186013416545,0.117186013416545,0.117186013416545,0.0,0.0,0.0,99.99988281281472,1.171871852883e-06,0,0,0
2026-01-01 16:15:00,4,0.1143168079699692,0.1143168079699693,0.11431680796996925,-1.1102230246251565e-16,1.1102230246251565e-16,9.711808326547445e-16,99.99988568204886,1.143179511494e-06,0,0,0
2026-01-01 16:15:00,5,0.053514983283319,0.053514983283319,0.053514983283319,0.0,0.0,0.0,99.99994648448155,5.351551843850344e-07,0,0,0
2026-01-01 16:15:00,6,0.0436228776165365,0.0436228776165365,0.0436228776165365,0.0,0.0,0.0,99.99995637668616,4.362331384967505e-07,0,0,0
2026-01-01 16:15:00,7,0.0336854671128193,0.0336854671128194,0.03368546711281935,-1.0408340855860843e-16,1.0408340855860843e-16,3.08986000732637e-15,99.99996631419603,3.368580397085911e-07,0,0,0
2026-01-01 16:15:00,8,0.0308759069251778,0.0308759069251778,0.0308759069251778,0.0,0.0,0.0,99.99996912378431,3.0876215687334704e-07,0,0,0
2026-01-01 16:15:00,9,0.0280538742670685,0.0280538742670685,0.0280538742670685,0.0,0.0,0.0,99.99997194584519,2.805415480861665e-07,0,0,0
2026-01-01 16:15:00,10,0.0256425852313853,0.0256425852313853,0.0256425852313853,0.0,0.0,0.0,99.99997435715834,2.564284165980198e-07,0,0,0
2026-01-01 16:15:00,11,0.0225238240379234,0.0225238240379234,0.0225238240379234,0.0,0.0,0.0,99.99997747595071,2.2524049278416207e-07,0,0,0
2026-01-01 16:15:00,12,0.0193910006019935,0.0193910006019935,0.0193910006019935,0.0,0.0,0.0,99.99998060880549,1.9391194513938714e-07,0,0,0
2026-01-01 16:15:00,13,0.0129867884750553,0.0129867884750553,0.0129867884750553,0.0,0.0,0.0,99.99998701308165,1.2986918344238822e-07,0,0,0
2026-01-01 16:15:00,14,0.0102613317281993,0.0102613317281993,0.0102613317281993,0.0,0.0,0.0,99.99998973856566,1.0261434342542731e-07,0,0,0
2026-01-01 16:15:00,15,0.0073820192031398,0.0073820192031398,0.0073820192031398,0.0,0.0,0.0,99.99999261790697,7.382093024070042e-08,0,0,0
2026-01-01 16:15:00,16,0.0045013697500905,0.0045013697500905,0.0045013697500905,0.0,0.0,0.0,99.99999549858524,4.501414764238172e-08,0,0,0
2026-01-01 16:15:00,17,0.0115376449461571,0.0115376449461571,0.0115376449461571,0.0,0.0,0.0,99.99998846223967,1.1537760323760409e-07,0,0,0
2026-01-01 16:15:00,18,0.0125164613133468,0.0125164613133468,0.0125164613133468,0.0,0.0,0.0,99.99998748341352,1.2516586479211687e-07,0,0,0
2026-01-01 16:15:00,19,0.0083469484520701,0.0083469484520701,0.0083469484520701,0.0,0.0,0.0,99.99999165296808,8.347031922389362e-08,0,0,0
2026-01-01 16:15:00,20,0.0041747091248714,0.0041747091248714,0.0041747091248714,0.0,0.0,0.0,99.99999582524913,4.1747508723802074e-08,0,0,0
2026-01-01 16:15:00,21,0.0446140216372814,0.0446140216372814,0.0446140216372814,0.0,0.0,0.0,99.99995538553222,4.461446778195928e-07,0,0,0
2026-01-01 16:15:00,22,0.0402068543590657,0.0402068543590657,0.0402068543590657,0.0,0.0,0.0,99.99995979274357,4.020725643163005e-07,0,0,0
2026-01-01 16:15:00,23,0.0201350158864546,0.0201350158864546,0.0201350158864546,0.0,0.0,0.0,99.99997986478276,2.0135217238627032e-07,0,0,0
2026-01-01 16:15:00,24,0.0598604673735758,0.0598604673735758,0.0598604673735758,0.0,0.0,0.0,99.99994013893402,5.986106598423572e-07,0,0,0
2026-01-01 16:15:00,25,0.0572303486344344,0.0572303486344344,0.0572303486344344,0.0,0.0,0.0,99.99994276907906,5.723092094364387e-07,0,0,0
2026-01-01 16:15:00,26,0.0546192824154707,0.0546192824154707,0.0546192824154707,0.0,0.0,0.0,99.99994538017138,5.46198286137569e-07,0,0,0
2026-01-01 16:15:00,27,0.0521803878034266,0.0521803878034266,0.0521803878034266,0.0,0.0,0.0,99.9999478190904,5.218090961252279e-07,0,0,0
2026-01-01 16:15:00,28,0.0463194603926333,0.0463194603926333,0.0463194603926333,0.0,0.0,0.0,99.9999536800764,4.631992359186924e-07,0,0,0
2026-01-01 16:15:00,29,0.0213751916353283,0.0213751916353283,0.0213751916353283,0.0,0.0,0.0,99.9999786245946,2.137540538938223e-07,0,0,0
2026-01-01 16:15:00,30,0.0138492612043192,0.0138492612043192,0.0138492612043192,0.0,0.0,0.0,99.99998615060031,1.3849399698316235e-07,0,0,0
2026-01-01 16:15:00,31,0.0032843701180992,0.0032843701180992,0.0032843701180992,0.0,0.0,0.0,99.99999671559704,3.284402962128873e-08,0,0,0
2026-01-01 16:15:00,32,0.0,0.0,0.0,0.0,0.0,0.0,100.0,0.0,0,0,0
2026-01-01 16:15:00,33,0.0,0.0,0.0,0.0,0.0,0.0,100.0,0.0,0,0,0
2026-01-01 16:15:00,34,0.0,0.0,0.0,0.0,0.0,0.0,100.0,0.0,0,0,0
2026-01-01 16:15:00,35,0.0,0.0,0.0,0.0,0.0,0.0,100.0,0.0,0,0,0
2026-01-01 16:15:00,36,0.0,0.0,0.0,0.0,0.0,0.0,100.0,0.0,0,0,0
2026-01-01 16:30:00,0,0.1825868838030291,0.1825868838030291,0.1825868838030291,0.0,0.0,0.0,99.99981741129031,1.8258870969010001e-06,0,0,0
2026-01-01 16:30:00,1,0.1682015949669114,0.1682015949669114,0.1682015949669114,0.0,0.0,0.0,99.999831796723,1.6820327699960001e-06,0,0,0
2026-01-01 16:30:00,2,0.1208379098190365,0.1208379098190365,0.1208379098190365,0.0,0.0,0.0,99.99987916088179,1.208391182102e-06,0,0,0
2026-01-01 16:30:00,3,0.1147572151975451,0.1147572151975451,0.1147572151975451,0.0,0.0,0.0,99.99988524163722,1.147583627811e-06,0,0,0
2026-01-01 16:30:00,4,0.1119449941773049,0.1119449941773049,0.1119449941773049,0.0,0.0,0.0,99.99988805388637,1.119461136384e-06,0,0,0
2026-01-01 16:30:00,5,0.0524088713233858,0.0524088713233858,0.0524088713233858,0.0,0.0,0.0,99.99994759060458,5.240939541734006e-07,0,0,0
2026-01-01 16:30:00,6,0.0427177087406889,0.0427177087406889,0.0427177087406889,0.0,0.0,0.0,99.99995728186408,4.27181359220482e-07,0,0,0
2026-01-01 16:30:00,7,0.032983167298568,0.032983167298568,0.032983167298568,0.0,0.0,0.0,99.99996701650286,3.298349713353943e-07,0,0,0
2026-01-01 16:30:00,8,0.0302313065191571,0.0302313065191571,0.0302313065191571,0.0,0.0,0.0,99.99996976839117,3.0231608835245546e-07,0,0,0
2026-01-01 16:30:00,9,0.0274675836097164,0.0274675836097164,0.0274675836097164,0.0,0.0,0.0,99.99997253214171,2.746785828829931e-07,0,0,0
2026-01-01 16:30:00,10,0.0251061938612815,0.0251061938612815,0.0251061938612815,0.0,0.0,0.0,99.99997489355508,2.510644492573077e-07,0,0,0
2026-01-01 16:30:00,11,0.0220520686409329,0.0220520686409329,0.0220520686409329,0.0,0.0,0.0,99.99997794771083,2.205228916382457e-07,0,0,0
2026-01-01 16:30:00,12,0.0189845837196967,0.0189845837196966,0.01898458371969665,1.0061396160665481e-16,1.0061396160665481e-16,5.299769017562216e-15,99.99998101522644,1.8984773567432376e-07,0,0,0
2026-01-01 16:30:00,13,0.0127142664843881,0.0127142664843881,0.0127142664843881,0.0,0.0,0.0,99.99998728560637,1.271439362832442e-07,0,0,0
2026-01-01 16:30:00,14,0.0100458451884435,0.0100458451884435,0.0100458451884435,0.0,0.0,0.0,99.99998995405436,1.0045945647900059e-07,0,0,0
2026-01-01 16:30:00,15,0.0072268853964436,0.0072268853964436,0.0072268853964436,0.0,0.0,0.0,99.99999277304234,7.226957666020278e-08,0,0,0
2026-01-01 16:30:00,16,0.0044067490279233,0.0044067490279233,0.0044067490279233,0.0,0.0,0.0,99.9999955932069,4.406793095854319e-08,0,0,0
2026-01-01 16:30:00,17,0.0097205464778914,0.0097205464778914,0.0097205464778914,0.0,0.0,0.0,99.99999027935631,9.720643684328252e-08,0,0,0
2026-01-01 16:30:00,18,0.0122730750071085,0.0122730750071085,0.0122730750071085,0.0,0.0,0.0,99.99998772680226,1.227319773908594e-07,0,0,0
2026-01-01 16:30:00,19,0.0081845886520326,0.0081845886520326,0.0081845886520326,0.0,0.0,0.0,99.9999918153295,8.184670498737686e-08,0,0,0
2026-01-01 16:30:00,20,0.0040934813832128,0.0040934813832128,0.0040934813832128,0.0,0.0,0.0,99.99999590647768,4.093522318436006e-08,0,0,0
2026-01-01 16:30:00,21,0.0437311819416407,0.0437311819416407,0.0437311819416407,0.0,0.0,0.0,99.99995626838074,4.373161925783331e-07,0,0,0
2026-01-01 16:30:00,22,0.0394106124436545,0.0394106124436545,0.0394106124436545,0.0,0.0,0.0,99.99996058899345,3.941100655372008e-07,0,0,0
2026-01-01 16:30:00,23,0.0197356376447541,0.0197356376447541,0.0197356376447541,0.0,0.0,0.0,99.999980264165,1.9735835003104205e-07,0,0,0
2026-01-01 16:30:00,24,0.0586149256921268,0.0586149256921269,0.058614925692126854,-1.0408340855860843e-16,1.0408340855860843e-16,1.7757147957186755e-15,99.99994138448815,5.861551184724538e-07,0,0,0
2026-01-01 16:30:00,25,0.0560382337582011,0.0560382337582011,0.0560382337582011,0.0,0.0,0.0,99.99994396120586,5.603879414614262e-07,0,0,0
2026-01-01 16:30:00,26,0.0534803449382043,0.0534803449382043,0.0534803449382043,0.0,0.0,0.0,99.99994651912026,5.348087974700181e-07,0,0,0
2026-01-01 16:30:00,27,0.0510917051577411,0.0510917051577411,0.0510917051577411,0.0,0.0,0.0,99.99994890778392,5.109221607990193e-07,0,0,0
2026-01-01 16:30:00,28,0.045352470498417,0.045352470498417,0.045352470498417,0.0,0.0,0.0,99.99995464707597,4.535292402765731e-07,0,0,0
2026-01-01 16:30:00,29,0.0209277959599305,0.0209277959599305,0.0209277959599305,0.0,0.0,0.0,99.99997907199476,2.0928005239982968e-07,0,0,0
2026-01-01 16:30:00,30,0.0135592818466226,0.0135592818466226,0.0135592818466226,0.0,0.0,0.0,99.99998644058256,1.3559417440797065e-07,0,0,0
2026-01-01 16:30:00,31,0.0032155852677338,0.0032155852677338,0.0032155852677338,0.0,0.0,0.0,99.99999678438257,3.215617423908102e-08,0,0,0
2026-01-01 16:30:00,32,0.0,0.0,0.0,0.0,0.0,0.0,100.0,0.0,0,0,0
2026-01-01 16:30:00,33,0.0,0.0,0.0,0.0,0.0,0.0,100.0,0.0,0,0,0
2026-01-01 16:30:00,34,0.0,0.0,0.0,0.0,0.0,0.0,100.0,0.0,0,0,0
2026-01-01 16:30:00,35,0.0,0.0,0.0,0.0,0.0,0.0,100.0,0.0,0,0,0
2026-01-01 16:30:00,36,0.0,0.0,0.0,0.0,0.0,0.0,100.0,0.0,0,0,0
2026-01-01 16:45:00,0,0.1885442752147273,0.1885442752147273,0.1885442752147273,0.0,0.0,0.0,99.99981145383933,1.8854616067630001e-06,0,0,0
2026-01-01 16:45:00,1,0.170054894137063,0.1700548941370629,0.17005489413706296,1.1102230246251565e-16,1.1102230246251565e-16,6.528615156728e-16,99.9998299434053,1.7005659470300001e-06,0,0,0
2026-01-01 16:45:00,2,0.1221861974265767,0.1221861974265768,0.12218619742657674,-9.71445146547012e-17,9.71445146547012e-17,7.950530317677349e-16,99.9998778125807,1.221874193007e-06,0,0,0
2026-01-01 16:45:00,3,0.1160408212700966,0.1160408212700966,0.1160408212700966,0.0,0.0,0.0,99.99988395801832,1.160419816899e-06,0,0,0
2026-01-01 16:45:00,4,0.1131984761373656,0.1131984761373656,0.1131984761373656,0.0,0.0,0.0,99.99988680039186,1.131996081334e-06,0,0,0
2026-01-01 16:45:00,5,0.052993455785396,0.0529934557853961,0.05299345578539605,-9.71445146547012e-17,9.71445146547012e-17,1.8331413734685798e-15,99.99994700601428,5.299398572525336e-07,0,0,0
2026-01-01 16:45:00,6,0.043196081870612,0.043196081870612,0.043196081870612,0.0,0.0,0.0,99.99995680348617,4.319651383575043e-07,0,0,0
2026-01-01 16:45:00,7,0.0333543144690247,0.0333543144690247,0.0333543144690247,0.0,0.0,0.0,99.99996664535199,3.335464801550489e-07,0,0,0
2026-01-01 16:45:00,8,0.0305719579813252,0.0305719579813252,0.0305719579813252,0.0,0.0,0.0,99.99996942773629,3.057226370396229e-07,0,0,0
2026-01-01 16:45:00,9,0.0277774180153717,0.0277774180153717,0.0277774180153717,0.0,0.0,0.0,99.99997222230421,2.777769579232969e-07,0,0,0
2026-01-01 16:45:00,10,0.0253896564590162,0.0253896564590162,0.0253896564590162,0.0,0.0,0.0,99.99997461008964,2.538991035811985e-07,0,0,0
2026-01-01 16:45:00,11,0.0223013714196687,0.0223013714196687,0.0223013714196687,0.0,0.0,0.0,99.99997769840556,2.2301594435613063e-07,0,0,0
2026-01-01 16:45:00,12,0.0191993568564336,0.0191993568564336,0.0191993568564336,0.0,0.0,0.0,99.99998080045116,1.9199548851922184e-07,0,0,0
2026-01-01 16:45:00,13,0.0128582809617359,0.0128582809617359,0.0128582809617359,0.0,0.0,0.0,99.99998714159045,1.2858409545831373e-07,0,0,0
2026-01-01 16:45:00,14,0.0101597186634107,0.0101597186634107,0.0101597186634107,0.0,0.0,0.0,99.99998984017974,1.0159820261613356e-07,0,0,0
2026-01-01 16:45:00,15,0.0073088651693684,0.0073088651693684,0.0073088651693684,0.0,0.0,0.0,99.99999269106173,7.308938258751049e-08,0,0,0
2026-01-01 16:45:00,16,0.0044567508415651,0.0044567508415651,0.0044567508415651,0.0,0.0,0.0,99.99999554320459,4.4567954095192915e-08,0,0,0
2026-01-01 16:45:00,17,0.0136350970019802,0.0136350970019802,0.0136350970019802,0.0,0.0,0.0,99.99998636476664,1.3635233354313816e-07,0,0,0
2026-01-01 16:45:00,18,0.0124027628266154,0.0124027628266154,0.0124027628266154,0.0,0.0,0.0,99.99998759711315,1.2402886855483994e-07,0,0,0
2026-01-01 16:45:00,19,0.0082711017617884,0.0082711017617884,0.0082711017617884,0.0,0.0,0.0,99.99999172881553,8.271184473633216e-08,0,0,0
2026-01-01 16:45:00,20,0.0041367634644758,0.0041367634644758,0.0041367634644758,0.0,0.0,0.0,99.99999586319517,4.136804832524151e-08,0,0,0
2026-01-01 16:45:00,21,0.0441978965799692,0.0441978965799692,0.0441978965799692,0.0,0.0,0.0,99.99995580166144,4.4198338563354887e-07,0,0,0
2026-01-01 16:45:00,22,0.0398315452693505,0.0398315452693505,0.0398315452693505,0.0,0.0,0.0,99.99996016805642,3.983194358878647e-07,0,0,0
2026-01-01 16:45:00,23,0.0199467668849919,0.0199467668849919,0.0199467668849919,0.0,0.0,0.0,99.99998005303364,1.9946966354655523e-07,0,0,0
2026-01-01 16:45:00,24,0.0592731706956353,0.0592731706956353,0.0592731706956353,0.0,0.0,0.0,99.99994072623657,5.927376343326969e-07,0,0,0
2026-01-01 16:45:00,25,0.0566682392655687,0.0566682392655687,0.0566682392655687,0.0,0.0,0.0,99.99994333119405,5.666880595362828e-07,0,0,0
2026-01-01 16:45:00,26,0.0540822432406787,0.0540822432406787,0.0540822432406787,0.0,0.0,0.0,99.99994591721592,5.408278406851939e-07,0,0,0
2026-01-01 16:45:00,27,0.0516670430056673,0.0516670430056673,0.0516670430056673,0.0,0.0,0.0,99.99994833244033,5.166755968126419e-07,0,0,0
2026-01-01 16:45:00,28,0.0458634950956277,0.0458634950956277,0.0458634950956277,0.0,0.0,0.0,99.99995413604627,4.58639537351651e-07,0,0,0
2026-01-01 16:45:00,29,0.0211642267590574,0.0211642267590574,0.0211642267590574,0.0,0.0,0.0,99.99997883556159,2.1164438403441506e-07,0,0,0
2026-01-01 16:45:00,30,0.0137125240093468,0.0137125240093468,0.0137125240093468,0.0,0.0,0.0,99.99998628733887,1.3712661135958203e-07,0,0,0
2026-01-01 16:45:00,31,0.0032519351746578,0.0032519351746578,0.0032519351746578,0.0,0.0,0.0,99.9999967480323,3.251967694334798e-08,0,0,0
2026-01-01 16:45:00,32,0.0,0.0,0.0,0.0,0.0,0.0,100.0,0.0,0,0,0
2026-01-01 16:45:00,33,0.0,0.0,0.0,0.0,0.0,0.0,100.0,0.0,0,0,0
2026-01-01 16:45:00,34,0.0,0.0,0.0,0.0,0.0,0.0,100.0,0.0,0,0,0
2026-01-01 16:45:00,35,0.0,0.0,0.0,0.0,0.0,0.0,100.0,0.0,0,0,0
2026-01-01 16:45:00,36,0.0,0.0,0.0,0.0,0.0,0.0,100.0,0.0,0,0,0
2026-01-01 17:00:00,0,0.1983382126712716,0.1983382126712717,0.19833821267127166,-8.326672684688674e-17,8.326672684688674e-17,4.198218867015567e-16,99.99980165980392,1.9834019607319998e-06,0,0,0
2026-01-01 17:00:00,1,0.1793765490533743,0.1793765490533743,0.1793765490533743,0.0,0.0,0.0,99.99982062165716,1.793783428368e-06,0,0,0
2026-01-01 17:00:00,2,0.1289732769628227,0.1289732769628227,0.1289732769628227,0.0,0.0,0.0,99.9998710254333,1.2897456670840001e-06,0,0,0
2026-01-01 17:00:00,3,0.1225033121461115,0.1225033121461115,0.1225033121461115,0.0,0.0,0.0,99.99987749546281,1.225045371914e-06,0,0,0
2026-01-01 17:00:00,4,0.1195097299668994,0.1195097299668994,0.1195097299668994,0.0,0.0,0.0,99.99988048907493,1.1951092507610001e-06,0,0,0
2026-01-01 17:00:00,5,0.0559360832416639,0.0559360832416639,0.0559360832416639,0.0,0.0,0.0,99.99994406335739,5.593664260809001e-07,0,0,0
2026-01-01 17:00:00,6,0.0456046981391478,0.0456046981391478,0.0456046981391478,0.0,0.0,0.0,99.99995439484582,4.5605154190689794e-07,0,0,0
2026-01-01 17:00:00,7,0.0352236416588924,0.0352236416588924,0.0352236416588924,0.0,0.0,0.0,99.9999647760061,3.5223993898831394e-07,0,0,0
2026-01-01 17:00:00,8,0.0322878471199529,0.0322878471199529,0.0322878471199529,0.0,0.0,0.0,99.99996771183,3.2288170001653e-07,0,0,0
2026-01-01 17:00:00,9,0.0293381887317065,0.0293381887317065,0.0293381887317065,0.0,0.0,0.0,99.99997066151788,2.9338482116527695e-07,0,0,0
2026-01-01 17:00:00,10,0.0268176702499764,0.0268176702499764,0.0268176702499764,0.0,0.0,0.0,99.99997318206157,2.681793842936078e-07,0,0,0
2026-01-01 17:00:00,11,0.0235574057528066,0.0235574057528066,0.0235574057528066,0.0,0.0,0.0,99.99997644235867,2.3557641329219964e-07,0,0,0
2026-01-01 17:00:00,12,0.0202814750117592,0.0202814750117592,0.0202814750117592,0.0,0.0,0.0,99.99997971832217,2.028167782853757e-07,0,0,0
2026-01-01 17:00:00,13,0.0135839477276747,0.0135839477276747,0.0135839477276747,0.0,0.0,0.0,99.99998641591642,1.358408356851047e-07,0,0,0
2026-01-01 17:00:00,14,0.0107335383837348,0.0107335383837348,0.0107335383837348,0.0,0.0,0.0,99.99998926635428,1.0733645720192005e-07,0,0,0
2026-01-01 17:00:00,15,0.0077219899970525,0.0077219899970525,0.0077219899970525,0.0,0.0,0.0,99.99999227793278,7.722067217724686e-08,0,0,0
2026-01-01 17:00:00,16,0.0047087319561732,0.0047087319561732,0.0047087319561732,0.0,0.0,0.0,99.99999529122096,4.7087790439636567e-08,0,0,0
2026-01-01 17:00:00,17,0.0138447234816799,0.0138447234816799,0.0138447234816799,0.0,0.0,0.0,99.99998615513807,1.3844861930299247e-07,0,0,0
2026-01-01 17:00:00,18,0.0130462243587494,0.0130462243587494,0.0130462243587494,0.0,0.0,0.0,99.99998695364518,1.3046354822297687e-07,0,0,0
2026-01-01 17:00:00,19,0.0087003532328638,0.0087003532328638,0.0087003532328638,0.0,0.0,0.0,99.99999129955977,8.70044023726622e-08,0,0,0
2026-01-01 17:00:00,20,0.0043515188488763,0.0043515188488763,0.0043515188488763,0.0,0.0,0.0,99.99999564843763,4.351562364500038e-08,0,0,0
2026-01-01 17:00:00,21,0.046540396954304,0.046540396954304,0.046540396954304,0.0,0.0,0.0,99.99995345913764,4.654086236292772e-07,0,0,0
2026-01-01 17:00:00,22,0.0419443585411701,0.0419443585411701,0.0419443585411701,0.0,0.0,0.0,99.99995805522201,4.194477798895002e-07,0,0,0
2026-01-01 17:00:00,23,0.0210066020269701,0.0210066020269701,0.0210066020269701,0.0,0.0,0.0,99.99997899318791,2.100681209509111e-07,0,0,0
2026-01-01 17:00:00,24,0.0625880575935827,0.0625880575935827,0.0625880575935827,0.0,0.0,0.0,99.99993741131652,6.258868348041752e-07,0,0,0
2026-01-01 17:00:00,25,0.0598411429805511,0.0598411429805511,0.0598411429805511,0.0,0.0,0.0,99.9999401582586,5.984174139796509e-07,0,0,0
2026-01-01 17:00:00,26,0.0571138047161132,0.0571138047161132,0.0571138047161132,0.0,0.0,0.0,99.99994288562414,5.711437585987186e-07,0,0,0
2026-01-01 17:00:00,27,0.0545649361384496,0.0545649361384496,0.0545649361384496,0.0,0.0,0.0,99.99994543451821,5.456548179326758e-07,0,0,0
2026-01-01 17:00:00,28,0.0484375581530896,0.0484375581530896,0.0484375581530896,0.0,0.0,0.0,99.99995156195746,4.843804253351501e-07,0,0,0
2026-01-01 17:00:00,29,0.0223553539268157,0.0223553539268157,0.0223553539268157,0.0,0.0,0.0,99.99997764442251,2.2355577482590537e-07,0,0,0
2026-01-01 17:00:00,30,0.0144845700825787,0.0144845700825787,0.0144845700825787,0.0,0.0,0.0,99.99998551528508,1.4484714929728015e-07,0,0,0
2026-01-01 17:00:00,31,0.0034350717627784,0.0034350717627784,0.0034350717627784,0.0,0.0,0.0,99.99999656489389,3.4351061138396294e-08,0,0,0
2026-01-01 17:00:00,32,0.0,0.0,0.0,0.0,0.0,0.0,100.0,0.0,0,0,0
2026-01-01 17:00:00,33,0.0,0.0,0.0,0.0,0.0,0.0,100.0,0.0,0,0,0
2026-01-01 17:00:00,34,0.0,0.0,0.0,0.0,0.0,0.0,100.0,0.0,0,0,0
2026-01-01 17:00:00,35,0.0,0.0,0.0,0.0,0.0,0.0,100.0,0.0,0,0,0
2026-01-01 17:00:00,36,0.0,0.0,0.0,0.0,0.0,0.0,100.0,0.0,0,0,0
2026-01-01 17:15:00,0,0.1970389881732936,0.1970389881732936,0.1970389881732936,0.0,0.0,0.0,99.99980295904142,1.970409585828e-06,0,0,0
2026-01-01 17:15:00,1,0.1759180777351405,0.1759180777351405,0.1759180777351405,0.0,0.0,0.0,99.99982408016307,1.7591983693350002e-06,0,0,0
2026-01-01 17:15:00,2,0.1264540625807232,0.1264540625807232,0.1264540625807232,0.0,0.0,0.0,99.99987354467287,1.264553271339e-06,0,0,0
2026-01-01 17:15:00,3,0.1201043754285532,0.1201043754285533,0.12010437542855326,-9.71445146547012e-17,9.71445146547012e-17,8.088340347279802e-16,99.99987989442351,1.2010557648429999e-06,0,0,0
2026-01-01 17:15:00,4,0.1171668481357869,0.1171668481357869,0.1171668481357869,0.0,0.0,0.0,99.99988283198019,1.171680198159e-06,0,0,0
2026-01-01 17:15:00,5,0.0548438617278208,0.0548438617278208,0.0548438617278208,0.0,0.0,0.0,99.99994515558983,5.484441017192253e-07,0,0,0
2026-01-01 17:15:00,6,0.0447105610099963,0.0447105610099963,0.0447105610099963,0.0,0.0,0.0,99.99995528899188,4.471100812007757e-07,0,0,0
2026-01-01 17:15:00,7,0.0345295822333028,0.0345295822333028,0.0345295822333028,0.0,0.0,0.0,99.99996547007247,3.452992753257821e-07,0,0,0
2026-01-01 17:15:00,8,0.0316507258840474,0.0316507258840474,0.0316507258840474,0.0,0.0,0.0,99.99996834895761,3.1651042394471434e-07,0,0,0
2026-01-01 17:15:00,9,0.0287586420060768,0.0287586420060768,0.0287586420060768,0.0,0.0,0.0,99.9999712410704,2.875892959537283e-07,0,0,0
2026-01-01 17:15:00,10,0.0262874009996907,0.0262874009996907,0.0262874009996907,0.0,0.0,0.0,99.99997371233613,2.6287663876329497e-07,0,0,0
2026-01-01 17:15:00,11,0.0230909763052032,0.0230909763052032,0.0230909763052032,0.0,0.0,0.0,99.99997690879279,2.309120721727541e-07,0,0,0
2026-01-01 17:15:00,12,0.0198796193375256,0.0198796193375256,0.0198796193375256,0.0,0.0,0.0,99.99998012018186,1.9879818135707047e-07,0,0,0
2026-01-01 17:15:00,13,0.0133144517282196,0.0133144517282196,0.0133144517282196,0.0,0.0,0.0,99.99998668541512,1.3314584874068433e-07,0,0,0
2026-01-01 17:15:00,14,0.0105204291031213,0.0105204291031213,0.0105204291031213,0.0,0.0,0.0,99.9999894794657,1.0520534308464467e-07,0,0,0
2026-01-01 17:15:00,15,0.0075685566050579,0.0075685566050579,0.0075685566050579,0.0,0.0,0.0,99.99999243136772,7.568632291380861e-08,0,0,0
2026-01-01 17:15:00,16,0.0046151459854934,0.0046151459854934,0.0046151459854934,0.0,0.0,0.0,99.99999538480786,4.615192137414853e-08,0,0,0
2026-01-01 17:15:00,17,0.0162084138920034,0.0162084138920034,0.0162084138920034,0.0,0.0,0.0,99.99998379142403,1.6208575977763221e-07,0,0,0
2026-01-01 17:15:00,18,0.0128087267335737,0.0128087267335737,0.0128087267335737,0.0,0.0,0.0,99.99998719114518,1.280885482212193e-07,0,0,0
2026-01-01 17:15:00,19,0.0085419178201188,0.0085419178201188,0.0085419178201188,0.0,0.0,0.0,99.99999145799676,8.542003240151297e-08,0,0,0
2026-01-01 17:15:00,20,0.0042722526428241,0.0042722526428241,0.0042722526428241,0.0,0.0,0.0,99.99999572770463,4.272295365777829e-08,0,0,0
2026-01-01 17:15:00,21,0.045672292290667,0.045672292290667,0.045672292290667,0.0,0.0,0.0,99.99995432725098,4.5672749018157214e-07,0,0,0
2026-01-01 17:15:00,22,0.0411613537281107,0.0411613537281107,0.0411613537281107,0.0,0.0,0.0,99.99995883823465,4.116176534576418e-07,0,0,0
2026-01-01 17:15:00,23,0.020613808599912,0.020613808599912,0.020613808599912,0.0,0.0,0.0,99.99997938598526,2.0614014740059483e-07,0,0,0
2026-01-01 17:15:00,24,0.0613573676238744,0.0613573676238744,0.0613573676238744,0.0,0.0,0.0,99.99993864201879,6.135798120368645e-07,0,0,0
2026-01-01 17:15:00,25,0.0586631198444874,0.0586631198444874,0.0586631198444874,0.0,0.0,0.0,99.99994133629352,5.866370648155226e-07,0,0,0
2026-01-01 17:15:00,26,0.0559882155111451,0.0559882155111451,0.0559882155111451,0.0,0.0,0.0,99.9999440112246,5.598877539889914e-07,0,0,0
2026-01-01 17:15:00,27,0.0534889550366435,0.0534889550366435,0.0534889550366435,0.0,0.0,0.0,99.99994651051007,5.348948993154288e-07,0,0,0
2026-01-01 17:15:00,28,0.0474817930864395,0.0474817930864396,0.04748179308643955,-9.71445146547012e-17,9.71445146547012e-17,2.045931458791733e-15,99.9999525177321,4.748226790911869e-07,0,0,0
2026-01-01 17:15:00,29,0.0219130390057266,0.0219130390057266,0.0219130390057266,0.0,0.0,0.0,99.99997808674186,2.1913258138307994e-07,0,0,0
2026-01-01 17:15:00,30,0.0141978734794327,0.0141978734794327,0.0141978734794327,0.0,0.0,0.0,99.99998580198454,1.4198015459587315e-07,0,0,0
2026-01-01 17:15:00,31,0.0033670640514426,0.0033670640514426,0.0033670640514426,0.0,0.0,0.0,99.99999663290228,3.367097722419851e-08,0,0,0
2026-01-01 17:15:00,32,0.0,0.0,0.0,0.0,0.0,0.0,100.0,0.0,0,0,0
2026-01-01 17:15:00,33,0.0,0.0,0.0,0.0,0.0,0.0,100.0,0.0,0,0,0
2026-01-01 17:15:00,34,0.0,0.0,0.0,0.0,0.0,0.0,100.0,0.0,0,0,0
2026-01-01 17:15:00,35,0.0,0.0,0.0,0.0,0.0,0.0,100.0,0.0,0,0,0
2026-01-01 17:15:00,36,0.0,0.0,0.0,0.0,0.0,0.0,100.0,0.0,0,0,0
2026-01-01 17:30:00,0,0.191678047472014,0.191678047472014,0.191678047472014,0.0,0.0,0.0,99.99980832003573,1.916799642716e-06,0,0,0
2026-01-01 17:30:00,1,0.1720368823822549,0.1720368823822549,0.1720368823822549,0.0,0.0,0.0,99.99982796139723,1.720386027682e-06,0,0,0
2026-01-01 17:30:00,2,0.1236284693538662,0.1236284693538662,0.1236284693538662,0.0,0.0,0.0,99.99987637029434,1.2362970565090001e-06,0,0,0
2026-01-01 17:30:00,3,0.117413969138911,0.117413969138911,0.117413969138911,0.0,0.0,0.0,99.9998825848567,1.174151432903e-06,0,0,0
2026-01-01 17:30:00,4,0.1145394265320935,0.1145394265320935,0.1145394265320935,0.0,0.0,0.0,99.99988545942806,1.145405719378e-06,0,0,0
2026-01-01 17:30:00,5,0.0536187839369318,0.0536187839369317,0.05361878393693175,9.71445146547012e-17,9.71445146547012e-17,1.811762397508713e-15,99.99994638067987,5.36193201301331e-07,0,0,0
2026-01-01 17:30:00,6,0.0437078372566771,0.0437078372566771,0.0437078372566771,0.0,0.0,0.0,99.99995629172567,4.3708274339420547e-07,0,0,0
2026-01-01 17:30:00,7,0.0337514005501844,0.0337514005501845,0.033751400550184454,-1.0408340855860843e-16,1.0408340855860843e-16,3.083823960597091e-15,99.99996624826193,3.375173806756518e-07,0,0,0
2026-01-01 17:30:00,8,0.0309364274119221,0.0309364274119221,0.0309364274119221,0.0,0.0,0.0,99.99996906326322,3.093673677928994e-07,0,0,0
2026-01-01 17:30:00,9,0.0281089229178215,0.0281089229178215,0.0281089229178215,0.0,0.0,0.0,99.99997189079599,2.8109204009861626e-07,0,0,0
2026-01-01 17:30:00,10,0.0256929509400393,0.0256929509400393,0.0256929509400393,0.0,0.0,0.0,99.99997430679213,2.569320787211811e-07,0,0,0
2026-01-01 17:30:00,11,0.0225681233566067,0.0225681233566067,0.0225681233566067,0.0,0.0,0.0,99.99997743165096,2.2568349040097116e-07,0,0,0
2026-01-01 17:30:00,12,0.0194291657005651,0.0194291657005651,0.0194291657005651,0.0,0.0,0.0,99.99998057064,1.9429359994165077e-07,0,0,0
2026-01-01 17:30:00,13,0.0130123815239937,0.0130123815239937,0.0130123815239937,0.0,0.0,0.0,99.99998698748836,1.3012511649110264e-07,0,0,0
2026-01-01 17:30:00,14,0.0102815691927853,0.0102815691927853,0.0102815691927853,0.0,0.0,0.0,99.999989718328,1.0281672009505411e-07,0,0,0
2026-01-01 17:30:00,15,0.0073965891437654,0.0073965891437654,0.0073965891437654,0.0,0.0,0.0,99.99999260333689,7.396663110396534e-08,0,0,0
2026-01-01 17:30:00,16,0.0045102565008968,0.0045102565008968,0.0045102565008968,0.0,0.0,0.0,99.99999548969839,4.510301603912927e-08,0,0,0
2026-01-01 17:30:00,17,0.0147712441490215,0.0147712441490215,0.0147712441490215,0.0,0.0,0.0,99.99998522860814,1.4771391862940153e-07,0,0,0
2026-01-01 17:30:00,18,0.0125402484982641,0.0125402484982641,0.0125402484982641,0.0,0.0,0.0,99.9999874596261,1.254037390200315e-07,0,0,0
2026-01-01 17:30:00,19,0.0083628170125056,0.0083628170125056,0.0083628170125056,0.0,0.0,0.0,99.99999163709936,8.362900641512075e-08,0,0,0
2026-01-01 17:30:00,20,0.0041826482880809,0.0041826482880809,0.0041826482880809,0.0,0.0,0.0,99.99999581730988,4.182690114982126e-08,0,0,0
2026-01-01 17:30:00,21,0.0446966927452807,0.0446966927452807,0.0446966927452807,0.0,0.0,0.0,99.99995530286029,4.469713971667789e-07,0,0,0
2026-01-01 17:30:00,22,0.0402814189814058,0.0402814189814058,0.0402814189814058,0.0,0.0,0.0,99.9999597181782,4.028182179962388e-07,0,0,0
2026-01-01 17:30:00,23,0.0201724187562657,0.0201724187562656,0.020172418756265652,1.0061396160665481e-16,1.0061396160665481e-16,4.987696961150669e-15,99.99997982737952,2.0172620482470525e-07,0,0,0
2026-01-01 17:30:00,24,0.0599773902734514,0.0599773902734514,0.0599773902734514,0.0,0.0,0.0,99.99994002200995,5.997799005335198e-07,0,0,0
2026-01-01 17:30:00,25,0.0573422620781446,0.0573422620781446,0.0573422620781446,0.0,0.0,0.0,99.9999426571645,5.734283550649973e-07,0,0,0
2026-01-01 17:30:00,26,0.0547262091581448,0.0547262091581448,0.0547262091581448,0.0,0.0,0.0,99.99994527324357,5.472675642570912e-07,0,0,0
2026-01-01 17:30:00,27,0.0522825992187307,0.0522825992187307,0.0522825992187307,0.0,0.0,0.0,99.99994771687795,5.228312204995123e-07,0,0,0
2026-01-01 17:30:00,28,0.046410249325781,0.046410249325781,0.046410249325781,0.0,0.0,0.0,99.99995358928656,4.641071343291537e-07,0,0,0
2026-01-01 17:30:00,29,0.0214172021078295,0.0214172021078295,0.0214172021078295,0.0,0.0,0.0,99.99997858258372,2.1417416281992324e-07,0,0,0
2026-01-01 17:30:00,30,0.0138764907636751,0.0138764907636751,0.0138764907636751,0.0,0.0,0.0,99.99998612337048,1.387662952997042e-07,0,0,0
2026-01-01 17:30:00,31,0.0032908292063755,0.0032908292063755,0.0032908292063755,0.0,0.0,0.0,99.99999670913789,3.29086211499669e-08,0,0,0
2026-01-01 17:30:00,32,0.0,0.0,0.0,0.0,0.0,0.0,100.0,0.0,0,0,0
2026-01-01 17:30:00,33,0.0,0.0,0.0,0.0,0.0,0.0,100.0,0.0,0,0,0
2026-01-01 17:30:00,34,0.0,0.0,0.0,0.0,0.0,0.0,100.0,0.0,0,0,0
2026-01-01 17:30:00,35,0.0,0.0,0.0,0.0,0.0,0.0,100.0,0.0,0,0,0
2026-01-01 17:30:00,36,0.0,0.0,0.0,0.0,0.0,0.0,100.0,0.0,0,0,0
2026-01-01 17:45:00,0,0.1954392316307822,0.1954392316307822,0.1954392316307822,0.0,0.0,0.0,99.99980455881396,1.954411860426e-06,0,0,0
2026-01-01 17:45:00,1,0.1743993616929376,0.1743993616929377,0.17439936169293765,-1.1102230246251565e-16,1.1102230246251565e-16,6.365980644585746e-16,99.99982559889429,1.744011057039e-06,0,0,0
2026-01-01 17:45:00,2,0.1253482105379777,0.1253482105379776,0.12534821053797765,1.1102230246251565e-16,1.1102230246251565e-16,8.857110375083337e-16,99.99987465053597,1.2534946403259999e-06,0,0,0
2026-01-01 17:45:00,3,0.11905139596204,0.11905139596204,0.11905139596204,0.0,0.0,0.0,99.99988094741352,1.190525864879e-06,0,0,0
2026-01-01 17:45:00,4,0.1161385047761227,0.1161385047761227,0.1161385047761227,0.0,0.0,0.0,99.99988386033382,1.161396661727e-06,0,0,0
2026-01-01 17:45:00,5,0.0543644061512534,0.0543644061512534,0.0543644061512534,0.0,0.0,0.0,99.9999456350502,5.436494980075147e-07,0,0,0
2026-01-01 17:45:00,6,0.044318105533683,0.044318105533683,0.044318105533683,0.0,0.0,0.0,99.99995568145128,4.431854871917021e-07,0,0,0
2026-01-01 17:45:00,7,0.0342249891847962,0.0342249891847962,0.0342249891847962,0.0,0.0,0.0,99.99996577466857,3.4225331438110663e-07,0,0,0
2026-01-01 17:45:00,8,0.0313711322340996,0.0313711322340996,0.0313711322340996,0.0,0.0,0.0,99.99996862855406,3.1371445948559086e-07,0,0,0
2026-01-01 17:45:00,9,0.0285043224259636,0.0285043224259636,0.0285043224259636,0.0,0.0,0.0,99.99997149539253,2.8504607472038376e-07,0,0,0
2026-01-01 17:45:00,10,0.0260547122332475,0.0260547122332475,0.0260547122332475,0.0,0.0,0.0,99.99997394502722,2.6054972782975364e-07,0,0,0
2026-01-01 17:45:00,11,0.0228863093351479,0.0228863093351479,0.0228863093351479,0.0,0.0,0.0,99.9999771134618,2.288653820052999e-07,0,0,0
2026-01-01 17:45:00,12,0.019703290765138,0.019703290765138,0.019703290765138,0.0,0.0,0.0,99.9999802965122,1.9703487800016006e-07,0,0,0
2026-01-01 17:45:00,13,0.0131962052170488,0.0131962052170488,0.0131962052170488,0.0,0.0,0.0,99.99998680366282,1.3196337180420622e-07,0,0,0
2026-01-01 17:45:00,14,0.0104269254836108,0.0104269254836108,0.0104269254836108,0.0,0.0,0.0,99.99998957297025,1.0427029753908356e-07,0,0,0
2026-01-01 17:45:00,15,0.0075012378422493,0.0075012378422493,0.0075012378422493,0.0,0.0,0.0,99.99999249868715,7.501312855377926e-08,0,0,0
2026-01-01 17:45:00,16,0.0045740855598981,0.0045740855598981,0.0045740855598981,0.0,0.0,0.0,99.9999954258687,4.574131301211189e-08,0,0,0
2026-01-01 17:45:00,17,0.0161734333277579,0.0161734333277579,0.0161734333277579,0.0,0.0,0.0,99.99998382640494,1.617359506370855e-07,0,0,0
2026-01-01 17:45:00,18,0.0127039142494872,0.0127039142494872,0.0127039142494872,0.0,0.0,0.0,99.9999872959587,1.270404128990015e-07,0,0,0
2026-01-01 17:45:00,19,0.0084719975726722,0.0084719975726722,0.0084719975726722,0.0,0.0,0.0,99.9999915279177,8.472082293495185e-08,0,0,0
2026-01-01 17:45:00,20,0.0042372713450488,0.0042372713450488,0.0042372713450488,0.0,0.0,0.0,99.99999576268628,4.237313718186009e-08,0,0,0
2026-01-01 17:45:00,21,0.0452907140283976,0.0452907140283976,0.0452907140283976,0.0,0.0,0.0,99.99995470883306,4.529116694006702e-07,0,0,0
2026-01-01 17:45:00,22,0.0408171886085252,0.0408171886085251,0.04081718860852515,9.71445146547012e-17,9.71445146547012e-17,2.3799897583958962e-15,99.99995918240322,4.0817596784493043e-07,0,0,0
2026-01-01 17:45:00,23,0.0204411660920502,0.0204411660920502,0.0204411660920502,0.0,0.0,0.0,99.99997955862949,2.0441370505755283e-07,0,0,0
2026-01-01 17:45:00,24,0.0608172374948318,0.0608172374948318,0.0608172374948318,0.0,0.0,0.0,99.99993918215432,6.081784567328858e-07,0,0,0
2026-01-01 17:45:00,25,0.0581461213427029,0.0581461213427029,0.0581461213427029,0.0,0.0,0.0,99.99994185329719,5.814670280973103e-07,0,0,0
2026-01-01 17:45:00,26,0.0554942445635968,0.0554942445635968,0.0554942445635968,0.0,0.0,0.0,99.99994450520049,5.549479951159193e-07,0,0,0
2026-01-01 17:45:00,27,0.0530167628672567,0.0530167628672567,0.0530167628672567,0.0,0.0,0.0,99.99994698270696,5.301729304018718e-07,0,0,0
2026-01-01 17:45:00,28,0.0470623653455997,0.0470623653455997,0.0470623653455997,0.0,0.0,0.0,99.99995293716403,4.7062835973959524e-07,0,0,0
2026-01-01 17:45:00,29,0.0217189492326391,0.0217189492326391,0.0217189492326391,0.0,0.0,0.0,99.99997828083357,2.1719166424303363e-07,0,0,0
2026-01-01 17:45:00,30,0.0140720711522987,0.0140720711522987,0.0140720711522987,0.0,0.0,0.0,99.99998592778813,1.4072211874417468e-07,0,0,0
2026-01-01 17:45:00,31,0.0033372225160066,0.0033372225160066,0.0033372225160066,0.0,0.0,0.0,99.99999666274411,3.337255888565527e-08,0,0,0
2026-01-01 17:45:00,32,0.0,0.0,0.0,0.0,0.0,0.0,100.0,0.0,0,0,0
2026-01-01 17:45:00,33,0.0,0.0,0.0,0.0,0.0,0.0,100.0,0.0,0,0,0
2026-01-01 17:45:00,34,0.0,0.0,0.0,0.0,0.0,0.0,100.0,0.0,0,0,0
2026-01-01 17:45:00,35,0.0,0.0,0.0,0.0,0.0,0.0,100.0,0.0,0,0,0
2026-01-01 17:45:00,36,0.0,0.0,0.0,0.0,0.0,0.0,100.0,0.0,0,0,0
2026-01-01 18:00:00,0,0.1988551854206069,0.1988551854206069,0.1988551854206069,0.0,0.0,0.0,99.999801142826,1.988571739923e-06,0,0,0
2026-01-01 18:00:00,1,0.176830006695824,0.176830006695824,0.176830006695824,0.0,0.0,0.0,99.99982316822499,1.768317750135e-06,0,0,0
2026-01-01 18:00:00,2,0.1271182318469523,0.1271182318469523,0.1271182318469523,0.0,0.0,0.0,99.99987288049695,1.2711950304189999e-06,0,0,0
2026-01-01 18:00:00,3,0.1207368169472162,0.1207368169472162,0.1207368169472162,0.0,0.0,0.0,99.99987926197568,1.207380243274e-06,0,0,0
2026-01-01 18:00:00,4,0.1177845042142216,0.1177845042142217,0.11778450421422165,-9.71445146547012e-17,9.71445146547012e-17,8.247647435045552e-16,99.99988221431794,1.17785682071e-06,0,0,0
2026-01-01 18:00:00,5,0.0551318182206806,0.0551318182206806,0.0551318182206806,0.0,0.0,0.0,99.99994486763046,5.513236954437608e-07,0,0,0
2026-01-01 18:00:00,6,0.0449462828668283,0.0449462828668283,0.0449462828668283,0.0,0.0,0.0,99.99995505326767,4.4946732334151706e-07,0,0,0
2026-01-01 18:00:00,7,0.0347125469526605,0.0347125469526605,0.0347125469526605,0.0,0.0,0.0,99.99996528710592,3.4712894081601357e-07,0,0,0
2026-01-01 18:00:00,8,0.0318186780306376,0.0318186780306376,0.0318186780306376,0.0,0.0,0.0,99.99996818100378,3.181899622059988e-07,0,0,0
2026-01-01 18:00:00,9,0.0289114149281223,0.0289114149281223,0.0289114149281223,0.0,0.0,0.0,99.99997108829595,2.8911704045162785e-07,0,0,0
2026-01-01 18:00:00,10,0.0264271824125117,0.0264271824125117,0.0264271824125117,0.0,0.0,0.0,99.99997357255332,2.642744668697861e-07,0,0,0
2026-01-01 18:00:00,11,0.023213927308208,0.023213927308208,0.023213927308208,0.0,0.0,0.0,99.99997678584054,2.321415944980257e-07,0,0,0
2026-01-01 18:00:00,12,0.0199855477737288,0.0199855477737288,0.0199855477737288,0.0,0.0,0.0,99.99998001425237,1.998574763120516e-07,0,0,0
2026-01-01 18:00:00,13,0.0133854892995744,0.0133854892995744,0.0133854892995744,0.0,0.0,0.0,99.99998661437684,1.3385623155806032e-07,0,0,0
2026-01-01 18:00:00,14,0.010576602944986,0.010576602944986,0.010576602944986,0.0,0.0,0.0,99.99998942329128,1.0576708712073173e-07,0,0,0
2026-01-01 18:00:00,15,0.0076090000134388,0.0076090000134388,0.0076090000134388,0.0,0.0,0.0,99.9999923909239,7.609076104199934e-08,0,0,0
2026-01-01 18:00:00,16,0.0046398141670712,0.0046398141670712,0.0046398141670712,0.0,0.0,0.0,99.99999536013944,4.6398605656768966e-08,0,0,0
2026-01-01 18:00:00,17,0.0171451456439154,0.0171451456439154,0.0171451456439154,0.0,0.0,0.0,99.9999828546829,1.7145317097086406e-07,0,0,0
2026-01-01 18:00:00,18,0.0128718984611561,0.0128718984611561,0.0128718984611561,0.0,0.0,0.0,99.99998712797282,1.2872027181428007e-07,0,0,0
2026-01-01 18:00:00,19,0.0085840598637105,0.0085840598637105,0.0085840598637105,0.0,0.0,0.0,99.9999914158543,8.584145705167607e-08,0,0,0
2026-01-01 18:00:00,20,0.0042933365580856,0.0042933365580856,0.0042933365580856,0.0,0.0,0.0,99.99999570662051,4.293379491880521e-08,0,0,0
2026-01-01 18:00:00,21,0.0459012810326163,0.0459012810326163,0.0459012810326163,0.0,0.0,0.0,99.99995409825995,4.5901740050016844e-07,0,0,0
2026-01-01 18:00:00,22,0.0413678931856248,0.0413678931856247,0.041367893185624754,1.0408340855860843e-16,1.0408340855860843e-16,2.5160426452259014e-15,99.99995863169313,4.136830686869349e-07,0,0,0
2026-01-01 18:00:00,23,0.020717417163418,0.020717417163418,0.020717417163418,0.0,0.0,0.0,99.99997928237566,2.071762433966149e-07,0,0,0
2026-01-01 18:00:00,24,0.0616818042576392,0.0616818042576392,0.0616818042576392,0.0,0.0,0.0,99.99993831757892,6.168242108185011e-07,0,0,0
2026-01-01 18:00:00,25,0.058973668307759,0.058973668307759,0.058973668307759,0.0,0.0,0.0,99.99994102574195,5.897425805033954e-07,0,0,0
2026-01-01 18:00:00,26,0.0562849376334924,0.0562849376334924,0.0562849376334924,0.0,0.0,0.0,99.99994371449951,5.628550048849735e-07,0,0,0
2026-01-01 18:00:00,27,0.0537725978099083,0.0537725978099083,0.0537725978099083,0.0,0.0,0.0,99.99994622686445,5.377313554126379e-07,0,0,0
2026-01-01 18:00:00,28,0.0477337434609205,0.0477337434609205,0.0477337434609205,0.0,0.0,0.0,99.9999522657792,4.773422080312858e-07,0,0,0
2026-01-01 18:00:00,29,0.0220296344119585,0.0220296344119585,0.0220296344119585,0.0,0.0,0.0,99.9999779701453,2.202985471050565e-07,0,0,0
2026-01-01 18:00:00,30,0.014273447134795,0.014273447134795,0.014273447134795,0.0,0.0,0.0,99.99998572641013,1.4273589870693795e-07,0,0,0
2026-01-01 18:00:00,31,0.0033849909348305,0.0033849909348305,0.0033849909348305,0.0,0.0,0.0,99.99999661497522,3.385024785078381e-08,0,0,0
2026-01-01 18:00:00,32,0.0,0.0,0.0,0.0,0.0,0.0,100.0,0.0,0,0,0
2026-01-01 18:00:00,33,0.0,0.0,0.0,0.0,0.0,0.0,100.0,0.0,0,0,0
2026-01-01 18:00:00,34,0.0,0.0,0.0,0.0,0.0,0.0,100.0,0.0,0,0,0
2026-01-01 18:00:00,35,0.0,0.0,0.0,0.0,0.0,0.0,100.0,0.0,0,0,0
2026-01-01 18:00:00,36,0.0,0.0,0.0,0.0,0.0,0.0,100.0,0.0,0,0,0
2026-01-01 18:15:00,0,0.2083657233320866,0.2083657233320866,0.2083657233320866,0.0,0.0,0.0,99.999791632193,2.0836780701009997e-06,0,0,0
2026-01-01 18:15:00,1,0.1853410318345596,0.1853410318345596,0.1853410318345596,0.0,0.0,0.0,99.99981465711474,1.853428852634e-06,0,0,0
2026-01-01 18:15:00,2,0.1333213719927016,0.1333213719927016,0.1333213719927016,0.0,0.0,0.0,99.99986667729478,1.333227052197e-06,0,0,0
2026-01-01 18:15:00,3,0.1266444427350679,0.1266444427350678,0.12664444273506786,8.326672684688674e-17,8.326672684688674e-17,6.574842012312645e-16,99.99987335429081,1.266457091921e-06,0,0,0
2026-01-01 18:15:00,4,0.1235543638237152,0.1235543638237153,0.12355436382371525,-1.1102230246251565e-16,1.1102230246251565e-16,8.98570394771454e-16,99.99987644440063,1.235555993797e-06,0,0,0
2026-01-01 18:15:00,5,0.0578211756669763,0.0578211756669763,0.0578211756669763,0.0,0.0,0.0,99.99994217824612,5.782175388451522e-07,0,0,0
2026-01-01 18:15:00,6,0.0471483030939905,0.0471483030939905,0.0471483030939905,0.0,0.0,0.0,99.99995285122542,4.714877458173641e-07,0,0,0
2026-01-01 18:15:00,7,0.036422212513812,0.036422212513812,0.036422212513812,0.0,0.0,0.0,99.99996357742326,3.642257673957946e-07,0,0,0
2026-01-01 18:15:00,8,0.0333881898017614,0.0333881898017614,0.0333881898017614,0.0,0.0,0.0,99.99996661147631,3.3388523686998316e-07,0,0,0
2026-01-01 18:15:00,9,0.0303391656810932,0.0303391656810932,0.0303391656810932,0.0,0.0,0.0,99.99996966053092,3.033946907578399e-07,0,0,0
2026-01-01 18:15:00,10,0.0277335923939572,0.0277335923939572,0.0277335923939572,0.0,0.0,0.0,99.99997226613027,2.773386973265461e-07,0,0,0
2026-01-01 18:15:00,11,0.024363127148444,0.024363127148444,0.024363127148444,0.0,0.0,0.0,99.99997563662922,2.436337078215183e-07,0,0,0
2026-01-01 18:15:00,12,0.0209756819464211,0.0209756819464211,0.0209756819464211,0.0,0.0,0.0,99.9999790241083,2.0975891705338233e-07,0,0,0
2026-01-01 18:15:00,13,0.014049540855503,0.014049540855503,0.014049540855503,0.0,0.0,0.0,99.99998595031865,1.4049681352316567e-07,0,0,0
2026-01-01 18:15:00,14,0.0111017333235723,0.0111017333235723,0.0111017333235723,0.0,0.0,0.0,99.99998889815566,1.1101844342015757e-07,0,0,0
2026-01-01 18:15:00,15,0.0079870941814611,0.0079870941814611,0.0079870941814611,0.0,0.0,0.0,99.99999201282594,7.98717405320164e-08,0,0,0
2026-01-01 18:15:00,16,0.0048704337289916,0.0048704337289916,0.0048704337289916,0.0,0.0,0.0,99.99999512951757,4.870482433816037e-08,0,0,0
2026-01-01 18:15:00,17,0.0179239282394492,0.0179239282394492,0.0179239282394492,0.0,0.0,0.0,99.99998207589252,1.7924107480524046e-07,0,0,0
2026-01-01 18:15:00,18,0.0134572008104479,0.0134572008104479,0.0134572008104479,0.0,0.0,0.0,99.99998654266462,1.3457335383801793e-07,0,0,0
2026-01-01 18:15:00,19,0.0089745224246566,0.0089745224246566,0.0089745224246566,0.0,0.0,0.0,99.99999102538783,8.974612170778358e-08,0,0,0
2026-01-01 18:15:00,20,0.0044886899514815,0.0044886899514815,0.0044886899514815,0.0,0.0,0.0,99.99999551126515,4.488734838829939e-08,0,0,0
2026-01-01 18:15:00,21,0.0480344199379794,0.0480344199379794,0.0480344199379794,0.0,0.0,0.0,99.99995196509971,4.803490028698229e-07,0,0,0
2026-01-01 18:15:00,22,0.043291984730315,0.043291984730315,0.043291984730315,0.0,0.0,0.0,99.99995670758234,4.329241765449163e-07,0,0,0
2026-01-01 18:15:00,23,0.0216827010120278,0.0216827010120278,0.0216827010120278,0.0,0.0,0.0,99.99997831708215,2.1682917841206276e-07,0,0,0
2026-01-01 18:15:00,24,0.0647130583949408,0.0647130583949408,0.0647130583949408,0.0,0.0,0.0,99.99993528629447,6.471370553199622e-07,0,0,0
2026-01-01 18:15:00,25,0.0618753488608265,0.0618753488608265,0.0618753488608265,0.0,0.0,0.0,99.99993812403238,6.187596762050271e-07,0,0,0
2026-01-01 18:15:00,26,0.0590576019008808,0.0590576019008808,0.0590576019008808,0.0,0.0,0.0,99.99994094180752,5.905819248280566e-07,0,0,0
2026-01-01 18:15:00,27,0.0564231317981867,0.0564231317981867,0.0564231317981867,0.0,0.0,0.0,99.99994357630396,5.642369603514707e-07,0,0,0
2026-01-01 18:15:00,28,0.0500882102010172,0.0500882102010172,0.0500882102010172,0.0,0.0,0.0,99.99994991128891,5.00887110881281e-07,0,0,0
2026-01-01 18:15:00,29,0.0231193844930738,0.0231193844930738,0.0231193844930738,0.0,0.0,0.0,99.99997688038431,2.311961568923074e-07,0,0,0
2026-01-01 18:15:00,30,0.014979806197858,0.014979806197858,0.014979806197858,0.0,0.0,0.0,99.99998502004401,1.4979955997418031e-07,0,0,0
2026-01-01 18:15:00,31,0.0035525492447448,0.0035525492447448,0.0035525492447448,0.0,0.0,0.0,99.99999644741523,3.552584770592556e-08,0,0,0
2026-01-01 18:15:00,32,0.0,0.0,0.0,0.0,0.0,0.0,100.0,0.0,0,0,0
2026-01-01 18:15:00,33,0.0,0.0,0.0,0.0,0.0,0.0,100.0,0.0,0,0,0
2026-01-01 18:15:00,34,0.0,0.0,0.0,0.0,0.0,0.0,100.0,0.0,0,0,0
2026-01-01 18:15:00,35,0.0,0.0,0.0,0.0,0.0,0.0,100.0,0.0,0,0,0
2026-01-01 18:15:00,36,0.0,0.0,0.0,0.0,0.0,0.0,100.0,0.0,0,0,0
2026-01-01 18:30:00,0,0.2068856814265147,0.2068856814265147,0.2068856814265147,0.0,0.0,0.0,99.99979311224969,2.06887750304e-06,0,0,0
2026-01-01 18:30:00,1,0.1840161969248726,0.1840161969248726,0.1840161969248726,0.0,0.0,0.0,99.9998159819629,1.840180371052e-06,0,0,0
2026-01-01 18:30:00,2,0.1323552324851187,0.1323552324851187,0.1323552324851187,0.0,0.0,0.0,99.99986764344395,1.3235655605059998e-06,0,0,0
2026-01-01 18:30:00,3,0.1257242288400637,0.1257242288400637,0.1257242288400637,0.0,0.0,0.0,99.9998742745139,1.2572548609489998e-06,0,0,0
2026-01-01 18:30:00,4,0.1226555666995356,0.1226555666995356,0.1226555666995356,0.0,0.0,0.0,99.99987734320673,1.226567932674e-06,0,0,0
2026-01-01 18:30:00,5,0.0574023167177351,0.0574023167177351,0.0574023167177351,0.0,0.0,0.0,99.99994259710925,5.740289074664262e-07,0,0,0
2026-01-01 18:30:00,6,0.0468052826055768,0.0468052826055768,0.0468052826055768,0.0,0.0,0.0,99.99995319424934,4.6805750663083486e-07,0,0,0
2026-01-01 18:30:00,7,0.0361558290711982,0.0361558290711982,0.0361558290711982,0.0,0.0,0.0,99.99996384380937,3.615619063310459e-07,0,0,0
2026-01-01 18:30:00,8,0.0331436279949639,0.0331436279949639,0.0331436279949639,0.0,0.0,0.0,99.99996685604057,3.3143959434558327e-07,0,0,0
2026-01-01 18:30:00,9,0.0301166821250781,0.0301166821250781,0.0301166821250781,0.0,0.0,0.0,99.9999698830167,3.0116983294911144e-07,0,0,0
2026-01-01 18:30:00,10,0.0275300081657878,0.0275300081657878,0.0275300081657878,0.0,0.0,0.0,99.99997246971652,2.753028346862258e-07,0,0,0
2026-01-01 18:30:00,11,0.0241840307939514,0.0241840307939514,0.0241840307939514,0.0,0.0,0.0,99.99997581572737,2.4184272636677796e-07,0,0,0
2026-01-01 18:30:00,12,0.0208213700258724,0.0208213700258724,0.0208213700258724,0.0,0.0,0.0,99.99997917842175,2.0821578241654864e-07,0,0,0
2026-01-01 18:30:00,13,0.0139460426421216,0.0139460426421216,0.0139460426421216,0.0,0.0,0.0,99.99998605381789,1.394618210394266e-07,0,0,0
2026-01-01 18:30:00,14,0.0110198842838559,0.0110198842838559,0.0110198842838559,0.0,0.0,0.0,99.99998898000551,1.10199944838008e-07,0,0,0
2026-01-01 18:30:00,15,0.0079281607677639,0.0079281607677639,0.0079281607677639,0.0,0.0,0.0,99.99999207175995,7.928240050164447e-08,0,0,0
2026-01-01 18:30:00,16,0.0048344866797231,0.0048344866797231,0.0048344866797231,0.0,0.0,0.0,99.99999516546498,4.834535025073436e-08,0,0,0
2026-01-01 18:30:00,17,0.0178029925119892,0.0178029925119892,0.0178029925119892,0.0,0.0,0.0,99.99998219682945,1.7803170543694664e-07,0,0,0
2026-01-01 18:30:00,18,0.0133663067026934,0.0133663067026934,0.0133663067026934,0.0,0.0,0.0,99.99998663355963,1.336644036709708e-07,0,0,0
2026-01-01 18:30:00,19,0.0089138850512481,0.0089138850512481,0.0089138850512481,0.0,0.0,0.0,99.99999108602582,8.913974190990042e-08,0,0,0
2026-01-01 18:30:00,20,0.0044583519402206,0.0044583519402206,0.0044583519402206,0.0,0.0,0.0,99.99999554160348,4.45839652418593e-08,0,0,0
2026-01-01 18:30:00,21,0.0477028707541484,0.0477028707541484,0.0477028707541484,0.0,0.0,0.0,99.99995229665221,4.770334778762637e-07,0,0,0
2026-01-01 18:30:00,22,0.0429929175916997,0.0429929175916997,0.0429929175916997,0.0,0.0,0.0,99.99995700665248,4.2993347525174983e-07,0,0,0
2026-01-01 18:30:00,23,0.0215326540122167,0.0215326540122167,0.0215326540122167,0.0,0.0,0.0,99.99997846713066,2.15328693409102e-07,0,0,0
2026-01-01 18:30:00,24,0.0642408023031554,0.0642408023031554,0.0642408023031554,0.0,0.0,0.0,99.99993575855528,6.42414447176026e-07,0,0,0
2026-01-01 18:30:00,25,0.0614232567965969,0.0614232567965969,0.0614232567965969,0.0,0.0,0.0,99.99993857612897,6.142387103530729e-07,0,0,0
2026-01-01 18:30:00,26,0.0586255895433255,0.0586255895433255,0.0586255895433255,0.0,0.0,0.0,99.9999413738242,5.862617580508364e-07,0,0,0
2026-01-01 18:30:00,27,0.0560101379096922,0.0560101379096921,0.05601013790969215,9.71445146547012e-17,9.71445146547012e-17,1.734409179053265e-15,99.99994398930198,5.601069801667237e-07,0,0,0
2026-01-01 18:30:00,28,0.0497213375075079,0.0497213375075079,0.0497213375075079,0.0,0.0,0.0,99.99995027816527,4.972183472585522e-07,0,0,0
2026-01-01 18:30:00,29,0.0229495586561197,0.0229495586561197,0.0229495586561197,0.0,0.0,0.0,99.99997705021184,2.2949788154001289e-07,0,0,0
2026-01-01 18:30:00,30,0.0148697257966409,0.0148697257966409,0.0148697257966409,0.0,0.0,0.0,99.99998513012551,1.4869874495385944e-07,0,0,0
2026-01-01 18:30:00,31,0.0035264363342507,0.0035264363342507,0.0035264363342507,0.0,0.0,0.0,99.9999964735284,3.5264715989667476e-08,0,0,0
2026-01-01 18:30:00,32,0.0,0.0,0.0,0.0,0.0,0.0,100.0,0.0,0,0,0
2026-01-01 18:30:00,33,0.0,0.0,0.0,0.0,0.0,0.0,100.0,0.0,0,0,0
2026-01-01 18:30:00,34,0.0,0.0,0.0,0.0,0.0,0.0,100.0,0.0,0,0,0
2026-01-01 18:30:00,35,0.0,0.0,0.0,0.0,0.0,0.0,100.0,0.0,0,0,0
2026-01-01 18:30:00,36,0.0,0.0,0.0,0.0,0.0,0.0,100.0,0.0,0,0,0
2026-01-01 18:45:00,0,0.2103643520823064,0.2103643520823064,0.2103643520823064,0.0,0.0,0.0,99.99978963354425,2.103664557468e-06,0,0,0
2026-01-01 18:45:00,1,0.187130269778786,0.187130269778786,0.187130269778786,0.0,0.0,0.0,99.9998128678589,1.8713214110010002e-06,0,0,0
2026-01-01 18:45:00,2,0.134626503679734,0.134626503679734,0.134626503679734,0.0,0.0,0.0,99.99986537215004,1.346278499582e-06,0,0,0
2026-01-01 18:45:00,3,0.1278875939695263,0.1278875939695263,0.1278875939695263,0.0,0.0,0.0,99.99987211112715,1.2788887285819999e-06,0,0,0
2026-01-01 18:45:00,4,0.1247686074189762,0.1247686074189762,0.1247686074189762,0.0,0.0,0.0,99.99987523014488,1.247698551175e-06,0,0,0
2026-01-01 18:45:00,5,0.0583869960272438,0.0583869960272438,0.0583869960272438,0.0,0.0,0.0,99.9999416124201,5.838757990304293e-07,0,0,0
2026-01-01 18:45:00,6,0.0476117129098531,0.0476117129098531,0.0476117129098531,0.0,0.0,0.0,99.99995238781096,4.761218903174351e-07,0,0,0
2026-01-01 18:45:00,7,0.0367821232869426,0.0367821232869426,0.0367821232869426,0.0,0.0,0.0,99.99996321750889,3.678249111185376e-07,0,0,0
2026-01-01 18:45:00,8,0.0337186266469454,0.0337186266469454,0.0337186266469454,0.0,0.0,0.0,99.99996628103617,3.371896383658386e-07,0,0,0
2026-01-01 18:45:00,9,0.0306397782361375,0.0306397782361375,0.0306397782361375,0.0,0.0,0.0,99.99996935991537,3.0640084636983887e-07,0,0,0
2026-01-01 18:45:00,10,0.0280086740769816,0.0280086740769816,0.0280086740769816,0.0,0.0,0.0,99.99997199104584,2.8008954166523293e-07,0,0,0
2026-01-01 18:45:00,11,0.0246051274567458,0.0246051274567458,0.0246051274567458,0.0,0.0,0.0,99.99997539462649,2.4605373510480916e-07,0,0,0
2026-01-01 18:45:00,12,0.0211841958868355,0.0211841958868356,0.021184195886835552,-1.0061396160665481e-16,1.0061396160665481e-16,4.749479973152019e-15,99.99997881559227,2.118440773091291e-07,0,0,0
2026-01-01 18:45:00,13,0.0141893963633995,0.0141893963633995,0.0141893963633995,0.0,0.0,0.0,99.99998581046174,1.4189538258782114e-07,0,0,0
2026-01-01 18:45:00,14,0.011212336329052,0.0112123363290521,0.01121233632905205,-9.8879238130678e-17,9.8879238130678e-17,8.818782013045198e-15,99.99998878755154,1.1212448453536637e-07,0,0,0
2026-01-01 18:45:00,15,0.0080667324582922,0.0080667324582922,0.0080667324582922,0.0,0.0,0.0,99.99999193318688,8.066813126423505e-08,0,0,0
2026-01-01 18:45:00,16,0.004919010159857,0.004919010159857,0.004919010159857,0.0,0.0,0.0,99.99999508094065,4.919059350450561e-08,0,0,0
2026-01-01 18:45:00,17,0.0180870859576066,0.0180870859576066,0.0180870859576066,0.0,0.0,0.0,99.99998191273318,1.8087266830275e-07,0,0,0
2026-01-01 18:45:00,18,0.0135798306360741,0.0135798306360741,0.0135798306360741,0.0,0.0,0.0,99.99998642003357,1.3579966435738484e-07,0,0,0
2026-01-01 18:45:00,19,0.0090563318130536,0.0090563318130536,0.0090563318130536,0.0,0.0,0.0,99.99999094357763,9.056422377277429e-08,0,0,0
2026-01-01 18:45:00,20,0.0045296209279483,0.0045296209279483,0.0045296209279483,0.0,0.0,0.0,99.99999547033377,4.529666224610624e-08,0,0,0
2026-01-01 18:45:00,21,0.048481896512428,0.048481896512428,0.048481896512428,0.0,0.0,0.0,99.99995151761867,4.848238133624138e-07,0,0,0
2026-01-01 18:45:00,22,0.0436956274854803,0.0436956274854803,0.0436956274854803,0.0,0.0,0.0,99.99995630393555,4.369606444612478e-07,0,0,0
2026-01-01 18:45:00,23,0.021885221275343,0.021885221275343,0.021885221275343,0.0,0.0,0.0,99.99997811455987,2.1885440129744396e-07,0,0,0
2026-01-01 18:45:00,24,0.0653510976424635,0.0653510976424635,0.0653510976424635,0.0,0.0,0.0,99.99993464824884,6.535175115997516e-07,0,0,0
2026-01-01 18:45:00,25,0.0624861591378822,0.0624861591378822,0.0624861591378822,0.0,0.0,0.0,99.999937513216,6.248678400572234e-07,0,0,0
2026-01-01 18:45:00,26,0.0596412955715183,0.0596412955715183,0.0596412955715183,0.0,0.0,0.0,99.999940358108,5.964189199043824e-07,0,0,0
2026-01-01 18:45:00,27,0.0569811359198495,0.0569811359198495,0.0569811359198495,0.0,0.0,0.0,99.99994301829426,5.698170573690696e-07,0,0,0
2026-01-01 18:45:00,28,0.0505839055431257,0.0505839055431257,0.0505839055431257,0.0,0.0,0.0,99.99994941558862,5.058441138723966e-07,0,0,0
2026-01-01 18:45:00,29,0.0233488549156686,0.0233488549156686,0.0233488549156686,0.0,0.0,0.0,99.99997665091159,2.3349088406552757e-07,0,0,0
2026-01-01 18:45:00,30,0.0151285491340517,0.0151285491340517,0.0151285491340517,0.0,0.0,0.0,99.99998487129957,1.512870042105593e-07,0,0,0
2026-01-01 18:45:00,31,0.0035878337281872,0.0035878337281872,0.0035878337281872,0.0,0.0,0.0,99.99999641213039,3.587869606883307e-08,0,0,0
2026-01-01 18:45:00,32,0.0,0.0,0.0,0.0,0.0,0.0,100.0,0.0,0,0,0
2026-01-01 18:45:00,33,0.0,0.0,0.0,0.0,0.0,0.0,100.0,0.0,0,0,0
2026-01-01 18:45:00,34,0.0,0.0,0.0,0.0,0.0,0.0,100.0,0.0,0,0,0
2026-01-01 18:45:00,35,0.0,0.0,0.0,0.0,0.0,0.0,100.0,0.0,0,0,0
2026-01-01 18:45:00,36,0.0,0.0,0.0,0.0,0.0,0.0,100.0,0.0,0,0,0
2026-01-01 19:00:00,0,0.203427203678077,0.203427203678077,0.203427203678077,0.0,0.0,0.0,99.99979657076203,2.034292379704e-06,0,0,0
2026-01-01 19:00:00,1,0.1809208848762216,0.1809208848762216,0.1809208848762216,0.0,0.0,0.0,99.9998190773059,1.8092269410310001e-06,0,0,0
2026-01-01 19:00:00,2,0.1300987626745867,0.1300987626745867,0.1300987626745867,0.0,0.0,0.0,99.99986989993633,1.301000636752e-06,0,0,0
2026-01-01 19:00:00,3,0.1235751656407967,0.1235751656407967,0.1235751656407967,0.0,0.0,0.0,99.9998764235986,1.2357640140479999e-06,0,0,0
2026-01-01 19:00:00,4,0.1205565815019711,0.120556581501971,0.12055658150197104,9.71445146547012e-17,9.71445146547012e-17,8.058001096780584e-16,99.99987944221292,1.205577870798e-06,0,0,0
2026-01-01 19:00:00,5,0.0564240368387627,0.0564240368387627,0.0564240368387627,0.0,0.0,0.0,99.99994357539892,5.642460108477355e-07,0,0,0
2026-01-01 19:00:00,6,0.0460042202493031,0.0460042202493032,0.046004220249303146,-1.0408340855860843e-16,1.0408340855860843e-16,2.262474733183584e-15,99.9999539953197,4.600468029610617e-07,0,0,0
2026-01-01 19:00:00,7,0.03553382458069,0.03553382458069,0.03553382458069,0.0,0.0,0.0,99.99996446582007,3.553417992248926e-07,0,0,0
2026-01-01 19:00:00,8,0.0325725996432202,0.0325725996432202,0.0325725996432202,0.0,0.0,0.0,99.99996742707462,3.2572925372473985e-07,0,0,0
2026-01-01 19:00:00,9,0.0295972201990173,0.0295972201990173,0.0295972201990173,0.0,0.0,0.0,99.99997040248383,2.9597516174179043e-07,0,0,0
2026-01-01 19:00:00,10,0.0270546859150417,0.0270546859150417,0.0270546859150417,0.0,0.0,0.0,99.99997294504354,2.7054956464606374e-07,0,0,0
2026-01-01 19:00:00,11,0.0237658978337599,0.0237658978337599,0.0237658978337599,0.0,0.0,0.0,99.9999762338645,2.3766135495114887e-07,0,0,0
2026-01-01 19:00:00,12,0.0204611080566128,0.0204611080566128,0.0204611080566128,0.0,0.0,0.0,99.99997953868733,2.046131266973952e-07,0,0,0
2026-01-01 19:00:00,13,0.0137044209269345,0.0137044209269345,0.0137044209269345,0.0,0.0,0.0,99.99998629544203,1.3704557972514284e-07,0,0,0
2026-01-01 19:00:00,14,0.0108288078288962,0.0108288078288962,0.0108288078288962,0.0,0.0,0.0,99.99998917108388,1.0828916118057424e-07,0,0,0
2026-01-01 19:00:00,15,0.007790583744511,0.007790583744511,0.007790583744511,0.0,0.0,0.0,99.99999220933834,7.790661651127596e-08,0,0,0
2026-01-01 19:00:00,16,0.0047505708122216,0.0047505708122216,0.0047505708122216,0.0,0.0,0.0,99.99999524938168,4.7506183184048365e-08,0,0,0
2026-01-01 19:00:00,17,0.017520023638779,0.017520023638779,0.017520023638779,0.0,0.0,0.0,99.99998247980116,1.752019884076743e-07,0,0,0
2026-01-01 19:00:00,18,0.0131536352061553,0.0131536352061553,0.0131536352061553,0.0,0.0,0.0,99.99998684623326,1.3153766743822828e-07,0,0,0
2026-01-01 19:00:00,19,0.0087720085244722,0.0087720085244722,0.0087720085244722,0.0,0.0,0.0,99.99999122790375,8.77209624543474e-08,0,0,0
2026-01-01 19:00:00,20,0.0043873689806647,0.0043873689806647,0.0043873689806647,0.0,0.0,0.0,99.99999561258714,4.387412854793286e-08,0,0,0
2026-01-01 19:00:00,21,0.0469275313067092,0.0469275313067092,0.0469275313067092,0.0,0.0,0.0,99.99995307199941,4.6928000586715156e-07,0,0,0
2026-01-01 19:00:00,22,0.0422935525457169,0.0422935525457169,0.0422935525457169,0.0,0.0,0.0,99.99995770602452,4.229397548547177e-07,0,0,0
2026-01-01 19:00:00,23,0.0211817853978009,0.0211817853978009,0.0211817853978009,0.0,0.0,0.0,99.99997881800279,2.1181997217773152e-07,0,0,0
2026-01-01 19:00:00,24,0.0631380218831115,0.0631380218831115,0.0631380218831115,0.0,0.0,0.0,99.99993686134673,6.313865326964427e-07,0,0,0
2026-01-01 19:00:00,25,0.0603675950898529,0.0603675950898529,0.0603675950898529,0.0,0.0,0.0,99.99993963180123,6.036819877184064e-07,0,0,0
2026-01-01 19:00:00,26,0.0576168460912443,0.0576168460912443,0.0576168460912443,0.0,0.0,0.0,99.99994238257773,5.761742226546704e-07,0,0,0
2026-01-01 19:00:00,27,0.0550458178909226,0.0550458178909226,0.0550458178909226,0.0,0.0,0.0,99.99994495363164,5.504636835460617e-07,0,0,0
2026-01-01 19:00:00,28,0.0488647233660448,0.0488647233660448,0.0488647233660448,0.0,0.0,0.0,99.99995113478798,4.886521201816508e-07,0,0,0
2026-01-01 19:00:00,29,0.022553061317146,0.022553061317146,0.022553061317146,0.0,0.0,0.0,99.99997744671315,2.2553286850014554e-07,0,0,0
2026-01-01 19:00:00,30,0.0146127206436317,0.0146127206436317,0.0146127206436317,0.0,0.0,0.0,99.99998538713322,1.461286677229951e-07,0,0,0
2026-01-01 19:00:00,31,0.0034654708343747,0.0034654708343747,0.0034654708343747,0.0,0.0,0.0,99.99999653449451,3.4655054894296213e-08,0,0,0
2026-01-01 19:00:00,32,0.0,0.0,0.0,0.0,0.0,0.0,100.0,0.0,0,0,0
2026-01-01 19:00:00,33,0.0,0.0,0.0,0.0,0.0,0.0,100.0,0.0,0,0,0
2026-01-01 19:00:00,34,0.0,0.0,0.0,0.0,0.0,0.0,100.0,0.0,0,0,0
2026-01-01 19:00:00,35,0.0,0.0,0.0,0.0,0.0,0.0,100.0,0.0,0,0,0
2026-01-01 19:00:00,36,0.0,0.0,0.0,0.0,0.0,0.0,100.0,0.0,0,0,0
2026-01-01 19:15:00,0,0.2062113041282055,0.2062113041282055,0.2062113041282055,0.0,0.0,0.0,99.99979378663375,2.062133662618e-06,0,0,0
2026-01-01 19:15:00,1,0.1834125807246554,0.1834125807246554,0.1834125807246554,0.0,0.0,0.0,99.99981658558514,1.834144148688e-06,0,0,0
2026-01-01 19:15:00,2,0.1319151113984279,0.1319151113984279,0.1319151113984279,0.0,0.0,0.0,99.99986808356944,1.319164305627e-06,0,0,0
2026-01-01 19:15:00,3,0.1253050413236951,0.1253050413236951,0.1253050413236951,0.0,0.0,0.0,99.9998746937056,1.253062943866e-06,0,0,0
2026-01-01 19:15:00,4,0.1222461404486283,0.1222461404486283,0.1222461404486283,0.0,0.0,0.0,99.99987775263708,1.222473629222e-06,0,0,0
2026-01-01 19:15:00,5,0.0572115060436035,0.0572115060436034,0.05721150604360345,9.71445146547012e-17,9.71445146547012e-17,1.6979888206539211e-15,99.99994278792184,5.721207816438514e-07,0,0,0
2026-01-01 19:15:00,6,0.0466490277787294,0.0466490277787294,0.0466490277787294,0.0,0.0,0.0,99.99995335050572,4.664949427367223e-07,0,0,0
2026-01-01 19:15:00,7,0.0360344917435413,0.0360344917435413,0.0360344917435413,0.0,0.0,0.0,99.99996396514791,3.6034852092062243e-07,0,0,0
2026-01-01 19:15:00,8,0.0330322323280193,0.0330322323280193,0.0330322323280193,0.0,0.0,0.0,99.99996696743735,3.3032562653645914e-07,0,0,0
2026-01-01 19:15:00,9,0.0300153442482217,0.0300153442482217,0.0300153442482217,0.0,0.0,0.0,99.9999699843556,3.001564440466583e-07,0,0,0
2026-01-01 19:15:00,10,0.0274372797447272,0.0274372797447272,0.0274372797447272,0.0,0.0,0.0,99.99997256244588,2.7437554120268416e-07,0,0,0
2026-01-01 19:15:00,11,0.0241024574347353,0.0241024574347353,0.0241024574347353,0.0,0.0,0.0,99.99997589730154,2.4102698461719966e-07,0,0,0
2026-01-01 19:15:00,12,0.0207510858870476,0.0207510858870475,0.02075108588704755,1.0061396160665481e-16,1.0061396160665481e-16,4.848609545939977e-15,99.9999792487066,2.07512933999816e-07,0,0,0
2026-01-01 19:15:00,13,0.013898903273006,0.013898903273006,0.013898903273006,0.0,0.0,0.0,99.99998610095774,1.3899042263428657e-07,0,0,0
2026-01-01 19:15:00,14,0.0109826056219414,0.0109826056219414,0.0109826056219414,0.0,0.0,0.0,99.99998901728455,1.0982715449095979e-07,0,0,0
2026-01-01 19:15:00,15,0.0079013194184139,0.0079013194184139,0.0079013194184139,0.0,0.0,0.0,99.99999209860157,7.901398432398293e-08,0,0,0
2026-01-01 19:15:00,16,0.0048181145791478,0.0048181145791478,0.0048181145791478,0.0,0.0,0.0,99.99999518183724,4.818162760775452e-08,0,0,0
2026-01-01 19:15:00,17,0.0177478567024531,0.0177478567024531,0.0177478567024531,0.0,0.0,0.0,99.99998225196582,1.774803418279498e-07,0,0,0
2026-01-01 19:15:00,18,0.0133248676047698,0.0133248676047698,0.0133248676047698,0.0,0.0,0.0,99.99998667499915,1.3325000854778355e-07,0,0,0
2026-01-01 19:15:00,19,0.0088862402504094,0.0088862402504094,0.0088862402504094,0.0,0.0,0.0,99.99999111367089,8.886329113700597e-08,0,0,0
2026-01-01 19:15:00,20,0.0044445207737158,0.0044445207737158,0.0044445207737158,0.0,0.0,0.0,99.99999555543478,4.444565219368052e-08,0,0,0
2026-01-01 19:15:00,21,0.0475517506223876,0.0475517506223876,0.0475517506223876,0.0,0.0,0.0,99.99995244777385,4.75522261446491e-07,0,0,0
2026-01-01 19:15:00,22,0.0428566039670586,0.0428566039670586,0.0428566039670586,0.0,0.0,0.0,99.99995714296746,4.285703253738398e-07,0,0,0
2026-01-01 19:15:00,23,0.0214642644182002,0.0214642644182002,0.0214642644182002,0.0,0.0,0.0,99.99997853552094,2.14644790629909e-07,0,0,0
2026-01-01 19:15:00,24,0.064025684788439,0.064025684788439,0.064025684788439,0.0,0.0,0.0,99.99993597367495,6.402632505168952e-07,0,0,0
2026-01-01 19:15:00,25,0.0612173270171116,0.0612173270171116,0.0612173270171116,0.0,0.0,0.0,99.99993878206081,6.12179391965036e-07,0,0,0
2026-01-01 19:15:00,26,0.0584288087942985,0.0584288087942984,0.058428808794298445,1.0408340855860843e-16,1.0408340855860843e-16,1.781371088897743e-15,99.99994157060691,5.84293930882294e-07,0,0,0
2026-01-01 19:15:00,27,0.0558220213577024,0.0558220213577024,0.0558220213577024,0.0,0.0,0.0,99.99994417742042,5.582257958349825e-07,0,0,0
2026-01-01 19:15:00,28,0.0495542301961722,0.0495542301961722,0.0495542301961722,0.0,0.0,0.0,99.99995044527425,4.955472574342968e-07,0,0,0
2026-01-01 19:15:00,29,0.0228722070661861,0.0228722070661861,0.0228722070661861,0.0,0.0,0.0,99.99997712756421,2.287243579054404e-07,0,0,0
2026-01-01 19:15:00,30,0.0148195870522138,0.0148195870522138,0.0148195870522138,0.0,0.0,0.0,99.99998518026474,1.4819735249566377e-07,0,0,0
2026-01-01 19:15:00,31,0.003514542621619,0.003514542621619,0.003514542621619,0.0,0.0,0.0,99.99999648542223,3.5145777673967044e-08,0,0,0
2026-01-01 19:15:00,32,0.0,0.0,0.0,0.0,0.0,0.0,100.0,0.0,0,0,0
2026-01-01 19:15:00,33,0.0,0.0,0.0,0.0,0.0,0.0,100.0,0.0,0,0,0
2026-01-01 19:15:00,34,0.0,0.0,0.0,0.0,0.0,0.0,100.0,0.0,0,0,0
2026-01-01 19:15:00,35,0.0,0.0,0.0,0.0,0.0,0.0,100.0,0.0,0,0,0
2026-01-01 19:15:00,36,0.0,0.0,0.0,0.0,0.0,0.0,100.0,0.0,0,0,0
2026-01-01 19:30:00,0,0.2078372213621233,0.2078372213621233,0.2078372213621233,0.0,0.0,0.0,99.99979216070024,2.078392997551e-06,0,0,0
2026-01-01 19:30:00,1,0.1848679377567045,0.1848679377567045,0.1848679377567045,0.0,0.0,0.0,99.99981513021355,1.848697864545e-06,0,0,0
2026-01-01 19:30:00,2,0.1329763434347918,0.1329763434347917,0.13297634343479176,1.1102230246251565e-16,1.1102230246251565e-16,8.34902594294392e-16,99.99986702232678,1.329776732115e-06,0,0,0
2026-01-01 19:30:00,3,0.1263158109068383,0.1263158109068383,0.1263158109068383,0.0,0.0,0.0,99.99987368292592,1.263170740775e-06,0,0,0
2026-01-01 19:30:00,4,0.1232333786620578,0.1232333786620578,0.1232333786620578,0.0,0.0,0.0,99.99987676538899,1.2323461100809999e-06,0,0,0
2026-01-01 19:30:00,5,0.0576715928457018,0.0576715928457018,0.0576715928457018,0.0,0.0,0.0,99.99994232783044,5.767216956739751e-07,0,0,0
2026-01-01 19:30:00,6,0.0470258009691823,0.0470258009691823,0.0470258009691823,0.0,0.0,0.0,99.99995297372877,4.7026271231894673e-07,0,0,0
2026-01-01 19:30:00,7,0.0363270770763224,0.0363270770763224,0.0363270770763224,0.0,0.0,0.0,99.99996367255964,3.6327440350725974e-07,0,0,0
2026-01-01 19:30:00,8,0.0333008470144923,0.0333008470144923,0.0333008470144923,0.0,0.0,0.0,99.99996669881997,3.3301180026292645e-07,0,0,0
2026-01-01 19:30:00,9,0.0302597074523757,0.0302597074523757,0.0302597074523757,0.0,0.0,0.0,99.99996973998995,3.026001005247623e-07,0,0,0
2026-01-01 19:30:00,10,0.0276608835295354,0.0276608835295354,0.0276608835295354,0.0,0.0,0.0,99.99997233883985,2.766116014113689e-07,0,0,0
2026-01-01 19:30:00,11,0.0242991635194244,0.0242991635194244,0.0242991635194244,0.0,0.0,0.0,99.99997570059348,2.42994065134896e-07,0,0,0
2026-01-01 19:30:00,12,0.0209205697991222,0.0209205697991222,0.0209205697991222,0.0,0.0,0.0,99.99997907922099,2.092077900691228e-07,0,0,0
2026-01-01 19:30:00,13,0.0140125764414375,0.0140125764414375,0.0140125764414375,0.0,0.0,0.0,99.99998598728344,1.4012716568603243e-07,0,0,0
2026-01-01 19:30:00,14,0.0110725007887906,0.0110725007887906,0.0110725007887906,0.0,0.0,0.0,99.99998892738849,1.1072611514905794e-07,0,0,0
2026-01-01 19:30:00,15,0.007966045928516,0.007966045928516,0.007966045928516,0.0,0.0,0.0,99.9999920338744,7.966125589771919e-08,0,0,0
2026-01-01 19:30:00,16,0.004857595101584,0.004857595101584,0.004857595101584,0.0,0.0,0.0,99.99999514235633,4.857643678020825e-08,0,0,0
2026-01-01 19:30:00,17,0.0178807547867526,0.0178807547867526,0.0178807547867526,0.0,0.0,0.0,99.9999821190664,1.7880933596088627e-07,0,0,0
2026-01-01 19:30:00,18,0.0134247519155657,0.0134247519155657,0.0134247519155657,0.0,0.0,0.0,99.99998657511384,1.3424886164427396e-07,0,0,0
2026-01-01 19:30:00,19,0.0089528750510274,0.0089528750510274,0.0089528750510274,0.0,0.0,0.0,99.99999104703542,8.952964580673302e-08,0,0,0
2026-01-01 19:30:00,20,0.004477859350624,0.004477859350624,0.004477859350624,0.0,0.0,0.0,99.99999552209587,4.4779041296653116e-08,0,0,0
2026-01-01 19:30:00,21,0.0479160459168487,0.0479160459168487,0.0479160459168487,0.0,0.0,0.0,99.99995208347492,4.791652508209955e-07,0,0,0
2026-01-01 19:30:00,22,0.0431852074621813,0.0431852074621813,0.0431852074621813,0.0,0.0,0.0,99.99995681436069,4.3185639318574553e-07,0,0,0
2026-01-01 19:30:00,23,0.021629128637477,0.021629128637477,0.021629128637477,0.0,0.0,0.0,99.99997837065507,2.162934493092638e-07,0,0,0
2026-01-01 19:30:00,24,0.064544400065712,0.064544400065712,0.064544400065712,0.0,0.0,0.0,99.99993545495448,6.454504551616725e-07,0,0,0
2026-01-01 19:30:00,25,0.061713890805493,0.061713890805493,0.061713890805493,0.0,0.0,0.0,99.99993828549205,6.171450795057253e-07,0,0,0
2026-01-01 19:30:00,26,0.0589033140933287,0.0589033140933287,0.0589033140933287,0.0,0.0,0.0,99.99994109609686,5.890390313236009e-07,0,0,0
2026-01-01 19:30:00,27,0.0562756357439558,0.0562756357439558,0.0562756357439558,0.0,0.0,0.0,99.9999437238015,5.627619850594095e-07,0,0,0
2026-01-01 19:30:00,28,0.0499571853978602,0.0499571853978602,0.0499571853978602,0.0,0.0,0.0,99.99995004231502,4.995768497471001e-07,0,0,0
2026-01-01 19:30:00,29,0.0230587320394494,0.0230587320394494,0.0230587320394494,0.0,0.0,0.0,99.99997694103737,2.3058962629075724e-07,0,0,0
2026-01-01 19:30:00,30,0.0149404914523177,0.0149404914523177,0.0149404914523177,0.0,0.0,0.0,99.99998505935915,1.49406408587263e-07,0,0,0
2026-01-01 19:30:00,31,0.0035432231183991,0.0035432231183991,0.0035432231183991,0.0,0.0,0.0,99.99999645674144,3.5432585509846264e-08,0,0,0
2026-01-01 19:30:00,32,0.0,0.0,0.0,0.0,0.0,0.0,100.0,0.0,0,0,0
2026-01-01 19:30:00,33,0.0,0.0,0.0,0.0,0.0,0.0,100.0,0.0,0,0,0
2026-01-01 19:30:00,34,0.0,0.0,0.0,0.0,0.0,0.0,100.0,0.0,0,0,0
2026-01-01 19:30:00,35,0.0,0.0,0.0,0.0,0.0,0.0,100.0,0.0,0,0,0
2026-01-01 19:30:00,36,0.0,0.0,0.0,0.0,0.0,0.0,100.0,0.0,0,0,0
2026-01-01 19:45:00,0,0.2006576486621289,0.2006576486621289,0.2006576486621289,0.0,0.0,0.0,99.99979934034474,2.006596552586e-06,0,0,0
2026-01-01 19:45:00,1,0.1784426444480024,0.1784426444480024,0.1784426444480024,0.0,0.0,0.0,99.9998215555711,1.7844442889220002e-06,0,0,0
2026-01-01 19:45:00,2,0.1282929360711879,0.1282929360711879,0.1282929360711879,0.0,0.0,0.0,99.99987170578099,1.282942190133e-06,0,0,0
2026-01-01 19:45:00,3,0.1218554413451809,0.121855441345181,0.12185544134518095,-9.71445146547012e-17,9.71445146547012e-17,7.972110691996789e-16,99.99987814334008,1.218566599117e-06,0,0,0
2026-01-01 19:45:00,4,0.1188769924739412,0.1188769924739412,0.1188769924739412,0.0,0.0,0.0,99.99988112181875,1.188781812557e-06,0,0,0
2026-01-01 19:45:00,5,0.0556411184736837,0.0556411184736837,0.0556411184736837,0.0,0.0,0.0,99.99994435832511,5.564167489043264e-07,0,0,0
2026-01-01 19:45:00,6,0.0453632200345703,0.0453632200345703,0.0453632200345703,0.0,0.0,0.0,99.99995463632632,4.536367367130706e-07,0,0,0
2026-01-01 19:45:00,7,0.0350361906909542,0.0350361906909542,0.0350361906909542,0.0,0.0,0.0,99.99996496345895,3.503654105636477e-07,0,0,0
2026-01-01 19:45:00,8,0.0321157719707218,0.0321157719707218,0.0321157719707218,0.0,0.0,0.0,99.99996788390686,3.211609313165318e-07,0,0,0
2026-01-01 19:45:00,9,0.0291816620326757,0.0291816620326757,0.0291816620326757,0.0,0.0,0.0,99.99997081804615,2.9181953852214265e-07,0,0,0
2026-01-01 19:45:00,10,0.0266744514963369,0.0266744514963369,0.0266744514963369,0.0,0.0,0.0,99.99997332528176,2.667471824351943e-07,0,0,0
2026-01-01 19:45:00,11,0.0234314278923681,0.0234314278923681,0.0234314278923681,0.0,0.0,0.0,99.99997656833779,2.3431662208990228e-07,0,0,0
2026-01-01 19:45:00,12,0.0201729372421762,0.0201729372421762,0.0201729372421762,0.0,0.0,0.0,99.99997982686102,2.017313897356595e-07,0,0,0
2026-01-01 19:45:00,13,0.0135111583740034,0.0135111583740034,0.0135111583740034,0.0,0.0,0.0,99.99998648870651,1.3511293486938292e-07,0,0,0
2026-01-01 19:45:00,14,0.0106759783841501,0.0106759783841501,0.0106759783841501,0.0,0.0,0.0,99.99998932391486,1.0676085145001646e-07,0,0,0
2026-01-01 19:45:00,15,0.0076805479697023,0.0076805479697023,0.0076805479697023,0.0,0.0,0.0,99.99999231937522,7.680624775950072e-08,0,0,0
2026-01-01 19:45:00,16,0.004683454521962,0.004683454521962,0.004683454521962,0.0,0.0,0.0,99.99999531649864,4.683501356975613e-08,0,0,0
2026-01-01 19:45:00,17,0.0172930454573973,0.0172930454573973,0.0172930454573973,0.0,0.0,0.0,99.99998270678161,1.7293218389581223e-07,0,0,0
2026-01-01 19:45:00,18,0.0129830499487549,0.0129830499487549,0.0129830499487549,0.0,0.0,0.0,99.99998701682021,1.2983179780552767e-07,0,0,0
2026-01-01 19:45:00,19,0.0086582095159749,0.0086582095159749,0.0086582095159749,0.0,0.0,0.0,99.9999913417039,8.658296098935966e-08,0,0,0
2026-01-01 19:45:00,20,0.0043304341506043,0.0043304341506043,0.0043304341506043,0.0,0.0,0.0,99.99999566952255,4.3304774553788894e-08,0,0,0
2026-01-01 19:45:00,21,0.0463060402117886,0.0463060402117886,0.0463060402117886,0.0,0.0,0.0,99.99995369349672,4.6306503276821416e-07,0,0,0
2026-01-01 19:45:00,22,0.0417329746181168,0.0417329746181168,0.0417329746181168,0.0,0.0,0.0,99.99995826660805,4.17333919520364e-07,0,0,0
2026-01-01 19:45:00,23,0.0209005604303417,0.0209005604303417,0.0209005604303417,0.0,0.0,0.0,99.99997909923056,2.090076943803613e-07,0,0,0
2026-01-01 19:45:00,24,0.0622556795426732,0.0622556795426732,0.0622556795426732,0.0,0.0,0.0,99.9999377436979,6.225630210569435e-07,0,0,0
2026-01-01 19:45:00,25,0.0595229860337449,0.0595229860337449,0.0595229860337449,0.0,0.0,0.0,99.99994047641873,5.952358126955762e-07,0,0,0
2026-01-01 19:45:00,26,0.0568098062607945,0.0568098062607945,0.0568098062607945,0.0,0.0,0.0,99.99994318962564,5.681037436453817e-07,0,0,0
2026-01-01 19:45:00,27,0.0542743344437656,0.0542743344437656,0.0542743344437656,0.0,0.0,0.0,99.99994572512281,5.427487719253758e-07,0,0,0
2026-01-01 19:45:00,28,0.0481794231701491,0.0481794231701491,0.0481794231701491,0.0,0.0,0.0,99.99995182009503,4.817990496919883e-07,0,0,0
2026-01-01 19:45:00,29,0.0222358898886408,0.0222358898886408,0.0222358898886408,0.0,0.0,0.0,99.99997776388776,2.2236112249763343e-07,0,0,0
2026-01-01 19:45:00,30,0.0144071364702726,0.0144071364702726,0.0144071364702726,0.0,0.0,0.0,99.99998559271945,1.440728054307809e-07,0,0,0
2026-01-01 19:45:00,31,0.0034167035879032,0.0034167035879032,0.0034167035879032,0.0,0.0,0.0,99.99999658326225,3.416737755280783e-08,0,0,0
2026-01-01 19:45:00,32,0.0,0.0,0.0,0.0,0.0,0.0,100.0,0.0,0,0,0
2026-01-01 19:45:00,33,0.0,0.0,0.0,0.0,0.0,0.0,100.0,0.0,0,0,0
2026-01-01 19:45:00,34,0.0,0.0,0.0,0.0,0.0,0.0,100.0,0.0,0,0,0
2026-01-01 19:45:00,35,0.0,0.0,0.0,0.0,0.0,0.0,100.0,0.0,0,0,0
2026-01-01 19:45:00,36,0.0,0.0,0.0,0.0,0.0,0.0,100.0,0.0,0,0,0
2026-01-01 20:00:00,0,0.2032155767980059,0.2032155767980059,0.2032155767980059,0.0,0.0,0.0,99.99979678239103,2.03217608974e-06,0,0,0
2026-01-01 20:00:00,1,0.1807315025099718,0.1807315025099719,0.18073150250997183,-8.326672684688674e-17,8.326672684688674e-17,4.607205776706621e-16,99.99981926669015,1.8073330984300001e-06,0,0,0
2026-01-01 20:00:00,2,0.1299607398224866,0.1299607398224866,0.1299607398224866,0.0,0.0,0.0,99.99987003796056,1.2996203944280001e-06,0,0,0
2026-01-01 20:00:00,3,0.1234437191818042,0.1234437191818041,0.12344371918180416,9.71445146547012e-17,9.71445146547012e-17,7.869538234026428e-16,99.99987655504637,1.234449536313e-06,0,0,0
2026-01-01 20:00:00,4,0.1204282008292484,0.1204282008292484,0.1204282008292484,0.0,0.0,0.0,99.99987957059487,1.204294051232e-06,0,0,0
2026-01-01 20:00:00,5,0.0563641972779058,0.0563641972779058,0.0563641972779058,0.0,0.0,0.0,99.99994363523908,5.636476092551512e-07,0,0,0
2026-01-01 20:00:00,6,0.0459552248241669,0.0459552248241669,0.0459552248241669,0.0,0.0,0.0,99.99995404431561,4.5955684381010803e-07,0,0,0
2026-01-01 20:00:00,7,0.0354957847858764,0.0354957847858764,0.0354957847858764,0.0,0.0,0.0,99.99996450386026,3.549613974727395e-07,0,0,0
2026-01-01 20:00:00,8,0.0325376784158092,0.0325376784158092,0.0325376784158092,0.0,0.0,0.0,99.9999674619962,3.2538003795847156e-07,0,0,0
2026-01-01 20:00:00,9,0.0295654532338364,0.0295654532338364,0.0295654532338364,0.0,0.0,0.0,99.99997043425111,2.9565748891325344e-07,0,0,0
2026-01-01 20:00:00,10,0.0270256188356505,0.0270256188356505,0.0270256188356505,0.0,0.0,0.0,99.9999729741109,2.702588909454154e-07,0,0,0
2026-01-01 20:00:00,11,0.0237403287332682,0.0237403287332682,0.0237403287332682,0.0,0.0,0.0,99.99997625943386,2.374056613892966e-07,0,0,0
2026-01-01 20:00:00,12,0.0204390781491339,0.0204390781491339,0.0204390781491339,0.0,0.0,0.0,99.99997956071746,2.0439282541959336e-07,0,0,0
2026-01-01 20:00:00,13,0.0136896462295883,0.0136896462295883,0.0136896462295883,0.0,0.0,0.0,99.99998631021687,1.3689783127419635e-07,0,0,0
2026-01-01 20:00:00,14,0.010817124061975,0.010817124061975,0.010817124061975,0.0,0.0,0.0,99.99998918276776,1.081723223429738e-07,0,0,0
2026-01-01 20:00:00,15,0.0077821714527963,0.0077821714527963,0.0077821714527963,0.0,0.0,0.0,99.99999221775073,7.782249275289101e-08,0,0,0
2026-01-01 20:00:00,16,0.0047454397137293,0.0047454397137293,0.0047454397137293,0.0,0.0,0.0,99.99999525451283,4.745487168601001e-08,0,0,0
2026-01-01 20:00:00,17,0.0175026915977744,0.0175026915977744,0.0175026915977744,0.0,0.0,0.0,99.99998249713337,1.7502866626440735e-07,0,0,0
2026-01-01 20:00:00,18,0.0131406091623898,0.0131406091623898,0.0131406091623898,0.0,0.0,0.0,99.99998685925944,1.314074056979557e-07,0,0,0
2026-01-01 20:00:00,19,0.0087633186945971,0.0087633186945971,0.0087633186945971,0.0,0.0,0.0,99.99999123659367,8.763406328660399e-08,0,0,0
2026-01-01 20:00:00,20,0.0043830213517292,0.0043830213517292,0.0043830213517292,0.0,0.0,0.0,99.99999561693481,4.3830651823810416e-08,0,0,0
2026-01-01 20:00:00,21,0.0468800607153282,0.0468800607153282,0.0468800607153282,0.0,0.0,0.0,99.99995311947048,4.688052952062346e-07,0,0,0
2026-01-01 20:00:00,22,0.0422507341664992,0.0422507341664992,0.0422507341664992,0.0,0.0,0.0,99.99995774884333,4.225115667806605e-07,0,0,0
2026-01-01 20:00:00,23,0.0211603042524928,0.0211603042524929,0.02116030425249285,-1.0061396160665481e-16,1.0061396160665481e-16,4.754842504042749e-15,99.99997883948414,2.116051585765147e-07,0,0,0
2026-01-01 20:00:00,24,0.0630705764793402,0.0630705764793402,0.0630705764793402,0.0,0.0,0.0,99.9999369287928,6.307120719141211e-07,0,0,0
2026-01-01 20:00:00,25,0.060303032942287,0.060303032942287,0.060303032942287,0.0,0.0,0.0,99.99993969636402,6.03036359786468e-07,0,0,0
2026-01-01 20:00:00,26,0.0575551547654608,0.0575551547654608,0.0575551547654608,0.0,0.0,0.0,99.99994244426968,5.755573032276408e-07,0,0,0
2026-01-01 20:00:00,27,0.0549868440596991,0.0549868440596991,0.0549868440596991,0.0,0.0,0.0,99.99994501260606,5.498739393363845e-07,0,0,0
2026-01-01 20:00:00,28,0.0488123371019326,0.0488123371019326,0.0488123371019326,0.0,0.0,0.0,99.99995118717477,4.881282523018493e-07,0,0,0
2026-01-01 20:00:00,29,0.0225288148854101,0.0225288148854101,0.0225288148854101,0.0,0.0,0.0,99.99997747095982,2.252904017581195e-07,0,0,0
2026-01-01 20:00:00,30,0.0145970045061471,0.0145970045061471,0.0145970045061471,0.0,0.0,0.0,99.99998540284952,1.459715047765189e-07,0,0,0
2026-01-01 20:00:00,31,0.0034617427487195,0.0034617427487195,0.0034617427487195,0.0,0.0,0.0,99.99999653822263,3.4617773664932626e-08,0,0,0
2026-01-01 20:00:00,32,0.0,0.0,0.0,0.0,0.0,0.0,100.0,0.0,0,0,0
2026-01-01 20:00:00,33,0.0,0.0,0.0,0.0,0.0,0.0,100.0,0.0,0,0,0
2026-01-01 20:00:00,34,0.0,0.0,0.0,0.0,0.0,0.0,100.0,0.0,0,0,0
2026-01-01 20:00:00,35,0.0,0.0,0.0,0.0,0.0,0.0,100.0,0.0,0,0,0
2026-01-01 20:00:00,36,0.0,0.0,0.0,0.0,0.0,0.0,100.0,0.0,0,0,0
2026-01-01 20:15:00,0,0.1941799417726754,0.1941799417726754,0.1941799417726754,0.0,0.0,0.0,99.99980581811641,1.9418188359149997e-06,0,0,0
2026-01-01 20:15:00,1,0.172647992159775,0.172647992159775,0.172647992159775,0.0,0.0,0.0,99.99982735028134,1.726497186569e-06,0,0,0
2026-01-01 20:15:00,2,0.124073294659507,0.124073294659507,0.124073294659507,0.0,0.0,0.0,99.9998759254646,1.2407453540480001e-06,0,0,0
2026-01-01 20:15:00,3,0.1178374985804922,0.1178374985804922,0.1178374985804922,0.0,0.0,0.0,99.99988216132303,1.178386769672e-06,0,0,0
2026-01-01 20:15:00,4,0.1149530349494488,0.1149530349494488,0.1149530349494488,0.0,0.0,0.0,99.9998850458155,1.1495418449119999e-06,0,0,0
2026-01-01 20:15:00,5,0.0538116457298488,0.0538116457298488,0.0538116457298488,0.0,0.0,0.0,99.99994618781615,5.381218385168735e-07,0,0,0
2026-01-01 20:15:00,6,0.0438656856578231,0.0438656856578231,0.0438656856578231,0.0,0.0,0.0,99.99995613387568,4.386612431906638e-07,0,0,0
2026-01-01 20:15:00,7,0.0338738933360589,0.0338738933360589,0.0338738933360589,0.0,0.0,0.0,99.99996612576793,3.387423207837978e-07,0,0,0
2026-01-01 20:15:00,8,0.0310488622120284,0.0310488622120284,0.0310488622120284,0.0,0.0,0.0,99.9999689508273,3.1049172703755446e-07,0,0,0
2026-01-01 20:15:00,9,0.0282111910071399,0.0282111910071399,0.0282111910071399,0.0,0.0,0.0,99.99997178852688,2.821147312187118e-07,0,0,0
2026-01-01 20:15:00,10,0.0257865182361596,0.0257865182361596,0.0257865182361596,0.0,0.0,0.0,99.9999742132239,2.5786776103920656e-07,0,0,0
2026-01-01 20:15:00,11,0.0226504196262518,0.0226504196262518,0.0226504196262518,0.0,0.0,0.0,99.99997734935387,2.2650646132713133e-07,0,0,0
2026-01-01 20:15:00,12,0.0195000656833932,0.0195000656833932,0.0195000656833932,0.0,0.0,0.0,99.99998049973931,1.9500260686000075e-07,0,0,0
2026-01-01 20:15:00,13,0.0130599255742501,0.0130599255742501,0.0130599255742501,0.0,0.0,0.0,99.99998693994382,1.3060056174811945e-07,0,0,0
2026-01-01 20:15:00,14,0.0103191639205121,0.0103191639205121,0.0103191639205121,0.0,0.0,0.0,99.99998968073288,1.0319267113183323e-07,0,0,0
2026-01-01 20:15:00,15,0.0074236552042086,0.0074236552042086,0.0074236552042086,0.0,0.0,0.0,99.99999257627056,7.423729441503024e-08,0,0,0
2026-01-01 20:15:00,16,0.0045267650656036,0.0045267650656036,0.0045267650656036,0.0,0.0,0.0,99.99999547318967,4.5268103337070146e-08,0,0,0
2026-01-01 20:15:00,17,0.0167608642498533,0.0167608642498533,0.0167608642498533,0.0,0.0,0.0,99.99998323896814,1.6761031860171976e-07,0,0,0
2026-01-01 20:15:00,18,0.0125831077623872,0.0125831077623872,0.0125831077623872,0.0,0.0,0.0,99.9999874167664,1.2583233594723163e-07,0,0,0
2026-01-01 20:15:00,19,0.0083914082816941,0.0083914082816941,0.0083914082816941,0.0,0.0,0.0,99.9999916085078,8.391492196616155e-08,0,0,0
2026-01-01 20:15:00,20,0.0041969525433596,0.0041969525433596,0.0041969525433596,0.0,0.0,0.0,99.99999580300549,4.196994513304793e-08,0,0,0
2026-01-01 20:15:00,21,0.0448503730324382,0.0448503730324382,0.0448503730324382,0.0,0.0,0.0,99.99995514917846,4.485082154065362e-07,0,0,0
2026-01-01 20:15:00,22,0.0404200285039951,0.0404200285039951,0.0404200285039951,0.0,0.0,0.0,99.99995957956729,4.042043270832221e-07,0,0,0
2026-01-01 20:15:00,23,0.0202419462643782,0.0202419462643781,0.020241946264378148,1.0061396160665481e-16,1.0061396160665481e-16,4.970565112015151e-15,99.99997975785132,2.0242148685865059e-07,0,0,0
2026-01-01 20:15:00,24,0.0601946172675058,0.0601946172675058,0.0601946172675058,0.0,0.0,0.0,99.99993980478078,6.019521921969801e-07,0,0,0
2026-01-01 20:15:00,25,0.057550179671063,0.057550179671063,0.057550179671063,0.0,0.0,0.0,99.99994244924483,5.755075517861485e-07,0,0,0
2026-01-01 20:15:00,26,0.0549248599343202,0.0549248599343202,0.0549248599343202,0.0,0.0,0.0,99.99994507459081,5.492540918841209e-07,0,0,0
2026-01-01 20:15:00,27,0.0524724886085365,0.0524724886085365,0.0524724886085365,0.0,0.0,0.0,99.99994752698666,5.247301333866997e-07,0,0,0
2026-01-01 20:15:00,28,0.0465789167464073,0.0465789167464074,0.04657891674640735,-9.71445146547012e-17,9.71445146547012e-17,2.085589373572114e-15,99.99995342061746,4.6579382540232805e-07,0,0,0
2026-01-01 20:15:00,29,0.0214952468719549,0.0214952468719549,0.0214952468719549,0.0,0.0,0.0,99.99997850453818,2.1495461826573178e-07,0,0,0
2026-01-01 20:15:00,30,0.0139270761489791,0.0139270761489791,0.0139270761489791,0.0,0.0,0.0,99.99998607278458,1.3927215421133385e-07,0,0,0
2026-01-01 20:15:00,31,0.0033028284692716,0.0033028284692716,0.0033028284692716,0.0,0.0,0.0,99.9999966971385,3.3028614978865897e-08,0,0,0
2026-01-01 20:15:00,32,0.0,0.0,0.0,0.0,0.0,0.0,100.0,0.0,0,0,0
2026-01-01 20:15:00,33,0.0,0.0,0.0,0.0,0.0,0.0,100.0,0.0,0,0,0
2026-01-01 20:15:00,34,0.0,0.0,0.0,0.0,0.0,0.0,100.0,0.0,0,0,0
2026-01-01 20:15:00,35,0.0,0.0,0.0,0.0,0.0,0.0,100.0,0.0,0,0,0
2026-01-01 20:15:00,36,0.0,0.0,0.0,0.0,0.0,0.0,100.0,0.0,0,0,0
2026-01-01 20:30:00,0,0.1932420777011597,0.1932420777011597,0.1932420777011597,0.0,0.0,0.0,99.99980675598987,1.932440101412e-06,0,0,0
2026-01-01 20:30:00,1,0.1718092199012382,0.1718092199012381,0.17180921990123815,1.1102230246251565e-16,1.1102230246251565e-16,6.461952162077384e-16,99.99982818906199,1.7181093801059999e-06,0,0,0
2026-01-01 20:30:00,2,0.1234628239327113,0.1234628239327114,0.12346282393271135,-9.71445146547012e-17,9.71445146547012e-17,7.86832049454219e-16,99.99987653594143,1.2346405857319999e-06,0,0,0
2026-01-01 20:30:00,3,0.1172562667972292,0.1172562667972293,0.11725626679722925,-9.71445146547012e-17,9.71445146547012e-17,8.284802938327365e-16,99.99988274256063,1.1725743937159999e-06,0,0,0
2026-01-01 20:30:00,4,0.1143854237153236,0.1143854237153236,0.1143854237153236,0.0,0.0,0.0,99.99988561343243,1.143865675809e-06,0,0,0
2026-01-01 20:30:00,5,0.0535469646363727,0.0535469646363727,0.0535469646363727,0.0,0.0,0.0,99.99994645249988,5.35475001113739e-07,0,0,0
2026-01-01 20:30:00,6,0.0436490642444167,0.0436490642444167,0.0436490642444167,0.0,0.0,0.0,99.99995635049926,4.3649500739424097e-07,0,0,0
2026-01-01 20:30:00,7,0.0337057990762187,0.0337057990762187,0.0337057990762187,0.0,0.0,0.0,99.99996629386386,3.370613613758008e-07,0,0,0
2026-01-01 20:30:00,8,0.0308945722241769,0.0308945722241769,0.0308945722241769,0.0,0.0,0.0,99.99996910511882,3.089488117298864e-07,0,0,0
2026-01-01 20:30:00,9,0.0280708537307914,0.0280708537307914,0.0280708537307914,0.0,0.0,0.0,99.99997192886556,2.807113444213582e-07,0,0,0
2026-01-01 20:30:00,10,0.0256581216896569,0.0256581216896569,0.0256581216896569,0.0,0.0,0.0,99.99997434162172,2.5658378273439667e-07,0,0,0
2026-01-01 20:30:00,11,0.0225374909138943,0.0225374909138943,0.0225374909138943,0.0,0.0,0.0,99.99997746228371,2.2537716291057304e-07,0,0,0
2026-01-01 20:30:00,12,0.0194027757963928,0.0194027757963928,0.0194027757963928,0.0,0.0,0.0,99.99998059703017,1.9402969826091075e-07,0,0,0
2026-01-01 20:30:00,13,0.0129946857286875,0.0129946857286875,0.0129946857286875,0.0,0.0,0.0,99.99998700518432,1.2994815676844346e-07,0,0,0
2026-01-01 20:30:00,14,0.0102675768584641,0.0102675768584641,0.0102675768584641,0.0,0.0,0.0,99.99998973232046,1.0267679535259504e-07,0,0,0
2026-01-01 20:30:00,15,0.0073865157008905,0.0073865157008905,0.0073865157008905,0.0,0.0,0.0,99.99999261341043,7.386589566786233e-08,0,0,0
2026-01-01 20:30:00,16,0.0045041124005493,0.0045041124005493,0.0045041124005493,0.0,0.0,0.0,99.99999549584255,4.5041574421238204e-08,0,0,0
2026-01-01 20:30:00,17,0.0166836624098768,0.0166836624098768,0.0166836624098768,0.0,0.0,0.0,99.99998331617076,1.6683829248169364e-07,0,0,0
2026-01-01 20:30:00,18,0.012525091529899,0.0125250915298991,0.01252509152989905,-1.0061396160665481e-16,1.0061396160665481e-16,8.032985710053987e-15,99.99998747478321,1.2525216782066922e-07,0,0,0
2026-01-01 20:30:00,19,0.0083527061369142,0.0083527061369142,0.0083527061369142,0.0,0.0,0.0,99.99999164721034,8.352789664810902e-08,0,0,0
2026-01-01 20:30:00,20,0.0041775899356843,0.0041775899356843,0.0041775899356843,0.0,0.0,0.0,99.99999582236829,4.1776317120014426e-08,0,0,0
2026-01-01 20:30:00,21,0.0446393783327533,0.0446393783327533,0.0446393783327533,0.0,0.0,0.0,99.99995536017526,4.4639824731000635e-07,0,0,0
2026-01-01 20:30:00,22,0.0402297265203479,0.0402297265203479,0.0402297265203479,0.0,0.0,0.0,99.99995976987118,4.023012882163619e-07,0,0,0
2026-01-01 20:30:00,23,0.0201464908720921,0.0201464908720921,0.0201464908720921,0.0,0.0,0.0,99.99997985330766,2.0146692339015566e-07,0,0,0
2026-01-01 20:30:00,24,0.0598965158612432,0.0598965158612432,0.0598965158612432,0.0,0.0,0.0,99.99994010288516,5.989711483239153e-07,0,0,0
2026-01-01 20:30:00,25,0.057264856419295,0.057264856419295,0.057264856419295,0.0,0.0,0.0,99.99994273457092,5.72654290735858e-07,0,0,0
2026-01-01 20:30:00,26,0.0546522560867594,0.0546522560867594,0.0546522560867594,0.0,0.0,0.0,99.99994534719738,5.465280261478562e-07,0,0,0
2026-01-01 20:30:00,27,0.0522119091184064,0.0522119091184064,0.0522119091184064,0.0,0.0,0.0,99.99994778756876,5.221243124271894e-07,0,0,0
2026-01-01 20:30:00,28,0.0463474607924852,0.0463474607924852,0.0463474607924852,0.0,0.0,0.0,99.99995365207573,4.634792427172793e-07,0,0,0
2026-01-01 20:30:00,29,0.0213881515061544,0.0213881515061544,0.0213881515061544,0.0,0.0,0.0,99.99997861163462,2.1388365389808343e-07,0,0,0
2026-01-01 20:30:00,30,0.0138576615952696,0.0138576615952696,0.0138576615952696,0.0,0.0,0.0,99.99998614219983,1.38578001732714e-07,0,0,0
2026-01-01 20:30:00,31,0.0032863628095805,0.0032863628095805,0.0032863628095805,0.0,0.0,0.0,99.99999671360433,3.286395673537274e-08,0,0,0
2026-01-01 20:30:00,32,0.0,0.0,0.0,0.0,0.0,0.0,100.0,0.0,0,0,0
2026-01-01 20:30:00,33,0.0,0.0,0.0,0.0,0.0,0.0,100.0,0.0,0,0,0
2026-01-01 20:30:00,34,0.0,0.0,0.0,0.0,0.0,0.0,100.0,0.0,0,0,0
2026-01-01 20:30:00,35,0.0,0.0,0.0,0.0,0.0,0.0,100.0,0.0,0,0,0
2026-01-01 20:30:00,36,0.0,0.0,0.0,0.0,0.0,0.0,100.0,0.0,0,0,0
2026-01-01 20:45:00,0,0.1901336795568412,0.1901336795568412,0.1901336795568412,0.0,0.0,0.0,99.99980986441909,1.901355809126e-06,0,0,0
2026-01-01 20:45:00,1,0.1690296004640413,0.1690296004640414,0.16902960046404136,-8.326672684688674e-17,8.326672684688674e-17,4.926162145099455e-16,99.99983096870922,1.6903129077689999e-06,0,0,0
2026-01-01 20:45:00,2,0.1214403513632468,0.1214403513632468,0.1214403513632468,0.0,0.0,0.0,99.99987855843422,1.214415657789e-06,0,0,0
2026-01-01 20:45:00,3,0.1153307673549698,0.1153307673549698,0.1153307673549698,0.0,0.0,0.0,99.99988466807933,1.153319206741e-06,0,0,0
2026-01-01 20:45:00,4,0.1125050908533198,0.1125050908533198,0.1125050908533198,0.0,0.0,0.0,99.99988749378409,1.125062159154e-06,0,0,0
2026-01-01 20:45:00,5,0.0526700747303535,0.0526700747303535,0.0526700747303535,0.0,0.0,0.0,99.99994732939857,5.267060143636789e-07,0,0,0
2026-01-01 20:45:00,6,0.0429314616429053,0.0429314616429053,0.0429314616429053,0.0,0.0,0.0,99.99995706810904,4.2931890961814976e-07,0,0,0
2026-01-01 20:45:00,7,0.0331490144058958,0.0331490144058958,0.0331490144058958,0.0,0.0,0.0,99.9999668506541,3.314934589935487e-07,0,0,0
2026-01-01 20:45:00,8,0.0303835282597034,0.0303835282597034,0.0303835282597034,0.0,0.0,0.0,99.9999696161679,3.038383209802439e-07,0,0,0
2026-01-01 20:45:00,9,0.0276060357257785,0.0276060357257785,0.0276060357257785,0.0,0.0,0.0,99.99997239368821,2.7606311788896423e-07,0,0,0
2026-01-01 20:45:00,10,0.0252328624263581,0.0252328624263581,0.0252328624263581,0.0,0.0,0.0,99.99997476688525,2.52331147575057e-07,0,0,0
2026-01-01 20:45:00,11,0.0221634736043673,0.0221634736043673,0.0221634736043673,0.0,0.0,0.0,99.99997783630477,2.216369524131974e-07,0,0,0
2026-01-01 20:45:00,12,0.0190805590647419,0.0190805590647419,0.0190805590647419,0.0,0.0,0.0,99.99998091925013,1.9080749872240722e-07,0,0,0
2026-01-01 20:45:00,13,0.0127786226189415,0.0127786226189416,0.01277862261894155,-9.8879238130678e-17,9.8879238130678e-17,7.737857490645016e-15,99.9999872212496,1.2778750406445662e-07,0,0,0
2026-01-01 20:45:00,14,0.0100967324182415,0.0100967324182415,0.0100967324182415,0.0,0.0,0.0,99.99998990316661,1.0096833386575456e-07,0,0,0
2026-01-01 20:45:00,15,0.0072635203263914,0.0072635203263914,0.0072635203263914,0.0,0.0,0.0,99.99999273640704,7.263592962321103e-08,0,0,0
2026-01-01 20:45:00,16,0.0044290937653264,0.0044290937653264,0.0044290937653264,0.0,0.0,0.0,99.99999557086194,4.429138056706975e-08,0,0,0
2026-01-01 20:45:00,17,0.0164275174638371,0.0164275174638371,0.0164275174638371,0.0,0.0,0.0,99.99998357231826,1.6427681740654528e-07,0,0,0
2026-01-01 20:45:00,18,0.0123326055877751,0.0123326055877751,0.0123326055877751,0.0,0.0,0.0,99.99998766727109,1.233272891506429e-07,0,0,0
2026-01-01 20:45:00,19,0.0082243011960176,0.0082243011960176,0.0082243011960176,0.0,0.0,0.0,99.99999177561656,8.224383439852046e-08,0,0,0
2026-01-01 20:45:00,20,0.004113349580347,0.004113349580347,0.004113349580347,0.0,0.0,0.0,99.99999588660928,4.113390714254159e-08,0,0,0
2026-01-01 20:45:00,21,0.0439396423021348,0.0439396423021348,0.0439396423021348,0.0,0.0,0.0,99.99995605991829,4.394008170295187e-07,0,0,0
2026-01-01 20:45:00,22,0.0395986254867486,0.0395986254867486,0.0395986254867486,0.0,0.0,0.0,99.99996040097852,3.9599021476963375e-07,0,0,0
2026-01-01 20:45:00,23,0.0198299416076793,0.0198299416076793,0.0198299416076793,0.0,0.0,0.0,99.9999801698601,1.983013990907848e-07,0,0,0
2026-01-01 20:45:00,24,0.0589090578239973,0.0589090578239973,0.0589090578239973,0.0,0.0,0.0,99.99994109035308,5.890964692046656e-07,0,0,0
2026-01-01 20:45:00,25,0.0563197497389047,0.0563197497389047,0.0563197497389047,0.0,0.0,0.0,99.99994367968706,5.63203129420342e-07,0,0,0
2026-01-01 20:45:00,26,0.0537493035965355,0.0537493035965355,0.0537493035965355,0.0,0.0,0.0,99.9999462501589,5.37498410949465e-07,0,0,0
2026-01-01 20:45:00,27,0.0513487963858397,0.0513487963858397,0.0513487963858397,0.0,0.0,0.0,99.99994865069011,5.134930987893853e-07,0,0,0
2026-01-01 20:45:00,28,0.0455808242748461,0.0455808242748461,0.0455808242748461,0.0,0.0,0.0,99.99995441871991,4.558128008764704e-07,0,0,0
2026-01-01 20:45:00,29,0.0210334483233471,0.0210334483233471,0.0210334483233471,0.0,0.0,0.0,99.99997896634135,2.1033658659933735e-07,0,0,0
2026-01-01 20:45:00,30,0.013627760415004,0.013627760415004,0.013627760415004,0.0,0.0,0.0,99.99998637210331,1.362789669397096e-07,0,0,0
2026-01-01 20:45:00,31,0.003231828800198,0.003231828800198,0.003231828800198,0.0,0.0,0.0,99.99999676813889,3.231861118809257e-08,0,0,0
2026-01-01 20:45:00,32,0.0,0.0,0.0,0.0,0.0,0.0,100.0,0.0,0,0,0
2026-01-01 20:45:00,33,0.0,0.0,0.0,0.0,0.0,0.0,100.0,0.0,0,0,0
2026-01-01 20:45:00,34,0.0,0.0,0.0,0.0,0.0,0.0,100.0,0.0,0,0,0
2026-01-01 20:45:00,35,0.0,0.0,0.0,0.0,0.0,0.0,100.0,0.0,0,0,0
2026-01-01 20:45:00,36,0.0,0.0,0.0,0.0,0.0,0.0,100.0,0.0,0,0,0
2026-01-01 21:00:00,0,0.18209891450347,0.18209891450347,0.18209891450347,0.0,0.0,0.0,99.99981789926449,1.821007355108e-06,0,0,0
2026-01-01 21:00:00,1,0.1618472020447492,0.1618472020447492,0.1618472020447492,0.0,0.0,0.0,99.99983815117946,1.618488205329e-06,0,0,0
2026-01-01 21:00:00,2,0.1162184573133064,0.1162184573133064,0.1162184573133064,0.0,0.0,0.0,99.99988378038049,1.162196195095e-06,0,0,0
2026-01-01 21:00:00,3,0.110359998580197,0.110359998580197,0.110359998580197,0.0,0.0,0.0,99.99988963889781,1.103611021912e-06,0,0,0
2026-01-01 21:00:00,4,0.1076512374805401,0.1076512374805401,0.1076512374805401,0.0,0.0,0.0,99.999892347686,1.076523140036e-06,0,0,0
2026-01-01 21:00:00,5,0.0504059423237959,0.0504059423237959,0.0504059423237959,0.0,0.0,0.0,99.99994959355361,5.040644638825987e-07,0,0,0
2026-01-01 21:00:00,6,0.0410790699192179,0.041079069919218,0.04107906991921795,-1.0408340855860843e-16,1.0408340855860843e-16,2.5337327117181885e-15,99.99995892051929,4.107948071402514e-07,0,0,0
2026-01-01 21:00:00,7,0.0317121893621281,0.0317121893621281,0.0317121893621281,0.0,0.0,0.0,99.99996828749352,3.171250648719305e-07,0,0,0
2026-01-01 21:00:00,8,0.0290648559545664,0.0290648559545664,0.0290648559545664,0.0,0.0,0.0,99.9999709348534,2.906514660603255e-07,0,0,0
2026-01-01 21:00:00,9,0.0264067228826054,0.0264067228826054,0.0264067228826054,0.0,0.0,0.0,99.99997359301305,2.6406986952475026e-07,0,0,0
2026-01-01 21:00:00,10,0.0241356835918398,0.0241356835918398,0.0241356835918398,0.0,0.0,0.0,99.99997586407505,2.4135924951089365e-07,0,0,0
2026-01-01 21:00:00,11,0.0211985801508345,0.0211985801508345,0.0211985801508345,0.0,0.0,0.0,99.99997880120786,2.1198792138755949e-07,0,0,0
2026-01-01 21:00:00,12,0.0182493383039759,0.0182493383039759,0.0182493383039759,0.0,0.0,0.0,99.99998175047921,1.8249520799183916e-07,0,0,0
2026-01-01 21:00:00,13,0.0122212901599286,0.0122212901599286,0.0122212901599286,0.0,0.0,0.0,99.99998777858762,1.22214123740524e-07,0,0,0
2026-01-01 21:00:00,14,0.0096560620747587,0.0096560620747587,0.0096560620747587,0.0,0.0,0.0,99.99999034384136,9.656158636345159e-08,0,0,0
2026-01-01 21:00:00,15,0.0069462853125475,0.0069462853125475,0.0069462853125475,0.0,0.0,0.0,99.99999305364523,6.94635477609531e-08,0,0,0
2026-01-01 21:00:00,16,0.0042356056740063,0.0042356056740063,0.0042356056740063,0.0,0.0,0.0,99.99999576435197,4.235648030486667e-08,0,0,0
2026-01-01 21:00:00,17,0.0157634883146744,0.0157634883146744,0.0157634883146744,0.0,0.0,0.0,99.99998423635405,1.576364595113396e-07,0,0,0
2026-01-01 21:00:00,18,0.0118336332018379,0.0118336332018379,0.0118336332018379,0.0,0.0,0.0,99.99998816624846,1.1833751539353369e-07,0,0,0
2026-01-01 21:00:00,19,0.0078914489243111,0.0078914489243111,0.0078914489243111,0.0,0.0,0.0,99.99999210847216,7.891527839589589e-08,0,0,0
2026-01-01 21:00:00,20,0.003946828003746,0.003946828003746,0.003946828003746,0.0,0.0,0.0,99.99999605313253,3.946867472420726e-08,0,0,0
2026-01-01 21:00:00,21,0.0421278925267565,0.0421278925267565,0.0421278925267565,0.0,0.0,0.0,99.99995787168619,4.2128313809894644e-07,0,0,0
2026-01-01 21:00:00,22,0.0379646585208191,0.0379646585208191,0.0379646585208191,0.0,0.0,0.0,99.99996203496183,3.7965038171200837e-07,0,0,0
2026-01-01 21:00:00,23,0.0190104488371353,0.0190104488371353,0.0190104488371353,0.0,0.0,0.0,99.99998098936106,1.901063894352481e-07,0,0,0
2026-01-01 21:00:00,24,0.0563605224261375,0.0563605224261375,0.0563605224261375,0.0,0.0,0.0,99.99994363891396,5.636108603699795e-07,0,0,0
2026-01-01 21:00:00,25,0.0538806880037585,0.0538806880037585,0.0538806880037585,0.0,0.0,0.0,99.99994611877318,5.38812268160267e-07,0,0,0
2026-01-01 21:00:00,26,0.0514191879641625,0.0514191879641625,0.0514191879641625,0.0,0.0,0.0,99.99994858029784,5.141970216118412e-07,0,0,0
2026-01-01 21:00:00,27,0.0491215684500671,0.0491215684500671,0.0491215684500671,0.0,0.0,0.0,99.99995087794034,4.912205967066385e-07,0,0,0
2026-01-01 21:00:00,28,0.0436026273814768,0.0436026273814768,0.0436026273814768,0.0,0.0,0.0,99.99995639693658,4.360306341211098e-07,0,0,0
2026-01-01 21:00:00,29,0.0201183409863288,0.0201183409863288,0.0201183409863288,0.0,0.0,0.0,99.99997988145783,2.011854217175053e-07,0,0,0
2026-01-01 21:00:00,30,0.0130346469207967,0.0130346469207967,0.0130346469207967,0.0,0.0,0.0,99.99998696522273,1.3034777268569444e-07,0,0,0
2026-01-01 21:00:00,31,0.0030911406589314,0.0030911406589314,0.0030911406589314,0.0,0.0,0.0,99.99999690882844,3.091171570647137e-08,0,0,0
2026-01-01 21:00:00,32,0.0,0.0,0.0,0.0,0.0,0.0,100.0,0.0,0,0,0
2026-01-01 21:00:00,33,0.0,0.0,0.0,0.0,0.0,0.0,100.0,0.0,0,0,0
2026-01-01 21:00:00,34,0.0,0.0,0.0,0.0,0.0,0.0,100.0,0.0,0,0,0
2026-01-01 21:00:00,35,0.0,0.0,0.0,0.0,0.0,0.0,100.0,0.0,0,0,0
2026-01-01 21:00:00,36,0.0,0.0,0.0,0.0,0.0,0.0,100.0,0.0,0,0,0
2026-01-01 21:15:00,0,0.1886163090654593,0.1886163090654593,0.1886163090654593,0.0,0.0,0.0,99.99981138180475,1.886181952474e-06,0,0,0
2026-01-01 21:15:00,1,0.1676729218303762,0.1676729218303762,0.1676729218303762,0.0,0.0,0.0,99.99983232540143,1.6767459857629999e-06,0,0,0
2026-01-01 21:15:00,2,0.1204535418525517,0.1204535418525518,0.12045354185255175,-1.1102230246251565e-16,1.1102230246251565e-16,9.217021893917996e-16,99.9998795452536,1.204547464e-06,0,0,0
2026-01-01 21:15:00,3,0.1143913318951545,0.1143913318951545,0.1143913318951545,0.0,0.0,0.0,99.99988560752418,1.143924758199e-06,0,0,0
2026-01-01 21:15:00,4,0.111587716618254,0.1115877166182539,0.11158771661825395,9.71445146547012e-17,9.71445146547012e-17,8.705663032910099e-16,99.99988841116749,1.1158883250650001e-06,0,0,0
2026-01-01 21:15:00,5,0.0522422158639288,0.0522422158639288,0.0522422158639288,0.0,0.0,0.0,99.99994775726171,5.22427382913118e-07,0,0,0
2026-01-01 21:15:00,6,0.0425813597035945,0.0425813597035945,0.0425813597035945,0.0,0.0,0.0,99.99995741821448,4.2581785521449806e-07,0,0,0
2026-01-01 21:15:00,7,0.0328774062983838,0.0328774062983838,0.0328774062983838,0.0,0.0,0.0,99.99996712226492,3.2877735075734574e-07,0,0,0
2026-01-01 21:15:00,8,0.0301342422544445,0.0301342422544445,0.0301342422544445,0.0,0.0,0.0,99.9999698654564,3.0134543599880573e-07,0,0,0
2026-01-01 21:15:00,9,0.0273793049559197,0.0273793049559196,0.02737930495591965,1.0061396160665481e-16,1.0061396160665481e-16,3.674816618627669e-15,99.99997262042125,2.737957875170722e-07,0,0,0
2026-01-01 21:15:00,10,0.0250254329307024,0.0250254329307024,0.0250254329307024,0.0,0.0,0.0,99.99997497431681,2.5025683187534313e-07,0,0,0
2026-01-01 21:15:00,11,0.021981044786634,0.021981044786634,0.021981044786634,0.0,0.0,0.0,99.9999780187354,2.198126459928004e-07,0,0,0
2026-01-01 21:15:00,12,0.0189233991527442,0.0189233991527442,0.0189233991527442,0.0,0.0,0.0,99.99998107641161,1.8923588388628158e-07,0,0,0
2026-01-01 21:15:00,13,0.0126732422066919,0.0126732422066919,0.0126732422066919,0.0,0.0,0.0,99.99998732663106,1.2673368940381344e-07,0,0,0
2026-01-01 21:15:00,14,0.0100134081575721,0.0100134081575721,0.0100134081575721,0.0,0.0,0.0,99.99998998649171,1.0013508292655056e-07,0,0,0
2026-01-01 21:15:00,15,0.0072035342001592,0.0072035342001592,0.0072035342001592,0.0,0.0,0.0,99.99999279639377,7.203606236221629e-08,0,0,0
2026-01-01 21:15:00,16,0.0043925066515187,0.0043925066515187,0.0043925066515187,0.0,0.0,0.0,99.99999560744942,4.392550577024515e-08,0,0,0
2026-01-01 21:15:00,17,0.0163023281961853,0.0163023281961853,0.0163023281961853,0.0,0.0,0.0,99.99998369750878,1.6302491221097517e-07,0,0,0
2026-01-01 21:15:00,18,0.0122385314090531,0.0122385314090531,0.0122385314090531,0.0,0.0,0.0,99.9999877613462,1.2238653795591147e-07,0,0,0
2026-01-01 21:15:00,19,0.0081615459610477,0.0081615459610477,0.0081615459610477,0.0,0.0,0.0,99.99999183837242,8.161627577323566e-08,0,0,0
2026-01-01 21:15:00,20,0.0040819536634973,0.0040819536634973,0.0040819536634973,0.0,0.0,0.0,99.99999591800551,4.081994483442231e-08,0,0,0
2026-01-01 21:15:00,21,0.0435978263391723,0.0435978263391723,0.0435978263391723,0.0,0.0,0.0,99.99995640173768,4.35982623217956e-07,0,0,0
2026-01-01 21:15:00,22,0.0392903429945441,0.0392903429945441,0.0392903429945441,0.0,0.0,0.0,99.9999607092641,3.9290735901903134e-07,0,0,0
2026-01-01 21:15:00,23,0.0196753184850231,0.0196753184850231,0.0196753184850231,0.0,0.0,0.0,99.99998032448477,1.967551524017552e-07,0,0,0
2026-01-01 21:15:00,24,0.058427335042612,0.058427335042612,0.058427335042612,0.0,0.0,0.0,99.99994157208067,5.842791932180526e-07,0,0,0
2026-01-01 21:15:00,25,0.0558587009811205,0.0558587009811205,0.0558587009811205,0.0,0.0,0.0,99.99994414074042,5.585925957371632e-07,0,0,0
2026-01-01 21:15:00,26,0.0533088312115359,0.053308831211536,0.05330883121153595,-9.71445146547012e-17,9.71445146547012e-17,1.8222964980465413e-15,99.9999466906357,5.330936430517905e-07,0,0,0
2026-01-01 21:15:00,27,0.0509277646009573,0.0509277646009574,0.050927764600957354,-1.0408340855860843e-16,1.0408340855860843e-16,2.0437454684432987e-15,99.99994907172612,5.092827388369624e-07,0,0,0
2026-01-01 21:15:00,28,0.0452068603240664,0.0452068603240664,0.0452068603240664,0.0,0.0,0.0,99.9999547926876,4.520731239719041e-07,0,0,0
2026-01-01 21:15:00,29,0.0208604368621227,0.0208604368621227,0.0208604368621227,0.0,0.0,0.0,99.99997913935454,2.0860645468577456e-07,0,0,0
2026-01-01 21:15:00,30,0.0135156239962545,0.0135156239962545,0.0135156239962545,0.0,0.0,0.0,99.99998648424085,1.3515759153846075e-07,0,0,0
2026-01-01 21:15:00,31,0.0032052295015139,0.0032052295015139,0.0032052295015139,0.0,0.0,0.0,99.99999679473845,3.20526155412951e-08,0,0,0
2026-01-01 21:15:00,32,0.0,0.0,0.0,0.0,0.0,0.0,100.0,0.0,0,0,0
2026-01-01 21:15:00,33,0.0,0.0,0.0,0.0,0.0,0.0,100.0,0.0,0,0,0
2026-01-01 21:15:00,34,0.0,0.0,0.0,0.0,0.0,0.0,100.0,0.0,0,0,0
2026-01-01 21:15:00,35,0.0,0.0,0.0,0.0,0.0,0.0,100.0,0.0,0,0,0
2026-01-01 21:15:00,36,0.0,0.0,0.0,0.0,0.0,0.0,100.0,0.0,0,0,0
2026-01-01 21:30:00,0,0.1794308839489113,0.1794308839489113,0.1794308839489113,0.0,0.0,0.0,99.99982056732172,1.794326782756e-06,0,0,0
2026-01-01 21:30:00,1,0.1594630103832348,0.1594630103832348,0.1594630103832348,0.0,0.0,0.0,99.99984053539497,1.5946460502920001e-06,0,0,0
2026-01-01 21:30:00,2,0.1144863455493264,0.1144863455493264,0.1144863455493264,0.0,0.0,0.0,99.99988551250958,1.1448749042420001e-06,0,0,0
2026-01-01 21:30:00,3,0.1087114227517709,0.1087114227517709,0.1087114227517709,0.0,0.0,0.0,99.99989128749013,1.087125098768e-06,0,0,0
2026-01-01 21:30:00,4,0.1060415373576065,0.1060415373576065,0.1060415373576065,0.0,0.0,0.0,99.99989395740222,1.060425977835e-06,0,0,0
2026-01-01 21:30:00,5,0.0496549071058131,0.0496549071058131,0.0496549071058131,0.0,0.0,0.0,99.99995034459634,4.965540365984973e-07,0,0,0
2026-01-01 21:30:00,6,0.0404647590133986,0.0404647590133986,0.0404647590133986,0.0,0.0,0.0,99.99995953483634,4.046516366503532e-07,0,0,0
2026-01-01 21:30:00,7,0.031235831855919,0.031235831855919,0.031235831855919,0.0,0.0,0.0,99.99996876385578,3.1236144217361196e-07,0,0,0
2026-01-01 21:30:00,8,0.0286277067168593,0.0286277067168593,0.0286277067168593,0.0,0.0,0.0,99.999971372007,2.8627992996789343e-07,0,0,0
2026-01-01 21:30:00,9,0.0260091675618866,0.0260091675618866,0.0260091675618866,0.0,0.0,0.0,99.99997399057234,2.600942765616325e-07,0,0,0
2026-01-01 21:30:00,10,0.0237720049600355,0.0237720049600355,0.0237720049600355,0.0,0.0,0.0,99.99997622775732,2.3772242682462347e-07,0,0,0
2026-01-01 21:30:00,11,0.0208787750508142,0.0208787750508142,0.0208787750508142,0.0,0.0,0.0,99.99997912101615,2.0878983840652658e-07,0,0,0
2026-01-01 21:30:00,12,0.0179738495098034,0.0179738495098034,0.0179738495098034,0.0,0.0,0.0,99.99998202597075,1.797402925009596e-07,0,0,0
2026-01-01 21:30:00,13,0.012036589301604,0.012036589301604,0.012036589301604,0.0,0.0,0.0,99.99998796329034,1.2036709668700776e-07,0,0,0
2026-01-01 21:30:00,14,0.0095100298778839,0.0095100298778839,0.0095100298778839,0.0,0.0,0.0,99.99999048987502,9.510124979133724e-08,0,0,0
2026-01-01 21:30:00,15,0.0068411626791109,0.0068411626791109,0.0068411626791109,0.0,0.0,0.0,99.9999931587689,6.841231091421892e-08,0,0,0
2026-01-01 21:30:00,16,0.0041714902621612,0.0041714902621612,0.0041714902621612,0.0,0.0,0.0,99.99999582846802,4.1715319774809835e-08,0,0,0
2026-01-01 21:30:00,17,0.0155423764386091,0.0155423764386091,0.0155423764386091,0.0,0.0,0.0,99.99998445746813,1.5542531863927775e-07,0,0,0
2026-01-01 21:30:00,18,0.0116674915609727,0.0116674915609727,0.0116674915609727,0.0,0.0,0.0,99.99998833239177,1.1667608237055154e-07,0,0,0
2026-01-01 21:30:00,19,0.0077806217904145,0.0077806217904145,0.0077806217904145,0.0,0.0,0.0,99.99999221930041,7.780699597410565e-08,0,0,0
2026-01-01 21:30:00,20,0.0038913835436305,0.0038913835436305,0.0038913835436305,0.0,0.0,0.0,99.99999610857755,3.891422457855115e-08,0,0,0
2026-01-01 21:30:00,21,0.0415253211588283,0.0415253211588283,0.0415253211588283,0.0,0.0,0.0,99.99995847426358,4.152573641619247e-07,0,0,0
2026-01-01 21:30:00,22,0.0374212396224858,0.0374212396224858,0.0374212396224858,0.0,0.0,0.0,99.99996257838616,3.742161383862423e-07,0,0,0
2026-01-01 21:30:00,23,0.0187379292768394,0.0187379292768394,0.0187379292768394,0.0,0.0,0.0,99.99998126188335,1.873811665800601e-07,0,0,0
2026-01-01 21:30:00,24,0.0555154913325687,0.0555154913325687,0.0555154913325687,0.0,0.0,0.0,99.99994448395351,5.551604649303366e-07,0,0,0
2026-01-01 21:30:00,25,0.0530720091633504,0.0530720091633504,0.0530720091633504,0.0,0.0,0.0,99.99994692746012,5.307253988874936e-07,0,0,0
2026-01-01 21:30:00,26,0.0506466805186799,0.0506466805186799,0.0506466805186799,0.0,0.0,0.0,99.999949352813,5.064718699054989e-07,0,0,0
2026-01-01 21:30:00,27,0.0483831966021835,0.0483831966021835,0.0483831966021835,0.0,0.0,0.0,99.99995161631956,4.838368043898798e-07,0,0,0
2026-01-01 21:30:00,28,0.0429468391239114,0.0429468391239114,0.0429468391239114,0.0,0.0,0.0,99.9999570527314,4.2947268596597415e-07,0,0,0
2026-01-01 21:30:00,29,0.0198150241967566,0.0198150241967566,0.0198150241967566,0.0,0.0,0.0,99.99998018477766,1.9815222348980096e-07,0,0,0
2026-01-01 21:30:00,30,0.0128380610286311,0.0128380610286311,0.0128380610286311,0.0,0.0,0.0,99.9999871618106,1.283818941052529e-07,0,0,0
2026-01-01 21:30:00,31,0.0030445106180781,0.0030445106180781,0.0030445106180781,0.0,0.0,0.0,99.99999695545894,3.044541063488792e-08,0,0,0
2026-01-01 21:30:00,32,0.0,0.0,0.0,0.0,0.0,0.0,100.0,0.0,0,0,0
2026-01-01 21:30:00,33,0.0,0.0,0.0,0.0,0.0,0.0,100.0,0.0,0,0,0
2026-01-01 21:30:00,34,0.0,0.0,0.0,0.0,0.0,0.0,100.0,0.0,0,0,0
2026-01-01 21:30:00,35,0.0,0.0,0.0,0.0,0.0,0.0,100.0,0.0,0,0,0
2026-01-01 21:30:00,36,0.0,0.0,0.0,0.0,0.0,0.0,100.0,0.0,0,0,0
2026-01-01 21:45:00,0,0.1786487612294531,0.1786487612294531,0.1786487612294531,0.0,0.0,0.0,99.99982134945226,1.786505477349e-06,0,0,0
2026-01-01 21:45:00,1,0.1587641694892179,0.1587641694892179,0.1587641694892179,0.0,0.0,0.0,99.99984123424285,1.587657571467e-06,0,0,0
2026-01-01 21:45:00,2,0.1139787602609579,0.113978760260958,0.11397876026095796,-9.71445146547012e-17,9.71445146547012e-17,8.523035862931822e-16,99.99988602009994,1.139799000599e-06,0,0,0
2026-01-01 21:45:00,3,0.1082283395446788,0.1082283395446788,0.1082283395446788,0.0,0.0,0.0,99.99989177057816,1.082294218388e-06,0,0,0
2026-01-01 21:45:00,4,0.1055698553646337,0.1055698553646337,0.1055698553646337,0.0,0.0,0.0,99.99989442908893,1.055709110737e-06,0,0,0
2026-01-01 21:45:00,5,0.0494348190081996,0.0494348190081996,0.0494348190081996,0.0,0.0,0.0,99.99995056468664,4.943531336133328e-07,0,0,0
2026-01-01 21:45:00,6,0.0402847510947255,0.0402847510947255,0.0402847510947255,0.0,0.0,0.0,99.99995971484606,4.0285153946264983e-07,0,0,0
2026-01-01 21:45:00,7,0.0310962606428212,0.0310962606428212,0.0310962606428212,0.0,0.0,0.0,99.9999689034284,3.109657160853733e-07,0,0,0
2026-01-01 21:45:00,8,0.028499626834454,0.028499626834454,0.028499626834454,0.0,0.0,0.0,99.99997150008817,2.8499911833572416e-07,0,0,0
2026-01-01 21:45:00,9,0.0258926906455856,0.0258926906455856,0.0258926906455856,0.0,0.0,0.0,99.99997410705042,2.58929495750814e-07,0,0,0
2026-01-01 21:45:00,10,0.0236654552803464,0.0236654552803464,0.0236654552803464,0.0,0.0,0.0,99.99997633430806,2.3665691937265868e-07,0,0,0
2026-01-01 21:45:00,11,0.0207850817155913,0.0207850817155913,0.0207850817155913,0.0,0.0,0.0,99.99997921471044,2.0785289568487052e-07,0,0,0
2026-01-01 21:45:00,12,0.0178931406647319,0.0178931406647319,0.0178931406647319,0.0,0.0,0.0,99.9999821066804,1.7893319597927948e-07,0,0,0
2026-01-01 21:45:00,13,0.011982479540634,0.0119824795406339,0.01198247954063395,1.0061396160665481e-16,1.0061396160665481e-16,8.396749378788214e-15,99.99998801740064,1.1982599366627668e-07,0,0,0
2026-01-01 21:45:00,14,0.0094672490612372,0.0094672490612372,0.0094672490612372,0.0,0.0,0.0,99.99999053265627,9.467343734674593e-08,0,0,0
2026-01-01 21:45:00,15,0.006810366975769,0.006810366975769,0.006810366975769,0.0,0.0,0.0,99.99999318956492,6.810435080119891e-08,0,0,0
2026-01-01 21:45:00,16,0.0041527077200356,0.0041527077200356,0.0041527077200356,0.0,0.0,0.0,99.99999584725076,4.152749247528131e-08,0,0,0
2026-01-01 21:45:00,17,0.0154775004819013,0.0154775004819013,0.0154775004819013,0.0,0.0,0.0,99.99998452234475,1.5477655258453908e-07,0,0,0
2026-01-01 21:45:00,18,0.0116187451336751,0.0116187451336751,0.0116187451336751,0.0,0.0,0.0,99.99998838113868,1.1618861322288418e-07,0,0,0
2026-01-01 21:45:00,19,0.0077481049750175,0.0077481049750175,0.0077481049750175,0.0,0.0,0.0,99.99999225181755,7.748182456842138e-08,0,0,0
2026-01-01 21:45:00,20,0.0038751161556974,0.0038751161556974,0.0038751161556974,0.0,0.0,0.0,99.9999961248451,3.875154907246564e-08,0,0,0
2026-01-01 21:45:00,21,0.0413485894285931,0.0413485894285931,0.0413485894285931,0.0,0.0,0.0,99.99995865099709,4.1349002918622345e-07,0,0,0
2026-01-01 21:45:00,22,0.0372618592970573,0.0372618592970573,0.0372618592970573,0.0,0.0,0.0,99.99996273776809,3.7262231919376504e-07,0,0,0
2026-01-01 21:45:00,23,0.0186580038232064,0.0186580038232064,0.0186580038232064,0.0,0.0,0.0,99.9999813418096,1.8658190405110514e-07,0,0,0
2026-01-01 21:45:00,24,0.0552678902830578,0.0552678902830579,0.05526789028305785,-9.71445146547012e-17,9.71445146547012e-17,1.7577022857240764e-15,99.99994473155704,5.526844296748757e-07,0,0,0
2026-01-01 21:45:00,25,0.0528350646621472,0.0528350646621472,0.0528350646621472,0.0,0.0,0.0,99.99994716440698,5.283559301807741e-07,0,0,0
2026-01-01 21:45:00,26,0.0504203389848145,0.0504203389848145,0.0504203389848145,0.0,0.0,0.0,99.9999495791568,5.042084319324649e-07,0,0,0
2026-01-01 21:45:00,27,0.048166859019776,0.048166859019776,0.048166859019776,0.0,0.0,0.0,99.9999518326593,4.816734069318295e-07,0,0,0
2026-01-01 21:45:00,28,0.0427547003201514,0.0427547003201514,0.0427547003201514,0.0,0.0,0.0,99.99995724487214,4.2755127871430195e-07,0,0,0
2026-01-01 21:45:00,29,0.019726160246041,0.019726160246041,0.019726160246041,0.0,0.0,0.0,99.99998027364249,1.972635750961614e-07,0,0,0
2026-01-01 21:45:00,30,0.01278046688902,0.01278046688902,0.01278046688902,0.0,0.0,0.0,99.9999872194053,1.2780594694967025e-07,0,0,0
2026-01-01 21:45:00,31,0.0030308493907768,0.0030308493907768,0.0030308493907768,0.0,0.0,0.0,99.9999969691203,3.030879699573802e-08,0,0,0
2026-01-01 21:45:00,32,0.0,0.0,0.0,0.0,0.0,0.0,100.0,0.0,0,0,0
2026-01-01 21:45:00,33,0.0,0.0,0.0,0.0,0.0,0.0,100.0,0.0,0,0,0
2026-01-01 21:45:00,34,0.0,0.0,0.0,0.0,0.0,0.0,100.0,0.0,0,0,0
2026-01-01 21:45:00,35,0.0,0.0,0.0,0.0,0.0,0.0,100.0,0.0,0,0,0
2026-01-01 21:45:00,36,0.0,0.0,0.0,0.0,0.0,0.0,100.0,0.0,0,0,0
2026-01-01 22:00:00,0,0.1777577982054357,0.1777577982054357,0.1777577982054357,0.0,0.0,0.0,99.9998222404242,1.7775957580109998e-06,0,0,0
2026-01-01 22:00:00,1,0.1579681194386559,0.1579681194386559,0.1579681194386559,0.0,0.0,0.0,99.99984203030087,1.579696991356e-06,0,0,0
2026-01-01 22:00:00,2,0.1134006364822562,0.1134006364822562,0.1134006364822562,0.0,0.0,0.0,99.9998865982295,1.134017704999e-06,0,0,0
2026-01-01 22:00:00,3,0.1076781351800542,0.1076781351800542,0.1076781351800542,0.0,0.0,0.0,99.99989232078802,1.076792119721e-06,0,0,0
2026-01-01 22:00:00,4,0.1050326415375866,0.1050326415375866,0.1050326415375866,0.0,0.0,0.0,99.99989496630812,1.050336918745e-06,0,0,0
2026-01-01 22:00:00,5,0.0491841445046938,0.0491841445046938,0.0491841445046938,0.0,0.0,0.0,99.99995081536365,4.91846363510574e-07,0,0,0
2026-01-01 22:00:00,6,0.040079734486586,0.040079734486586,0.040079734486586,0.0,0.0,0.0,99.99995991986471,4.0080135287938947e-07,0,0,0
2026-01-01 22:00:00,7,0.0309373058104133,0.0309373058104133,0.0309373058104133,0.0,0.0,0.0,99.9999690623848,3.093761518656518e-07,0,0,0
2026-01-01 22:00:00,8,0.0283537611332036,0.0283537611332036,0.0283537611332036,0.0,0.0,0.0,99.99997164595533,2.835404467365043e-07,0,0,0
2026-01-01 22:00:00,9,0.0257600404696371,0.0257600404696371,0.0257600404696371,0.0,0.0,0.0,99.99997423970193,2.5760298072617886e-07,0,0,0
2026-01-01 22:00:00,10,0.0235441118444208,0.0235441118444208,0.0235441118444208,0.0,0.0,0.0,99.99997645565271,2.354434728789373e-07,0,0,0
2026-01-01 22:00:00,11,0.0206783809449553,0.0206783809449553,0.0206783809449553,0.0,0.0,0.0,99.99997932141227,2.06785877308327e-07,0,0,0
2026-01-01 22:00:00,12,0.0178012275878311,0.0178012275878311,0.0178012275878311,0.0,0.0,0.0,99.9999821985944,1.7801405601887127e-07,0,0,0
2026-01-01 22:00:00,13,0.011920858841791,0.011920858841791,0.011920858841791,0.0,0.0,0.0,99.99998807902195,1.192097805157157e-07,0,0,0
2026-01-01 22:00:00,14,0.009418530221519,0.009418530221519,0.009418530221519,0.0,0.0,0.0,99.9999905813756,9.418624407763136e-08,0,0,0
2026-01-01 22:00:00,15,0.0067752970241034,0.0067752970241034,0.0067752970241034,0.0,0.0,0.0,99.99999322463522,6.775364777751211e-08,0,0,0
2026-01-01 22:00:00,16,0.004131318343887,0.004131318343887,0.004131318343887,0.0,0.0,0.0,99.99999586864034,4.131359657483581e-08,0,0,0
2026-01-01 22:00:00,17,0.0154035644889576,0.0154035644889576,0.0154035644889576,0.0,0.0,0.0,99.99998459628148,1.5403718526142862e-07,0,0,0
2026-01-01 22:00:00,18,0.0115631916459992,0.0115631916459992,0.0115631916459992,0.0,0.0,0.0,99.99998843669272,1.1563307279072033e-07,0,0,0
2026-01-01 22:00:00,19,0.0077110475376542,0.0077110475376542,0.0077110475376542,0.0,0.0,0.0,99.99999228887535,7.711124648900767e-08,0,0,0
2026-01-01 22:00:00,20,0.0038565772491518,0.0038565772491518,0.0038565772491518,0.0,0.0,0.0,99.99999614338418,3.856615815309995e-08,0,0,0
2026-01-01 22:00:00,21,0.0411472140338107,0.0411472140338107,0.0411472140338107,0.0,0.0,0.0,99.99995885237449,4.114762551006587e-07,0,0,0
2026-01-01 22:00:00,22,0.0370802560344255,0.0370802560344255,0.0370802560344255,0.0,0.0,0.0,99.99996291937316,3.708062684069399e-07,0,0,0
2026-01-01 22:00:00,23,0.0185669353678617,0.0185669353678617,0.0185669353678617,0.0,0.0,0.0,99.99998143287895,1.856712103907212e-07,0,0,0
2026-01-01 22:00:00,24,0.0549858971229508,0.0549858971229508,0.0549858971229508,0.0,0.0,0.0,99.99994501355302,5.498644698742072e-07,0,0,0
2026-01-01 22:00:00,25,0.0525652110226543,0.0525652110226543,0.0525652110226543,0.0,0.0,0.0,99.99994743426332,5.256573668002113e-07,0,0,0
2026-01-01 22:00:00,26,0.0501625635635165,0.0501625635635165,0.0501625635635165,0.0,0.0,0.0,99.9999498369348,5.016306519416845e-07,0,0,0
2026-01-01 22:00:00,27,0.0479204781701038,0.0479204781701038,0.0479204781701038,0.0,0.0,0.0,99.99995207904261,4.792095737967765e-07,0,0,0
2026-01-01 22:00:00,28,0.0425358799932409,0.0425358799932409,0.0425358799932409,0.0,0.0,0.0,99.99995746369464,4.253630535629455e-07,0,0,0
2026-01-01 22:00:00,29,0.0196249586531049,0.0196249586531049,0.0196249586531049,0.0,0.0,0.0,99.9999803748451,1.9625154904653952e-07,0,0,0
2026-01-01 22:00:00,30,0.0127148767506707,0.0127148767506707,0.0127148767506707,0.0,0.0,0.0,99.9999872849961,1.2715003900709759e-07,0,0,0
2026-01-01 22:00:00,31,0.0030152915606002,0.0030152915606002,0.0030152915606002,0.0,0.0,0.0,99.99999698467829,3.01532171381738e-08,0,0,0
2026-01-01 22:00:00,32,0.0,0.0,0.0,0.0,0.0,0.0,100.0,0.0,0,0,0
2026-01-01 22:00:00,33,0.0,0.0,0.0,0.0,0.0,0.0,100.0,0.0,0,0,0
2026-01-01 22:00:00,34,0.0,0.0,0.0,0.0,0.0,0.0,100.0,0.0,0,0,0
2026-01-01 22:00:00,35,0.0,0.0,0.0,0.0,0.0,0.0,100.0,0.0,0,0,0
2026-01-01 22:00:00,36,0.0,0.0,0.0,0.0,0.0,0.0,100.0,0.0,0,0,0
2026-01-01 22:15:00,0,0.1739383907831011,0.1739383907831011,0.1739383907831011,0.0,0.0,0.0,99.99982605986982,1.739401301844e-06,0,0,0
2026-01-01 22:15:00,1,0.1545560902218954,0.1545560902218954,0.1545560902218954,0.0,0.0,0.0,99.9998454423642,1.545576357982e-06,0,0,0
2026-01-01 22:15:00,2,0.1109234894120855,0.1109234894120854,0.11092348941208545,1.1102230246251565e-16,1.1102230246251565e-16,1.0008907314586524e-15,99.99988907540134,1.10924598658e-06,0,0,0
2026-01-01 22:15:00,3,0.1053207658125314,0.1053207658125314,0.1053207658125314,0.0,0.0,0.0,99.99989467818097,1.053218190307e-06,0,0,0
2026-01-01 22:15:00,4,0.1027309932681218,0.1027309932681218,0.1027309932681218,0.0,0.0,0.0,99.9998972679794,1.027320205883e-06,0,0,0
2026-01-01 22:15:00,5,0.0481100422818353,0.0481100422818353,0.0481100422818353,0.0,0.0,0.0,99.99995188947662,4.811052338706917e-07,0,0,0
2026-01-01 22:15:00,6,0.0392013603206445,0.0392013603206445,0.0392013603206445,0.0,0.0,0.0,99.99996079824766,3.9201752338167945e-07,0,0,0
2026-01-01 22:15:00,7,0.0302563652378723,0.0302563652378723,0.0302563652378723,0.0,0.0,0.0,99.9999697433322,3.025666780455037e-07,0,0,0
2026-01-01 22:15:00,8,0.0277289153352889,0.0277289153352889,0.0277289153352889,0.0,0.0,0.0,99.99997227080738,2.772919262721519e-07,0,0,0
2026-01-01 22:15:00,9,0.0251918219056478,0.0251918219056479,0.02519182190564785,-1.0061396160665481e-16,1.0061396160665481e-16,3.993912073702651e-15,99.99997480792618,2.5192073826386164e-07,0,0,0
2026-01-01 22:15:00,10,0.0230243395632421,0.0230243395632421,0.0230243395632421,0.0,0.0,0.0,99.99997697543019,2.3024569808940263e-07,0,0,0
2026-01-01 22:15:00,11,0.0202213459674866,0.0202213459674866,0.0202213459674866,0.0,0.0,0.0,99.99997977845182,2.0221548182968435e-07,0,0,0
2026-01-01 22:15:00,12,0.0174075405172051,0.0174075405172051,0.0174075405172051,0.0,0.0,0.0,99.9999825922854,1.7407714594351138e-07,0,0,0
2026-01-01 22:15:00,13,0.0116569304381287,0.0116569304381287,0.0116569304381287,0.0,0.0,0.0,99.99998834295299,1.165704700859884e-07,0,0,0
2026-01-01 22:15:00,14,0.0092098660665778,0.0092098660665778,0.0092098660665778,0.0,0.0,0.0,99.99999079004183,9.209958166159552e-08,0,0,0
2026-01-01 22:15:00,15,0.0066250943985959,0.0066250943985959,0.0066250943985959,0.0,0.0,0.0,99.99999337483935,6.625160650202447e-08,0,0,0
2026-01-01 22:15:00,16,0.004039709485277,0.004039709485277,0.004039709485277,0.0,0.0,0.0,99.99999596025012,4.039749882775926e-08,0,0,0
2026-01-01 22:15:00,17,0.0150862286836523,0.0150862286836523,0.0150862286836523,0.0,0.0,0.0,99.99998491362045,1.5086379547447855e-07,0,0,0
2026-01-01 22:15:00,18,0.0113247597450947,0.0113247597450947,0.0113247597450947,0.0,0.0,0.0,99.999988675127,1.1324872993824735e-07,0,0,0
2026-01-01 22:15:00,19,0.0075520006614126,0.0075520006614126,0.0075520006614126,0.0,0.0,0.0,99.99999244792382,7.552076182174451e-08,0,0,0
2026-01-01 22:15:00,20,0.0037770106465593,0.0037770106465593,0.0037770106465593,0.0,0.0,0.0,99.99999622295158,3.777048417043476e-08,0,0,0
2026-01-01 22:15:00,21,0.0402833533657948,0.0402833533657948,0.0402833533657948,0.0,0.0,0.0,99.9999597162438,4.028375620335685e-07,0,0,0
2026-01-01 22:15:00,22,0.0363012287581882,0.0363012287581882,0.0363012287581882,0.0,0.0,0.0,99.99996369840822,3.6301591774105953e-07,0,0,0
2026-01-01 22:15:00,23,0.0181762925225189,0.0181762925225189,0.0181762925225189,0.0,0.0,0.0,99.99998182352572,1.8176474287261835e-07,0,0,0
2026-01-01 22:15:00,24,0.0537778132381733,0.0537778132381733,0.0537778132381733,0.0,0.0,0.0,99.99994622164898,5.377835102168358e-07,0,0,0
2026-01-01 22:15:00,25,0.0514091673013918,0.0514091673013918,0.0514091673013918,0.0,0.0,0.0,99.9999485903186,5.140968139820587e-07,0,0,0
2026-01-01 22:15:00,26,0.0490582936675413,0.0490582936675413,0.0490582936675413,0.0,0.0,0.0,99.99995094121574,4.905878425538386e-07,0,0,0
2026-01-01 22:15:00,27,0.0468650364530874,0.0468650364530874,0.0468650364530874,0.0,0.0,0.0,99.99995313449489,4.6865505108138564e-07,0,0,0
2026-01-01 22:15:00,28,0.0415985168925639,0.0415985168925639,0.0415985168925639,0.0,0.0,0.0,99.99995840106712,4.1598932881892803e-07,0,0,0
2026-01-01 22:15:00,29,0.0191914705175667,0.0191914705175667,0.0191914705175667,0.0,0.0,0.0,99.99998080833757,1.9191662434191072e-07,0,0,0
2026-01-01 22:15:00,30,0.012433929931026,0.012433929931026,0.012433929931026,0.0,0.0,0.0,99.99998756594573,1.2434054271568733e-07,0,0,0
2026-01-01 22:15:00,31,0.002948652036588,0.0029486520365879,0.00294865203658795,9.974659986866641e-17,9.974659986866641e-17,3.38277492065814e-14,99.99999705131847,2.9486815234032346e-08,0,0,0
2026-01-01 22:15:00,32,0.0,0.0,0.0,0.0,0.0,0.0,100.0,0.0,0,0,0
2026-01-01 22:15:00,33,0.0,0.0,0.0,0.0,0.0,0.0,100.0,0.0,0,0,0
2026-01-01 22:15:00,34,0.0,0.0,0.0,0.0,0.0,0.0,100.0,0.0,0,0,0
2026-01-01 22:15:00,35,0.0,0.0,0.0,0.0,0.0,0.0,100.0,0.0,0,0,0
2026-01-01 22:15:00,36,0.0,0.0,0.0,0.0,0.0,0.0,100.0,0.0,0,0,0
2026-01-01 22:30:00,0,0.1716721262976015,0.1716721262976015,0.1716721262976015,0.0,0.0,0.0,99.99982832615696,1.71673843036e-06,0,0,0
2026-01-01 22:30:00,1,0.1525319301370094,0.1525319301370094,0.1525319301370094,0.0,0.0,0.0,99.99984746654452,1.525334554715e-06,0,0,0
2026-01-01 22:30:00,2,0.1094545575673928,0.1094545575673928,0.1094545575673928,0.0,0.0,0.0,99.99989054434788,1.0945565212389999e-06,0,0,0
2026-01-01 22:30:00,3,0.1039229749362632,0.1039229749362633,0.10392297493626325,-1.1102230246251565e-16,1.1102230246251565e-16,1.0683132565005365e-15,99.99989607598583,1.039240141764e-06,0,0,0
2026-01-01 22:30:00,4,0.1013662898979807,0.1013662898979807,0.1013662898979807,0.0,0.0,0.0,99.99989863269643,1.01367303571e-06,0,0,0
2026-01-01 22:30:00,5,0.0474730983621245,0.0474730983621245,0.0474730983621245,0.0,0.0,0.0,99.9999525264269,4.7473573097855524e-07,0,0,0
2026-01-01 22:30:00,6,0.0386805528113807,0.0386805528113808,0.03868055281138075,-1.0408340855860843e-16,1.0408340855860843e-16,2.690845246129264e-15,99.99996131906038,3.8680939620777013e-07,0,0,0
2026-01-01 22:30:00,7,0.0298526863893859,0.0298526863893859,0.0298526863893859,0.0,0.0,0.0,99.99997014701508,2.9852984919235096e-07,0,0,0
2026-01-01 22:30:00,8,0.0273585082591843,0.0273585082591843,0.0273585082591843,0.0,0.0,0.0,99.99997264121815,2.7358781847002793e-07,0,0,0
2026-01-01 22:30:00,9,0.0248549953840428,0.0248549953840428,0.0248549953840428,0.0,0.0,0.0,99.99997514475606,2.4855243936482216e-07,0,0,0
2026-01-01 22:30:00,10,0.022716240683201,0.022716240683201,0.022716240683201,0.0,0.0,0.0,99.99997728353215,2.2716467847879501e-07,0,0,0
2026-01-01 22:30:00,11,0.0199504470959403,0.0199504470959403,0.0199504470959403,0.0,0.0,0.0,99.9999800493534,1.9950646602406422e-07,0,0,0
2026-01-01 22:30:00,12,0.0171741954844165,0.0171741954844165,0.0171741954844165,0.0,0.0,0.0,99.99998282563277,1.7174367228088844e-07,0,0,0
2026-01-01 22:30:00,13,0.0115005022244516,0.0115005022244516,0.0115005022244516,0.0,0.0,0.0,99.99998849938277,1.150061723062392e-07,0,0,0
2026-01-01 22:30:00,14,0.0090861956739531,0.0090861956739531,0.0090861956739531,0.0,0.0,0.0,99.99999091371346,9.086286536818551e-08,0,0,0
2026-01-01 22:30:00,15,0.0065360750541134,0.0065360750541134,0.0065360750541134,0.0,0.0,0.0,99.99999346385958,6.53614041551761e-08,0,0,0
2026-01-01 22:30:00,16,0.0039854169052746,0.0039854169052746,0.0039854169052746,0.0,0.0,0.0,99.99999601454324,3.985456759842204e-08,0,0,0
2026-01-01 22:30:00,17,0.0148976414504669,0.014897641450467,0.01489764145046695,-1.0061396160665481e-16,1.0061396160665481e-16,6.7536793931033234e-15,99.99998510220958,1.4897790428371283e-07,0,0,0
2026-01-01 22:30:00,18,0.0111830680255588,0.0111830680255588,0.0111830680255588,0.0,0.0,0.0,99.99998881682015,1.1183179857357433e-07,0,0,0
2026-01-01 22:30:00,19,0.0074574855991561,0.0074574855991561,0.0074574855991561,0.0,0.0,0.0,99.99999254243983,7.457560174757929e-08,0,0,0
2026-01-01 22:30:00,20,0.0037297278953616,0.0037297278953616,0.0037297278953616,0.0,0.0,0.0,99.9999962702348,3.729765193013559e-08,0,0,0
2026-01-01 22:30:00,21,0.0397703201316839,0.0397703201316839,0.0397703201316839,0.0,0.0,0.0,99.99996022928217,3.9770717838862355e-07,0,0,0
2026-01-01 22:30:00,22,0.035838588128497,0.035838588128497,0.035838588128497,0.0,0.0,0.0,99.99996416105348,3.583894651796226e-07,0,0,0
2026-01-01 22:30:00,23,0.0179443134091902,0.0179443134091902,0.0179443134091902,0.0,0.0,0.0,99.99998205550715,1.7944492854118823e-07,0,0,0
2026-01-01 22:30:00,24,0.0530615815164394,0.0530615815164394,0.0530615815164394,0.0,0.0,0.0,99.99994693788786,5.306211213756086e-07,0,0,0
2026-01-01 22:30:00,25,0.0507238139161244,0.0507238139161244,0.0507238139161244,0.0,0.0,0.0,99.99994927567884,5.072432115933609e-07,0,0,0
2026-01-01 22:30:00,26,0.0484036578747872,0.0484036578747872,0.0484036578747872,0.0,0.0,0.0,99.99995159585808,4.840414191620643e-07,0,0,0
2026-01-01 22:30:00,27,0.0462393590077623,0.0462393590077623,0.0462393590077623,0.0,0.0,0.0,99.9999537601786,4.623982140597643e-07,0,0,0
2026-01-01 22:30:00,28,0.0410428494775593,0.0410428494775594,0.041042849477559346,-1.0408340855860843e-16,1.0408340855860843e-16,2.535968738131345e-15,99.99995895674009,4.1043259910158504e-07,0,0,0
2026-01-01 22:30:00,29,0.0189345225139412,0.0189345225139412,0.0189345225139412,0.0,0.0,0.0,99.99998106528814,1.8934711861059893e-07,0,0,0
2026-01-01 22:30:00,30,0.0122674021775854,0.0122674021775854,0.0122674021775854,0.0,0.0,0.0,99.99998773247515,1.2267524852834003e-07,0,0,0
2026-01-01 22:30:00,31,0.0029091526005118,0.0029091526005118,0.0029091526005118,0.0,0.0,0.0,99.99999709081831,2.9091816923287318e-08,0,0,0
2026-01-01 22:30:00,32,0.0,0.0,0.0,0.0,0.0,0.0,100.0,0.0,0,0,0
2026-01-01 22:30:00,33,0.0,0.0,0.0,0.0,0.0,0.0,100.0,0.0,0,0,0
2026-01-01 22:30:00,34,0.0,0.0,0.0,0.0,0.0,0.0,100.0,0.0,0,0,0
2026-01-01 22:30:00,35,0.0,0.0,0.0,0.0,0.0,0.0,100.0,0.0,0,0,0
2026-01-01 22:30:00,36,0.0,0.0,0.0,0.0,0.0,0.0,100.0,0.0,0,0,0
2026-01-01 22:45:00,0,0.1637745309084257,0.1637745309084257,0.1637745309084257,0.0,0.0,0.0,99.99983622383132,1.637761686701e-06,0,0,0
2026-01-01 22:45:00,1,0.1454802633085773,0.1454802633085773,0.1454802633085773,0.0,0.0,0.0,99.99985451828188,1.454817181257e-06,0,0,0
2026-01-01 22:45:00,2,0.1043407340283898,0.1043407340283898,0.1043407340283898,0.0,0.0,0.0,99.99989565822256,1.0434177744610002e-06,0,0,0
2026-01-01 22:45:00,3,0.0990574739139953,0.0990574739139953,0.0990574739139953,0.0,0.0,0.0,99.9999009415355,9.90584644986403e-07,0,0,0
2026-01-01 22:45:00,4,0.0966162391531274,0.0966162391531273,0.09661623915312735,1.1102230246251565e-16,1.1102230246251565e-16,1.1491059054316635e-15,99.99990338279467,9.661720532518065e-07,0,0,0
2026-01-01 22:45:00,5,0.045255644364534,0.045255644364534,0.045255644364534,0.0,0.0,0.0,99.99995474390307,4.525609692550333e-07,0,0,0
2026-01-01 22:45:00,6,0.0368678168716174,0.0368678168716174,0.0368678168716174,0.0,0.0,0.0,99.99996313181444,3.686818555347302e-07,0,0,0
2026-01-01 22:45:00,7,0.0284480120401364,0.0284480120401364,0.0284480120401364,0.0,0.0,0.0,99.99997155170348,2.844829652310167e-07,0,0,0
2026-01-01 22:45:00,8,0.0260697093644737,0.0260697093644737,0.0260697093644737,0.0,0.0,0.0,99.99997393002994,2.60699700641744e-07,0,0,0
2026-01-01 22:45:00,9,0.0236831066925427,0.0236831066925427,0.0236831066925427,0.0,0.0,0.0,99.99997631665647,2.3683343525977998e-07,0,0,0
2026-01-01 22:45:00,10,0.0216443580672938,0.0216443580672938,0.0216443580672938,0.0,0.0,0.0,99.99997835542548,2.164457451303899e-07,0,0,0
2026-01-01 22:45:00,11,0.0190080533405598,0.0190080533405598,0.0190080533405598,0.0,0.0,0.0,99.99998099175657,1.9008243422994102e-07,0,0,0
2026-01-01 22:45:00,12,0.0163624747652171,0.0163624747652171,0.0163624747652171,0.0,0.0,0.0,99.99998363736161,1.6362638391601017e-07,0,0,0
2026-01-01 22:45:00,13,0.0109563848652822,0.0109563848652822,0.0109563848652822,0.0,0.0,0.0,99.99998904350556,1.095649443022656e-07,0,0,0
2026-01-01 22:45:00,14,0.0086560407513818,0.0086560407513818,0.0086560407513818,0.0,0.0,0.0,99.9999913438727,8.656127312655002e-08,0,0,0
2026-01-01 22:45:00,15,0.0062264576866601,0.0062264576866601,0.0062264576866601,0.0,0.0,0.0,99.99999377348004,6.226519951859659e-08,0,0,0
2026-01-01 22:45:00,16,0.0037965851674507,0.0037965851674507,0.0037965851674507,0.0,0.0,0.0,99.99999620337687,3.796623133682045e-08,0,0,0
2026-01-01 22:45:00,17,0.0142387349762424,0.0142387349762424,0.0142387349762424,0.0,0.0,0.0,99.99998576112263,1.4238877365016085e-07,0,0,0
2026-01-01 22:45:00,18,0.0106880351786533,0.0106880351786533,0.0106880351786533,0.0,0.0,0.0,99.99998931185795,1.0688142060073951e-07,0,0,0
2026-01-01 22:45:00,19,0.007127280716114,0.007127280716114,0.007127280716114,0.0,0.0,0.0,99.99999287264801,7.127351989633988e-08,0,0,0
2026-01-01 22:45:00,20,0.0035645398627552,0.0035645398627552,0.0035645398627552,0.0,0.0,0.0,99.99999643542449,3.564575508510309e-08,0,0,0
2026-01-01 22:45:00,21,0.0379798333631986,0.0379798333631986,0.0379798333631986,0.0,0.0,0.0,99.99996201978684,3.798021316533027e-07,0,0,0
2026-01-01 22:45:00,22,0.0342240380194689,0.0342240380194689,0.0342240380194689,0.0,0.0,0.0,99.99996577561974,3.4224380263271556e-07,0,0,0
2026-01-01 22:45:00,23,0.0171348080031088,0.0171348080031088,0.0171348080031088,0.0,0.0,0.0,99.99998286502064,1.7134979352902372e-07,0,0,0
2026-01-01 22:45:00,24,0.0505690397697753,0.0505690397697753,0.0505690397697753,0.0,0.0,0.0,99.99994943045454,5.056954546523002e-07,0,0,0
2026-01-01 22:45:00,25,0.0483388785133513,0.0483388785133513,0.0483388785133513,0.0,0.0,0.0,99.99995166063809,4.833936190697039e-07,0,0,0
2026-01-01 22:45:00,26,0.0461257529896042,0.0461257529896042,0.0461257529896042,0.0,0.0,0.0,99.99995387378574,4.6126214251746776e-07,0,0,0
2026-01-01 22:45:00,27,0.0440622878765309,0.0440622878765309,0.0440622878765309,0.0,0.0,0.0,99.9999559372715,4.4062728503815994e-07,0,0,0
2026-01-01 22:45:00,28,0.0391094488159132,0.0391094488159132,0.0391094488159132,0.0,0.0,0.0,99.99996089016008,3.9109839914312397e-07,0,0,0
2026-01-01 22:45:00,29,0.0180406255452458,0.0180406255452458,0.0180406255452458,0.0,0.0,0.0,99.99998195919405,1.804080595330543e-07,0,0,0
2026-01-01 22:45:00,30,0.0116880806305217,0.0116880806305217,0.0116880806305217,0.0,0.0,0.0,99.99998831180248,1.1688197512496897e-07,0,0,0
2026-01-01 22:45:00,31,0.0027717426552817,0.0027717426552817,0.0027717426552817,0.0,0.0,0.0,99.99999722822963,2.7717703729854613e-08,0,0,0
2026-01-01 22:45:00,32,0.0,0.0,0.0,0.0,0.0,0.0,100.0,0.0,0,0,0
2026-01-01 22:45:00,33,0.0,0.0,0.0,0.0,0.0,0.0,100.0,0.0,0,0,0
2026-01-01 22:45:00,34,0.0,0.0,0.0,0.0,0.0,0.0,100.0,0.0,0,0,0
2026-01-01 22:45:00,35,0.0,0.0,0.0,0.0,0.0,0.0,100.0,0.0,0,0,0
2026-01-01 22:45:00,36,0.0,0.0,0.0,0.0,0.0,0.0,100.0,0.0,0,0,0
2026-01-01 23:00:00,0,0.1585980179902678,0.1585980179902678,0.1585980179902678,0.0,0.0,0.0,99.99984140039601,1.585996039863e-06,0,0,0
2026-01-01 23:00:00,1,0.1408600920873228,0.1408600920873228,0.1408600920873228,0.0,0.0,0.0,99.9998591384993,1.408615007023e-06,0,0,0
2026-01-01 23:00:00,2,0.1009932038148707,0.1009932038148707,0.1009932038148707,0.0,0.0,0.0,99.99989900578625,1.00994213757e-06,0,0,0
2026-01-01 23:00:00,3,0.0958730487707111,0.0958730487707111,0.0958730487707111,0.0,0.0,0.0,99.99990412599249,9.587400751078627e-07,0,0,0
2026-01-01 23:00:00,4,0.093507607980927,0.093507607980927,0.093507607980927,0.0,0.0,0.0,99.99990649145694,9.350854306635776e-07,0,0,0
2026-01-01 23:00:00,5,0.0438040508798955,0.0438040508798955,0.0438040508798955,0.0,0.0,0.0,99.99995619551107,4.380448892478483e-07,0,0,0
2026-01-01 23:00:00,6,0.0356814962068813,0.0356814962068813,0.0356814962068813,0.0,0.0,0.0,99.99996431814698,3.5681853025411613e-07,0,0,0
2026-01-01 23:00:00,7,0.0275290600789971,0.0275290600789971,0.0275290600789971,0.0,0.0,0.0,99.99997247066463,2.752933537235092e-07,0,0,0
2026-01-01 23:00:00,8,0.0252266480808509,0.0252266480808509,0.0252266480808509,0.0,0.0,0.0,99.99997477309965,2.5226900349854417e-07,0,0,0
2026-01-01 23:00:00,9,0.0229165797868507,0.0229165797868507,0.0229165797868507,0.0,0.0,0.0,99.99997708319104,2.2916808954940342e-07,0,0,0
2026-01-01 23:00:00,10,0.0209432920396405,0.0209432920396405,0.0209432920396405,0.0,0.0,0.0,99.99997905649853,2.0943501474655331e-07,0,0,0
2026-01-01 23:00:00,11,0.0183917374842757,0.0183917374842757,0.0183917374842757,0.0,0.0,0.0,99.9999816080786,1.8391921403489818e-07,0,0,0
2026-01-01 23:00:00,12,0.0158316445074102,0.0158316445074102,0.0158316445074102,0.0,0.0,0.0,99.99998416819717,1.583180282543852e-07,0,0,0
2026-01-01 23:00:00,13,0.01060058759479,0.01060058759479,0.01060058759479,0.0,0.0,0.0,99.9999893993064,1.0600693601726068e-07,0,0,0
2026-01-01 23:00:00,14,0.0083747784411528,0.0083747784411528,0.0083747784411528,0.0,0.0,0.0,99.99999162513781,8.374862189774732e-08,0,0,0
2026-01-01 23:00:00,15,0.0060240212689738,0.0060240212689738,0.0060240212689738,0.0,0.0,0.0,99.99999397591849,6.02408150978896e-08,0,0,0
2026-01-01 23:00:00,16,0.0036731240561561,0.0036731240561561,0.0036731240561561,0.0,0.0,0.0,99.99999632683921,3.673160787763979e-08,0,0,0
2026-01-01 23:00:00,17,0.0138054170973439,0.0138054170973439,0.0138054170973439,0.0,0.0,0.0,99.99998619444484,1.380555515289548e-07,0,0,0
2026-01-01 23:00:00,18,0.0103625070015271,0.0103625070015271,0.0103625070015271,0.0,0.0,0.0,99.99998963738938,1.0362610627633405e-07,0,0,0
2026-01-01 23:00:00,19,0.0069101461610867,0.0069101461610867,0.0069101461610867,0.0,0.0,0.0,99.99999308978474,6.910215263239374e-08,0,0,0
2026-01-01 23:00:00,20,0.0034559184365072,0.0034559184365072,0.0034559184365072,0.0,0.0,0.0,99.99999654404701,3.455952996037247e-08,0,0,0
2026-01-01 23:00:00,21,0.0368040405833049,0.0368040405833049,0.0368040405833049,0.0,0.0,0.0,99.99996319559138,3.680440862739117e-07,0,0,0
2026-01-01 23:00:00,22,0.0331638369335719,0.0331638369335719,0.0331638369335719,0.0,0.0,0.0,99.99996683583143,3.3164168575257665e-07,0,0,0
2026-01-01 23:00:00,23,0.016603300895869,0.016603300895869,0.016603300895869,0.0,0.0,0.0,99.99998339653307,1.6603466930538355e-07,0,0,0
2026-01-01 23:00:00,24,0.0489381578988538,0.0489381578988538,0.0489381578988538,0.0,0.0,0.0,99.99995106135272,4.89386472853267e-07,0,0,0
2026-01-01 23:00:00,25,0.0467785273193651,0.0467785273193651,0.0467785273193651,0.0,0.0,0.0,99.99995322100489,4.677899510931621e-07,0,0,0
2026-01-01 23:00:00,26,0.0446355419003328,0.0446355419003328,0.0446355419003328,0.0,0.0,0.0,99.99995536401174,4.463598826021543e-07,0,0,0
2026-01-01 23:00:00,27,0.0426380999881101,0.0426380999881101,0.0426380999881101,0.0,0.0,0.0,99.99995736147363,4.2638526373373924e-07,0,0,0
2026-01-01 23:00:00,28,0.0378447208805209,0.0378447208805209,0.0378447208805209,0.0,0.0,0.0,99.99996215490067,3.78450993315143e-07,0,0,0
2026-01-01 23:00:00,29,0.0174559968918187,0.0174559968918187,0.0174559968918187,0.0,0.0,0.0,99.99998254382855,1.7456171453533318e-07,0,0,0
2026-01-01 23:00:00,30,0.0113092015611302,0.0113092015611302,0.0113092015611302,0.0,0.0,0.0,99.99998869068534,1.130931465427677e-07,0,0,0
2026-01-01 23:00:00,31,0.0026818774218101,0.0026818774218101,0.0026818774218101,0.0,0.0,0.0,99.99999731809577,2.681904240852519e-08,0,0,0
2026-01-01 23:00:00,32,0.0,0.0,0.0,0.0,0.0,0.0,100.0,0.0,0,0,0
2026-01-01 23:00:00,33,0.0,0.0,0.0,0.0,0.0,0.0,100.0,0.0,0,0,0
2026-01-01 23:00:00,34,0.0,0.0,0.0,0.0,0.0,0.0,100.0,0.0,0,0,0
2026-01-01 23:00:00,35,0.0,0.0,0.0,0.0,0.0,0.0,100.0,0.0,0,0,0
2026-01-01 23:00:00,36,0.0,0.0,0.0,0.0,0.0,0.0,100.0,0.0,0,0,0
2026-01-01 23:15:00,0,0.1574777973577517,0.1574777973577517,0.1574777973577517,0.0,0.0,0.0,99.99984252062785,1.574793721514e-06,0,0,0
2026-01-01 23:15:00,1,0.1398604609947334,0.1398604609947334,0.1398604609947334,0.0,0.0,0.0,99.99986013814039,1.398618596133e-06,0,0,0
2026-01-01 23:15:00,2,0.1002692339481647,0.1002692339481647,0.1002692339481647,0.0,0.0,0.0,99.99989972976336,1.002702366505e-06,0,0,0
2026-01-01 23:15:00,3,0.0951844109231573,0.0951844109231573,0.0951844109231573,0.0,0.0,0.0,99.99990481463722,9.518536277678508e-07,0,0,0
2026-01-01 23:15:00,4,0.0928353848792728,0.0928353848792729,0.09283538487927284,-9.71445146547012e-17,9.71445146547012e-17,1.0464167765003e-15,99.99990716368676,9.283631324240532e-07,0,0,0
2026-01-01 23:15:00,5,0.04349011102633,0.04349011102633,0.04349011102633,0.0,0.0,0.0,99.99995650945407,4.349054593178937e-07,0,0,0
2026-01-01 23:15:00,6,0.0354249623355468,0.0354249623355468,0.0354249623355468,0.0,0.0,0.0,99.99996457468342,3.542531658871274e-07,0,0,0
2026-01-01 23:15:00,7,0.0273303758291351,0.0273303758291351,0.0273303758291351,0.0,0.0,0.0,99.99997266935087,2.733064913562655e-07,0,0,0
2026-01-01 23:15:00,8,0.0250443806296038,0.0250443806296038,0.0250443806296038,0.0,0.0,0.0,99.99997495536893,2.504463107591463e-07,0,0,0
2026-01-01 23:15:00,9,0.0227508648641669,0.0227508648641669,0.0227508648641669,0.0,0.0,0.0,99.99997724890763,2.275109237509071e-07,0,0,0
2026-01-01 23:15:00,10,0.0207917339569833,0.0207917339569833,0.0207917339569833,0.0,0.0,0.0,99.99997920805812,2.079194187640211e-07,0,0,0
2026-01-01 23:15:00,11,0.0182585068692594,0.0182585068692594,0.0182585068692594,0.0,0.0,0.0,99.99998174131055,1.825868945615397e-07,0,0,0
2026-01-01 23:15:00,12,0.0157168963022054,0.0157168963022054,0.0157168963022054,0.0,0.0,0.0,99.99998428294653,1.5717053472740167e-07,0,0,0
2026-01-01 23:15:00,13,0.0105236791202488,0.0105236791202488,0.0105236791202488,0.0,0.0,0.0,99.99998947621565,1.05237843580924e-07,0,0,0
2026-01-01 23:15:00,14,0.008313982869918,0.008313982869918,0.008313982869918,0.0,0.0,0.0,99.99999168593399,8.314066010578126e-08,0,0,0
2026-01-01 23:15:00,15,0.0059802652382003,0.0059802652382003,0.0059802652382003,0.0,0.0,0.0,99.99999401967496,5.980325041450746e-08,0,0,0
2026-01-01 23:15:00,16,0.0036464385431082,0.0036464385431082,0.0036464385431082,0.0,0.0,0.0,99.99999635352499,3.64647500785829e-08,0,0,0
2026-01-01 23:15:00,17,0.0137114961304946,0.0137114961304946,0.0137114961304946,0.0,0.0,0.0,99.99998628836676,1.3711633246827106e-07,0,0,0
2026-01-01 23:15:00,18,0.0102919514982726,0.0102919514982726,0.0102919514982726,0.0,0.0,0.0,99.99998970794559,1.0292054418816874e-07,0,0,0
2026-01-01 23:15:00,19,0.0068630845433456,0.0068630845433456,0.0068630845433456,0.0,0.0,0.0,99.99999313684683,6.863153174877393e-08,0,0,0
2026-01-01 23:15:00,20,0.0034323761145808,0.0034323761145808,0.0034323761145808,0.0,0.0,0.0,99.99999656758956,3.432410438685246e-08,0,0,0
2026-01-01 23:15:00,21,0.0365493650090107,0.0365493650090107,0.0365493650090107,0.0,0.0,0.0,99.99996345026949,3.654973050631579e-07,0,0,0
2026-01-01 23:15:00,22,0.0329342042519794,0.0329342042519794,0.0329342042519794,0.0,0.0,0.0,99.99996706546641,3.2934533597315413e-07,0,0,0
2026-01-01 23:15:00,23,0.0164881859476109,0.0164881859476109,0.0164881859476109,0.0,0.0,0.0,99.99998351164916,1.6488350831119294e-07,0,0,0
2026-01-01 23:15:00,24,0.0485855246647537,0.0485855246647537,0.0485855246647537,0.0,0.0,0.0,99.99995141398948,4.858601052485903e-07,0,0,0
2026-01-01 23:15:00,25,0.0464411571728901,0.0464411571728901,0.0464411571728901,0.0,0.0,0.0,99.99995355837841,4.644162158910604e-07,0,0,0
2026-01-01 23:15:00,26,0.0443133489605667,0.0443133489605667,0.0443133489605667,0.0,0.0,0.0,99.9999556862079,4.4313792098487746e-07,0,0,0
2026-01-01 23:15:00,27,0.0423301876260144,0.0423301876260144,0.0423301876260144,0.0,0.0,0.0,99.99995766938906,4.233061093212378e-07,0,0,0
2026-01-01 23:15:00,28,0.0375712899325495,0.0375712899325495,0.0375712899325495,0.0,0.0,0.0,99.99996242833436,3.7571665649206063e-07,0,0,0
2026-01-01 23:15:00,29,0.0173296131672685,0.0173296131672685,0.0173296131672685,0.0,0.0,0.0,99.99998267021354,1.7329786465133242e-07,0,0,0
2026-01-01 23:15:00,30,0.0112272973792507,0.0112272973792507,0.0112272973792507,0.0,0.0,0.0,99.99998877259034,1.1227409653347236e-07,0,0,0
2026-01-01 23:15:00,31,0.0026624509631793,0.0026624509631793,0.0026624509631793,0.0,0.0,0.0,99.99999733752242,2.6624775879552e-08,0,0,0
2026-01-01 23:15:00,32,0.0,0.0,0.0,0.0,0.0,0.0,100.0,0.0,0,0,0
2026-01-01 23:15:00,33,0.0,0.0,0.0,0.0,0.0,0.0,100.0,0.0,0,0,0
2026-01-01 23:15:00,34,0.0,0.0,0.0,0.0,0.0,0.0,100.0,0.0,0,0,0
2026-01-01 23:15:00,35,0.0,0.0,0.0,0.0,0.0,0.0,100.0,0.0,0,0,0
2026-01-01 23:15:00,36,0.0,0.0,0.0,0.0,0.0,0.0,100.0,0.0,0,0,0
2026-01-01 23:30:00,0,0.1452541111055149,0.1452541111055149,0.1452541111055149,0.0,0.0,0.0,99.99985474443633,1.452555636611e-06,0,0,0
2026-01-01 23:30:00,1,0.1289571136636186,0.1289571136636186,0.1289571136636186,0.0,0.0,0.0,99.99987104159675,1.2895840324760001e-06,0,0,0
2026-01-01 23:30:00,2,0.092379728924469,0.092379728924469,0.092379728924469,0.0,0.0,0.0,99.99990761934727,9.23806527309964e-07,0,0,0
2026-01-01 23:30:00,3,0.087681255516388,0.087681255516388,0.087681255516388,0.0,0.0,0.0,99.99991231786767,8.768213233771145e-07,0,0,0
2026-01-01 23:30:00,4,0.085511633505282,0.085511633505282,0.085511633505282,0.0,0.0,0.0,99.99991448751138,8.551248863016838e-07,0,0,0
2026-01-01 23:30:00,5,0.040068844493922,0.040068844493922,0.040068844493922,0.0,0.0,0.0,99.99995993075481,4.006924518637395e-07,0,0,0
2026-01-01 23:30:00,6,0.0326300930138485,0.0326300930138485,0.0326300930138485,0.0,0.0,0.0,99.99996736958069,3.263041931804175e-07,0,0,0
2026-01-01 23:30:00,7,0.0251665165816102,0.0251665165816102,0.0251665165816102,0.0,0.0,0.0,99.99997483323175,2.5166768249292737e-07,0,0,0
2026-01-01 23:30:00,8,0.0230595140842235,0.0230595140842235,0.0230595140842235,0.0,0.0,0.0,99.99997694025532,2.3059744681670391e-07,0,0,0
2026-01-01 23:30:00,9,0.0209463904105023,0.0209463904105023,0.0209463904105023,0.0,0.0,0.0,99.99997905340012,2.0946599876501146e-07,0,0,0
2026-01-01 23:30:00,10,0.0191415256325331,0.0191415256325331,0.0191415256325331,0.0,0.0,0.0,99.99998085828295,1.914171704970362e-07,0,0,0
2026-01-01 23:30:00,11,0.0168079898591501,0.0168079898591501,0.0168079898591501,0.0,0.0,0.0,99.99998319184206,1.6808157940729539e-07,0,0,0
2026-01-01 23:30:00,12,0.0144676651418611,0.0144676651418611,0.0144676651418611,0.0,0.0,0.0,99.99998553219018,1.446780981995931e-07,0,0,0
2026-01-01 23:30:00,13,0.009686473748031,0.009686473748031,0.009686473748031,0.0,0.0,0.0,99.9999903134294,9.686570613737193e-08,0,0,0
2026-01-01 23:30:00,14,0.0076522140535818,0.0076522140535818,0.0076522140535818,0.0,0.0,0.0,99.99999234770942,7.652290576487618e-08,0,0,0
2026-01-01 23:30:00,15,0.0055039998620993,0.0055039998620993,0.0055039998620993,0.0,0.0,0.0,99.9999944959451,5.5040549026484234e-08,0,0,0
2026-01-01 23:30:00,16,0.0033559838362044,0.0033559838362044,0.0033559838362044,0.0,0.0,0.0,99.9999966439826,3.356017396378391e-08,0,0,0
2026-01-01 23:30:00,17,0.0126832130078386,0.0126832130078386,0.0126832130078386,0.0,0.0,0.0,99.99998731666015,1.2683339841237084e-07,0,0,0
2026-01-01 23:30:00,18,0.0095195341250388,0.0095195341250388,0.0095195341250388,0.0,0.0,0.0,99.99999048037068,9.519629321332079e-08,0,0,0
2026-01-01 23:30:00,19,0.0063478812429735,0.0063478812429735,0.0063478812429735,0.0,0.0,0.0,99.99999365205528,6.347944722420732e-08,0,0,0
2026-01-01 23:30:00,20,0.003174653620117,0.003174653620117,0.003174653620117,0.0,0.0,0.0,99.99999682531464,3.1746853669707145e-08,0,0,0
2026-01-01 23:30:00,21,0.0337651417165196,0.0337651417165196,0.0337651417165196,0.0,0.0,0.0,99.99996623452063,3.376547937131333e-07,0,0,0
2026-01-01 23:30:00,22,0.0304238960983732,0.0304238960983732,0.0304238960983732,0.0,0.0,0.0,99.99996957579965,3.0424200340376614e-07,0,0,0
2026-01-01 23:30:00,23,0.0152299075238947,0.0152299075238947,0.0152299075238947,0.0,0.0,0.0,99.99998476994017,1.5230059824493025e-07,0,0,0
2026-01-01 23:30:00,24,0.0447444564204872,0.0447444564204872,0.0447444564204872,0.0,0.0,0.0,99.99995525509613,4.4744903869525947e-07,0,0,0
2026-01-01 23:30:00,25,0.0427666351064776,0.0427666351064776,0.0427666351064776,0.0,0.0,0.0,99.99995723293722,4.276706277710546e-07,0,0,0
2026-01-01 23:30:00,26,0.040804404876287,0.040804404876287,0.040804404876287,0.0,0.0,0.0,99.99995919518707,4.080481292441629e-07,0,0,0
2026-01-01 23:30:00,27,0.038976906734941,0.038976906734941,0.038976906734941,0.0,0.0,0.0,99.99996102270349,3.8977296507906103e-07,0,0,0
2026-01-01 23:30:00,28,0.0345936578227113,0.0345936578227113,0.0345936578227113,0.0,0.0,0.0,99.99996540599624,3.4594003762748975e-07,0,0,0
2026-01-01 23:30:00,29,0.015953571283672,0.015953571283672,0.015953571283672,0.0,0.0,0.0,99.99998404626918,1.5953730820980242e-07,0,0,0
2026-01-01 23:30:00,30,0.010335564314497,0.010335564314497,0.010335564314497,0.0,0.0,0.0,99.99998966433233,1.0335667671173728e-07,0,0,0
2026-01-01 23:30:00,31,0.0024509486937569,0.0024509486937569,0.0024509486937569,0.0,0.0,0.0,99.9999975490268,2.4509732034890064e-08,0,0,0
2026-01-01 23:30:00,32,0.0,0.0,0.0,0.0,0.0,0.0,100.0,0.0,0,0,0
2026-01-01 23:30:00,33,0.0,0.0,0.0,0.0,0.0,0.0,100.0,0.0,0,0,0
2026-01-01 23:30:00,34,0.0,0.0,0.0,0.0,0.0,0.0,100.0,0.0,0,0,0
2026-01-01 23:30:00,35,0.0,0.0,0.0,0.0,0.0,0.0,100.0,0.0,0,0,0
2026-01-01 23:30:00,36,0.0,0.0,0.0,0.0,0.0,0.0,100.0,0.0,0,0,0
2026-01-01 23:45:00,0,0.143931291699889,0.143931291699889,0.143931291699889,0.0,0.0,0.0,99.99985606726898,1.439327310271e-06,0,0,0
2026-01-01 23:45:00,1,0.1277776693486112,0.1277776693486112,0.1277776693486112,0.0,0.0,0.0,99.99987222105287,1.27778947138e-06,0,0,0
2026-01-01 23:45:00,2,0.091527075973615,0.091527075973615,0.091527075973615,0.0,0.0,0.0,99.99990847200874,9.152799125352761e-07,0,0,0
2026-01-01 23:45:00,3,0.0868705011594972,0.0868705011594972,0.0868705011594972,0.0,0.0,0.0,99.99991312863013,8.687136987319601e-07,0,0,0
2026-01-01 23:45:00,4,0.0847203253511301,0.0847203253511301,0.0847203253511301,0.0,0.0,0.0,99.99991527882743,8.472117256285573e-07,0,0,0
2026-01-01 23:45:00,5,0.0396990843637859,0.0396990843637859,0.0396990843637859,0.0,0.0,0.0,99.99996030051864,3.969948135859956e-07,0,0,0
2026-01-01 23:45:00,6,0.0323281185782654,0.0323281185782654,0.0323281185782654,0.0,0.0,0.0,99.99996767155814,3.23284418626841e-07,0,0,0
2026-01-01 23:45:00,7,0.0249328024974715,0.0249328024974715,0.0249328024974715,0.0,0.0,0.0,99.99997506694817,2.493305182798987e-07,0,0,0
2026-01-01 23:45:00,8,0.0228451542687835,0.0228451542687835,0.0228451542687835,0.0,0.0,0.0,99.99997715461728,2.2845382722610742e-07,0,0,0
2026-01-01 23:45:00,9,0.0207515273958388,0.0207515273958388,0.0207515273958388,0.0,0.0,0.0,99.99997924826509,2.0751734913187984e-07,0,0,0
2026-01-01 23:45:00,10,0.0189633338294462,0.0189633338294462,0.0189633338294462,0.0,0.0,0.0,99.99998103647654,1.8963523464680912e-07,0,0,0
2026-01-01 23:45:00,11,0.016651375911108,0.016651375911108,0.016651375911108,0.0,0.0,0.0,99.99998334845758,1.6651542426532342e-07,0,0,0
2026-01-01 23:45:00,12,0.0143327912259551,0.0143327912259551,0.0143327912259551,0.0,0.0,0.0,99.99998566706545,1.433293455530071e-07,0,0,0
2026-01-01 23:45:00,13,0.0095960925972334,0.0095960925972334,0.0095960925972334,0.0,0.0,0.0,99.99999040381144,9.596188559119033e-08,0,0,0
2026-01-01 23:45:00,14,0.0075807761557721,0.0075807761557721,0.0075807761557721,0.0,0.0,0.0,99.99999241914803,7.580851964291837e-08,0,0,0
2026-01-01 23:45:00,15,0.0054525898810216,0.0054525898810216,0.0054525898810216,0.0,0.0,0.0,99.9999945473556,5.4526444074657475e-08,0,0,0
2026-01-01 23:45:00,16,0.0033246315632258,0.0033246315632258,0.0033246315632258,0.0,0.0,0.0,99.9999966753352,3.324664809873901e-08,0,0,0
2026-01-01 23:45:00,17,0.0125715588228118,0.0125715588228118,0.0125715588228118,0.0,0.0,0.0,99.99998742831546,1.2571684539657218e-07,0,0,0
2026-01-01 23:45:00,18,0.0094356683296122,0.0094356683296122,0.0094356683296122,0.0,0.0,0.0,99.99999056423731,9.435762687239089e-08,0,0,0
2026-01-01 23:45:00,19,0.0062919438817167,0.0062919438817167,0.0062919438817167,0.0,0.0,0.0,99.9999937079932,6.29200680178481e-08,0,0,0
2026-01-01 23:45:00,20,0.0031466723915325,0.0031466723915325,0.0031466723915325,0.0,0.0,0.0,99.99999685329614,3.146703858571097e-08,0,0,0
2026-01-01 23:45:00,21,0.033463267744034,0.033463267744034,0.033463267744034,0.0,0.0,0.0,99.99996653639762,3.346360238005787e-07,0,0,0
2026-01-01 23:45:00,22,0.0301517357288959,0.0301517357288959,0.0301517357288959,0.0,0.0,0.0,99.99996984796275,3.015203724926847e-07,0,0,0
2026-01-01 23:45:00,23,0.0150935039857249,0.0150935039857249,0.0150935039857249,0.0,0.0,0.0,99.99998490634508,1.5093654922274153e-07,0,0,0
2026-01-01 23:45:00,24,0.0443295294133497,0.0443295294133497,0.0443295294133497,0.0,0.0,0.0,99.99995567002729,4.432997271307689e-07,0,0,0
2026-01-01 23:45:00,25,0.0423697310202052,0.0423697310202052,0.0423697310202052,0.0,0.0,0.0,99.99995762984528,4.237015472175243e-07,0,0,0
2026-01-01 23:45:00,26,0.0404254154497136,0.0404254154497136,0.0404254154497136,0.0,0.0,0.0,99.9999595741803,4.042581970791073e-07,0,0,0
2026-01-01 23:45:00,27,0.0386147448305074,0.0386147448305074,0.0386147448305074,0.0,0.0,0.0,99.99996138486902,3.861513098181726e-07,0,0,0
2026-01-01 23:45:00,28,0.0342720815756942,0.0342720815756942,0.0342720815756942,0.0,0.0,0.0,99.9999657275757,3.427242429993719e-07,0,0,0
2026-01-01 23:45:00,29,0.0158049910344155,0.0158049910344155,0.0158049910344155,0.0,0.0,0.0,99.99998419485091,1.5805149085906417e-07,0,0,0
2026-01-01 23:45:00,30,0.0102392807007374,0.0102392807007374,0.0102392807007374,0.0,0.0,0.0,99.9999897606169,1.023938309456839e-07,0,0,0
2026-01-01 23:45:00,31,0.002428112431074,0.002428112431074,0.002428112431074,0.0,0.0,0.0,99.99999757186329,2.4281367124411295e-08,0,0,0
2026-01-01 23:45:00,32,0.0,0.0,0.0,0.0,0.0,0.0,100.0,0.0,0,0,0
2026-01-01 23:45:00,33,0.0,0.0,0.0,0.0,0.0,0.0,100.0,0.0,0,0,0
2026-01-01 23:45:00,34,0.0,0.0,0.0,0.0,0.0,0.0,100.0,0.0,0,0,0
2026-01-01 23:45:00,35,0.0,0.0,0.0,0.0,0.0,0.0,100.0,0.0,0,0,0
2026-01-01 23:45:00,36,0.0,0.0,0.0,0.0,0.0,0.0,100.0,0.0,0,0,0
