timestamp,line_id,from_bus,to_bus,in_service,edge_in_operational_graph,anomaly_score,is_anomaly
2026-01-01 00:00:00,0,0,1,True,1,0.07826894190023936,0
2026-01-01 00:00:00,1,1,2,True,1,0.15308020786099086,1
2026-01-01 00:00:00,2,2,3,True,1,0.10583638107170856,0
2026-01-01 00:00:00,3,3,4,True,1,0.08117177366338879,0
2026-01-01 00:00:00,4,4,5,True,1,0.09051100569496828,0
2026-01-01 00:00:00,5,5,6,True,1,0.05666131291352339,0
2026-01-01 00:00:00,6,6,7,True,1,0.037640377119494084,0
2026-01-01 00:00:00,7,7,8,True,1,0.05679836311399966,0
2026-01-01 00:00:00,8,8,9,True,1,-0.04455687307815559,0
2026-01-01 00:00:00,9,9,10,True,1,-0.013890062893970823,0
2026-01-01 00:00:00,10,10,11,True,1,-0.008186991531235255,0
2026-01-01 00:00:00,11,11,12,True,1,-0.04835396029522698,0
2026-01-01 00:00:00,12,12,13,True,1,-0.06369845894557913,0
2026-01-01 00:00:00,13,13,14,True,1,-0.01854646174227026,0
2026-01-01 00:00:00,14,14,15,True,1,-0.03807354993012313,0
2026-01-01 00:00:00,15,15,16,True,1,-0.06399282062949463,0
2026-01-01 00:00:00,16,16,17,True,1,-0.09029177444645298,0
2026-01-01 00:00:00,17,1,18,True,1,-0.05927033922176178,0
2026-01-01 00:00:00,18,18,19,True,1,-0.08544912680143635,0
2026-01-01 00:00:00,19,19,20,True,1,-0.0357056512781454,0
2026-01-01 00:00:00,20,20,21,True,1,-0.07694746093837568,0
2026-01-01 00:00:00,21,2,22,True,1,-0.010624743173790419,0
2026-01-01 00:00:00,22,22,23,True,1,-0.054496423334514155,0
2026-01-01 00:00:00,23,23,24,True,1,-0.07858472415619594,0
2026-01-01 00:00:00,24,5,25,True,1,-0.04649005014340951,0
2026-01-01 00:00:00,25,25,26,True,1,-0.06451898260234229,0
2026-01-01 00:00:00,26,26,27,True,1,-0.020391468216281627,0
2026-01-01 00:00:00,27,27,28,True,1,-0.019330513654961468,0
2026-01-01 00:00:00,28,28,29,True,1,-0.026956405319456367,0
2026-01-01 00:00:00,29,29,30,True,1,-0.031203896067743486,0
2026-01-01 00:00:00,30,30,31,True,1,-0.07287390711597608,0
2026-01-01 00:00:00,31,31,32,True,1,-0.062203235555688796,0
2026-01-01 00:00:00,32,20,7,False,0,0.04354484550032822,0
2026-01-01 00:00:00,33,8,14,False,0,0.0742142557562473,0
2026-01-01 00:00:00,34,11,21,False,0,0.06773093532775498,0
2026-01-01 00:00:00,35,17,32,False,0,0.0030979760774675347,0
2026-01-01 00:00:00,36,24,28,False,0,0.019490665990569922,0
2026-01-01 00:15:00,0,0,1,True,1,0.11934340799115373,0
2026-01-01 00:15:00,1,1,2,True,1,0.0813949734846271,0
2026-01-01 00:15:00,2,2,3,True,1,0.07969322303053838,0
2026-01-01 00:15:00,3,3,4,True,1,0.08234557571932255,0
2026-01-01 00:15:00,4,4,5,True,1,0.0913982635553734,0
2026-01-01 00:15:00,5,5,6,True,1,0.06081376167997021,0
2026-01-01 00:15:00,6,6,7,True,1,0.040303660538191566,0
2026-01-01 00:15:00,7,7,8,True,1,0.06293586387650629,0
2026-01-01 00:15:00,8,8,9,True,1,-0.0450031659780345,0
2026-01-01 00:15:00,9,9,10,True,1,-0.013775221531002524,0
2026-01-01 00:15:00,10,10,11,True,1,-0.00394614740174537,0
2026-01-01 00:15:00,11,11,12,True,1,-0.04210406336232414,0
2026-01-01 00:15:00,12,12,13,True,1,-0.058258585169966515,0
2026-01-01 00:15:00,13,13,14,True,1,-0.014897786722620321,0
2026-01-01 00:15:00,14,14,15,True,1,-0.034763527637450276,0
2026-01-01 00:15:00,15,15,16,True,1,-0.06257761985372773,0
2026-01-01 00:15:00,16,16,17,True,1,-0.08688297824015856,0
2026-01-01 00:15:00,17,1,18,True,1,-0.05618775368125606,0
2026-01-01 00:15:00,18,18,19,True,1,-0.08131379790435561,0
2026-01-01 00:15:00,19,19,20,True,1,-0.030590505698375403,0
2026-01-01 00:15:00,20,20,21,True,1,-0.07582521197908315,0
2026-01-01 00:15:00,21,2,22,True,1,-0.008514089494053023,0
2026-01-01 00:15:00,22,22,23,True,1,-0.05209834538701452,0
2026-01-01 00:15:00,23,23,24,True,1,-0.07572892577461066,0
2026-01-01 00:15:00,24,5,25,True,1,-0.04229573640757489,0
2026-01-01 00:15:00,25,25,26,True,1,-0.0621620419755326,0
2026-01-01 00:15:00,26,26,27,True,1,-0.015369780725879412,0
2026-01-01 00:15:00,27,27,28,True,1,-0.018221782449892032,0
2026-01-01 00:15:00,28,28,29,True,1,-0.0294727615898267,0
2026-01-01 00:15:00,29,29,30,True,1,-0.0280106104669004,0
2026-01-01 00:15:00,30,30,31,True,1,-0.0743800141877744,0
2026-01-01 00:15:00,31,31,32,True,1,-0.06125378712891033,0
2026-01-01 00:15:00,32,20,7,False,0,0.04865492515639558,0
2026-01-01 00:15:00,33,8,14,False,0,0.08696168149505479,0
2026-01-01 00:15:00,34,11,21,False,0,0.07602004136313933,0
2026-01-01 00:15:00,35,17,32,False,0,0.0030979760774675347,0
2026-01-01 00:15:00,36,24,28,False,0,0.019490665990569922,0
2026-01-01 00:30:00,0,0,1,True,1,0.09948405649463987,0
2026-01-01 00:30:00,1,1,2,True,1,0.08190718020691035,0
2026-01-01 00:30:00,2,2,3,True,1,0.07331994826819432,0
2026-01-01 00:30:00,3,3,4,True,1,0.08072564747285138,0
2026-01-01 00:30:00,4,4,5,True,1,0.09043132840718693,0
2026-01-01 00:30:00,5,5,6,True,1,0.056975045974199334,0
2026-01-01 00:30:00,6,6,7,True,1,0.03727660714650749,0
2026-01-01 00:30:00,7,7,8,True,1,0.052048552340802745,0
2026-01-01 00:30:00,8,8,9,True,1,-0.04241393062135501,0
2026-01-01 00:30:00,9,9,10,True,1,-0.014140434681030323,0
2026-01-01 00:30:00,10,10,11,True,1,-0.011598019217693378,0
2026-01-01 00:30:00,11,11,12,True,1,-0.048214206496427714,0
2026-01-01 00:30:00,12,12,13,True,1,-0.0645736550924651,0
2026-01-01 00:30:00,13,13,14,True,1,-0.01998315826627134,0
2026-01-01 00:30:00,14,14,15,True,1,-0.039514522270203245,0
2026-01-01 00:30:00,15,15,16,True,1,-0.06537615941425873,0
2026-01-01 00:30:00,16,16,17,True,1,-0.09145623986305002,0
2026-01-01 00:30:00,17,1,18,True,1,-0.060233893841342756,0
2026-01-01 00:30:00,18,18,19,True,1,-0.08587887918394393,0
2026-01-01 00:30:00,19,19,20,True,1,-0.038045238864176545,0
2026-01-01 00:30:00,20,20,21,True,1,-0.07851622842671163,0
2026-01-01 00:30:00,21,2,22,True,1,-0.010943640374240116,0
2026-01-01 00:30:00,22,22,23,True,1,-0.05608628290520046,0
2026-01-01 00:30:00,23,23,24,True,1,-0.07997612169352553,0
2026-01-01 00:30:00,24,5,25,True,1,-0.047106381317038815,0
2026-01-01 00:30:00,25,25,26,True,1,-0.06510341645287676,0
2026-01-01 00:30:00,26,26,27,True,1,-0.021746892078014946,0
2026-01-01 00:30:00,27,27,28,True,1,-0.02141966682194979,0
2026-01-01 00:30:00,28,28,29,True,1,-0.027639808937781785,0
2026-01-01 00:30:00,29,29,30,True,1,-0.032140256708922954,0
2026-01-01 00:30:00,30,30,31,True,1,-0.0750955427254758,0
2026-01-01 00:30:00,31,31,32,True,1,-0.0632385958853452,0
2026-01-01 00:30:00,32,20,7,False,0,0.041992538317777495,0
2026-01-01 00:30:00,33,8,14,False,0,0.07173416333384941,0
2026-01-01 00:30:00,34,11,21,False,0,0.06426782936410802,0
2026-01-01 00:30:00,35,17,32,False,0,0.0030979760774675347,0
2026-01-01 00:30:00,36,24,28,False,0,0.019490665990569922,0
2026-01-01 00:45:00,0,0,1,True,1,0.0955162393113913,0
2026-01-01 00:45:00,1,1,2,True,1,0.0817994022407943,0
2026-01-01 00:45:00,2,2,3,True,1,0.07154265787590686,0
2026-01-01 00:45:00,3,3,4,True,1,0.08157449514665094,0
2026-01-01 00:45:00,4,4,5,True,1,0.08891349874900067,0
2026-01-01 00:45:00,5,5,6,True,1,0.05597827797399468,0
2026-01-01 00:45:00,6,6,7,True,1,0.03623880172832672,0
2026-01-01 00:45:00,7,7,8,True,1,0.05111923307180255,0
2026-01-01 00:45:00,8,8,9,True,1,-0.042076847660570627,0
2026-01-01 00:45:00,9,9,10,True,1,-0.014721028993837315,0
2026-01-01 00:45:00,10,10,11,True,1,-0.012370608406135242,0
2026-01-01 00:45:00,11,11,12,True,1,-0.04809332706627251,0
2026-01-01 00:45:00,12,12,13,True,1,-0.06487414978806899,0
2026-01-01 00:45:00,13,13,14,True,1,-0.02082458124095088,0
2026-01-01 00:45:00,14,14,15,True,1,-0.039827824135135914,0
2026-01-01 00:45:00,15,15,16,True,1,-0.0659483030040825,0
2026-01-01 00:45:00,16,16,17,True,1,-0.09191041083712675,0
2026-01-01 00:45:00,17,1,18,True,1,-0.06113476940220225,0
2026-01-01 00:45:00,18,18,19,True,1,-0.08610323047213009,0
2026-01-01 00:45:00,19,19,20,True,1,-0.03817859666800999,0
2026-01-01 00:45:00,20,20,21,True,1,-0.07844681761849714,0
2026-01-01 00:45:00,21,2,22,True,1,-0.011671761297481431,0
2026-01-01 00:45:00,22,22,23,True,1,-0.05648656358984416,0
2026-01-01 00:45:00,23,23,24,True,1,-0.08035128127591268,0
2026-01-01 00:45:00,24,5,25,True,1,-0.047593548836620314,0
2026-01-01 00:45:00,25,25,26,True,1,-0.06460558927415233,0
2026-01-01 00:45:00,26,26,27,True,1,-0.02243357994394579,0
2026-01-01 00:45:00,27,27,28,True,1,-0.02148322731013602,0
2026-01-01 00:45:00,28,28,29,True,1,-0.027014707483235312,0
2026-01-01 00:45:00,29,29,30,True,1,-0.033423536688373834,0
2026-01-01 00:45:00,30,30,31,True,1,-0.07376338535912197,0
2026-01-01 00:45:00,31,31,32,True,1,-0.06331327986495111,0
2026-01-01 00:45:00,32,20,7,False,0,0.03954448171714431,0
2026-01-01 00:45:00,33,8,14,False,0,0.07041951039412297,0
2026-01-01 00:45:00,34,11,21,False,0,0.06305276376658919,0
2026-01-01 00:45:00,35,17,32,False,0,0.0030979760774675347,0
2026-01-01 00:45:00,36,24,28,False,0,0.019490665990569922,0
2026-01-01 01:00:00,0,0,1,True,1,0.12341475950235214,0
2026-01-01 01:00:00,1,1,2,True,1,0.0800486464713751,0
2026-01-01 01:00:00,2,2,3,True,1,0.07816438151951577,0
2026-01-01 01:00:00,3,3,4,True,1,0.07340251208616178,0
2026-01-01 01:00:00,4,4,5,True,1,0.08750961725977424,0
2026-01-01 01:00:00,5,5,6,True,1,0.060783888702137356,0
2026-01-01 01:00:00,6,6,7,True,1,0.04030530866411419,0
2026-01-01 01:00:00,7,7,8,True,1,0.06743157146217293,0
2026-01-01 01:00:00,8,8,9,True,1,-0.043612563713112285,0
2026-01-01 01:00:00,9,9,10,True,1,-0.012681168559332379,0
2026-01-01 01:00:00,10,10,11,True,1,-0.0019523025282010553,0
2026-01-01 01:00:00,11,11,12,True,1,-0.04220263325415391,0
2026-01-01 01:00:00,12,12,13,True,1,-0.05488002937398745,0
2026-01-01 01:00:00,13,13,14,True,1,-0.01306547010887621,0
2026-01-01 01:00:00,14,14,15,True,1,-0.03276526918158995,0
2026-01-01 01:00:00,15,15,16,True,1,-0.061412430058888856,0
2026-01-01 01:00:00,16,16,17,True,1,-0.08561761120136269,0
2026-01-01 01:00:00,17,1,18,True,1,-0.052783069777494696,0
2026-01-01 01:00:00,18,18,19,True,1,-0.0777787795753046,0
2026-01-01 01:00:00,19,19,20,True,1,-0.029806291143342212,0
2026-01-01 01:00:00,20,20,21,True,1,-0.07356492804722392,0
2026-01-01 01:00:00,21,2,22,True,1,-0.00932503000256929,0
2026-01-01 01:00:00,22,22,23,True,1,-0.051746401948728205,0
2026-01-01 01:00:00,23,23,24,True,1,-0.07594641114202472,0
2026-01-01 01:00:00,24,5,25,True,1,-0.04183095838737627,0
2026-01-01 01:00:00,25,25,26,True,1,-0.0610999239266366,0
2026-01-01 01:00:00,26,26,27,True,1,-0.012527532126062835,0
2026-01-01 01:00:00,27,27,28,True,1,-0.01614607046468458,0
2026-01-01 01:00:00,28,28,29,True,1,-0.03256376685832402,0
2026-01-01 01:00:00,29,29,30,True,1,-0.023878875155498913,0
2026-01-01 01:00:00,30,30,31,True,1,-0.07132781668677057,0
2026-01-01 01:00:00,31,31,32,True,1,-0.059656978029668795,0
2026-01-01 01:00:00,32,20,7,False,0,0.049978924052827556,0
2026-01-01 01:00:00,33,8,14,False,0,0.08892388900132953,0
2026-01-01 01:00:00,34,11,21,False,0,0.07804033888235584,0
2026-01-01 01:00:00,35,17,32,False,0,0.0030979760774675347,0
2026-01-01 01:00:00,36,24,28,False,0,0.019490665990569922,0
2026-01-01 01:15:00,0,0,1,True,1,0.12232521822830966,0
2026-01-01 01:15:00,1,1,2,True,1,0.07997657581157747,0
2026-01-01 01:15:00,2,2,3,True,1,0.07921193795275139,0
2026-01-01 01:15:00,3,3,4,True,1,0.08162079770132791,0
2026-01-01 01:15:00,4,4,5,True,1,0.0923211581079807,0
2026-01-01 01:15:00,5,5,6,True,1,0.062362614380906845,0
2026-01-01 01:15:00,6,6,7,True,1,0.0395102669360754,0
2026-01-01 01:15:00,7,7,8,True,1,0.06591022563638516,0
2026-01-01 01:15:00,8,8,9,True,1,-0.04401062242532777,0
2026-01-01 01:15:00,9,9,10,True,1,-0.013997081253488475,0
2026-01-01 01:15:00,10,10,11,True,1,-0.0031473058418369226,0
2026-01-01 01:15:00,11,11,12,True,1,-0.042000783008264264,0
2026-01-01 01:15:00,12,12,13,True,1,-0.05666520426424221,0
2026-01-01 01:15:00,13,13,14,True,1,-0.01409828367228233,0
2026-01-01 01:15:00,14,14,15,True,1,-0.034282342640595376,0
2026-01-01 01:15:00,15,15,16,True,1,-0.062246923764712137,0
2026-01-01 01:15:00,16,16,17,True,1,-0.08688297824015856,0
2026-01-01 01:15:00,17,1,18,True,1,-0.0539512973558236,0
2026-01-01 01:15:00,18,18,19,True,1,-0.08073255952015301,0
2026-01-01 01:15:00,19,19,20,True,1,-0.03048525861136725,0
2026-01-01 01:15:00,20,20,21,True,1,-0.07494027155414196,0
2026-01-01 01:15:00,21,2,22,True,1,-0.009320723680193266,0
2026-01-01 01:15:00,22,22,23,True,1,-0.0518817798637195,0
2026-01-01 01:15:00,23,23,24,True,1,-0.07613836635769133,0
2026-01-01 01:15:00,24,5,25,True,1,-0.04314249471242998,0
2026-01-01 01:15:00,25,25,26,True,1,-0.06139731746459137,0
2026-01-01 01:15:00,26,26,27,True,1,-0.015513355243953753,0
2026-01-01 01:15:00,27,27,28,True,1,-0.01673926134207654,0
2026-01-01 01:15:00,28,28,29,True,1,-0.029950640075775192,0
2026-01-01 01:15:00,29,29,30,True,1,-0.0265739640295396,0
2026-01-01 01:15:00,30,30,31,True,1,-0.07439992122183464,0
2026-01-01 01:15:00,31,31,32,True,1,-0.06018147600378332,0
2026-01-01 01:15:00,32,20,7,False,0,0.04874237003129844,0
2026-01-01 01:15:00,33,8,14,False,0,0.08812281898743979,0
2026-01-01 01:15:00,34,11,21,False,0,0.07669692637283765,0
2026-01-01 01:15:00,35,17,32,False,0,0.0030979760774675347,0
2026-01-01 01:15:00,36,24,28,False,0,0.019490665990569922,0
2026-01-01 01:30:00,0,0,1,True,1,0.10834119298769962,0
2026-01-01 01:30:00,1,1,2,True,1,0.08191283395149196,0
2026-01-01 01:30:00,2,2,3,True,1,0.07633059526664787,0
2026-01-01 01:30:00,3,3,4,True,1,0.08164652283761831,0
2026-01-01 01:30:00,4,4,5,True,1,0.09144398249958097,0
2026-01-01 01:30:00,5,5,6,True,1,0.056824072205439835,0
2026-01-01 01:30:00,6,6,7,True,1,0.03692069896532102,0
2026-01-01 01:30:00,7,7,8,True,1,0.057549341749746574,0
2026-01-01 01:30:00,8,8,9,True,1,-0.045228900785729165,0
2026-01-01 01:30:00,9,9,10,True,1,-0.013825330076005504,0
2026-01-01 01:30:00,10,10,11,True,1,-0.007633965242358154,0
2026-01-01 01:30:00,11,11,12,True,1,-0.04851094771661574,0
2026-01-01 01:30:00,12,12,13,True,1,-0.06239573728490844,0
2026-01-01 01:30:00,13,13,14,True,1,-0.01815059902895011,0
2026-01-01 01:30:00,14,14,15,True,1,-0.03821974375188675,0
2026-01-01 01:30:00,15,15,16,True,1,-0.06451330160311397,0
2026-01-01 01:30:00,16,16,17,True,1,-0.09029177444645298,0
2026-01-01 01:30:00,17,1,18,True,1,-0.05910698547692289,0
2026-01-01 01:30:00,18,18,19,True,1,-0.08525090875906716,0
2026-01-01 01:30:00,19,19,20,True,1,-0.03541141751085286,0
2026-01-01 01:30:00,20,20,21,True,1,-0.0766226737955345,0
2026-01-01 01:30:00,21,2,22,True,1,-0.010120181535723471,0
2026-01-01 01:30:00,22,22,23,True,1,-0.05417404761485878,0
2026-01-01 01:30:00,23,23,24,True,1,-0.07842929914144581,0
2026-01-01 01:30:00,24,5,25,True,1,-0.04646883765199178,0
2026-01-01 01:30:00,25,25,26,True,1,-0.06407341430466412,0
2026-01-01 01:30:00,26,26,27,True,1,-0.01953439677043972,0
2026-01-01 01:30:00,27,27,28,True,1,-0.019181293866104787,0
2026-01-01 01:30:00,28,28,29,True,1,-0.026164858364398524,0
2026-01-01 01:30:00,29,29,30,True,1,-0.030240011785513,0
2026-01-01 01:30:00,30,30,31,True,1,-0.07277756702956861,0
2026-01-01 01:30:00,31,31,32,True,1,-0.062238130701486316,0
2026-01-01 01:30:00,32,20,7,False,0,0.04393816593569866,0
2026-01-01 01:30:00,33,8,14,False,0,0.07514838529392154,0
2026-01-01 01:30:00,34,11,21,False,0,0.06949316065425004,0
2026-01-01 01:30:00,35,17,32,False,0,0.0030979760774675347,0
2026-01-01 01:30:00,36,24,28,False,0,0.019490665990569922,0
2026-01-01 01:45:00,0,0,1,True,1,0.11322384825177478,0
2026-01-01 01:45:00,1,1,2,True,1,0.08107641847509206,0
2026-01-01 01:45:00,2,2,3,True,1,0.07884324698053524,0
2026-01-01 01:45:00,3,3,4,True,1,0.08043408981511335,0
2026-01-01 01:45:00,4,4,5,True,1,0.09116044192459294,0
2026-01-01 01:45:00,5,5,6,True,1,0.05881561186698625,0
2026-01-01 01:45:00,6,6,7,True,1,0.03868614539538462,0
2026-01-01 01:45:00,7,7,8,True,1,0.060995127543134076,0
2026-01-01 01:45:00,8,8,9,True,1,-0.04359426268135136,0
2026-01-01 01:45:00,9,9,10,True,1,-0.015140263797101372,0
2026-01-01 01:45:00,10,10,11,True,1,-0.007710267954052219,0
2026-01-01 01:45:00,11,11,12,True,1,-0.045308272987859444,0
2026-01-01 01:45:00,12,12,13,True,1,-0.059937159340150814,0
2026-01-01 01:45:00,13,13,14,True,1,-0.01706229268876175,0
2026-01-01 01:45:00,14,14,15,True,1,-0.037886520180356154,0
2026-01-01 01:45:00,15,15,16,True,1,-0.06307288549202761,0
2026-01-01 01:45:00,16,16,17,True,1,-0.09029177444645298,0
2026-01-01 01:45:00,17,1,18,True,1,-0.058030841698476554,0
2026-01-01 01:45:00,18,18,19,True,1,-0.08346190863057862,0
2026-01-01 01:45:00,19,19,20,True,1,-0.0338903515948028,0
2026-01-01 01:45:00,20,20,21,True,1,-0.07635714885371242,0
2026-01-01 01:45:00,21,2,22,True,1,-0.009520195480104965,0
2026-01-01 01:45:00,22,22,23,True,1,-0.05280750662371986,0
2026-01-01 01:45:00,23,23,24,True,1,-0.07852143676637591,0
2026-01-01 01:45:00,24,5,25,True,1,-0.0443696229619846,0
2026-01-01 01:45:00,25,25,26,True,1,-0.06402689469734646,0
2026-01-01 01:45:00,26,26,27,True,1,-0.018591727860281904,0
2026-01-01 01:45:00,27,27,28,True,1,-0.019276745392493688,0
2026-01-01 01:45:00,28,28,29,True,1,-0.02632924186122798,0
2026-01-01 01:45:00,29,29,30,True,1,-0.030246931420098877,0
2026-01-01 01:45:00,30,30,31,True,1,-0.07353010658499398,0
2026-01-01 01:45:00,31,31,32,True,1,-0.061835640849561946,0
2026-01-01 01:45:00,32,20,7,False,0,0.04653312631026718,0
2026-01-01 01:45:00,33,8,14,False,0,0.08152120216256209,0
2026-01-01 01:45:00,34,11,21,False,0,0.07298223021027705,0
2026-01-01 01:45:00,35,17,32,False,0,0.0030979760774675347,0
2026-01-01 01:45:00,36,24,28,False,0,0.019490665990569922,0
2026-01-01 02:00:00,0,0,1,True,1,0.10948472059192638,0
2026-01-01 02:00:00,1,1,2,True,1,0.08037598328831475,0
2026-01-01 02:00:00,2,2,3,True,1,0.0772837422663949,0
2026-01-01 02:00:00,3,3,4,True,1,0.08120209745685336,0
2026-01-01 02:00:00,4,4,5,True,1,0.09108215681814558,0
2026-01-01 02:00:00,5,5,6,True,1,0.057461606817573396,0
2026-01-01 02:00:00,6,6,7,True,1,0.03755572870070967,0
2026-01-01 02:00:00,7,7,8,True,1,0.057874109353529435,0
2026-01-01 02:00:00,8,8,9,True,1,-0.044694496220267,0
2026-01-01 02:00:00,9,9,10,True,1,-0.01371567133473467,0
2026-01-01 02:00:00,10,10,11,True,1,-0.008244238121209946,0
2026-01-01 02:00:00,11,11,12,True,1,-0.048662050745410634,0
2026-01-01 02:00:00,12,12,13,True,1,-0.06193617798228657,0
2026-01-01 02:00:00,13,13,14,True,1,-0.017725069757669354,0
2026-01-01 02:00:00,14,14,15,True,1,-0.03811558727320424,0
2026-01-01 02:00:00,15,15,16,True,1,-0.06461150530899423,0
2026-01-01 02:00:00,16,16,17,True,1,-0.09029177444645298,0
2026-01-01 02:00:00,17,1,18,True,1,-0.05870671458832688,0
2026-01-01 02:00:00,18,18,19,True,1,-0.08452955215957708,0
2026-01-01 02:00:00,19,19,20,True,1,-0.03515019707992606,0
2026-01-01 02:00:00,20,20,21,True,1,-0.0764363372166772,0
2026-01-01 02:00:00,21,2,22,True,1,-0.009023633992687186,0
2026-01-01 02:00:00,22,22,23,True,1,-0.05397290909688757,0
2026-01-01 02:00:00,23,23,24,True,1,-0.07824467568109589,0
2026-01-01 02:00:00,24,5,25,True,1,-0.04565551697333864,0
2026-01-01 02:00:00,25,25,26,True,1,-0.06384049427353744,0
2026-01-01 02:00:00,26,26,27,True,1,-0.01999949374737492,0
2026-01-01 02:00:00,27,27,28,True,1,-0.01909533703774663,0
2026-01-01 02:00:00,28,28,29,True,1,-0.026164858364398524,0
2026-01-01 02:00:00,29,29,30,True,1,-0.030240011785513,0
2026-01-01 02:00:00,30,30,31,True,1,-0.07307312119059728,0
2026-01-01 02:00:00,31,31,32,True,1,-0.062238130701486316,0
2026-01-01 02:00:00,32,20,7,False,0,0.04446923660848312,0
2026-01-01 02:00:00,33,8,14,False,0,0.07707806073902401,0
2026-01-01 02:00:00,34,11,21,False,0,0.07094202947693351,0
2026-01-01 02:00:00,35,17,32,False,0,0.0030979760774675347,0
2026-01-01 02:00:00,36,24,28,False,0,0.019490665990569922,0
2026-01-01 02:15:00,0,0,1,True,1,0.11528127035810298,0
2026-01-01 02:15:00,1,1,2,True,1,0.08118621787185687,0
2026-01-01 02:15:00,2,2,3,True,1,0.07990729642378169,0
2026-01-01 02:15:00,3,3,4,True,1,0.08257531143470376,0
2026-01-01 02:15:00,4,4,5,True,1,0.09292234849372649,0
2026-01-01 02:15:00,5,5,6,True,1,0.059532707395906104,0
2026-01-01 02:15:00,6,6,7,True,1,0.040720675602805456,0
2026-01-01 02:15:00,7,7,8,True,1,0.06266466449057051,0
2026-01-01 02:15:00,8,8,9,True,1,-0.045227656289591855,0
2026-01-01 02:15:00,9,9,10,True,1,-0.013560890311447804,0
2026-01-01 02:15:00,10,10,11,True,1,-0.00601420074436354,0
2026-01-01 02:15:00,11,11,12,True,1,-0.04340736988796351,0
2026-01-01 02:15:00,12,12,13,True,1,-0.059244930654126615,0
2026-01-01 02:15:00,13,13,14,True,1,-0.01522847648502873,0
2026-01-01 02:15:00,14,14,15,True,1,-0.03674593037753976,0
2026-01-01 02:15:00,15,15,16,True,1,-0.06294033061249571,0
2026-01-01 02:15:00,16,16,17,True,1,-0.08863588078477225,0
2026-01-01 02:15:00,17,1,18,True,1,-0.05621601783650376,0
2026-01-01 02:15:00,18,18,19,True,1,-0.08208724817404839,0
2026-01-01 02:15:00,19,19,20,True,1,-0.031231422535698827,0
2026-01-01 02:15:00,20,20,21,True,1,-0.07583764851297903,0
2026-01-01 02:15:00,21,2,22,True,1,-0.008908027525851459,0
2026-01-01 02:15:00,22,22,23,True,1,-0.05181872003938093,0
2026-01-01 02:15:00,23,23,24,True,1,-0.07821846767318408,0
2026-01-01 02:15:00,24,5,25,True,1,-0.04294602071701248,0
2026-01-01 02:15:00,25,25,26,True,1,-0.06247397611519118,0
2026-01-01 02:15:00,26,26,27,True,1,-0.0167481175635133,0
2026-01-01 02:15:00,27,27,28,True,1,-0.018847824392731027,0
2026-01-01 02:15:00,28,28,29,True,1,-0.026654158473247036,0
2026-01-01 02:15:00,29,29,30,True,1,-0.030014289431213426,0
2026-01-01 02:15:00,30,30,31,True,1,-0.07320683742264256,0
2026-01-01 02:15:00,31,31,32,True,1,-0.061428795011202186,0
2026-01-01 02:15:00,32,20,7,False,0,0.04772340054777657,0
2026-01-01 02:15:00,33,8,14,False,0,0.0849715949991785,0
2026-01-01 02:15:00,34,11,21,False,0,0.07576383797367092,0
2026-01-01 02:15:00,35,17,32,False,0,0.0030979760774675347,0
2026-01-01 02:15:00,36,24,28,False,0,0.019490665990569922,0
2026-01-01 02:30:00,0,0,1,True,1,0.09359702874126741,0
2026-01-01 02:30:00,1,1,2,True,1,0.08196913193466204,0
2026-01-01 02:30:00,2,2,3,True,1,0.07119041253856806,0
2026-01-01 02:30:00,3,3,4,True,1,0.08139771437488252,0
2026-01-01 02:30:00,4,4,5,True,1,0.08947412573794977,0
2026-01-01 02:30:00,5,5,6,True,1,0.05769679660904492,0
2026-01-01 02:30:00,6,6,7,True,1,0.035525393133381655,0
2026-01-01 02:30:00,7,7,8,True,1,0.05011094168632957,0
2026-01-01 02:30:00,8,8,9,True,1,-0.04305184347829755,0
2026-01-01 02:30:00,9,9,10,True,1,-0.014821187797098179,0
2026-01-01 02:30:00,10,10,11,True,1,-0.012697264249084239,0
2026-01-01 02:30:00,11,11,12,True,1,-0.048474834606499206,0
2026-01-01 02:30:00,12,12,13,True,1,-0.06590418835225798,0
2026-01-01 02:30:00,13,13,14,True,1,-0.02147254979712232,0
2026-01-01 02:30:00,14,14,15,True,1,-0.039438593054370086,0
2026-01-01 02:30:00,15,15,16,True,1,-0.06714381503052175,0
2026-01-01 02:30:00,16,16,17,True,1,-0.0919833527099595,0
2026-01-01 02:30:00,17,1,18,True,1,-0.061212943405615394,0
2026-01-01 02:30:00,18,18,19,True,1,-0.08587090835726724,0
2026-01-01 02:30:00,19,19,20,True,1,-0.03807443090842977,0
2026-01-01 02:30:00,20,20,21,True,1,-0.07797766274527407,0
2026-01-01 02:30:00,21,2,22,True,1,-0.011168523536121522,0
2026-01-01 02:30:00,22,22,23,True,1,-0.05673192651887565,0
2026-01-01 02:30:00,23,23,24,True,1,-0.07954546640028176,0
2026-01-01 02:30:00,24,5,25,True,1,-0.04685911576861429,0
2026-01-01 02:30:00,25,25,26,True,1,-0.06474764964842528,0
2026-01-01 02:30:00,26,26,27,True,1,-0.02271778045914996,0
2026-01-01 02:30:00,27,27,28,True,1,-0.02137529583978942,0
2026-01-01 02:30:00,28,28,29,True,1,-0.027093674433385728,0
2026-01-01 02:30:00,29,29,30,True,1,-0.033423536688373834,0
2026-01-01 02:30:00,30,30,31,True,1,-0.073916674031138,0
2026-01-01 02:30:00,31,31,32,True,1,-0.06229530404949846,0
2026-01-01 02:30:00,32,20,7,False,0,0.03916875154626409,0
2026-01-01 02:30:00,33,8,14,False,0,0.06987091379819332,0
2026-01-01 02:30:00,34,11,21,False,0,0.06356093133777996,0
2026-01-01 02:30:00,35,17,32,False,0,0.0030979760774675347,0
2026-01-01 02:30:00,36,24,28,False,0,0.019490665990569922,0
2026-01-01 02:45:00,0,0,1,True,1,0.09386483555241054,0
2026-01-01 02:45:00,1,1,2,True,1,0.08232448906778933,0
2026-01-01 02:45:00,2,2,3,True,1,0.07131924693809522,0
2026-01-01 02:45:00,3,3,4,True,1,0.08148999853053895,0
2026-01-01 02:45:00,4,4,5,True,1,0.08934119735257984,0
2026-01-01 02:45:00,5,5,6,True,1,0.057544955488916805,0
2026-01-01 02:45:00,6,6,7,True,1,0.035671237472479134,0
2026-01-01 02:45:00,7,7,8,True,1,0.05011094168632957,0
2026-01-01 02:45:00,8,8,9,True,1,-0.04305184347829755,0
2026-01-01 02:45:00,9,9,10,True,1,-0.014821187797098179,0
2026-01-01 02:45:00,10,10,11,True,1,-0.012574200747207942,0
2026-01-01 02:45:00,11,11,12,True,1,-0.048474834606499206,0
2026-01-01 02:45:00,12,12,13,True,1,-0.06526650638017628,0
2026-01-01 02:45:00,13,13,14,True,1,-0.021364615918417762,0
2026-01-01 02:45:00,14,14,15,True,1,-0.039438593054370086,0
2026-01-01 02:45:00,15,15,16,True,1,-0.06662825297426772,0
2026-01-01 02:45:00,16,16,17,True,1,-0.0920024364033139,0
2026-01-01 02:45:00,17,1,18,True,1,-0.061212943405615394,0
2026-01-01 02:45:00,18,18,19,True,1,-0.08587090835726724,0
2026-01-01 02:45:00,19,19,20,True,1,-0.03807443090842977,0
2026-01-01 02:45:00,20,20,21,True,1,-0.07797766274527407,0
2026-01-01 02:45:00,21,2,22,True,1,-0.011428596090064913,0
2026-01-01 02:45:00,22,22,23,True,1,-0.056831884950842626,0
2026-01-01 02:45:00,23,23,24,True,1,-0.07954546640028176,0
2026-01-01 02:45:00,24,5,25,True,1,-0.04685911576861429,0
2026-01-01 02:45:00,25,25,26,True,1,-0.06466404143345067,0
2026-01-01 02:45:00,26,26,27,True,1,-0.022639203495002536,0
2026-01-01 02:45:00,27,27,28,True,1,-0.02137529583978942,0
2026-01-01 02:45:00,28,28,29,True,1,-0.027247126926315923,0
2026-01-01 02:45:00,29,29,30,True,1,-0.033423536688373834,0
2026-01-01 02:45:00,30,30,31,True,1,-0.07374912500762304,0
2026-01-01 02:45:00,31,31,32,True,1,-0.06239400792123956,0
2026-01-01 02:45:00,32,20,7,False,0,0.039047167190894516,0
2026-01-01 02:45:00,33,8,14,False,0,0.0700261117549279,0
2026-01-01 02:45:00,34,11,21,False,0,0.06343384646434891,0
2026-01-01 02:45:00,35,17,32,False,0,0.0030979760774675347,0
2026-01-01 02:45:00,36,24,28,False,0,0.019490665990569922,0
2026-01-01 03:00:00,0,0,1,True,1,0.10423475400529114,0
2026-01-01 03:00:00,1,1,2,True,1,0.08027036493009676,0
2026-01-01 03:00:00,2,2,3,True,1,0.07414438867880835,0
2026-01-01 03:00:00,3,3,4,True,1,0.08082485480326873,0
2026-01-01 03:00:00,4,4,5,True,1,0.09018143557767377,0
2026-01-01 03:00:00,5,5,6,True,1,0.05590937746666136,0
2026-01-01 03:00:00,6,6,7,True,1,0.038555329140855576,0
2026-01-01 03:00:00,7,7,8,True,1,0.056616289365910566,0
2026-01-01 03:00:00,8,8,9,True,1,-0.043578659215543436,0
2026-01-01 03:00:00,9,9,10,True,1,-0.014328392260565537,0
2026-01-01 03:00:00,10,10,11,True,1,-0.008200744327301668,0
2026-01-01 03:00:00,11,11,12,True,1,-0.048530348809895985,0
2026-01-01 03:00:00,12,12,13,True,1,-0.06424055154929031,0
2026-01-01 03:00:00,13,13,14,True,1,-0.01945233935126589,0
2026-01-01 03:00:00,14,14,15,True,1,-0.03868924960201919,0
2026-01-01 03:00:00,15,15,16,True,1,-0.06429508693234143,0
2026-01-01 03:00:00,16,16,17,True,1,-0.09026320631203771,0
2026-01-01 03:00:00,17,1,18,True,1,-0.06006790150317687,0
2026-01-01 03:00:00,18,18,19,True,1,-0.08568676416019255,0
2026-01-01 03:00:00,19,19,20,True,1,-0.03654258990950371,0
2026-01-01 03:00:00,20,20,21,True,1,-0.0778045197770258,0
2026-01-01 03:00:00,21,2,22,True,1,-0.010712214034843515,0
2026-01-01 03:00:00,22,22,23,True,1,-0.054567416585004525,0
2026-01-01 03:00:00,23,23,24,True,1,-0.0784896721685871,0
2026-01-01 03:00:00,24,5,25,True,1,-0.04584504298172043,0
2026-01-01 03:00:00,25,25,26,True,1,-0.06451898260234229,0
2026-01-01 03:00:00,26,26,27,True,1,-0.02073773056106809,0
2026-01-01 03:00:00,27,27,28,True,1,-0.020232355501974886,0
2026-01-01 03:00:00,28,28,29,True,1,-0.027524101903733555,0
2026-01-01 03:00:00,29,29,30,True,1,-0.03165509376614267,0
2026-01-01 03:00:00,30,30,31,True,1,-0.07379758448066126,0
2026-01-01 03:00:00,31,31,32,True,1,-0.06261259088550197,0
2026-01-01 03:00:00,32,20,7,False,0,0.04293516360195859,0
2026-01-01 03:00:00,33,8,14,False,0,0.07408476852255663,0
2026-01-01 03:00:00,34,11,21,False,0,0.06690263277365438,0
2026-01-01 03:00:00,35,17,32,False,0,0.0030979760774675347,0
2026-01-01 03:00:00,36,24,28,False,0,0.019490665990569922,0
2026-01-01 03:15:00,0,0,1,True,1,0.0916835228975047,0
2026-01-01 03:15:00,1,1,2,True,1,0.08066669425182615,0
2026-01-01 03:15:00,2,2,3,True,1,0.0727184286394249,0
2026-01-01 03:15:00,3,3,4,True,1,0.0851994806244053,0
2026-01-01 03:15:00,4,4,5,True,1,0.08921913874751897,0
2026-01-01 03:15:00,5,5,6,True,1,0.05918317711852972,0
2026-01-01 03:15:00,6,6,7,True,1,0.036354644858884955,0
2026-01-01 03:15:00,7,7,8,True,1,0.04855200014144767,0
2026-01-01 03:15:00,8,8,9,True,1,-0.04211384516693256,0
2026-01-01 03:15:00,9,9,10,True,1,-0.014228954619228185,0
2026-01-01 03:15:00,10,10,11,True,1,-0.01622542218236933,0
2026-01-01 03:15:00,11,11,12,True,1,-0.049249007633082986,0
2026-01-01 03:15:00,12,12,13,True,1,-0.06543633673339655,0
2026-01-01 03:15:00,13,13,14,True,1,-0.02425713881784347,0
2026-01-01 03:15:00,14,14,15,True,1,-0.03992091473914755,0
2026-01-01 03:15:00,15,15,16,True,1,-0.06843833402588301,0
2026-01-01 03:15:00,16,16,17,True,1,-0.0927970916002887,0
2026-01-01 03:15:00,17,1,18,True,1,-0.06120547164550383,0
2026-01-01 03:15:00,18,18,19,True,1,-0.08621505607361957,0
2026-01-01 03:15:00,19,19,20,True,1,-0.03763021485434642,0
2026-01-01 03:15:00,20,20,21,True,1,-0.07766095034481812,0
2026-01-01 03:15:00,21,2,22,True,1,-0.010466675801339309,0
2026-01-01 03:15:00,22,22,23,True,1,-0.05574837293658713,0
2026-01-01 03:15:00,23,23,24,True,1,-0.07942454291607304,0
2026-01-01 03:15:00,24,5,25,True,1,-0.04581628205450872,0
2026-01-01 03:15:00,25,25,26,True,1,-0.06341838741936734,0
2026-01-01 03:15:00,26,26,27,True,1,-0.022892180950760677,0
2026-01-01 03:15:00,27,27,28,True,1,-0.019506307056458394,0
2026-01-01 03:15:00,28,28,29,True,1,-0.02832042849021915,0
2026-01-01 03:15:00,29,29,30,True,1,-0.03151979593582349,0
2026-01-01 03:15:00,30,30,31,True,1,-0.07372857723357484,0
2026-01-01 03:15:00,31,31,32,True,1,-0.06550059697834415,0
2026-01-01 03:15:00,32,20,7,False,0,0.03707686265899712,0
2026-01-01 03:15:00,33,8,14,False,0,0.06729439504194057,0
2026-01-01 03:15:00,34,11,21,False,0,0.06205724701281001,0
2026-01-01 03:15:00,35,17,32,False,0,0.0030979760774675347,0
2026-01-01 03:15:00,36,24,28,False,0,0.019490665990569922,0
2026-01-01 03:30:00,0,0,1,True,1,0.09399878426339936,0
2026-01-01 03:30:00,1,1,2,True,1,0.08183789595047641,0
2026-01-01 03:30:00,2,2,3,True,1,0.07138357814612006,0
2026-01-01 03:30:00,3,3,4,True,1,0.08253900785011814,0
2026-01-01 03:30:00,4,4,5,True,1,0.08880978350146285,0
2026-01-01 03:30:00,5,5,6,True,1,0.057848679081400456,0
2026-01-01 03:30:00,6,6,7,True,1,0.035830396346009485,0
2026-01-01 03:30:00,7,7,8,True,1,0.0502791679915372,0
2026-01-01 03:30:00,8,8,9,True,1,-0.04294877690002846,0
2026-01-01 03:30:00,9,9,10,True,1,-0.014821187797098179,0
2026-01-01 03:30:00,10,10,11,True,1,-0.012697264249084239,0
2026-01-01 03:30:00,11,11,12,True,1,-0.0487117373469283,0
2026-01-01 03:30:00,12,12,13,True,1,-0.06590418835225798,0
2026-01-01 03:30:00,13,13,14,True,1,-0.021383247260807647,0
2026-01-01 03:30:00,14,14,15,True,1,-0.03954056524816213,0
2026-01-01 03:30:00,15,15,16,True,1,-0.06704618249774807,0
2026-01-01 03:30:00,16,16,17,True,1,-0.09187223394878063,0
2026-01-01 03:30:00,17,1,18,True,1,-0.06132077220471943,0
2026-01-01 03:30:00,18,18,19,True,1,-0.08589086235109017,0
2026-01-01 03:30:00,19,19,20,True,1,-0.037727700189819635,0
2026-01-01 03:30:00,20,20,21,True,1,-0.078160583932607,0
2026-01-01 03:30:00,21,2,22,True,1,-0.011194020061699783,0
2026-01-01 03:30:00,22,22,23,True,1,-0.05673192651887565,0
2026-01-01 03:30:00,23,23,24,True,1,-0.07954546640028176,0
2026-01-01 03:30:00,24,5,25,True,1,-0.04685911576861429,0
2026-01-01 03:30:00,25,25,26,True,1,-0.06468733481602473,0
2026-01-01 03:30:00,26,26,27,True,1,-0.02291705270586808,0
2026-01-01 03:30:00,27,27,28,True,1,-0.02148322731013602,0
2026-01-01 03:30:00,28,28,29,True,1,-0.027341915116215587,0
2026-01-01 03:30:00,29,29,30,True,1,-0.033633942065681155,0
2026-01-01 03:30:00,30,30,31,True,1,-0.07440003705084841,0
2026-01-01 03:30:00,31,31,32,True,1,-0.06274015152500934,0
2026-01-01 03:30:00,32,20,7,False,0,0.03917593174888134,0
2026-01-01 03:30:00,33,8,14,False,0,0.06987091379819332,0
2026-01-01 03:30:00,34,11,21,False,0,0.06292278913842797,0
2026-01-01 03:30:00,35,17,32,False,0,0.0030979760774675347,0
2026-01-01 03:30:00,36,24,28,False,0,0.019490665990569922,0
2026-01-01 03:45:00,0,0,1,True,1,0.11048739871549607,0
2026-01-01 03:45:00,1,1,2,True,1,0.0799723358345068,0
2026-01-01 03:45:00,2,2,3,True,1,0.0772837422663949,0
2026-01-01 03:45:00,3,3,4,True,1,0.08094573008428052,0
2026-01-01 03:45:00,4,4,5,True,1,0.0915536531332155,0
2026-01-01 03:45:00,5,5,6,True,1,0.05749317936903542,0
2026-01-01 03:45:00,6,6,7,True,1,0.037823406954612615,0
2026-01-01 03:45:00,7,7,8,True,1,0.05829586532564568,0
2026-01-01 03:45:00,8,8,9,True,1,-0.044545807139231564,0
2026-01-01 03:45:00,9,9,10,True,1,-0.013207431291042515,0
2026-01-01 03:45:00,10,10,11,True,1,-0.0075954264333290555,0
2026-01-01 03:45:00,11,11,12,True,1,-0.04706551121695074,0
2026-01-01 03:45:00,12,12,13,True,1,-0.061837370845077455,0
2026-01-01 03:45:00,13,13,14,True,1,-0.016979260491461645,0
2026-01-01 03:45:00,14,14,15,True,1,-0.03801140730158997,0
2026-01-01 03:45:00,15,15,16,True,1,-0.06438294911536036,0
2026-01-01 03:45:00,16,16,17,True,1,-0.09029177444645298,0
2026-01-01 03:45:00,17,1,18,True,1,-0.058665876553055996,0
2026-01-01 03:45:00,18,18,19,True,1,-0.08426226452062752,0
2026-01-01 03:45:00,19,19,20,True,1,-0.03528607235642245,0
2026-01-01 03:45:00,20,20,21,True,1,-0.0764363372166772,0
2026-01-01 03:45:00,21,2,22,True,1,-0.008110250473264857,0
2026-01-01 03:45:00,22,22,23,True,1,-0.05417404761485878,0
2026-01-01 03:45:00,23,23,24,True,1,-0.0781984117218788,0
2026-01-01 03:45:00,24,5,25,True,1,-0.04460675587032614,0
2026-01-01 03:45:00,25,25,26,True,1,-0.06333687323191256,0
2026-01-01 03:45:00,26,26,27,True,1,-0.0194452507427732,0
2026-01-01 03:45:00,27,27,28,True,1,-0.019433567962290954,0
2026-01-01 03:45:00,28,28,29,True,1,-0.027090422318086727,0
2026-01-01 03:45:00,29,29,30,True,1,-0.03001227198278683,0
2026-01-01 03:45:00,30,30,31,True,1,-0.0736393269036586,0
2026-01-01 03:45:00,31,31,32,True,1,-0.06243071343755774,0
2026-01-01 03:45:00,32,20,7,False,0,0.04509080926870024,0
2026-01-01 03:45:00,33,8,14,False,0,0.07922301777747509,0
2026-01-01 03:45:00,34,11,21,False,0,0.07107080785261655,0
2026-01-01 03:45:00,35,17,32,False,0,0.0030979760774675347,0
2026-01-01 03:45:00,36,24,28,False,0,0.019490665990569922,0
2026-01-01 04:00:00,0,0,1,True,1,0.09309476464662791,0
2026-01-01 04:00:00,1,1,2,True,1,0.08048144777965205,0
2026-01-01 04:00:00,2,2,3,True,1,0.0719742433020002,0
2026-01-01 04:00:00,3,3,4,True,1,0.08452454666748577,0
2026-01-01 04:00:00,4,4,5,True,1,0.08913250511494719,0
2026-01-01 04:00:00,5,5,6,True,1,0.05725693249865205,0
2026-01-01 04:00:00,6,6,7,True,1,0.0363128245458072,0
2026-01-01 04:00:00,7,7,8,True,1,0.04923311585159318,0
2026-01-01 04:00:00,8,8,9,True,1,-0.042523958188323385,0
2026-01-01 04:00:00,9,9,10,True,1,-0.014670950403016358,0
2026-01-01 04:00:00,10,10,11,True,1,-0.013964732154380544,0
2026-01-01 04:00:00,11,11,12,True,1,-0.04914328530678003,0
2026-01-01 04:00:00,12,12,13,True,1,-0.0653528525105132,0
2026-01-01 04:00:00,13,13,14,True,1,-0.023296324417366343,0
2026-01-01 04:00:00,14,14,15,True,1,-0.039963480547421326,0
2026-01-01 04:00:00,15,15,16,True,1,-0.06679795916073383,0
2026-01-01 04:00:00,16,16,17,True,1,-0.09259668072476951,0
2026-01-01 04:00:00,17,1,18,True,1,-0.061628382716096386,0
2026-01-01 04:00:00,18,18,19,True,1,-0.0861023663814981,0
2026-01-01 04:00:00,19,19,20,True,1,-0.03799936561299794,0
2026-01-01 04:00:00,20,20,21,True,1,-0.07797026716321376,0
2026-01-01 04:00:00,21,2,22,True,1,-0.01088324412030156,0
2026-01-01 04:00:00,22,22,23,True,1,-0.05586504527166758,0
2026-01-01 04:00:00,23,23,24,True,1,-0.07914751214544385,0
2026-01-01 04:00:00,24,5,25,True,1,-0.04583112642000581,0
2026-01-01 04:00:00,25,25,26,True,1,-0.06388426573737183,0
2026-01-01 04:00:00,26,26,27,True,1,-0.02282311321848718,0
2026-01-01 04:00:00,27,27,28,True,1,-0.01901386086397161,0
2026-01-01 04:00:00,28,28,29,True,1,-0.028457223892480454,0
2026-01-01 04:00:00,29,29,30,True,1,-0.031616946963952175,0
2026-01-01 04:00:00,30,30,31,True,1,-0.07387114426108538,0
2026-01-01 04:00:00,31,31,32,True,1,-0.06492668323488038,0
2026-01-01 04:00:00,32,20,7,False,0,0.037465502726504174,0
2026-01-01 04:00:00,33,8,14,False,0,0.06819825749693464,0
2026-01-01 04:00:00,34,11,21,False,0,0.06239253403884737,0
2026-01-01 04:00:00,35,17,32,False,0,0.0030979760774675347,0
2026-01-01 04:00:00,36,24,28,False,0,0.019490665990569922,0
2026-01-01 04:15:00,0,0,1,True,1,0.10503269915760804,0
2026-01-01 04:15:00,1,1,2,True,1,0.08040124735106902,0
2026-01-01 04:15:00,2,2,3,True,1,0.07427388936007606,0
2026-01-01 04:15:00,3,3,4,True,1,0.08066671673059578,0
2026-01-01 04:15:00,4,4,5,True,1,0.09129082743024708,0
2026-01-01 04:15:00,5,5,6,True,1,0.05618619500118616,0
2026-01-01 04:15:00,6,6,7,True,1,0.037535010450219675,0
2026-01-01 04:15:00,7,7,8,True,1,0.05689345891034392,0
2026-01-01 04:15:00,8,8,9,True,1,-0.04390869643615447,0
2026-01-01 04:15:00,9,9,10,True,1,-0.014328392260565537,0
2026-01-01 04:15:00,10,10,11,True,1,-0.008053536027511354,0
2026-01-01 04:15:00,11,11,12,True,1,-0.048476927543716075,0
2026-01-01 04:15:00,12,12,13,True,1,-0.06424055154929031,0
2026-01-01 04:15:00,13,13,14,True,1,-0.019560704454727185,0
2026-01-01 04:15:00,14,14,15,True,1,-0.038563616789134836,0
2026-01-01 04:15:00,15,15,16,True,1,-0.06429508693234143,0
2026-01-01 04:15:00,16,16,17,True,1,-0.09029177444645298,0
2026-01-01 04:15:00,17,1,18,True,1,-0.059721681409034555,0
2026-01-01 04:15:00,18,18,19,True,1,-0.0857156513785089,0
2026-01-01 04:15:00,19,19,20,True,1,-0.03633349679567832,0
2026-01-01 04:15:00,20,20,21,True,1,-0.0778045197770258,0
2026-01-01 04:15:00,21,2,22,True,1,-0.010955735790329935,0
2026-01-01 04:15:00,22,22,23,True,1,-0.054567416585004525,0
2026-01-01 04:15:00,23,23,24,True,1,-0.0784896721685871,0
2026-01-01 04:15:00,24,5,25,True,1,-0.046360331468096594,0
2026-01-01 04:15:00,25,25,26,True,1,-0.06451898260234229,0
2026-01-01 04:15:00,26,26,27,True,1,-0.02073773056106809,0
2026-01-01 04:15:00,27,27,28,True,1,-0.01979935459277138,0
2026-01-01 04:15:00,28,28,29,True,1,-0.02695747189040082,0
2026-01-01 04:15:00,29,29,30,True,1,-0.031549456603050086,0
2026-01-01 04:15:00,30,30,31,True,1,-0.0737823754201451,0
2026-01-01 04:15:00,31,31,32,True,1,-0.06200571948040917,0
2026-01-01 04:15:00,32,20,7,False,0,0.04293516360195859,0
2026-01-01 04:15:00,33,8,14,False,0,0.07408476852255663,0
2026-01-01 04:15:00,34,11,21,False,0,0.06752327031528427,0
2026-01-01 04:15:00,35,17,32,False,0,0.0030979760774675347,0
2026-01-01 04:15:00,36,24,28,False,0,0.019490665990569922,0
2026-01-01 04:30:00,0,0,1,True,1,0.10449991245675316,0
2026-01-01 04:30:00,1,1,2,True,1,0.082809700378486,0
2026-01-01 04:30:00,2,2,3,True,1,0.07806640927256603,0
2026-01-01 04:30:00,3,3,4,True,1,0.08965124967634808,0
2026-01-01 04:30:00,4,4,5,True,1,0.08763965216106673,0
2026-01-01 04:30:00,5,5,6,True,1,0.05640190324455463,0
2026-01-01 04:30:00,6,6,7,True,1,0.0320020529918954,0
2026-01-01 04:30:00,7,7,8,True,1,0.045924131107681676,0
2026-01-01 04:30:00,8,8,9,True,1,-0.042118973020745354,0
2026-01-01 04:30:00,9,9,10,True,1,-0.01357193130963491,0
2026-01-01 04:30:00,10,10,11,True,1,-0.01655825581712178,0
2026-01-01 04:30:00,11,11,12,True,1,-0.05035442804250073,0
2026-01-01 04:30:00,12,12,13,True,1,-0.06644157963743658,0
2026-01-01 04:30:00,13,13,14,True,1,-0.02422819271229132,0
2026-01-01 04:30:00,14,14,15,True,1,-0.039241817550763,0
2026-01-01 04:30:00,15,15,16,True,1,-0.06897720982464561,0
2026-01-01 04:30:00,16,16,17,True,1,-0.09500690578633919,0
2026-01-01 04:30:00,17,1,18,True,1,-0.06076832609673449,0
2026-01-01 04:30:00,18,18,19,True,1,-0.08564531753934912,0
2026-01-01 04:30:00,19,19,20,True,1,-0.035521080648747094,0
2026-01-01 04:30:00,20,20,21,True,1,-0.07682593217472444,0
2026-01-01 04:30:00,21,2,22,True,1,-0.011486014161606106,0
2026-01-01 04:30:00,22,22,23,True,1,-0.05600084742932532,0
2026-01-01 04:30:00,23,23,24,True,1,-0.07920298634885031,0
2026-01-01 04:30:00,24,5,25,True,1,-0.0449878529282724,0
2026-01-01 04:30:00,25,25,26,True,1,-0.060864266721093685,0
2026-01-01 04:30:00,26,26,27,True,1,-0.019497681882879647,0
2026-01-01 04:30:00,27,27,28,True,1,-0.0165634726111773,0
2026-01-01 04:30:00,28,28,29,True,1,-0.028661674601049292,0
2026-01-01 04:30:00,29,29,30,True,1,-0.032733047518685776,0
2026-01-01 04:30:00,30,30,31,True,1,-0.0741914106080625,0
2026-01-01 04:30:00,31,31,32,True,1,-0.06553299357440595,0
2026-01-01 04:30:00,32,20,7,False,0,0.03624725664251727,0
2026-01-01 04:30:00,33,8,14,False,0,0.06592585788689131,0
2026-01-01 04:30:00,34,11,21,False,0,0.05719725297885292,0
2026-01-01 04:30:00,35,17,32,False,0,0.0030979760774675347,0
2026-01-01 04:30:00,36,24,28,False,0,0.019490665990569922,0
2026-01-01 04:45:00,0,0,1,True,1,0.09435542353448234,0
2026-01-01 04:45:00,1,1,2,True,1,0.08082042304971893,0
2026-01-01 04:45:00,2,2,3,True,1,0.07663066601043955,0
2026-01-01 04:45:00,3,3,4,True,1,0.08827635748793183,0
2026-01-01 04:45:00,4,4,5,True,1,0.08884852125756759,0
2026-01-01 04:45:00,5,5,6,True,1,0.05948538683638538,0
2026-01-01 04:45:00,6,6,7,True,1,0.03338731531332029,0
2026-01-01 04:45:00,7,7,8,True,1,0.047274101442703054,0
2026-01-01 04:45:00,8,8,9,True,1,-0.041592885715510786,0
2026-01-01 04:45:00,9,9,10,True,1,-0.014148594778204682,0
2026-01-01 04:45:00,10,10,11,True,1,-0.016847621285039027,0
2026-01-01 04:45:00,11,11,12,True,1,-0.049117850725845014,0
2026-01-01 04:45:00,12,12,13,True,1,-0.06545110352606864,0
2026-01-01 04:45:00,13,13,14,True,1,-0.024053539043593364,0
2026-01-01 04:45:00,14,14,15,True,1,-0.039691816322695694,0
2026-01-01 04:45:00,15,15,16,True,1,-0.06810238527465012,0
2026-01-01 04:45:00,16,16,17,True,1,-0.09336401607515865,0
2026-01-01 04:45:00,17,1,18,True,1,-0.06170855523720431,0
2026-01-01 04:45:00,18,18,19,True,1,-0.08567431082537952,0
2026-01-01 04:45:00,19,19,20,True,1,-0.036071814409799896,0
2026-01-01 04:45:00,20,20,21,True,1,-0.0774184131171538,0
2026-01-01 04:45:00,21,2,22,True,1,-0.011074899568314478,0
2026-01-01 04:45:00,22,22,23,True,1,-0.05638417214121094,0
2026-01-01 04:45:00,23,23,24,True,1,-0.0798991039564716,0
2026-01-01 04:45:00,24,5,25,True,1,-0.04606330552479787,0
2026-01-01 04:45:00,25,25,26,True,1,-0.0635514605986261,0
2026-01-01 04:45:00,26,26,27,True,1,-0.022435521668195124,0
2026-01-01 04:45:00,27,27,28,True,1,-0.017490256098615597,0
2026-01-01 04:45:00,28,28,29,True,1,-0.02824907898353818,0
2026-01-01 04:45:00,29,29,30,True,1,-0.03195960803897513,0
2026-01-01 04:45:00,30,30,31,True,1,-0.07409441555659818,0
2026-01-01 04:45:00,31,31,32,True,1,-0.06564287358612114,0
2026-01-01 04:45:00,32,20,7,False,0,0.03766832946997423,0
2026-01-01 04:45:00,33,8,14,False,0,0.06563322621691348,0
2026-01-01 04:45:00,34,11,21,False,0,0.05972366375847882,0
2026-01-01 04:45:00,35,17,32,False,0,0.0030979760774675347,0
2026-01-01 04:45:00,36,24,28,False,0,0.019490665990569922,0
2026-01-01 05:00:00,0,0,1,True,1,0.099503134821604,0
2026-01-01 05:00:00,1,1,2,True,1,0.08213957079580658,0
2026-01-01 05:00:00,2,2,3,True,1,0.0762518298456697,0
2026-01-01 05:00:00,3,3,4,True,1,0.08883101730227971,0
2026-01-01 05:00:00,4,4,5,True,1,0.08770478834042195,0
2026-01-01 05:00:00,5,5,6,True,1,0.05816889766574551,0
2026-01-01 05:00:00,6,6,7,True,1,0.03153874660087186,0
2026-01-01 05:00:00,7,7,8,True,1,0.046370281546229686,0
2026-01-01 05:00:00,8,8,9,True,1,-0.04117987538889101,0
2026-01-01 05:00:00,9,9,10,True,1,-0.01524528096148553,0
2026-01-01 05:00:00,10,10,11,True,1,-0.015598165121085639,0
2026-01-01 05:00:00,11,11,12,True,1,-0.04921923483922891,0
2026-01-01 05:00:00,12,12,13,True,1,-0.06628871011802234,0
2026-01-01 05:00:00,13,13,14,True,1,-0.024394490050867912,0
2026-01-01 05:00:00,14,14,15,True,1,-0.03920783426170332,0
2026-01-01 05:00:00,15,15,16,True,1,-0.06899980780270537,0
2026-01-01 05:00:00,16,16,17,True,1,-0.09424118266640868,0
2026-01-01 05:00:00,17,1,18,True,1,-0.061397153759711776,0
2026-01-01 05:00:00,18,18,19,True,1,-0.08604791173956988,0
2026-01-01 05:00:00,19,19,20,True,1,-0.03627812794753543,0
2026-01-01 05:00:00,20,20,21,True,1,-0.07716632825519854,0
2026-01-01 05:00:00,21,2,22,True,1,-0.01126304893301433,0
2026-01-01 05:00:00,22,22,23,True,1,-0.0571433462170603,0
2026-01-01 05:00:00,23,23,24,True,1,-0.0798238167456633,0
2026-01-01 05:00:00,24,5,25,True,1,-0.045668817914407356,0
2026-01-01 05:00:00,25,25,26,True,1,-0.062484167868306406,0
2026-01-01 05:00:00,26,26,27,True,1,-0.020705845426311764,0
2026-01-01 05:00:00,27,27,28,True,1,-0.016536809517248785,0
2026-01-01 05:00:00,28,28,29,True,1,-0.027971035188191384,0
2026-01-01 05:00:00,29,29,30,True,1,-0.03219442630301228,0
2026-01-01 05:00:00,30,30,31,True,1,-0.07437646521317354,0
2026-01-01 05:00:00,31,31,32,True,1,-0.06549718388018255,0
2026-01-01 05:00:00,32,20,7,False,0,0.03761480715999943,0
2026-01-01 05:00:00,33,8,14,False,0,0.06669971836565058,0
2026-01-01 05:00:00,34,11,21,False,0,0.058077595779596036,0
2026-01-01 05:00:00,35,17,32,False,0,0.0030979760774675347,0
2026-01-01 05:00:00,36,24,28,False,0,0.019490665990569922,0
2026-01-01 05:15:00,0,0,1,True,1,0.09882748980856848,0
2026-01-01 05:15:00,1,1,2,True,1,0.08184983609511576,0
2026-01-01 05:15:00,2,2,3,True,1,0.0762518298456697,0
2026-01-01 05:15:00,3,3,4,True,1,0.08883101730227971,0
2026-01-01 05:15:00,4,4,5,True,1,0.08813006383541178,0
2026-01-01 05:15:00,5,5,6,True,1,0.058043028713927636,0
2026-01-01 05:15:00,6,6,7,True,1,0.03201847207463915,0
2026-01-01 05:15:00,7,7,8,True,1,0.046370281546229686,0
2026-01-01 05:15:00,8,8,9,True,1,-0.04117987538889101,0
2026-01-01 05:15:00,9,9,10,True,1,-0.015354594770673635,0
2026-01-01 05:15:00,10,10,11,True,1,-0.015488906250214318,0
2026-01-01 05:15:00,11,11,12,True,1,-0.04961063968633178,0
2026-01-01 05:15:00,12,12,13,True,1,-0.06609303724252574,0
2026-01-01 05:15:00,13,13,14,True,1,-0.02393343906104728,0
2026-01-01 05:15:00,14,14,15,True,1,-0.03920783426170332,0
2026-01-01 05:15:00,15,15,16,True,1,-0.06899980780270537,0
2026-01-01 05:15:00,16,16,17,True,1,-0.09424118266640868,0
2026-01-01 05:15:00,17,1,18,True,1,-0.061397153759711776,0
2026-01-01 05:15:00,18,18,19,True,1,-0.08604791173956988,0
2026-01-01 05:15:00,19,19,20,True,1,-0.03627812794753543,0
2026-01-01 05:15:00,20,20,21,True,1,-0.07716632825519854,0
2026-01-01 05:15:00,21,2,22,True,1,-0.011302258141543786,0
2026-01-01 05:15:00,22,22,23,True,1,-0.0571433462170603,0
2026-01-01 05:15:00,23,23,24,True,1,-0.0798238167456633,0
2026-01-01 05:15:00,24,5,25,True,1,-0.04577127111433743,0
2026-01-01 05:15:00,25,25,26,True,1,-0.06275115710664841,0
2026-01-01 05:15:00,26,26,27,True,1,-0.021184161722573258,0
2026-01-01 05:15:00,27,27,28,True,1,-0.0168334060533592,0
2026-01-01 05:15:00,28,28,29,True,1,-0.028077479297271946,0
2026-01-01 05:15:00,29,29,30,True,1,-0.03219442630301228,0
2026-01-01 05:15:00,30,30,31,True,1,-0.07443839061862478,0
2026-01-01 05:15:00,31,31,32,True,1,-0.06551750638064802,0
2026-01-01 05:15:00,32,20,7,False,0,0.03749357322428215,0
2026-01-01 05:15:00,33,8,14,False,0,0.06618872052413471,0
2026-01-01 05:15:00,34,11,21,False,0,0.05831069859114024,0
2026-01-01 05:15:00,35,17,32,False,0,0.0030979760774675347,0
2026-01-01 05:15:00,36,24,28,False,0,0.019490665990569922,0
2026-01-01 05:30:00,0,0,1,True,1,0.1278724422529941,0
2026-01-01 05:30:00,1,1,2,True,1,0.09909958720179146,0
2026-01-01 05:30:00,2,2,3,True,1,0.088574578513269,0
2026-01-01 05:30:00,3,3,4,True,1,0.11117264303327112,0
2026-01-01 05:30:00,4,4,5,True,1,0.08708139886116661,0
2026-01-01 05:30:00,5,5,6,True,1,0.05484377268074847,0
2026-01-01 05:30:00,6,6,7,True,1,0.03230486260979071,0
2026-01-01 05:30:00,7,7,8,True,1,0.04053626763706786,0
2026-01-01 05:30:00,8,8,9,True,1,-0.036200523679252306,0
2026-01-01 05:30:00,9,9,10,True,1,-0.015199671532076742,0
2026-01-01 05:30:00,10,10,11,True,1,-0.022361005007846824,0
2026-01-01 05:30:00,11,11,12,True,1,-0.0543457441093293,0
2026-01-01 05:30:00,12,12,13,True,1,-0.0659037686490857,0
2026-01-01 05:30:00,13,13,14,True,1,-0.028170583898740553,0
2026-01-01 05:30:00,14,14,15,True,1,-0.04031367701873445,0
2026-01-01 05:30:00,15,15,16,True,1,-0.07147737949567107,0
2026-01-01 05:30:00,16,16,17,True,1,-0.09828937166263152,0
2026-01-01 05:30:00,17,1,18,True,1,-0.05876803722113699,0
2026-01-01 05:30:00,18,18,19,True,1,-0.08209062169094095,0
2026-01-01 05:30:00,19,19,20,True,1,-0.03508207300987182,0
2026-01-01 05:30:00,20,20,21,True,1,-0.07219190629594902,0
2026-01-01 05:30:00,21,2,22,True,1,-0.011918677341922423,0
2026-01-01 05:30:00,22,22,23,True,1,-0.05666163678292352,0
2026-01-01 05:30:00,23,23,24,True,1,-0.07909223642351432,0
2026-01-01 05:30:00,24,5,25,True,1,-0.04067347631131868,0
2026-01-01 05:30:00,25,25,26,True,1,-0.05829849868500525,0
2026-01-01 05:30:00,26,26,27,True,1,-0.019917026626940393,0
2026-01-01 05:30:00,27,27,28,True,1,-0.013453929692575584,0
2026-01-01 05:30:00,28,28,29,True,1,-0.02758840816031416,0
2026-01-01 05:30:00,29,29,30,True,1,-0.03793608237628032,0
2026-01-01 05:30:00,30,30,31,True,1,-0.07158833584638091,0
2026-01-01 05:30:00,31,31,32,True,1,-0.06550880436983891,0
2026-01-01 05:30:00,32,20,7,False,0,0.030786896772786676,0
2026-01-01 05:30:00,33,8,14,False,0,0.054794591059487474,0
2026-01-01 05:30:00,34,11,21,False,0,0.0521745619759072,0
2026-01-01 05:30:00,35,17,32,False,0,0.0030979760774675347,0
2026-01-01 05:30:00,36,24,28,False,0,0.019490665990569922,0
2026-01-01 05:45:00,0,0,1,True,1,0.11751275685193041,0
2026-01-01 05:45:00,1,1,2,True,1,0.09188317384728617,0
2026-01-01 05:45:00,2,2,3,True,1,0.0832060004259586,0
2026-01-01 05:45:00,3,3,4,True,1,0.09943261482884702,0
2026-01-01 05:45:00,4,4,5,True,1,0.08785674574103663,0
2026-01-01 05:45:00,5,5,6,True,1,0.05591410132550567,0
2026-01-01 05:45:00,6,6,7,True,1,0.03297695753162366,0
2026-01-01 05:45:00,7,7,8,True,1,0.04108220616409408,0
2026-01-01 05:45:00,8,8,9,True,1,-0.03804637927550725,0
2026-01-01 05:45:00,9,9,10,True,1,-0.013678236558590906,0
2026-01-01 05:45:00,10,10,11,True,1,-0.022546747983092474,0
2026-01-01 05:45:00,11,11,12,True,1,-0.052758035055637253,0
2026-01-01 05:45:00,12,12,13,True,1,-0.06546849285127893,0
2026-01-01 05:45:00,13,13,14,True,1,-0.026955642582773387,0
2026-01-01 05:45:00,14,14,15,True,1,-0.04007335165535081,0
2026-01-01 05:45:00,15,15,16,True,1,-0.069249327624883,0
2026-01-01 05:45:00,16,16,17,True,1,-0.09828267424146969,0
2026-01-01 05:45:00,17,1,18,True,1,-0.05906028554560144,0
2026-01-01 05:45:00,18,18,19,True,1,-0.08360789158242393,0
2026-01-01 05:45:00,19,19,20,True,1,-0.035506429454458865,0
2026-01-01 05:45:00,20,20,21,True,1,-0.07417039691305377,0
2026-01-01 05:45:00,21,2,22,True,1,-0.01189250551472959,0
2026-01-01 05:45:00,22,22,23,True,1,-0.05716357611302858,0
2026-01-01 05:45:00,23,23,24,True,1,-0.07910286239933051,0
2026-01-01 05:45:00,24,5,25,True,1,-0.04219135626623077,0
2026-01-01 05:45:00,25,25,26,True,1,-0.05993813358933903,0
2026-01-01 05:45:00,26,26,27,True,1,-0.018456767903032856,0
2026-01-01 05:45:00,27,27,28,True,1,-0.015188511118084613,0
2026-01-01 05:45:00,28,28,29,True,1,-0.02925858837895512,0
2026-01-01 05:45:00,29,29,30,True,1,-0.03900938633557505,0
2026-01-01 05:45:00,30,30,31,True,1,-0.07208812744155585,0
2026-01-01 05:45:00,31,31,32,True,1,-0.06466473755760327,0
2026-01-01 05:45:00,32,20,7,False,0,0.03231695896760556,0
2026-01-01 05:45:00,33,8,14,False,0,0.058997903955674724,0
2026-01-01 05:45:00,34,11,21,False,0,0.054252685969466086,0
2026-01-01 05:45:00,35,17,32,False,0,0.0030979760774675347,0
2026-01-01 05:45:00,36,24,28,False,0,0.019490665990569922,0
2026-01-01 06:00:00,0,0,1,True,1,0.12142523020022389,0
2026-01-01 06:00:00,1,1,2,True,1,0.09379873333100286,0
2026-01-01 06:00:00,2,2,3,True,1,0.08507468775406424,0
2026-01-01 06:00:00,3,3,4,True,1,0.10294571943119091,0
2026-01-01 06:00:00,4,4,5,True,1,0.08598440732990409,0
2026-01-01 06:00:00,5,5,6,True,1,0.056241699036245874,0
2026-01-01 06:00:00,6,6,7,True,1,0.03303255753630763,0
2026-01-01 06:00:00,7,7,8,True,1,0.04205025371669857,0
2026-01-01 06:00:00,8,8,9,True,1,-0.03692480697028855,0
2026-01-01 06:00:00,9,9,10,True,1,-0.0144118457536484,0
2026-01-01 06:00:00,10,10,11,True,1,-0.021978563333268475,0
2026-01-01 06:00:00,11,11,12,True,1,-0.05433492624821584,0
2026-01-01 06:00:00,12,12,13,True,1,-0.065173300042697,0
2026-01-01 06:00:00,13,13,14,True,1,-0.02799141575522124,0
2026-01-01 06:00:00,14,14,15,True,1,-0.04052443518871124,0
2026-01-01 06:00:00,15,15,16,True,1,-0.06997209806459082,0
2026-01-01 06:00:00,16,16,17,True,1,-0.09867061823169704,0
2026-01-01 06:00:00,17,1,18,True,1,-0.05941534038977525,0
2026-01-01 06:00:00,18,18,19,True,1,-0.08362514480918137,0
2026-01-01 06:00:00,19,19,20,True,1,-0.03657910134525749,0
2026-01-01 06:00:00,20,20,21,True,1,-0.07365849937378127,0
2026-01-01 06:00:00,21,2,22,True,1,-0.012067519493041634,0
2026-01-01 06:00:00,22,22,23,True,1,-0.05616611280702766,0
2026-01-01 06:00:00,23,23,24,True,1,-0.07828866778778731,0
2026-01-01 06:00:00,24,5,25,True,1,-0.042868290794888464,0
2026-01-01 06:00:00,25,25,26,True,1,-0.05980919483589903,0
2026-01-01 06:00:00,26,26,27,True,1,-0.01946232250861324,0
2026-01-01 06:00:00,27,27,28,True,1,-0.015102151065370384,0
2026-01-01 06:00:00,28,28,29,True,1,-0.02771257676286737,0
2026-01-01 06:00:00,29,29,30,True,1,-0.03911963803647023,0
2026-01-01 06:00:00,30,30,31,True,1,-0.0725131265003402,0
2026-01-01 06:00:00,31,31,32,True,1,-0.06476556963060148,0
2026-01-01 06:00:00,32,20,7,False,0,0.03160783518947219,0
2026-01-01 06:00:00,33,8,14,False,0,0.05679530974635216,0
2026-01-01 06:00:00,34,11,21,False,0,0.053595133149568874,0
2026-01-01 06:00:00,35,17,32,False,0,0.0030979760774675347,0
2026-01-01 06:00:00,36,24,28,False,0,0.019490665990569922,0
2026-01-01 06:15:00,0,0,1,True,1,0.12886444819230436,0
2026-01-01 06:15:00,1,1,2,True,1,0.10007420010072854,0
2026-01-01 06:15:00,2,2,3,True,1,0.08953206936864533,0
2026-01-01 06:15:00,3,3,4,True,1,0.1134272591895723,0
2026-01-01 06:15:00,4,4,5,True,1,0.087199269736562,0
2026-01-01 06:15:00,5,5,6,True,1,0.055514358215537296,0
2026-01-01 06:15:00,6,6,7,True,1,0.03244982987349321,0
2026-01-01 06:15:00,7,7,8,True,1,0.042050110627553816,0
2026-01-01 06:15:00,8,8,9,True,1,-0.03638095928020485,0
2026-01-01 06:15:00,9,9,10,True,1,-0.015440959850394398,0
2026-01-01 06:15:00,10,10,11,True,1,-0.022273066982300138,0
2026-01-01 06:15:00,11,11,12,True,1,-0.054427816496545656,0
2026-01-01 06:15:00,12,12,13,True,1,-0.06655514178616512,0
2026-01-01 06:15:00,13,13,14,True,1,-0.028192652233335003,0
2026-01-01 06:15:00,14,14,15,True,1,-0.03983686930026337,0
2026-01-01 06:15:00,15,15,16,True,1,-0.07147737949567107,0
2026-01-01 06:15:00,16,16,17,True,1,-0.09839874326409132,0
2026-01-01 06:15:00,17,1,18,True,1,-0.05943834791137098,0
2026-01-01 06:15:00,18,18,19,True,1,-0.0814467193274111,0
2026-01-01 06:15:00,19,19,20,True,1,-0.03246146420521995,0
2026-01-01 06:15:00,20,20,21,True,1,-0.06827007360630905,0
2026-01-01 06:15:00,21,2,22,True,1,-0.011859132851592291,0
2026-01-01 06:15:00,22,22,23,True,1,-0.05646162056390308,0
2026-01-01 06:15:00,23,23,24,True,1,-0.07942572105614382,0
2026-01-01 06:15:00,24,5,25,True,1,-0.04045834097781692,0
2026-01-01 06:15:00,25,25,26,True,1,-0.05829849868500525,0
2026-01-01 06:15:00,26,26,27,True,1,-0.020022725291850285,0
2026-01-01 06:15:00,27,27,28,True,1,-0.012362871854856794,0
2026-01-01 06:15:00,28,28,29,True,1,-0.02769493855306837,0
2026-01-01 06:15:00,29,29,30,True,1,-0.03807434872981519,0
2026-01-01 06:15:00,30,30,31,True,1,-0.07139978355767757,0
2026-01-01 06:15:00,31,31,32,True,1,-0.06549515940442457,0
2026-01-01 06:15:00,32,20,7,False,0,0.031598441749957185,0
2026-01-01 06:15:00,33,8,14,False,0,0.05507085348118779,0
2026-01-01 06:15:00,34,11,21,False,0,0.05155225665762886,0
2026-01-01 06:15:00,35,17,32,False,0,0.0030979760774675347,0
2026-01-01 06:15:00,36,24,28,False,0,0.019490665990569922,0
2026-01-01 06:30:00,0,0,1,True,1,0.1427931900528423,0
2026-01-01 06:30:00,1,1,2,True,1,0.11182521177631832,0
2026-01-01 06:30:00,2,2,3,True,1,0.10231460401100634,0
2026-01-01 06:30:00,3,3,4,True,1,0.13167846092529,0
2026-01-01 06:30:00,4,4,5,True,1,0.10173265012360688,0
2026-01-01 06:30:00,5,5,6,True,1,0.06940200624143578,0
2026-01-01 06:30:00,6,6,7,True,1,0.0462648285893299,0
2026-01-01 06:30:00,7,7,8,True,1,0.054660965335375566,0
2026-01-01 06:30:00,8,8,9,True,1,-0.02706995772375831,0
2026-01-01 06:30:00,9,9,10,True,1,-0.009265176233866135,0
2026-01-01 06:30:00,10,10,11,True,1,-0.013930335424547136,0
2026-01-01 06:30:00,11,11,12,True,1,-0.050469889599529694,0
2026-01-01 06:30:00,12,12,13,True,1,-0.06604649365435533,0
2026-01-01 06:30:00,13,13,14,True,1,-0.024179976853833662,0
2026-01-01 06:30:00,14,14,15,True,1,-0.03554617674950933,0
2026-01-01 06:30:00,15,15,16,True,1,-0.06999963763497696,0
2026-01-01 06:30:00,16,16,17,True,1,-0.09813040246788718,0
2026-01-01 06:30:00,17,1,18,True,1,-0.06405379625440111,0
2026-01-01 06:30:00,18,18,19,True,1,-0.07996563773130527,0
2026-01-01 06:30:00,19,19,20,True,1,-0.02195117087054277,0
2026-01-01 06:30:00,20,20,21,True,1,-0.05774765593393316,0
2026-01-01 06:30:00,21,2,22,True,1,-0.00689747501383936,0
2026-01-01 06:30:00,22,22,23,True,1,-0.05627843467098903,0
2026-01-01 06:30:00,23,23,24,True,1,-0.07594335276831587,0
2026-01-01 06:30:00,24,5,25,True,1,-0.029552484269708024,0
2026-01-01 06:30:00,25,25,26,True,1,-0.051050247355692524,0
2026-01-01 06:30:00,26,26,27,True,1,-0.014308078701270044,0
2026-01-01 06:30:00,27,27,28,True,1,-0.0026059743280489323,0
2026-01-01 06:30:00,28,28,29,True,1,-0.013893288389378589,0
2026-01-01 06:30:00,29,29,30,True,1,-0.032083177973674104,0
2026-01-01 06:30:00,30,30,31,True,1,-0.06680959416548182,0
2026-01-01 06:30:00,31,31,32,True,1,-0.06378955087225918,0
2026-01-01 06:30:00,32,20,7,False,0,0.03971439886442185,0
2026-01-01 06:30:00,33,8,14,False,0,0.06750934072738357,0
2026-01-01 06:30:00,34,11,21,False,0,0.061202750767828884,0
2026-01-01 06:30:00,35,17,32,False,0,0.0030979760774675347,0
2026-01-01 06:30:00,36,24,28,False,0,0.019490665990569922,0
2026-01-01 06:45:00,0,0,1,True,1,0.1435184406812181,0
2026-01-01 06:45:00,1,1,2,True,1,0.11735334038698708,0
2026-01-01 06:45:00,2,2,3,True,1,0.10597933799437098,0
2026-01-01 06:45:00,3,3,4,True,1,0.13295547541851405,0
2026-01-01 06:45:00,4,4,5,True,1,0.10583612908751228,0
2026-01-01 06:45:00,5,5,6,True,1,0.07520344520880484,0
2026-01-01 06:45:00,6,6,7,True,1,0.05141722694995576,0
2026-01-01 06:45:00,7,7,8,True,1,0.06095356500114235,0
2026-01-01 06:45:00,8,8,9,True,1,-0.02388383672814054,0
2026-01-01 06:45:00,9,9,10,True,1,-0.008446579601032456,0
2026-01-01 06:45:00,10,10,11,True,1,-0.012193078243479316,0
2026-01-01 06:45:00,11,11,12,True,1,-0.05078436432154265,0
2026-01-01 06:45:00,12,12,13,True,1,-0.06649109589995411,0
2026-01-01 06:45:00,13,13,14,True,1,-0.023917231221036006,0
2026-01-01 06:45:00,14,14,15,True,1,-0.03309544996748598,0
2026-01-01 06:45:00,15,15,16,True,1,-0.06821005770676253,0
2026-01-01 06:45:00,16,16,17,True,1,-0.09849176570579332,0
2026-01-01 06:45:00,17,1,18,True,1,-0.07892538960936868,0
2026-01-01 06:45:00,18,18,19,True,1,-0.06010929941828608,0
2026-01-01 06:45:00,19,19,20,True,1,-0.010822236716731548,0
2026-01-01 06:45:00,20,20,21,True,1,-0.047367277079969294,0
2026-01-01 06:45:00,21,2,22,True,1,-0.003989759575103946,0
2026-01-01 06:45:00,22,22,23,True,1,-0.05295057637306083,0
2026-01-01 06:45:00,23,23,24,True,1,-0.07386189679089505,0
2026-01-01 06:45:00,24,5,25,True,1,-0.028710389016363802,0
2026-01-01 06:45:00,25,25,26,True,1,-0.049591409004754894,0
2026-01-01 06:45:00,26,26,27,True,1,-0.010916655709834966,0
2026-01-01 06:45:00,27,27,28,True,1,0.0004996497693575686,0
2026-01-01 06:45:00,28,28,29,True,1,-0.010721074869570024,0
2026-01-01 06:45:00,29,29,30,True,1,-0.03189465481510867,0
2026-01-01 06:45:00,30,30,31,True,1,-0.0638960559143874,0
2026-01-01 06:45:00,31,31,32,True,1,-0.06287714692774188,0
2026-01-01 06:45:00,32,20,7,False,0,0.04368605970931427,0
2026-01-01 06:45:00,33,8,14,False,0,0.07082878703841178,0
2026-01-01 06:45:00,34,11,21,False,0,0.06378401737739481,0
2026-01-01 06:45:00,35,17,32,False,0,0.0030979760774675347,0
2026-01-01 06:45:00,36,24,28,False,0,0.019490665990569922,0
2026-01-01 07:00:00,0,0,1,True,1,0.15211062362078376,1
2026-01-01 07:00:00,1,1,2,True,1,0.12395904870493268,0
2026-01-01 07:00:00,2,2,3,True,1,0.11029795545184995,0
2026-01-01 07:00:00,3,3,4,True,1,0.13746449723728094,0
2026-01-01 07:00:00,4,4,5,True,1,0.11045994306168971,0
2026-01-01 07:00:00,5,5,6,True,1,0.08148830206375524,0
2026-01-01 07:00:00,6,6,7,True,1,0.05627034929692887,0
2026-01-01 07:00:00,7,7,8,True,1,0.06701532846486424,0
2026-01-01 07:00:00,8,8,9,True,1,-0.020821774330862963,0
2026-01-01 07:00:00,9,9,10,True,1,-0.0040175691154748505,0
2026-01-01 07:00:00,10,10,11,True,1,-0.010439838987517436,0
2026-01-01 07:00:00,11,11,12,True,1,-0.04938240852473408,0
2026-01-01 07:00:00,12,12,13,True,1,-0.06627327359004476,0
2026-01-01 07:00:00,13,13,14,True,1,-0.020293827005268883,0
2026-01-01 07:00:00,14,14,15,True,1,-0.0298699783336987,0
2026-01-01 07:00:00,15,15,16,True,1,-0.0671372040364493,0
2026-01-01 07:00:00,16,16,17,True,1,-0.09849176570579332,0
2026-01-01 07:00:00,17,1,18,True,1,-0.07609295140006456,0
2026-01-01 07:00:00,18,18,19,True,1,-0.05950065231050705,0
2026-01-01 07:00:00,19,19,20,True,1,-0.007907484476137372,0
2026-01-01 07:00:00,20,20,21,True,1,-0.04803457456018473,0
2026-01-01 07:00:00,21,2,22,True,1,-0.002729006784883359,0
2026-01-01 07:00:00,22,22,23,True,1,-0.046834479697699105,0
2026-01-01 07:00:00,23,23,24,True,1,-0.07069704203767968,0
2026-01-01 07:00:00,24,5,25,True,1,-0.023579908188356147,0
2026-01-01 07:00:00,25,25,26,True,1,-0.04480106029290104,0
2026-01-01 07:00:00,26,26,27,True,1,-0.009175065570719732,0
2026-01-01 07:00:00,27,27,28,True,1,0.007996300257342548,0
2026-01-01 07:00:00,28,28,29,True,1,-0.0031845820313843864,0
2026-01-01 07:00:00,29,29,30,True,1,-0.030596908749330742,0
2026-01-01 07:00:00,30,30,31,True,1,-0.06044429687662045,0
2026-01-01 07:00:00,31,31,32,True,1,-0.060611295007048316,0
2026-01-01 07:00:00,32,20,7,False,0,0.047736964311050234,0
2026-01-01 07:00:00,33,8,14,False,0,0.0760167631830071,0
2026-01-01 07:00:00,34,11,21,False,0,0.06805602850877612,0
2026-01-01 07:00:00,35,17,32,False,0,0.0030979760774675347,0
2026-01-01 07:00:00,36,24,28,False,0,0.019490665990569922,0
2026-01-01 07:15:00,0,0,1,True,1,0.15672788317678754,1
2026-01-01 07:15:00,1,1,2,True,1,0.12751371932120303,0
2026-01-01 07:15:00,2,2,3,True,1,0.11626232988316276,0
2026-01-01 07:15:00,3,3,4,True,1,0.14301743651200094,0
2026-01-01 07:15:00,4,4,5,True,1,0.11374954121121983,0
2026-01-01 07:15:00,5,5,6,True,1,0.08656098322048411,0
2026-01-01 07:15:00,6,6,7,True,1,0.060610513388761,0
2026-01-01 07:15:00,7,7,8,True,1,0.06897136629558487,0
2026-01-01 07:15:00,8,8,9,True,1,-0.016525655004053286,0
2026-01-01 07:15:00,9,9,10,True,1,-0.0005073224434689605,0
2026-01-01 07:15:00,10,10,11,True,1,-0.007047082574942798,0
2026-01-01 07:15:00,11,11,12,True,1,-0.04953903846831642,0
2026-01-01 07:15:00,12,12,13,True,1,-0.06509304093120033,0
2026-01-01 07:15:00,13,13,14,True,1,-0.01983148360297421,0
2026-01-01 07:15:00,14,14,15,True,1,-0.02770368496936043,0
2026-01-01 07:15:00,15,15,16,True,1,-0.06656244073600859,0
2026-01-01 07:15:00,16,16,17,True,1,-0.09855944671917521,0
2026-01-01 07:15:00,17,1,18,True,1,-0.06726090270691176,0
2026-01-01 07:15:00,18,18,19,True,1,-0.05971730618775195,0
2026-01-01 07:15:00,19,19,20,True,1,-0.007283123034330763,0
2026-01-01 07:15:00,20,20,21,True,1,-0.048143009882755716,0
2026-01-01 07:15:00,21,2,22,True,1,0.0010351372351735666,0
2026-01-01 07:15:00,22,22,23,True,1,-0.044632895933094385,0
2026-01-01 07:15:00,23,23,24,True,1,-0.06978993000125122,0
2026-01-01 07:15:00,24,5,25,True,1,-0.022180258849021417,0
2026-01-01 07:15:00,25,25,26,True,1,-0.041387075062133016,0
2026-01-01 07:15:00,26,26,27,True,1,-0.007411212228226272,0
2026-01-01 07:15:00,27,27,28,True,1,0.010853833172729921,0
2026-01-01 07:15:00,28,28,29,True,1,-0.0005599200789765946,0
2026-01-01 07:15:00,29,29,30,True,1,-0.02717113983146202,0
2026-01-01 07:15:00,30,30,31,True,1,-0.05785294584647305,0
2026-01-01 07:15:00,31,31,32,True,1,-0.05923269486523358,0
2026-01-01 07:15:00,32,20,7,False,0,0.04982679159777237,0
2026-01-01 07:15:00,33,8,14,False,0,0.0798088100148524,0
2026-01-01 07:15:00,34,11,21,False,0,0.07177977791521972,0
2026-01-01 07:15:00,35,17,32,False,0,0.0030979760774675347,0
2026-01-01 07:15:00,36,24,28,False,0,0.019490665990569922,0
2026-01-01 07:30:00,0,0,1,True,1,0.16493357693338084,1
2026-01-01 07:30:00,1,1,2,True,1,0.14050013079564638,0
2026-01-01 07:30:00,2,2,3,True,1,0.12746844346166397,0
2026-01-01 07:30:00,3,3,4,True,1,0.15691263042545,1
2026-01-01 07:30:00,4,4,5,True,1,0.1388536127303418,0
2026-01-01 07:30:00,5,5,6,True,1,0.10298114853251328,0
2026-01-01 07:30:00,6,6,7,True,1,0.07770334816479929,0
2026-01-01 07:30:00,7,7,8,True,1,0.08285562610388353,0
2026-01-01 07:30:00,8,8,9,True,1,-0.006366713961011683,0
2026-01-01 07:30:00,9,9,10,True,1,0.007329028806400739,0
2026-01-01 07:30:00,10,10,11,True,1,0.0012444791930885657,0
2026-01-01 07:30:00,11,11,12,True,1,-0.04269157207291563,0
2026-01-01 07:30:00,12,12,13,True,1,-0.061480166295205474,0
2026-01-01 07:30:00,13,13,14,True,1,-0.014934882609331235,0
2026-01-01 07:30:00,14,14,15,True,1,-0.025213829411582733,0
2026-01-01 07:30:00,15,15,16,True,1,-0.06129045207805889,0
2026-01-01 07:30:00,16,16,17,True,1,-0.09514795971297829,0
2026-01-01 07:30:00,17,1,18,True,1,-0.05163170572771386,0
2026-01-01 07:30:00,18,18,19,True,1,-0.07524029689901807,0
2026-01-01 07:30:00,19,19,20,True,1,-0.00536430110246755,0
2026-01-01 07:30:00,20,20,21,True,1,-0.04530902618674448,0
2026-01-01 07:30:00,21,2,22,True,1,0.006877244814309735,0
2026-01-01 07:30:00,22,22,23,True,1,-0.03929497543038035,0
2026-01-01 07:30:00,23,23,24,True,1,-0.06168399955075238,0
2026-01-01 07:30:00,24,5,25,True,1,-0.01080112694078128,0
2026-01-01 07:30:00,25,25,26,True,1,-0.026860910458413045,0
2026-01-01 07:30:00,26,26,27,True,1,0.012461401323793697,0
2026-01-01 07:30:00,27,27,28,True,1,0.023647263405570995,0
2026-01-01 07:30:00,28,28,29,True,1,0.006457465079137914,0
2026-01-01 07:30:00,29,29,30,True,1,-0.01668858636282755,0
2026-01-01 07:30:00,30,30,31,True,1,-0.0524798133282236,0
2026-01-01 07:30:00,31,31,32,True,1,-0.05352469855487668,0
2026-01-01 07:30:00,32,20,7,False,0,0.0575055101626295,0
2026-01-01 07:30:00,33,8,14,False,0,0.08808475566304752,0
2026-01-01 07:30:00,34,11,21,False,0,0.07499254831174429,0
2026-01-01 07:30:00,35,17,32,False,0,0.0030979760774675347,0
2026-01-01 07:30:00,36,24,28,False,0,0.019490665990569922,0
2026-01-01 07:45:00,0,0,1,True,1,0.15137568953085956,1
2026-01-01 07:45:00,1,1,2,True,1,0.12470649927559607,0
2026-01-01 07:45:00,2,2,3,True,1,0.11232931644913091,0
2026-01-01 07:45:00,3,3,4,True,1,0.1400595069963546,0
2026-01-01 07:45:00,4,4,5,True,1,0.1115909527475204,0
2026-01-01 07:45:00,5,5,6,True,1,0.08367613105627825,0
2026-01-01 07:45:00,6,6,7,True,1,0.05776599729459153,0
2026-01-01 07:45:00,7,7,8,True,1,0.06868018536490361,0
2026-01-01 07:45:00,8,8,9,True,1,-0.018955317410227712,0
2026-01-01 07:45:00,9,9,10,True,1,-0.0024355996471747132,0
2026-01-01 07:45:00,10,10,11,True,1,-0.00893512026777843,0
2026-01-01 07:45:00,11,11,12,True,1,-0.04953903846831642,0
2026-01-01 07:45:00,12,12,13,True,1,-0.06627327359004476,0
2026-01-01 07:45:00,13,13,14,True,1,-0.020922118391376254,0
2026-01-01 07:45:00,14,14,15,True,1,-0.02863982169414736,0
2026-01-01 07:45:00,15,15,16,True,1,-0.06658271341244032,0
2026-01-01 07:45:00,16,16,17,True,1,-0.09850362196287399,0
2026-01-01 07:45:00,17,1,18,True,1,-0.06048096327319358,0
2026-01-01 07:45:00,18,18,19,True,1,-0.06659412137518644,0
2026-01-01 07:45:00,19,19,20,True,1,-0.004710306372880613,0
2026-01-01 07:45:00,20,20,21,True,1,-0.04723080245722444,0
2026-01-01 07:45:00,21,2,22,True,1,-0.0003928302342944834,0
2026-01-01 07:45:00,22,22,23,True,1,-0.04642605767119806,0
2026-01-01 07:45:00,23,23,24,True,1,-0.07046289817582962,0
2026-01-01 07:45:00,24,5,25,True,1,-0.022739231047336383,0
2026-01-01 07:45:00,25,25,26,True,1,-0.04219378366348253,0
2026-01-01 07:45:00,26,26,27,True,1,-0.008211862592537755,0
2026-01-01 07:45:00,27,27,28,True,1,0.008754210580609767,0
2026-01-01 07:45:00,28,28,29,True,1,-0.0021618830535397038,0
2026-01-01 07:45:00,29,29,30,True,1,-0.02945481754604995,0
2026-01-01 07:45:00,30,30,31,True,1,-0.0585658534902605,0
2026-01-01 07:45:00,31,31,32,True,1,-0.059176933078629035,0
2026-01-01 07:45:00,32,20,7,False,0,0.04835912772049422,0
2026-01-01 07:45:00,33,8,14,False,0,0.07704578019942554,0
2026-01-01 07:45:00,34,11,21,False,0,0.06987540827959393,0
2026-01-01 07:45:00,35,17,32,False,0,0.0030979760774675347,0
2026-01-01 07:45:00,36,24,28,False,0,0.019490665990569922,0
2026-01-01 08:00:00,0,0,1,True,1,0.14569910597459423,0
2026-01-01 08:00:00,1,1,2,True,1,0.12539041972954368,0
2026-01-01 08:00:00,2,2,3,True,1,0.11173205563036026,0
2026-01-01 08:00:00,3,3,4,True,1,0.13963062100075818,0
2026-01-01 08:00:00,4,4,5,True,1,0.11258588655177326,0
2026-01-01 08:00:00,5,5,6,True,1,0.08503712048297363,0
2026-01-01 08:00:00,6,6,7,True,1,0.058521261862580776,0
2026-01-01 08:00:00,7,7,8,True,1,0.06868018536490361,0
2026-01-01 08:00:00,8,8,9,True,1,-0.018754390390691267,0
2026-01-01 08:00:00,9,9,10,True,1,-0.0016127177469734133,0
2026-01-01 08:00:00,10,10,11,True,1,-0.00882435851912089,0
2026-01-01 08:00:00,11,11,12,True,1,-0.04953903846831642,0
2026-01-01 08:00:00,12,12,13,True,1,-0.06617544470298842,0
2026-01-01 08:00:00,13,13,14,True,1,-0.02050578216871146,0
2026-01-01 08:00:00,14,14,15,True,1,-0.02806802864543878,0
2026-01-01 08:00:00,15,15,16,True,1,-0.06668045045904158,0
2026-01-01 08:00:00,16,16,17,True,1,-0.09850362196287399,0
2026-01-01 08:00:00,17,1,18,True,1,-0.049818135358786875,0
2026-01-01 08:00:00,18,18,19,True,1,-0.08388073967486515,0
2026-01-01 08:00:00,19,19,20,True,1,-0.004964249744033311,0
2026-01-01 08:00:00,20,20,21,True,1,-0.05030045770326258,0
2026-01-01 08:00:00,21,2,22,True,1,-0.0003928302342944834,0
2026-01-01 08:00:00,22,22,23,True,1,-0.04642605767119806,0
2026-01-01 08:00:00,23,23,24,True,1,-0.07046289817582962,0
2026-01-01 08:00:00,24,5,25,True,1,-0.02276155341635072,0
2026-01-01 08:00:00,25,25,26,True,1,-0.041434207262230904,0
2026-01-01 08:00:00,26,26,27,True,1,-0.008759012262319676,0
2026-01-01 08:00:00,27,27,28,True,1,0.009278363517701393,0
2026-01-01 08:00:00,28,28,29,True,1,-0.0021618830535397038,0
2026-01-01 08:00:00,29,29,30,True,1,-0.028154483591505464,0
2026-01-01 08:00:00,30,30,31,True,1,-0.0585658534902605,0
2026-01-01 08:00:00,31,31,32,True,1,-0.059176933078629035,0
2026-01-01 08:00:00,32,20,7,False,0,0.04823547090458302,0
2026-01-01 08:00:00,33,8,14,False,0,0.07715662570686999,0
2026-01-01 08:00:00,34,11,21,False,0,0.07026110864721369,0
2026-01-01 08:00:00,35,17,32,False,0,0.0030979760774675347,0
2026-01-01 08:00:00,36,24,28,False,0,0.019490665990569922,0
2026-01-01 08:15:00,0,0,1,True,1,0.14308319216895393,0
2026-01-01 08:15:00,1,1,2,True,1,0.12026248517194127,0
2026-01-01 08:15:00,2,2,3,True,1,0.10934440018722613,0
2026-01-01 08:15:00,3,3,4,True,1,0.13650975501082396,0
2026-01-01 08:15:00,4,4,5,True,1,0.1103222823043789,0
2026-01-01 08:15:00,5,5,6,True,1,0.08122607652257152,0
2026-01-01 08:15:00,6,6,7,True,1,0.05664684155313526,0
2026-01-01 08:15:00,7,7,8,True,1,0.06701532846486424,0
2026-01-01 08:15:00,8,8,9,True,1,-0.020821774330862963,0
2026-01-01 08:15:00,9,9,10,True,1,-0.004353030543624681,0
2026-01-01 08:15:00,10,10,11,True,1,-0.010904156437002543,0
2026-01-01 08:15:00,11,11,12,True,1,-0.04938240852473408,0
2026-01-01 08:15:00,12,12,13,True,1,-0.06555771216914663,0
2026-01-01 08:15:00,13,13,14,True,1,-0.020618279864613343,0
2026-01-01 08:15:00,14,14,15,True,1,-0.030187954291441887,0
2026-01-01 08:15:00,15,15,16,True,1,-0.0676307485709789,0
2026-01-01 08:15:00,16,16,17,True,1,-0.09849176570579332,0
2026-01-01 08:15:00,17,1,18,True,1,-0.04837888118828937,0
2026-01-01 08:15:00,18,18,19,True,1,-0.07488837379622043,0
2026-01-01 08:15:00,19,19,20,True,1,-0.005918468272572586,0
2026-01-01 08:15:00,20,20,21,True,1,-0.05298458695389374,0
2026-01-01 08:15:00,21,2,22,True,1,-0.001995639266106075,0
2026-01-01 08:15:00,22,22,23,True,1,-0.047217460343869255,0
2026-01-01 08:15:00,23,23,24,True,1,-0.07069704203767968,0
2026-01-01 08:15:00,24,5,25,True,1,-0.023579908188356147,0
2026-01-01 08:15:00,25,25,26,True,1,-0.04480106029290104,0
2026-01-01 08:15:00,26,26,27,True,1,-0.009175065570719732,0
2026-01-01 08:15:00,27,27,28,True,1,0.007996300257342548,0
2026-01-01 08:15:00,28,28,29,True,1,-0.0031845820313843864,0
2026-01-01 08:15:00,29,29,30,True,1,-0.030989144208659614,0
2026-01-01 08:15:00,30,30,31,True,1,-0.06044429687662045,0
2026-01-01 08:15:00,31,31,32,True,1,-0.06016427380467193,0
2026-01-01 08:15:00,32,20,7,False,0,0.04720704596369252,0
2026-01-01 08:15:00,33,8,14,False,0,0.0755623609478071,0
2026-01-01 08:15:00,34,11,21,False,0,0.06792792997591046,0
2026-01-01 08:15:00,35,17,32,False,0,0.0030979760774675347,0
2026-01-01 08:15:00,36,24,28,False,0,0.019490665990569922,0
2026-01-01 08:30:00,0,0,1,True,1,0.15702417205908747,1
2026-01-01 08:30:00,1,1,2,True,1,0.13261147566613718,0
2026-01-01 08:30:00,2,2,3,True,1,0.1237498459785108,0
2026-01-01 08:30:00,3,3,4,True,1,0.14727975479361788,1
2026-01-01 08:30:00,4,4,5,True,1,0.12645236030202556,0
2026-01-01 08:30:00,5,5,6,True,1,0.09619021814773387,0
2026-01-01 08:30:00,6,6,7,True,1,0.06743312625368225,0
2026-01-01 08:30:00,7,7,8,True,1,0.0775434539612665,0
2026-01-01 08:30:00,8,8,9,True,1,-0.012803217141292345,0
2026-01-01 08:30:00,9,9,10,True,1,0.0024390450046800627,0
2026-01-01 08:30:00,10,10,11,True,1,-0.002996769958607204,0
2026-01-01 08:30:00,11,11,12,True,1,-0.04755028449598869,0
2026-01-01 08:30:00,12,12,13,True,1,-0.06381462017896633,0
2026-01-01 08:30:00,13,13,14,True,1,-0.016798665725251016,0
2026-01-01 08:30:00,14,14,15,True,1,-0.025892526329652277,0
2026-01-01 08:30:00,15,15,16,True,1,-0.06472019582689575,0
2026-01-01 08:30:00,16,16,17,True,1,-0.096936376911131,0
2026-01-01 08:30:00,17,1,18,True,1,-0.05218393648614439,0
2026-01-01 08:30:00,18,18,19,True,1,-0.055011063393581305,0
2026-01-01 08:30:00,19,19,20,True,1,-0.005950641298465342,0
2026-01-01 08:30:00,20,20,21,True,1,-0.05949934562436432,0
2026-01-01 08:30:00,21,2,22,True,1,0.005225011498036558,0
2026-01-01 08:30:00,22,22,23,True,1,-0.04165284553985782,0
2026-01-01 08:30:00,23,23,24,True,1,-0.06467863847552102,0
2026-01-01 08:30:00,24,5,25,True,1,-0.014395058085267642,0
2026-01-01 08:30:00,25,25,26,True,1,-0.03273572338017833,0
2026-01-01 08:30:00,26,26,27,True,1,0.0018609216056906241,0
2026-01-01 08:30:00,27,27,28,True,1,0.019383931265939847,0
2026-01-01 08:30:00,28,28,29,True,1,0.0025778595276469973,0
2026-01-01 08:30:00,29,29,30,True,1,-0.02266031842089422,0
2026-01-01 08:30:00,30,30,31,True,1,-0.05478129176449448,0
2026-01-01 08:30:00,31,31,32,True,1,-0.05573512776107553,0
2026-01-01 08:30:00,32,20,7,False,0,0.05454391229593791,0
2026-01-01 08:30:00,33,8,14,False,0,0.08493622592513395,0
2026-01-01 08:30:00,34,11,21,False,0,0.0736704029994002,0
2026-01-01 08:30:00,35,17,32,False,0,0.0030979760774675347,0
2026-01-01 08:30:00,36,24,28,False,0,0.019490665990569922,0
2026-01-01 08:45:00,0,0,1,True,1,0.15985437921203205,1
2026-01-01 08:45:00,1,1,2,True,1,0.13418281694462675,0
2026-01-01 08:45:00,2,2,3,True,1,0.12592602113599782,0
2026-01-01 08:45:00,3,3,4,True,1,0.14963744730392048,1
2026-01-01 08:45:00,4,4,5,True,1,0.13013203976808008,0
2026-01-01 08:45:00,5,5,6,True,1,0.10027461996582576,0
2026-01-01 08:45:00,6,6,7,True,1,0.07344826539685056,0
2026-01-01 08:45:00,7,7,8,True,1,0.07971277192046489,0
2026-01-01 08:45:00,8,8,9,True,1,-0.0095543909176653,0
2026-01-01 08:45:00,9,9,10,True,1,0.004508534196532743,0
2026-01-01 08:45:00,10,10,11,True,1,-0.0021853658368261586,0
2026-01-01 08:45:00,11,11,12,True,1,-0.044417129373946096,0
2026-01-01 08:45:00,12,12,13,True,1,-0.06221399690412993,0
2026-01-01 08:45:00,13,13,14,True,1,-0.01571140239201929,0
2026-01-01 08:45:00,14,14,15,True,1,-0.026339577899050115,0
2026-01-01 08:45:00,15,15,16,True,1,-0.06309004193522377,0
2026-01-01 08:45:00,16,16,17,True,1,-0.09691512371724903,0
2026-01-01 08:45:00,17,1,18,True,1,-0.05289564179813011,0
2026-01-01 08:45:00,18,18,19,True,1,-0.05467109990830088,0
2026-01-01 08:45:00,19,19,20,True,1,-0.007361062539352148,0
2026-01-01 08:45:00,20,20,21,True,1,-0.05919474154313792,0
2026-01-01 08:45:00,21,2,22,True,1,0.006157124723180307,0
2026-01-01 08:45:00,22,22,23,True,1,-0.04034564529783319,0
2026-01-01 08:45:00,23,23,24,True,1,-0.06397708206098607,0
2026-01-01 08:45:00,24,5,25,True,1,-0.011898378499310303,0
2026-01-01 08:45:00,25,25,26,True,1,-0.030105142153297237,0
2026-01-01 08:45:00,26,26,27,True,1,0.0048476043271540314,0
2026-01-01 08:45:00,27,27,28,True,1,0.01985268675006413,0
2026-01-01 08:45:00,28,28,29,True,1,0.004250127106824597,0
2026-01-01 08:45:00,29,29,30,True,1,-0.020921486546257473,0
2026-01-01 08:45:00,30,30,31,True,1,-0.05487708308107364,0
2026-01-01 08:45:00,31,31,32,True,1,-0.0534689471427075,0
2026-01-01 08:45:00,32,20,7,False,0,0.055276236320053185,0
2026-01-01 08:45:00,33,8,14,False,0,0.08686471488272163,0
2026-01-01 08:45:00,34,11,21,False,0,0.07418815322480721,0
2026-01-01 08:45:00,35,17,32,False,0,0.0030979760774675347,0
2026-01-01 08:45:00,36,24,28,False,0,0.019490665990569922,0
2026-01-01 09:00:00,0,0,1,True,1,0.13599431584205046,0
2026-01-01 09:00:00,1,1,2,True,1,0.12061067250506186,0
2026-01-01 09:00:00,2,2,3,True,1,0.11461123912590321,0
2026-01-01 09:00:00,3,3,4,True,1,0.13382975093677285,0
2026-01-01 09:00:00,4,4,5,True,1,0.11316743783702288,0
2026-01-01 09:00:00,5,5,6,True,1,0.08519644878612864,0
2026-01-01 09:00:00,6,6,7,True,1,0.05918879015042855,0
2026-01-01 09:00:00,7,7,8,True,1,0.06868818549705247,0
2026-01-01 09:00:00,8,8,9,True,1,-0.018179219703821747,0
2026-01-01 09:00:00,9,9,10,True,1,-0.0016127177469734133,0
2026-01-01 09:00:00,10,10,11,True,1,-0.008054825843153757,0
2026-01-01 09:00:00,11,11,12,True,1,-0.04953903846831642,0
2026-01-01 09:00:00,12,12,13,True,1,-0.06549576488431624,0
2026-01-01 09:00:00,13,13,14,True,1,-0.02050578216871146,0
2026-01-01 09:00:00,14,14,15,True,1,-0.02806802864543878,0
2026-01-01 09:00:00,15,15,16,True,1,-0.06668045045904158,0
2026-01-01 09:00:00,16,16,17,True,1,-0.09850362196287399,0
2026-01-01 09:00:00,17,1,18,True,1,-0.05705231945036754,0
2026-01-01 09:00:00,18,18,19,True,1,-0.04305685524626118,0
2026-01-01 09:00:00,19,19,20,True,1,-0.0021782736755407983,0
2026-01-01 09:00:00,20,20,21,True,1,-0.059424988386137356,0
2026-01-01 09:00:00,21,2,22,True,1,0.0003932824731710527,0
2026-01-01 09:00:00,22,22,23,True,1,-0.04652834011103224,0
2026-01-01 09:00:00,23,23,24,True,1,-0.06968176162770079,0
2026-01-01 09:00:00,24,5,25,True,1,-0.022653910277833034,0
2026-01-01 09:00:00,25,25,26,True,1,-0.04090471431490311,0
2026-01-01 09:00:00,26,26,27,True,1,-0.008759012262319676,0
2026-01-01 09:00:00,27,27,28,True,1,0.009393233394218381,0
2026-01-01 09:00:00,28,28,29,True,1,-0.0020495935727455894,0
2026-01-01 09:00:00,29,29,30,True,1,-0.02781304629249004,0
2026-01-01 09:00:00,30,30,31,True,1,-0.058196680531720835,0
2026-01-01 09:00:00,31,31,32,True,1,-0.05904498327707619,0
2026-01-01 09:00:00,32,20,7,False,0,0.04823547090458302,0
2026-01-01 09:00:00,33,8,14,False,0,0.07770454263548132,0
2026-01-01 09:00:00,34,11,21,False,0,0.07077578190907141,0
2026-01-01 09:00:00,35,17,32,False,0,0.0030979760774675347,0
2026-01-01 09:00:00,36,24,28,False,0,0.019490665990569922,0
2026-01-01 09:15:00,0,0,1,True,1,0.12284843243380372,0
2026-01-01 09:15:00,1,1,2,True,1,0.10780643438290927,0
2026-01-01 09:15:00,2,2,3,True,1,0.10514563393386545,0
2026-01-01 09:15:00,3,3,4,True,1,0.12366286459662279,0
2026-01-01 09:15:00,4,4,5,True,1,0.102275727147639,0
2026-01-01 09:15:00,5,5,6,True,1,0.07244988722615642,0
2026-01-01 09:15:00,6,6,7,True,1,0.0472122877298794,0
2026-01-01 09:15:00,7,7,8,True,1,0.05752026492763107,0
2026-01-01 09:15:00,8,8,9,True,1,-0.025537319050252028,0
2026-01-01 09:15:00,9,9,10,True,1,-0.008802484026743385,0
2026-01-01 09:15:00,10,10,11,True,1,-0.013064412428471062,0
2026-01-01 09:15:00,11,11,12,True,1,-0.05084062938860007,0
2026-01-01 09:15:00,12,12,13,True,1,-0.0655293758644222,0
2026-01-01 09:15:00,13,13,14,True,1,-0.024122504354863183,0
2026-01-01 09:15:00,14,14,15,True,1,-0.034859130002531824,0
2026-01-01 09:15:00,15,15,16,True,1,-0.0693609580057441,0
2026-01-01 09:15:00,16,16,17,True,1,-0.09797569448171428,0
2026-01-01 09:15:00,17,1,18,True,1,-0.05370536810560822,0
2026-01-01 09:15:00,18,18,19,True,1,-0.044271782275348615,0
2026-01-01 09:15:00,19,19,20,True,1,-0.0019010206119747242,0
2026-01-01 09:15:00,20,20,21,True,1,-0.05773061525646184,0
2026-01-01 09:15:00,21,2,22,True,1,-0.005427632393329662,0
2026-01-01 09:15:00,22,22,23,True,1,-0.053017685634984324,0
2026-01-01 09:15:00,23,23,24,True,1,-0.07499582299613339,0
2026-01-01 09:15:00,24,5,25,True,1,-0.029206279069597607,0
2026-01-01 09:15:00,25,25,26,True,1,-0.05021863721115222,0
2026-01-01 09:15:00,26,26,27,True,1,-0.012443664259690956,0
2026-01-01 09:15:00,27,27,28,True,1,-0.0009047704802512824,0
2026-01-01 09:15:00,28,28,29,True,1,-0.012185456361698543,0
2026-01-01 09:15:00,29,29,30,True,1,-0.03104640818156712,0
2026-01-01 09:15:00,30,30,31,True,1,-0.0662059958025899,0
2026-01-01 09:15:00,31,31,32,True,1,-0.06300181640447744,0
2026-01-01 09:15:00,32,20,7,False,0,0.04195272018371543,0
2026-01-01 09:15:00,33,8,14,False,0,0.06849960299494928,0
2026-01-01 09:15:00,34,11,21,False,0,0.0625699935959605,0
2026-01-01 09:15:00,35,17,32,False,0,0.0030979760774675347,0
2026-01-01 09:15:00,36,24,28,False,0,0.019490665990569922,0
2026-01-01 09:30:00,0,0,1,True,1,0.11797627447524639,0
2026-01-01 09:30:00,1,1,2,True,1,0.10526715987886825,0
2026-01-01 09:30:00,2,2,3,True,1,0.10361800564641,0
2026-01-01 09:30:00,3,3,4,True,1,0.12213840287165445,0
2026-01-01 09:30:00,4,4,5,True,1,0.10115373076383338,0
2026-01-01 09:30:00,5,5,6,True,1,0.06667247058504744,0
2026-01-01 09:30:00,6,6,7,True,1,0.044374012783334305,0
2026-01-01 09:30:00,7,7,8,True,1,0.05401635028735119,0
2026-01-01 09:30:00,8,8,9,True,1,-0.027362614840915456,0
2026-01-01 09:30:00,9,9,10,True,1,-0.009915857063731048,0
2026-01-01 09:30:00,10,10,11,True,1,-0.015661331847029558,0
2026-01-01 09:30:00,11,11,12,True,1,-0.05037911206860074,0
2026-01-01 09:30:00,12,12,13,True,1,-0.06663908168165916,0
2026-01-01 09:30:00,13,13,14,True,1,-0.024300303015266922,0
2026-01-01 09:30:00,14,14,15,True,1,-0.03709741732975114,0
2026-01-01 09:30:00,15,15,16,True,1,-0.070332711308286,0
2026-01-01 09:30:00,16,16,17,True,1,-0.09779532514580053,0
2026-01-01 09:30:00,17,1,18,True,1,-0.05293550584292045,0
2026-01-01 09:30:00,18,18,19,True,1,-0.04401486227815665,0
2026-01-01 09:30:00,19,19,20,True,1,-0.002237913583541251,0
2026-01-01 09:30:00,20,20,21,True,1,-0.05726913503724079,0
2026-01-01 09:30:00,21,2,22,True,1,-0.007906998204201321,0
2026-01-01 09:30:00,22,22,23,True,1,-0.05765349531641001,0
2026-01-01 09:30:00,23,23,24,True,1,-0.07704789100936937,0
2026-01-01 09:30:00,24,5,25,True,1,-0.030922198055739536,0
2026-01-01 09:30:00,25,25,26,True,1,-0.05156730000249282,0
2026-01-01 09:30:00,26,26,27,True,1,-0.01589504672796982,0
2026-01-01 09:30:00,27,27,28,True,1,-0.0045304644195071075,0
2026-01-01 09:30:00,28,28,29,True,1,-0.015809565546944515,0
2026-01-01 09:30:00,29,29,30,True,1,-0.03391413558272938,0
2026-01-01 09:30:00,30,30,31,True,1,-0.06751473971576066,0
2026-01-01 09:30:00,31,31,32,True,1,-0.06368612000739787,0
2026-01-01 09:30:00,32,20,7,False,0,0.03813696805277966,0
2026-01-01 09:30:00,33,8,14,False,0,0.06565579481708528,0
2026-01-01 09:30:00,34,11,21,False,0,0.0596491573517427,0
2026-01-01 09:30:00,35,17,32,False,0,0.0030979760774675347,0
2026-01-01 09:30:00,36,24,28,False,0,0.019490665990569922,0
2026-01-01 09:45:00,0,0,1,True,1,0.13238052952019996,0
2026-01-01 09:45:00,1,1,2,True,1,0.11495159671377797,0
2026-01-01 09:45:00,2,2,3,True,1,0.11363592855681204,0
2026-01-01 09:45:00,3,3,4,True,1,0.13114071788334014,0
2026-01-01 09:45:00,4,4,5,True,1,0.11101089666060238,0
2026-01-01 09:45:00,5,5,6,True,1,0.08243426499192108,0
2026-01-01 09:45:00,6,6,7,True,1,0.05625173910472803,0
2026-01-01 09:45:00,7,7,8,True,1,0.06714322115662141,0
2026-01-01 09:45:00,8,8,9,True,1,-0.020583165412927096,0
2026-01-01 09:45:00,9,9,10,True,1,-0.0039056981924756595,0
2026-01-01 09:45:00,10,10,11,True,1,-0.009618927509949415,0
2026-01-01 09:45:00,11,11,12,True,1,-0.04938240852473408,0
2026-01-01 09:45:00,12,12,13,True,1,-0.06627327359004476,0
2026-01-01 09:45:00,13,13,14,True,1,-0.020293827005268883,0
2026-01-01 09:45:00,14,14,15,True,1,-0.02949496350663533,0
2026-01-01 09:45:00,15,15,16,True,1,-0.06723481604356174,0
2026-01-01 09:45:00,16,16,17,True,1,-0.09849176570579332,0
2026-01-01 09:45:00,17,1,18,True,1,-0.057554295818203205,0
2026-01-01 09:45:00,18,18,19,True,1,-0.048612403725367404,0
2026-01-01 09:45:00,19,19,20,True,1,-0.003423203515769635,0
2026-01-01 09:45:00,20,20,21,True,1,-0.06023458795690029,0
2026-01-01 09:45:00,21,2,22,True,1,-0.001089669734894938,0
2026-01-01 09:45:00,22,22,23,True,1,-0.04673226630893601,0
2026-01-01 09:45:00,23,23,24,True,1,-0.07101904386036478,0
2026-01-01 09:45:00,24,5,25,True,1,-0.023579908188356147,0
2026-01-01 09:45:00,25,25,26,True,1,-0.04334914861610156,0
2026-01-01 09:45:00,26,26,27,True,1,-0.008544487178911986,0
2026-01-01 09:45:00,27,27,28,True,1,0.008249259263045539,0
2026-01-01 09:45:00,28,28,29,True,1,-0.002960439142571325,0
2026-01-01 09:45:00,29,29,30,True,1,-0.030363167402835567,0
2026-01-01 09:45:00,30,30,31,True,1,-0.06044429687662045,0
2026-01-01 09:45:00,31,31,32,True,1,-0.06026021177962737,0
2026-01-01 09:45:00,32,20,7,False,0,0.047900916220937284,0
2026-01-01 09:45:00,33,8,14,False,0,0.0760167631830071,0
2026-01-01 09:45:00,34,11,21,False,0,0.06792792997591046,0
2026-01-01 09:45:00,35,17,32,False,0,0.0030979760774675347,0
2026-01-01 09:45:00,36,24,28,False,0,0.019490665990569922,0
2026-01-01 10:00:00,0,0,1,True,1,0.12128509673401755,0
2026-01-01 10:00:00,1,1,2,True,1,0.1127362241384181,0
2026-01-01 10:00:00,2,2,3,True,1,0.10875447910262848,0
2026-01-01 10:00:00,3,3,4,True,1,0.1261860496149373,0
2026-01-01 10:00:00,4,4,5,True,1,0.10947657851291681,0
2026-01-01 10:00:00,5,5,6,True,1,0.07661950970642128,0
2026-01-01 10:00:00,6,6,7,True,1,0.0537929942316383,0
2026-01-01 10:00:00,7,7,8,True,1,0.06456703908806327,0
2026-01-01 10:00:00,8,8,9,True,1,-0.022049975854429804,0
2026-01-01 10:00:00,9,9,10,True,1,-0.0050155484026615516,0
2026-01-01 10:00:00,10,10,11,True,1,-0.01144273541859947,0
2026-01-01 10:00:00,11,11,12,True,1,-0.05021268264479384,0
2026-01-01 10:00:00,12,12,13,True,1,-0.06582466117883645,0
2026-01-01 10:00:00,13,13,14,True,1,-0.02187026265118297,0
2026-01-01 10:00:00,14,14,15,True,1,-0.03177988983471586,0
2026-01-01 10:00:00,15,15,16,True,1,-0.06771411153879359,0
2026-01-01 10:00:00,16,16,17,True,1,-0.09849176570579332,0
2026-01-01 10:00:00,17,1,18,True,1,-0.04637093563972472,0
2026-01-01 10:00:00,18,18,19,True,1,-0.07403276574667489,0
2026-01-01 10:00:00,19,19,20,True,1,-0.008175454517205527,0
2026-01-01 10:00:00,20,20,21,True,1,-0.05583167698972963,0
2026-01-01 10:00:00,21,2,22,True,1,-0.003006538923064128,0
2026-01-01 10:00:00,22,22,23,True,1,-0.04791344315686452,0
2026-01-01 10:00:00,23,23,24,True,1,-0.07249376640034033,0
2026-01-01 10:00:00,24,5,25,True,1,-0.02632582731775468,0
2026-01-01 10:00:00,25,25,26,True,1,-0.047596542516858464,0
2026-01-01 10:00:00,26,26,27,True,1,-0.009681370991892202,0
2026-01-01 10:00:00,27,27,28,True,1,0.006200008679459246,0
2026-01-01 10:00:00,28,28,29,True,1,-0.006705201718909093,0
2026-01-01 10:00:00,29,29,30,True,1,-0.03164192020562784,0
2026-01-01 10:00:00,30,30,31,True,1,-0.06194128616195299,0
2026-01-01 10:00:00,31,31,32,True,1,-0.06118162760329299,0
2026-01-01 10:00:00,32,20,7,False,0,0.0446496579235891,0
2026-01-01 10:00:00,33,8,14,False,0,0.07289995023757401,0
2026-01-01 10:00:00,34,11,21,False,0,0.06615618032845338,0
2026-01-01 10:00:00,35,17,32,False,0,0.0030979760774675347,0
2026-01-01 10:00:00,36,24,28,False,0,0.019490665990569922,0
2026-01-01 10:15:00,0,0,1,True,1,0.11274403958487156,0
2026-01-01 10:15:00,1,1,2,True,1,0.1054114972687904,0
2026-01-01 10:15:00,2,2,3,True,1,0.10378409709290204,0
2026-01-01 10:15:00,3,3,4,True,1,0.12436843828285193,0
2026-01-01 10:15:00,4,4,5,True,1,0.10241157297059666,0
2026-01-01 10:15:00,5,5,6,True,1,0.07086993897751592,0
2026-01-01 10:15:00,6,6,7,True,1,0.046580828266624796,0
2026-01-01 10:15:00,7,7,8,True,1,0.05575235780285137,0
2026-01-01 10:15:00,8,8,9,True,1,-0.02685187497179531,0
2026-01-01 10:15:00,9,9,10,True,1,-0.009265176233866135,0
2026-01-01 10:15:00,10,10,11,True,1,-0.013836965642682386,0
2026-01-01 10:15:00,11,11,12,True,1,-0.050571260141749674,0
2026-01-01 10:15:00,12,12,13,True,1,-0.06586692779366632,0
2026-01-01 10:15:00,13,13,14,True,1,-0.024394550668358772,0
2026-01-01 10:15:00,14,14,15,True,1,-0.03506888799066138,0
2026-01-01 10:15:00,15,15,16,True,1,-0.0693609580057441,0
2026-01-01 10:15:00,16,16,17,True,1,-0.09822102540517441,0
2026-01-01 10:15:00,17,1,18,True,1,-0.049826835778336964,0
2026-01-01 10:15:00,18,18,19,True,1,-0.07850376500851164,0
2026-01-01 10:15:00,19,19,20,True,1,-0.0040452349868813076,0
2026-01-01 10:15:00,20,20,21,True,1,-0.048016384471097295,0
2026-01-01 10:15:00,21,2,22,True,1,-0.005857060702799288,0
2026-01-01 10:15:00,22,22,23,True,1,-0.054773694209856616,0
2026-01-01 10:15:00,23,23,24,True,1,-0.07594335276831587,0
2026-01-01 10:15:00,24,5,25,True,1,-0.029318222847421416,0
2026-01-01 10:15:00,25,25,26,True,1,-0.050117187133347396,0
2026-01-01 10:15:00,26,26,27,True,1,-0.01297560278968024,0
2026-01-01 10:15:00,27,27,28,True,1,-0.0017600705937265149,0
2026-01-01 10:15:00,28,28,29,True,1,-0.012335785448777059,0
2026-01-01 10:15:00,29,29,30,True,1,-0.031484541936185606,0
2026-01-01 10:15:00,30,30,31,True,1,-0.0665831689419652,0
2026-01-01 10:15:00,31,31,32,True,1,-0.06339586129514319,0
2026-01-01 10:15:00,32,20,7,False,0,0.041001097920036145,0
2026-01-01 10:15:00,33,8,14,False,0,0.06789343970439854,0
2026-01-01 10:15:00,34,11,21,False,0,0.06239862278092756,0
2026-01-01 10:15:00,35,17,32,False,0,0.0030979760774675347,0
2026-01-01 10:15:00,36,24,28,False,0,0.019490665990569922,0
2026-01-01 10:30:00,0,0,1,True,1,0.09211167748815918,0
2026-01-01 10:30:00,1,1,2,True,1,0.09085056418282078,0
2026-01-01 10:30:00,2,2,3,True,1,0.09366914885030153,0
2026-01-01 10:30:00,3,3,4,True,1,0.1021181678087234,0
2026-01-01 10:30:00,4,4,5,True,1,0.08659908294456575,0
2026-01-01 10:30:00,5,5,6,True,1,0.055845742177005886,0
2026-01-01 10:30:00,6,6,7,True,1,0.032159934815548796,0
2026-01-01 10:30:00,7,7,8,True,1,0.040048861596316376,0
2026-01-01 10:30:00,8,8,9,True,1,-0.036045474831310764,0
2026-01-01 10:30:00,9,9,10,True,1,-0.01522234654023652,0
2026-01-01 10:30:00,10,10,11,True,1,-0.022468714197481754,0
2026-01-01 10:30:00,11,11,12,True,1,-0.053971810197355086,0
2026-01-01 10:30:00,12,12,13,True,1,-0.06629519682531682,0
2026-01-01 10:30:00,13,13,14,True,1,-0.028192652233335003,0
2026-01-01 10:30:00,14,14,15,True,1,-0.03973307757104866,0
2026-01-01 10:30:00,15,15,16,True,1,-0.07147737949567107,0
2026-01-01 10:30:00,16,16,17,True,1,-0.09828937166263152,0
2026-01-01 10:30:00,17,1,18,True,1,-0.07403633435865176,0
2026-01-01 10:30:00,18,18,19,True,1,-0.06583359872539413,0
2026-01-01 10:30:00,19,19,20,True,1,-0.01054988090501957,0
2026-01-01 10:30:00,20,20,21,True,1,-0.05078517889658041,0
2026-01-01 10:30:00,21,2,22,True,1,-0.012866853206030204,0
2026-01-01 10:30:00,22,22,23,True,1,-0.05666163678292352,0
2026-01-01 10:30:00,23,23,24,True,1,-0.07909223642351432,0
2026-01-01 10:30:00,24,5,25,True,1,-0.04074667231840168,0
2026-01-01 10:30:00,25,25,26,True,1,-0.058398103849713334,0
2026-01-01 10:30:00,26,26,27,True,1,-0.02013352284373282,0
2026-01-01 10:30:00,27,27,28,True,1,-0.013453929692575584,0
2026-01-01 10:30:00,28,28,29,True,1,-0.02769493855306837,0
2026-01-01 10:30:00,29,29,30,True,1,-0.03817851450792703,0
2026-01-01 10:30:00,30,30,31,True,1,-0.07139978355767757,0
2026-01-01 10:30:00,31,31,32,True,1,-0.06562710096080271,0
2026-01-01 10:30:00,32,20,7,False,0,0.0318208837570535,0
2026-01-01 10:30:00,33,8,14,False,0,0.054794591059487474,0
2026-01-01 10:30:00,34,11,21,False,0,0.05155225665762886,0
2026-01-01 10:30:00,35,17,32,False,0,0.0030979760774675347,0
2026-01-01 10:30:00,36,24,28,False,0,0.019490665990569922,0
2026-01-01 10:45:00,0,0,1,True,1,0.09395342679671093,0
2026-01-01 10:45:00,1,1,2,True,1,0.0961465350056897,0
2026-01-01 10:45:00,2,2,3,True,1,0.09488374652194953,0
2026-01-01 10:45:00,3,3,4,True,1,0.10743429326517617,0
2026-01-01 10:45:00,4,4,5,True,1,0.09050226190555521,0
2026-01-01 10:45:00,5,5,6,True,1,0.06063839452870867,0
2026-01-01 10:45:00,6,6,7,True,1,0.03827629082413986,0
2026-01-01 10:45:00,7,7,8,True,1,0.045822405866140614,0
2026-01-01 10:45:00,8,8,9,True,1,-0.03149105991671913,0
2026-01-01 10:45:00,9,9,10,True,1,-0.014182721413913801,0
2026-01-01 10:45:00,10,10,11,True,1,-0.01944006758670891,0
2026-01-01 10:45:00,11,11,12,True,1,-0.0534536923095274,0
2026-01-01 10:45:00,12,12,13,True,1,-0.06601758416796855,0
2026-01-01 10:45:00,13,13,14,True,1,-0.027953389195579992,0
2026-01-01 10:45:00,14,14,15,True,1,-0.03826634350566721,0
2026-01-01 10:45:00,15,15,16,True,1,-0.07054095161207574,0
2026-01-01 10:45:00,16,16,17,True,1,-0.09756614332328722,0
2026-01-01 10:45:00,17,1,18,True,1,-0.0760601189386585,0
2026-01-01 10:45:00,18,18,19,True,1,-0.06274617595800819,0
2026-01-01 10:45:00,19,19,20,True,1,-0.010368962630874445,0
2026-01-01 10:45:00,20,20,21,True,1,-0.04847561051627741,0
2026-01-01 10:45:00,21,2,22,True,1,-0.010869776475266713,0
2026-01-01 10:45:00,22,22,23,True,1,-0.058182829930205404,0
2026-01-01 10:45:00,23,23,24,True,1,-0.07943193396923082,0
2026-01-01 10:45:00,24,5,25,True,1,-0.036987168894435596,0
2026-01-01 10:45:00,25,25,26,True,1,-0.054934484703739184,0
2026-01-01 10:45:00,26,26,27,True,1,-0.01760794846517777,0
2026-01-01 10:45:00,27,27,28,True,1,-0.009718789847666554,0
2026-01-01 10:45:00,28,28,29,True,1,-0.024542704406733562,0
2026-01-01 10:45:00,29,29,30,True,1,-0.037637957205873485,0
2026-01-01 10:45:00,30,30,31,True,1,-0.06936098158230114,0
2026-01-01 10:45:00,31,31,32,True,1,-0.06544178724507366,0
2026-01-01 10:45:00,32,20,7,False,0,0.03436164304887046,0
2026-01-01 10:45:00,33,8,14,False,0,0.05975442810366094,0
2026-01-01 10:45:00,34,11,21,False,0,0.05503967110806218,0
2026-01-01 10:45:00,35,17,32,False,0,0.0030979760774675347,0
2026-01-01 10:45:00,36,24,28,False,0,0.019490665990569922,0
2026-01-01 11:00:00,0,0,1,True,1,0.09155009628569144,0
2026-01-01 11:00:00,1,1,2,True,1,0.09311646456887457,0
2026-01-01 11:00:00,2,2,3,True,1,0.09406304194513793,0
2026-01-01 11:00:00,3,3,4,True,1,0.10316560082057447,0
2026-01-01 11:00:00,4,4,5,True,1,0.0889119722688354,0
2026-01-01 11:00:00,5,5,6,True,1,0.057046087966848624,0
2026-01-01 11:00:00,6,6,7,True,1,0.032569926171687746,0
2026-01-01 11:00:00,7,7,8,True,1,0.04268233929600429,0
2026-01-01 11:00:00,8,8,9,True,1,-0.035461281788451426,0
2026-01-01 11:00:00,9,9,10,True,1,-0.016142826947086464,0
2026-01-01 11:00:00,10,10,11,True,1,-0.022107597821104052,0
2026-01-01 11:00:00,11,11,12,True,1,-0.05450745800274909,0
2026-01-01 11:00:00,12,12,13,True,1,-0.06645737647566569,0
2026-01-01 11:00:00,13,13,14,True,1,-0.027584571427655857,0
2026-01-01 11:00:00,14,14,15,True,1,-0.04016340234136928,0
2026-01-01 11:00:00,15,15,16,True,1,-0.0709881728935694,0
2026-01-01 11:00:00,16,16,17,True,1,-0.09837995875183408,0
2026-01-01 11:00:00,17,1,18,True,1,-0.07915215740870729,0
2026-01-01 11:00:00,18,18,19,True,1,-0.06375726428230111,0
2026-01-01 11:00:00,19,19,20,True,1,-0.009957373285373605,0
2026-01-01 11:00:00,20,20,21,True,1,-0.05020233251906919,0
2026-01-01 11:00:00,21,2,22,True,1,-0.012367722316641627,0
2026-01-01 11:00:00,22,22,23,True,1,-0.05647964643623138,0
2026-01-01 11:00:00,23,23,24,True,1,-0.07924627229562492,0
2026-01-01 11:00:00,24,5,25,True,1,-0.04047108924593096,0
2026-01-01 11:00:00,25,25,26,True,1,-0.05746792900090919,0
2026-01-01 11:00:00,26,26,27,True,1,-0.019488766229039445,0
2026-01-01 11:00:00,27,27,28,True,1,-0.012159191244053624,0
2026-01-01 11:00:00,28,28,29,True,1,-0.02667465384604467,0
2026-01-01 11:00:00,29,29,30,True,1,-0.036509967261411536,0
2026-01-01 11:00:00,30,30,31,True,1,-0.07139451544036152,0
2026-01-01 11:00:00,31,31,32,True,1,-0.06564219821214701,0
2026-01-01 11:00:00,32,20,7,False,0,0.031831142473642826,0
2026-01-01 11:00:00,33,8,14,False,0,0.05651899833108176,0
2026-01-01 11:00:00,34,11,21,False,0,0.051277745464755276,0
2026-01-01 11:00:00,35,17,32,False,0,0.0030979760774675347,0
2026-01-01 11:00:00,36,24,28,False,0,0.019490665990569922,0
2026-01-01 11:15:00,0,0,1,True,1,0.09211167748815918,0
2026-01-01 11:15:00,1,1,2,True,1,0.09178407747225747,0
2026-01-01 11:15:00,2,2,3,True,1,0.0912206220577726,0
2026-01-01 11:15:00,3,3,4,True,1,0.10262172139006254,0
2026-01-01 11:15:00,4,4,5,True,1,0.08733171500115089,0
2026-01-01 11:15:00,5,5,6,True,1,0.05511266706218354,0
2026-01-01 11:15:00,6,6,7,True,1,0.03244982987349321,0
2026-01-01 11:15:00,7,7,8,True,1,0.04110689898747211,0
2026-01-01 11:15:00,8,8,9,True,1,-0.03638095928020485,0
2026-01-01 11:15:00,9,9,10,True,1,-0.015440959850394398,0
2026-01-01 11:15:00,10,10,11,True,1,-0.02238079600225379,0
2026-01-01 11:15:00,11,11,12,True,1,-0.054427816496545656,0
2026-01-01 11:15:00,12,12,13,True,1,-0.06665288505026024,0
2026-01-01 11:15:00,13,13,14,True,1,-0.028192652233335003,0
2026-01-01 11:15:00,14,14,15,True,1,-0.03983686930026337,0
2026-01-01 11:15:00,15,15,16,True,1,-0.07147737949567107,0
2026-01-01 11:15:00,16,16,17,True,1,-0.09839874326409132,0
2026-01-01 11:15:00,17,1,18,True,1,-0.06274266459549693,0
2026-01-01 11:15:00,18,18,19,True,1,-0.06373374580499103,0
2026-01-01 11:15:00,19,19,20,True,1,-0.007486587805027589,0
2026-01-01 11:15:00,20,20,21,True,1,-0.047325616236863155,0
2026-01-01 11:15:00,21,2,22,True,1,-0.012674742952456575,0
2026-01-01 11:15:00,22,22,23,True,1,-0.05666163678292352,0
2026-01-01 11:15:00,23,23,24,True,1,-0.07942572105614382,0
2026-01-01 11:15:00,24,5,25,True,1,-0.04045834097781692,0
2026-01-01 11:15:00,25,25,26,True,1,-0.05829849868500525,0
2026-01-01 11:15:00,26,26,27,True,1,-0.020022725291850285,0
2026-01-01 11:15:00,27,27,28,True,1,-0.012472835656931414,0
2026-01-01 11:15:00,28,28,29,True,1,-0.02758840816031416,0
2026-01-01 11:15:00,29,29,30,True,1,-0.03805274260206365,0
2026-01-01 11:15:00,30,30,31,True,1,-0.07139978355767757,0
2026-01-01 11:15:00,31,31,32,True,1,-0.06562710096080271,0
2026-01-01 11:15:00,32,20,7,False,0,0.031238891166373794,0
2026-01-01 11:15:00,33,8,14,False,0,0.05466948302508612,0
2026-01-01 11:15:00,34,11,21,False,0,0.05180109457945514,0
2026-01-01 11:15:00,35,17,32,False,0,0.0030979760774675347,0
2026-01-01 11:15:00,36,24,28,False,0,0.019490665990569922,0
2026-01-01 11:30:00,0,0,1,True,1,0.10273019042980924,0
2026-01-01 11:30:00,1,1,2,True,1,0.09706048872502071,0
2026-01-01 11:30:00,2,2,3,True,1,0.09174746103749298,0
2026-01-01 11:30:00,3,3,4,True,1,0.11009309954235158,0
2026-01-01 11:30:00,4,4,5,True,1,0.0909019228422937,0
2026-01-01 11:30:00,5,5,6,True,1,0.06024045891529284,0
2026-01-01 11:30:00,6,6,7,True,1,0.03662020981212588,0
2026-01-01 11:30:00,7,7,8,True,1,0.04479832278903373,0
2026-01-01 11:30:00,8,8,9,True,1,-0.0330444048623878,0
2026-01-01 11:30:00,9,9,10,True,1,-0.014182721413913801,0
2026-01-01 11:30:00,10,10,11,True,1,-0.019548435457494018,0
2026-01-01 11:30:00,11,11,12,True,1,-0.05364013186741157,0
2026-01-01 11:30:00,12,12,13,True,1,-0.06601758416796855,0
2026-01-01 11:30:00,13,13,14,True,1,-0.028241450462909434,0
2026-01-01 11:30:00,14,14,15,True,1,-0.03882045062108341,0
2026-01-01 11:30:00,15,15,16,True,1,-0.07128379757572462,0
2026-01-01 11:30:00,16,16,17,True,1,-0.09756614332328722,0
2026-01-01 11:30:00,17,1,18,True,1,-0.05049968717729747,0
2026-01-01 11:30:00,18,18,19,True,1,-0.07586350641861167,0
2026-01-01 11:30:00,19,19,20,True,1,-0.0021968404756578797,0
2026-01-01 11:30:00,20,20,21,True,1,-0.04654659560061203,0
2026-01-01 11:30:00,21,2,22,True,1,-0.010995372822957483,0
2026-01-01 11:30:00,22,22,23,True,1,-0.058083176209559495,0
2026-01-01 11:30:00,23,23,24,True,1,-0.07943193396923082,0
2026-01-01 11:30:00,24,5,25,True,1,-0.03770208490438359,0
2026-01-01 11:30:00,25,25,26,True,1,-0.0548340983051675,0
2026-01-01 11:30:00,26,26,27,True,1,-0.01763051083377043,0
2026-01-01 11:30:00,27,27,28,True,1,-0.009939025142703728,0
2026-01-01 11:30:00,28,28,29,True,1,-0.025415524084963392,0
2026-01-01 11:30:00,29,29,30,True,1,-0.037726755901017595,0
2026-01-01 11:30:00,30,30,31,True,1,-0.06936098158230114,0
2026-01-01 11:30:00,31,31,32,True,1,-0.06534377081277559,0
2026-01-01 11:30:00,32,20,7,False,0,0.034183870702335084,0
2026-01-01 11:30:00,33,8,14,False,0,0.058997495977367476,0
2026-01-01 11:30:00,34,11,21,False,0,0.05541533042250113,0
2026-01-01 11:30:00,35,17,32,False,0,0.0030979760774675347,0
2026-01-01 11:30:00,36,24,28,False,0,0.019490665990569922,0
2026-01-01 11:45:00,0,0,1,True,1,0.09417372264028667,0
2026-01-01 11:45:00,1,1,2,True,1,0.09112604257215029,0
2026-01-01 11:45:00,2,2,3,True,1,0.09293671242414103,0
2026-01-01 11:45:00,3,3,4,True,1,0.10161827562286074,0
2026-01-01 11:45:00,4,4,5,True,1,0.08591043086089922,0
2026-01-01 11:45:00,5,5,6,True,1,0.05527616902846044,0
2026-01-01 11:45:00,6,6,7,True,1,0.032082482704819504,0
2026-01-01 11:45:00,7,7,8,True,1,0.04241088547786653,0
2026-01-01 11:45:00,8,8,9,True,1,-0.03768749270877697,0
2026-01-01 11:45:00,9,9,10,True,1,-0.014291175283181412,0
2026-01-01 11:45:00,10,10,11,True,1,-0.023344156997839594,0
2026-01-01 11:45:00,11,11,12,True,1,-0.055336681745344174,0
2026-01-01 11:45:00,12,12,13,True,1,-0.06629971404573337,0
2026-01-01 11:45:00,13,13,14,True,1,-0.028747468601330428,0
2026-01-01 11:45:00,14,14,15,True,1,-0.04036029667490093,0
2026-01-01 11:45:00,15,15,16,True,1,-0.0715841210843079,0
2026-01-01 11:45:00,16,16,17,True,1,-0.0983477359633943,0
2026-01-01 11:45:00,17,1,18,True,1,-0.07314717620561667,0
2026-01-01 11:45:00,18,18,19,True,1,-0.07009607651641947,0
2026-01-01 11:45:00,19,19,20,True,1,-0.013264260866870214,0
2026-01-01 11:45:00,20,20,21,True,1,-0.055390201422468754,0
2026-01-01 11:45:00,21,2,22,True,1,-0.013490091902855883,0
2026-01-01 11:45:00,22,22,23,True,1,-0.057482943979824175,0
2026-01-01 11:45:00,23,23,24,True,1,-0.07908887754729199,0
2026-01-01 11:45:00,24,5,25,True,1,-0.04061187838694319,0
2026-01-01 11:45:00,25,25,26,True,1,-0.05889644413345668,0
2026-01-01 11:45:00,26,26,27,True,1,-0.020499480304127904,0
2026-01-01 11:45:00,27,27,28,True,1,-0.013833713672511072,0
2026-01-01 11:45:00,28,28,29,True,1,-0.02757355083494467,0
2026-01-01 11:45:00,29,29,30,True,1,-0.03876646440642767,0
2026-01-01 11:45:00,30,30,31,True,1,-0.07122438888622051,0
2026-01-01 11:45:00,31,31,32,True,1,-0.06516370466763255,0
2026-01-01 11:45:00,32,20,7,False,0,0.031464160719031464,0
2026-01-01 11:45:00,33,8,14,False,0,0.05465872916037995,0
2026-01-01 11:45:00,34,11,21,False,0,0.05317632248367277,0
2026-01-01 11:45:00,35,17,32,False,0,0.0030979760774675347,0
2026-01-01 11:45:00,36,24,28,False,0,0.019490665990569922,0
2026-01-01 12:00:00,0,0,1,True,1,0.09155009628569144,0
2026-01-01 12:00:00,1,1,2,True,1,0.09262085362541905,0
2026-01-01 12:00:00,2,2,3,True,1,0.09338562574394771,0
2026-01-01 12:00:00,3,3,4,True,1,0.10262172139006254,0
2026-01-01 12:00:00,4,4,5,True,1,0.0879279887808142,0
2026-01-01 12:00:00,5,5,6,True,1,0.05642908037787697,0
2026-01-01 12:00:00,6,6,7,True,1,0.03244982987349321,0
2026-01-01 12:00:00,7,7,8,True,1,0.04171933049218246,0
2026-01-01 12:00:00,8,8,9,True,1,-0.035439553437008664,0
2026-01-01 12:00:00,9,9,10,True,1,-0.01603369092698048,0
2026-01-01 12:00:00,10,10,11,True,1,-0.022107597821104052,0
2026-01-01 12:00:00,11,11,12,True,1,-0.05452829451302299,0
2026-01-01 12:00:00,12,12,13,True,1,-0.06645737647566569,0
2026-01-01 12:00:00,13,13,14,True,1,-0.027584571427655857,0
2026-01-01 12:00:00,14,14,15,True,1,-0.04053053063204676,0
2026-01-01 12:00:00,15,15,16,True,1,-0.07110497764620943,0
2026-01-01 12:00:00,16,16,17,True,1,-0.09837995875183408,0
2026-01-01 12:00:00,17,1,18,True,1,-0.07763315205358151,0
2026-01-01 12:00:00,18,18,19,True,1,-0.06275940113905848,0
2026-01-01 12:00:00,19,19,20,True,1,-0.008919558909768754,0
2026-01-01 12:00:00,20,20,21,True,1,-0.049821015507462374,0
2026-01-01 12:00:00,21,2,22,True,1,-0.012234921130790832,0
2026-01-01 12:00:00,22,22,23,True,1,-0.05657966175820012,0
2026-01-01 12:00:00,23,23,24,True,1,-0.07951678483480457,0
2026-01-01 12:00:00,24,5,25,True,1,-0.040851238270527335,0
2026-01-01 12:00:00,25,25,26,True,1,-0.05746792900090919,0
2026-01-01 12:00:00,26,26,27,True,1,-0.01938038489960886,0
2026-01-01 12:00:00,27,27,28,True,1,-0.012472835656931414,0
2026-01-01 12:00:00,28,28,29,True,1,-0.026781390293450447,0
2026-01-01 12:00:00,29,29,30,True,1,-0.0370613596306002,0
2026-01-01 12:00:00,30,30,31,True,1,-0.07104968867873279,0
2026-01-01 12:00:00,31,31,32,True,1,-0.06590726029710559,0
2026-01-01 12:00:00,32,20,7,False,0,0.031238891166373794,0
2026-01-01 12:00:00,33,8,14,False,0,0.055748481189212495,0
2026-01-01 12:00:00,34,11,21,False,0,0.05140208847848682,0
2026-01-01 12:00:00,35,17,32,False,0,0.0030979760774675347,0
2026-01-01 12:00:00,36,24,28,False,0,0.019490665990569922,0
2026-01-01 12:15:00,0,0,1,True,1,0.09399878426339936,0
2026-01-01 12:15:00,1,1,2,True,1,0.09104310227606416,0
2026-01-01 12:15:00,2,2,3,True,1,0.09360461342002213,0
2026-01-01 12:15:00,3,3,4,True,1,0.10284065584833413,0
2026-01-01 12:15:00,4,4,5,True,1,0.08531620327891587,0
2026-01-01 12:15:00,5,5,6,True,1,0.056035466869369444,0
2026-01-01 12:15:00,6,6,7,True,1,0.03329088153109805,0
2026-01-01 12:15:00,7,7,8,True,1,0.04222631901209195,0
2026-01-01 12:15:00,8,8,9,True,1,-0.03745020798280008,0
2026-01-01 12:15:00,9,9,10,True,1,-0.0155169236616865,0
2026-01-01 12:15:00,10,10,11,True,1,-0.022362020800527016,0
2026-01-01 12:15:00,11,11,12,True,1,-0.05437067999012729,0
2026-01-01 12:15:00,12,12,13,True,1,-0.06527135491672337,0
2026-01-01 12:15:00,13,13,14,True,1,-0.028468889721019686,0
2026-01-01 12:15:00,14,14,15,True,1,-0.04028323454275584,0
2026-01-01 12:15:00,15,15,16,True,1,-0.0704008887418528,0
2026-01-01 12:15:00,16,16,17,True,1,-0.09867061823169704,0
2026-01-01 12:15:00,17,1,18,True,1,-0.07366169494199754,0
2026-01-01 12:15:00,18,18,19,True,1,-0.06604581722246716,0
2026-01-01 12:15:00,19,19,20,True,1,-0.011346152412545718,0
2026-01-01 12:15:00,20,20,21,True,1,-0.05270984499278375,0
2026-01-01 12:15:00,21,2,22,True,1,-0.012475238198308702,0
2026-01-01 12:15:00,22,22,23,True,1,-0.05735321009011596,0
2026-01-01 12:15:00,23,23,24,True,1,-0.07800381545076618,0
2026-01-01 12:15:00,24,5,25,True,1,-0.041568879912175116,0
2026-01-01 12:15:00,25,25,26,True,1,-0.05914779584722907,0
2026-01-01 12:15:00,26,26,27,True,1,-0.018826666079171106,0
2026-01-01 12:15:00,27,27,28,True,1,-0.014080764334376938,0
2026-01-01 12:15:00,28,28,29,True,1,-0.028032011895304965,0
2026-01-01 12:15:00,29,29,30,True,1,-0.039048665644908775,0
2026-01-01 12:15:00,30,30,31,True,1,-0.07223898596371936,0
2026-01-01 12:15:00,31,31,32,True,1,-0.06476556963060148,0
2026-01-01 12:15:00,32,20,7,False,0,0.03172880564970171,0
2026-01-01 12:15:00,33,8,14,False,0,0.05608402366571985,0
2026-01-01 12:15:00,34,11,21,False,0,0.05380046020275919,0
2026-01-01 12:15:00,35,17,32,False,0,0.0030979760774675347,0
2026-01-01 12:15:00,36,24,28,False,0,0.019490665990569922,0
2026-01-01 12:30:00,0,0,1,True,1,0.0932562873588676,0
2026-01-01 12:30:00,1,1,2,True,1,0.0909927416740135,0
2026-01-01 12:30:00,2,2,3,True,1,0.09282283628057153,0
2026-01-01 12:30:00,3,3,4,True,1,0.10169079026056738,0
2026-01-01 12:30:00,4,4,5,True,1,0.08601517512666168,0
2026-01-01 12:30:00,5,5,6,True,1,0.055806141198042614,0
2026-01-01 12:30:00,6,6,7,True,1,0.032664999604405165,0
2026-01-01 12:30:00,7,7,8,True,1,0.04230671304500133,0
2026-01-01 12:30:00,8,8,9,True,1,-0.037451288290294704,0
2026-01-01 12:30:00,9,9,10,True,1,-0.014564869067672848,0
2026-01-01 12:30:00,10,10,11,True,1,-0.023024814755960576,0
2026-01-01 12:30:00,11,11,12,True,1,-0.05455264659388204,0
2026-01-01 12:30:00,12,12,13,True,1,-0.06629971404573337,0
2026-01-01 12:30:00,13,13,14,True,1,-0.0284285177009031,0
2026-01-01 12:30:00,14,14,15,True,1,-0.040552202915302205,0
2026-01-01 12:30:00,15,15,16,True,1,-0.07136067616250119,0
2026-01-01 12:30:00,16,16,17,True,1,-0.0983477359633943,0
2026-01-01 12:30:00,17,1,18,True,1,-0.07874746227226381,0
2026-01-01 12:30:00,18,18,19,True,1,-0.06391055078533137,0
2026-01-01 12:30:00,19,19,20,True,1,-0.010017966993686067,0
2026-01-01 12:30:00,20,20,21,True,1,-0.04988846712448575,0
2026-01-01 12:30:00,21,2,22,True,1,-0.013490091902855883,0
2026-01-01 12:30:00,22,22,23,True,1,-0.057482943979824175,0
2026-01-01 12:30:00,23,23,24,True,1,-0.07908887754729199,0
2026-01-01 12:30:00,24,5,25,True,1,-0.040819042139637496,0
2026-01-01 12:30:00,25,25,26,True,1,-0.05889644413345668,0
2026-01-01 12:30:00,26,26,27,True,1,-0.020402443577296814,0
2026-01-01 12:30:00,27,27,28,True,1,-0.013489935676987752,0
2026-01-01 12:30:00,28,28,29,True,1,-0.027437649542382037,0
2026-01-01 12:30:00,29,29,30,True,1,-0.03876646440642767,0
2026-01-01 12:30:00,30,30,31,True,1,-0.07151439447896601,0
2026-01-01 12:30:00,31,31,32,True,1,-0.06516370466763255,0
2026-01-01 12:30:00,32,20,7,False,0,0.031224493856139013,0
2026-01-01 12:30:00,33,8,14,False,0,0.054309507659916156,0
2026-01-01 12:30:00,34,11,21,False,0,0.05267751880051197,0
2026-01-01 12:30:00,35,17,32,False,0,0.0030979760774675347,0
2026-01-01 12:30:00,36,24,28,False,0,0.019490665990569922,0
2026-01-01 12:45:00,0,0,1,True,1,0.09286972195398668,0
2026-01-01 12:45:00,1,1,2,True,1,0.09325024448164099,0
2026-01-01 12:45:00,2,2,3,True,1,0.09350005554177587,0
2026-01-01 12:45:00,3,3,4,True,1,0.10343772458185674,0
2026-01-01 12:45:00,4,4,5,True,1,0.08997546412230462,0
2026-01-01 12:45:00,5,5,6,True,1,0.05785256008580919,0
2026-01-01 12:45:00,6,6,7,True,1,0.0335006053599366,0
2026-01-01 12:45:00,7,7,8,True,1,0.04268233929600429,0
2026-01-01 12:45:00,8,8,9,True,1,-0.03527095770024141,0
2026-01-01 12:45:00,9,9,10,True,1,-0.01596800055601333,0
2026-01-01 12:45:00,10,10,11,True,1,-0.021522120984549586,0
2026-01-01 12:45:00,11,11,12,True,1,-0.05460791805980064,0
2026-01-01 12:45:00,12,12,13,True,1,-0.06629657659866128,0
2026-01-01 12:45:00,13,13,14,True,1,-0.02739354253279752,0
2026-01-01 12:45:00,14,14,15,True,1,-0.04026709703091014,0
2026-01-01 12:45:00,15,15,16,True,1,-0.07145042380436445,0
2026-01-01 12:45:00,16,16,17,True,1,-0.09837995875183408,0
2026-01-01 12:45:00,17,1,18,True,1,-0.07849128632848396,0
2026-01-01 12:45:00,18,18,19,True,1,-0.06285800035535488,0
2026-01-01 12:45:00,19,19,20,True,1,-0.008991019558483804,0
2026-01-01 12:45:00,20,20,21,True,1,-0.05000270116378186,0
2026-01-01 12:45:00,21,2,22,True,1,-0.012212106388682864,0
2026-01-01 12:45:00,22,22,23,True,1,-0.05714623301995497,0
2026-01-01 12:45:00,23,23,24,True,1,-0.0788565985274669,0
2026-01-01 12:45:00,24,5,25,True,1,-0.04020823871238266,0
2026-01-01 12:45:00,25,25,26,True,1,-0.05739978211938962,0
2026-01-01 12:45:00,26,26,27,True,1,-0.01938038489960886,0
2026-01-01 12:45:00,27,27,28,True,1,-0.011215593221952702,0
2026-01-01 12:45:00,28,28,29,True,1,-0.026509068827600735,0
2026-01-01 12:45:00,29,29,30,True,1,-0.03671898079485114,0
2026-01-01 12:45:00,30,30,31,True,1,-0.0710771004933925,0
2026-01-01 12:45:00,31,31,32,True,1,-0.06567704482153369,0
2026-01-01 12:45:00,32,20,7,False,0,0.031831142473642826,0
2026-01-01 12:45:00,33,8,14,False,0,0.057172967534464325,0
2026-01-01 12:45:00,34,11,21,False,0,0.051526459538308034,0
2026-01-01 12:45:00,35,17,32,False,0,0.0030979760774675347,0
2026-01-01 12:45:00,36,24,28,False,0,0.019490665990569922,0
2026-01-01 13:00:00,0,0,1,True,1,0.11278042749905182,0
2026-01-01 13:00:00,1,1,2,True,1,0.09208904195354595,0
2026-01-01 13:00:00,2,2,3,True,1,0.08846560817588633,0
2026-01-01 13:00:00,3,3,4,True,1,0.10090632765713548,0
2026-01-01 13:00:00,4,4,5,True,1,0.08583810074761089,0
2026-01-01 13:00:00,5,5,6,True,1,0.05470568793236541,0
2026-01-01 13:00:00,6,6,7,True,1,0.03451809327590638,0
2026-01-01 13:00:00,7,7,8,True,1,0.04372727074486471,0
2026-01-01 13:00:00,8,8,9,True,1,-0.04048924265008963,0
2026-01-01 13:00:00,9,9,10,True,1,-0.012049347241808839,0
2026-01-01 13:00:00,10,10,11,True,1,-0.01827586137766335,0
2026-01-01 13:00:00,11,11,12,True,1,-0.051273688894155234,0
2026-01-01 13:00:00,12,12,13,True,1,-0.06642412736643005,0
2026-01-01 13:00:00,13,13,14,True,1,-0.025095522810524407,0
2026-01-01 13:00:00,14,14,15,True,1,-0.03907282542472296,0
2026-01-01 13:00:00,15,15,16,True,1,-0.06975259821306123,0
2026-01-01 13:00:00,16,16,17,True,1,-0.09540962238064193,0
2026-01-01 13:00:00,17,1,18,True,1,-0.06481658275780555,0
2026-01-01 13:00:00,18,18,19,True,1,-0.08595740831275095,0
2026-01-01 13:00:00,19,19,20,True,1,-0.023897051964719918,0
2026-01-01 13:00:00,20,20,21,True,1,-0.0647608836127731,0
2026-01-01 13:00:00,21,2,22,True,1,-0.012050227035098338,0
2026-01-01 13:00:00,22,22,23,True,1,-0.05569194122654153,0
2026-01-01 13:00:00,23,23,24,True,1,-0.0799146676213775,0
2026-01-01 13:00:00,24,5,25,True,1,-0.043690774495738494,0
2026-01-01 13:00:00,25,25,26,True,1,-0.06170837188513434,0
2026-01-01 13:00:00,26,26,27,True,1,-0.02078213637373094,0
2026-01-01 13:00:00,27,27,28,True,1,-0.01777379817732294,0
2026-01-01 13:00:00,28,28,29,True,1,-0.027497283238514802,0
2026-01-01 13:00:00,29,29,30,True,1,-0.03511012460400159,0
2026-01-01 13:00:00,30,30,31,True,1,-0.07304930140401683,0
2026-01-01 13:00:00,31,31,32,True,1,-0.06468302131756687,0
2026-01-01 13:00:00,32,20,7,False,0,0.03466564049581855,0
2026-01-01 13:00:00,33,8,14,False,0,0.06391933019076723,0
2026-01-01 13:00:00,34,11,21,False,0,0.05580166660457897,0
2026-01-01 13:00:00,35,17,32,False,0,0.0030979760774675347,0
2026-01-01 13:00:00,36,24,28,False,0,0.019490665990569922,0
2026-01-01 13:15:00,0,0,1,True,1,0.0933463364609477,0
2026-01-01 13:15:00,1,1,2,True,1,0.0908318352452353,0
2026-01-01 13:15:00,2,2,3,True,1,0.09182334262060665,0
2026-01-01 13:15:00,3,3,4,True,1,0.10297662909333583,0
2026-01-01 13:15:00,4,4,5,True,1,0.08584446409662161,0
2026-01-01 13:15:00,5,5,6,True,1,0.05567797849526179,0
2026-01-01 13:15:00,6,6,7,True,1,0.03230467146754623,0
2026-01-01 13:15:00,7,7,8,True,1,0.042248576385136793,0
2026-01-01 13:15:00,8,8,9,True,1,-0.036838760822671845,0
2026-01-01 13:15:00,9,9,10,True,1,-0.014909964069763082,0
2026-01-01 13:15:00,10,10,11,True,1,-0.02269143122149081,0
2026-01-01 13:15:00,11,11,12,True,1,-0.054680899206549394,0
2026-01-01 13:15:00,12,12,13,True,1,-0.06556538688853575,0
2026-01-01 13:15:00,13,13,14,True,1,-0.02890678326317886,0
2026-01-01 13:15:00,14,14,15,True,1,-0.040228837416326324,0
2026-01-01 13:15:00,15,15,16,True,1,-0.0715461510236261,0
2026-01-01 13:15:00,16,16,17,True,1,-0.09867061823169704,0
2026-01-01 13:15:00,17,1,18,True,1,-0.07292034069351488,0
2026-01-01 13:15:00,18,18,19,True,1,-0.06298091965106978,0
2026-01-01 13:15:00,19,19,20,True,1,-0.007891253912480467,0
2026-01-01 13:15:00,20,20,21,True,1,-0.049374413059192934,0
2026-01-01 13:15:00,21,2,22,True,1,-0.012788679417112592,0
2026-01-01 13:15:00,22,22,23,True,1,-0.05697506891248294,0
2026-01-01 13:15:00,23,23,24,True,1,-0.07863619753684764,0
2026-01-01 13:15:00,24,5,25,True,1,-0.04148317281989694,0
2026-01-01 13:15:00,25,25,26,True,1,-0.05836548074671749,0
2026-01-01 13:15:00,26,26,27,True,1,-0.019620609867817163,0
2026-01-01 13:15:00,27,27,28,True,1,-0.014799113249573892,0
2026-01-01 13:15:00,28,28,29,True,1,-0.027403854912565306,0
2026-01-01 13:15:00,29,29,30,True,1,-0.038405779387344574,0
2026-01-01 13:15:00,30,30,31,True,1,-0.07149927191001698,0
2026-01-01 13:15:00,31,31,32,True,1,-0.06434052072007052,0
2026-01-01 13:15:00,32,20,7,False,0,0.031344313774641974,0
2026-01-01 13:15:00,33,8,14,False,0,0.055428368235540204,0
2026-01-01 13:15:00,34,11,21,False,0,0.05330109372943492,0
2026-01-01 13:15:00,35,17,32,False,0,0.0030979760774675347,0
2026-01-01 13:15:00,36,24,28,False,0,0.019490665990569922,0
2026-01-01 13:30:00,0,0,1,True,1,0.09144436270893941,0
2026-01-01 13:30:00,1,1,2,True,1,0.09114897450971704,0
2026-01-01 13:30:00,2,2,3,True,1,0.09067964733175404,0
2026-01-01 13:30:00,3,3,4,True,1,0.10074164956851128,0
2026-01-01 13:30:00,4,4,5,True,1,0.08551414595710949,0
2026-01-01 13:30:00,5,5,6,True,1,0.055150952396617714,0
2026-01-01 13:30:00,6,6,7,True,1,0.03220249614631532,0
2026-01-01 13:30:00,7,7,8,True,1,0.042370882831812895,0
2026-01-01 13:30:00,8,8,9,True,1,-0.03735295369483871,0
2026-01-01 13:30:00,9,9,10,True,1,-0.015121961943269868,0
2026-01-01 13:30:00,10,10,11,True,1,-0.02325259552974318,0
2026-01-01 13:30:00,11,11,12,True,1,-0.055336681745344174,0
2026-01-01 13:30:00,12,12,13,True,1,-0.06588713512293987,0
2026-01-01 13:30:00,13,13,14,True,1,-0.028641175611154812,0
2026-01-01 13:30:00,14,14,15,True,1,-0.040152925954930696,0
2026-01-01 13:30:00,15,15,16,True,1,-0.07168073029676453,0
2026-01-01 13:30:00,16,16,17,True,1,-0.0983477359633943,0
2026-01-01 13:30:00,17,1,18,True,1,-0.054874920844988295,0
2026-01-01 13:30:00,18,18,19,True,1,-0.07130874808061671,0
2026-01-01 13:30:00,19,19,20,True,1,-0.0019029797373193436,0
2026-01-01 13:30:00,20,20,21,True,1,-0.04807061410452834,0
2026-01-01 13:30:00,21,2,22,True,1,-0.012918390850438777,0
2026-01-01 13:30:00,22,22,23,True,1,-0.057482943979824175,0
2026-01-01 13:30:00,23,23,24,True,1,-0.07840906505192718,0
2026-01-01 13:30:00,24,5,25,True,1,-0.0415490861121684,0
2026-01-01 13:30:00,25,25,26,True,1,-0.05891707536273033,0
2026-01-01 13:30:00,26,26,27,True,1,-0.02042980383257964,0
2026-01-01 13:30:00,27,27,28,True,1,-0.013591625018846754,0
2026-01-01 13:30:00,28,28,29,True,1,-0.027162994950644725,0
2026-01-01 13:30:00,29,29,30,True,1,-0.03878189511338109,0
2026-01-01 13:30:00,30,30,31,True,1,-0.07106732256240722,0
2026-01-01 13:30:00,31,31,32,True,1,-0.06483730770836732,0
2026-01-01 13:30:00,32,20,7,False,0,0.031344313774641974,0
2026-01-01 13:30:00,33,8,14,False,0,0.05482834619866639,0
2026-01-01 13:30:00,34,11,21,False,0,0.05255288817298043,0
2026-01-01 13:30:00,35,17,32,False,0,0.0030979760774675347,0
2026-01-01 13:30:00,36,24,28,False,0,0.019490665990569922,0
2026-01-01 13:45:00,0,0,1,True,1,0.09390962290313032,0
2026-01-01 13:45:00,1,1,2,True,1,0.09343064221682329,0
2026-01-01 13:45:00,2,2,3,True,1,0.08919627881521563,0
2026-01-01 13:45:00,3,3,4,True,1,0.10113202222662832,0
2026-01-01 13:45:00,4,4,5,True,1,0.08658732742779862,0
2026-01-01 13:45:00,5,5,6,True,1,0.05584713476359815,0
2026-01-01 13:45:00,6,6,7,True,1,0.032569926171687635,0
2026-01-01 13:45:00,7,7,8,True,1,0.04214443512445776,0
2026-01-01 13:45:00,8,8,9,True,1,-0.037004712314459065,0
2026-01-01 13:45:00,9,9,10,True,1,-0.01492897323713277,0
2026-01-01 13:45:00,10,10,11,True,1,-0.023024814755960576,0
2026-01-01 13:45:00,11,11,12,True,1,-0.05455264659388204,0
2026-01-01 13:45:00,12,12,13,True,1,-0.06599925919546906,0
2026-01-01 13:45:00,13,13,14,True,1,-0.0283221527700106,0
2026-01-01 13:45:00,14,14,15,True,1,-0.04086295387052341,0
2026-01-01 13:45:00,15,15,16,True,1,-0.07136067616250119,0
2026-01-01 13:45:00,16,16,17,True,1,-0.0983477359633943,0
2026-01-01 13:45:00,17,1,18,True,1,-0.04202297801948651,0
2026-01-01 13:45:00,18,18,19,True,1,-0.0848023534105301,0
2026-01-01 13:45:00,19,19,20,True,1,-0.0023216871819526363,0
2026-01-01 13:45:00,20,20,21,True,1,-0.04980666164781816,0
2026-01-01 13:45:00,21,2,22,True,1,-0.012777971169110114,0
2026-01-01 13:45:00,22,22,23,True,1,-0.057482943979824175,0
2026-01-01 13:45:00,23,23,24,True,1,-0.07918379441208534,0
2026-01-01 13:45:00,24,5,25,True,1,-0.04051764015293802,0
2026-01-01 13:45:00,25,25,26,True,1,-0.05869244474518892,0
2026-01-01 13:45:00,26,26,27,True,1,-0.020726822973010095,0
2026-01-01 13:45:00,27,27,28,True,1,-0.013489935676987752,0
2026-01-01 13:45:00,28,28,29,True,1,-0.027331061117009614,0
2026-01-01 13:45:00,29,29,30,True,1,-0.03876646440642767,0
2026-01-01 13:45:00,30,30,31,True,1,-0.07139505394623935,0
2026-01-01 13:45:00,31,31,32,True,1,-0.06534765266980802,0
2026-01-01 13:45:00,32,20,7,False,0,0.031104700957428122,0
2026-01-01 13:45:00,33,8,14,False,0,0.05397124636195416,0
2026-01-01 13:45:00,34,11,21,False,0,0.052376610672932644,0
2026-01-01 13:45:00,35,17,32,False,0,0.0030979760774675347,0
2026-01-01 13:45:00,36,24,28,False,0,0.019490665990569922,0
2026-01-01 14:00:00,0,0,1,True,1,0.10766333514249804,0
2026-01-01 14:00:00,1,1,2,True,1,0.09572835570001248,0
2026-01-01 14:00:00,2,2,3,True,1,0.09252858030076383,0
2026-01-01 14:00:00,3,3,4,True,1,0.10914977810994242,0
2026-01-01 14:00:00,4,4,5,True,1,0.09092956171101296,0
2026-01-01 14:00:00,5,5,6,True,1,0.06024045891529284,0
2026-01-01 14:00:00,6,6,7,True,1,0.036111258825087256,0
2026-01-01 14:00:00,7,7,8,True,1,0.0441218952631518,0
2026-01-01 14:00:00,8,8,9,True,1,-0.0330444048623878,0
2026-01-01 14:00:00,9,9,10,True,1,-0.014182721413913801,0
2026-01-01 14:00:00,10,10,11,True,1,-0.019548435457494018,0
2026-01-01 14:00:00,11,11,12,True,1,-0.05364013186741157,0
2026-01-01 14:00:00,12,12,13,True,1,-0.06606410818747538,0
2026-01-01 14:00:00,13,13,14,True,1,-0.028241450462909434,0
2026-01-01 14:00:00,14,14,15,True,1,-0.03882045062108341,0
2026-01-01 14:00:00,15,15,16,True,1,-0.07128379757572462,0
2026-01-01 14:00:00,16,16,17,True,1,-0.09756614332328722,0
2026-01-01 14:00:00,17,1,18,True,1,-0.04529280191207158,0
2026-01-01 14:00:00,18,18,19,True,1,-0.05465574941975021,0
2026-01-01 14:00:00,19,19,20,True,1,-0.004787487310488059,0
2026-01-01 14:00:00,20,20,21,True,1,-0.05912613828085733,0
2026-01-01 14:00:00,21,2,22,True,1,-0.011105645000633935,0
2026-01-01 14:00:00,22,22,23,True,1,-0.058083176209559495,0
2026-01-01 14:00:00,23,23,24,True,1,-0.079311909278101,0
2026-01-01 14:00:00,24,5,25,True,1,-0.03825715440805766,0
2026-01-01 14:00:00,25,25,26,True,1,-0.0548340983051675,0
2026-01-01 14:00:00,26,26,27,True,1,-0.01763051083377043,0
2026-01-01 14:00:00,27,27,28,True,1,-0.010238079478133766,0
2026-01-01 14:00:00,28,28,29,True,1,-0.025629540722258648,0
2026-01-01 14:00:00,29,29,30,True,1,-0.03762248822685221,0
2026-01-01 14:00:00,30,30,31,True,1,-0.06936098158230114,0
2026-01-01 14:00:00,31,31,32,True,1,-0.06534377081277559,0
2026-01-01 14:00:00,32,20,7,False,0,0.03415888593455396,0
2026-01-01 14:00:00,33,8,14,False,0,0.059375834008039585,0
2026-01-01 14:00:00,34,11,21,False,0,0.05541533042250113,0
2026-01-01 14:00:00,35,17,32,False,0,0.0030979760774675347,0
2026-01-01 14:00:00,36,24,28,False,0,0.019490665990569922,0
