voltage_pu_mean,voltage_pu_std,voltage_pu_skewness,voltage_pu_kurtosis,angle_deg_mean,angle_deg_std,angle_deg_variance,angle_deg_rms,angle_deg_skewness,angle_deg_kurtosis,active_power_mw_mean,active_power_mw_std,active_power_mw_skewness,active_power_mw_kurtosis,undervoltage,power_factor,power_factor_angle_deg,pq_ratio,hour,hour_sin,node_degree,betweenness_centrality,closeness_centrality,eigenvector_centrality
0.9624546169409827,0.0012521983837320359,0.0259421480427534,-0.1150447068605974,0.0018845250764554337,0.006179351119748873,0.0001357012597637123,0.15382921629003948,-0.011987463119968473,-0.0889599712693107,-0.003988653843834283,0.008851282162403985,-0.02686836291630899,-0.08881257745538725,0,0.8496543007687559,-148.17408943168073,-1.611207499329856,0.0,0.0,1,0.0,0.1711229946524064,0.0449235830833852
1.0,0.0,0.0259421480427534,-0.1150447068605974,0.0,0.0,0.0,0.0,-0.011987463119968473,-0.0889599712693107,-2.43505481212907,0.1009511974593235,-0.02686836291630899,-0.08881257745538725,0,0.8496889959672409,-148.1778593021344,-1.6114441278650684,0.25,0.065403129230143,1,0.0,0.1711229946524064,0.0449235830833852
1.0,0.0,0.0,-0.1150447068605974,0.0,0.0,0.0,0.0,0.0,-0.0889599712693107,-2.47508677667159,0.0995150576025375,1.2769777687462542,-0.08881257745538725,0,0.8496424244633706,-148.1727990822447,-1.6111265177373446,0.5,0.1305261922200515,1,0.0,0.1711229946524064,0.0449235830833852
1.0,0.0,0.0,-3.0,0.0,0.0,0.0,0.0,0.0,-3.0,-2.5003923199858344,0.0957269374286779,1.4848000451777346,2.0456016576304723,0,0.8496372599155164,-148.17223797364642,-1.6110913047135784,0.75,0.1950903220161282,1,0.0,0.1711229946524064,0.0449235830833852
1.0,0.0,0.0,-3.0,0.0,0.0,0.0,0.0,0.0,-3.0,-2.4411580331683815,0.1491424533941823,0.3161914498497427,-4.0222659391554085,0,0.8497117908528865,-148.1803363412018,-1.611599634785603,1.0,0.2588190451025207,1,0.0,0.1711229946524064,0.0449235830833852
1.0,0.0,0.0,-3.0,0.0,0.0,0.0,0.0,0.0,-3.0,-2.435197530334148,0.1536789003490003,0.16178454105498,-4.893989811002463,0,0.8496947739090429,-148.17848715406248,-1.6114835419591438,1.25,0.3214394653031616,1,0.0,0.1711229946524064,0.0449235830833852
1.0,0.0,0.0,-3.0,0.0,0.0,0.0,0.0,0.0,-3.0,-2.4199243500389436,0.1402311447476547,-0.0760328395149504,-3.31603884841347,0,0.84965731598143,-148.17441703919985,-1.6112280607245493,1.5,0.3826834323650898,1,0.0,0.1711229946524064,0.0449235830833852
1.0,0.0,0.0,-3.0,0.0,0.0,0.0,0.0,0.0,-3.0,-2.388187114997825,0.1022670173293247,0.2302239739071311,-3.0310272417178936,0,0.8496681918567088,-148.17559874507927,-1.6113022304227915,1.75,0.4422886902190012,1,0.0,0.1711229946524064,0.0449235830833852
1.0,0.0,0.0,-3.0,0.0,0.0,0.0,0.0,0.0,-3.0,-2.4420199780662455,0.0707992982446876,1.5918435292400497,2.3867915840043974,0,0.8496595620802735,-148.17466108328415,-1.611243377733467,2.0,0.4999999999999999,1,0.0,0.1711229946524064,0.0449235830833852
1.0,0.0,0.0,-3.0,0.0,0.0,0.0,0.0,0.0,-3.0,-2.4571713917553986,0.0424490566861548,0.9740494132461868,-0.3569117191765123,0,0.8496800775187326,-148.17689021335747,-1.611383294980928,2.25,0.5555702330196022,1,0.0,0.1711229946524064,0.0449235830833852
1.0,0.0,0.0,-3.0,0.0,0.0,0.0,0.0,0.0,-3.0,-2.481532018101285,0.0810672409611666,-0.9550706576209498,1.207671752086302,0,0.8496335495289815,-148.17183485966896,-1.6110660075113132,2.5,0.6087614290087207,1,0.0,0.1711229946524064,0.0449235830833852
1.0,0.0,0.0,-3.0,0.0,0.0,0.0,0.0,0.0,-3.0,-2.5163725382686786,0.0918602539643821,0.6768589157376431,-2.221796741314817,0,0.8496342283588828,-148.17190861062335,-1.6110706356702424,2.75,0.6593458151000688,1,0.0,0.1711229946524064,0.0449235830833852
1.0,0.0,0.0,-3.0,0.0,0.0,0.0,0.0,0.0,-3.0,-2.5259272844281044,0.0894419220179167,1.3479571982439311,1.190389599903245,0,0.8496502525775329,-148.17364959421624,-1.6111798947228764,3.0,0.7071067811865475,1,0.0,0.1711229946524064,0.0449235830833852
1.0,0.0,0.0,-3.0,0.0,0.0,0.0,0.0,0.0,-3.0,-2.5882807063527125,0.051820412629984,0.2113974568486735,1.510553087304798,0,0.8496192807212838,-148.17028467154796,-1.6109687316202683,3.25,0.7518398074789774,1,0.0,0.1711229946524064,0.0449235830833852
1.0,0.0,0.0,-3.0,0.0,0.0,0.0,0.0,0.0,-3.0,-2.5893618096255375,0.0519549107580249,0.3327524675134258,1.4696535964364372,0,0.8496324929724918,-148.17172007120448,-1.6110588041273262,3.5,0.7933533402912352,1,0.0,0.1711229946524064,0.0449235830833852
1.0,0.0,0.0,-3.0,0.0,0.0,0.0,0.0,0.0,-3.0,-2.560825593241451,0.0774935853778235,-0.0757997152717774,-2.253056450741365,0,0.8496620580323351,-148.17493227650164,-1.6112603989574932,3.75,0.8314696123025451,1,0.0,0.1711229946524064,0.0449235830833852
1.0,0.0,0.0,-3.0,0.0,0.0,0.0,0.0,0.0,-3.0,-2.587755527530759,0.0786985103488148,1.545857772252403,2.3479039860639492,0,0.8496239491928341,-148.17079185495749,-1.611000556966037,4.0,0.8660254037844386,1,0.0,0.1711229946524064,0.0449235830833852
1.0,0.0,0.0,-3.0,0.0,0.0,0.0,0.0,0.0,-3.0,-2.554941842843046,0.0711831706192909,0.115882917981972,-3.2027479458452266,0,0.8496513389069386,-148.17376762376867,-1.6111873023000516,4.25,0.8968727415326884,1,0.0,0.1711229946524064,0.0449235830833852
1.0,0.0,0.0,-3.0,0.0,0.0,0.0,0.0,0.0,-3.0,-2.593621203656242,0.1235649517036777,-0.6381675879593213,-1.4779830355096395,0,0.8495945901452613,-148.16760240466238,-1.6108004366334463,4.5,0.9238795325112868,1,0.0,0.1711229946524064,0.0449235830833852
1.0,0.0,0.0,-3.0,0.0,0.0,0.0,0.0,0.0,-3.0,-2.6478221788415635,0.0990613319980456,0.6834379640018383,0.1349032297236903,0,0.8496091070142981,-148.16917942374636,-1.610899381361579,4.75,0.9469301294951056,1,0.0,0.1711229946524064,0.0449235830833852
1.0,0.0,0.0,-3.0,0.0,0.0,0.0,0.0,0.0,-3.0,-2.670817383208687,0.1043201067821565,1.6863898127390786,2.9591518832356236,0,0.8496014129315601,-148.1683435794456,-1.6108469380465806,5.0,0.9659258262890684,1,0.0,0.1711229946524064,0.0449235830833852
1.0,0.0,0.0,-3.0,0.0,0.0,0.0,0.0,0.0,-3.0,-2.7212479673403833,0.0241751834253561,0.0707856984182006,1.4521512822004805,0,0.849602010630313,-148.16840850955833,-1.6108510118634742,5.25,0.9807852804032304,1,0.0,0.1711229946524064,0.0449235830833852
1.0,0.0,0.0,-3.0,0.0,0.0,0.0,0.0,0.0,-3.0,-2.7788509812270448,0.135486974936773,-1.9323037740668916,3.7969320947880862,0,0.8495377715941776,-148.16143067823927,-1.610413296791711,5.5,0.9914448613738104,1,0.0,0.1711229946524064,0.0449235830833852
1.0,0.0,0.0,-3.0,0.0,0.0,0.0,0.0,0.0,-3.0,-2.8287506280919694,0.1291409294504416,-0.4027096158709924,-3.7187752517527937,0,0.8495600123040515,-148.1638463735225,-1.6105648124575822,5.75,0.9978589232386036,1,0.0,0.1711229946524064,0.0449235830833852
1.0,0.0,0.0,-3.0,0.0,0.0,0.0,0.0,0.0,-3.0,-2.878642588464277,0.1119445842234568,1.3366259647633687,2.241094086749575,0,0.8495522731903142,-148.16300576385422,-1.6105120859532838,6.0,1.0,1,0.0,0.1711229946524064,0.0449235830833852
1.0,0.0,0.0,-3.0,0.0,0.0,0.0,0.0,0.0,-3.0,-2.9433550973000124,0.0442787758050636,0.4139296603488824,-3.64557445919098,0,0.8485150128942938,-148.05051974968836,-1.6034788821896615,6.25,0.9978589232386036,1,0.0,0.1711229946524064,0.0449235830833852
1.0,0.0,0.0,-3.0,0.0,0.0,0.0,0.0,0.0,-3.0,-2.9779351382742054,0.1010489397952795,-1.2883657767732126,1.392365343449951,0,0.8472894562916318,-147.9180685253641,-1.5952539057324768,6.5,0.9914448613738104,1,0.0,0.1711229946524064,0.0449235830833852
1.0,0.0,0.0,-3.0,0.0,0.0,0.0,0.0,0.0,-3.0,-3.032761488067987,0.0975776952390323,0.2781454293571804,-4.338612580363687,0,0.8436139784013694,-147.5237380722269,-1.5711216283001084,6.75,0.9807852804032304,1,0.0,0.1711229946524064,0.0449235830833852
1.0,0.0,0.0,-3.0,0.0,0.0,0.0,0.0,0.0,-3.0,-3.091689099219882,0.0778229810292594,1.5633649969060075,2.8919704466136658,0,0.8429624798674283,-147.4542854108281,-1.5669252733147998,7.0,0.9659258262890684,1,0.0,0.1711229946524064,0.0449235830833852
1.0,0.0,0.0,-3.0,0.0,0.0,0.0,0.0,0.0,-3.0,-3.144892671705246,0.0376114191523699,-0.6066228552347214,-2.15429411717563,0,0.8420274140221351,-147.35483309537932,-1.560944006524822,7.25,0.9469301294951056,1,0.0,0.1711229946524064,0.0449235830833852
1.0,0.0,0.0,-3.0,0.0,0.0,0.0,0.0,0.0,-3.0,-3.205403819700055,0.1092117162881419,-1.44374335988788,2.383900814403745,0,0.8384575918679732,-146.97760197406993,-1.538547888605552,7.5,0.9238795325112868,1,0.0,0.1711229946524064,0.0449235830833852
1.0,0.0,0.0,-3.0,0.0,0.0,0.0,0.0,0.0,-3.0,-3.2145568600362857,0.0997027779053266,-1.7887564214258624,3.209838401285314,0,0.840620107589087,-147.20565973030037,-1.5520329250153406,7.75,0.8968727415326884,1,0.0,0.1711229946524064,0.0449235830833852
1.0,0.0,0.0,-3.0,0.0,0.0,0.0,0.0,0.0,-3.0,-3.20206497286383,0.1115698497289237,-1.4590102227550634,2.2166486319230767,0,0.837181843847348,-146.84371516216663,-1.5307078674888033,8.0,0.8660254037844387,1,0.0,0.1711229946524064,0.0449235830833852
1.0,0.0,0.0,-3.0,0.0,0.0,0.0,0.0,0.0,-3.0,-3.168416035133032,0.1337224520620671,-1.5556188577869303,2.6599083260746035,0,0.8351840214893518,-146.63500486980672,-1.518597611471915,8.25,0.8314696123025451,1,0.0,0.1711229946524064,0.0449235830833852
1.0,0.0,0.0,-3.0,0.0,0.0,0.0,0.0,0.0,-3.0,-3.1191914587249743,0.0474594340731348,0.7713798037726015,-0.7652787910205578,0,0.8323224664584102,-146.3380561036612,-1.5015964307081249,8.5,0.7933533402912352,1,0.0,0.1711229946524064,0.0449235830833852
1.0,0.0,0.0,-3.0,0.0,0.0,0.0,0.0,0.0,-3.0,-3.1324396532751986,0.0627157230704653,0.2640516244912123,-1.9014933716689448,0,0.8320887274717584,-146.3139027174247,-1.5002252212905731,8.75,0.7518398074789774,1,0.0,0.1711229946524064,0.0449235830833852
1.0,0.0,0.0,-3.0,0.0,0.0,0.0,0.0,0.0,-3.0,-3.095355306216612,0.1088344420938518,0.5574659782001047,-2.033417239568772,0,0.8242698960988294,-145.5145398892207,-1.4558003245033242,9.0,0.7071067811865476,1,0.0,0.1711229946524064,0.0449235830833852
1.0,0.0,0.0,-3.0,0.0,0.0,0.0,0.0,0.0,-3.0,-3.0415983210974025,0.169844934597489,0.3590899002522034,-3.5814156443046645,0,0.8226491562477596,-145.35087075100944,-1.4469265622216294,9.25,0.659345815100069,1,0.0,0.1711229946524064,0.0449235830833852
1.0,0.0,0.0,-3.0,0.0,0.0,0.0,0.0,0.0,-3.0,-2.95341398921313,0.1762682041792344,-1.309421104684124,1.1618225826383617,0,0.822692199696618,-145.35520871139832,-1.4471608092249029,9.5,0.6087614290087209,1,0.0,0.1711229946524064,0.0449235830833852
1.0,0.0,0.0,-3.0,0.0,0.0,0.0,0.0,0.0,-3.0,-2.8772758115703447,0.0649250815317035,-0.588526226740262,-1.059423312531946,0,0.8203672972893801,-145.1215787697981,-1.434617507912443,9.75,0.5555702330196025,1,0.0,0.1711229946524064,0.0449235830833852
1.0,0.0,0.0,-3.0,0.0,0.0,0.0,0.0,0.0,-3.0,-2.8390844724512245,0.0406525677730009,-1.233590202462009,0.70890196641807,0,0.8145897562858956,-144.54681833078428,-1.4043742445748535,10.0,0.4999999999999999,1,0.0,0.1711229946524064,0.0449235830833852
1.0,0.0,0.0,-3.0,0.0,0.0,0.0,0.0,0.0,-3.0,-2.805870205301322,0.075996844824353,0.2713993589772313,1.521832395203507,0,0.8102740946989706,-144.1227200953063,-1.3825997392274971,10.25,0.4422886902190017,1,0.0,0.1711229946524064,0.0449235830833852
1.0,0.0,0.0,-3.0,0.0,0.0,0.0,0.0,0.0,-3.0,-2.725803932113105,0.1737145666850012,0.9504376845851809,0.7301750533979501,0,0.8022534491499883,-143.3458331676444,-1.3438450726940607,10.5,0.3826834323650899,1,0.0,0.1711229946524064,0.0449235830833852
1.0,0.0,0.0,-3.0,0.0,0.0,0.0,0.0,0.0,-3.0,-2.638841551693454,0.1452991038999522,-0.2473235055439982,-3.2858418813098904,0,0.8027071204611259,-143.38939673939709,-1.3459806738863282,10.75,0.3214394653031617,1,0.0,0.1711229946524064,0.0449235830833852
1.0,0.0,0.0,-3.0,0.0,0.0,0.0,0.0,0.0,-3.0,-2.5669673592347184,0.097739968810329,-1.67775759761301,2.9558056797127072,0,0.8036185726957462,-143.47705358240597,-1.350291119477921,11.0,0.258819045102521,1,0.0,0.1711229946524064,0.0449235830833852
1.0,0.0,0.0,-3.0,0.0,0.0,0.0,0.0,0.0,-3.0,-2.521967621594549,0.0234347238021392,0.59453263292348,0.8497303014059217,0,0.8060817885091001,-143.71485940070806,-1.3620752633892117,11.25,0.1950903220161281,1,0.0,0.1711229946524064,0.0449235830833852
1.0,0.0,0.0,-3.0,0.0,0.0,0.0,0.0,0.0,-3.0,-2.549500707070941,0.0365855197190059,-1.4417792710631847,1.968413283114689,0,0.8091672027556831,-144.01464474427232,-1.3771219862686108,11.5,0.130526192220052,1,0.0,0.1711229946524064,0.0449235830833852
1.0,0.0,0.0,-3.0,0.0,0.0,0.0,0.0,0.0,-3.0,-2.527224208905139,0.058677451329479,-0.2768380060004478,1.3983019292346557,0,0.8010362204990034,-143.22916861397889,-1.3381472966715615,11.75,0.0654031292301431,1,0.0,0.1711229946524064,0.0449235830833852
1.0,0.0,0.0,-3.0,0.0,0.0,0.0,0.0,0.0,-3.0,-2.52761673407671,0.0586134442066422,-0.238326156693115,1.4282643017514405,0,0.8041549659415613,-143.52872471115518,-1.3528403523042032,12.0,1.2246467991473532e-16,1,0.0,0.1711229946524064,0.0449235830833852
1.0,0.0,0.0,-3.0,0.0,0.0,0.0,0.0,0.0,-3.0,-2.506664898164314,0.0713174048443152,-0.9520984892857216,-0.568638902579174,0,0.8019620995578968,-143.31787992069624,-1.3424770280162963,12.25,-0.0654031292301428,1,0.0,0.1711229946524064,0.0449235830833852
1.0,0.0,0.0,-3.0,0.0,0.0,0.0,0.0,0.0,-3.0,-2.477376834165613,0.0332656792624272,-0.8130062660295346,-0.5086747760188164,0,0.80362929163681,-143.47808553254092,-1.3503419706138788,12.5,-0.1305261922200517,1,0.0,0.1711229946524064,0.0449235830833852
1.0,0.0,0.0,-3.0,0.0,0.0,0.0,0.0,0.0,-3.0,-2.494839012819101,0.0379710186326216,0.7870493685728772,-1.3785564974243467,0,0.8040487694494286,-143.5184897271816,-1.3523349081482845,12.75,-0.1950903220161279,1,0.0,0.1711229946524064,0.0449235830833852
1.0,0.0,0.0,-3.0,0.0,0.0,0.0,0.0,0.0,-3.0,-2.4397979779094334,0.0985655702637824,1.3234747060593248,1.9563754064464547,0,0.7977637368650531,-142.91708271736786,-1.323056737968286,13.0,-0.2588190451025208,1,0.0,0.1711229946524064,0.0449235830833852
1.0,0.0,0.0,-3.0,0.0,0.0,0.0,0.0,0.0,-3.0,-2.4483542108028753,0.1007101256102757,1.7100881940548864,3.23719038866388,0,0.8048653296611052,-143.59725172878532,-1.356230793829703,13.25,-0.3214394653031615,1,0.0,0.1711229946524064,0.0449235830833852
1.0,0.0,0.0,-3.0,0.0,0.0,0.0,0.0,0.0,-3.0,-2.4557662492307415,0.105236467488976,1.7869313293095028,3.217609495090599,0,0.8078094317230041,-143.88245605373197,-1.37046062359474,13.5,-0.3826834323650896,1,0.0,0.1711229946524064,0.0449235830833852
1.0,0.0,0.0,-3.0,0.0,0.0,0.0,0.0,0.0,-3.0,-2.465553466395499,0.1155384608824553,1.4236425648183502,2.3740490272981862,0,0.8125163402204212,-144.34251857080855,-1.3938287836995322,13.75,-0.4422886902190014,1,0.0,0.1711229946524064,0.0449235830833852
1.0,0.0,0.0,-3.0,0.0,0.0,0.0,0.0,0.0,-3.0,-2.560074204634375,0.0870416696408954,-1.0795491917188835,0.7557573550413501,0,0.817407050479025,-144.8260658526498,-1.4189603977658252,14.0,-0.4999999999999998,1,0.0,0.1711229946524064,0.0449235830833852
0.9995254954383312,0.0009490091233375,-2.0000000000000004,4.0,0.0022945896417642,0.0045891792835285,2.1060566496367616e-05,0.0045891792835285,1.9999999999999991,4.0000000000000036,-2.0639688740959015,1.4240188142620092,1.9612765442092763,3.880517343319987,0,0.8574928130453662,30.963756532073536,1.6666662410351574,0.0,0.0,3,0.167002688172043,0.2051282051282051,0.1097676083563711
0.9990780342419292,0.0010655099225346,-0.0089183342893593,-5.948532085489729,0.0044564668574753,0.0051504461978659,2.6527096037111815e-05,0.0063051898369208,0.0091917726921009,-5.946954765492786,-1.3151499278140049,1.5919189445694286,-0.000202800511239,-5.998778104601772,0,0.8574928064743822,30.96375653207348,1.6666662162114485,0.25,0.065403129230143,3,0.167002688172043,0.2051282051282051,0.1097676083563711
0.9985943019080538,0.0009391522155398,1.9745505977402809,3.911443176224139,0.006796396440248,0.0045409978515642,2.062066148791101e-05,0.0078521653503316,-1.973778078993171,3.9087018617393454,-0.6220092234831857,1.3729631001480835,-1.9999866821085688,3.999955561015629,0,0.8574928151190812,30.96375653207347,1.6666662488691917,0.5,0.1305261922200515,3,0.167002688172043,0.2051282051282051,0.1097676083563711
0.9981065614332708,7.253289511220355e-05,1.4847629314743498,2.0454601373814967,0.0091560285676997,0.0003560836306723,1.2679555203283545e-07,0.009161220213299,-1.483828689235146,2.0418945276742413,0.0651079707540718,0.0024094064499809,-1.48691667199315,2.053681178833548,0,0.8574928159953167,30.963756532073504,1.666666252179413,0.75,0.1950903220161282,3,0.167002688172043,0.2051282051282051,0.1097676083563711
0.9981514418760636,0.0001130041413001,0.3161524376634455,-4.022456531080696,0.0089359150481428,0.000554516340606,3.074883719991158e-07,0.0089488096429986,-0.3151642296927808,-4.0272895000118485,0.0636137383357467,0.0037577219148375,-0.3184369466587043,-4.0112762455852575,0,0.8574928016867194,30.963756532073536,1.6666661981247248,1.0,0.2588190451025207,3,0.167002688172043,0.2051282051282051,0.1097676083563711
0.9981559579260904,0.0001164413490879,0.1617603898694111,-4.894100748670525,0.0089137766313531,0.0005713799905059,3.264750935506066e-07,0.0089275007787073,-0.1611473723563521,-4.896922990576556,0.0634632219133723,0.0038720632247396,-0.1631781081423678,-4.8875647517311,0,0.8574928052987418,30.96375653207352,1.6666662117701403,1.25,0.3214394653031616,3,0.167002688172043,0.2051282051282051,0.1097676083563711
0.9981675308610904,0.0001062517423552,-0.0760896311729046,-3.3159978489377355,0.0088569184334919,0.0005213367451191,2.717920018113803e-07,0.0088684185816236,0.0775275910316895,-3.3149823651954424,0.0630794708000526,0.003533893031576,0.0727734121784884,-3.31828935102029,0,0.8574928125054048,30.96375653207347,1.6666662389953055,1.5,0.3826834323650898,3,0.167002688172043,0.2051282051282051,0.1097676083563711
0.9981915789489182,7.748511719516517e-05,0.2301803187912095,-3.0311093372169964,0.0087387872306179,0.0003799935943293,1.4439513173132064e-07,0.0087449813385055,-0.2290682594823069,-3.033216555206968,0.0622817732764128,0.00258019305133,-0.2327441451343357,-3.026226666599646,0,0.857492810510367,30.963756532073496,1.6666662314584972,1.75,0.4422886902190012,3,0.167002688172043,0.2051282051282051,0.1097676083563711
0.9981507912620916,5.36436747020084e-05,1.5918214091484106,2.3866992821263935,0.008938800390697,0.0002631791293499,6.926325412537894e-08,0.0089417056463137,-1.591263062712143,2.384369931168155,0.0636401757768589,0.0017846321999783,-1.5931075493536406,2.392064159538295,0,0.8574928120995217,30.963756532073496,1.6666662374619694,2.0,0.4999999999999999,3,0.167002688172043,0.2051282051282051,0.1097676083563711
0.9981393114947746,3.2163617183641e-05,0.974028282714146,-0.3570030694236461,0.0089950893181261,0.0001578632885959,2.4920817886338356e-08,0.0089961281924215,-0.9734944700392624,-0.3593113295031784,0.0640225804532728,0.0010689859057206,-0.9752601115652756,-0.3516758023926183,0,0.8574928082413321,30.96375653207355,1.6666662228865885,2.25,0.5555702330196022,3,0.167002688172043,0.2051282051282051,0.1097676083563711
0.9981208525643026,6.142627747823808e-05,-0.9551316751938724,1.207781865398779,0.009085799833316,0.0003016976101664,9.10214479801623e-08,0.009089555803067,0.956668772007874,1.2105579493780123,0.0646343361099356,0.0020382889095872,0.9515765082922708,1.2013749972542502,0,0.8574928166156072,30.96375653207352,1.6666662545227318,2.5,0.6087614290087207,3,0.167002688172043,0.2051282051282051,0.1097676083563711
0.9980944529766852,6.960433874328907e-05,0.6768222593775961,-2.2219916681124623,0.0092154925908195,0.0003418641793803,1.168711171434321e-07,0.0092202471240909,-0.6758915079278754,-2.226954196711006,0.0655098743542556,0.0023096634317634,-0.6789744282255307,-2.2105190497743976,0,0.8574928165027074,30.96375653207349,1.6666662540962227,2.75,0.6593458151000688,3,0.167002688172043,0.2051282051282051,0.1097676083563711
0.9980872131422354,6.777174818875542e-05,1.3479214920548088,1.1902197475309002,0.0092510526892332,0.000332841813252,1.1078367264894445e-07,0.0092555423187113,-1.3470092119045196,1.1858701162351435,0.0657500899276367,0.002249189199811,-1.3500275906741015,1.200258101683442,0,0.8574928137616165,30.963756532073543,1.666666243740991,3.0,0.7071067811865475,3,0.167002688172043,0.2051282051282051,0.1097676083563711
0.9980399661133604,3.926706763834824e-05,0.2113353174310181,1.5105372650726585,0.0094831808101062,0.0001930716976017,3.727668041483893e-08,0.0094846547532042,-0.2098525596310324,1.510186721485221,0.06731674284083,0.0012997117309021,-0.2147671035644774,1.511358413149425,0,0.8574928189317859,30.96375653207355,1.6666662632727371,3.25,0.7518398074789774,3,0.167002688172043,0.2051282051282051,0.1097676083563711
0.9980391468994454,3.936897452284623e-05,0.3326920219876578,1.4696274097091742,0.0094872092168571,0.0001935715115243,3.7469930073817943e-08,0.009488690171566,-0.3312468476569494,1.4690635936878085,0.0673438516272497,0.0013031042561745,-0.3360366319616554,1.4709415227360427,0,0.8574928167908483,30.96375653207352,1.6666662551847535,3.5,0.7933533402912352,3,0.167002688172043,0.2051282051282051,0.1097676083563711
0.9980607696843776,5.872029120413333e-05,-0.0758440952828573,-2.2530375195065044,0.0093809661820872,0.0002886346936094,8.330998635499864e-08,0.0093842958712537,0.0769604579425081,-2.2525592894398088,0.0666270035570722,0.0019449450779035,0.0732611212821831,-2.254124785191104,0,0.8574928116447833,30.96375653207351,1.666666235744069,3.75,0.8314696123025451,3,0.167002688172043,0.2051282051282051,0.1097676083563711
0.9980403635392872,5.9633164442014045e-05,1.5458290918738526,2.3478011939951138,0.0094812897079942,0.0002931031737432,8.590947045839398e-08,0.0094846869547582,-1.5451074287011983,2.345213460465631,0.0673026059980208,0.001975472386587,-1.5474963882910608,2.3537808950164383,0,0.8574928181858115,30.96375653207352,1.6666662604546134,4.0,0.8660254037844386,3,0.167002688172043,0.2051282051282051,0.1097676083563711
0.9980652281873896,5.393835236798304e-05,0.1158527714126813,-3.2027783352874,0.009359035145296,0.0002650973183664,7.027658820506308e-08,0.009361850580523,-0.1150938525011807,-3.2035384115866954,0.0664795718439271,0.0017870575919175,-0.1176086054989004,-3.2010070682378746,0,0.85749281357038,30.963756532073536,1.6666662430185426,4.25,0.8968727415326884,3,0.167002688172043,0.2051282051282051,0.1097676083563711
0.9980359174727268,9.363303648859932e-05,-0.63823415902539,-1.477761466416096,0.0095033155632131,0.0004605484736128,2.1210489654715425e-07,0.0095116815214987,0.6399081201508136,-1.472187139455599,0.0674471977202595,0.0030966134145267,0.6343567447058978,-1.490650202871015,0,0.8574928226972436,30.96375653207351,1.6666662774977976,4.5,0.9238795325112868,3,0.167002688172043,0.2051282051282051,0.1097676083563711
0.9979948465784682,7.506575811123442e-05,0.6833622882299354,0.1347688127427879,0.0097052499635732,0.0003693058816329,1.3638683420869605e-07,0.0097105183683001,-0.6814577918226533,0.1313988401400685,0.0688067168521362,0.0024812596648583,-0.6877728166143438,0.142599048566435,0,0.8574928205191171,30.96375653207347,1.666666269269323,4.75,0.9469301294951056,3,0.167002688172043,0.2051282051282051,0.1097676083563711
0.9979774210785812,7.905053887774032e-05,1.6863601970844448,2.9590580991901376,0.0097910299898664,0.0003888896685277,1.5123517428763194e-07,0.0097968206395329,-1.6856126496159014,2.956693504301299,0.0693819182461007,0.0026132908544301,-1.6880884996564087,2.964527095206386,0,0.8574928216859068,30.96375653207351,1.6666662736771929,5.0,0.9659258262890684,3,0.167002688172043,0.2051282051282051,0.1097676083563711
0.9979392065061944,1.832008553545032e-05,0.0707538661616913,1.4521473270174037,0.0099790088771378,9.0235118110027e-05,8.142376540330526e-09,0.0099793148538565,-0.0700544081473601,1.4520886118050491,0.0706455131423268,0.0006039324957661,-0.0723789494386845,1.452284274459256,0,0.8574928215962893,30.96375653207351,1.666666273338638,5.25,0.9807852804032304,3,0.167002688172043,0.2051282051282051,0.1097676083563711
0.99789555134157,0.0001026793605272,-1.9323136721223544,3.796960056392475,0.0101944360973143,0.000506555834247,2.565988132097131e-07,0.0102038706603,1.932557134592961,3.797648782438692,0.0720783512740858,0.003372300583931,1.931744472825806,3.795350761541051,0,0.8574928303542046,30.963756532073536,1.6666663064240876,5.5,0.9914448613738104,3,0.167002688172043,0.2051282051282051,0.1097676083563711
0.9978577357322364,9.786986323466248e-05,-0.4027470831149894,-3.718568087863238,0.010380865944741,0.0004828126841022,2.33108087930007e-07,0.0103892833645363,0.40369235455625,-3.713346793726446,0.0733223260796258,0.0032145919063891,0.4005500509369328,-3.730705654051004,0,0.8574928275098465,30.963756532073536,1.6666662956787364,5.75,0.9978589232386036,3,0.167002688172043,0.2051282051282051,0.1097676083563711
0.9978199253334132,8.483755030742966e-05,1.336560812265134,2.240958777003934,0.0105673459500179,0.0004185187650705,1.7515795671617624e-07,0.010573559896974,-1.334911711444454,2.2375377830008016,0.0745649527628096,0.0027865817134925,-1.3403926819657612,2.2489233350533286,0,0.857492828520532,30.96375653207351,1.6666662994968824,6.0,1.0,3,0.167002688172043,0.2051282051282051,0.1097676083563711
0.9977702959988116,3.420526866691661e-05,0.3997253642107345,-3.731038373527163,0.0108754157835929,0.0002618969623403,6.859001888309624e-08,0.0108777806091216,0.5967442155971596,-1.1711770027368011,0.0762553244891601,0.0011928139903676,-0.3096827302915378,-3.765627935023719,0,0.8574928306935394,30.96375653207352,1.6666663077060195,6.25,0.9978589232386036,3,0.167002688172043,0.2051282051282051,0.1097676083563711
0.9977427583124674,7.907472697769153e-05,-1.2843750200064077,1.3464545439526088,0.0111547846098824,0.0006606022035809,4.363952713759456e-07,0.0111694456508101,1.21510020191438,0.7216375260091041,0.0772909090227287,0.0028405446532313,1.268530658440633,1.2017576262666498,0,0.8574928352157714,30.963756532073496,1.6666663247900038,6.5,0.9914448613738104,3,0.167002688172043,0.2051282051282051,0.1097676083563711
0.9976976842608054,7.891660757832524e-05,0.2784292537934134,-4.409006673813694,0.0117570200030924,0.0010087006704337,1.0174770425335905e-06,0.0117894286178345,0.5247444329733567,-1.352607406016757,0.0791264309796454,0.0031178055252679,-0.1771991546902596,-4.106625541879227,0,0.8574928362794535,30.963756532073543,1.6666663288083563,6.75,0.9807852804032304,3,0.167002688172043,0.2051282051282051,0.1097676083563711
0.997649059619248,6.423957075854076e-05,1.4919063225592064,2.795765096771607,0.0124245016302713,0.0009861567518892,9.72505139296757e-07,0.0124538194789826,-0.4890478238338541,-2.0716208834559247,0.0811207627468762,0.0026761317536397,-1.2189486703268568,1.8478545939087692,0,0.8574928377913966,30.963756532073493,1.666666334520142,7.0,0.9659258262890684,3,0.167002688172043,0.2051282051282051,0.1097676083563711
0.9976047496292676,3.270862625813095e-05,-0.5983071044822701,-2.622537666155548,0.0130732541545547,0.0007423762637795,5.511225170233409e-07,0.0130890532918675,-0.9679049096804712,0.9619624764207462,0.0829734140475398,0.0015586201148884,0.1373717997849629,-2.02465294510756,0,0.8574928389977134,30.96375653207351,1.6666663390773375,7.25,0.9469301294951056,3,0.167002688172043,0.2051282051282051,0.1097676083563711
0.997553127001606,8.913873337615798e-05,-1.4552490668297935,2.397279955331191,0.0139495962531801,0.0011281734034936,1.2727752283505205e-06,0.0139837697724183,1.537393580000984,2.498781668123849,0.0852329872167257,0.0035316661769113,1.4776909228386494,2.4179869259865487,0,0.8574928442748471,30.96375653207351,1.6666663590131714,7.5,0.9238795325112868,3,0.167002688172043,0.2051282051282051,0.1097676083563711
0.9975443482390632,8.029820865973163e-05,-1.8270309744070967,3.33692668871819,0.0141915135093945,0.0009532034003391,9.085967224181704e-07,0.0142155022151572,1.5965810471420678,2.883329010333767,0.0857071505130369,0.0030917229689342,1.85982248697384,3.518507529349286,0,0.857492838296048,30.963756532073493,1.6666663364266023,7.75,0.8968727415326884,3,0.167002688172043,0.2051282051282051,0.1097676083563711
0.9975504329350066,8.587425674045771e-05,-1.6379410167354211,2.7429044029403293,0.014526066636288,0.0008065770576526,6.505665499315977e-07,0.0145428517435312,0.7932278175876781,-1.2191129879314992,0.0858571940202745,0.0029695342180855,1.9414299896948912,3.7891369025646537,0,0.8574928384178623,30.963756532073493,1.6666663368867898,8.0,0.8660254037844387,3,0.167002688172043,0.2051282051282051,0.1097676083563711
0.9975721084295672,0.0001002340422368,-1.68571084829241,3.0641682242128923,0.0148313858966787,0.0006592280077495,4.345815662014389e-07,0.0148423698845855,-0.4230946645688138,0.7129143161245164,0.0855474433292176,0.0031748551794891,1.9474328808031471,3.838798162375664,0,0.8574928377118625,30.96375653207352,1.6666663342196788,8.25,0.8314696123025451,3,0.167002688172043,0.2051282051282051,0.1097676083563711
0.9976060978663231,3.744107264599853e-05,0.0259792943200838,-0.0575305356879578,0.0150208990347525,0.0009762110834358,9.52988079422996e-07,0.0150446717768051,0.809731554583944,1.482157130633146,0.084791007431584,0.0016744234885822,1.8093689600908345,3.4638753049120794,0,0.8574928414511025,30.963756532073504,1.6666663483456947,8.5,0.7933533402912352,3,0.167002688172043,0.2051282051282051,0.1097676083563711
0.9975907569133206,5.28245065038781e-05,0.1139648501622978,-2.9121940043816092,0.0156681403595013,0.0009214887164248,8.491414544983924e-07,0.015688450478486,-0.0201339574465876,-5.182042242897664,0.0858294110182579,0.0022894968419496,0.0889749690778484,-4.665506559178118,0,0.8574928424096164,30.963756532073496,1.6666663519667468,8.75,0.7518398074789774,3,0.167002688172043,0.2051282051282051,0.1097676083563711
0.9976119038002316,7.771885207619337e-05,0.2406899497007995,-3.4870310473924633,0.0163136769513857,0.0009570756165406,9.159937357767532e-07,0.0163347191887711,-0.8398546386876153,1.5946287210080587,0.0858579391256125,0.0022635086416437,0.0632090326890288,-4.490639099438571,0,0.8574928385359647,30.96375653207351,1.6666663373329536,9.0,0.7071067811865476,3,0.167002688172043,0.2051282051282051,0.1097676083563711
0.9976464142550644,0.0001199537655622,0.3946106400594001,-3.300280125427877,0.0168146634132973,0.0004439572851297,1.970980710197419e-07,0.0168190585127629,0.0998427348456864,-2.728206102857053,0.0853775170204057,0.0029994023609437,-0.5614436236226034,-1.9694134854302696,0,0.8574928356402959,30.96375653207351,1.6666663263937629,9.25,0.659345815100069,3,0.167002688172043,0.2051282051282051,0.1097676083563711
0.9977092015688728,0.000126389927901,-1.2471101727128355,0.898244341153621,0.0169402911552606,0.0003133462935274,9.81858996673854e-08,0.0169424645152278,0.158893073805179,-0.2828193205324378,0.0837570623949994,0.0033690619806024,0.9771118288872248,-0.234922559879946,0,0.8574928346900651,30.96375653207353,1.666666322804002,9.5,0.6087614290087209,3,0.167002688172043,0.2051282051282051,0.1097676083563711
0.9977614146083768,4.9573409217400994e-05,-0.3693579482916995,-2.022641556362304,0.0172739312935142,0.0004710193278894,2.2185920724541126e-07,0.017278746966678,1.028864342048848,0.6203770798722594,0.0826306516947314,0.0016963280707596,-0.1124617401623336,-4.25716968036431,0,0.8574928379286599,30.963756532073504,1.6666663350386917,9.75,0.5555702330196025,3,0.167002688172043,0.2051282051282051,0.1097676083563711
0.997785903321856,3.045595942590561e-05,-1.390995339985285,2.219887136328543,0.0176330922550215,0.0008847322179947,7.827510975579134e-07,0.0176497310403662,0.6841514903421605,-1.81823361327778,0.0822934915312748,0.0013381138946657,-0.0638345717719052,-2.7831033132109706,0,0.8574928371194045,30.963756532073496,1.6666663319815054,10.0,0.4999999999999999,3,0.167002688172043,0.2051282051282051,0.1097676083563711
0.99780535726518,5.095878825805842e-05,-0.0772945620459853,1.1494021476338163,0.0181532309157893,0.0010127629465345,1.0256887858733471e-06,0.0181744067102993,-0.7829096770334616,-0.8156881846584199,0.0822489619294245,0.0013699690348302,0.0575916240398794,-3.484598650160379,0,0.8574928354433355,30.963756532073543,1.666666325649689,10.25,0.4422886902190017,3,0.167002688172043,0.2051282051282051,0.1097676083563711
0.9978579404258946,0.0001212752490921,1.0382768589400422,0.8948700615291347,0.0187658701092757,0.000609024832016,3.7091124601220707e-07,0.0187732805975065,-1.2989108424482907,1.3766225480372754,0.0813682399089625,0.0029027165101028,-1.4002471313707516,1.7630848802001964,0,0.8574928305395688,30.963756532073504,1.6666663071243533,10.5,0.3826834323650899,3,0.167002688172043,0.2051282051282051,0.1097676083563711
0.9979171716407668,0.0001026235990649,-0.2069233461652823,-3.2338530268631587,0.0191924081663053,0.0003591885335828,1.2901640265742118e-07,0.0191949288491533,-0.0600099669462693,0.3570364567928479,0.0801275008060334,0.0025814558384741,0.0003177038047269,-2.861148371149401,0,0.8574928323998062,30.963756532073504,1.6666663141519154,10.75,0.3214394653031617,3,0.167002688172043,0.2051282051282051,0.1097676083563711
0.9979682586885624,7.00049659060722e-05,-1.6243439624672151,2.737265280875974,0.019304519928014,0.0002219430956941,4.92587377263242e-08,0.0193054767800328,1.3888109046404435,2.1851336144224227,0.0788114929735954,0.0018767788985282,1.3602459533207554,1.5599845589225048,0,0.8574928311199081,30.963756532073493,1.6666663093167462,11.0,0.258819045102521,3,0.167002688172043,0.2051282051282051,0.1097676083563711
0.9980016679142844,1.785293569237979e-05,-0.0950459345339369,1.344974435733322,0.0192141818339784,0.0003593090850427,1.2910301859425158e-07,0.0192167013509898,-0.5010174991963081,1.4124860557170056,0.0777931661166415,0.0006998907643269,1.5460377425456595,2.2419865446061724,0,0.857492830691683,30.96375653207351,1.6666663076990067,11.25,0.1950903220161281,3,0.167002688172043,0.2051282051282051,0.1097676083563711
0.9979832496211134,2.4876794021926287e-05,-1.0859147699286344,0.0027871392605636,0.0190414121012766,0.0004650994339963,2.1631748350369637e-07,0.0190456717635076,0.5436237541336144,-2.074936661177704,0.0781422893494749,0.0006926829352943,-0.1795838004074705,-4.570954946484939,0,0.8574928322293285,30.963756532073496,1.6666663135078887,11.5,0.130526192220052,3,0.167002688172043,0.2051282051282051,0.1097676083563711
0.9980001333644516,3.99229560162495e-05,-0.2722598637677545,1.5093285706786688,0.0189578023161938,0.0003396747884896,1.1537896193547538e-07,0.0189600844639821,-0.1286817793782485,-4.7485123325046,0.0775900702071904,0.0008559736126469,0.2148769966587438,0.7163431086299497,0,0.8574928297086423,30.963756532073493,1.6666663039852982,11.75,0.0654031292301431,3,0.167002688172043,0.2051282051282051,0.1097676083563711
0.998000080083467,3.991700721373323e-05,-0.2644465586074554,1.511070528483211,0.0189317480991093,0.0003175789411819,1.0085638388226327e-07,0.0189337457566125,0.0803855371574156,-3.420540233894375,0.0775665758996489,0.0008520347561149,0.3803701257166601,1.1426124221228822,0,0.8574928310054092,30.963756532073504,1.666666308884194,12.0,1.2246467991473532e-16,3,0.167002688172043,0.2051282051282051,0.1097676083563711
0.9980147222637128,4.9613980250381965e-05,-0.8649534795978551,-0.8377501127986573,0.0189926108422721,0.0002927916099666,8.572692686684165e-08,0.0189943034039457,-0.9963141930797658,1.4554755228417875,0.077215106349796,0.0011801376778582,0.3723895549054066,-1.7466707256946918,0,0.8574928289334057,30.963756532073536,1.6666663010566265,12.25,-0.0654031292301428,3,0.167002688172043,0.2051282051282051,0.1097676083563711
0.998035184663184,2.4043109403070452e-05,-0.8283749755701247,0.1244921844671722,0.0190783201059944,0.0001541658359244,2.376710496629753e-08,0.0190787872621798,0.9619844287392308,0.0751849116027578,0.0767252221320736,0.0006865877928337,0.7004611166905389,1.6640501595191317,0,0.8574928298408775,30.963756532073536,1.6666663044848524,12.5,-0.1305261922200517,3,0.167002688172043,0.2051282051282051,0.1097676083563711
0.9980227656683444,2.828293202216785e-05,0.7166703926710158,-1.6855008092847932,0.0190518943609007,0.0001094908294673,1.1988241737458405e-08,0.0190521303249853,0.2044088351827805,-2.6862320345483823,0.0770472941820514,0.0008776109156449,-0.4837779384587442,-2.659445066729738,0,0.8574928312967696,30.96375653207352,1.6666663099848886,12.75,-0.1950903220161279,3,0.167002688172043,0.2051282051282051,0.1097676083563711
0.998063551949628,7.308574454766339e-05,1.3119427540091542,1.9741585159820492,0.0189501984342954,0.0001996299987429,3.9852136398090955e-08,0.0189509870402961,-0.3798648721413264,1.2135009188693662,0.0758053554351684,0.0022318504959534,-1.2698194683448067,2.032014954768007,0,0.8574928245312717,30.963756532073493,1.6666662844263471,13.0,-0.2588190451025208,3,0.167002688172043,0.2051282051282051,0.1097676083563711
0.9980581337829086,7.433619876954352e-05,1.6558229562839335,3.105787131730686,0.0188620745538831,0.0002477920385951,6.140089439113731e-08,0.0188632952356431,0.7213356126104508,-1.5964043117175477,0.0758724778667534,0.0022427242993156,-1.4263585710483029,2.5378146054447193,0,0.8574928292742048,30.96375653207352,1.666666302344089,13.25,-0.3214394653031615,3,0.167002688172043,0.2051282051282051,0.1097676083563711
0.99805426305881,7.656465243704602e-05,1.7355210489611346,3.1160429942279677,0.0186929846154593,0.000377526147502,1.425259920477592e-07,0.0186958436110231,0.4142306628005439,1.4854159737732395,0.0758184688368894,0.0022187660357568,-1.3473601707852123,2.505852627290082,0,0.8574928295700638,30.96375653207352,1.666666303461779,13.5,-0.3826834323650896,3,0.167002688172043,0.2051282051282051,0.1097676083563711
0.9980506517278328,8.038375955968317e-05,1.5403809309665135,2.6665862853958835,0.0183006603485389,0.0004993055860192,2.493060682299991e-07,0.0183057681822905,-1.2298381204933122,0.6873122471831046,0.0755430462225558,0.001927040821059,-1.923500491588399,3.7520607741656633,0,0.8574928299419701,30.96375653207348,1.666666304866759,13.75,-0.4422886902190014,3,0.167002688172043,0.2051282051282051,0.1097676083563711
0.9979853588668376,5.783956634670422e-05,-1.1875759700295505,1.142705530779443,0.0179400543927179,0.0006247706867236,3.9033841098916713e-07,0.0179482117611176,0.0324620188257255,-2.926527357150304,0.0770265243077161,0.0010744827010865,1.7602589148160006,3.186508807455972,0,0.8574928321694842,30.963756532073493,1.6666663132818111,14.0,-0.4999999999999998,3,0.167002688172043,0.2051282051282051,0.1097676083563711
0.99570168918211,0.0043963542384683,-1.9977133766723825,3.9922431171164305,0.0227853693225577,0.0252238655980453,0.0006362433957082,0.0315651010127727,1.9983096596259289,3.994279794608083,0.0686469556363195,0.0071869196895494,-1.043833010405951,2.0869049532499737,0,0.9138114064505434,23.96248897457817,2.2499991380963067,0.0,0.0,3,0.1841397849462365,0.2051282051282051,0.103135672655991
0.9936898907818986,0.0049372904327129,-0.0137429757735932,-5.920565144287979,0.0343636491373161,0.0283121230968701,0.0008015763142523,0.0422142466203272,0.0134355135273291,-5.92237532520458,0.0635382891293229,0.0075347617680762,-0.1515646803365923,-5.067770347684618,0,0.91381139815891,23.962488974578164,2.2499990878283027,0.25,0.065403129230143,3,0.1841397849462365,0.2051282051282051,0.103135672655991
0.9914261906099356,0.0043764884132008,1.9613063137634783,3.8640880764539567,0.0473386690461681,0.0250860820722807,0.0006293115137372,0.0520858255417492,-1.962119533691157,3.867019719493449,0.0609310385386531,0.0060978688878923,1.4433415720341176,2.5961308449350966,0,0.9138114090672712,23.962488974578193,2.249999153960212,0.5,0.1305261922200515,3,0.1841397849462365,0.2051282051282051,0.103135672655991
0.98913474601237,0.0004175382612132,1.4845679503172229,2.0447159305599065,0.0604677727562441,0.0023682085409442,5.608411693401167e-06,0.0605025441685788,-1.4833999913040707,2.040258367811445,0.0585971736786646,0.0021684658060779,-1.486916671977095,2.0536811734167166,0,0.9138114101729544,23.96248897457821,2.249999160663411,0.75,0.1950903220161282,3,0.1841397849462365,0.2051282051282051,0.103135672655991
0.98939304883141,0.0006504508182969,0.3159459549631102,-4.02346658920955,0.0590045232308883,0.0036871589515205,1.3595141133778297e-05,0.0590908632324387,-0.3147108001000515,-4.029506714397428,0.057252364502172,0.0033819497240557,-0.3184369466516583,-4.011276246453194,0,0.9138113921175712,23.962488974578154,2.249999051202707,1.0,0.2588190451025207,3,0.1841397849462365,0.2051282051282051,0.103135672655991
0.989419037777258,0.0006702346548039,0.1616322836537884,-4.894690794742177,0.0588573850004382,0.0037992819770995,1.4434543541513167e-05,0.0589492805447695,-0.1608661129232584,-4.8982174268184995,0.057116899722035,0.0034848569029468,-0.1631781081324957,-4.887564753614823,0,0.9138113966754218,23.962488974578186,2.24999907883466,1.25,0.3214394653031616,3,0.1841397849462365,0.2051282051282051,0.103135672655991
0.9894856684572404,0.0006115729806104,-0.0763898775375034,-3.3157872126490897,0.058479104915539,0.0034663989373157,1.2015921592623592e-05,0.0585561068797874,0.0781878965005104,-3.3145132146693115,0.0567715237200474,0.0031805037291647,0.072773412186001,-3.318289351734272,0,0.9138114057691894,23.96248897457817,2.249999133965599,1.5,0.3826834323650898,3,0.1841397849462365,0.2051282051282051,0.103135672655991
0.9896241199353116,0.0004459474771246,0.2299480648309619,-3.0315501250951105,0.057693227160476,0.0025260006172818,6.380679118508305e-06,0.0577346860174121,-0.2285571564861058,-3.034183677242339,0.0560535959487716,0.0023221737472191,-0.2327441451269091,-3.0262266684330736,0,0.9138114032517404,23.96248897457812,2.2499991187035757,1.75,0.4422886902190012,3,0.1841397849462365,0.2051282051282051,0.103135672655991
0.9893893791535964,0.0003087596106577,1.5917048645011618,2.386213084140321,0.0590227709113352,0.0017498023867343,3.0618083926213364e-06,0.0590422208453105,-1.5910065654223453,2.383299784818851,0.057276158199173,0.0016061689814585,-1.593107549342343,2.3920641462024506,0,0.9138114052570242,23.96248897457812,2.249999130860603,2.0,0.4999999999999999,3,0.1841397849462365,0.2051282051282051,0.103135672655991
0.9893233121950512,0.0001851420793395,0.9739168225422852,-0.3574850988022042,0.0593969235969928,0.0010497910619698,1.1020612737916952e-06,0.0594038810074085,-0.9732494947783572,-0.3603708741607292,0.0576203224079455,0.0009620873176162,-0.9752601119485848,-0.3516757704096669,0,0.9138114003885464,23.96248897457813,2.2499991013454705,2.25,0.5555702330196022,3,0.1841397849462365,0.2051282051282051,0.103135672655991
0.9892170305032282,0.000353636730682,-0.9554527179647628,1.2083613453082034,0.0600004892372627,0.0020069281482924,4.027760592408684e-06,0.0600256572571695,0.9573730411634844,1.2118309840051005,0.058170902498942,0.0018344600199227,0.9515765082580452,1.201374993732637,0,0.913811410955672,23.962488974578186,2.249999165408635,2.5,0.6087614290087207,3,0.1841397849462365,0.2051282051282051,0.103135672655991
0.9890650382711972,0.0004007185076022,0.6766278764024264,-2.2230280225484353,0.060863312608242,0.002274119941646,5.171621508992323e-06,0.0608951684272269,-0.6754650263265655,-2.229228279870746,0.0589588869188301,0.0020786970897294,-0.6789744282247292,-2.210519047776246,0,0.9138114108132084,23.962488974578164,2.2499991645449513,2.75,0.6593458151000688,3,0.1841397849462365,0.2051282051282051,0.103135672655991
0.9890233575427034,0.0003901628467586,1.3477310523429933,1.1893118257445623,0.0610998667363036,0.0022140364688728,4.901957485498785e-06,0.0611299450622049,-1.346590968830314,1.1838757111586773,0.059175080934873,0.002024270281003,-1.350027590673067,1.2002581017395446,0,0.913811407354348,23.96248897457817,2.249999143575619,3.0,0.7071067811865475,3,0.1841397849462365,0.2051282051282051,0.103135672655991
0.9887513343268564,0.0002261154817855,0.2110257612049038,1.5104639527856332,0.062644231172918,0.0012849756207222,1.6511623458504571e-06,0.0626541145576679,-0.2091743571927669,1.5100269636293415,0.060585068556747,0.0011697405598426,-0.2147671034758705,1.511358398056883,0,0.9138114138783556,23.962488974578132,2.2499991831274,3.25,0.7518398074789774,3,0.1841397849462365,0.2051282051282051,0.103135672655991
0.9887466168619082,0.0002267019965926,0.3323903071573522,1.469509528168972,0.0626710432478841,0.001288298290062,1.659712484176867e-06,0.0626809735577016,-0.3305857746309901,1.4688065894751414,0.0606094664645247,0.0011727938325825,-0.3360366319225181,1.4709414342468108,0,0.9138114111768008,23.962488974578186,2.2499991667492285,3.5,0.7933533402912352,3,0.1841397849462365,0.2051282051282051,0.103135672655991
0.9888711114724014,0.0003381138172183,-0.0760771831117169,-2.252938175253952,0.0619641744258104,0.0019207259673098,3.689188241498408e-06,0.0619864969445231,0.0774713580536727,-2.2523392191030904,0.059964303201365,0.00175045057147,0.0732611213463394,-2.254124797664897,0,0.9138114046832098,23.96248897457817,2.2499991273818516,3.75,0.8314696123025451,3,0.1841397849462365,0.2051282051282051,0.103135672655991
0.9887536074553432,0.0003433656118511,1.5456784765956224,2.347261071990749,0.0626318368652488,0.0019504046810571,3.804078419889779e-06,0.0626546091515226,-1.544776999308727,2.3440286441818685,0.0605723453982187,0.0017779251492643,-1.5474963882180577,2.3537808638812088,0,0.9138114129370428,23.962488974578186,2.2499991774206927,4.0,0.8660254037844386,3,0.1841397849462365,0.2051282051282051,0.103135672655991
0.988896787536954,0.0003105713581919,0.1156943063328829,-3.202937362621091,0.0618181862482321,0.0017639980541603,3.1116891350815175e-06,0.0618370594212922,-0.1147464682823719,-3.203885494405487,0.0598316146595344,0.0016083518342024,-0.1176086054362511,-3.201007071892569,0,0.9138114071130352,23.962488974578175,2.24999914211266,4.25,0.8968727415326884,3,0.1841397849462365,0.2051282051282051,0.103135672655991
0.98872796488499,0.0005392169007898,-0.6385836594719744,-1.4765982330706713,0.0627789307896459,0.0030656529443802,9.398227975387038e-06,0.0628350445378428,0.6406732922238867,-1.4696376857221054,0.0607024779482336,0.0027869520739263,0.6343567447337066,-1.4906502092286704,0,0.9138114186298192,23.962488974578132,2.249999211933136,4.5,0.9238795325112868,3,0.1841397849462365,0.2051282051282051,0.103135672655991
0.9884914638465436,0.0004323114692066,0.6829647268751904,0.1340647176983509,0.0641228716286524,0.0024585480856414,6.0444586894110124e-06,0.064158210775564,-0.680587442002336,0.129860704426628,0.0619260451669225,0.0022331336994364,-0.6877728165923052,0.1425990407788671,0,0.9138114158813372,23.962488974578193,2.249999195270468,4.75,0.9469301294951056,3,0.1841397849462365,0.2051282051282051,0.103135672655991
0.9883910962038472,0.0004552552534685,1.686204219763711,2.958564677282432,0.0646940816397904,0.0025888593882069,6.7021929319072585e-06,0.0647329193217392,-1.685270822419154,2.9556124295879265,0.0624437264214906,0.0023519617699974,-1.6880884996324117,2.964527090299935,0,0.913811417353658,23.96248897457812,2.249999204196414,5.0,0.9659258262890684,3,0.1841397849462365,0.2051282051282051,0.103135672655991
0.9881710213223882,0.0001055328313963,0.070607765351518,1.4521349948228348,0.0659454125016578,0.0006010325610298,3.6124013941804665e-07,0.0659474666694511,-0.0697353339654419,1.452062739385541,0.0635809618280941,0.0005435392505619,-0.0723789498635734,1.4522859911775168,0,0.9138114172405736,23.962488974578154,2.249999203510838,5.25,0.9807852804032304,3,0.1841397849462365,0.2051282051282051,0.103135672655991
0.9879194470487144,0.0005916822295578,-1.9323645616213436,3.797103999730677,0.0673815456279413,0.0033764984416166,1.14007417262395e-05,0.06744496458228,1.932667685389288,3.797961590246576,0.0648705161466772,0.0030350705263211,1.931744472803836,3.795350765236151,0,0.9138114282917984,23.962488974578175,2.2499992705088587,5.5,0.9914448613738104,3,0.1841397849462365,0.2051282051282051,0.103135672655991
0.9877015687897498,0.0005639639353812,-0.4029443193569884,-3.717478594879734,0.068623822246819,0.0032181874894901,1.0356730717511077e-05,0.0686803940568277,0.4041223037571422,-3.710972106405068,0.0659900934716632,0.002893132716572,0.4005500509350904,-3.73070565461291,0,0.9138114247026288,23.96248897457816,2.2499992487495293,5.75,0.9978589232386036,3,0.1841397849462365,0.2051282051282051,0.103135672655991
0.9874837020492292,0.0004888660392825,1.3362167431605614,2.240244678926068,0.0698666630983685,0.002789628103138,7.782024953817608e-06,0.0699084196017639,-1.3341615609069963,2.2359828901654755,0.0671084574865286,0.0025079235430915,-1.3403926819781846,2.2489233390359935,0,0.913811425977968,23.962488974578193,2.2499992564812663,6.0,1.0,3,0.1841397849462365,0.2051282051282051,0.103135672655991
0.987188883153168,0.0002076150175005,0.3288790846936889,-3.785463117473588,0.0716139106199673,0.0012707192105585,1.6147273120825105e-06,0.0716223654996728,-0.1888020187107158,-3.577012949814698,0.0686297920402441,0.0010735325935465,-0.3096827302046245,-3.765628005675838,0,0.91381142871999,23.962488974578125,2.249999273104773,6.25,0.9978589232386036,3,0.1841397849462365,0.2051282051282051,0.103135672655991
0.987010111541714,0.0004933794191398,-1.2743066364744693,1.237055760635165,0.0727838584964017,0.0030983218189722,9.599598093919704e-06,0.0728333011485452,1.2633281741427007,1.1203074651009892,0.0695618181204558,0.0025564901888387,1.2685306584047151,1.201757633632285,0,0.9138114344263932,23.96248897457816,2.249999307699828,6.5,0.9914448613738104,3,0.1841397849462365,0.2051282051282051,0.103135672655991
0.9866972610211362,0.0005335937229398,0.1995075127504952,-4.198613018274532,0.074962038688574,0.003661563603417,1.3407048021868438e-05,0.0750290778989297,-0.0393704805121787,-3.609266905558409,0.0712137878816809,0.0028060249735891,-0.1771991546829428,-4.106625546263739,0,0.913811435768607,23.96248897457816,2.2499993158369964,6.75,0.9807852804032304,3,0.1841397849462365,0.2051282051282051,0.103135672655991
0.9863572613285878,0.0004549642971313,1.261793710039802,2.035172641698617,0.0773455822309181,0.0032645076882927,1.0657010446922712e-05,0.0773972341138552,-1.006632824180809,0.876887614219708,0.0730086864721885,0.0024085185792641,-1.218948670329996,1.8478545951132652,0,0.9138114376764604,23.962488974578157,2.2499993274033536,7.0,0.9659258262890684,3,0.1841397849462365,0.2051282051282051,0.103135672655991
0.98604175342934,0.000260620729802,-0.2254923681606184,-2.205954350517718,0.0795930403191175,0.002069943110153,4.284664479270151e-06,0.0796132248159822,-0.2160352442437589,-1.151392612297533,0.0746760726427858,0.0014027581050971,0.137371799771291,-2.0246529676053537,0,0.913811439198658,23.962488974578203,2.2499993366316704,7.25,0.9469301294951056,3,0.1841397849462365,0.2051282051282051,0.103135672655991
0.9856572566066836,0.0006100672794061,-1.4781681885536802,2.424743168359442,0.0824376661982005,0.0042103231560861,1.7726821078674868e-05,0.0825182641844515,1.4990854039249537,2.452480163265003,0.0767096884950531,0.0031784995599696,1.4776909228162296,2.4179869305751627,0,0.9138114458576388,23.962488974578193,2.2499993770017275,7.5,0.9238795325112868,3,0.1841397849462365,0.2051282051282051,0.103135672655991
0.9855789052840328,0.0005365022056917,-1.8614366227812595,3.5082771020810313,0.0830900961350613,0.0036398035512401,1.3248169891620484e-05,0.0831498659238392,1.837847422338704,3.520067083507257,0.0771364354617332,0.002782550672897,1.8598224869872464,3.5185075268925203,0,0.9138114383132576,23.962488974578143,2.2499993312639357,7.75,0.8968727415326884,3,0.1841397849462365,0.2051282051282051,0.103135672655991
0.9855630664584614,0.0005233378691575,-1.9159957182612544,3.689501307944574,0.0835534611931088,0.0033003087089895,1.0892037574632516e-05,0.0836023319383455,1.934458436029019,3.7812185517329944,0.077271474618247,0.0026725807971684,1.941429989664831,3.789136911178016,0,0.9138114384669696,23.962488974578168,2.2499993321958125,8.0,0.8660254037844387,3,0.1841397849462365,0.2051282051282051,0.103135672655991
0.9856304595577512,0.0005680935682637,-1.9218612429572175,3.76806125899639,0.0835877450337668,0.0032780577053442,1.0745662319566876e-05,0.0836359394433379,1.9309109384814775,3.781729517315494,0.0769926989962958,0.0028573696623739,1.9474328807870056,3.838798166836757,0,0.9138114375761004,23.962488974578186,2.2499993267949177,8.25,0.8314696123025451,3,0.1841397849462365,0.2051282051282051,0.103135672655991
0.9857765757939196,0.0002796823491882,-1.6737728985323872,3.161996191783011,0.0831117206372003,0.0023336858127939,5.446089472835583e-06,0.0831362897559221,1.8636043438776528,3.580006677371067,0.0763119066884256,0.0015069811413046,1.8093689600663467,3.463875358177294,0,0.9138114422944812,23.962488974578154,2.249999355400094,8.5,0.7933533402912352,3,0.1841397849462365,0.2051282051282051,0.103135672655991
0.9856082941525676,0.000389592353558,-0.0732345546345157,-4.472413007287818,0.0846629038515418,0.0028950413850782,8.381264621315854e-06,0.0847000191088609,0.1199904539145234,-5.20557467365634,0.0772464699164321,0.0020605471589108,0.0889749691570826,-4.6655065965595135,0,0.9138114435039872,23.96248897457816,2.249999362732722,8.75,0.7518398074789774,3,0.1841397849462365,0.2051282051282051,0.103135672655991
0.9856255310349868,0.0004061813797147,-0.1385621907962984,-4.963638677865935,0.0853300234868502,0.0024560265769003,6.032066546440924e-06,0.0853565285035435,-0.9219927225928024,0.364169096924444,0.0772721452130513,0.0020371577786487,0.0632090327596588,-4.490639144883863,0,0.9138114386159985,23.962488974578125,2.249999333099302,9.0,0.7071067811865476,3,0.1841397849462365,0.2051282051282051,0.103135672655991
0.9857307947831124,0.0005615709430932,0.5215880157094144,-2.2749564728446057,0.085411994002502,0.0023107074593457,5.339368962676073e-06,0.0854354332007829,-0.799556456892327,-0.0195087158142985,0.0768397653183651,0.0026994621257318,-0.561443623657491,-1.9694134781737096,0,0.9138114349620824,23.96248897457814,2.2499993109474428,9.25,0.659345815100069,3,0.1841397849462365,0.2051282051282051,0.103135672655991
0.9860320253867833,0.00062215892813,-1.037568616800072,0.0168036605641539,0.0841277624883549,0.002821683598962,7.961898332651206e-06,0.0841632452145623,0.6309955583523914,-1.6439506877211,0.0753813561554995,0.0030321557833276,0.9771118288978994,-0.2349225611747609,0,0.9138114337630282,23.962488974578175,2.2499993036781776,9.5,0.6087614290087209,3,0.1841397849462365,0.2051282051282051,0.103135672655991
0.9862505606949744,0.0002975726636276,0.0552676434210668,-3.988370422248863,0.0834760361920784,0.0018584536666193,3.453850030971088e-06,0.0834915505058112,-0.2107595996508673,-4.777453792327044,0.0743675865252582,0.0015266952652433,-0.1124617400608463,-4.257169724083948,0,0.9138114378496672,23.962488974578147,2.249999328453419,9.75,0.5555702330196025,3,0.1841397849462365,0.2051282051282051,0.103135672655991
0.986324780283224,0.0002209929378029,-0.1057989828873119,-1.6962144067179938,0.0835404558429535,0.0019323542575227,3.733992976566319e-06,0.083557215470484,-0.1896948789069287,-4.837330848803356,0.0740641423781473,0.0012043025071761,-0.0638345720563009,-2.7831031632835828,0,0.9138114368285036,23.962488974578147,2.2499993222626173,10.0,0.4999999999999999,3,0.1841397849462365,0.2051282051282051,0.103135672655991
0.986350985157011,0.0002419645331918,-0.3781588128754498,-3.569681306085979,0.0840195659338988,0.0017752871970437,3.151644631987566e-06,0.0840336313221959,-1.6746100229665712,2.7209588250756944,0.0740240657364821,0.0012329721332782,0.0575916242382164,-3.4845987123423807,0,0.9138114347135472,23.962488974578143,2.2499993094406983,10.25,0.4422886902190017,3,0.1841397849462365,0.2051282051282051,0.103135672655991
0.9865324750023096,0.0005457336226696,1.324591803189689,1.5517898528607983,0.0838714947420042,0.0020638870600662,4.259629796708719e-06,0.0838905379205877,-1.7559230176977736,3.0588544786893976,0.0732314159180663,0.0026124448600038,-1.4002471313839908,1.7630848821578375,0,0.9138114285257012,23.962488974578147,2.249999271926895,10.5,0.3826834323650899,3,0.1841397849462365,0.2051282051282051,0.103135672655991
0.9867736973364722,0.0004801794361617,-0.0509119940926835,-2.96098252447537,0.0832233526584164,0.0019570062903141,3.829873620329335e-06,0.0832406080763614,-0.3670285183533018,-1.8895387924239255,0.0721147507254301,0.0023233102556512,0.0003177037927594,-2.8611483607670927,0,0.913811430873052,23.962488974578132,2.2499992861577067,10.75,0.3214394653031617,3,0.1841397849462365,0.2051282051282051,0.103135672655991
0.9870174223230506,0.0003440404960336,-1.42124598798294,1.8423712018646088,0.0821994183447435,0.0015624159626327,2.4411436402895414e-06,0.0822105542734287,0.9591140298121896,-0.4501964658723789,0.0709303436762359,0.0016891010100842,1.360245953309965,1.5599845790019042,0,0.9138114292580052,23.962488974578154,2.249999276366488,11.0,0.258819045102521,3,0.1841397849462365,0.2051282051282051,0.103135672655991
0.9871996248989234,0.0001181337654207,-1.4602272838202817,2.2205767959161964,0.0812325667161725,0.0008998848320666,8.0979271098365e-07,0.0812363049370825,1.307625003868427,1.995616620077083,0.0700138495049773,0.0006299016916715,1.5460377444207134,2.241985091224061,0,0.9138114287176474,23.962488974578132,2.2499992730905705,11.25,0.1950903220161281,3,0.1841397849462365,0.2051282051282051,0.103135672655991
0.987130214292804,0.000121704354817,0.1259098574858959,-5.21884482062481,0.0813603256835163,0.0008616711878098,7.42477235901677e-07,0.0813637477827488,0.6544502351173517,1.5291595447231412,0.0703280604145274,0.0006234146455817,-0.1795838003460254,-4.570955835531372,0,0.9138114306579338,23.96248897457813,2.249999284853553,11.5,0.130526192220052,3,0.1841397849462365,0.2051282051282051,0.103135672655991
0.987227578166566,0.0001642136574586,-0.2347076270657005,1.1177977095501106,0.080803267222197,0.0005395155006766,2.910769754704145e-07,0.0808046180704629,0.0370124405350847,-5.103894003505394,0.0698310631864713,0.0007703762544707,0.2148769971592656,0.7163427518529915,0,0.9138114274771914,23.962488974578168,2.2499992655703065,11.75,0.0654031292301431,3,0.1841397849462365,0.2051282051282051,0.103135672655991
0.9872309398063476,0.0001638810886158,-0.3584739241998839,1.3582285992718006,0.0807571724379431,0.0005042192131275,2.542370148869279e-07,0.080758352991705,0.367558344450375,-3.2195148376512375,0.069809918309684,0.0007668312836061,0.3803701267880522,1.142611767804686,0,0.9138114291135244,23.962488974578115,2.2499992754905747,12.0,1.2246467991473532e-16,3,0.1841397849462365,0.2051282051282051,0.103135672655991
0.987296780596692,0.0002212585685708,-0.4943000215189341,-1.6043710525014916,0.0805168011954986,0.0008394442956516,7.046667255021776e-07,0.0805200830526122,-0.5914334836012473,-1.2618995447943018,0.0694935957148164,0.0010621239123124,0.3723895542471865,-1.7466705604390107,0,0.9138114264989552,23.96248897457816,2.2499992596397536,12.25,-0.0654031292301428,3,0.1841397849462365,0.2051282051282051,0.103135672655991
0.9873887034663884,0.0001235669972708,-0.7472092615968327,1.5182582748779565,0.0801817702114418,0.0006366667912359,4.053446030626848e-07,0.0801836659344828,0.3445200386417152,0.7836541939117136,0.0690526999188663,0.0006179290174003,0.7004611188528772,1.6640483471530452,0,0.913811427644054,23.962488974578143,2.249999266581912,12.5,-0.1305261922200517,3,0.1841397849462365,0.2051282051282051,0.103135672655991
0.9873293447906064,0.0001560116986596,0.524756758218773,-2.4934490846822506,0.0804315591152469,0.000845415290531,7.147270134637379e-07,0.080434891353004,-0.2705659992713582,-3.471812793104572,0.0693425647638463,0.0007898498270925,-0.4837779388672521,-2.659444705189811,0,0.913811429481179,23.96248897457818,2.249999277719476,12.75,-0.1950903220161279,3,0.1841397849462365,0.2051282051282051,0.103135672655991
0.987550542659816,0.0003972442041095,1.2753329077886493,2.0164282239983535,0.0792701600307549,0.0020946587225722,4.38759516404793e-06,0.0792909135252869,-1.2097986429785266,2.053575015835303,0.0682248198916516,0.0020086654475423,-1.2698194683494004,2.0320149660299993,0,0.9138114209440972,23.962488974578154,2.249999225963441,13.0,-0.2588190451025208,3,0.1841397849462365,0.2051282051282051,0.103135672655991
0.9875353241048964,0.0003998898567539,1.4713302330498017,2.65128157583678,0.0792398377572339,0.0020919955412762,4.376445344719756e-06,0.0792605464389521,-1.127881771437978,1.7931672071193605,0.0682852300800781,0.0020184518705625,-1.4263585710554738,2.5378146043236782,0,0.913811426928994,23.962488974578186,2.249999262246861,13.25,-0.3214394653031615,3,0.1841397849462365,0.2051282051282051,0.103135672655991
0.9875392487727196,0.0003980500245929,1.442199400635656,2.6396112920541306,0.0790252659928769,0.0020291610947136,4.1174947482995345e-06,0.0790448023990583,-0.6354244825551526,1.6901107054416205,0.0682366219532005,0.0019968894333724,-1.347360170742241,2.505852609044439,0,0.9138114273023256,23.962488974578186,2.2499992645101825,13.5,-0.3826834323650896,3,0.1841397849462365,0.2051282051282051,0.103135672655991
0.9875756174369936,0.000359422551582,1.8637758980950223,3.568140954395883,0.0783985541478567,0.0013913704136555,1.935911627996091e-06,0.078407813553213,-1.8312707612825077,3.390044694166935,0.0679887416003002,0.0017343367403245,-1.9235004916079488,3.752060813193612,0,0.913811427771617,23.962488974578193,2.24999926735526,13.75,-0.4422886902190014,3,0.1841397849462365,0.2051282051282051,0.103135672655991
0.9872944849560776,0.0002139047358755,-1.631252184949144,2.731593443459392,0.079307228010237,0.000505677878825,2.5571011713297804e-07,0.0793084371126778,0.7030528698979388,1.2192480274730908,0.0693238718769444,0.000967034433438,1.76025891503824,3.186508807171588,0,0.913811430582419,23.962488974578154,2.249999284395743,14.0,-0.4999999999999998,3,0.1841397849462365,0.2051282051282051,0.103135672655991
0.9870459186925884,0.0018592253610959,-1.610971545890464,2.4177730009544796,0.0758904189924724,0.0175037572142269,0.0003063815166146,0.0773895460143938,1.8507732104859491,3.4334442350507537,0.0681453525317376,0.0072417541606047,1.3534125326790007,1.2421238319380947,0,0.8320502059374407,33.69006752597976,1.4999997126987152,0.0,0.0,2,0.0675403225806451,0.2,0.0858535759201519
0.9865486472035568,0.0020453849146837,-0.1613233938947329,-5.049660725881479,0.0820445112121991,0.0195317103058339,0.000381487707471,0.0837700280568888,0.0788700428060959,-5.536798628294825,0.069559987374843,0.0078220539943298,0.2525181846852483,-4.513910742256792,0,0.832050200781745,33.69006752597976,1.499999695942707,0.25,0.065403129230143,2,0.0675403225806451,0.2,0.0858535759201519
0.9855023178241245,0.0019624622865014,1.623038712314076,2.550569803965402,0.0916113499563316,0.0180900011026001,0.000327248139892,0.0929412478167821,-1.7992595045744568,3.253136289174911,0.0736958673063813,0.007739674895655,-1.4529859480705838,1.8489428098021925,0,0.8320502075645091,33.69006752597976,1.4999997179866864,0.5,0.1305261922200515,2,0.0675403225806451,0.2,0.0858535759201519
0.9843958740878928,0.0006012661466803,1.484397723762772,2.0440662721516833,0.1015522222250923,0.0039915993722227,1.5932865548328844e-05,0.1016110401876478,-1.4831758176202483,2.039402883235418,0.0781295649048862,0.0028912877380733,-1.4869166719854192,2.0536811760827725,0,0.8320502082520169,33.690067525979785,1.4999997202210855,0.75,0.1950903220161282,2,0.0675403225806451,0.2,0.0858535759201519
0.984767770383722,0.0009365891068272,0.3157661648475239,-4.02434576905851,0.0990865066871189,0.0062140067083436,3.86138793713401e-05,0.0992325360805868,-0.3144743721388268,-4.030662345573749,0.0763364860028961,0.0045092662965845,-0.3184369466579697,-4.011276244800804,0,0.8320501970252712,33.69006752597976,1.4999996837341698,1.0,0.2588190451025207,2,0.0675403225806451,0.2,0.0858535759201519
0.9848051852899616,0.0009650751172187,0.1615207609441102,-4.895204120305918,0.0988385923344036,0.0064029609181489,4.0997908519343355e-05,0.0989940188397053,-0.16071949358092,-4.898891683131579,0.0761558662960468,0.0046464758685032,-0.1631781081338999,-4.887564752975104,0,0.8320501998593194,33.690067525979785,1.4999996929448238,1.25,0.3214394653031616,2,0.0675403225806451,0.2,0.0858535759201519
0.9849011486219156,0.000880594688643,-0.0766515419557453,-3.3156019998955735,0.0982008868999499,0.00584183605214,3.412704846008269e-05,0.0983311215957685,0.0785325715093585,-3.3142657038294487,0.0756953649600632,0.0042406716365936,0.072773412184047,-3.318289350808257,0,0.832050205513778,33.690067525979785,1.4999997113218104,1.5,0.3826834323650898,2,0.0675403225806451,0.2,0.0858535759201519
0.9851005447550428,0.0006420526757793,0.2297459327729262,-3.0319329375504243,0.0968761002078844,0.0042564785860598,1.8117609953586147e-05,0.0969462067280264,-0.2282907130232194,-3.0346865682977473,0.0747381279316954,0.0030962316598189,-0.2327441451189523,-3.0262266698034797,0,0.8320502039484409,33.690067525979764,1.4999997062344663,1.75,0.4422886902190012,2,0.0675403225806451,0.2,0.0858535759201519
0.98476258084797,0.0004445690548863,1.5916032726811402,2.385789282321431,0.0991164343504865,0.0029488174690987,8.695524466061725e-06,0.0991493277924961,-1.590872629376518,2.382740967536119,0.0763682109322306,0.0021415586374042,-1.5931075493450653,2.392064163219965,0,0.832050205195316,33.69006752597977,1.4999997102868106,2.0,0.4999999999999999,2,0.0675403225806451,0.2,0.0858535759201519
0.9846674636921032,0.0002665982141382,0.9738196252133262,-0.3579054165134341,0.0997468826453685,0.0017693170828702,3.1304829397363554e-06,0.0997586510517946,-0.973121550490894,-0.3609240663426103,0.0768270965439273,0.0012827830825742,-0.975260111741252,-0.3516757672641102,0,0.8320502021681214,33.69006752597977,1.4999997004484291,2.25,0.5555702330196022,2,0.0675403225806451,0.2,0.0858535759201519
0.9845143873538584,0.0005092891300293,-0.9557329434710538,1.2088674330381757,0.1007644320136563,0.0033830382946301,1.1444948102934263e-05,0.1008070159766271,0.9577411206281412,1.2124967901569317,0.0775612033319227,0.0024459466892542,0.9515765082962044,1.201374988993484,0,0.8320502087387064,33.690067525979785,1.499999721802827,2.5,0.6087614290087207,2,0.0675403225806451,0.2,0.0858535759201519
0.9842954868178766,0.0005770937515926,0.6764581861876712,-2.2239327398181548,0.1022189568313224,0.0038334372628435,1.4695241248157775e-05,0.1022728535175384,-0.6752420971171991,-2.2304170168958652,0.0786118492251068,0.0027715961161298,-0.6789744282112357,-2.210519051676457,0,0.8320502086501231,33.690067525979806,1.4999997215149306,2.75,0.6593458151000688,2,0.0675403225806451,0.2,0.0858535759201519
0.9842354599962448,0.0005618854169668,1.3475647113109095,1.188518769563654,0.1026177149552518,0.0037320979324402,1.392855497732502e-05,0.1026686020108889,-1.3463721939021318,1.1828324012028713,0.0789001079131641,0.0026990270377335,-1.3500275907045869,1.2002581079157704,0,0.8320502064994217,33.69006752597976,1.4999997145251536,3.0,0.7071067811865475,2,0.0675403225806451,0.2,0.0858535759201519
0.9838436840511188,0.0003257043575373,0.2107547881405513,1.510399777289349,0.1052212138890875,0.0021666221543801,4.694251559850928e-06,0.1052379424968152,-0.2088189358353174,1.5099437316418278,0.080780091408996,0.0015596540735519,-0.2147671036219085,1.5113584421514492,0,0.8320502105560162,33.69006752597977,1.499999727709083,3.25,0.7518398074789774,2,0.0675403225806451,0.2,0.0858535759201519
0.9838368887250084,0.0003265488076162,0.3321261975171317,1.4694063408372493,0.1052664233843932,0.0021722212057123,4.7185449665464985e-06,0.105283231337508,-0.3302393299399471,1.4686720026065672,0.0808126219526997,0.0015637251038879,-0.3360366319828738,1.4709414530754366,0,0.8320502088762033,33.690067525979785,1.4999997222496917,3.5,0.7933533402912352,2,0.0675403225806451,0.2,0.0858535759201519
0.9840161922369306,0.0004870039491046,-0.0762810700032533,-2.252850693292901,0.1040747564458254,0.003238341200148,1.0486853728576483e-05,0.1041125356023678,0.0777389188858036,-2.2522230514298904,0.0799524042684867,0.0023339340911251,0.0732611213240541,-2.2541247985516435,0,0.8320502048385213,33.690067525979785,1.4999997091272272,3.75,0.8314696123025451,2,0.0675403225806451,0.2,0.0858535759201519
0.9838469389347148,0.0004945626463678,1.545546663989816,2.346788437778123,0.1052004848848853,0.0032883292503719,1.0813109258851993e-05,0.1052390224772119,-1.54460384322569,2.343407832410831,0.080763127197625,0.0023705668615815,-1.5474963881770674,2.3537808519974828,0,0.832050209970713,33.690067525979785,1.4999997258068474,4.0,0.8660254037844386,2,0.0675403225806451,0.2,0.0858535759201519
0.9840531797080228,0.0004473231163488,0.1155557384485893,-3.203076040329295,0.1038285785163193,0.0029740116241788,8.844745140750645e-06,0.1038605183675445,-0.1145645980602748,-3.204066565121426,0.0797754862127125,0.0021444691077334,-0.1176086054773086,-3.2010070488075826,0,0.8320502063493741,33.690067525979806,1.4999997140374977,4.25,0.8968727415326884,2,0.0675403225806451,0.2,0.0858535759201519
0.9838099515781004,0.0007767573087859,-0.6388898006004624,-1.4755785808145545,0.1054489472737896,0.0051695029657142,2.6723760912528293e-05,0.1055439401473853,0.6410745153244035,-1.4682997113242546,0.0809366372643114,0.0037159360959501,0.6343567447249934,-1.490650206104137,0,0.8320502135104522,33.69006752597977,1.4999997373109983,4.5,0.9238795325112868,2,0.0675403225806451,0.2,0.0858535759201519
0.9834692894979484,0.0006227826998275,0.682616226867694,0.1334480931104398,0.1077149745210554,0.0041459875215348,1.7189212528722662e-05,0.1077748006050957,-0.680130728789329,0.12905457087178,0.0825680602225634,0.0029775115959801,-0.6877728166106841,0.1425990464353486,0,0.8320502118014603,33.690067525979785,1.499999731756775,4.75,0.9469301294951056,2,0.0675403225806451,0.2,0.0858535759201519
0.98332468545183,0.0006558289463539,1.6860674047731452,2.9581319131826262,0.1086783742080369,0.0043656837387459,1.905919450675054e-05,0.1087441189967631,-1.6850913122690243,2.9550447822477146,0.0832583018953208,0.0031359490235595,-1.688088499616257,2.9645270910034505,0,0.8320502127169417,33.69006752597977,1.4999997347320897,5.0,0.9659258262890684,2,0.0675403225806451,0.2,0.0858535759201519
0.9830076568144802,0.000152061619911,0.0704794619861399,1.4521243252340117,0.1107884885820235,0.0010138365082069,1.0278644653733305e-06,0.1107919676720212,-0.0695676749594699,1.452050890646177,0.0847746157707921,0.0007247189873168,-0.0723789483343438,1.4522843319149032,0,0.8320502126466265,33.69006752597977,1.4999997345035652,5.25,0.9807852804032304,2,0.0675403225806451,0.2,0.0858535759201519
0.982645039621178,0.0008528025321487,-1.93240933097475,3.7972306385671577,0.113212085952897,0.0056977503820184,3.246435941579101e-05,0.1133195688103692,1.9327258475764872,3.7981261814768,0.086494021528903,0.0040467606993554,1.9317444728139324,3.79535076509638,0,0.8320502195182222,33.69006752597976,1.4999997568362482,5.5,0.9914448613738104,2,0.0675403225806451,0.2,0.0858535759201519
0.982331047544287,0.0008128466327891,-0.4031182928424296,-3.7165176129857063,0.1153080472461492,0.0054305614128729,2.9490997258984635e-05,0.1154039167778304,0.4043492117502448,-3.7097188938958414,0.087986791295551,0.0038575102862381,0.400550050925646,-3.7307056495580166,0,0.8320502172864949,33.69006752597976,1.4999997495831354,5.75,0.9978589232386036,2,0.0675403225806451,0.2,0.0858535759201519
0.9820170485877407,0.0007046064528802,1.3359132231104789,2.239614954221217,0.1174051649640702,0.0047073773530062,2.2159401543596007e-05,0.1174759222623863,-1.3337656153195432,2.2351626184503033,0.0894779433153715,0.0033438980545423,-1.3403926819882577,2.248923342745302,0,0.8320502180794938,33.69006752597982,1.4999997521603798,6.0,1.0,2,0.0675403225806451,0.2,0.0858535759201519
0.981591290934591,0.0003003271413453,0.3228846449900792,-3.78182812186813,0.1203165318522221,0.0020950384749725,4.389186211615292e-06,0.1203302111965465,-0.2408531207962467,-3.6775390797662215,0.0915063893869921,0.0014313767845884,-0.3096827297298445,-3.7656281993038223,0,0.8320502197844688,33.69006752597982,1.4999997577015485,6.25,0.9978589232386036,2,0.0675403225806451,0.2,0.0858535759201519
0.9813316332657136,0.0007149056820454,-1.2739185222946607,1.2313901833132856,0.1222078448066389,0.0050728215739175,2.5733518720802876e-05,0.1222867837148567,1.2679102460778648,1.161572912358288,0.0927490908272745,0.0034086535822594,1.2685306584200304,1.2017576289913094,0,0.8320502233326817,33.690067525979806,1.4999997692332392,6.5,0.9914448613738104,2,0.0675403225806451,0.2,0.0858535759201519
0.9808755917496708,0.0007769814228439,0.1920876413947307,-4.174030922003974,0.1256623187864306,0.0058281927397238,3.396783061136973e-05,0.1257636443322991,-0.0953579126881416,-3.825763720332091,0.0949517171755745,0.0037413666288468,-0.1771991546960973,-4.106625542044075,0,0.8320502241672636,33.69006752597978,1.4999997719456306,6.75,0.9807852804032304,2,0.0675403225806451,0.2,0.0858535759201519
0.9803797312576624,0.0006642950581739,1.2469951470087892,1.975395394128029,0.1294360418701421,0.0051284087224293,2.6300576024289037e-05,0.1295122170570305,-1.0842695994964322,1.2563792212069878,0.0973449152962514,0.003211358102649,-1.2189486703182613,1.8478545947820704,0,0.832050225353557,33.690067525979806,1.4999997758010826,7.0,0.9659258262890684,2,0.0675403225806451,0.2,0.0858535759201519
0.979919093360428,0.0003830388427148,-0.1994241410718274,-2.151167120432996,0.1329791135463461,0.0031600445361939,9.98588147072907e-06,0.1330072706684678,-0.0841102192544947,-1.4884476176037271,0.0995680968570477,0.0018703441349144,0.1373717998276725,-2.024652907261748,0,0.8320502263000521,33.690067525979785,1.4999997788771915,7.25,0.9469301294951056,2,0.0675403225806451,0.2,0.0858535759201519
0.9793562098089552,0.0008892994410063,-1.479666234126266,2.4269853449516123,0.1374208980175665,0.0067120332158437,4.505138989058928e-05,0.1375437812275508,1.4938523776432089,2.446798909222668,0.1022795846600709,0.0042379994109903,1.4776909228320647,2.4179869304779658,0,0.8320502304405721,33.69006752597981,1.4999997923338793,7.5,0.9238795325112868,2,0.0675403225806451,0.2,0.0858535759201519
0.979240604363458,0.0007812010291314,-1.8615719432161515,3.513462586202806,0.1384061987500636,0.0058311896577604,3.400277282477218e-05,0.1384982957731274,1.8508964683311964,3.5342354966519203,0.1028485806156443,0.0037100675612324,1.8598224869916056,3.518507525177096,0,0.8320502257495144,33.69006752597977,1.499999777087945,7.75,0.8968727415326884,2,0.0675403225806451,0.2,0.0858535759201519
0.9792130240480011,0.0007584248185197,-1.9249881896493253,3.724156131339498,0.1389740346972207,0.0053969781327497,2.912737296537848e-05,0.1390526082090816,1.9616439893546824,3.881869047788559,0.1030286328243294,0.0035634410601527,1.9414299896872216,3.789136897063841,0,0.8320502258450919,33.69006752597976,1.4999997773985725,8.0,0.8660254037844387,2,0.0675403225806451,0.2,0.0858535759201519
0.9793049061551776,0.0008194127113758,-1.93076679233891,3.793019159317815,0.1387884850121387,0.0055187047730065,3.045610237160531e-05,0.1388707515956594,1.96794519733399,3.8866163922732575,0.1026569319950611,0.0038098262139372,1.9474328807775692,3.838798175834306,0,0.8320502252911536,33.690067525979785,1.4999997755982724,8.25,0.8314696123025451,2,0.0675403225806451,0.2,0.0858535759201519
0.9795111668477848,0.0004115732185128,-1.7223317736419237,3.269816659204672,0.1377719704604139,0.0034944303301671,1.221104333239212e-05,0.1378052035557601,1.9210414224468615,3.711820951129944,0.1017492089179008,0.0020093081835504,1.8093689601166345,3.463875291316171,0,0.832050228225019,33.69006752597977,1.4999997851333338,8.5,0.7933533402912352,2,0.0675403225806451,0.2,0.0858535759201519
0.979260915351192,0.0005703290054361,-0.0790345209510371,-4.533754162109755,0.1400567339798273,0.0045100363930141,2.034042826631216e-05,0.1401111846152756,0.1162406198742704,-5.0458098856075235,0.1029952932219094,0.0027473962083292,0.08897496907691,-4.6655065704195895,0,0.8320502289770835,33.6900675259798,1.4999997875775424,8.75,0.7518398074789774,2,0.0675403225806451,0.2,0.0858535759201519
0.9792760593799376,0.0005846730536795,-0.1228106188961713,-4.851644973074469,0.1407413598448786,0.0039894233708348,1.5915498831763367e-05,0.1407837596994392,-0.4475776223211044,-1.7960824802843955,0.103029526950735,0.002716210367939,0.0632090327217384,-4.490639135024301,0,0.8320502259377569,33.69006752597977,1.4999997776997331,9.0,0.7071067811865476,2,0.0675403225806451,0.2,0.0858535759201519
0.9794192045891378,0.0007983379200041,0.531735662039532,-2.191064340234215,0.1404836185151022,0.0044227191003786,1.956044424085412e-05,0.1405358224947554,-0.6837143170619577,-0.9418454811549228,0.1024530204244868,0.0035992828315981,-0.5614436236748344,-1.9694134720902792,0,0.8320502236657706,33.69006752597978,1.4999997703157784,9.25,0.659345815100069,2,0.0675403225806451,0.2,0.0858535759201519
0.9798481497938194,0.0008878870953964,-1.0215376300745664,-0.0501738284147847,0.1380559150077616,0.005194948476803,2.6987489676638272e-05,0.1381292014234781,0.7933108529902425,-0.9920986613969108,0.1005084748739993,0.0040428743753572,0.977111828877721,-0.2349225594814843,0,0.8320502229202053,33.69006752597976,1.4999997678926915,9.5,0.6087614290087209,2,0.0675403225806451,0.2,0.0858535759201519
0.9801558245225702,0.0004307627201194,0.0734358024834315,-4.076392458549625,0.1366045704293366,0.0030399826740069,9.24149465826254e-06,0.1366299373606578,-0.2034676825752417,-4.725522719337734,0.0991567820336776,0.0020355936821996,-0.1124617399478939,-4.257169725050174,0,0.8320502254612558,33.690067525979806,1.4999997761511044,9.75,0.5555702330196025,2,0.0675403225806451,0.2,0.0858535759201519
0.9802566786932922,0.0003256954950383,-0.0476422909653178,-2.050419257617328,0.1364299631727067,0.0028438792945611,8.087649442033533e-06,0.1364521915851396,-0.2291298364165199,-4.538024360843021,0.0987521898375297,0.0016057366701611,-0.063834571847905,-2.783103289944611,0,0.8320502248263019,33.69006752597978,1.4999997740875044,10.0,0.4999999999999999,2,0.0675403225806451,0.2,0.0858535759201519
0.9802864979425,0.0003488139047974,-0.2964370294591729,-3.639555812967924,0.1368758194540547,0.0026339113273756,6.937488880477616e-06,0.1368948248396532,-1.157079063759319,0.3707008134388871,0.0986987543153094,0.0016439628384384,0.0575916241704894,-3.484598615511306,0,0.8320502235112326,33.69006752597978,1.49999976981353,10.25,0.4422886902190017,2,0.0675403225806451,0.2,0.0858535759201519
0.980536930109722,0.0007730746451128,1.3457743170492524,1.6083494895800945,0.1361116087648212,0.0040777075201811,1.6627698620141763e-05,0.1361574118970865,-1.6195609953756995,2.474377109852689,0.0976418878907551,0.0034832598105389,-1.4002471313834353,1.7630848869063307,0,0.8320502196636613,33.69006752597977,1.4999997573089252,10.5,0.3826834323650899,2,0.0675403225806451,0.2,0.0858535759201519
0.9808755501905976,0.0006822686404179,-0.0375327510748613,-2.9328581580354225,0.134592495837741,0.0037557889783676,1.4105950850027576e-05,0.1346317919325515,-0.1795674450523631,-2.412717288311212,0.0961530009672401,0.0030977470043877,0.0003177037804967,-2.86114836080268,0,0.8320502211232323,33.69006752597977,1.4999997620525305,10.75,0.3214394653031617,2,0.0675403225806451,0.2,0.0858535759201519
0.981222341930836,0.0004907537870933,-1.4043223035760093,1.7639361820718946,0.1326480847004776,0.0028653722456474,8.21035810612658e-06,0.1326712935916608,1.1493617046312263,0.5281591225831175,0.0945737915683146,0.0022521346757842,1.3602459532773468,1.5599845997809645,0,0.8320502201190042,33.6900675259798,1.4999997587887886,11.0,0.258819045102521,2,0.0675403225806451,0.2,0.0858535759201519
0.9814841303306068,0.0001725721588345,-1.4936363220196085,2.232951492221275,0.1309712230176127,0.0013740942174618,1.8881349184620804e-06,0.1309766290599894,1.4930794657104978,2.132791569212076,0.0933517993399698,0.0008398689106247,1.5460377421442744,2.241985836503474,0,0.8320502197830126,33.69006752597977,1.4999997576968167,11.25,0.1950903220161281,2,0.0675403225806451,0.2,0.0858535759201519
0.9813874566349876,0.0001754129931058,0.1553211980120827,-5.109375879156078,0.1313423260502985,0.001298450291095,1.6859731584448063e-06,0.1313471396421396,0.2419384093176851,-0.3383083839480019,0.0937707472193698,0.0008312195157169,-0.1795837994560719,-4.570957400056788,0,0.8320502209894725,33.69006752597982,1.4999997616178098,11.5,0.130526192220052,2,0.0675403225806451,0.2,0.0858535759201519
0.981527845202126,0.0002309268010979,-0.2301089278532321,1.0162820955713556,0.1304019339610573,0.0011072558008865,1.2260154085969983e-06,0.1304054595956028,0.1293119712889252,-1.9939313235821583,0.0931080842486285,0.0010271683298065,0.2148769981706193,0.7163416400195484,0,0.8320502190117033,33.690067525979806,1.4999997551900608,11.75,0.0654031292301431,2,0.0675403225806451,0.2,0.0858535759201519
0.98153303240903,0.000230313227087,-0.3659117326641835,1.305227365021306,0.1303396131188299,0.0010788946870145,1.1640137456683016e-06,0.1303429620588526,0.4384076070778425,-0.5404912285743055,0.0930798910795786,0.0010224417019433,0.3803701268145928,1.1426121123520918,0,0.8320502200291668,33.69006752597977,1.499999758496818,12.0,1.2246467991473532e-16,2,0.0675403225806451,0.2,0.0858535759201519
0.9816262360524736,0.0003131993010971,-0.4601514111300188,-1.648697270110688,0.1298554101078491,0.0016457440468034,2.7084734675888357e-06,0.1298632314759585,-0.1125288473615798,-1.84113328760888,0.0926581276197552,0.0014161652095353,0.3723895545109415,-1.7466706011274056,0,0.8320502184034415,33.69006752597976,1.4999997532132114,12.25,-0.0654031292301428,2,0.0675403225806451,0.2,0.0858535759201519
0.9817563618513012,0.0001769692596263,-0.7348356328715533,1.5713636661207566,0.1291797229615381,0.0011048082076608,1.2206011757148426e-06,0.129183266235614,0.5132687203861561,1.5149614687528548,0.0920702665584884,0.0008239053447069,0.7004611194361903,1.664048526235712,0,0.8320502191154574,33.690067525979806,1.499999755527262,12.5,-0.1305261922200517,2,0.0675403225806451,0.2,0.0858535759201519
0.9816719124635892,0.0002243086029442,0.5120407676461926,-2.5451996626944844,0.129653124954178,0.0014528515450039,2.1107776118203175e-06,0.129659229881997,-0.3570811662203155,-3.1535822770479527,0.0924567530184617,0.0010531330935369,-0.4837779384598317,-2.659444513544825,0,0.8320502202577729,33.690067525979785,1.499999759239787,12.75,-0.1950903220161279,2,0.0675403225806451,0.2,0.0858535759201519
0.9819894869196956,0.0005704198418156,1.2723838092700273,2.018390266983811,0.127634303705315,0.0036348846347283,1.321238630778394e-05,0.1276731168730184,-1.2337221870651562,2.0413862101859888,0.0909664265222022,0.0026782205930852,-1.2698194683975292,2.03201497895974,0,0.8320502149494585,33.690067525979806,1.4999997419877675,13.0,-0.2588190451025208,2,0.0675403225806451,0.2,0.0858535759201519
0.98196903132183,0.000573893671399,1.4569377530156309,2.6155809846731763,0.1276507614307132,0.0036368361782852,1.3226577387684146e-05,0.1276896112723413,-1.2585872330292862,2.120920087846139,0.0910469734401041,0.0026912691571299,-1.426358570997922,2.537814597067974,0,0.8320502186708372,33.690067525979785,1.4999997540822467,13.25,-0.3214394653031615,2,0.0675403225806451,0.2,0.0858535759201519
0.9819771217381184,0.0005701639492634,1.4137082437511317,2.5982386408318767,0.1273993756113137,0.0035468685326615,1.258027638798448e-05,0.1274364002686971,-0.9660884147157742,2.0281159707932233,0.0909821626042673,0.0026625192408373,-1.3473601707417424,2.5058526110393338,0,0.8320502189029728,33.690067525979785,1.4999997548366877,13.5,-0.3826834323650896,2,0.0675403225806451,0.2,0.0858535759201519
0.9820348607290654,0.0005088583302257,1.8826105071046817,3.6254181247793658,0.1265829073613891,0.0026941496841813,7.258442520774356e-06,0.1266044085644438,-1.9933944973692297,3.9773069342512497,0.090651655467067,0.0023124489828863,-1.9235004915889005,3.752060794719526,0,0.832050219194776,33.690067525979785,1.4999997557850473,13.75,-0.4422886902190014,2,0.0675403225806451,0.2,0.0858535759201519
0.9816384083829108,0.0002976704644784,-1.6695907387776203,2.8673917938572693,0.128518709446139,0.0011823620567111,1.3979800331501346e-06,0.1285227884957604,1.9648865044641657,3.891402423078912,0.0924318291692593,0.0012893792370264,1.7602589152263748,3.186508613695146,0,0.8320502209425179,33.690067525979806,1.499999761465208,14.0,-0.4999999999999998,2,0.0675403225806451,0.2,0.0858535759201519
0.9819244093444706,0.0016667879472405,-1.0846565530252443,-0.0536545951131461,0.1205851984347903,0.0159104808902513,0.000253143402159,0.121369879431336,1.5160192098477177,1.992811650061668,0.0745448483524451,0.0238343983049563,-1.875356989637579,3.6407162746402193,0,0.8944269866967867,26.565051177077933,1.9999989784846457,0.0,0.0,2,0.085013440860215,0.2133333333333333,0.1066416160556318
0.9817148921243736,0.0017593443265214,-0.3604312784045625,-3.887576609920245,0.1243907039439943,0.017385203600552,0.0003022453042326,0.1252985682514246,0.1958709601857976,-4.8468368862235724,0.0610145289140154,0.0265005570672215,-0.0050660224463393,-5.962999763847135,0,0.8944269747814041,26.56505117707793,1.999998918907767,0.25,0.065403129230143,2,0.085013440860215,0.2133333333333333,0.1066416160556318
0.980755828684895,0.001795602372797,1.2745058710917272,1.097688379417539,0.1334105997082522,0.0168878201232636,0.0002851984685157,0.1342098616566692,-1.5555507362624852,2.275036774523686,0.0499074830198072,0.0224826210084203,1.981965645294292,3.942237622390781,0,0.8944269904571219,26.565051177077873,1.999998997286314,0.5,0.1305261922200515,2,0.085013440860215,0.2133333333333333,0.1066416160556318
0.9797147497211564,0.0007830308993639,1.484286001859318,2.043639896835181,0.1430013867443327,0.0056471610572656,3.189042800669737e-05,0.1430849902393931,-1.4828841425082555,2.038289836536835,0.039064782452443,0.0014456438755104,-1.4869166719868212,2.0536811773755073,0,0.8944269920460285,26.56505117707799,1.9999990052308363,0.75,0.1950903220161282,2,0.085013440860215,0.2133333333333333,0.1066416160556318
0.9801990145765112,0.0012196570440666,0.3156481626532867,-4.0249227863982355,0.1395140573932139,0.0087900963816671,7.726579439899801e-05,0.1397215858631594,-0.3141669346880504,-4.032164870483692,0.038168243001448,0.0022546331524424,-0.3184369466582202,-4.011276245462513,0,0.8944269660997777,26.56505117707799,1.9999988754996585,1.0,0.2588190451025207,2,0.085013440860215,0.2133333333333333,0.1066416160556318
0.9802477317024498,0.0012567517015471,0.1614475659844338,-4.895541006639801,0.1391634761958072,0.0090573692370779,8.203593749676621e-05,0.1393843608875241,-0.1605288526537062,-4.899768154223819,0.0380779331480234,0.002323237938279,-0.163178108136282,-4.887564753284577,0,0.8944269726495768,26.56505117707799,1.999998908248635,1.25,0.3214394653031616,2,0.085013440860215,0.2133333333333333,0.1066416160556318
0.9803727165113564,0.001146727377562,-0.0768233062513871,-3.315480279434526,0.1382610599384221,0.0082634143632925,6.828401693947024e-05,0.1384461400978754,0.0789809612650927,-3.3139424723920197,0.0378476824800316,0.0021203358227094,0.0727734121889404,-3.3182893530296536,0,0.8944269857176553,26.56505117707799,1.9999989735889885,1.5,0.3826834323650898,2,0.085013440860215,0.2133333333333333,0.1066416160556318
0.9806324098506078,0.0008360417791888,0.2296132203472541,-3.032184211855917,0.1363864437524174,0.0060199181319296,3.62394143151359e-05,0.1364860491045428,-0.2279441024527625,-3.035340159282507,0.0373690639658477,0.0015481158359525,-0.2327441451079772,-3.0262266711700825,0,0.894426982099988,26.56505117707799,1.9999989555006623,1.75,0.4422886902190012,2,0.085013440860215,0.2133333333333333,0.1066416160556318
0.980192337335924,0.0005789184957172,1.591536578582415,2.38551105495838,0.1395548731436304,0.0041710222054843,1.7397426238643373e-05,0.1396016142020348,-1.5906983555041931,2.3820138693758075,0.0381841054661153,0.0010707793274406,-1.5931075493068303,2.392064153844709,0,0.8944269849816547,26.56505117707799,1.9999989699089875,2.0,0.4999999999999999,2,0.085013440860215,0.2133333333333333,0.1066416160556318
0.9800684839080728,0.0003471820996151,0.973755831090859,-0.3581811625067406,0.1404464694454116,0.0025029801314528,6.2649095384475235e-06,0.1404631961114183,-0.9729551180113188,-0.3616436019586206,0.0384135482719636,0.0006413915558764,-0.9752601117475118,-0.3516758545147116,0,0.8944269779854731,26.56505117707799,1.9999989349281,2.25,0.5555702330196022,2,0.085013440860215,0.2133333333333333,0.1066416160556318
0.9798691082499602,0.0006632855715929,-0.955916800346274,1.2091995220034466,0.1418865074037906,0.0047868816190445,2.2914235634746315e-05,0.1419470558341102,0.958219770035332,1.2133629211373569,0.0387806016659613,0.0012229733522791,0.9515765082873558,1.201374986898163,0,0.894426993170822,26.56505117707799,1.999999010854801,2.5,0.6087614290087207,2,0.085013440860215,0.2133333333333333,0.1066416160556318
0.9795840096825617,0.0007515925551211,0.6763468504589246,-2.224526348826505,0.1439447582590395,0.0054241789345659,2.9421717114189108e-05,0.1440213863219242,-0.6749521862395922,-2.2319629909772285,0.0393059246125533,0.0013857980648185,-0.6789744282388107,-2.2105190444098657,0,0.8944269929660967,26.565051177077933,1.9999990098311784,2.75,0.6593458151000688,2,0.085013440860215,0.2133333333333333,0.1066416160556318
0.9795058318788306,0.0007317799357283,1.3474555620048998,1.1879983685640951,0.1445089937558907,0.0052806808749637,2.7885590503208256e-05,0.1445813385925634,-1.3460876052126276,1.181475169954199,0.039450053956582,0.0013495135258021,-1.3500275907370956,1.200258114351259,0,0.8944269879955872,26.56505117707793,1.999998984978644,3.0,0.7071067811865475,2,0.085013440860215,0.2133333333333333,0.1066416160556318
0.9789955734936248,0.0004242445557966,0.2105770761118025,1.5103576483926275,0.148193213126647,0.0030667344107013,9.404859945779913e-06,0.148217010028401,-0.2083567306318749,1.509835403981313,0.0403900457044979,0.0007798270487802,-0.2147671035938265,1.5113584397162576,0,0.894426997370825,26.56505117707805,1.9999990318548024,3.25,0.7518398074789774,2,0.085013440860215,0.2133333333333333,0.1066416160556318
0.9789867221645238,0.0004253441605413,0.3319529852326072,1.4693387898293917,0.1482572067780693,0.0030746533647584,9.45349331342066e-06,0.1482811164026635,-0.329788797287594,1.4684972527605389,0.0404063109763498,0.000781862563917,-0.3360366320309469,1.4709415288395853,0,0.8944269934885933,26.565051177077876,1.9999990124436624,3.5,0.7933533402912352,2,0.085013440860215,0.2133333333333333,0.1066416160556318
0.9792202536340566,0.000634321808979,-0.0764148015755515,-2.252793255711945,0.1465708325997846,0.004583267028649,2.10063366559013e-05,0.1466245672508056,0.0780868696318457,-2.2520715155964783,0.0399762021342433,0.0011669670535837,0.0732611213407001,-2.2541247914688753,0,0.8944269841570629,26.56505117707799,1.9999989657860309,3.75,0.8314696123025451,2,0.085013440860215,0.2133333333333333,0.1066416160556318
0.9789997965463308,0.0006441620849071,1.5454601985876006,2.3464783991788547,0.1481641838907124,0.0046539233385583,2.165900244117835e-05,0.1482189921698016,-1.544378603185809,2.3426003117826184,0.0403815635988124,0.0011852834386887,-1.5474963881354251,2.353780829999645,0,0.8944269960181263,26.565051177077876,1.9999990250913195,4.0,0.8660254037844386,2,0.085013440860215,0.2133333333333333,0.1066416160556318
0.9792684338705592,0.0005826291239201,0.1154648462541464,-3.2031669514940617,0.1462223362809677,0.0042089985777524,1.771566902752238e-05,0.1462677626110246,-0.1143280857260847,-3.2043016891190224,0.0398877431063562,0.0010722345625965,-0.1176086054858664,-3.201007067285648,0,0.8944269876488117,26.565051177077933,1.9999989832447675,4.25,0.8968727415326884,2,0.085013440860215,0.2133333333333333,0.1066416160556318
0.9789515753461956,0.0010118049491979,-0.6390905447300456,-1.4749099036738258,0.1485166870333659,0.0073179691337835,5.3552672243009385e-05,0.1486518443597287,0.6415962286564408,-1.466559373252915,0.0404683186321557,0.0018579680530136,0.634356744726456,-1.490650207273278,0,0.8944270041988538,26.56505117707799,1.9999990659949305,4.5,0.9238795325112868,2,0.085013440860215,0.2133333333333333,0.1066416160556318
0.9785078493810396,0.0008112594114384,0.6823877224525418,0.1330438823697459,0.1517240921011643,0.0058694891213351,3.4450902545471645e-05,0.1518092167848569,-0.679536821727375,0.1280068840192747,0.0412840301112817,0.0014887558042792,-0.6877728165946564,0.1425990392649634,0,0.8944270002491842,26.565051177078047,1.9999990462465904,4.75,0.9469301294951056,2,0.085013440860215,0.2133333333333333,0.1066416160556318
0.9783194695404196,0.0008543012784709,1.6859776885836832,2.9578481346764107,0.1530882311192548,0.0061804124453145,3.819749799419904e-05,0.1531817699033341,-1.6848578092077562,2.954306444794856,0.0416291509476604,0.0015679745177516,-1.6880884996212822,2.9645270860206665,0,0.8944270023649636,26.565051177077937,1.999999056825487,5.0,0.9659258262890684,2,0.085013440860215,0.2133333333333333,0.1066416160556318
0.9779065038352752,0.0001981085797141,0.0703953798038957,1.4521155382106112,0.156075389270922,0.001435810280043,2.061551160277159e-06,0.1560803424504189,-0.0693497538894545,1.4520323611489818,0.042387307885396,0.0003623595195035,-0.0723789480306247,1.452283506635986,0,0.8944270022024574,26.565051177077937,1.9999990560129564,5.25,0.9807852804032304,2,0.085013440860215,0.2133333333333333,0.1066416160556318
0.9774339727183968,0.0011112607052466,-1.932438643287661,3.797313558359022,0.159509736313144,0.00807327165395,6.5177715198473e-05,0.1596628925739716,1.932801380206392,3.798339946578306,0.0432470107644515,0.002023380354307,1.931744472813684,3.7953507658328967,0,0.8944270180834747,26.565051177077937,1.9999991354180031,5.5,0.9914448613738104,2,0.085013440860215,0.2133333333333333,0.1066416160556318
0.9770248533519432,0.0010591911321389,-0.4032322352743308,-3.715888238888839,0.1624789121771185,0.0076946054515115,5.920695305443147e-05,0.1626155039258268,0.4046442018077598,-3.708089709549815,0.0439933956477755,0.0019287551479762,0.4005500509206093,-3.730705647260292,0,0.8944270129257056,26.56505117707799,1.9999991096291676,5.75,0.9978589232386036,2,0.085013440860215,0.2133333333333333,0.1066416160556318
0.9766157049819716,0.0009181465234344,1.3357144320397745,2.2392025881639164,0.1654501027368848,0.0066699066335232,4.448765449991781e-05,0.1655509052724287,-1.3332508449525422,2.2340965243505035,0.0447389716576857,0.0016719490328752,-1.3403926819882577,2.248923342745302,0,0.8944270147584154,26.565051177077937,1.9999991187927144,6.0,1.0,2,0.085013440860215,0.2133333333333333,0.1066416160556318
0.9760603414921148,0.000392108800505,0.3196610690425601,-3.779623448919516,0.1695529357608431,0.0029400319310965,8.643787755867052e-06,0.1695720521369529,-0.261823181175628,-3.7126401598069463,0.045753194693496,0.0007156884053889,-0.3096827297298445,-3.7656281993038223,0,0.8944270186988015,26.565051177077937,1.9999991384946356,6.25,0.9978589232386036,2,0.085013440860215,0.2133333333333333,0.1066416160556318
0.975720599178384,0.0009342257876143,-1.273747605933775,1.2285498696974209,0.1721839829406287,0.0070968987366495,5.036597167825755e-05,0.1722936402194155,1.270199150714569,1.1809853364914726,0.0463745454136372,0.0017043267966292,1.268530658445609,1.2017576241290229,0,0.8944270268991136,26.56505117707799,1.999999179496174,6.5,0.9914448613738104,2,0.085013440860215,0.2133333333333333,0.1066416160556318
0.9751227901869868,0.0010179670772287,0.1880977278281788,-4.160788625703255,0.1769469444184105,0.0080519069407291,6.48332053821629e-05,0.1770842907856275,-0.1189442540501007,-3.916517125543528,0.0474758585877872,0.001870683319435,-0.1771991546905767,-4.10662554576845,0,0.8944270288279245,26.565051177077944,1.999999189140227,6.75,0.9807852804032304,2,0.085013440860215,0.2133333333333333,0.1066416160556318
0.974472609300194,0.0008715788213714,1.2392213025657837,1.9436883556844649,0.1821465001166615,0.0070428915790713,4.960232179455344e-05,0.1822485918905682,-1.1198780647284905,1.4245644558038393,0.0486724576481257,0.0016056790571647,-1.2189486703132977,1.847854587795272,0,0.8944270315695798,26.56505117707799,1.999999202848495,7.0,0.9659258262890684,2,0.085013440860215,0.2133333333333333,0.1066416160556318
0.9738682646201702,0.0005042857462199,-0.1858434764868701,-2.12201593158259,0.1870191335484252,0.0042817011921241,1.8332965098637095e-05,0.1870558901425659,-0.0211028520063351,-1.6430729848164187,0.0497840484285238,0.0009351720774871,0.1373717995658332,-2.024652844563633,0,0.8944270337570344,26.56505117707799,1.9999992137857632,7.25,0.9469301294951056,2,0.085013440860215,0.2133333333333333,0.1066416160556318
0.9731286988767582,0.0011658752095998,-1.4804814223696896,2.428253265633863,0.1931028308406572,0.009284609465765,8.620397293177353e-05,0.1932701639114901,1.4917112736899556,2.4449976000936555,0.0511397923300354,0.0021189997099229,1.4776909228073816,2.41798693298116,0,0.8944270433262353,26.56505117707795,1.9999992616317497,7.5,0.9238795325112868,2,0.085013440860215,0.2133333333333333,0.1066416160556318
0.9729762005714576,0.0010235861899782,-1.861578216881709,3.515987199082076,0.1944299893016988,0.0080862993393918,6.538823700624973e-05,0.1945560636875997,1.855380018948644,3.5359067659227463,0.0514242903078221,0.0018550337856743,1.8598224869917936,3.5185075260685466,0,0.8944270324846807,26.56505117707799,1.9999992074239976,7.75,0.8968727415326884,2,0.085013440860215,0.2133333333333333,0.1066416160556318
0.9729369922585974,0.0009913171180285,-1.9293244221259296,3.7410467001083703,0.195105147605694,0.0075604563575338,5.716050033417462e-05,0.1952149814883332,1.9638304805958304,3.8858746662946615,0.0515143164121647,0.0017817205353426,1.941429989697658,3.789136902719438,0,0.8944270327055709,26.565051177077947,1.9999992085284504,8.0,0.8660254037844387,2,0.085013440860215,0.2133333333333333,0.1066416160556318
0.9730531274221216,0.0010683803124863,-1.9351130935755985,3.8051044616697745,0.1946937434570921,0.0078313558588721,6.133013458829173e-05,0.1948118357345805,1.971050820974708,3.89838234965449,0.0513284659975305,0.0019049131118941,1.9474328808048984,3.838798164115008,0,0.8944270314253585,26.56505117707799,1.999999202127389,8.25,0.8314696123025451,2,0.085013440860215,0.2133333333333333,0.1066416160556318
0.9733189678276,0.000542295969269,-1.7452674416903735,3.320912828837553,0.193120963573207,0.0046986769136421,2.207756473879329e-05,0.1931638287697726,1.9205949398106472,3.7124286876842874,0.0508746044589504,0.0010046541011135,1.8093689601230205,3.463875290497011,0,0.8944270382058459,26.565051177077944,1.999999236029814,8.5,0.7933533402912352,2,0.085013440860215,0.2133333333333333,0.1066416160556318
0.9729875280803018,0.0007493520100658,-0.08189037928376,-4.564612389801372,0.1961599759499409,0.0061722068227694,3.809613706304187e-05,0.1962327910097562,0.111791649009266,-4.9533073843593485,0.0514976466109547,0.0013736981109951,0.0889749690322325,-4.665506555839702,0,0.8944270399439506,26.56505117707799,1.9999992447203312,8.75,0.7518398074789774,2,0.085013440860215,0.2133333333333333,0.1066416160556318
0.973000599703812,0.0007616278115374,-0.1122525817949942,-4.781479250504647,0.196862588208734,0.0056062134372927,3.142962910448206e-05,0.1969224488423549,-0.2589904273097669,-2.7308109991126006,0.0515147634753675,0.0013581051908784,0.0632090327223547,-4.490639119869035,0,0.8944270329197302,26.565051177077944,1.9999992095992472,9.0,0.7071067811865476,2,0.085013440860215,0.2133333333333333,0.1066416160556318
0.9731812581547644,0.0010328451680612,0.5371686130456176,-2.145944195734698,0.1962560404223509,0.0065996088236749,4.355483662552795e-05,0.1963392460251606,-0.6405013203548665,-1.2901240149791384,0.0512265102122434,0.0017996414210126,-0.5614436236740042,-1.9694134753803672,0,0.8944270276689181,26.56505117707799,1.9999991833451956,9.25,0.659345815100069,2,0.085013440860215,0.2133333333333333,0.1066416160556318
0.973736685725096,0.0011510696542958,-1.012984562014595,-0.0858762150456886,0.1926536147617386,0.0076379107495212,5.833768061765151e-05,0.1927671355320393,0.8557933342096787,-0.7367758148376371,0.0502542374369996,0.0020214371923191,0.9771118288921252,-0.2349225587198677,0,0.8944270259458338,26.565051177077944,1.99999917472978,9.5,0.6087614290087209,2,0.085013440860215,0.2133333333333333,0.1066416160556318
0.9741326494834056,0.0005626820461572,0.0825236153868794,-4.120655702461933,0.1903801810619657,0.0042585454413745,1.813520927625177e-05,0.190415899410065,-0.1864723028338336,-4.637942723197575,0.0495783910168388,0.0010177968503151,-0.1124617402378618,-4.257169668089794,0,0.8944270318184844,26.565051177077944,1.9999992040930197,9.75,0.5555702330196025,2,0.085013440860215,0.2133333333333333,0.1066416160556318
0.9742598808696592,0.0004294982632898,-0.0197324625045912,-2.2284034981857026,0.1899600490617821,0.0037926509663022,1.438420135219312e-05,0.1899884427815776,-0.2168712284889858,-4.2183692821971,0.0493760949187649,0.0008028683467623,-0.0638345717416453,-2.783103344368742,0,0.8944270303510343,26.56505117707799,1.9999991967557704,10.0,0.4999999999999999,2,0.085013440860215,0.2133333333333333,0.1066416160556318
0.9742932793482354,0.000454945825357,-0.2479605735859006,-3.643153187896285,0.1903717749567043,0.0035700597031621,1.2745326284142566e-05,0.1903968794252657,-0.8198419250204849,-0.9932963476995802,0.0493493771576547,0.0008219814306293,0.0575916242692258,-3.4845986688448836,0,0.8944270273117637,26.56505117707799,1.999999181559425,10.25,0.4422886902190017,2,0.085013440860215,0.2133333333333333,0.1066416160556318
0.9746119703692716,0.0009981974488941,1.3570317926314586,1.6388970900602722,0.1889757816245764,0.0061555216958734,3.789044734836866e-05,0.1890509557662453,-1.552017992341492,2.233034079590361,0.0488209439453775,0.0017416299106539,-1.4002471313829767,1.7630848830898884,0,0.8944270184196008,26.56505117707799,1.9999991370986303,10.5,0.3826834323650899,2,0.085013440860215,0.2133333333333333,0.1066416160556318
0.9750470341909055,0.000882373553396,-0.0302942023847891,-2.9173426874808026,0.1865628265864584,0.0056050196385104,3.1416245148087504e-05,0.1866259640237391,-0.1153787507896691,-2.576133264515674,0.0480765004836201,0.0015488735082475,0.0003177037489285,-2.8611483529239727,0,0.8944270217928308,26.56505117707799,1.9999991539647728,10.75,0.3214394653031617,2,0.085013440860215,0.2133333333333333,0.1066416160556318
0.9754958779762424,0.0006360256635019,-1.3952017481647772,1.72143816621508,0.1836740926928073,0.0042058402953454,1.7689092589951178e-05,0.183710204251066,1.2204243055615644,0.8815685146443464,0.0472868957841573,0.0011260673462174,1.3602459532953513,1.5599845855583752,0,0.8944270194719491,26.56505117707799,1.9999991423603696,11.0,0.258819045102521,2,0.085013440860215,0.2133333333333333,0.1066416160556318
0.9758364645809926,0.0002265103997877,-1.5086404214822915,2.2376763223897687,0.1812690867060943,0.001866292080108,3.4830461282739444e-06,0.1812762921064355,1.5452451376985863,2.1844170965899004,0.0466758996699849,0.0004199344776339,1.5460377440358828,2.2419855714057704,0,0.8944270186954348,26.56505117707799,1.9999991384778,11.25,0.1950903220161281,2,0.085013440860215,0.2133333333333333,0.1066416160556318
0.9757127996468856,0.0002287205111519,0.1661863239046537,-5.020547256462022,0.1818896120666981,0.0017702169664237,3.1336681082146044e-06,0.1818960726042623,0.0608967345366789,-1.6062261973012433,0.0468853736096849,0.0004156097804133,-0.1795837995821977,-4.57095702176864,0,0.8944270214836982,26.565051177077937,1.999999152419113,11.5,0.130526192220052,2,0.085013440860215,0.2133333333333333,0.1066416160556318
0.9758957831575924,0.0002969980508875,-0.2275355788269863,0.9564423015026318,0.1805563502594782,0.0017088478049885,2.920160820614071e-06,0.1805624150803229,0.163017149052389,-0.8981422080031756,0.0465540421243142,0.0005135841831541,0.2148769991958551,0.7163416857587723,0,0.8944270169128545,26.565051177077937,1.999999129564905,11.75,0.0654031292301431,2,0.085013440860215,0.2133333333333333,0.1066416160556318
0.9759027776879666,0.0002960966447958,-0.3698841813767802,1.2735402958126514,0.1804773997612819,0.0016810112671259,2.825798880204254e-06,0.1804832711742384,0.4300055189466217,0.1876594774689639,0.0465399455397893,0.0005112208693068,0.3803701270261242,1.1426116199180765,0,0.894427019264324,26.565051177078043,1.9999991413222415,12.0,1.2246467991473532e-16,2,0.085013440860215,0.2133333333333333,0.1066416160556318
0.97602306945072,0.0004042357907239,-0.4415118718104169,-1.6711945496715028,0.1797433936754268,0.002481276193841,6.156731550122413e-06,0.179756238052041,0.0564544996493451,-1.8869830927162905,0.0463290638098776,0.0007080826180047,0.3723895543976199,-1.7466706323997787,0,0.8944270155070929,26.56505117707799,1.9999991225360976,12.25,-0.0654031292301428,2,0.085013440860215,0.2133333333333333,0.1066416160556318
0.9761910166179774,0.0002298506826291,-0.7279557719574523,1.5965139743171708,0.1787185779953755,0.0015892628434317,2.5257563855127117e-06,0.1787238776380432,0.5780528005437293,1.6652312254454085,0.0460351332792441,0.0004119526951044,0.7004611180039598,1.6640499235388084,0,0.8944270171526418,26.565051177077937,1.9999991307638412,12.5,-0.1305261922200517,2,0.085013440860215,0.2133333333333333,0.1066416160556318
0.9760817277176924,0.0002919225155094,0.5053224934611975,-2.572439454963419,0.1794211164754991,0.0020757599153815,4.3087792263048895e-06,0.1794301218350317,-0.3942139219233994,-3.011869667431819,0.0462283765092308,0.0005265665645681,-0.4837779390444436,-2.6594448468737166,0,0.8944270197926583,26.56505117707799,1.9999991439639144,12.75,-0.1950903220161279,2,0.085013440860215,0.2133333333333333,0.1066416160556318
0.9764947032907314,0.000741842992443,1.2707768156495165,2.019339759686133,0.1765243714837197,0.0052121473762762,2.7166480272023625e-05,0.1765820732348736,-1.2428340191162337,2.034688809366914,0.045483213261101,0.0013391103035407,-1.2698194683211863,2.03201495128768,0,0.8944270075245572,26.56505117707799,1.9999990826234388,13.0,-0.2588190451025208,2,0.085013440860215,0.2133333333333333,0.1066416160556318
0.9764690633621038,0.0007461422441811,1.449203504984523,2.596397574162861,0.176588744658452,0.0052205853327169,2.7254511216179666e-05,0.1766466122614869,-1.3097112256958126,2.249156681128063,0.045523486720052,0.0013456345855292,-1.4263585711415905,2.5378146364562433,0,0.8944270161250747,26.56505117707799,1.999999125626005,13.25,-0.3214394653031615,2,0.085013440860215,0.2133333333333333,0.1066416160556318
0.9764812776176536,0.0007405621254226,1.3981548156344883,2.575933709198413,0.1762996445068803,0.0051095662299401,2.6107667058145187e-05,0.1763551683494021,-1.090191856051792,2.1723495157586985,0.0454910813021336,0.001331259627458,-1.3473601707080611,2.505852621513391,0,0.8944270166615657,26.56505117707799,1.9999991283084593,13.5,-0.3826834323650896,2,0.085013440860215,0.2133333333333333,0.1066416160556318
0.9765601729424116,0.0006568104146692,1.8922357618095216,3.6549359883958914,0.175288725657134,0.0040464998103876,1.6374160715466894e-05,0.1753237518507934,-1.9975998056922135,3.9918639592356264,0.0453258277335334,0.0011562244995479,-1.9235004915479803,3.752060766868553,0,0.8944270173359545,26.56505117707804,1.9999991316803991,13.75,-0.4422886902190014,2,0.085013440860215,0.2133333333333333,0.1066416160556318
0.9760495647954516,0.0003806338949429,-1.6901619262211502,2.9400513776842807,0.1782764074262927,0.0019313807628326,3.730231651039877e-06,0.1782842537033593,1.9893298985561196,3.9657246777817505,0.0462159145846296,0.0006446896330514,1.7602589148436671,3.1865087212791146,0,0.8944270213751805,26.56505117707799,1.9999991518765217,14.0,-0.4999999999999998,2,0.085013440860215,0.2133333333333333,0.1066416160556318
0.975107099005392,0.0048286100652659,-1.7899527370387442,3.185072905414114,0.1403548380576073,0.0382981020649678,0.0014667446217786,0.144220452892477,-1.807872636448962,3.468026038088873,0.042167110683184,0.0026276933777154,0.4320751648476429,1.5076960721882138,0,0.9486830682094964,18.43494882292192,2.999997701591044,0.0,0.0,3,0.2493279569892473,0.2388059701492537,0.174720559816229
0.9735263512411568,0.0053713474931829,-0.0996127447618265,-5.413976553380495,0.1178906831715801,0.0422598785138432,0.0017858973320047,0.123440820548413,-0.0107961863291233,-5.925782770546096,0.0400269007327402,0.002420801434778,-0.6207749343103462,-2.3441286118897153,0,0.9486830548046912,18.434948822922017,2.999997567543121,0.25,0.065403129230143,3,0.2493279569892473,0.2388059701492537,0.174720559816229
0.970861391980351,0.0050247417027022,1.7525288291448122,3.0697536925377307,0.1004722473357321,0.0356050377779639,0.0012677187151702,0.1050973906482469,1.9620822426332023,3.8808370100708345,0.0394598435265139,0.0019801494925597,-0.1869703463321528,0.85063046183752,0,0.9486830724398732,18.434948822921925,2.9999977438947645,0.5,0.1305261922200515,3,0.2493279569892473,0.2388059701492537,0.174720559816229
0.9680776670682738,0.0012353757451029,1.4841261410202504,2.0430298030655027,0.083603027413657,0.0033169453105716,1.100212619332294e-05,0.0836523627124404,-1.4825860694391355,2.0371524551431808,0.039064782452443,0.0014456438755101,-1.4869166719868212,2.0536811773755073,0,0.9486830742273936,18.43494882292197,2.999997761769946,0.75,0.1950903220161282,3,0.2493279569892473,0.2388059701492537,0.174720559816229
0.9688415557456592,0.0019240849512196,0.3154793312949329,-4.02574831879018,0.0815553323267186,0.0051622537175963,2.664886344483721e-05,0.0816777746911923,-0.3138538499008945,-4.033694311938412,0.038168243001448,0.0022546331524422,-0.3184369466582202,-4.011276245462513,0,0.9486830450378628,18.43494882292191,2.9999974698749603,1.0,0.2588190451025207,3,0.2493279569892473,0.2388059701492537,0.174720559816229
0.96891839697148,0.0019826023670135,0.1613428449517809,-4.89602295049373,0.0813495080492372,0.0053192090831353,2.8293985270109957e-05,0.0814798315462515,-0.1603347646967281,-4.900659709179765,0.0380779331480234,0.0023232379382788,-0.1631781081415366,-4.887564752422302,0,0.9486830524063862,18.43494882292201,2.999997543560099,1.25,0.3214394653031616,3,0.2493279569892473,0.2388059701492537,0.174720559816229
0.969115609401947,0.0018090070014117,-0.0770691003584235,-3.3153058390044414,0.0808193312275911,0.004852809592689,2.3549760942895217e-05,0.0809285278550295,0.0794381061211231,-3.3136092274979063,0.0378476824800316,0.0021203358227092,0.072773412182046,-3.318289351801379,0,0.948683067107974,18.434948822921967,2.9999976905758245,1.5,0.3826834323650898,3,0.2493279569892473,0.2388059701492537,0.174720559816229
0.9695253666657708,0.0013187719301931,0.2294232868059945,-3.0325437029475832,0.0797180318654364,0.0035347023345977,1.2494120594210674e-05,0.0797767835585293,-0.2275912785914179,-3.0360036380731916,0.0373690639658477,0.0015481158359522,-0.2327441451254067,-3.0262266669580775,0,0.9486830630380988,18.43494882292192,2.99999764987712,1.75,0.4422886902190012,3,0.2493279569892473,0.2388059701492537,0.174720559816229
0.9688312042519308,0.0009132485941802,1.5914411303476008,2.38511284194543,0.081578392935396,0.0024494027064867,5.999573618544713e-06,0.081605967147849,-1.590520611416508,2.381272261916928,0.0381841054661153,0.0010707793274401,-1.5931075493068303,2.392064153844709,0,0.948683066279974,18.43494882292192,2.9999976822958354,2.0,0.4999999999999999,3,0.2493279569892473,0.2388059701492537,0.174720559816229
0.9686358431548412,0.0005477220707307,0.9736645506983058,-0.3585757139612777,0.0821018832557324,0.0014700540543967,2.161058922848381e-06,0.082111753289831,-0.9727853235715038,-0.3623776927523732,0.0384135482719636,0.0006413915558757,-0.975260111495992,-0.3516760057581969,0,0.9486830584092696,18.434948822921967,2.9999976035888705,2.25,0.5555702330196022,3,0.2493279569892473,0.2388059701492537,0.174720559816229
0.9683212374610564,0.0010465381144276,-0.9561797997907548,1.2096746478839364,0.0829479802670823,0.0028120606138585,7.907684896014562e-06,0.0829837224644707,0.9587085355037446,1.2142479395115604,0.0387806016659613,0.0012229733522787,0.95157650832441,1.201374975240446,0,0.9486830754927862,18.43494882292201,2.999997774423853,2.5,0.6087614290087207,3,0.2493279569892473,0.2388059701492537,0.174720559816229
0.967871388424384,0.0011858695103885,0.6761875866616064,-2.2253755004658657,0.0841571919660509,0.0031864409299726,1.0153405800205258e-05,0.084202422850895,-0.6746561012603144,-2.233541933273516,0.0393059246125533,0.0013857980648182,-0.6789744282133436,-2.2105190516731774,0,0.94868307526247,18.43494882292201,2.999997772120692,2.75,0.6593458151000688,3,0.2493279569892473,0.2388059701492537,0.174720559816229
0.9677480379604092,0.0011545961997594,1.3472994075711906,1.1872538276499114,0.0844886568339157,0.0031020789257109,9.622893661340142e-06,0.0845313569265584,-1.3457967514654283,1.1800879728959188,0.039450053956582,0.0013495135258019,-1.3500275907095725,1.2002581062116793,0,0.948683069670647,18.434948822921925,2.999997716202532,3.0,0.7071067811865475,3,0.2493279569892473,0.2388059701492537,0.174720559816229
0.9669429044930956,0.0006695016996865,0.2103229292061095,1.510297611670918,0.0866531727495543,0.0018021822306411,3.2478607924387516e-06,0.0866672270420513,-0.2078832706425472,1.50972474447064,0.040390045704498,0.0007798270487798,-0.2147671035067691,1.5113584140387069,0,0.9486830802177902,18.43494882292197,2.999997821673851,3.25,0.7518398074789774,3,0.2493279569892473,0.2388059701492537,0.174720559816229
0.966928935930244,0.0006712362460173,0.3317052715059156,1.469242194377136,0.0866907802209538,0.0018068321160696,3.26464229566077e-06,0.0867049009978069,-0.329327318788285,1.4683186195557276,0.0404063109763498,0.0007818625639166,-0.3360366320908176,1.470941546322404,0,0.9486830758502778,18.43494882292201,2.9999977779987663,3.5,0.7933533402912352,3,0.2493279569892473,0.2388059701492537,0.174720559816229
0.9672974288912995,0.0010009740367137,-0.0766060667049173,-2.2527110171558977,0.0856999931305502,0.0026931238956565,7.252916317356251e-06,0.085731724057168,0.0784429961938551,-2.2519151954513337,0.0399762021342433,0.0011669670535834,0.0732611212943381,-2.2541247836264517,0,0.9486830653523076,18.434948822921967,2.9999976730191795,3.75,0.8314696123025451,3,0.2493279569892473,0.2388059701492537,0.174720559816229
0.9669495314892382,0.0010164911207846,1.5453365210138632,2.3460349385234984,0.0866363008541158,0.0027345859052147,7.477960072999298e-06,0.0866686627088456,-1.5441479236683715,2.3417733916630183,0.0403815635988125,0.0011852834386884,-1.5474963882060475,2.3537808572372096,0,0.9486830786960024,18.43494882292201,2.9999978064559825,4.0,0.8660254037844386,3,0.2493279569892473,0.2388059701492537,0.174720559816229
0.967373467680338,0.0009193827074694,0.11533484708311,-3.2032969421876416,0.0854951703566238,0.0024731081611697,6.11626397684449e-06,0.0855219933835197,-0.1140861034380319,-3.204541458371157,0.0398877431063562,0.0010722345625961,-0.1176086055151834,-3.201007041201274,0,0.9486830692805248,18.434948822921925,2.999997712301313,4.25,0.8968727415326884,3,0.2493279569892473,0.2388059701492537,0.174720559816229
0.9668733352716158,0.0015968311948472,-0.6393775966741954,-1.4739536112958491,0.0868439444377909,0.00430093868279,1.8498073553119753e-05,0.0869237840908861,0.6421309713724075,-1.4647740017249458,0.0404683186321557,0.0018579680530134,0.6343567447208213,-1.4906502048186727,0,0.948683087899322,18.43494882292197,2.9999978984890916,4.5,0.9238795325112868,3,0.2493279569892473,0.2388059701492537,0.174720559816229
0.9661730937267756,0.0012803796653205,0.6820609840359545,0.1324660564541488,0.0887287737273019,0.0034498818824613,1.1901685002934788e-05,0.0887790603177515,-0.6789275890266686,0.1269334428599151,0.0412840301112817,0.001488755804279,-0.6877728166123362,0.1425990430360659,0,0.9486830834559444,18.43494882292193,2.999997854055366,4.75,0.9469301294951056,3,0.2493279569892473,0.2388059701492537,0.174720559816229
0.9658757509189616,0.0013482988592292,1.6858493878218,2.9574423328642787,0.089530718288716,0.0036325706436902,1.3195569481399849e-05,0.0895859709686985,-1.6846181017608524,2.9535485805221207,0.0416291509476604,0.0015679745177514,-1.6880884996112495,2.964527089134773,0,0.948683085836195,18.43494882292197,2.9999978778578433,5.0,0.9659258262890684,3,0.2493279569892473,0.2388059701492537,0.174720559816229
0.9652239995181509,0.0003127294207362,0.0702752007656257,1.4521053325963926,0.0912863827252138,0.000844232068671,7.127277857726065e-07,0.0912893105291828,-0.0691259398619207,1.452011864597463,0.0423873078853961,0.0003623595195028,-0.0723789483672736,1.4522839735494877,0,0.9486830856533752,18.43494882292197,2.99999787602965,5.25,0.9807852804032304,3,0.2493279569892473,0.2388059701492537,0.174720559816229
0.964477831891267,0.001754693109141,-1.9324805095380584,3.797431996106347,0.0933069409337934,0.0047493924122916,2.2556728285933705e-05,0.0933975522839699,1.932879122388187,3.7985599913636783,0.0432470107644515,0.0020233803543069,1.931744472807965,3.795350766352808,0,0.9486831035195198,18.43494882292194,2.9999980546909315,5.5,0.9914448613738104,3,0.2493279569892473,0.2388059701492537,0.174720559816229
0.9638319046046602,0.0016724650376051,-0.4033950414370312,-3.714988966389482,0.095053277517113,0.0045265795017082,2.0489921985285258e-05,0.0951340791106651,0.4049487936545657,-3.70640754520632,0.0439933956477755,0.0019287551479761,0.4005500509206093,-3.730705647260292,0,0.94868309771703,18.434948822921935,2.999997996666087,5.75,0.9978589232386036,3,0.2493279569892473,0.2388059701492537,0.174720559816229
0.9631858863161872,0.0014497536490862,1.3354303847497295,2.238613464616005,0.0968010272752128,0.0039237618339215,1.539590692933962e-05,0.0968606515140876,-1.3327192553153673,2.232996141997276,0.0447389716576857,0.0016719490328752,-1.3403926819805252,2.2489233386070904,0,0.948683099778828,18.43494882292197,2.999998017284041,6.0,1.0,3,0.2493279569892473,0.2388059701492537,0.174720559816229
0.9623078651580734,0.0006206246725129,0.3157011227948091,-3.776700683483252,0.0992370459823925,0.0017596557340432,3.0963883023514414e-06,0.0992487460199788,-0.2259446778510096,-3.652017260628441,0.045753194693496,0.0007156884053889,-0.3096827298284309,-3.7656280732533265,0,0.948683104211762,18.43494882292197,2.9999980616133444,6.25,0.9978589232386036,3,0.2493279569892473,0.2388059701492537,0.174720559816229
0.96176871077004,0.0014803163764895,-1.2735781968685695,1.2252718595786298,0.1008366214969292,0.0042728021296066,1.825683803877117e-05,0.1009044937722997,1.2675215092276804,1.1530688381899807,0.0463745454136372,0.0017043267966292,1.2685306584200304,1.2017576289913094,0,0.9486831134371136,18.434948822921942,2.999998153866782,6.5,0.9914448613738104,3,0.2493279569892473,0.2388059701492537,0.174720559816229
0.9608179069345067,0.0016180379490685,0.1831977058197303,-4.144531899757126,0.1037743244600139,0.0049512941901315,2.451531415723082e-05,0.1038628754789226,-0.0786987938619668,-3.765246348128448,0.0474758585877872,0.001870683319435,-0.1771991546650062,-4.106625548386663,0,0.9486831156070252,18.434948822922017,2.999998175565871,6.75,0.9807852804032304,3,0.2493279569892473,0.2388059701492537,0.174720559816229
0.9597834589140862,0.0013877616127618,1.229835863728579,1.9051577366490573,0.1069863284378144,0.0043758279327058,1.9147870096648538e-05,0.1070534229960743,-1.0600552181132572,1.1430401344054602,0.0486724576481256,0.0016056790571647,-1.218948670361176,1.8478546035524064,0,0.9486831186913876,18.43494882292201,2.9999982064094715,7.0,0.9659258262890684,3,0.2493279569892473,0.2388059701492537,0.174720559816229
0.9588212559137888,0.0008062600851446,-0.1695773918311882,-2.0865669178949062,0.1100073216178604,0.0027219671483844,7.409105156884339e-06,0.1100325753511343,-0.1230554746624199,-1.3890452404153475,0.0497840484285238,0.0009351720774872,0.1373717997423206,-2.024652905262469,0,0.9486831211522742,18.434948822921974,2.9999982310183206,7.25,0.9469301294951056,3,0.2493279569892473,0.2388059701492537,0.174720559816229
0.9576416371156092,0.001854748748337,-1.4814983649705882,2.429885557955334,0.1138112958014017,0.0057144814613145,3.2655298371707534e-05,0.1139188418382707,1.4964401751501866,2.451276951605047,0.0511397923300354,0.002118999709923,1.4776909228153778,2.4179869323959213,0,0.9486831319176244,18.43494882292198,2.9999983386717406,7.5,0.9238795325112868,3,0.2493279569892473,0.2388059701492537,0.174720559816229
0.9573972610815742,0.0016273234217788,-1.861530780127863,3.518861477257719,0.1146629895896831,0.0049581815865153,2.4583564644860143e-05,0.114743360832457,1.8478678882074249,3.532563041440035,0.0514242903078221,0.0018550337856744,1.8598224869917936,3.518507525114803,0,0.9486831197208764,18.434948822921974,2.9999982167043533,7.75,0.8968727415326884,3,0.2493279569892473,0.2388059701492537,0.174720559816229
0.9573290938291772,0.0015714507143259,-1.934204303448131,3.760215016586184,0.1151889547794412,0.0045608912502061,2.0801728996207454e-05,0.1152566553389752,1.9570024790356932,3.866126056236116,0.0515143164121646,0.0017817205353427,1.9414299896872325,3.789136902168504,0,0.9486831199693772,18.43494882292201,2.9999982191893575,8.0,0.8660254037844387,3,0.2493279569892473,0.2388059701492537,0.174720559816229
0.9575056313410186,0.0016885492703093,-1.9400478680558817,3.818738055328843,0.1150914706726574,0.0046246673698833,2.138754828206399e-05,0.1151611361649698,1.961758414899536,3.867891115115029,0.0513284659975305,0.0019049131118942,1.9474328808048984,3.838798164115008,0,0.9486831185291388,18.43494882292201,2.9999982047869835,8.25,0.8314696123025451,3,0.2493279569892473,0.2388059701492537,0.174720559816229
0.9579198814595928,0.0008680080374088,-1.7706859379448523,3.3776556445347303,0.1142895407339497,0.0030287317410852,9.173215959457469e-06,0.1143196353788218,1.9115978633398387,3.689653710679412,0.0508746044589504,0.0010046541011137,1.8093689601230205,3.463875279411063,0,0.9486831261571868,18.434948822921942,2.999998281067412,8.5,0.7933533402912352,3,0.2493279569892473,0.2388059701492537,0.174720559816229
0.9573862274941558,0.0011952543250361,-0.0851703363501414,-4.6006252683042455,0.1162815796640411,0.0038648706732943,1.4937225321290668e-05,0.116329741202135,0.1183960863883492,-5.097366095382062,0.0514976466109547,0.0013736981109952,0.0889749690322325,-4.665506555839702,0,0.9486831281125546,18.43494882292201,2.999998300621066,8.75,0.7518398074789774,3,0.2493279569892473,0.2388059701492537,0.174720559816229
0.9573941382825364,0.0012026062621594,-0.0974321368246794,-4.686597280023694,0.1169591938829945,0.0033694063877807,1.1352899406017876e-05,0.1169955884138988,-0.579506104792057,-1.1664120987950888,0.0515147634753675,0.0013581051908786,0.0632090326934998,-4.490639101298719,0,0.9486831202103068,18.434948822921974,2.9999982215986547,9.0,0.7071067811865476,3,0.2493279569892473,0.2388059701492537,0.174720559816229
0.957668217906922,0.0016169211857612,0.5438115659654044,-2.090545825636319,0.1168379584311962,0.0035764983684782,1.2791340579727572e-05,0.1168790059668748,-0.7126889077589952,-0.7010254604877151,0.0512265102122434,0.0017996414210127,-0.5614436236529374,-1.9694134769373248,0,0.9486831143031436,18.434948822921974,2.999998162527071,9.25,0.659345815100069,3,0.2493279569892473,0.2388059701492537,0.174720559816229
0.9585386473800106,0.0018065499928116,-1.0025509102408945,-0.129397651130791,0.1148684655770964,0.0042439472353976,1.8011088136839225e-05,0.1149272495979053,0.7513714669986836,-1.1623600148697282,0.0502542374369996,0.0020214371923192,0.977111828900876,-0.2349225630707856,0,0.9486831123646736,18.434948822921942,2.999998143142392,9.5,0.6087614290087209,3,0.2493279569892473,0.2388059701492537,0.174720559816229
0.9591545103920698,0.0008912417612788,0.0930662354620345,-4.17223609245845,0.1137363132598152,0.0025641363338492,6.574795138566063e-06,0.1137579889514963,-0.2097326838924957,-4.762368307467579,0.0495783910168388,0.0010177968503152,-0.1124617401090898,-4.257169714151125,0,0.9486831189714052,18.434948822921942,2.9999982092096533,9.75,0.5555702330196025,3,0.2493279569892473,0.2388059701492537,0.174720559816229
0.9593474330379708,0.0006881663451757,0.0115633351396783,-2.435191165148378,0.1136575575267045,0.0024750505382774,6.1258751670275e-06,0.1136777673483757,-0.2254820708685914,-4.67878578186234,0.0493760949187648,0.0008028683467624,-0.0638345719567,-2.78310323076383,0,0.948683117320524,18.43494882292201,2.999998192700846,10.0,0.4999999999999999,3,0.2493279569892473,0.2388059701492537,0.174720559816229
0.9593897450315322,0.0007197173337761,-0.1847516090014247,-3.6164297553876033,0.1141168033225531,0.0022787726043255,5.192804582224489e-06,0.1141338661572232,-1.344653464250111,1.1921570529508685,0.0493493771576547,0.0008219814306294,0.0575916242692258,-3.4845986688448836,0,0.948683113901345,18.434948822921974,2.999998158509088,10.25,0.4422886902190017,3,0.2493279569892473,0.2388059701492537,0.174720559816229
0.9598784010136828,0.0015588122635264,1.3707252202370552,1.6765189915608332,0.1136018666250919,0.0032623122673812,1.064268132990614e-05,0.1136369927079321,-1.661973705007279,2.6383528813860977,0.0488209439453775,0.001741629910654,-1.400247131414639,1.7630848932980374,0,0.9486831038976616,18.43494882292201,2.999998058472338,10.5,0.3826834323650899,3,0.2493279569892473,0.2388059701492537,0.174720559816229
0.96055363081405,0.0013806677327919,-0.0213648790233866,-2.8979086908829252,0.1124336204400421,0.0030286421195589,9.172673088366337e-06,0.1124642099072934,-0.2260853676791317,-2.286367368584415,0.0480765004836201,0.0015488735082475,0.0003177037862348,-2.861148366439391,0,0.9486831076925456,18.434948822921942,2.9999980964211534,10.75,0.3214394653031617,3,0.2493279569892473,0.2388059701492537,0.174720559816229
0.9612565973152898,0.0009977737050655,-1.3839836698271313,1.6689480409442563,0.1108606653551107,0.0023377317641723,5.464989801220424e-06,0.1108791498223574,1.099157687034157,0.2735712326616539,0.0472868957841573,0.0011260673462174,1.3602459532700413,1.5599846138393474,0,0.9486831050815534,18.434948822922017,2.9999980703112454,11.0,0.258819045102521,3,0.2493279569892473,0.2388059701492537,0.174720559816229
0.9617933943504324,0.0003608717915017,-1.5244787118421863,2.2418444973037186,0.1094708412593123,0.0011807745611887,1.3942285643504309e-06,0.1094756171822969,1.44706313755637,2.095074545009515,0.0466758996699849,0.000419934477634,1.5460377440358828,2.2419855714057704,0,0.9486831042079752,18.43494882292197,2.999998061575474,11.25,0.1950903220161281,3,0.2493279569892473,0.2388059701492537,0.174720559816229
0.9616025238571482,0.0003616466298358,0.1750180646179951,-4.885729879489153,0.1097432952645951,0.0011170489857465,1.247798436557297e-06,0.1097475589904374,0.36843615760305,0.3725892432108271,0.0468853736096849,0.0004156097804134,-0.1795837980095398,-4.5709561699728045,0,0.9486831073447712,18.434948822921903,2.9999980929434176,11.5,0.130526192220052,3,0.2493279569892473,0.2388059701492537,0.174720559816229
0.9618915633380134,0.0004615446323825,-0.2242800060965069,0.8777746149031191,0.1089583794388589,0.000872504284421,7.612637263330814e-07,0.1089609994343715,0.1043202598883015,-2.8621778364931316,0.0465540421243142,0.0005135841831542,0.2148769978453771,0.7163426073859149,0,0.9486831022025716,18.43494882292201,2.9999980415214527,11.75,0.0654031292301431,3,0.2493279569892473,0.2388059701492537,0.174720559816229
0.9619030578570528,0.0004599118010227,-0.3747342129593611,1.2314482313638386,0.1089026398297656,0.0008427661654025,7.10254809547391e-07,0.1089050855240416,0.4362154140020334,-1.1728537788586486,0.0465399455397893,0.0005112208693069,0.3803701266029528,1.1426124395734103,0,0.9486831048479762,18.4349488229219,2.999998067975489,12.0,1.2246467991473532e-16,3,0.2493279569892473,0.2388059701492537,0.174720559816229
0.962090793061086,0.0006309259304307,-0.4183515206051482,-1.6974980254935217,0.1085175196972983,0.0013164265143986,1.7329787678117107e-06,0.1085235081230302,-0.2378917657966227,-1.752992111904469,0.0463290638098776,0.0007080826180047,0.3723895546877251,-1.746670752138332,0,0.9486831006210908,18.434948822921935,2.9999980257066667,12.25,-0.0654031292301428,3,0.2493279569892473,0.2388059701492537,0.174720559816229
0.9623529106534168,0.0003615365354032,-0.7193057289936051,1.6241951429403922,0.1079800033192496,0.0009136571287962,8.347693490002047e-07,0.1079829023217885,0.4672089208754171,1.3591892051618046,0.0460351332792442,0.0004119526951045,0.7004611194361903,1.664048526235712,0,0.9486831024723328,18.434948822921935,2.9999980442190712,12.5,-0.1305261922200517,3,0.2493279569892473,0.2388059701492537,0.174720559816229
0.9621817755697502,0.0004602705207386,0.4971782045639099,-2.605364256671029,0.1083626320505272,0.0012060336346446,1.4545171278941593e-06,0.1083676654392992,-0.3317919302154959,-3.2483727529226325,0.0462283765092308,0.0005265665645682,-0.4837779394456307,-2.6594444122358514,0,0.9486831054423512,18.43494882292197,2.999998073919227,12.75,-0.1950903220161279,3,0.2493279569892473,0.2388059701492537,0.174720559816229
0.9628322650580694,0.0011686242869894,1.268776718220687,2.020396509313475,0.1066932131662481,0.0030071306614894,9.042834815270078e-06,0.1067249917397511,-1.2260064259419716,2.0431653787589017,0.045483213261101,0.0013391103035407,-1.269819468378072,2.0320149534516574,0,0.9486830916407376,18.43494882292201,2.9999979359032114,13.0,-0.2588190451025208,3,0.2493279569892473,0.2388059701492537,0.174720559816229
0.9627937175203332,0.001174986809122,1.439701309213438,2.57283425174559,0.1066906413419394,0.0030068490802658,9.041141391495433e-06,0.1067224147309176,-1.2212646288159026,2.028028195330517,0.045523486720052,0.0013456345855292,-1.4263585710813227,2.5378146158393307,0,0.9486831013163202,18.43494882292194,2.9999980326589544,13.25,-0.3214394653031615,3,0.2493279569892473,0.2388059701492537,0.174720559816229
0.9628161990788656,0.0011648300735058,1.3788288528668986,2.5484873275446134,0.1064542177266145,0.0029266165975276,8.565084708924217e-06,0.1064843851713347,-0.8746046923386462,1.92804020978312,0.0454910813021336,0.001331259627458,-1.3473601707698095,2.50585262148239,0,0.9486831019198722,18.43494882292201,2.999998038694461,13.5,-0.3826834323650896,3,0.2493279569892473,0.2388059701492537,0.174720559816229
0.9629477700246892,0.0010251995872875,1.9035660867513584,3.689905935428378,0.1057147649612434,0.0021586224080967,4.659650700737438e-06,0.1057312927606416,-1.9719265648639712,3.9017662186906144,0.0453258277335334,0.001156224499548,-1.9235004915713612,3.752060778880651,0,0.9486831026785604,18.43494882292194,2.999998046281345,13.75,-0.4422886902190014,3,0.2493279569892473,0.2388059701492537,0.174720559816229
0.9621529500999516,0.0005872563141126,-1.7153243612682487,3.0287084174034256,0.1072323894123818,0.0008942163827027,7.996229390939672e-07,0.1072351857194878,1.8305491975072488,3.510848760974124,0.0462159145846296,0.0006446896330515,1.7602589148436671,3.1865087212791146,0,0.9486831072226888,18.434948822922006,2.9999980917225786,14.0,-0.4999999999999998,3,0.2493279569892473,0.2388059701492537,0.174720559816229
0.9648559468445534,0.0015962740169126,-1.9385370460832845,3.7774762552469663,0.0549007185795216,0.0765552648591159,0.0058607085776493,0.0860791515628779,-1.9836481537481203,3.948111578427984,0.0650089810490044,0.0437102744247158,1.9910434549245637,3.969104210364805,0,0.8944271297089673,26.56505117707799,1.9999996935452828,0.0,0.0,2,0.2150537634408602,0.2406015037593984,0.2272288999157076
0.9661774780739708,0.0010678347508627,1.855472980820172,3.5860809659218837,0.0161708590050124,0.0856411771384472,0.0073344112216588,0.075909848486242,-0.0014295520080708,-5.990740907337009,0.0844518700194923,0.0491358271749029,0.0184767608458632,-5.892857218345061,0,0.8944271261343512,26.56505117707799,1.9999996756722056,0.25,0.065403129230143,2,0.2150537634408602,0.2406015037593984,0.2272288999157076
0.9661018966353728,0.0011470558504684,1.5594497132872407,2.920728529477607,-0.0217696232693895,0.0744725608964688,0.0055461623264782,0.0680700980030873,1.9955132093536536,3.9847639974882902,0.1071549862706956,0.043767949598725,-1.9485911805998872,3.8180624278909576,0,0.8944271308370682,26.56505117707799,1.9999996991857856,0.5,0.1305261922200515,2,0.2150537634408602,0.2406015037593984,0.2272288999157076
0.9658736302154584,0.0013210672215738,1.484107345833003,2.0429580684907513,-0.05962887385628,0.002406511898931,5.791299519696616e-06,0.0596652836413942,1.4815496404526425,2.0331976685892847,0.1302159415081437,0.0048188128921538,-1.486916671992233,2.05368117882587,0,0.8944271313137405,26.565051177077976,1.9999997015691484,0.75,0.1950903220161282,2,0.2150537634408602,0.2406015037593984,0.2272288999157076
0.9666904896501776,0.0020575297907583,0.3154594797090652,-4.025845385207905,-0.0581448503242003,0.0037434404223875,1.401334619596485e-05,0.0582351580136151,0.3127605687369642,-4.039036468453666,0.1272274766714935,0.0075154438246701,-0.3184369466502845,-4.011276246516797,0,0.8944271235298626,26.56505117707797,1.9999996626497667,1.0,0.2588190451025207,2,0.2150537634408602,0.2406015037593984,0.2272288999157076
0.9667726585521934,0.0021201054636245,0.1613305318154696,-4.896079614611715,-0.0579957607257267,0.0038572353378065,1.487826445122346e-05,0.0580918837747087,0.1596568976480137,-4.903774881411048,0.1269264438267447,0.0077441264446223,-0.1631781081396495,-4.887564752569332,0,0.8944271254948032,26.565051177077972,1.9999996724744669,1.25,0.3214394653031616,2,0.2150537634408602,0.2406015037593984,0.2272288999157076
0.9669835538125674,0.0019344672369816,-0.0770980039455493,-3.315285311596835,-0.0576107808100978,0.0035187064862766,1.2381295336565602e-05,0.0576913168254258,-0.0810341561307813,-3.31245005654306,0.1261589416001055,0.0070677860578307,0.0727734121953263,-3.3182893530964144,0,0.8944271294152278,26.56505117707799,1.999999692076586,1.5,0.3826834323650898,2,0.2150537634408602,0.2406015037593984,0.2272288999157076
0.9674217391873988,0.0014102182006728,0.2294009491847816,-3.03258597064671,-0.0568112220229996,0.002561493426186,6.561248572394108e-06,0.0568545150729117,0.226355703176738,-3.0383292680106084,0.1245635465528258,0.005160386095373,-0.2327441451430365,-3.026226663551226,0,0.8944271283299275,26.56505117707797,1.9999996866500864,1.75,0.4422886902190012,2,0.2150537634408602,0.2406015037593984,0.2272288999157076
0.9666794431481144,0.0009765829694457,1.591429905547311,2.3850660298770556,-0.0581592715618348,0.0017758027627375,3.153475452146276e-06,0.0581796010229741,1.5898998661666652,2.378682070527267,0.1272803515537178,0.0035692643894182,-1.59310754937779,2.3920641643217433,0,0.8944271291944277,26.565051177077976,1.9999996909725863,2.0,0.4999999999999999,2,0.2150537634408602,0.2406015037593984,0.2272288999157076
0.9664705359833436,0.000585711915827,0.9736538176923578,-0.3586223358117522,-0.05853856296235,0.0010662796847403,1.1369523660899234e-06,0.0585458458643453,0.972193494081595,-0.3649366743392175,0.1280451609065456,0.0021379717938463,-0.975260111800059,-0.3516758749633339,0,0.8944271270955726,26.565051177077976,1.9999996804783124,2.25,0.5555702330196022,2,0.2150537634408602,0.2406015037593984,0.2272288999157076
0.9661341009938472,0.0011191413244509,-0.9562107164433552,1.2097305025144554,-0.0591531022473214,0.0020412514152852,4.166707340404154e-06,0.0591795111164959,-0.9604062803114054,1.2173234866070484,0.1292686722198713,0.0040765778099455,0.9515765082591544,1.2013749864327483,0,0.8944271316511786,26.565051177077976,1.999999703256339,2.5,0.6087614290087207,2,0.2150537634408602,0.2406015037593984,0.2272288999157076
0.9656530415925022,0.0012681387638169,0.6761688643897829,-2.2254753292536513,-0.0600310840308126,0.002313008473432,5.350008198168318e-06,0.0600644949705165,0.6736277168546603,-2.239026519877889,0.1310197487085113,0.0046193268553807,-0.6789744282480706,-2.2105190393140948,0,0.8944271315897608,26.56505117707799,1.9999997029492491,2.75,0.6593458151000688,2,0.2150537634408602,0.2406015037593984,0.2272288999157076
0.965521133633074,0.0012346942721839,1.3472810498079757,1.1871662997590473,-0.0602717016552092,0.0022516097402074,5.069746422196997e-06,0.0603032364822262,1.3447865940263146,1.1752694560662107,0.1315001798552735,0.0044983783912566,-1.350027590725149,1.2002581173160625,0,0.8944271300986076,26.56505117707797,1.999999695493485,3.0,0.7071067811865475,2,0.2150537634408602,0.2406015037593984,0.2272288999157076
0.9646601389043524,0.0007159638194979,0.2102930619537541,1.5102905404395397,-0.0618434479887255,0.0013097607723657,1.715473280828108e-06,0.0618538492261792,0.2062489438188146,1.5093447887925855,0.13463348568166,0.0025994234473229,-0.214767103768066,1.5113585080496217,0,0.8944271329111801,26.565051177077972,1.9999997095563455,3.25,0.7518398074789774,2,0.2150537634408602,0.2406015037593984,0.2272288999157076
0.9646452009186154,0.0007178186465511,0.3316761607074371,1.4692309276006466,-0.0618707829158508,0.0013131307850086,1.724312458537362e-06,0.0618812331241414,0.3277342212047948,1.4677034229581114,0.1346877032544995,0.0026062084979052,-0.3360366320179596,1.470941528184186,0,0.8944271317465098,26.56505117707799,1.9999997037329935,3.5,0.7933533402912352,2,0.2150537634408602,0.2406015037593984,0.2272288999157076
0.9650392610715508,0.0010704332526438,-0.0766285457757119,-2.2527013538357075,-0.0611512658515994,0.0019566202887177,3.828362954221941e-06,0.0611747381479377,-0.0796744216625207,-2.251375406659502,0.1332540071141446,0.0038898901461312,0.073261121247896,-2.2541247605083665,0,0.8944271289470502,26.56505117707797,1.9999996897356989,3.75,0.8314696123025451,2,0.2150537634408602,0.2406015037593984,0.2272288999157076
0.9646672210986176,0.0010870256982218,1.5453219845784512,2.3459828099496782,-0.061831656759531,0.001986603694046,3.946594237197305e-06,0.0618555876482185,1.5433503003054363,2.338913942395056,0.1346052119960417,0.0039509447636464,-1.5474963882657564,2.353780885210151,0,0.89442713250537,26.56505117707795,1.9999997075272968,4.0,0.8660254037844386,2,0.2150537634408602,0.2406015037593984,0.2272288999157076
0.965120577484057,0.0009831777661772,0.1153195680870681,-3.203312179928691,-0.061002340153074,0.0017965327911714,3.227530069754367e-06,0.06102217753984,0.113248779045827,-3.2053718523689128,0.1329591436878543,0.0035741151733045,-0.1176086054878365,-3.201007053836264,0,0.894427129994575,26.56505117707796,1.9999996949733232,4.25,0.8968727415326884,2,0.2150537634408602,0.2406015037593984,0.2272288999157076
0.9645857246728538,0.0017076605667117,-0.6394113264488526,-1.473841238446829,-0.0619837993800969,0.0031270067804548,9.778171405010504e-06,0.0620429288005164,-0.6439734675504932,-1.4586238893654002,0.1348943954405191,0.0061932268229751,0.634356744703377,-1.4906502035397526,0,0.8944271349595891,26.56505117707799,1.999999719798388,4.5,0.9238795325112868,2,0.2150537634408602,0.2406015037593984,0.2272288999157076
0.9638368882043205,0.001369251688838,0.6820225932365582,0.1323981739465942,-0.0633535765520863,0.0025088669441921,6.29441334365983e-06,0.0633908232471302,0.6768312889367424,0.1232411079531488,0.1376134337042724,0.0049625193221287,-0.6877728166561609,0.1425990514918087,0,0.894427133774688,26.56505117707799,1.9999997138738832,4.75,0.9469301294951056,2,0.2150537634408602,0.2406015037593984,0.2272288999157076
0.9635189028454886,0.0014418836749459,1.685834312129072,2.9573946458215374,-0.0639371549860331,0.0026415709410463,6.9778970365804475e-06,0.0639780681990754,1.6837933935268947,2.9509413447547743,0.1387638364922015,0.0052265817016548,-1.6880884996521206,2.9645270975706133,0,0.8944271344094218,26.56505117707799,1.9999997170475512,5.0,0.9659258262890684,2,0.2150537634408602,0.2406015037593984,0.2272288999157076
0.9628219150173576,0.0003344440019415,0.0702610874134949,1.4521061103735189,-0.0652137229426017,0.0006147346831367,3.778987306512375e-07,0.0652158959463297,0.0683599309752859,1.4519502738266985,0.1412910262846536,0.0012078649603454,-0.072378949579855,1.4522860213952755,0,0.8944271343606697,26.565051177078008,1.9999997168037904,5.25,0.9807852804032304,2,0.2150537634408602,0.2406015037593984,0.2272288999157076
0.962023906410854,0.0018765921863106,-1.9324854238997875,3.797445897324007,-0.0666880348686654,0.0034643732890372,1.2001882285794997e-05,0.0667554897095271,-1.9331430107805607,3.799307082334888,0.1441567025481717,0.0067446011622753,1.9317444728124695,3.79535076537179,0,0.8944271391249765,26.565051177077972,1.9999997406253227,5.5,0.9914448613738104,2,0.2150537634408602,0.2406015037593984,0.2272288999157076
0.961333115993811,0.0017886504964849,-0.403414154892068,-3.714883396403451,-0.0679609145994909,0.0033017262611954,1.0901396303867486e-05,0.0680210405714827,-0.4059812184992084,-3.7007062241013062,0.1466446521592517,0.0064291838069159,0.4005500509279251,-3.730705652764166,0,0.8944271375776455,26.565051177077972,1.9999997328886687,5.75,0.9978589232386036,2,0.2150537634408602,0.2406015037593984,0.2272288999157076
0.96064222257714,0.001550467232039,1.3353970374040836,2.2385443102306084,-0.0692353900173532,0.0028620056755195,8.191076486705843e-06,0.0692797411818213,1.330917463378269,2.2292686490858085,0.1491299055256193,0.0055731634202205,-1.340392681986853,2.2489233408549296,0,0.8944271381274586,26.565051177077972,1.999999735637733,6.0,1.0,2,0.2150537634408602,0.2406015037593984,0.2272288999157076
0.95970307338938,0.0006639183581132,0.3152531999177584,-3.776353949806687,-0.0709190880150193,0.0011688535236222,1.3662185596841492e-06,0.0709263118229188,0.3899196445847845,-3.762520612456132,0.1525106489783203,0.0023856279649265,-0.309682730445927,-3.765627582161199,0,0.8944271393095747,26.565051177077972,1.999999741548313,6.25,0.9978589232386036,2,0.2150537634408602,0.2406015037593984,0.2272288999157076
0.959126138642976,0.0015837772898002,-1.2735604254268582,1.2249100630699434,-0.0718775189625112,0.0027268095096303,7.435490101810504e-06,0.0719163010018078,-1.2878719851674554,1.3458809132983625,0.1545818180454576,0.0056810892998227,1.2685306584586131,1.201757621947953,0,0.8944271417696691,26.565051177077972,1.999999753848783,6.5,0.9914448613738104,2,0.2150537634408602,0.2406015037593984,0.2272288999157076
0.958108457160367,0.0017317276893536,0.1826440678590125,-4.142690664036737,-0.0734645243827958,0.0027645811670557,7.642909029239063e-06,0.0735035272933377,0.2686341013775782,-4.419531864565446,0.158252861959291,0.0062356110444841,-0.1771991546750737,-4.106625543547526,0,0.8944271423483123,26.56505117707798,1.999999756741999,6.75,0.9807852804032304,2,0.2150537634408602,0.2406015037593984,0.2272288999157076
0.9570012061321984,0.0014855592445651,1.2287862373687592,1.900828777399289,-0.075183103626452,0.0022763458886071,5.181750604578891e-06,0.0752089448394229,1.447422425607732,2.6897187546310732,0.1622415254937525,0.005352263500226,-1.2189486703287873,1.8478545995336404,0,0.8944271431708092,26.56505117707798,1.999999760854483,7.0,0.9659258262890684,2,0.2150537634408602,0.2406015037593984,0.2272288999157076
0.9559712028102436,0.0008634750118577,-0.1677636554580256,-2.082581970896106,-0.0767599074757121,0.0011939422898317,1.4254981914487835e-06,0.0767668712357327,-0.5539838325856502,-2.6522190001576895,0.1659468280950797,0.0031172402176615,0.1373717997831247,-2.024652914501166,0,0.8944271438270458,26.56505117707798,1.9999997641356653,7.25,0.9469301294951056,2,0.2150537634408602,0.2406015037593984,0.2272288999157076
0.9547082081156636,0.0019852688759597,-1.4816129131658442,2.430071118992828,-0.0786343817010102,0.0031829789197367,1.0131354803488512e-05,0.0786826823488046,-1.4668942024043488,2.42036560151184,0.1704659744334516,0.0070633323484732,1.477690922835448,2.4179869284566795,0,0.8944271466978065,26.56505117707798,1.9999997784894676,7.5,0.9238795325112868,2,0.2150537634408602,0.2406015037593984,0.2272288999157076
0.9544464245435496,0.0017417140086973,-1.8615214135779767,3.519170359476366,-0.0789649212686131,0.0028553354720213,8.152940657783209e-06,0.0790036296409963,-1.8409486772035024,3.390643249178229,0.1714143010260738,0.0061834459317574,1.859822486995885,3.5185075237696424,0,0.8944271434453396,26.56505117707798,1.9999997622271344,7.75,0.8968727415326884,2,0.2150537634408602,0.2406015037593984,0.2272288999157076
0.9543727705863212,0.0016813719763087,-1.9347266652166304,3.762277837436738,-0.0788101101900248,0.0029945843456733,8.967535403352091e-06,0.0788527686242942,-1.711038130070767,2.975551230030394,0.1717143880405491,0.0059390684298084,1.9414299896962304,3.789136903910208,0,0.8944271435116066,26.565051177077976,1.9999997625584696,8.0,0.8660254037844387,2,0.2150537634408602,0.2406015037593984,0.2272288999157076
0.95456075227671,0.0018060558685761,-1.940578948985336,3.820199155605255,-0.0781265156924634,0.00344832869606,1.1890970796070956e-05,0.078183570411832,-1.7428817669976298,3.2382919383632043,0.1710948866584352,0.0063497103530273,1.9474328808040149,3.8387981652172622,0,0.8944271431275429,26.565051177077976,1.9999997606381512,8.25,0.8314696123025451,2,0.2150537634408602,0.2406015037593984,0.2272288999157076
0.9550031218924266,0.0009297292156322,-1.7733822719570649,3.3836813769925342,-0.0770045284498205,0.0013354187376173,1.783343204779536e-06,0.0770132125624097,-0.3903558456362163,0.5934265549153128,0.169582014863168,0.0033488469658828,1.8093689599611136,3.4638753530310247,0,0.8944271451616894,26.56505117707799,1.999999770808882,8.5,0.7933533402912352,2,0.2150537634408602,0.2406015037593984,0.2272288999157076
0.9544311547334254,0.0012797397912023,-0.0855260933647324,-4.604576908260851,-0.0776210291148317,0.001910923401212,3.65162824529966e-06,0.0776386687291173,0.0587136266876752,-3.298706253582674,0.1716588220365157,0.0045789936756466,0.0889749689897204,-4.665506523084959,0,0.894427145683121,26.56505117707799,1.9999997734160395,8.75,0.7518398074789774,2,0.2150537634408602,0.2406015037593984,0.2272288999157076
0.9544380877387332,0.0012861754217481,-0.0956312667477663,-4.675287116382487,-0.0770056178285045,0.0026142791356471,6.834455399080122e-06,0.0770388928963748,0.1063127153347173,-4.088428708749037,0.1717158782512251,0.0045270172749399,0.0632090326758349,-4.4906391028757096,0,0.8944271435758543,26.56505117707799,1.9999997628797077,9.0,0.7071067811865476,2,0.2150537634408602,0.2406015037593984,0.2272288999157076
0.9547298672739236,0.0017275855688872,0.5445628008275937,-2.084271949911514,-0.0759206025059019,0.0039883944856678,1.5907290573305585e-05,0.0759991338949941,0.4097648757644117,-3.164072068728501,0.1707550340408114,0.0059988047155887,-0.5614436236721515,-1.9694134720502936,0,0.8944271420006102,26.56505117707799,1.9999997550034887,9.25,0.659345815100069,2,0.2150537634408602,0.2406015037593984,0.2272288999157076
0.9556599787204246,0.0019307424681624,-1.0013731670200152,-0.1343080294494516,-0.0738275330390039,0.0042330705438377,1.791888622910678e-05,0.0739184942980926,-1.2199191548845516,0.7831120242011416,0.1675141247899989,0.0067381239555991,0.977111828895822,-0.2349225612797116,0,0.894427141483685,26.56505117707798,1.9999997524188624,9.5,0.6087614290087209,2,0.2150537634408602,0.2406015037593984,0.2272288999157076
0.9563175056544042,0.0009534944054884,0.0942183700793013,-4.177886191509357,-0.0721165331511129,0.0017076452877954,2.916052428929864e-06,0.0721316947884726,-0.2798109945828216,-2.435061362249016,0.1652613033894628,0.0033926561303882,-0.112461740079323,-4.257169690292939,0,0.8944271432454804,26.56505117707799,1.9999997612278384,9.75,0.5555702330196025,2,0.2150537634408602,0.2406015037593984,0.2272288999157076
0.9565228744993916,0.0007371862421625,0.0149086963159157,-2.457787039013713,-0.071346192447168,0.0010615067381685,1.126796555177333e-06,0.0713521147137548,-1.245468789115164,2.3575114465667912,0.1645869830625497,0.0026762277752216,-0.06383457194978,-2.783103110291389,0,0.8944271428052456,26.565051177077965,1.9999997590266656,10.0,0.4999999999999999,2,0.2150537634408602,0.2406015037593984,0.2272288999157076
0.9565668752790102,0.0007699159584716,-0.1773685086306731,-3.611315930578874,-0.0707689184820327,0.0016584568280265,2.7504790504278704e-06,0.0707834915951771,-0.2505667769369131,0.5948027924182178,0.1644979238588492,0.0027399380558789,0.0575916243711403,-3.484598697920843,0,0.8944271418934641,26.565051177077972,1.9999997544677584,10.25,0.4422886902190017,2,0.2150537634408602,0.2406015037593984,0.2272288999157076
0.9570877325822608,0.0016650287762523,1.3722672080429477,1.6807889543362575,-0.0690991540351682,0.003983506406487,1.5868323290523663e-05,0.0691852175745939,1.0770490849329168,0.9686208871782752,0.1627364798179252,0.0058054330137025,-1.4002471313949667,1.7630848892046824,0,0.8944271392258145,26.565051177077972,1.9999997411295125,10.5,0.3826834323650899,2,0.2150537634408602,0.2406015037593984,0.2272288999157076
0.9578084646267376,0.0014750754250967,-0.0203501818200528,-2.895682733700898,-0.0671763701411717,0.0033889544723255,1.1485012415495431e-05,0.067240452591096,-0.1894275971462984,-3.2007965877164235,0.160255001612067,0.0051629116696378,0.0003177037904133,-2.8611483727857774,0,0.8944271402377837,26.56505117707799,1.9999997461893568,10.75,0.3214394653031617,2,0.2150537634408602,0.2406015037593984,0.2272288999157076
0.9585595773082014,0.0010663112738156,-1.3827119149928178,1.6629830991453964,-0.0654837813145975,0.0023254656438442,5.407790460699974e-06,0.0655147422959417,-1.5993369051108997,2.6303787290288057,0.157622985947191,0.0037535577870037,1.360245953166074,1.5599846578576957,0,0.8944271395415191,26.565051177077972,1.9999997427080352,11.0,0.258819045102521,2,0.2150537634408602,0.2406015037593984,0.2272288999157076
0.9591335481805288,0.0003863318430056,-1.5261006215112185,2.2422113821615604,-0.064355667931174,0.0006139986230919,3.769943091587968e-07,0.0643578646367288,-0.4081149863220263,1.5671094213866097,0.1555863322332831,0.0013997815017031,1.5460377404812138,2.2419883621276124,0,0.8944271393085648,26.565051177077976,1.999999741543263,11.25,0.1950903220161281,2,0.2150537634408602,0.2406015037593984,0.2272288999157076
0.9589299451178184,0.0003868446623701,0.1757146766960726,-4.86880532072559,-0.0649456982308724,0.0008104437982337,6.568191500956042e-07,0.0649494906297056,-0.879042520291836,-1.1400490586813865,0.1562845786989498,0.0013853658433555,-0.1795838008960253,-4.570955265275906,0,0.8944271401450439,26.56505117707798,1.9999997457256584,11.5,0.130526192220052,2,0.2150537634408602,0.2406015037593984,0.2272288999157076
0.959239077606492,0.0004927219123206,-0.2239039703725859,0.8685040538798106,-0.064372105616476,0.0012902862193582,1.6648385278656817e-06,0.0643818034105502,-0.2713587191905215,1.5350754327569955,0.1551801404143809,0.0017119472032584,0.2148769976000257,0.7163428296302339,0,0.8944271387737902,26.56505117707799,1.9999997388693909,11.75,0.0654031292301431,2,0.2150537634408602,0.2406015037593984,0.2272288999157076
0.9592514246776715,0.0004909493947324,-0.3752800719869923,1.226456518312876,-0.0643703413686861,0.0012904382948411,1.6652309927924325e-06,0.0643800417145397,-0.2794191106965425,1.535537760034586,0.1551331517992978,0.0017040694900927,0.3803701258632083,1.142612877394571,0,0.8944271394792318,26.56505117707796,1.9999997423965996,12.0,1.2246467991473532e-16,2,0.2150537634408602,0.2406015037593984,0.2272288999157076
0.9594519373985108,0.0006738755525529,-0.4157104321585632,-1.7003829702088904,-0.063891680534136,0.0016204267848732,2.625782965134758e-06,0.0639070902067997,-0.8218861477958332,-0.9555340019128078,0.1544302126995921,0.0023602753397351,0.3723895545649459,-1.7466706663631817,0,0.8944271383520619,26.56505117707799,1.9999997367607487,12.25,-0.0654031292301428,2,0.2150537634408602,0.2406015037593984,0.2272288999157076
0.9597318962050568,0.0003864867654875,-0.71831254660654,1.6271075328669615,-0.0632219419331905,0.0007995294858137,6.392473986855533e-07,0.0632257335058505,-0.8299754170610479,0.3962387604699433,0.1534504442641474,0.0013731755582009,0.7004611174598958,1.6640489130512783,0,0.8944271388457264,26.56505117707799,1.999999739229072,12.5,-0.1305261922200517,2,0.2150537634408602,0.2406015037593984,0.2272288999157076
0.9595490439884912,0.0004921651992005,0.4962638828465085,-2.6090531614542893,-0.0636316401424114,0.0009524968409629,9.072502320443524e-07,0.063636986610677,0.6846904416247109,-1.8231589357624216,0.1540945883641029,0.0017552218098002,-0.4837779387618592,-2.659444939134655,0,0.8944271396377319,26.565051177077972,1.999999743189099,12.75,-0.1950903220161279,2,0.2150537634408602,0.2406015037593984,0.2272288999157076
0.9602445312430252,0.0012494794171758,1.2685497716327558,2.0205114168023073,-0.0622654145651862,0.0024486358188464,5.995817373337791e-06,0.0623015145402148,1.3024141697853877,1.9715695573308327,0.151610710870337,0.0044637009834588,-1.26981946832518,2.03201494389603,0,0.8944271359573005,26.565051177077972,1.999999724786945,13.0,-0.2588190451025208,2,0.2150537634408602,0.2406015037593984,0.2272288999157076
0.960203538298768,0.0012562334589385,1.4386264778619036,2.5701688346242406,-0.0624336690081956,0.002485746282767,6.178934582289969e-06,0.0624707709794088,1.627358006069012,3.037137075093863,0.1517449557335069,0.0044854485902241,-1.4263585710416795,2.537814607007818,0,0.8944271385374563,26.56505117707799,1.9999997376877217,13.25,-0.3214394653031615,2,0.2150537634408602,0.2406015037593984,0.2272288999157076
0.9602279650467164,0.0012452118979442,1.3766271195590152,2.5453795893134163,-0.062539682424101,0.0025450307876122,6.4771817098944795e-06,0.0625785088028624,1.7024541071763346,3.0534631410361897,0.1516369376737789,0.0044375320630159,-1.347360170749606,2.5058526252102453,0,0.8944271386984037,26.56505117707798,1.9999997384924593,13.5,-0.3826834323650896,2,0.2150537634408602,0.2406015037593984,0.2272288999157076
0.9603695157041606,0.0010949955375931,1.9048142712120693,3.693773460177834,-0.0626067467753431,0.0026161480399816,6.844230567099983e-06,0.0626477287275234,1.5906535446624075,2.797554572979738,0.1510860924451117,0.0038540816323342,-1.9235004916360008,3.752060828014202,0,0.8944271389007206,26.56505117707799,1.999999739504042,13.75,-0.4422886902190014,2,0.2150537634408602,0.2406015037593984,0.2272288999157076
0.959520850753065,0.0006264064788624,-1.7181624306648378,3.038692132105922,-0.0647262956234584,0.0018459267595404,3.4074456015875485e-06,0.064746034081916,-1.2434902097949545,1.3431910993564014,0.1540530486154322,0.0021489653846208,1.7602589149028087,3.1865089745864132,0,0.8944271401124885,26.56505117707799,1.999999745562881,14.0,-0.4999999999999998,2,0.2150537634408602,0.2406015037593984,0.2272288999157076
0.9622510874928516,0.0016023831403194,-1.83493020525086,3.4637675143275395,-0.0593192658498934,0.0147618531344039,0.0002179123079617,0.0606812123473296,1.761754992352932,3.3563433161283456,0.1405570356106136,0.0087589779112858,0.4320751648514113,1.50769607103771,0,0.8944271297089672,26.56505117707797,1.9999996935452844,0.0,0.0,3,0.3256048387096775,0.25,0.3805115433471454
0.9634973886000222,0.0009507840034914,1.5440797712544163,2.5116180924607256,-0.0505015557723066,0.016209261364224,0.0002627401539737,0.0524162403354513,0.0152071514623211,-5.89745161061537,0.1334230024424677,0.0080693381002691,-0.6207749343049026,-2.344128612552611,0,0.8944271261343516,26.56505117707795,1.9999996756722092,0.25,0.065403129230143,3,0.3256048387096775,0.25,0.3805115433471454
0.9632358773574052,0.0012256500403567,0.8127820588023542,0.650415570172294,-0.0438881408937232,0.0136027399198438,0.0001850345333269,0.0454416638241006,-1.9465909195190485,3.834132064303603,0.1315328117550466,0.0066004982893931,-0.1869703463327428,0.8506304619734717,0,0.8944271308370682,26.56505117707799,1.9999996991857856,0.5,0.1305261922200515,3,0.3256048387096775,0.25,0.3805115433471454
0.96280956561688,0.0014401359202549,1.4840875242275031,2.0428824259484113,-0.0375144431831175,0.0015029150477879,2.2587536408675966e-06,0.0375370152325686,1.482042063588453,2.0350762755352196,0.1302159415081437,0.0048188128921538,-1.4869166719913716,2.0536811801711163,0,0.8944271313137405,26.565051177077976,1.9999997015691484,0.75,0.1950903220161282,3,0.3256048387096775,0.25,0.3805115433471454
0.9637000305805722,0.0022429548136254,0.3154385447280237,-4.0259477478546,-0.0365871638924806,0.0023384052316102,5.468139027222391e-06,0.0366431667022072,0.3132742920683785,-4.036529354008936,0.1272274766714935,0.00751544382467,-0.318436946653009,-4.011276245594372,0,0.8944271235298626,26.56505117707797,1.9999996626497667,1.0,0.2588190451025207,3,0.3256048387096775,0.25,0.3805115433471454
0.963789602671569,0.0023111695711266,0.1613175464517709,-4.89613937231711,-0.0364939837892754,0.0024094959441631,5.805670704938688e-06,0.0365535922426332,0.1599751946955293,-4.902315523399935,0.1269264438267447,0.0077441264446223,-0.1631781081396495,-4.887564752569332,0,0.8944271254948032,26.565051177077972,1.9999996724744669,1.25,0.3214394653031616,3,0.3256048387096775,0.25,0.3805115433471454
0.964019509800502,0.0021087979539861,-0.0771284860724892,-3.315263659618225,-0.0362536524580888,0.0021981211392805,4.831736542952113e-06,0.0363035965017131,-0.080281987302551,-3.3130122555673793,0.1261589416001054,0.0070677860578307,0.0727734121886237,-3.318289352493899,0,0.8944271294152278,26.565051177078004,1.9999996920765848,1.5,0.3826834323650898,3,0.3256048387096775,0.25,0.3805115433471454
0.9644971953542144,0.0015372876981367,0.229377390907248,-3.032630548137698,-0.0357544726816463,0.0016005882064485,2.5618826066220993e-06,0.0357813321258118,0.2269346455696505,-3.037247322705511,0.1245635465528258,0.0051603860953729,-0.2327441451220921,-3.026226669123128,0,0.8944271283299275,26.56505117707797,1.9999996866500864,1.75,0.4422886902190012,3,0.3256048387096775,0.25,0.3805115433471454
0.9636880149144554,0.0010645882975729,1.5914180679971652,2.3850166358692473,-0.0365968507991525,0.0011094053069335,1.2307801350523667e-06,0.0366094601642364,1.5901925637489616,2.3799033673305914,0.1272803515537178,0.0035692643894181,-1.5931075493532454,2.392064146172368,0,0.8944271291944277,26.565051177077976,1.9999996909725863,2.0,0.4999999999999999,3,0.3256048387096775,0.25,0.3805115433471454
0.96346028466308,0.0006384993889127,0.9736424986401696,-0.358671312730026,-0.0368338766102978,0.0006659950305916,4.4354938077274466e-07,0.0368383920411615,0.9724731601352284,-0.3637277316522667,0.1280451609065456,0.0021379717938462,-0.9752601116745504,-0.3516759476094968,0,0.8944271270955726,26.565051177077976,1.9999996804783124,2.25,0.5555702330196022,3,0.3256048387096775,0.25,0.3805115433471454
0.9630935187799344,0.0012200222599717,-0.9562433208211902,1.2097894202112798,-0.0372174675471227,0.0012744935212999,1.624333735835474e-06,0.0372338305969598,-0.95960030062937,1.2158613802658849,0.1292686722198713,0.0040765778099454,0.9515765082988414,1.2013749830749385,0,0.8944271316511786,26.565051177077976,1.999999703256339,2.5,0.6087614290087207,3,0.3256048387096775,0.25,0.3805115433471454
0.9625690934400484,0.0013824505068001,0.6761491200424533,-2.2255806127858744,-0.0377655852917563,0.0014441708178182,2.0856293510377987e-06,0.0377862892388534,0.6741161351702957,-2.236421615646252,0.1310197487085114,0.0046193268553807,-0.6789744282080736,-2.2105190570734496,0,0.894427131589761,26.565051177077972,1.999999702949251,2.75,0.6593458151000688,3,0.3256048387096775,0.25,0.3805115433471454
0.9624252950002514,0.0013459894362129,1.3472616891527007,1.18707398349391,-0.0379158166031226,0.0014058831274723,1.9765073681115505e-06,0.0379353598797718,1.3452672295711856,1.1775622326740829,0.1315001798552736,0.0044983783912566,-1.3500275907243768,1.2002581094963194,0,0.8944271300986076,26.56505117707797,1.999999695493485,3.0,0.7071067811865475,3,0.3256048387096775,0.25,0.3805115433471454
0.9614866828012192,0.0007805198051919,0.2102615632762504,1.5102832049403414,-0.0388970036309916,0.0008173050352435,6.679875206344922e-07,0.038903443062407,0.2070342105998649,1.509526990007064,0.1346334856816601,0.0025994234473228,-0.2147671036901132,1.5113584921963472,0,0.8944271329111801,26.565051177077972,1.9999997095563455,3.25,0.7518398074789774,3,0.3256048387096775,0.25,0.3805115433471454
0.961470397872612,0.0007825417681574,0.3316454581541018,1.469218909989106,-0.0389140599701502,0.0008194107659587,6.71434003369096e-07,0.0389205297865158,0.3284996801524069,1.467998485007051,0.1346877032544996,0.0026062084979052,-0.3360366320643211,1.4709415070696306,0,0.8944271317465099,26.565051177077976,1.9999997037329944,3.5,0.7933533402912352,3,0.3256048387096775,0.25,0.3805115433471454
0.961899982739584,0.0011669431175059,-0.0766522534218157,-2.252691156870201,-0.038464908788707,0.0012211448830491,1.4911948253971862e-06,0.0384794439180544,-0.0790845734530689,-2.251639354590994,0.1332540071141446,0.0038898901461312,0.0732611213334181,-2.254124798659923,0,0.8944271289470502,26.56505117707797,1.9999996897356989,3.75,0.8314696123025451,3,0.3256048387096775,0.25,0.3805115433471454
0.9614943981659806,0.0011850299289206,1.5453066532828523,2.345927831137507,-0.0388895052787627,0.0012398995276567,1.5373508386834127e-06,0.0389043266739834,1.5437329756656968,2.3402854186217805,0.1346052119960417,0.0039509447636464,-1.5474963882624608,2.353780879289184,0,0.8944271325053699,26.56505117707799,1.9999997075272933,4.0,0.8660254037844386,3,0.3256048387096775,0.25,0.3805115433471454
0.9619886319528278,0.001071817946806,0.1153034540137449,-3.203328272555865,-0.0383719979628257,0.0011213049566602,1.2573248058308266e-06,0.0383842835189555,0.1136493077882367,-3.204978619270859,0.1329591436878543,0.0035741151733045,-0.1176086054878365,-3.201007053836264,0,0.8944271299945751,26.56505117707797,1.999999694973322,4.25,0.8968727415326884,3,0.3256048387096775,0.25,0.3805115433471454
0.961405539301575,0.0018616486640161,-0.639446901204377,-1.4737227136495823,-0.038984071699649,0.0019509103062678,3.8060510231022472e-06,0.0390206661213106,-0.6430854932179393,-1.46159491646109,0.1348943954405191,0.0061932268229751,0.634356744707348,-1.4906502051706436,0,0.8944271349595891,26.56505117707799,1.999999719798388,4.5,0.9238795325112868,3,0.3256048387096775,0.25,0.3805115433471454
0.960589183387778,0.0014927309648774,0.6819821008552444,0.1323265785419121,-0.0398388412163003,0.001565072214334,2.449451036080589e-06,0.0398618910456433,0.6778446517675878,0.1250208365585727,0.1376134337042724,0.0049625193221287,-0.6877728166224297,0.1425990463378195,0,0.894427133774688,26.56505117707799,1.9999997138738832,4.75,0.9469301294951056,3,0.3256048387096775,0.25,0.3805115433471454
0.9602425177213296,0.001571911157898,1.6858184100860505,2.9573443554613306,-0.0402027732935066,0.0016479014068896,2.715579046828803e-06,0.040228095465412,1.684192893896646,2.952203945939946,0.1387638364922015,0.0052265817016548,-1.688088499615227,2.96452708895308,0,0.8944271344094218,26.56505117707799,1.9999997170475512,5.0,0.9659258262890684,3,0.3256048387096775,0.25,0.3805115433471454
0.9594826778429404,0.0003646131923518,0.0702461952026239,1.452104977246636,-0.0409991803401909,0.000383245471693,1.468770915732166e-07,0.0410005237330729,0.0687334279242783,1.451981415940061,0.1412910262846536,0.0012078649603456,-0.0723789514048951,1.4522871237277002,0,0.8944271343606699,26.56505117707799,1.999999716803792,5.25,0.9807852804032304,3,0.3256048387096775,0.25,0.3805115433471454
0.9586126484055176,0.0020459438141933,-1.9324906074170345,3.797460562182131,-0.0419173832483844,0.0021579370550845,4.6566923337070615e-06,0.0419590221244766,-1.9330131376508544,3.7989393666678737,0.1441567025481717,0.0067446011622753,1.9317444728179125,3.79535076466842,0,0.8944271391249764,26.565051177078,1.9999997406253205,5.5,0.9914448613738104,3,0.3256048387096775,0.25,0.3805115433471454
0.9578595292215016,0.0019500645034332,-0.4034343186997055,-3.714772018929043,-0.0427105483154305,0.0020566629589276,4.229862526625066e-06,0.0427476705131377,-0.4054684853065661,-3.703537630032359,0.1466446521592518,0.006429183806916,0.4005500509388995,-3.7307056512757257,0,0.8944271375776455,26.565051177077972,1.9999997328886687,5.75,0.9978589232386036,3,0.3256048387096775,0.25,0.3805115433471454
0.957106291215574,0.00169038651897,1.335361856926023,2.238471347894544,-0.0435045338750344,0.0017827649217143,3.178250766095289e-06,0.043531921112658,1.3318126007808844,2.231118913207821,0.1491299055256193,0.0055731634202205,-1.3403926819698249,2.2489233342891346,0,0.8944271381274586,26.565051177077972,1.999999735637733,6.0,1.0,3,0.3256048387096775,0.25,0.3805115433471454
0.9560822186742006,0.0007240628196855,0.3147196699750961,-3.7759314240267057,-0.04453281875569,0.0007049529348676,4.969586403785515e-07,0.0445370033265319,0.4148734225510443,-3.627727657717251,0.1525106489783203,0.0023856279649268,-0.3096827296430154,-3.7656282757375568,0,0.8944271393095747,26.565051177077972,1.999999741548313,6.25,0.9978589232386036,3,0.3256048387096775,0.25,0.3805115433471454
0.955452801549414,0.0017275019374427,-1.273535287598782,1.2244646197775424,-0.0450826046100558,0.0016096919230843,2.59110808724286e-06,0.04510415246396,-1.2939444596263583,1.4189148150824131,0.1545818180454576,0.0056810892998228,1.2685306584649203,1.2017576185155292,0,0.8944271417696691,26.565051177077972,1.999999753848783,6.5,0.9914448613738104,3,0.3256048387096775,0.25,0.3805115433471454
0.954342216312376,0.0018896600644503,0.1819861215563552,-4.140485251776157,-0.0459471441298578,0.0015459117954924,2.3898432794427517e-06,0.0459666448215399,0.2726404743144784,-4.32450727377638,0.158252861959291,0.0062356110444843,-0.1771991546750737,-4.106625544503691,0,0.8944271423483123,26.56505117707798,1.999999756741999,6.75,0.9807852804032304,3,0.3256048387096775,0.25,0.3805115433471454
0.9531338322131472,0.0016214120388418,1.227541945142216,1.895680980329118,-0.0468777517728214,0.0012309859641792,1.515326444006311e-06,0.0468898721058968,1.5685723828196287,2.8777280156997733,0.1622415254937525,0.0053522635002263,-1.2189486703287873,1.8478545995336404,0,0.8944271431708092,26.56505117707798,1.999999760854483,7.0,0.9659258262890684,3,0.3256048387096775,0.25,0.3805115433471454
0.9520096476195904,0.0009429498949936,-0.1656029085316712,-2.077835315084249,-0.0477189081969779,0.0005933531118388,3.5206791532889353e-07,0.0477216748495712,-0.5892817682206982,-1.9855984558878197,0.1659468280950797,0.0031172402176623,0.1373717998594834,-2.0246529958004764,0,0.8944271438270458,26.56505117707798,1.9999997641356653,7.25,0.9469301294951056,3,0.3256048387096775,0.25,0.3805115433471454
0.9506308453180768,0.0021665564716815,-1.4817444249380165,2.430279438017063,-0.0486813387062778,0.0017531631004923,3.0735808569279467e-06,0.0487050092277799,-1.4484046466193172,2.398161828202058,0.1704659744334516,0.0070633323484737,1.4776909228495845,2.417986925992853,1,0.8944271466978065,26.56505117707799,1.9999997784894668,7.5,0.9238795325112868,3,0.3256048387096775,0.25,0.3805115433471454
0.9503448818515988,0.0019005967327251,-1.8615079130928305,3.5195303033215524,-0.0488224044452215,0.0016061226826541,2.5796300717362526e-06,0.0488422143065472,-1.7827178345835757,3.193528493552354,0.1714143010260738,0.006183445931758,1.859822487017241,3.51850751951169,0,0.8944271434453396,26.56505117707798,1.9999997622271344,7.75,0.8968727415326884,3,0.3256048387096775,0.25,0.3805115433471454
0.950263606681053,0.0018340473868871,-1.935341819411475,3.7647100868947057,-0.048608072202805,0.0018106439543946,3.278431529585731e-06,0.0486333579646767,-1.430453091007584,2.139578484367444,0.1717143880405491,0.005939068429809,1.9414299896841385,3.789136905260961,0,0.8944271435116063,26.56505117707799,1.9999997625584685,8.0,0.8660254037844387,3,0.3256048387096775,0.25,0.3805115433471454
0.950467484547856,0.0019692674683802,-1.941205077493684,3.821920035468967,-0.0480497624638606,0.0021777694476626,4.742679767172701e-06,0.0480867620313419,-1.536098032934671,2.5972563658214085,0.1710948866584352,0.0063497103530279,1.9474328807990728,3.838798166235595,0,0.8944271431275427,26.56505117707799,1.99999976063815,8.25,0.8314696123025451,3,0.3256048387096775,0.25,0.3805115433471454
0.9509489094909068,0.0010154618524873,-1.7765532209481902,3.390769023645241,-0.0472375455756276,0.0007680956123315,5.899708696829833e-07,0.0472422288864725,0.8492234794013279,-0.7665855089574816,0.169582014863168,0.0033488469658839,1.8093689598346672,3.4638754165065073,1,0.8944271451616894,26.56505117707799,1.999999770808882,8.5,0.7933533402912352,3,0.3256048387096775,0.25,0.3805115433471454
0.9503237263560804,0.0013970887560548,-0.0859452344273112,-4.609264304763311,-0.0474349418227568,0.0010001367545325,1.0002735277668278e-06,0.0474428488907891,0.2900689803507359,-1.7170150221959144,0.1716588220365158,0.0045789936756476,0.0889749690816608,-4.6655065553534225,1,0.8944271456831211,26.565051177077976,1.9999997734160408,8.75,0.7518398074789774,3,0.3256048387096775,0.25,0.3805115433471454
0.950329301141013,0.0014022563224895,-0.0934483222116157,-4.6616432768976,-0.0468095523830383,0.001784222069718,3.183448394069021e-06,0.0468350486345008,0.6092815566066254,-1.7913204356096024,0.1717158782512251,0.0045270172749408,0.0632090327421274,-4.490639114904651,0,0.8944271435758543,26.56505117707799,1.9999997628797077,9.0,0.7071067811865476,3,0.3256048387096775,0.25,0.3805115433471454
0.9506456668772904,0.0018812989557372,0.5454639132118243,-2.0767664403500756,-0.0459177678292347,0.0027830982017764,7.74563560073123e-06,0.0459809811674365,0.3511800453273574,-3.633668648901276,0.1707550340408115,0.0059988047155894,-0.5614436236501441,-1.9694134791818063,0,0.8944271420006102,26.56505117707799,1.9999997550034887,9.25,0.659345815100069,3,0.3256048387096775,0.25,0.3805115433471454
0.9516586780612656,0.0021032474715205,-0.999962786291806,-0.1401873559339854,-0.0444762524710079,0.0028805074919762,8.297323411331248e-06,0.0445461561352203,-1.3228356853721597,1.2184474460779633,0.1675141247899989,0.0067381239555996,0.977111828891612,-0.234922560575546,0,0.894427141483685,26.56505117707798,1.9999997524188624,9.5,0.6087614290087209,3,0.3256048387096775,0.25,0.3805115433471454
0.9523740751322484,0.0010399678942979,0.0955843548814984,-4.184579272897322,-0.0432219810424959,0.0010472164993508,1.0966623965126275e-06,0.0432314947929788,-0.6325541816980389,-0.8765116484215714,0.1652613033894628,0.003392656130389,-0.112461740079323,-4.257169690292939,0,0.8944271432454804,26.56505117707799,1.9999997612278384,9.75,0.5555702330196025,3,0.3256048387096775,0.25,0.3805115433471454
0.952596732138958,0.0008052816507234,0.0188533940026066,-2.4845459574345856,-0.0425877765315527,0.0006622889781776,4.386266906156391e-07,0.0425916386151029,-1.1309508302703437,0.4119134256360439,0.1645869830625497,0.0026762277752226,-0.0638345718291098,-2.783103258714723,0,0.8944271428052455,26.56505117707799,1.9999997590266636,10.0,0.4999999999999999,3,0.3256048387096775,0.25,0.3805115433471454
0.9526430787429084,0.0008396551080166,-0.1684975238874175,-3.604671422385609,-0.0420293932624954,0.0012552961830791,1.5757685072530829e-06,0.0420434504339739,0.3252138648788564,1.493194615834284,0.1644979238588492,0.0027399380558797,0.0575916243711403,-3.484598697920843,0,0.8944271418934641,26.565051177077972,1.9999997544677584,10.25,0.4422886902190017,3,0.3256048387096775,0.25,0.3805115433471454
0.9532086684203254,0.0018125764192033,1.374109796940933,1.6859035596029432,-0.0407085823712242,0.0028384974881829,8.057067990420784e-06,0.0407827350685023,0.931158564084153,0.6927038782895689,0.1627364798179252,0.0058054330137028,-1.4002471313831455,1.7630848825772496,0,0.8944271392258143,26.565051177078,1.99999974112951,10.5,0.3826834323650899,3,0.3256048387096775,0.25,0.3805115433471454
0.9539926072850528,0.0016062194042741,-0.0191340262461541,-2.893018894275281,-0.0392804215271185,0.0023685020664349,5.609802038706818e-06,0.0393339403934724,-0.2568507099234574,-3.290829719426137,0.160255001612067,0.0051629116696381,0.0003177038072201,-2.861148383219321,0,0.8944271402377837,26.56505117707799,1.9999997461893568,10.75,0.3214394653031617,3,0.3256048387096775,0.25,0.3805115433471454
0.954810600574592,0.0011615197490794,-1.3811906523866146,1.655846467466242,-0.038109992907723,0.0015879049005739,2.5214419732669206e-06,0.0381347956714959,-1.6889787790298851,2.999429570648342,0.157622985947191,0.003753557787004,1.3602459532494695,1.5599846231130083,0,0.8944271395415191,26.565051177077972,1.9999997427080352,11.0,0.258819045102521,3,0.3256048387096775,0.25,0.3805115433471454
0.9554362110836424,0.0004217014949825,-1.5279920878951554,2.242614265739423,-0.0373841880898602,0.0003766916097716,1.418965688723199e-07,0.0373856114242471,0.7189787425765148,0.7590447506959901,0.1555863322332831,0.0013997815017034,1.5460377409028698,2.241987424782657,0,0.8944271393085648,26.565051177077976,1.999999741543263,11.25,0.1950903220161281,3,0.3256048387096775,0.25,0.3805115433471454
0.9552149202682412,0.0004218531295767,0.1764678268243907,-4.848179780805735,-0.0378365761963201,0.0006008226414905,3.609878465276333e-07,0.0378401537938857,-1.4951231469510673,2.254233695505365,0.1562845786989498,0.0013853658433559,-0.1795838013309815,-4.57095467637458,0,0.8944271401450439,26.56505117707798,1.9999997457256584,11.5,0.130526192220052,3,0.3256048387096775,0.25,0.3805115433471454
0.9555519655969508,0.0005360336647787,-0.2234503880550397,0.8573378704864059,-0.0374797392168832,0.0009609471651566,9.234194542225128e-07,0.0374889772647419,-0.2790166330629226,1.3684144335985646,0.1551801404143809,0.0017119472032587,0.2148769976000257,0.7163426613289037,0,0.8944271387737902,26.56505117707799,1.9999997388693909,11.75,0.0654031292301431,3,0.3256048387096775,0.25,0.3805115433471454
0.955565497019982,0.0005340667620873,-0.3759281281251246,1.2204363037535997,-0.0374871498802552,0.0009596632977686,9.20953645084182e-07,0.0374963614418602,-0.2347920225020147,1.407460612493784,0.1551331517992978,0.0017040694900929,0.3803701266704818,1.1426123096165544,0,0.8944271394792317,26.565051177077972,1.999999742396598,12.0,1.2246467991473532e-16,3,0.3256048387096775,0.25,0.3805115433471454
0.9557837603410316,0.0007335412501937,-0.4125501301313354,-1.703806164429967,-0.0371461968599309,0.0011625888172402,1.3516127579720138e-06,0.0371598392182381,-0.9696686521672327,-0.5088028805528211,0.1544302126995921,0.0023602753397352,0.3723895544109964,-1.7466706663223217,0,0.8944271383520619,26.56505117707799,1.9999997367607487,12.25,-0.0654031292301428,3,0.3256048387096775,0.25,0.3805115433471454
0.9560885038311048,0.0004211481476254,-0.7171211562633633,1.6305232365608244,-0.0366690783390754,0.0005379230398961,2.893611968511039e-07,0.0366720374009269,-0.8081645840373431,-0.6442744414618833,0.1534504442641473,0.0013731755582008,0.7004611164748491,1.664050566002878,0,0.8944271388457266,26.565051177077972,1.9999997392290736,12.5,-0.1305261922200517,3,0.3256048387096775,0.25,0.3805115433471454
0.9558893742615304,0.000536473346173,0.495175477989943,-2.6134442833518623,-0.0369524042504982,0.0006098914671224,3.719676016687993e-07,0.0369561788554171,0.8013296978424421,-1.3156151084055647,0.1540945883641029,0.0017552218098003,-0.4837779392396694,-2.659444468085514,0,0.8944271396377319,26.565051177077972,1.999999743189099,12.75,-0.1950903220161279,3,0.3256048387096775,0.25,0.3805115433471454
0.9566473743600996,0.0013618070030122,1.2682828847896284,2.0206561090696624,-0.036069548536106,0.0015806175786071,2.4983519298018824e-06,0.0360955135099357,1.3225014785748004,1.9437398150486107,0.151610710870337,0.0044637009834587,-1.2698194683645312,2.0320149656349766,0,0.8944271359573005,26.565051177077972,1.999999724786945,13.0,-0.2588190451025208,3,0.3256048387096775,0.25,0.3805115433471454
0.9566029842148024,0.0013691051972525,1.4373470937983728,2.5669944615883473,-0.036211401163477,0.0016166240669553,2.6134733738592124e-06,0.0362384558066807,1.7193369332157118,3.2596762440486096,0.1517449557335068,0.004485448590224,-1.426358571034275,2.537814605440591,0,0.8944271385374563,26.56505117707799,1.9999997376877217,13.25,-0.3214394653031615,3,0.3256048387096775,0.25,0.3805115433471454
0.9566301132492038,0.0013568828290633,1.3739989081993746,2.5416763161735716,-0.0363382036367117,0.0016949513868232,2.872860203694112e-06,0.0363678386585729,1.7936516576027195,3.230524219873218,0.1516369376737789,0.0044375320630158,-1.3473601707363712,2.505852616165257,0,0.8944271386984037,26.56505117707798,1.9999997384924593,13.5,-0.3826834323650896,3,0.3256048387096775,0.25,0.3805115433471454
0.9567855276559796,0.0011919610445747,1.906295698926287,3.6983677253740943,-0.0365125190677975,0.0018783729825359,3.528285061521006e-06,0.0365487381789373,1.396615428939119,2.3085243018168633,0.1510860924451117,0.0038540816323341,-1.9235004917122576,3.75206083242778,0,0.8944271389007206,26.56505117707799,1.999999739504042,13.75,-0.4422886902190014,3,0.3256048387096775,0.25,0.3805115433471454
0.9558620595422715,0.0006807945447113,-1.7215465289319904,3.0505916498855186,-0.0380526882350538,0.0014313997268621,2.048905178061172e-06,0.0380728743437876,-1.059690617444344,0.6846261572682728,0.1540530486154322,0.0021489653846209,1.7602589149028087,3.1865089745864132,0,0.8944271401124885,26.56505117707799,1.999999745562881,14.0,-0.4999999999999998,3,0.3256048387096775,0.25,0.3805115433471454
0.9587060343432674,0.0017138291493823,-1.4190927134290403,1.7460618723364458,-0.0521555157709892,0.0207188976053837,0.0004292727179823,0.0551557101651749,-1.9554590776607643,3.8400933628592857,0.1177151652447931,0.0526763073821325,-1.9294389671394023,3.78853982144172,0,0.9486830682094964,18.434948822921967,2.9999977015910364,0.0,0.0,3,0.2631048387096774,0.2352941176470588,0.3735472064388519
0.9599195709015298,0.000982603258677,0.1302398902594846,0.8139433365503859,-0.0606030401904782,0.0232280210576118,0.0005395409622528,0.0638543984547538,-0.0388775190968603,-5.773175272351827,0.0889980331557156,0.0588055082029696,-0.0007863360141553,-5.991077519897591,0,0.9486830548046912,18.434948822922017,2.999997567543121,0.25,0.065403129230143,3,0.2631048387096774,0.2352941176470588,0.3735472064388519
0.9594770547138622,0.0014122009586782,0.175932879247948,-2.231570863404432,-0.0716157447889606,0.0210210338618113,0.0004418838646194,0.073893354235291,1.8954737795946612,3.621628234934981,0.0638376690108648,0.0503244323712345,1.996416114230772,3.988259248732114,0,0.9486830724398728,18.434948822921967,2.999997743894758,0.5,0.1305261922200515,3,0.2631048387096774,0.2352941176470588,0.3735472064388519
0.9588535171099362,0.0015944530361209,1.4840427094852064,2.042711404545411,-0.0829101141573262,0.0033202993943459,1.102438806809436e-05,0.0829599621542346,1.4820413935755188,2.0350739423824535,0.039064782452443,0.0014456438754959,-1.48691667197295,2.0536811760892615,0,0.9486830742273936,18.43494882292197,2.999997761769946,0.75,0.1950903220161282,3,0.2631048387096774,0.2352941176470588,0.3735472064388519
0.9598393530032168,0.0024832437520372,0.3153912782689813,-4.026178822052746,-0.0808615289350836,0.0051661026423333,2.6688616511123947e-05,0.0809852043530348,0.3132763250208233,-4.036517961600129,0.038168243001448,0.002254633152433,-0.3184369466528935,-4.0112762454926045,0,0.9486830450378628,18.43494882292191,2.9999974698749603,1.0,0.2588190451025207,3,0.2631048387096774,0.2352941176470588,0.3735472064388519
0.9599385162725071,0.0025587657689993,0.161288231607235,-4.896274235084299,-0.0806556713527408,0.0053231590650459,2.83360224317811e-05,0.0807873092644214,0.1599765647807641,-4.902307652950098,0.0380779331480233,0.00232323793827,-0.1631781081437959,-4.88756475203312,0,0.9486830524063868,18.43494882292187,2.999997543560123,1.25,0.3214394653031616,3,0.2631048387096774,0.2352941176470588,0.3735472064388519
0.9601930683389,0.0023347048859743,-0.0771973342338343,-3.315214556707568,-0.0801247218492622,0.0048561814973645,2.358249873534589e-05,0.0802350168285222,-0.0802799837319789,-3.313006503150252,0.0378476824800316,0.0021203358226995,0.0727734121890459,-3.318289351918562,0,0.9486830671079745,18.43494882292192,2.9999976905758325,1.5,0.3826834323650898,3,0.2631048387096774,0.2352941176470588,0.3735472064388519
0.9607219556608704,0.0017019289510159,0.2293242234976315,-3.0327310675555204,-0.0790219141241219,0.003536088245406,1.2503920079298647e-05,0.0790812294536426,0.2269379473498997,-3.0372375770411377,0.0373690639658477,0.0015481158359389,-0.2327441451189523,-3.026226668820385,0,0.948683063038098,18.434948822922056,2.9999976498770966,1.75,0.4422886902190012,3,0.2631048387096774,0.2352941176470588,0.3735472064388519
0.9598261159938616,0.0011786268292266,1.591391328757707,2.384905089451532,-0.0808829325271941,0.0024509426748014,6.007119995163031e-06,0.0809107787269107,1.590193284873754,2.379906408802979,0.0381841054661153,0.0010707793274209,-1.5931075492537172,2.3920641198169523,0,0.948683066279974,18.43494882292192,2.9999976822958354,2.0,0.4999999999999999,3,0.2631048387096774,0.2352941176470588,0.3735472064388519
0.9595739980664648,0.0007069096236113,0.9736169236566768,-0.358781917538014,-0.0814065799921028,0.001471341826721,2.164846771058833e-06,0.0814165517636865,0.972473497457526,-0.3637261582377924,0.0384135482719636,0.0006413915558437,-0.9752601113779776,-0.3516759929424964,0,0.9486830584092696,18.434948822921967,2.9999976035888705,2.25,0.5555702330196022,3,0.2631048387096774,0.2352941176470588,0.3735472064388519
0.9591679120847808,0.001350783120199,-0.9563170358443628,1.2099226362756743,-0.0822540248227997,0.0028156618347132,7.927951567460853e-06,0.0822901607923174,-0.959601409081842,1.2158641459512989,0.0387806016659613,0.001222973352262,0.9515765082873558,1.201374986898163,0,0.9486830754927869,18.43494882292188,2.9999977744238753,2.5,0.6087614290087207,3,0.2631048387096774,0.2352941176470588,0.3735472064388519
0.9585872728544348,0.0015306202117435,0.6761044776343934,-2.225818630923463,-0.083464948469992,0.0031905197414733,1.0179416220731377e-05,0.0835106710861796,0.674115367666073,-2.2364257090063315,0.0393059246125533,0.0013857980648035,-0.6789744282320209,-2.210519048261519,0,0.94868307526247,18.43494882292201,2.999997772120692,2.75,0.6593458151000688,3,0.2631048387096774,0.2352941176470588,0.3735472064388519
0.9584280619427364,0.00149024665465,1.3472179040090413,1.186865211603326,-0.083796845293058,0.0031059328925601,9.646819133087234e-06,0.0838400047436701,1.3452660992019791,1.1775568517669264,0.039450053956582,0.0013495135257868,-1.3500275907323611,1.2002581143481752,0,0.9486830696706468,18.43494882292197,2.999997716202524,3.0,0.7071067811865475,3,0.2631048387096774,0.2352941176470588,0.3735472064388519
0.9573888345564986,0.0008642203512121,0.2101902326911487,1.5102663181443765,-0.0859645248690928,0.0018056272111316,3.260289625578922e-06,0.0859787459386805,0.2070282813389754,1.5095255655649655,0.0403900457044979,0.0007798270487539,-0.2147671035825597,1.511358391318927,0,0.94868308021779,18.434948822922017,2.9999978216738437,3.25,0.7518398074789774,3,0.2631048387096774,0.2352941176470588,0.3735472064388519
0.9573708031909643,0.0008664588738992,0.3315759322149368,1.469191766206773,-0.0860022065264457,0.0018102792395111,3.277110925004938e-06,0.0860164947007914,0.3284939221548317,1.4679963799415354,0.0404063109763497,0.0007818625638908,-0.3360366318669398,1.4709414554182452,0,0.9486830758502784,18.43494882292193,2.999997777998781,3.5,0.7933533402912352,3,0.2631048387096774,0.2352941176470588,0.3735472064388519
0.9578464395565184,0.001292063954196,-0.0767059170851411,-2.2526679757035577,-0.0850099235685326,0.002697806140338,7.2781579708458435e-06,0.0850420232802936,-0.0790880762284979,-2.251635446326702,0.0399762021342433,0.001166967053566,0.0732611213440654,-2.2541247938870104,0,0.948683065352308,18.43494882292192,2.999997673019187,3.75,0.8314696123025451,3,0.2631048387096774,0.2352941176470588,0.3735472064388519
0.9573973637450276,0.001312086035429,1.5452719425813584,2.345803394838663,-0.0859479608474363,0.0027392392324888,7.503431572806309e-06,0.0859806928764368,1.543730441551172,2.340276521956022,0.0403815635988124,0.0011852834386713,-1.5474963882043975,2.3537808610470243,0,0.948683078696003,18.43494882292189,2.999997806456004,4.0,0.8660254037844386,3,0.2631048387096774,0.2352941176470588,0.3735472064388519
0.9579445971972192,0.0011867324402584,0.1152669854462933,-3.2033646846097703,-0.0848046603526808,0.0024772342800979,6.136689678492339e-06,0.0848317920050762,0.1136472088454526,-3.2049789462712877,0.0398877431063562,0.0010722345625772,-0.117608605508105,-3.201007045478038,0,0.9486830692805244,18.43494882292197,2.9999977123013055,4.25,0.8968727415326884,3,0.2631048387096774,0.2352941176470588,0.3735472064388519
0.9572989403316624,0.0020613219039947,-0.6395274919262262,-1.4734541218683557,-0.0861568896258808,0.0043100499506985,1.8576530577516794e-05,0.0862377065322325,-0.6430935834740696,-1.461564788308273,0.0404683186321557,0.0018579680530025,0.634356744704316,-1.4906502040215877,0,0.948683087899322,18.43494882292197,2.9999978984890916,4.5,0.9238795325112868,3,0.2631048387096774,0.2352941176470588,0.3735472064388519
0.956395042293856,0.0016528534697251,0.6818903336872807,0.1321643812300816,-0.0880452858707173,0.0034576397235016,1.195527245753668e-05,0.0880961907144661,0.6778339075988735,0.1250039840587078,0.0412840301112816,0.0014887558042656,-0.6877728165940714,0.1425990392703937,0,0.948683083455944,18.43494882292197,2.9999978540553585,4.75,0.9469301294951056,3,0.2631048387096774,0.2352941176470588,0.3735472064388519
0.9560111795242112,0.0017405227743579,1.6857823623847912,2.95723034190323,-0.0888493060647198,0.0036406292106369,1.3254181049343016e-05,0.0889052294523183,1.6841883090544068,2.9521895926168185,0.0416291509476603,0.0015679745177387,-1.6880884996249652,2.9645270909985015,0,0.9486830858361948,18.43494882292201,2.999997877857836,5.0,0.9659258262890684,3,0.2631048387096774,0.2352941176470588,0.3735472064388519
0.9551698390261985,0.0004037471467928,0.0702124144913218,1.4521036706988504,-0.0906087687034969,0.0008466920115285,7.168873623862433e-07,0.0906117356167825,0.0687278550974459,1.4519820047414012,0.042387307885396,0.0003623595194481,-0.0723789485524237,1.4522835373608665,0,0.9486830856533752,18.434948822922006,2.9999978760296435,5.25,0.9807852804032304,3,0.2631048387096774,0.2352941176470588,0.3735472064388519
0.954206341536053,0.0022657109152098,-1.932502382845767,3.797493877687319,-0.0926373680951356,0.00476754749032,2.2729509072456704e-05,0.0927293324649655,-1.933015769483266,3.798946815676388,0.0432470107644514,0.0020233803542972,1.9317444728140636,3.795350764647722,0,0.9486831035195198,18.43494882292194,2.9999980546909315,5.5,0.9914448613738104,3,0.2631048387096774,0.2352941176470588,0.3735472064388519
0.9533723532153988,0.0021595291208838,-0.4034801788917773,-3.714518711043441,-0.0943896988951563,0.0045437989539391,2.064610893381835e-05,0.0944716880299,-0.4054808679903106,-3.703469233506084,0.0439933956477754,0.0019287551479661,0.4005500509355385,-3.7307056541406407,0,0.94868309771703,18.434948822921935,2.999997996666087,5.75,0.9978589232386036,3,0.2631048387096774,0.2352941176470588,0.3735472064388519
0.9525382168852032,0.0018719574327147,1.3352818398405764,2.2383054300960605,-0.0961438503903734,0.0039386738390749,1.5513151610613697e-05,0.0962043389437014,1.3317908554238371,2.23107441323444,0.0447389716576857,0.0016719490328636,-1.3403926819993706,2.248923341282578,0,0.948683099778828,18.43494882292197,2.999998017284041,6.0,1.0,3,0.2631048387096774,0.2352941176470588,0.3735472064388519
0.9514039351200032,0.0008021385136518,0.3141355137940808,-3.7755102843082025,-0.0984810407899179,0.0016310647693988,2.66037228197412e-06,0.0984911705396837,0.372261976823419,-3.788744457854184,0.045753194693496,0.000715688405362,-0.3096827298284309,-3.7656280732533265,0,0.948683104211762,18.43494882292197,2.9999980616133444,6.25,0.9978589232386036,3,0.2631048387096774,0.2352941176470588,0.3735472064388519
0.9507063601265724,0.0019141288333993,-1.2735450537018624,1.22412307367488,-0.0998437966056496,0.0038338217468367,1.469818918651846e-05,0.0998989857932518,-1.2839912406217835,1.310680387213555,0.0463745454136372,0.001704326796618,1.2685306584200304,1.2017576289913094,1,0.9486831134371136,18.434948822921942,2.999998153866782,6.5,0.9914448613738104,3,0.2631048387096774,0.2352941176470588,0.3735472064388519
0.9494751332063376,0.0020947587808879,0.181254649773008,-4.13816966907175,-0.1021462981991873,0.0039771249783011,1.581752309302698e-05,0.1022043510723354,0.2504378772952677,-4.375352057340539,0.0474758585877872,0.0018706833194249,-0.1771991546883927,-4.106625545769189,1,0.9486831156070252,18.434948822922017,2.999998175565871,6.75,0.9807852804032304,3,0.2631048387096774,0.2352941176470588,0.3735472064388519
0.9481354008457488,0.0017978698663653,1.2261592246668147,1.89004742013668,-0.1046439563790471,0.003317886124419,1.1008368334612384e-05,0.1046833983156402,1.3835001810190235,2.494918972094366,0.0486724576481256,0.0016056790571531,-1.21894867032249,1.847854601986306,1,0.9486831186913876,18.43494882292201,2.9999982064094715,7.0,0.9659258262890684,3,0.2631048387096774,0.2352941176470588,0.3735472064388519
0.9468888718573574,0.0010462189903525,-0.1633072546258476,-2.0727060722859445,-0.1069465195474821,0.0017994375328251,3.237975434539904e-06,0.1069578726644093,-0.4525113188021822,-2.583578787409575,0.0497840484285238,0.0009351720774675,0.1373717997423206,-2.0246528904961263,1,0.9486831211522742,18.434948822921974,2.9999982310183206,7.25,0.9469301294951056,3,0.2631048387096774,0.2352941176470588,0.3735472064388519
0.9453595311264238,0.0024022385208128,-1.4819297345239255,2.4306195309805165,-0.1097143314783437,0.004581899338134,2.099380154479341e-05,0.1097860641561514,-1.472162156778789,2.424742526547062,0.0511397923300354,0.0021189997099144,1.4776909228153778,2.4179869323959213,1,0.9486831319176244,18.43494882292198,2.9999983386717406,7.5,0.9238795325112868,3,0.2631048387096774,0.2352941176470588,0.3735472064388519
0.9450421481140748,0.0021071696912125,-1.8615033097217455,3.519952200709895,-0.110231214419163,0.0040795603139221,1.66428123549284e-05,0.1102878177388138,-1.8533366076598008,3.4455663442679736,0.0514242903078221,0.0018550337856646,1.8598224869917936,3.518507525114803,1,0.9486831197208764,18.434948822921974,2.9999982167043533,7.75,0.8968727415326884,3,0.2631048387096774,0.2352941176470588,0.3735472064388519
0.944950969042254,0.0020325554354948,-1.936000779972304,3.767318193121266,-0.1101348726566875,0.0041639352749198,1.733835697372188e-05,0.1101938924933464,-1.800606398448393,3.2737086848677848,0.0515143164121646,0.0017817205353326,1.9414299896872325,3.789136902168504,1,0.9486831199693772,18.43494882292201,2.9999982191893575,8.0,0.8660254037844387,3,0.2631048387096774,0.2352941176470588,0.3735472064388519
0.9451755059366348,0.002181468487783,-1.941876809240303,3.823764938094957,-0.1093282533049608,0.0047002023795292,2.209190240853208e-05,0.1094040031146949,-1.8167862057887487,3.4614726302296503,0.0513284659975305,0.0019049131118847,1.9474328808048984,3.838798164115008,1,0.9486831185291392,18.434948822921907,2.9999982047870017,8.25,0.8314696123025451,3,0.2631048387096774,0.2352941176470588,0.3735472064388519
0.9457077213839712,0.0011269050190739,-1.7799271970214336,3.39831415031086,-0.107904249290031,0.0019586558443494,3.836332716604314e-06,0.1079175808864465,-0.9648450306680022,1.6631368019870827,0.0508746044589504,0.0010046541010955,1.8093689601230205,3.463875279411063,1,0.9486831261571868,18.434948822921942,2.999998281067412,8.5,0.7933533402912352,3,0.2631048387096774,0.2352941176470588,0.3735472064388519
0.945013359075768,0.0015496330046008,-0.0864054907909889,-4.614256602719816,-0.1089310127061314,0.0028114856414309,7.904451511972381e-06,0.1089582207445471,-0.001910033938885,-3.7902353692223993,0.0514976466109547,0.0013736981109821,0.0889749691039773,-4.665506552560725,1,0.9486831281125546,18.43494882292201,2.999998300621066,8.75,0.7518398074789774,3,0.2631048387096774,0.2352941176470588,0.3735472064388519
0.945017169299652,0.0015531595677806,-0.0910685246375538,-4.646728425915198,-0.1083253980693699,0.0034688584871386,1.2032979203793914e-05,0.10836704573481,-0.057062774419202,-4.802095102652528,0.0515147634753675,0.0013581051908652,0.0632090326934998,-4.490639101298719,1,0.9486831202103068,18.434948822921974,2.9999982215986547,9.0,0.7071067811865476,3,0.2631048387096774,0.2352941176470588,0.3735472064388519
0.945365480554202,0.0020810889272174,0.5463959862656745,-2.068807364832253,-0.1070501744920047,0.0051727211713475,2.6757044316507e-05,0.1071438642293909,0.4422965826870488,-2.9037110004083484,0.0512265102122434,0.0017996414210026,-0.5614436236740042,-1.969413474303666,1,0.9486831143031436,18.434948822921974,2.999998162527071,9.25,0.659345815100069,3,0.2631048387096774,0.2352941176470588,0.3735472064388519
0.9464862263592746,0.0023274496062633,-0.9984894878882012,-0.1463314053439646,-0.1043171578888393,0.0055624070771905,3.094037249237901e-05,0.1044283233101749,-1.165024250490622,0.55156636866311,0.0502542374369996,0.0020214371923101,0.9771118288740376,-0.2349225594846107,1,0.9486831123646734,18.434948822921974,2.9999981431423857,9.5,0.6087614290087209,3,0.2631048387096774,0.2352941176470588,0.3735472064388519
0.947276851877974,0.0011523240930758,0.0970318479626805,-4.191755436829451,-0.1021589356138809,0.0023670975316689,5.603150724433121e-06,0.102179501314131,-0.1466924555454421,-3.0441936105133536,0.0495783910168388,0.0010177968502971,-0.1124617400797251,-4.257169680791673,1,0.9486831189714052,18.434948822921942,2.9999982092096533,9.75,0.5555702330196025,3,0.2631048387096774,0.2352941176470588,0.3735472064388519
0.947521975296296,0.0008937583662025,0.0230260792012488,-2.5131405365624655,-0.1012548064323181,0.0015359954690587,2.3592820809690686e-06,0.1012635437223439,-0.8440568107172374,1.538418714252865,0.0493760949187648,0.0008028683467394,-0.0638345717530037,-2.783103375892688,1,0.9486831173205236,18.43494882292205,2.99999819270084,10.0,0.4999999999999999,3,0.2631048387096774,0.2352941176470588,0.3735472064388519
0.9475713698469562,0.0009302765511206,-0.1588803539125269,-3.5968353016484222,-0.1006589070780879,0.0021190751558007,4.490479515932097e-06,0.1006756347573344,-0.484796890888963,-0.8399132521414661,0.0493493771576547,0.0008219814306069,0.0575916242592689,-3.4845986935861504,1,0.948683113901345,18.434948822921974,2.999998158509088,10.25,0.4422886902190017,3,0.2631048387096774,0.2352941176470588,0.3735472064388519
0.94819505170246,0.0020042266464546,1.3760591514241716,1.6912972686129546,-0.098643775798612,0.005117543410273,2.6189250556029103e-05,0.0987432855526083,1.1535361605239922,1.1327016075971397,0.0488209439453775,0.0017416299106432,-1.400247131358614,1.7630848805337695,0,0.9486831038976616,18.43494882292201,2.999998058472338,10.5,0.3826834323650899,3,0.2631048387096774,0.2352941176470588,0.3735472064388519
0.9490611006523048,0.0017765567026075,-0.0178543089796239,-2.890135878241418,-0.0962331243748008,0.0043985824330112,1.9347527419995593e-05,0.0963084880605079,-0.1502207997722868,-3.1396299744173906,0.04807650048362,0.0015488735082354,0.0003177037417539,-2.8611483548620633,1,0.9486831076925456,18.434948822921942,2.9999980964211534,10.75,0.3214394653031617,3,0.2631048387096774,0.2352941176470588,0.3735472064388519
0.9499659649665296,0.0012851701206109,-1.3795723978265182,1.648229578137414,-0.0940247910710719,0.0030570700363682,9.34567720726054e-06,0.094062057142422,-1.5477453539404806,2.408715567075621,0.0472868957841573,0.0011260673462006,1.3602459532953513,1.5599845855583752,0,0.9486831050815534,18.434948822922017,2.9999980703112454,11.0,0.258819045102521,3,0.2631048387096774,0.2352941176470588,0.3735472064388519
0.950658640919109,0.000467629477025,-1.529983889651998,2.2430439600743757,-0.0924987414765372,0.000871200545131,7.589903898366652e-07,0.0925018184552918,-0.8875046188934066,1.8950228331905856,0.0466758996699849,0.0004199344775885,1.5460377440358828,2.2419855714057704,0,0.9486831042079752,18.43494882292197,2.999998061575474,11.25,0.1950903220161281,3,0.2631048387096774,0.2352941176470588,0.3735472064388519
0.950414383226485,0.0004673163707065,0.177180759443561,-4.825463289659693,-0.0932252187523633,0.0010470137274856,1.0962377455433231e-06,0.093229628282726,-0.4824592800843398,-3.218203953764883,0.0468853736096849,0.0004156097803675,-0.1795837995821977,-4.57095702176864,0,0.9486831073447712,18.434948822921903,2.9999980929434176,11.5,0.130526192220052,3,0.2631048387096774,0.2352941176470588,0.3735472064388519
0.950787670697779,0.0005922708075833,-0.2229816999739773,0.8451942725018959,-0.0924366676429249,0.0016199195606135,2.6241393828582616e-06,0.092447312721711,-0.2637173418356495,1.5230317117088603,0.0465540421243142,0.000513584183117,0.2148769991958551,0.7163416857587723,0,0.9486831022025716,18.43494882292201,2.9999980415214527,11.75,0.0654031292301431,3,0.2631048387096774,0.2352941176470588,0.3735472064388519
0.950802739868346,0.0005900511681707,-0.3766482263185758,1.213885203858398,-0.092425804429404,0.0016202972347954,2.62536312908571e-06,0.092436455723753,-0.3037108721278753,1.5470682012223094,0.0465399455397893,0.0005112208692695,0.3803701278127537,1.142611339407619,0,0.9486831048479762,18.4349488229219,2.999998067975489,12.0,1.2246467991473532e-16,3,0.2631048387096774,0.2352941176470588,0.3735472064388519
0.9510440474714384,0.0008110085076244,-0.4091568229375729,-1.707428442458678,-0.0918103707523681,0.0020771469408064,4.31453941370162e-06,0.0918279918230148,-0.7317935059456732,-1.1767089316646722,0.0463290638098776,0.0007080826179777,0.3723895544292445,-1.7466705127809463,0,0.9486831006210908,18.434948822921935,2.9999980257066667,12.25,-0.0654031292301428,3,0.2631048387096774,0.2352941176470588,0.3735472064388519
0.9513809715487777,0.0004661479959755,-0.7158506282136898,1.6341484548346037,-0.0909496045905561,0.001062877533089,1.1297086503455695e-06,0.090954262443639,-0.8182785853117159,0.8420461686569318,0.0460351332792442,0.0004119526950578,0.7004611194361903,1.664048526235712,0,0.9486831024723328,18.434948822921935,2.9999980442190712,12.5,-0.1305261922200517,3,0.2631048387096774,0.2352941176470588,0.3735472064388519
0.9511607086984676,0.0005939972902238,0.4939955094504323,-2.618200281270113,-0.0914847136352342,0.0012932042017572,1.672377107442723e-06,0.0914915685282064,0.6308504514800136,-2.0524654690997988,0.0462283765092308,0.0005265665645317,-0.4837779394456307,-2.659444559137274,0,0.9486831054423512,18.43494882292197,2.999998073919227,12.75,-0.1950903220161279,3,0.2631048387096774,0.2352941176470588,0.3735472064388519
0.9519998472368202,0.0015076012705388,1.2679596767483223,2.0207363357600077,-0.0896373180880111,0.0033130144025057,1.097606443121062e-05,0.0896832249773323,1.2931723884402166,1.9857118263731923,0.045483213261101,0.0013391103035263,-1.2698194683211863,2.03201495128768,0,0.9486830916407376,18.43494882292201,2.9999979359032114,13.0,-0.2588190451025208,3,0.2631048387096774,0.2352941176470588,0.3735472064388519
0.9519510470502764,0.0015156054711958,1.4359386015757278,2.5635138563192292,-0.0898318173391372,0.0033528828920459,1.1241823687774174e-05,0.0898787337150343,1.578741150442167,2.917948690340676,0.045523486720052,0.0013456345855148,-1.426358571010413,2.53781459705121,0,0.9486831013163202,18.43494882292194,2.9999980326589544,13.25,-0.3214394653031615,3,0.2631048387096774,0.2352941176470588,0.3735472064388519
0.9519816840812092,0.0015018253697695,1.3711290132632323,2.53762744181644,-0.0899171800403002,0.0033981391060312,1.154734938393887e-05,0.0899653254228418,1.633719459370914,2.935640465712005,0.0454910813021336,0.0013312596274435,-1.3473601707278022,2.505852611039842,0,0.948683101919872,18.43494882292205,2.999998038694455,13.5,-0.3826834323650896,3,0.2631048387096774,0.2352941176470588,0.3735472064388519
0.9521550980500304,0.0013178097324273,1.907875866995285,3.703272829862673,-0.089877824797386,0.0033563205580851,1.126488768862493e-05,0.0899248133502438,1.6846523888209386,3.051141885145764,0.0453258277335334,0.0011562244995311,-1.923500491512428,3.7520607446692544,0,0.9486831026785604,18.43494882292197,2.999998046281339,13.75,-0.4422886902190014,3,0.2631048387096774,0.2352941176470588,0.3735472064388519
0.9511345323329652,0.0007514125964568,-1.725195157058395,3.063415347285673,-0.0925736957306901,0.0022602445276645,5.108705324837747e-06,0.092594387898145,-1.3532635009175142,1.7374795253388022,0.0462159145846295,0.0006446896330218,1.760258915358554,3.186508721195562,0,0.9486831072226888,18.434948822922006,2.9999980917225786,14.0,-0.4999999999999998,3,0.2631048387096774,0.2352941176470588,0.3735472064388519
0.954488364546132,0.0019376607686263,-1.847318878089908,3.508760846664334,-0.0998109264836631,0.0152403981803807,0.0002322697366965,0.1006798060588603,-1.6240891812792626,2.4754810577261352,0.042167110683184,0.002627693377708,0.4320751648424547,1.5076960730370388,0,0.9486830682094964,18.434948822921967,2.9999977015910364,0.0,0.0,2,0.0393145161290322,0.1987577639751552,0.235218500951303
0.9560003655045776,0.0011536144250865,1.5833840322923816,2.610498413174856,-0.1039433497358161,0.0167768357717884,0.0002814622185135,0.1049538785285588,-0.1577050587310824,-5.071376920145905,0.0400269007327402,0.0024208014347697,-0.6207749343065931,-2.344128612995956,0,0.9486830548046912,18.434948822922017,2.999997567543121,0.25,0.065403129230143,2,0.0393145161290322,0.1987577639751552,0.235218500951303
0.9556924909713184,0.0014777678130288,0.8449274490078279,0.775934917898633,-0.1125150114811008,0.0160750807434665,0.0002584082209089,0.1133729860869603,1.6298828402779275,2.57881317130726,0.0394598435265139,0.0019801494925495,-0.1869703463294186,0.8506304622016039,0,0.9486830724398728,18.434948822921967,2.999997743894758,0.5,0.1305261922200515,2,0.0393145161290322,0.1987577639751552,0.235218500951303
0.955185708888314,0.0017376316522626,1.4840043508877716,2.042565021065146,-0.1215727686281194,0.004879382178284,2.3808370441756005e-05,0.121646185101456,1.4818932444123911,2.034508790728328,0.039064782452443,0.0014456438754961,-1.48691667197295,2.0536811760892615,0,0.9486830742273936,18.43494882292197,2.999997761769946,0.75,0.1950903220161282,2,0.0393145161290322,0.1987577639751552,0.235218500951303
0.9562600275125436,0.002706183713309,0.3153508312983378,-4.026376550456984,-0.1185627137603759,0.0075913635133493,5.762879999181191e-05,0.11874484702175,0.3131216809107348,-4.037272697440017,0.0381682430014479,0.0022546331524331,-0.3184369466505208,-4.0112762464664655,0,0.9486830450378624,18.43494882292196,2.999997469874952,1.0,0.2588190451025207,2,0.0393145161290322,0.1987577639751552,0.235218500951303
0.9563680890249608,0.0027884853424314,0.1612631467938348,-4.896389630002439,-0.118260262561813,0.0078221445299805,6.118594504790388e-05,0.1184541225959443,0.1598807492829416,-4.902746992531613,0.0380779331480233,0.0023232379382701,-0.1631781081398224,-4.887564752030777,0,0.9486830524063868,18.43494882292187,2.999997543560123,1.25,0.3214394653031616,2,0.0393145161290322,0.1987577639751552,0.235218500951303
0.9566455080595344,0.0025443003096073,-0.0772562556644929,-3.315172490294689,-0.1174799057475557,0.0071358502461597,5.092035873561851e-05,0.1176423330417516,-0.0805063578984695,-3.312837544810641,0.0378476824800316,0.0021203358226996,0.0727734121920432,-3.3182893524723713,0,0.9486830671079745,18.43494882292192,2.9999976905758325,1.5,0.3826834323650898,2,0.0393145161290322,0.1987577639751552,0.235218500951303
0.95722190291872,0.001854678369336,0.2292787264009475,-3.032817055344766,-0.1158591055078284,0.0051956329913402,2.699460218070323e-05,0.1159464457441872,0.2267637463823202,-3.0375632363756875,0.0373690639658477,0.001548115835939,-0.2327441451282255,-3.0262266658626693,0,0.948683063038098,18.434948822922056,2.9999976498770966,1.75,0.4422886902190012,2,0.0393145161290322,0.1987577639751552,0.235218500951303
0.9562456635790114,0.0012844306424289,1.591368443986829,2.384809609061813,-0.1185935025196469,0.0036014373537313,1.2970351012851145e-05,0.1186345084835658,1.5901051999713218,2.3795388897825163,0.0381841054661153,0.0010707793274211,-1.593107549326117,2.392064133485327,0,0.948683066279974,18.43494882292192,2.9999976822958354,2.0,0.4999999999999999,2,0.0393145161290322,0.1987577639751552,0.235218500951303
0.9559709196476194,0.0007703813084646,0.9735950354033884,-0.3588764975760021,-0.1193628870620548,0.0021621463425447,4.674876806579659e-06,0.1193775731257505,0.972389316461622,-0.3640900655461792,0.0384135482719636,0.000641391555844,-0.9752601113094934,-0.3516760749739749,0,0.9486830584092696,18.434948822921967,2.9999976035888705,2.25,0.5555702330196022,2,0.0393145161290322,0.1987577639751552,0.235218500951303
0.955528349819714,0.0014721085891992,-0.9563801265874768,1.210036658589427,-0.120608455497948,0.0041380885549796,1.7123776888853865e-05,0.1206616855935109,-0.9598441013830178,1.2163043033970915,0.0387806016659613,0.0012229733522621,0.951576508277477,1.2013749931633697,0,0.9486830754927869,18.43494882292188,2.9999977744238753,2.5,0.6087614290087207,2,0.0393145161290322,0.1987577639751552,0.235218500951303
0.9548955523466244,0.0016680983386696,0.6760662688324159,-2.22602235369442,-0.1223881765618243,0.0046890046207334,2.198676433325958e-05,0.1224555259487228,0.6739683001398803,-2.237210051447274,0.0393059246125533,0.0013857980648036,-0.6789744282320209,-2.210519048261519,0,0.94868307526247,18.43494882292201,2.999997772120692,2.75,0.6593458151000688,2,0.0393145161290322,0.1987577639751552,0.235218500951303
0.954722041063276,0.0016240941727582,1.3471804262866376,1.1866865249771656,-0.1228759575018967,0.0045646433341975,2.083596876843417e-05,0.1229395294792703,1.3451213980306034,1.1768666021737817,0.039450053956582,0.0013495135257869,-1.3500275907323611,1.2002581143481752,0,0.9486830696706468,18.43494882292197,2.999997716202524,3.0,0.7071067811865475,2,0.0393145161290322,0.1987577639751552,0.235218500951303
0.9535894571608646,0.0009418855490713,0.2101291701845709,1.510251891634045,-0.1260618857531643,0.0026541309474559,7.044411086243559e-06,0.1260828392286542,0.2067917514100321,1.5094706085653833,0.0403900457044979,0.0007798270487542,-0.2147671035825597,1.511358391318927,0,0.94868308021779,18.434948822922017,2.9999978216738437,3.25,0.7518398074789774,2,0.0393145161290322,0.1987577639751552,0.235218500951303
0.9535698052790796,0.0009443249905488,0.3315164146874321,1.469168616592519,-0.126117275784645,0.0026609663217666,7.08074176557625e-06,0.126138328067501,0.3282633727383413,1.4679073607709476,0.0404063109763497,0.0007818625638911,-0.3360366318669398,1.4709414554182452,0,0.9486830758502784,18.43494882292193,2.999997777998781,3.5,0.7933533402912352,2,0.0393145161290322,0.1987577639751552,0.235218500951303
0.9540881710286178,0.0014081610127245,-0.07675185362656,-2.252648145012325,-0.1246588584174442,0.0039653760447105,1.5724207175964017e-05,0.1247061511607286,-0.0792657202857644,-2.2515560932193104,0.0399762021342433,0.0011669670535662,0.0732611213440654,-2.2541247938870104,0,0.948683065352308,18.43494882292192,2.999997673019187,3.75,0.8314696123025451,2,0.0393145161290322,0.1987577639751552,0.235218500951303
0.9535987402060464,0.0014299784100107,1.545242228115684,2.345696866332675,-0.1260376753630211,0.0040262357605728,1.621057439971603e-05,0.1260858974735645,1.5436152076792908,2.3398635219436787,0.0403815635988124,0.0011852834386715,-1.5474963882043975,2.3537808610470243,0,0.948683078696003,18.43494882292189,2.999997806456004,4.0,0.8660254037844386,2,0.0393145161290322,0.1987577639751552,0.235218500951303
0.95419515166401,0.0012933585845439,0.1152357689035473,-3.203395818994778,-0.124357117531877,0.0036410974556392,1.325759068146235e-05,0.124397089491066,0.1135265864586054,-3.2050974582100764,0.0398877431063562,0.0010722345625773,-0.117608605508105,-3.201007045478038,0,0.9486830692805244,18.43494882292197,2.9999977123013055,4.25,0.8968727415326884,2,0.0393145161290322,0.1987577639751552,0.235218500951303
0.9534914385253224,0.0022466008219939,-0.6395964840874714,-1.4732241665461423,-0.1263451484223544,0.0063358045464205,4.014241925044307e-05,0.1264642374124191,-0.6433610674794188,-1.4606699808440915,0.0404683186321557,0.0018579680530026,0.634356744704316,-1.4906502040215877,0,0.948683087899322,18.43494882292197,2.9999978984890916,4.5,0.9238795325112868,2,0.0393145161290322,0.1987577639751552,0.235218500951303
0.9525063108430768,0.0018014345445726,0.6818117688568858,0.1320255427683356,-0.1291209300946303,0.0050829377448211,2.5836256117727153e-05,0.1291959433596536,0.6775286523014871,0.1244676729004847,0.0412840301112816,0.0014887558042657,-0.6877728165940714,0.1425990392703937,0,0.948683083455944,18.43494882292197,2.9999978540553585,4.75,0.9469301294951056,2,0.0393145161290322,0.1987577639751552,0.235218500951303
0.9520879310542166,0.0018969806573621,1.6857514983723916,2.95713273020651,-0.1303029992452299,0.0053518980172749,2.8642812387311167e-05,0.1303854045573851,1.684067991748049,2.951809315052447,0.0416291509476603,0.0015679745177389,-1.6880884996249652,2.9645270909985015,0,0.9486830858361948,18.43494882292201,2.999997877857836,5.0,0.9659258262890684,2,0.0393145161290322,0.1987577639751552,0.235218500951303
0.951170964970928,0.0004400625205561,0.0701834878249499,1.4520996822281749,-0.1328894531378499,0.0012449189958716,1.5498233062821558e-06,0.1328938265035537,0.0686153555281067,1.4519720457204155,0.042387307885396,0.0003623595194488,-0.0723789485524237,1.4522835373608665,0,0.9486830856533752,18.434948822922006,2.9999978760296435,5.25,0.9807852804032304,2,0.0393145161290322,0.1987577639751552,0.235218500951303
0.9501207229886596,0.0024696663111471,-1.9325124652371677,3.7975224021511416,-0.1358730804473478,0.0070117071298369,4.916403687460702e-05,0.1360087019933192,-1.9330549404619497,3.7990577177972114,0.0432470107644514,0.0020233803542974,1.9317444728140636,3.795350764647722,1,0.9486831035195198,18.43494882292194,2.9999980546909315,5.5,0.9914448613738104,2,0.0393145161290322,0.1987577639751552,0.235218500951303
0.949211686532632,0.0023539229351483,-0.4035194575210657,-3.714301759752241,-0.1384499709452693,0.0066825996485475,4.465713806276766e-05,0.1385708746753556,-0.4056354229107881,-3.702615734995677,0.0439933956477754,0.0019287551479662,0.4005500509355385,-3.7307056541406407,1,0.94868309771703,18.434948822921935,2.999997996666087,5.75,0.9978589232386036,2,0.0393145161290322,0.1987577639751552,0.235218500951303
0.948302473413139,0.0020404644145801,1.3352133054420618,2.238163330154988,-0.1410297091002141,0.0057926313946925,3.355457847477776e-05,0.1411189029958326,1.3315210406607905,2.2305165775767364,0.0447389716576857,0.0016719490328638,-1.3403926819993706,2.248923341282578,1,0.948683099778828,18.43494882292197,2.999998017284041,6.0,1.0,2,0.0393145161290322,0.1987577639751552,0.235218500951303
0.9470659109038656,0.0008746017041096,0.3136840830679502,-3.775188094679653,-0.1444925918750246,0.0024297335665679,5.903605204507146e-06,0.1445079126230323,0.3541229751843605,-3.7974493659665622,0.045753194693496,0.0007156884053624,-0.3096827298284309,-3.7656280732533265,1,0.948683104211762,18.43494882292197,2.9999980616133444,6.25,0.9978589232386036,2,0.0393145161290322,0.1987577639751552,0.235218500951303
0.9463050724714456,0.0020873493834657,-1.273558647016081,1.2238834737626243,-0.1465554714252953,0.0057488583900455,3.304937278879728e-05,0.1466400123918511,-1.281643080263689,1.284887725948007,0.0463745454136372,0.0017043267966181,1.2685306584200304,1.2017576289913094,1,0.9486831134371136,18.434948822921942,2.999998153866782,6.5,0.9914448613738104,2,0.0393145161290322,0.1987577639751552,0.235218500951303
0.9449618691013556,0.0022851286876776,0.1806878013371587,-4.136395242707982,-0.1500961315414938,0.006080078040806,3.69673489822918e-05,0.1501884623247014,0.2289716989003868,-4.312522433396003,0.0474758585877872,0.001870683319425,-0.1771991546883927,-4.106625545769189,1,0.9486831156070252,18.434948822922017,2.999998175565871,6.75,0.9807852804032304,2,0.0393145161290322,0.1987577639751552,0.235218500951303
0.9435002190481434,0.0019616617223292,1.2250896909657991,1.8856998835648309,-0.1539434928774782,0.0051284115534832,2.630060506190054e-05,0.1540075467407839,1.3266944155078129,2.2962818706679062,0.0486724576481256,0.0016056790571533,-1.21894867032249,1.847854601986306,1,0.9486831186913876,18.43494882292201,2.9999982064094715,7.0,0.9659258262890684,2,0.0393145161290322,0.1987577639751552,0.235218500951303
0.9421401252531184,0.0011420829450338,-0.1615489802667698,-2.068758512069717,-0.1575052509292875,0.0028592901775523,8.175540319447095e-06,0.1575247146499162,-0.3542486354443204,-2.439239429490655,0.0497840484285238,0.0009351720774678,0.1373717997423206,-2.0246528904961263,1,0.9486831211522742,18.434948822921974,2.9999982310183206,7.25,0.9469301294951056,2,0.0393145161290322,0.1987577639751552,0.235218500951303
0.9404710306036086,0.0026210411588279,-1.4820792492522703,2.4308998958936865,-0.161830598773134,0.0070228986030238,4.932110478835496e-05,0.1619448471791013,-1.4774208479597308,2.431147186745896,0.0511397923300354,0.0021189997099145,1.4776909228153778,2.4179869323959213,1,0.9486831319176244,18.43494882292198,2.9999983386717406,7.5,0.9238795325112868,2,0.0393145161290322,0.1987577639751552,0.235218500951303
0.9401244810971056,0.002298951473192,-1.8615006778498715,3.520279719746444,-0.162671475667857,0.0062190254621145,3.867627769842875e-05,0.1627606101126196,-1.8596730500466203,3.4817166166923386,0.0514242903078221,0.0018550337856647,1.8598224869917936,3.518507525114803,1,0.9486831197208764,18.434948822921974,2.9999982167043533,7.75,0.8968727415326884,2,0.0393145161290322,0.1987577639751552,0.235218500951303
0.9400241081663836,0.002216851418009,-1.9365025340972173,3.76930637799451,-0.1626768749743361,0.0062144066767653,3.8618850344226045e-05,0.1627658741541791,-1.8614689919012548,3.4876409117757774,0.0515143164121646,0.0017817205353327,1.9414299896872325,3.789136902168504,1,0.9486831199693772,18.43494882292201,2.9999982191893575,8.0,0.8660254037844387,2,0.0393145161290322,0.1987577639751552,0.235218500951303
0.9402678232770946,0.0023784759374978,-1.942388911276464,3.825170139098418,-0.1616561287202724,0.0068931427531814,4.751541701573744e-05,0.1617663145268113,-1.870468320590159,3.620158017792807,0.0513284659975305,0.0019049131118848,1.9474328808048984,3.838798164115008,1,0.9486831185291392,18.434948822921907,2.9999982047870017,8.25,0.8314696123025451,2,0.0393145161290322,0.1987577639751552,0.235218500951303
0.940847194699714,0.0012303663629464,-1.782488765736781,3.404044097583622,-0.1597038977110618,0.003082975082361,9.504735358459e-06,0.1597262141779623,-1.3510197123370695,2.4595846857670836,0.0508746044589504,0.0010046541010958,1.8093689601230205,3.463875279411063,1,0.9486831261571868,18.434948822921942,2.999998281067412,8.5,0.7933533402912352,2,0.0393145161290322,0.1987577639751552,0.235218500951303
0.9400886085198252,0.0016912497264255,-0.0867586967043581,-4.618071144905381,-0.161446246774986,0.0043863048297701,1.9239670059665342e-05,0.1614909296222997,-0.0405812065272647,-4.131168612973289,0.0514976466109547,0.0013736981109822,0.0889749691039773,-4.665506552560725,1,0.9486831281125546,18.43494882292201,2.999998300621066,8.75,0.7518398074789774,2,0.0393145161290322,0.1987577639751552,0.235218500951303
0.940090780773878,0.0016932579244293,-0.089210470202139,-4.6351122961233635,-0.1608576851693535,0.0049941052307452,2.494108705575694e-05,0.1609158186547699,-0.1385825453744664,-5.103893105950258,0.0515147634753675,0.0013581051908654,0.0632090326934998,-4.490639101298719,1,0.9486831202103068,18.434948822921974,2.9999982215986547,9.0,0.7071067811865476,2,0.0393145161290322,0.1987577639751552,0.235218500951303
0.9404687464159196,0.0022665622920068,0.5471074470185401,-2.062697247916976,-0.1592519486412546,0.0072378955542268,5.2387132053897146e-05,0.1593752599843444,0.473124584521996,-2.6520823285291897,0.0512265102122434,0.0017996414210027,-0.5614436236740042,-1.969413474303666,1,0.9486831143031436,18.434948822921974,2.999998162527071,9.25,0.659345815100069,2,0.0393145161290322,0.1987577639751552,0.235218500951303
0.9416895038960263,0.0025355834344544,-0.9973627541649456,-0.1510302214098651,-0.1554052657224844,0.0078791541253714,6.208106973135805e-05,0.1555549980443401,-1.1139756856732457,0.3367443616473355,0.0502542374369996,0.0020214371923103,0.9771118288740376,-0.2349225594846107,1,0.9486831123646734,18.434948822921974,2.9999981431423857,9.5,0.6087614290087209,2,0.0393145161290322,0.1987577639751552,0.235218500951303
0.9425499690680113,0.0012566224887258,0.0981358837004579,-4.197245116679081,-0.1524671457952349,0.0035195647114778,1.2387335758279817e-05,0.1524976099772198,-0.0481659978619675,-3.5050042945208553,0.0495783910168388,0.0010177968502973,-0.1124617400797251,-4.257169680791673,1,0.9486831189714052,18.434948822921942,2.9999982092096533,9.75,0.5555702330196025,2,0.0393145161290322,0.1987577639751552,0.235218500951303
0.9428159482320642,0.0009758918692892,0.0261947027561929,-2.5349864526135963,-0.1513302831304521,0.0024102704447342,5.8094036167593864e-06,0.1513446782845551,-0.4749506028066121,0.1655151957209106,0.0493760949187648,0.0008028683467397,-0.0638345717530037,-2.783103375892688,1,0.9486831173205236,18.43494882292205,2.99999819270084,10.0,0.4999999999999999,2,0.0393145161290322,0.1987577639751552,0.235218500951303
0.9428681721214572,0.0010144076800536,-0.1514279267992342,-3.590337900502691,-0.1507020552353283,0.0029816401636725,8.890178065624996e-06,0.1507241755183995,-0.5613045170838034,-2.316949440516689,0.0493493771576547,0.0008219814306072,0.0575916242592689,-3.4845986935861504,1,0.948683113901345,18.434948822921974,2.999998158509088,10.25,0.4422886902190017,2,0.0393145161290322,0.1987577639751552,0.235218500951303
0.9435457743783322,0.002182120901787,1.3775535659605234,1.695435155451387,-0.1480890115478987,0.007086672170099,5.022092244645632e-05,0.148216129463256,1.2239666877305666,1.294983830009237,0.0488209439453775,0.0017416299106434,-1.400247131358614,1.7630848805337695,1,0.9486831038976616,18.43494882292201,2.999998058472338,10.5,0.3826834323650899,2,0.0393145161290322,0.1987577639751552,0.235218500951303
0.944488041534231,0.0019346664258512,-0.016872772953249,-2.887908580325588,-0.144831781976956,0.0061498301928208,3.782041140053061e-05,0.1449296739083168,-0.1118523929256768,-3.0716710566279843,0.04807650048362,0.0015488735082355,0.0003177037417539,-2.8611483548620633,1,0.9486831076925456,18.434948822921942,2.9999980964211534,10.75,0.3214394653031617,2,0.0393145161290322,0.1987577639751552,0.235218500951303
0.945473541269818,0.0013999422778033,-1.3783288441508168,1.6423698572629597,-0.1417293402880269,0.0043260934051921,1.8715084150446983e-05,0.141778849662396,-1.4974093384720324,2.186278214686576,0.0472868957841573,0.0011260673462008,1.3602459532953513,1.5599845855583752,1,0.9486831050815534,18.434948822922017,2.9999980703112454,11.0,0.258819045102521,2,0.0393145161290322,0.1987577639751552,0.235218500951303
0.9462284670510313,0.0005102592509395,-1.5314822193868527,2.243357327584505,-0.1395140895311465,0.0013303067812845,1.7697161323317058e-06,0.1395188462710473,-1.2051670327173691,2.0925382394457923,0.0466758996699849,0.0004199344775891,1.5460377440358828,2.2419855714057704,1,0.9486831042079752,18.43494882292197,2.999998061575474,11.25,0.1950903220161281,2,0.0393145161290322,0.1987577639751552,0.235218500951303
0.9459628924398398,0.0005095178053097,0.1776625007866197,-4.807614932257968,-0.1404765312100773,0.0014832028678883,2.1998907473123467e-06,0.1404824036627949,-0.1554093152949614,-4.658468251325139,0.0468853736096849,0.0004156097803681,-0.1795837995821977,-4.57095702176864,1,0.9486831073447712,18.434948822921903,2.9999980929434176,11.5,0.130526192220052,2,0.0393145161290322,0.1987577639751552,0.235218500951303
0.946369818095785,0.0006444682175689,-0.2226225156040462,0.8357544483322386,-0.1393163416800656,0.002192873547907,4.808694397110436e-06,0.1393292847175882,-0.2546172207065016,1.4272776476320992,0.0465540421243142,0.0005135841831174,0.2148769991958551,0.7163416857587723,1,0.9486831022025716,18.43494882292201,2.9999980415214527,11.75,0.0654031292301431,2,0.0393145161290322,0.1987577639751552,0.235218500951303
0.9463863145249004,0.0006420136777148,-0.3772058556433763,1.2087871050869945,-0.1392897475508937,0.0021924085411075,4.806655211121241e-06,0.1393026875699107,-0.3275407498013373,1.5105761737596293,0.0465399455397893,0.00051122086927,0.3803701278127537,1.142611339407619,1,0.9486831048479762,18.4349488229219,2.999998067975489,12.0,1.2246467991473532e-16,2,0.0393145161290322,0.1987577639751552,0.235218500951303
0.9466490101293474,0.000882909703545,-0.4065412018636432,-1.7101917633017951,-0.1384380918691843,0.0028688470366244,8.230283319548883e-06,0.1384603842002126,-0.6395286876855377,-1.3676526514775451,0.0463290638098776,0.000708082617978,0.3723895544292445,-1.7466705127809463,1,0.9486831006210908,18.434948822921935,2.9999980257066667,12.25,-0.0654031292301428,2,0.0393145161290322,0.1987577639751552,0.235218500951303
0.947015802664068,0.0005079141849954,-0.7148715804409168,1.6368917762643012,-0.1372470663959567,0.001520761376556,2.3127151644246988e-06,0.1372533852794517,-0.7959842848214389,1.18188169888227,0.0460351332792442,0.0004119526950584,0.7004611194361903,1.664048526235712,1,0.9486831024723328,18.434948822921935,2.9999980442190712,12.5,-0.1305261922200517,2,0.0393145161290322,0.1987577639751552,0.235218500951303
0.946775925171609,0.0006473871745484,0.4930866626299218,-2.6218624313432315,-0.1379988951119922,0.0018822125703699,3.542724160058606e-06,0.1380085218211209,0.5839343230615467,-2.249323715515846,0.0462283765092308,0.0005265665645322,-0.4837779394456307,-2.659444559137274,1,0.9486831054423512,18.43494882292197,2.999998073919227,12.75,-0.1950903220161279,2,0.0393145161290322,0.1987577639751552,0.235218500951303
0.9476903672815884,0.0016429109251713,1.267704894165304,2.020785308648941,-0.1353217322204657,0.0048036975745227,2.3075510387475557e-05,0.1353856633618869,1.2838703184316689,1.995581687643666,0.045483213261101,0.0013391103035265,-1.2698194683211863,2.03201495128768,1,0.9486830916407376,18.43494882292201,2.9999979359032114,13.0,-0.2588190451025208,2,0.0393145161290322,0.1987577639751552,0.235218500951303
0.947637474073336,0.001651570464102,1.4348488102520731,2.5608230843803916,-0.135561533140742,0.0048494784174673,2.3517440921481308e-05,0.1356265731638153,1.5325140759142677,2.8041568319792205,0.045523486720052,0.001345634585515,-1.426358571010413,2.53781459705121,1,0.9486831013163202,18.43494882292194,2.9999980326589544,13.25,-0.3214394653031615,2,0.0393145161290322,0.1987577639751552,0.235218500951303
0.9476713669352091,0.0016363453217653,1.3689094309640562,2.5344988430604545,-0.1356112330309597,0.0048745119652985,2.3760866899838413e-05,0.1356769220403834,1.5582944676696828,2.813701492431761,0.0454910813021336,0.0013312596274436,-1.3473601707278022,2.505852611039842,1,0.948683101919872,18.43494882292205,2.999998038694455,13.5,-0.3826834323650896,2,0.0393145161290322,0.1987577639751552,0.235218500951303
0.9478614870030796,0.0014346078154474,1.9090845219416592,3.7070280392885415,-0.1353879582947353,0.0046370163891593,2.150192099333247e-05,0.1354475016084169,1.7651142419345671,3.277539530414362,0.0453258277335334,0.0011562244995314,-1.923500491512428,3.7520607446692544,1,0.9486831026785604,18.43494882292197,2.999998046281339,13.75,-0.4422886902190014,2,0.0393145161290322,0.1987577639751552,0.235218500951303
0.9467508049524538,0.0008169578919137,-1.7280038117453382,3.073282073450539,-0.139078175909411,0.0029798785503232,8.879676174676647e-06,0.1391021163441456,-1.464803045536108,2.1375917822335904,0.0462159145846295,0.0006446896330221,1.760258915358554,3.186508721195562,1,0.9486831072226888,18.434948822922006,2.9999980917225786,14.0,-0.4999999999999998,2,0.0393145161290322,0.1987577639751552,0.235218500951303
0.9512940230956722,0.0029900405682091,-0.735161698077134,1.698635574465115,-0.1310663594218563,0.0108114818473394,0.0001168881397353,0.131400367872015,0.2250978503793636,1.4600878199398224,0.0397197674297032,0.0071066340887541,-1.6467999769127843,3.097035159514107,0,0.8320500586034764,33.69006752597979,1.4999992338634802,0.0,0.0,2,0.0080645161290322,0.1807909604519774,0.2012115532410114
0.9537575987895368,0.002642629539406,0.7546593610589464,-1.5985871877152231,-0.1227103176738256,0.0105282659702829,0.000110844384341,0.1230485893940563,0.3556381156507381,-3.854543441798128,0.035267082594874,0.0077755225032819,-0.0354293075336603,-5.773477586370624,0,0.8320500448549604,33.69006752597969,1.4999991891808266,0.25,0.065403129230143,2,0.0080645161290322,0.1807909604519774,0.2012115532410114
0.95430511679361,0.0021929961556881,0.5605330413477179,0.8977088326662486,-0.1196435539734173,0.0084622836735756,7.161024497206466e-05,0.1198677925512903,-0.677405679576948,1.383803766182318,0.0322067925182087,0.0064551594026653,1.875872996857636,3.630442943772774,0,0.8320500629423246,33.6900675259797,1.499999247964733,0.5,0.1305261922200515,2,0.0080645161290322,0.1807909604519774,0.2012115532410114
0.9546433115674784,0.0017588084441972,1.483999080057012,2.042544908513314,-0.1171540344100887,0.0046970922500334,2.2062675605324408e-05,0.1172246338670518,1.4819625381630446,2.0347731561928875,0.0292985868393323,0.0010842329116321,-1.4869166719737403,2.0536811718649233,0,0.8320500647756782,33.690067525979785,1.4999992539231273,0.75,0.1950903220161282,2,0.0080645161290322,0.1807909604519774,0.2012115532410114
0.9557307170590544,0.0027391574154044,0.315345273903958,-4.02640371796641,-0.1142562228677444,0.0073079990636112,5.340685031374321e-05,0.114431375075803,0.3131941027151619,-4.036919181398229,0.028626182251086,0.0016909748675368,-0.3184369466550834,-4.011276246331278,0,0.8320500348377008,33.690067525979686,1.4999991566247497,1.0,0.2588190451025207,2,0.0080645161290322,0.1807909604519774,0.2012115532410114
0.9558400946420096,0.0028224617739941,0.1612597001740918,-4.89640548499967,-0.1139650398935409,0.0075301686199783,5.670343944530738e-05,0.114151469099265,0.1599256260113125,-4.902541152750102,0.0285584498610175,0.0017424284568196,-0.1631781081316433,-4.887564753666307,0,0.8320500423951597,33.690067525979785,1.499999181186476,1.25,0.3214394653031616,2,0.0080645161290322,0.1807909604519774,0.2012115532410114
0.9561208958382206,0.0025753002713814,-0.0772643517887482,-3.315166707452235,-0.1132138790072257,0.0068695328050711,4.719048095994886e-05,0.1133700809763441,-0.0804003829133538,-3.312916337367467,0.0283857618600236,0.0015902518704399,0.0727734121828988,-3.3182893522463797,0,0.8320500574737096,33.69006752597983,1.4999992301917389,1.5,0.3826834323650898,2,0.0080645161290322,0.1807909604519774,0.2012115532410114
0.9567043173348831,0.0018772704582803,0.2292724749456716,-3.0328288728380084,-0.1116537013472155,0.0050019175539381,2.5019179216395097e-05,0.1117376991393039,0.2268453809760935,-3.0374104770192822,0.0280267979743857,0.0011610868816314,-0.2327441451366083,-3.0262266614515276,0,0.8320500532994789,33.69006752597979,1.4999992166254967,1.75,0.4422886902190012,2,0.0080645161290322,0.1807909604519774,0.2012115532410114
0.95571618665554,0.0013000794090577,1.591365299463338,2.38479650041012,-0.1142861610345432,0.0034670580544452,1.2020491552893689e-05,0.1143255963145538,1.5901464338303473,2.3797109281733295,0.0286380790995864,0.0008030845023289,-1.5931075492823907,2.3920641367786093,0,0.8320500566244783,33.690067525979835,1.4999992274317382,2.0,0.4999999999999999,2,0.0080645161290322,0.1807909604519774,0.2012115532410114
0.9554380962774772,0.0007797690449403,0.9735920277679384,-0.3588895457807819,-0.1150268683295324,0.0020814062418937,4.332251943794308e-06,0.1150409910712592,0.9724287051517824,-0.3639196653089023,0.0288101612039727,0.0004810436781741,-0.9752601117587972,-0.3516758603487186,0,0.8320500485519617,33.69006752597983,1.4999992011960723,2.25,0.5555702330196022,2,0.0080645161290322,0.1807909604519774,0.2012115532410114
0.9549901302557252,0.0014900532916049,-0.9563887955161512,1.2100523146312447,-0.1162258147944137,0.0039833568241188,1.586713158825382e-05,0.1162769984705344,-0.9597306480044046,1.2160985719894235,0.029085451249471,0.0009172300201186,0.9515765082523844,1.201374998235586,0,0.8320500660735171,33.69006752597975,1.499999258141103,2.5,0.6087614290087207,2,0.0080645161290322,0.1807909604519774,0.2012115532410114
0.9543496182721468,0.0016884321075771,0.6760610187528495,-2.2260503533352782,-0.1179389590740024,0.0045136732982493,2.0373246643329193e-05,0.1180037202906833,0.6740370469245286,-2.2368434081777497,0.029479443459415,0.0010393485538293,-0.6789744282037166,-2.2105190535522254,0,0.8320500658372949,33.690067525979785,1.49999925737338,2.75,0.6593458151000688,2,0.0080645161290322,0.1807909604519774,0.2012115532410114
0.9541739918845,0.0016438909401972,1.3471752764878138,1.1866619589562823,-0.1184084996242263,0.0043939831475567,1.930708790101277e-05,0.118469629438039,1.3451890242951017,1.1771891975079214,0.0295875404674365,0.0010121351497074,-1.3500275906861878,1.2002580966514174,0,0.8320500601020919,33.690067525979785,1.499999238733979,3.0,0.7071067811865475,2,0.0080645161290322,0.1807909604519774,0.2012115532410114
0.9530275999921878,0.0009533727997933,0.2101207796891961,1.5102499059759786,-0.1214752281351952,0.0025546815063233,6.526397598750772e-06,0.1214953737748762,0.206902098521424,1.509496253392312,0.0302925342783734,0.000584870295855,-0.2147671036258931,1.511358455487123,0,0.8320500709196753,33.69006752597966,1.4999992738911128,3.25,0.7518398074789774,2,0.0080645161290322,0.1807909604519774,0.2012115532410114
0.9530077084239136,0.0009558419577809,0.3315082365365372,1.4691654845391575,-0.1215285422993308,0.0025612619935788,6.56006299975126e-06,0.1215487829665529,0.3283709324460512,1.4679488517585977,0.0303047332322623,0.0005863969321835,-0.3360366320137725,1.4709415107691497,0,0.8320500664401761,33.69006752597966,1.4999992593327467,3.5,0.7933533402912352,2,0.0080645161290322,0.1807909604519774,0.2012115532410114
0.9535323941119344,0.001425332558348,-0.0767581656537605,-2.2526454194285837,-0.1201246990006623,0.0038168792499364,1.4568567208595068e-05,0.1201701699067047,-0.0791827996747825,-2.2515930349505613,0.0299821516006825,0.000875225296382,0.0732611213207761,-2.254124788799638,0,0.8320500556730263,33.690067525979835,1.4999992243395204,3.75,0.8314696123025451,2,0.0080645161290322,0.1807909604519774,0.2012115532410114
0.9530369944956956,0.0014474154824726,1.5452381449346215,2.3456822053152866,-0.1214518631474064,0.0038754782065237,1.5019331329240533e-05,0.1214982286310108,1.5436689865080384,2.340056266191336,0.0302861726991093,0.0008889625851154,-1.5474963881839296,2.3537808468889256,0,0.8320500693588658,33.690067525979835,1.4999992688184798,4.0,0.8660254037844386,2,0.0080645161290322,0.1807909604519774,0.2012115532410114
0.9536406797389292,0.0013091292956506,0.1152314794984845,-3.203400118577939,-0.119834273222451,0.0035047760546536,1.2283455193273685e-05,0.1198727059432134,0.1135829035223757,-3.205042049589647,0.0299158073297671,0.0008041759286886,-0.1176086054820417,-3.201007056683622,0,0.832050059701967,33.69006752597974,1.4999992374335749,4.25,0.8968727415326884,2,0.0080645161290322,0.1807909604519774,0.2012115532410114
0.9529283795421064,0.0022740050418035,-0.6396059642305276,-1.473192564771507,-0.1217476519347999,0.006098239077771,3.718851984965385e-05,0.1218621440051198,-0.6432363424077313,-1.4610870980985895,0.0303512389741167,0.001393476043651,0.6343567447238292,-1.4906502071122605,0,0.8320500787981671,33.69006752597983,1.4999992994961957,4.5,0.9238795325112868,2,0.0080645161290322,0.1807909604519774,0.2012115532410114
0.9519312374056954,0.0018234109191074,0.6818009731945971,0.1320064755618517,-0.1244194319853251,0.0048922674901711,2.3934281195385656e-05,0.1244915489760152,0.6776709225436034,0.1247176981184345,0.0309630225834612,0.0011165668580658,-0.6877728166043574,0.1425990452417682,0,0.8320500742408582,33.6900675259797,1.4999992846849513,4.75,0.9469301294951056,2,0.0080645161290322,0.1807909604519774,0.2012115532410114
0.9515077522287648,0.001920122063309,1.6857472571655985,2.957119320102649,-0.1255571096460996,0.0051511588702855,2.653443770692144e-05,0.1256363347561643,1.684124055238811,2.951986512549965,0.0312218632107453,0.001175980892925,-1.6880884996538617,2.9645270932346897,0,0.8320500766821406,33.69006752597975,1.499999292619114,5.0,0.9659258262890684,2,0.0080645161290322,0.1807909604519774,0.2012115532410114
0.9505796005125204,0.0004454339370011,0.0701795145025328,1.4521004086875653,-0.1280465686113931,0.0011981162389579,1.4354825220548623e-06,0.1280507725281025,0.0686677187285278,1.451977995585132,0.031790480914047,0.0002717696595838,-0.0723789490000231,1.452284365119933,0,0.8320500764946329,33.69006752597979,1.4999992920097136,5.25,0.9807852804032304,2,0.0080645161290322,0.1807909604519774,0.2012115532410114
0.9495165278517708,0.0024998339641374,-1.9325138506014217,3.797526319886288,-0.1309176190328509,0.0067472855428341,4.552586219653861e-05,0.1310479582819901,-1.9330367445746848,3.7990062002142047,0.0324352580733386,0.0015175352693047,1.93174447281404,3.795350765232392,1,0.8320500948188824,33.69006752597975,1.4999993515635015,5.5,0.9914448613738104,2,0.0080645161290322,0.1807909604519774,0.2012115532410114
0.9485963908899202,0.0023826762948049,-0.4035248551716613,-3.714271947840748,-0.1333974608009357,0.0064306056409718,4.1352688909698635e-05,0.133513658720071,-0.4055637048361281,-3.703011779902928,0.0329950467358316,0.0014465663647324,0.40055005091794,-3.7307056488540447,1,0.8320500888676106,33.69006752597982,1.4999993322218736,5.75,0.9978589232386036,2,0.0080645161290322,0.1807909604519774,0.2012115532410114
0.9476760729743324,0.0020653887749819,1.33520388745096,2.2381438067821744,-0.1358799668835202,0.0055741999227565,3.107170477885868e-05,0.135965691182926,1.3316462382883782,2.230775423648149,0.0335542287432643,0.0012539617789833,-1.3403926819743932,2.248923336787066,1,0.832050090982276,33.69006752597971,1.499999339094537,6.0,1.0,2,0.0080645161290322,0.1807909604519774,0.2012115532410114
0.9464243817874206,0.0008853201156209,0.313623464923043,-3.7751449237233334,-0.139210180861119,0.0023354139221722,5.454158187875775e-06,0.1392248723254092,0.35575258147216,-3.797117099855054,0.034314896020122,0.0005367663141515,-0.3096827300334316,-3.765627986961,1,0.8320500955288742,33.690067525979785,1.4999993538709733,6.25,0.9978589232386036,2,0.0080645161290322,0.1807909604519774,0.2012115532410114
0.9456541855593906,0.0021129716512799,-1.2735606674710287,1.223852115712189,-0.1411901910478539,0.0055223713180523,3.0496584974447585e-05,0.1412711665091658,-1.2817458521728744,1.2866720487659418,0.0347809090602279,0.0012782451017176,1.2685306584563445,1.2017576267564554,1,0.832050104990772,33.69006752597982,1.499999384622129,6.5,0.9914448613738104,2,0.0080645161290322,0.1807909604519774,0.2012115532410114
0.9442944189311092,0.0023132877977941,0.1806116442813013,-4.136157407476546,-0.1445843743140247,0.0058310873955561,3.4001580214613593e-05,0.144672535337358,0.2309746270353404,-4.318382503395613,0.0356068939408404,0.0014030124934451,-0.17719915467006,-4.10662554683754,1,0.8320501072163224,33.69006752597982,1.499999391855165,6.75,0.9807852804032304,2,0.0080645161290322,0.1807909604519774,0.2012115532410114
0.9428147350152872,0.0019858896692672,1.224946144516981,1.885116536209047,-0.1482719149493877,0.0049137569457984,2.4145007322382233e-05,0.1483329684131291,1.331550516875811,2.3138761199857587,0.0365043432360942,0.0012042592973819,-1.218948670322234,1.8478545941996511,1,0.8320501103797718,33.69006752597976,1.4999994021363732,7.0,0.9659258262890684,2,0.0080645161290322,0.1807909604519774,0.2012115532410114
0.9414378427523972,0.0011562633101757,-0.1613135824231336,-2.068229219765499,-0.1516843876927609,0.0027332225123139,7.470505301820027e-06,0.1517028554401805,-0.3625825548319771,-2.453397111264664,0.0373380363213928,0.0007013790658576,0.1373717997538654,-2.0246529118873173,1,0.8320501129037573,33.690067525979785,1.4999994103393226,7.25,0.9469301294951056,2,0.0080645161290322,0.1807909604519774,0.2012115532410114
0.9397480751407108,0.0026534074843251,-1.4820995117908082,2.4309380812244807,-0.1558243383039426,0.0067321498820403,4.5321842034255414e-05,0.1559333697108716,-1.4768804318698718,2.430325482853375,0.0383548442475265,0.0015892497858598,1.4776909228341273,2.4179869281351625,1,0.8320501239451418,33.690067525979785,1.4999994462238095,7.5,0.9238795325112868,2,0.0080645161290322,0.1807909604519774,0.2012115532410114
0.939397211281194,0.0023273208666027,-1.8615003225302336,3.5203236074033164,-0.15662673670765,0.0059639987250004,3.556928079180686e-05,0.1567118745095007,-1.8592563560584856,3.478976431980641,0.0385682177308665,0.0013912753431598,1.85982248701202,3.518507516039719,1,0.8320501114356567,33.69006752597982,1.4999994055679962,7.75,0.8968727415326884,2,0.0080645161290322,0.1807909604519774,0.2012115532410114
0.9392954783755312,0.0022441135537828,-1.9365694440303287,3.769571662621867,-0.1566200450565769,0.0059697345122805,3.563773014711318e-05,0.1567053502951787,-1.856918943028554,3.471272299758258,0.0386357373091235,0.0013362904055718,1.9414299896641016,3.789136906504819,1,0.8320501116905306,33.69006752597972,1.4999994063963389,8.0,0.8660254037844387,2,0.0080645161290322,0.1807909604519774,0.2012115532410114
0.9395420303782924,0.002407618386888,-1.9424572411981464,3.8253575506487856,-0.1556247510363398,0.0066315665591296,4.397767502816733e-05,0.155730685452142,-1.8663334497094848,3.6080684469272946,0.0384963494981478,0.0014286848377225,1.947432880803518,3.83879816747557,1,0.832050110213362,33.69006752597982,1.4999994015955398,8.25,0.8314696123025451,2,0.0080645161290322,0.1807909604519774,0.2012115532410114
0.9401283774385206,0.0012456709355758,-1.782829950763559,3.404807425515912,-0.1537355579433414,0.002948039300577,8.690935717746962e-06,0.1537567558773888,-1.3229954228746692,2.400070427987229,0.0381559533442127,0.0007534905830433,1.8093689601870924,3.4638752576468796,1,0.8320501180370009,33.69006752597976,1.499999427022359,8.5,0.7933533402912352,2,0.0080645161290322,0.1807909604519774,0.2012115532410114
0.939360290982892,0.0017121982769625,-0.0868059275603789,-4.618581051675278,-0.1553927008743823,0.0041987007548456,1.7629088028741594e-05,0.1554352382861008,-0.0377180385165474,-4.105191098335709,0.038623234958216,0.0010302735885185,0.0889749690358672,-4.665506549798918,1,0.8320501200425059,33.69006752597982,1.4999994335402465,8.75,0.7518398074789774,2,0.0080645161290322,0.1807909604519774,0.2012115532410114
0.9393622209477804,0.0017139822059388,-0.0889594573355966,-4.633545489647178,-0.1548021120836982,0.0048112681295877,2.314830101478695e-05,0.1548581774764739,-0.1342704238935987,-5.0920143608806185,0.0386360726065255,0.0010185788984916,0.0632090327255545,-4.490639125185709,1,0.8320501119376369,33.69006752597979,1.4999994071994325,9.0,0.7071067811865476,2,0.0080645161290322,0.1807909604519774,0.2012115532410114
0.9397445731006812,0.0022939981479671,0.5472026977837988,-2.0618780275099837,-0.1532356087030479,0.0069921697421202,4.889043770262136e-05,0.1533552072897126,0.4704816207151289,-2.674080146321242,0.0384198826591824,0.0013497310697836,-0.5614436236793459,-1.969413472955768,1,0.832050105879009,33.690067525979714,1.4999993875089006,9.25,0.659345815100069,2,0.0080645161290322,0.1807909604519774,0.2012115532410114
0.9409801245476987,0.0025663712197602,-0.9972118510184216,-0.1516595127460824,-0.1495212852717654,0.0076035977592675,5.781469888473898e-05,0.1496662145358274,-1.1183361507432237,0.3550759401073424,0.0376906780777497,0.0015160778978214,0.9771118289072216,-0.2349225649534894,1,0.8320501038908347,33.690067525979714,1.4999993810473362,9.5,0.6087614290087209,2,0.0080645161290322,0.1807909604519774,0.2012115532410114
0.9418509207002326,0.0012720504647067,0.0982833667387052,-4.1979791316337,-0.1466760142836934,0.0033825426562269,1.144159482119466e-05,0.1467052635806441,-0.0558026871942515,-3.4688265032569774,0.037183793262629,0.0007633476448498,-0.1124617402541454,-4.257169613869602,1,0.8320501106669685,33.69006752597979,1.4999994030697616,9.75,0.5555702330196025,2,0.0080645161290322,0.1807909604519774,0.2012115532410114
0.9421199848907724,0.0009880413422975,0.0266169704183738,-2.537905991057995,-0.1455668030879394,0.0023050092439934,5.313067614895215e-06,0.1455804896335845,-0.5040058244350581,0.2912633542695406,0.0370320711890736,0.0006021512690892,-0.0638345717151483,-2.783103368876443,1,0.8320501089737585,33.690067525979686,1.4999993975668338,10.0,0.4999999999999999,2,0.0080645161290322,0.1807909604519774,0.2012115532410114
0.9421726272988512,0.0010268530920276,-0.1504250185883815,-3.5894357966371366,-0.1449424092426331,0.0028769134267145,8.276630864810405e-06,0.1449638212458808,-0.561494733251992,-2.1982861528807636,0.037012032868241,0.0006164860817797,0.0575916241610925,-3.484598697925488,1,0.8320501054669073,33.690067525979785,1.4999993861695684,10.25,0.4422886902190017,2,0.0080645161290322,0.1807909604519774,0.2012115532410114
0.9428582053431954,0.0022084348850896,1.377753804254072,1.69598995920742,-0.1424001250424615,0.0068532498248594,4.6967033161936744e-05,0.1425237555180899,1.2179512870997065,1.2807317417958135,0.0366157079590331,0.001306222437147,-1.4002471313782818,1.7630848802056107,1,0.8320500952067198,33.69006752597982,1.4999993528239708,10.5,0.3826834323650899,2,0.0080645161290322,0.1807909604519774,0.2012115532410114
0.9438117466851296,0.0019580538393985,-0.0167411677644236,-2.887609306962432,-0.1392432747430085,0.0059423335180419,3.531132763964486e-05,0.1393383402258216,-0.1152078231902476,-3.0780129276702244,0.036057375362715,0.0011616551358589,0.0003177038047421,-2.8611483706499428,1,0.8320500990989079,33.69006752597982,1.4999993654735773,10.75,0.3214394653031617,2,0.0080645161290322,0.1807909604519774,0.2012115532410114
0.944809173930808,0.0014169191842728,-1.378162057029524,1.6415835960109677,-0.1362467658326653,0.004175787395988,1.743720037649271e-05,0.1362947508165433,-1.5018231268024025,2.206037643418746,0.0354651718381179,0.0008445505160901,1.360245953282115,1.559984566503385,1,0.8320500964209682,33.690067525979785,1.4999993567702774,11.0,0.258819045102521,2,0.0080645161290322,0.1807909604519774,0.2012115532410114
0.945573307588725,0.0005165649964806,-1.5316808709710867,2.243395384026991,-0.1341131052397683,0.0012755679100095,1.6270734930462526e-06,0.1341176546997936,-1.1824643312658336,2.0792568322180927,0.0350069247524886,0.0003149508754581,1.5460377433491617,2.2419870889499496,1,0.8320500955249894,33.69006752597986,1.4999993538583456,11.25,0.1950903220161281,2,0.0080645161290322,0.1807909604519774,0.2012115532410114
0.9453045798468844,0.0005157603913769,0.1777227173291912,-4.8051978324470355,-0.1350476470309905,0.0014306212739704,2.0466772295368462e-06,0.1350533301201021,-0.1804147920589319,-4.564292762305044,0.0351640302072636,0.0003117073527226,-0.1795838002450825,-4.570954311357214,1,0.8320500987422169,33.69006752597975,1.4999993643143337,11.5,0.130526192220052,2,0.0080645161290322,0.1807909604519774,0.2012115532410114
0.9457164811461392,0.0006521891344698,-0.2225743138886914,0.8344826646001167,-0.1339313894455688,0.0021250231464433,4.515723372920106e-06,0.1339440326082145,-0.2554598900435645,1.4393050262378022,0.0349155315932356,0.0003851881514557,0.21487699868604,0.7163424821678266,1,0.8320500934681668,33.69006752597975,1.4999993471736777,11.75,0.0654031292301431,2,0.0080645161290322,0.1807909604519774,0.2012115532410114
0.94573318869026,0.0006496998267234,-0.3772807450220864,1.2080998560017375,-0.1339066548774485,0.0021247068325003,4.514379124073749e-06,0.1339192966110981,-0.3254084726102536,1.515834459113684,0.0349049591548419,0.0003834156661353,0.3803701265372952,1.1426118984237783,1,0.8320500961814005,33.69006752597986,1.4999993559916804,12.0,1.2246467991473532e-16,2,0.0080645161290322,0.1807909604519774,0.2012115532410114
0.945999047914407,0.0008935450922462,-0.4061900086590869,-1.710560795715944,-0.1330828997244318,0.002775195291939,7.70170890840092e-06,0.1331045997730529,-0.6478245332636176,-1.3518945417646293,0.0347467978574082,0.0005310619737229,0.3723895545452269,-1.746670524893423,1,0.8320500918461343,33.690067525979785,1.4999993419020734,12.25,-0.0654031292301428,2,0.0080645161290322,0.1807909604519774,0.2012115532410114
0.9463702584878072,0.0005140920951279,-0.7147400853449788,1.6372575358655492,-0.1319309141913298,0.0014665655350716,2.150814468659938e-06,0.1319370275177201,-0.7982815076848647,1.1555245160384915,0.0345263499594331,0.000308964538893,0.7004611164878484,1.6640519855636775,1,0.8320500937448441,33.690067525979785,1.4999993480728775,12.5,-0.1305261922200517,2,0.0080645161290322,0.1807909604519774,0.2012115532410114
0.9461274796735192,0.0006552843885267,0.4929647706501767,-2.622353078628308,-0.1326571340121108,0.0018126145707095,3.285571581948683e-06,0.1326664214599674,0.5878959223534684,-2.2328159765239057,0.0346712823819231,0.000394924937168,-0.4837779380637114,-2.659445338597326,1,0.8320500967910167,33.69006752597982,1.4999993579729338,12.75,-0.1950903220161279,2,0.0080645161290322,0.1807909604519774,0.2012115532410114
0.947053060254542,0.0016629251456966,1.2676705206615746,2.020791452068794,-0.1300778527427634,0.0046278552110349,2.1417043854302963e-05,0.1301395810545696,1.2847525006720013,1.994956205375644,0.0341124099458258,0.0010043327330584,-1.2698194683600583,2.0320149554144287,1,0.8320500826355178,33.69006752597971,1.4999993119675836,13.0,-0.2588190451025208,2,0.0080645161290322,0.1807909604519774,0.2012115532410114
0.9469995616261666,0.0016716816286286,1.4347024269332604,2.5604617314429596,-0.1303123055572705,0.0046729012986444,2.18360065468732e-05,0.1303751279368949,1.53658675971542,2.8141789012695604,0.034142615040039,0.0010092259445236,-1.4263585710722642,2.537814616081011,1,0.8320500925591908,33.69006752597971,1.499999344219508,13.25,-0.3214394653031615,2,0.0080645161290322,0.1807909604519774,0.2012115532410114
0.947033936075252,0.0016562427893164,1.3686111964705907,2.534078718265679,-0.1303662173140198,0.0047001792733727,2.2091685201842896e-05,0.1304297488331083,1.565258499002811,2.8247133351300917,0.0341183109766002,0.0009984447260283,-1.3473601707740654,2.505852622473739,1,0.832050093178219,33.69006752597971,1.4999993462313488,13.5,-0.3826834323650896,2,0.0080645161290322,0.1807909604519774,0.2012115532410114
0.9472265272440924,0.0014518839366903,1.909246164507824,3.7075304779427505,-0.1301646773784304,0.0044858179466431,2.0122562650425554e-05,0.1302226368916664,1.758474087155291,3.2585133902734356,0.0339943708001501,0.0008671683809183,-1.923500491557196,3.752060765785842,1,0.83205009395636,33.69006752597975,1.499999348760305,13.75,-0.4422886902190014,2,0.0080645161290322,0.1807909604519774,0.2012115532410114
0.9461025156620028,0.0008266532045261,-1.7283805188695451,3.0746052113163564,-0.1337375511455381,0.0028946776308873,8.379158586759312e-06,0.1337610442368988,-1.4547970082438533,2.1017486947104196,0.0346619359384722,0.0004835172360127,1.7602589152612813,3.1865086551079784,1,0.8320500986170043,33.69006752597976,1.4999993639073932,14.0,-0.4999999999999998,2,0.0080645161290322,0.1807909604519774,0.2012115532410114
0.9506047993527112,0.0028863308230202,-0.9549094286730224,1.9064951410588409,-0.125608276051769,0.0115765588162591,0.0001340167140263,0.1260077440009829,0.5495075634610296,1.6152828542316886,0.0340726762658687,0.0036208770828783,1.3534125326787696,1.2421238319758707,0,0.8637787103566523,30.256437163529338,1.7142849637845743,0.0,0.0,3,0.0722446236559139,0.1916167664670658,0.2564442238849722
0.9530048614406006,0.002477607111382,0.8784020080157309,-0.9284692733506787,-0.116925083930676,0.0115948099735607,0.0001344396183229,0.117355464150324,0.2606632115421337,-4.412844617043072,0.0347799936874214,0.0039110269995502,0.2525181846854113,-4.5139107421985525,0,0.863778699243861,30.25643716352924,1.7142849200138062,0.25,0.065403129230143,3,0.0722446236559139,0.1916167664670658,0.2564442238849722
0.9534577379512792,0.0020898861007404,0.855066084857437,1.0783683799282944,-0.1132757020172468,0.0093166527153198,8.680001781787598e-05,0.1135626905319859,-1.0265863391845478,1.8481708204905711,0.0368479336531906,0.0038698374502393,-1.4529859480714449,1.8489428099030736,0,0.8637787138637006,30.25643716352931,1.714284977598045,0.5,0.1305261922200515,3,0.0722446236559139,0.1916167664670658,0.2564442238849722
0.9536978795876508,0.0017957422068613,1.483989420708209,2.042508042842355,-0.1101755682060765,0.0044077620771826,1.942836652904992e-05,0.1102416758963175,1.4821052812324318,2.0353177413441976,0.039064782452443,0.0014456438754963,-1.4869166719789308,2.0536811793216927,0,0.8637787153455838,30.25643716352923,1.7142849834348504,0.75,0.1950903220161282,3,0.0722446236559139,0.1916167664670658,0.2564442238849722
0.9548081085741736,0.0027966647583281,0.3153350910987847,-4.026453495921077,-0.1074558493047423,0.0068583127498104,4.7036453774213214e-05,0.1076198721897321,0.3133433001444199,-4.036190875980207,0.0381682430014479,0.0022546331524333,-0.3184369466525873,-4.011276246438532,0,0.863778691147007,30.25643716352931,1.7142848881221284,1.0,0.2588190451025207,3,0.0722446236559139,0.1916167664670658,0.2564442238849722
0.9549197813416206,0.002881717901737,0.1612533850276268,-4.89643453410252,-0.1071825423809597,0.0070668171500678,4.9939904632493715e-05,0.1073571251464974,0.1600180787180228,-4.902117064856942,0.0380779331480233,0.0023232379382702,-0.1631781081331267,-4.887564753365432,0,0.8637786972556286,30.25643716352927,1.7142849121826078,1.25,0.3214394653031616,3,0.0722446236559139,0.1916167664670658,0.2564442238849722
0.9552064814366248,0.0026293651526971,-0.0772791870683514,-3.315156107893065,-0.1064777332713919,0.0064469118318172,4.156267216722466e-05,0.1066240108359239,-0.0801820893772148,-3.3130784801411934,0.0378476824800316,0.0021203358226998,0.0727734121827339,-3.3182893518831023,0,0.8637787094434743,30.25643716352922,1.714284960187776,1.5,0.3826834323650898,3,0.0722446236559139,0.1916167664670658,0.2564442238849722
0.9558021581652016,0.001916670944347,0.2292610208898901,-3.0328505140612023,-0.1050137957634837,0.0046945635919533,2.2038927318894353e-05,0.1050924664100331,0.2270135170805502,-3.0370957663661,0.0373690639658477,0.0015481158359392,-0.2327441451233553,-3.0262266682138588,0,0.8637787060694835,30.256437163529306,1.714284946898386,1.75,0.4422886902190012,3,0.0722446236559139,0.1916167664670658,0.2564442238849722
0.9547932891049,0.0013273712114118,1.59135953737319,2.3847724561412047,-0.107484522648537,0.0032538192016004,1.0587339396703904e-05,0.107521454201157,1.5902313635415302,2.3800652710235735,0.0381841054661153,0.0010707793274215,-1.5931075493941855,2.392064163212371,0,0.8637787087570488,30.256437163529245,1.7142849574841,2.0,0.4999999999999999,3,0.0722446236559139,0.1916167664670658,0.2564442238849722
0.9545093625777188,0.0007961417430577,0.9735865164955666,-0.3589134366151416,-0.1081797323547454,0.0019532659756622,3.8152479716799286e-06,0.1081929569256854,0.9725098471000228,-0.3635689583731807,0.0384135482719636,0.0006413915558446,-0.9752601119760208,-0.3516757672102759,0,0.863778702232112,30.256437163529284,1.714284931783849,2.25,0.5555702330196022,3,0.0722446236559139,0.1916167664670658,0.2564442238849722
0.9540519848537936,0.0015213506451649,-0.9564046820703254,1.2100810402812208,-0.1093046553490099,0.0037377282858852,1.3970612739107015e-05,0.1093525749149067,-0.9594968740741948,1.2156746797964466,0.0387806016659613,0.0012229733522625,0.95157650832441,1.201374975240446,0,0.8637787163946135,30.256437163529316,1.7142849875667376,2.5,0.6087614290087207,3,0.0722446236559139,0.1916167664670658,0.2564442238849722
0.953398017869179,0.0017238962305492,0.67605139747969,-2.2261016540675413,-0.1109121041257947,0.0042353440680421,1.7938139374699607e-05,0.1109727374004186,0.6741787000372617,-2.2360879393797575,0.0393059246125533,0.0013857980648039,-0.6789744282133436,-2.2105190516731774,0,0.8637787162036783,30.256437163529245,1.71428498681469,2.75,0.6593458151000688,3,0.0722446236559139,0.1916167664670658,0.2564442238849722
0.9532187025228952,0.0016784183902068,1.3471658387490988,1.1866169630805228,-0.1113526886553999,0.0041230750732042,1.699974805927828e-05,0.1114099236236655,1.345328356684994,1.1778538184290497,0.039450053956582,0.0013495135257872,-1.3500275907323611,1.2002581143481752,0,0.8637787115679687,30.25643716352934,1.7142849685556754,3.0,0.7071067811865475,3,0.0722446236559139,0.1916167664670658,0.2564442238849722
0.9520482278167668,0.0009734085806121,0.2101054004545229,1.5102463147109422,-0.1142301735375312,0.0023967521539079,5.744420887262217e-06,0.1142490300268674,0.2071295272827399,1.509549146336134,0.0403900457044979,0.0007798270487547,-0.2147671036587665,1.5113584702594896,0,0.8637787203117154,30.25643716352929,1.7142850029953176,3.25,0.7518398074789774,3,0.0722446236559139,0.1916167664670658,0.2564442238849722
0.9520279181914372,0.0009759295642241,0.3314932462797092,1.4691595609056538,-0.114280191028952,0.002402928220801,5.774064034322291e-06,0.1142991365218461,0.3285926147442043,1.4680344118557525,0.0404063109763497,0.0007818625638916,-0.3360366318669398,1.4709414554182452,0,0.8637787166909796,30.256437163529327,1.7142849887340563,3.5,0.7933533402912352,3,0.0722446236559139,0.1916167664670658,0.2564442238849722
0.952563626656077,0.0014552823901071,-0.0767697346172725,-2.2526404106410993,-0.1129629928168039,0.0035810849049081,1.2824169096160664e-05,0.1130055568233329,-0.0790119106154502,-2.2516691312029984,0.0399762021342433,0.0011669670535665,0.0732611213004049,-2.2541247789363137,0,0.8637787079879995,30.25643716352922,1.7142849544549903,3.75,0.8314696123025451,3,0.0722446236559139,0.1916167664670658,0.2564442238849722
0.9520578164627036,0.0014778283568842,1.5452306610054274,2.345655373712823,-0.1142081335577894,0.0036360992621707,1.3221217844358767e-05,0.1142515369005478,1.5437798094124138,2.3404534864169495,0.0403815635988124,0.0011852834386718,-1.5474963882043975,2.3537808610470243,0,0.8637787190501305,30.256437163529213,1.714284998026222,4.0,0.8660254037844386,3,0.0722446236559139,0.1916167664670658,0.2564442238849722
0.9526741884551162,0.0013366357220463,0.1152236179252623,-3.2034079409827108,-0.1126905383901038,0.0032883237102859,1.0813072823628536e-05,0.1127265152804312,0.113698962773572,-3.204927847455716,0.0398877431063562,0.0010722345625777,-0.117608605508105,-3.201007045478038,0,0.863778711244552,30.256437163529284,1.714284967281811,4.25,0.8968727415326884,3,0.0722446236559139,0.1916167664670658,0.2564442238849722
0.9519469102449843,0.0023218034993914,-0.6396233414903418,-1.4731346434026893,-0.1144853209284026,0.0057209296230228,3.272903575158067e-05,0.1145924756905668,-0.6429792535660908,-1.4619468117375334,0.0404683186321557,0.0018579680530029,0.6343567447208213,-1.4906502052925408,1,0.8637787266798257,30.25643716352919,1.714285028077868,4.5,0.9238795325112868,3,0.0722446236559139,0.1916167664670658,0.2564442238849722
0.9509288128185092,0.0018617424707746,0.681781183601498,0.1319715004753092,-0.1169919443017758,0.0045894153596324,2.1062733343230108e-05,0.1170594382419348,0.6779641861903086,0.1252331768072405,0.0412840301112816,0.001488755804266,-0.6877728165834547,0.1425990393262033,0,0.8637787229961954,30.25643716352931,1.7142850135688763,4.75,0.9469301294951056,3,0.0722446236559139,0.1916167664670658,0.2564442238849722
0.9504964225301276,0.0019604855969677,1.6857394823589489,2.957094731733264,-0.1180590983429996,0.0048323195049136,2.335131179756924e-05,0.118133247586826,1.6842396094670964,2.9523517534261465,0.0416291509476603,0.0015679745177391,-1.6880884996654335,2.9645271006087768,1,0.8637787249694604,30.256437163529316,1.7142850213411207,5.0,0.9659258262890684,3,0.0722446236559139,0.1916167664670658,0.2564442238849722
0.9495487607658348,0.0004548032842288,0.0701722281113971,1.452100413519018,-0.1203945027280055,0.001123747455146,1.2628083429472028e-06,0.1203984360088662,0.0687756917275762,1.4519849311434463,0.042387307885396,0.0003623595194499,-0.0723789485524237,1.4522835373608665,1,0.8637787248179005,30.256437163529263,1.714285020744163,5.25,0.9807852804032304,3,0.0722446236559139,0.1916167664670658,0.2564442238849722
0.9484633058895644,0.0025524587218806,-1.9325163907506044,3.797533505607788,-0.123086555071152,0.0063268930558861,4.002957574062033e-05,0.1232084502828005,-1.9329992004436096,3.798899909382893,0.0432470107644514,0.0020233803542976,1.931744472804802,3.795350766578821,1,0.8637787396292126,30.256437163529228,1.714285079082575,5.5,0.9914448613738104,3,0.0722446236559139,0.1916167664670658,0.2564442238849722
0.9475238056336333,0.0024328338767271,-0.4035347536560812,-3.714217273119168,-0.1254121398050297,0.0060299758880639,3.6360609210632906e-05,0.1255208160720141,-0.4054157677700682,-3.703828732941792,0.0439933956477754,0.0019287551479664,0.4005500509305016,-3.7307056518429142,1,0.8637787348188581,30.256437163529245,1.7142850601356745,5.75,0.9978589232386036,3,0.0722446236559139,0.1916167664670658,0.2564442238849722
0.9465841166225284,0.002108867009498,1.3351866161086077,2.238107995274687,-0.1277400759296416,0.0052269299588814,2.732079679505251e-05,0.1278202550306758,1.33190448718537,2.2313094266889557,0.0447389716576857,0.001671949032864,-1.340392682007103,2.248923345420792,1,0.8637787365281211,30.25643716352921,1.7142850668680765,6.0,1.0,3,0.0722446236559139,0.1916167664670658,0.2564442238849722
0.9453060346549288,0.0009040183889727,0.3135208129313207,-3.77507280581478,-0.1308593543742216,0.0021854043566865,4.775992202224495e-06,0.1308730400861457,0.3585939744843789,-3.796272861483887,0.045753194693496,0.0007156884053629,-0.3096827297298445,-3.7656281993038223,1,0.8637787402030919,30.256437163529306,1.7142850813429529,6.25,0.9978589232386036,3,0.0722446236559139,0.1916167664670658,0.2564442238849722
0.944519512696126,0.0021576716498213,-1.273565276443652,1.2238036633286988,-0.132707484621923,0.0051619997477091,2.6646241395349468e-05,0.1327827592563303,-1.2818926262827128,1.2897061403987813,0.0463745454136372,0.0017043267966183,1.2685306584265548,1.201757631259026,1,0.8637787478510521,30.256437163529252,1.7142851114665425,6.5,0.9914448613738104,3,0.0722446236559139,0.1916167664670658,0.2564442238849722
0.9431308499855952,0.0023624143548735,0.1804823238095886,-4.135757829141481,-0.135868587924418,0.0054349023884961,2.9538163972481688e-05,0.1359500893988481,0.2344663866406403,-4.32831024305194,0.0474758585877872,0.0018706833194252,-0.1771991546650062,-4.106625548386663,1,0.8637787496499424,30.25643716352931,1.714285118551963,6.75,0.9807852804032304,3,0.0722446236559139,0.1916167664670658,0.2564442238849722
0.9416197036414056,0.002028159097926,1.2247023845565213,1.884128729105024,-0.1393017645562781,0.0045721460744153,2.0904519725791987e-05,0.1393580281084919,1.340181993312296,2.3447424784148314,0.0486724576481256,0.0016056790571535,-1.2189486703120649,1.847854585900059,1,0.8637787522069278,30.256437163529228,1.7142851286233536,7.0,0.9659258262890684,3,0.0722446236559139,0.1916167664670658,0.2564442238849722
0.9402135033415284,0.0011810046345579,-0.1609171485863831,-2.067335016535832,-0.142476578614508,0.0025325351471572,6.4137342715869816e-06,0.1424934586372297,-0.377246028760289,-2.4777419147325332,0.0497840484285238,0.0009351720774682,0.1373717997423206,-2.0246528904961263,1,0.8637787542470406,30.25643716352924,1.7142851366588976,7.25,0.9469301294951056,3,0.0722446236559139,0.1916167664670658,0.2564442238849722
0.9384876642066972,0.002709883307413,-1.4821351465603854,2.431006326454428,-0.1463211267823735,0.0062688217377187,3.929812597929456e-05,0.1464218075880366,-1.4758717264028178,2.428746864181642,0.0511397923300354,0.0021189997099147,1.4776909228288098,2.417986927925389,1,0.863778763171684,30.25643716352922,1.7142851718110532,7.5,0.9238795325112868,3,0.0722446236559139,0.1916167664670658,0.2564442238849722
0.9381292728242774,0.0023768231353617,-1.8615000581177537,3.520398862768605,-0.1470622453727661,0.0055575758901811,3.088664977512315e-05,0.1471409834186626,-1.858446779968682,3.4739099018749293,0.0514242903078221,0.0018550337856649,1.8598224869917936,3.518507525114803,1,0.86377875306039,30.256437163529196,1.7142851319849497,7.75,0.8968727415326884,3,0.0722446236559139,0.1916167664670658,0.2564442238849722
0.9380251670539071,0.0022916839457845,-1.9366823522773835,3.770019386522367,-0.147036295287457,0.0055798982061003,3.1135263990442387e-05,0.1471156809448034,-1.848599583228111,3.441503676733334,0.0515143164121647,0.0017817205353329,1.9414299896655296,3.7891369107285193,1,0.8637787532664009,30.256437163529245,1.7142851327963784,8.0,0.8660254037844387,3,0.0722446236559139,0.1916167664670658,0.2564442238849722
0.9382766688859826,0.0024584695598854,-1.9425725708685768,3.825673840998927,-0.1460815433052683,0.0062147937233982,3.8623661024390294e-05,0.1461806589129266,-1.858826477094076,3.586063267834948,0.0513284659975305,0.001904913111885,1.9474328808048984,3.838798164115008,1,0.8637787520724208,30.256437163529228,1.7142851280935614,8.25,0.8314696123025451,3,0.0722446236559139,0.1916167664670658,0.2564442238849722
0.9388751883179252,0.0012723752842146,-1.78340501992872,3.4060940382839853,-0.1442928469179176,0.0027335080308922,7.472066154952167e-06,0.1443122646253392,-1.2713982293524717,2.2911820234662965,0.0508746044589504,0.0010046541010962,1.8093689601230205,3.463875279411063,1,0.8637787583961911,30.25643716352923,1.714285153001465,8.5,0.7933533402912352,3,0.0722446236559139,0.1916167664670658,0.2564442238849722
0.9380905250310292,0.0017487507405174,-0.0868859851484481,-4.619440342863053,-0.14581421712746,0.0038998348513928,1.5208711868137956e-05,0.1458533251262901,-0.032455632188014,-4.05813627461321,0.0514976466109547,0.0013736981109825,0.0889749690322325,-4.665506555839702,1,0.8637787600172212,30.256437163529306,1.7142851593863333,8.75,0.7518398074789774,3,0.0722446236559139,0.1916167664670658,0.2564442238849722
0.9380920322703158,0.0017501435638192,-0.0885350840595999,-4.630894734932358,-0.1452203992402126,0.0045204767274239,2.04347098431814e-05,0.1452731578367775,-0.1254330387592436,-5.064764751056847,0.0515147634753675,0.0013581051908657,0.0632090327223547,-4.490639123188785,1,0.8637787534661344,30.256437163529306,1.7142851335830822,9.0,0.7071067811865476,3,0.0722446236559139,0.1916167664670658,0.2564442238849722
0.9384820377709896,0.0023418691797518,0.5473622299879614,-2.0604991570089943,-0.1437163708238118,0.0066007360765648,4.356971675246525e-05,0.1438300126202173,0.465897973068243,-2.712336093078859,0.0512265102122434,0.0017996414210029,-0.5614436236740042,-1.969413474303666,1,0.8637787485690052,30.256437163529196,1.7142851142943991,9.25,0.659345815100069,3,0.0722446236559139,0.1916167664670658,0.2564442238849722
0.9397434016996616,0.0026200903598022,-0.996958595954362,-0.1527157272966821,-0.1402128728494038,0.0071646641779468,5.133241278275481e-05,0.1403500944861465,-1.1259275523104206,0.3870036310051041,0.0502542374369996,0.0020214371923105,0.9771118288740376,-0.2349225594846107,1,0.8637787469619829,30.25643716352924,1.7142851079647,9.5,0.6087614290087209,3,0.0722446236559139,0.1916167664670658,0.2564442238849722
0.9406322241255524,0.0012989683153735,0.0985316762662542,-4.199217600088216,-0.1375155479953971,0.0031644390449628,1.0013674469285509e-05,0.1375428522182322,-0.069547579627605,-3.4037733802188175,0.0495783910168387,0.0010177968502977,-0.1124617404038758,-4.2571695799825005,1,0.8637787524390659,30.25643716352927,1.7142851295376922,9.75,0.5555702330196025,3,0.0722446236559139,0.1916167664670658,0.2564442238849722
0.9409066710305396,0.0010092389929247,0.0273278637042919,-2.5428290108471945,-0.1364503776720932,0.002137997855189,4.571034828792996e-06,0.1364629394486965,-0.5564306057374874,0.5107238780973571,0.0493760949187648,0.0008028683467402,-0.0638345717530037,-2.783103375892688,1,0.8637787510704595,30.256437163529316,1.7142851241470591,10.0,0.4999999999999999,3,0.0722446236559139,0.1916167664670658,0.2564442238849722
0.940960043645542,0.0010485673351363,-0.1487304452599255,-3.5878960198567977,-0.1358320879889455,0.0027111702000595,7.350443853690989e-06,0.1358523792957894,-0.5585508317888275,-1.9836090183460888,0.0493493771576547,0.0008219814306076,0.0575916245676304,-3.4845988786269224,1,0.8637787482359074,30.25643716352924,1.714285112982401,10.25,0.4422886902190017,3,0.0722446236559139,0.1916167664670658,0.2564442238849722
0.941659536317713,0.0022543438010174,1.3780907199704229,1.6969227740593826,-0.13340240780097,0.0064817462988291,4.2013035082384974e-05,0.1335204560485329,1.207449604468032,1.2560927147942331,0.0488209439453775,0.0017416299106436,-1.400247131388997,1.7630848816869855,1,0.8637787399426985,30.25643716352922,1.7142850803173253,10.5,0.3826834323650899,3,0.0722446236559139,0.1916167664670658,0.2564442238849722
0.9426327476543068,0.0019988566683736,-0.0165199880671391,-2.8871036974195796,-0.1304053631056731,0.0056120831912381,3.1495477745378044e-05,0.1304959016024319,-0.1210088360107427,-3.088937134119071,0.04807650048362,0.0015488735082358,0.000317703779096,-2.861148366437387,1,0.8637787430887159,30.256437163529245,1.7142850927087765,10.75,0.3214394653031617,3,0.0722446236559139,0.1916167664670658,0.2564442238849722
0.9436509843191576,0.0014465374909291,-1.377881148451632,1.6402585402045151,-0.127577472926941,0.0039366051847875,1.5496860380895983e-05,0.1276230161205656,-1.5094826957032406,2.24024719373181,0.0472868957841573,0.0011260673462011,1.3602459532700413,1.5599846068153944,1,0.863778740924163,30.25643716352927,1.71428508418309,11.0,0.258819045102521,3,0.0722446236559139,0.1916167664670658,0.2564442238849722
0.9444311822318632,0.0005275658493841,-1.5320151820533086,2.243466119797022,-0.125573661207663,0.0011886563285413,1.4129038673814505e-06,0.1255778804845725,-1.1406426206431082,2.0543548884554266,0.0466758996699848,0.00041993447759,1.5460377420318052,2.241985836695031,1,0.8637787401999529,30.25643716352923,1.7142850813305917,11.25,0.1950903220161281,3,0.0722446236559139,0.1916167664670658,0.2564442238849722
0.9441569536401396,0.0005266511812076,0.1778219207856055,-4.801103051387178,-0.126463812780828,0.001347387247628,1.8154523950707264e-06,0.1264691959821076,-0.2258972878480193,-4.384181899023309,0.0468853736096849,0.0004156097803691,-0.1795838000856192,-4.570955885938249,1,0.8637787428004059,30.256437163529196,1.7142850915731898,11.5,0.130526192220052,3,0.0722446236559139,0.1916167664670658,0.2564442238849722
0.9445775352264718,0.0006656587312704,-0.2224936064213314,0.8323316166759671,-0.1254174499379241,0.0020171305140086,4.068815510544678e-06,0.1254296151654972,-0.2568675238328737,1.4585174264431355,0.0465540421243142,0.0005135841831182,0.2148769978453771,0.7163426073859149,1,0.8637787385374419,30.25643716352929,1.7142850747823346,11.75,0.0654031292301431,3,0.0722446236559139,0.1916167664670658,0.2564442238849722
0.9445946110717728,0.0006631087599969,-0.3774079115345334,1.20693822064303,-0.125395673884892,0.0020170288399755,4.068405341292993e-06,0.1254078399983521,-0.3216726164135965,1.5239970239866594,0.0465399455397893,0.0005112208692707,0.3803701266029528,1.1426124395734103,1,0.8637787407305241,30.256437163529174,1.7142850834203935,12.0,1.2246467991473532e-16,3,0.0722446236559139,0.1916167664670658,0.2564442238849722
0.94486598929037,0.0009120990068698,-0.4055974932275774,-1.711182360535945,-0.1246162997372166,0.0026262455159484,6.897165510039545e-06,0.1246370532158413,-0.6621508736812701,-1.3240619091371002,0.0463290638098776,0.0007080826179786,0.3723895544292445,-1.7466705127809463,1,0.86377873722637,30.25643716352921,1.7142850696183214,12.25,-0.0654031292301428,3,0.0722446236559139,0.1916167664670658,0.2564442238849722
0.9452449073804692,0.0005248696281463,-0.7145185370160704,1.6378729477295335,-0.1235264256992054,0.0013803995308208,1.9055028646904375e-06,0.1235322102658653,-0.8021053112504649,1.1080109300768068,0.0460351332792442,0.0004119526950594,0.7004611194361903,1.664048526235712,1,0.8637787387610779,30.25643716352927,1.7142850756631869,12.5,-0.1305261922200517,3,0.0722446236559139,0.1916167664670658,0.2564442238849722
0.944997067096319,0.0006690612999301,0.49275871125617,-2.6231830280592607,-0.1242119057272352,0.0017019071034225,2.8964877886801123e-06,0.1242206500153384,0.5948820524667604,-2.203653916969188,0.0462283765092308,0.0005265665645329,-0.4837779384598317,-2.6594446604462476,1,0.8637787412232698,30.256437163529277,1.714285085361204,12.75,-0.1950903220161279,3,0.0722446236559139,0.1916167664670658,0.2564442238849722
0.945942078314892,0.0016978391476875,1.2676113205075044,2.0207993477831554,-0.1217882811008626,0.0043482269607858,1.8907077702504557e-05,0.1218464842405382,1.2863265022197286,1.9939126251213448,0.045483213261101,0.0013391103035267,-1.2698194683211863,2.03201495128768,1,0.8637787297815174,30.256437163529263,1.7142850402947274,13.0,-0.2588190451025208,3,0.0722446236559139,0.1916167664670658,0.2564442238849722
0.9458875235304004,0.0017067647339341,1.4344542859109068,2.559849627694774,-0.1220142276263799,0.0043921256353947,1.929076759709217e-05,0.1220735017067995,1.5437196827471382,2.8317155605042963,0.045523486720052,0.0013456345855153,-1.4263585710813227,2.5378146158393307,1,0.8637787378027254,30.256437163529277,1.7142850718884526,13.25,-0.3214394653031615,3,0.0722446236559139,0.1916167664670658,0.2564442238849722
0.945922738110918,0.0016909531329114,1.3681064349209322,2.5333674659296896,-0.1220748390338877,0.0044230359512213,1.9563247025796268e-05,0.122134920315277,1.5772777728917986,2.843864552217447,0.0454910813021336,0.0013312596274439,-1.3473601707431202,2.505852621508581,1,0.8637787383030798,30.256437163529277,1.7142850738592357,13.5,-0.3826834323650896,3,0.0722446236559139,0.1916167664670658,0.2564442238849722
0.946119640209696,0.0014820211814868,1.909518649156502,3.7083775262997314,-0.1219078764135913,0.0042454783421171,1.802408635338585e-05,0.1219633075823897,1.7467417593820502,3.225051197886714,0.0453258277335334,0.0011562244995317,-1.923500491512428,3.7520607446692544,1,0.8637787389320439,30.25643716352926,1.7142850763365842,13.75,-0.4422886902190014,3,0.0722446236559139,0.1916167664670658,0.2564442238849722
0.9449723755130536,0.0008435672177715,-1.7290166433589187,3.0768398071348706,-0.125294127151486,0.0027591966331388,7.613166060324545e-06,0.1253169109625596,-1.4374488811202697,2.0395806594790873,0.0462159145846295,0.0006446896330228,1.7602589152236772,3.1865089145739205,1,0.8637787426991977,30.25643716352922,1.7142850911745529,14.0,-0.4999999999999998,3,0.0722446236559139,0.1916167664670658,0.2564442238849722
0.9488513923347484,0.0022156159413176,-1.9234560350005212,3.768989454858879,-0.1338073714977754,0.0225521262458227,0.0005085983982075,0.1352252249611715,-1.6939026003523152,2.779238486459729,0.042167110683184,0.0026276933777081,0.4320751648475381,1.5076960723082902,1,0.8637787103566523,30.256437163529338,1.7142849637845743,0.0,0.0,2,0.0349462365591397,0.1787709497206704,0.1858188473200083
0.9506209274271528,0.0013601891907366,1.810333138438368,3.282002062853426,-0.1404115541094244,0.0249273373704952,0.0006213721483824,0.1420613727890548,-0.134823953477635,-5.20651125211262,0.0400269007327402,0.0024208014347698,-0.6207749343114417,-2.3441286121880527,0,0.863778699243861,30.25643716352924,1.7142849200138062,0.25,0.065403129230143,2,0.0349462365591397,0.1787709497206704,0.1858188473200083
0.9503458673534309,0.0016522125192353,1.1001194606363205,1.698225736002879,-0.1530156317458645,0.0236711480069828,0.0005603232479684,0.1543827257000034,1.676661306034248,2.7677301583172778,0.0394598435265139,0.0019801494925496,-0.1869703463294186,0.8506304622016039,1,0.8637787138637006,30.25643716352931,1.714284977598045,0.5,0.1305261922200515,2,0.0349462365591397,0.1787709497206704,0.1858188473200083
0.949847347652707,0.0019463878893775,1.4839464296428595,2.0423439804827304,-0.1662769889583465,0.0066926881432496,4.4792074582793914e-05,0.1663779766465241,1.4817062459933354,2.0337954425844025,0.039064782452443,0.0014456438754962,-1.48691667197295,2.0536811760892615,1,0.8637787153455838,30.25643716352923,1.7142849834348504,0.75,0.1950903220161282,2,0.0349462365591397,0.1787709497206704,0.1858188473200083
0.9510506599389764,0.0030312152885087,0.3152897881616682,-4.026674943718556,-0.1621491270458478,0.0104115773376221,0.0001084009426572,0.1623996308761926,0.3129260507122604,-4.038227629127695,0.0381682430014479,0.0022546331524332,-0.3184369466525873,-4.011276246438532,0,0.863778691147007,30.25643716352931,1.7142848881221284,1.0,0.2588190451025207,2,0.0349462365591397,0.1787709497206704,0.1858188473200083
0.9511716929387728,0.0031234009319806,0.1612252900788902,-4.896563753861971,-0.1617343968457243,0.0107280828031469,0.0001150917606311,0.1620010306866094,0.1597595280839014,-4.903302993345671,0.0380779331480233,0.0023232379382701,-0.1631781081345677,-4.887564752893056,0,0.8637786972556286,30.25643716352927,1.7142849121826078,1.25,0.3214394653031616,2,0.0349462365591397,0.1787709497206704,0.1858188473200083
0.9514824553815248,0.0028498732422945,-0.0773451972515862,-3.315108873760666,-0.1606638758843633,0.0097866703663641,9.577891685986988e-05,0.1608872748287792,-0.0807926439904804,-3.312624568715968,0.0378476824800316,0.0021203358226997,0.0727734121827339,-3.3182893518831023,1,0.8637787094434743,30.25643716352922,1.714284960187776,1.5,0.3826834323650898,2,0.0349462365591397,0.1787709497206704,0.1858188473200083
0.9521281219687856,0.0020773606184799,0.2292100661386213,-3.032946773439088,-0.1584404717069446,0.0071249674465403,5.076516111426002e-05,0.1585605781572296,0.2265431502076077,-3.037975968235658,0.0373690639658477,0.0015481158359391,-0.2327441451282255,-3.0262266658626693,0,0.8637787060694835,30.256437163529306,1.714284946898386,1.75,0.4422886902190012,2,0.0349462365591397,0.1787709497206704,0.1858188473200083
0.9510346747264244,0.0014386817711756,1.5913338976082223,2.3846654716827,-0.1621902045420825,0.004939180631285,2.439550530846129e-05,0.1622465995895878,1.589993794927379,2.3790740336868463,0.0381841054661153,0.0010707793274212,-1.593107549379467,2.3920641527152124,0,0.8637787087570488,30.256437163529245,1.7142849574841,2.0,0.4999999999999999,2,0.0349462365591397,0.1787709497206704,0.1858188473200083
0.9507269466195852,0.0008629212270352,0.9735619914133607,-0.3590194453696362,-0.1632452570878185,0.0029655179225035,8.794296548689648e-06,0.1632654577186479,0.9722829291881182,-0.3645500933241479,0.0384135482719636,0.0006413915558442,-0.9752601119075368,-0.351675849241758,0,0.863778702232112,30.256437163529284,1.714284931783849,2.25,0.5555702330196022,2,0.0349462365591397,0.1787709497206704,0.1858188473200083
0.9502311764629672,0.0016490125244897,-0.9564753864546368,1.210208835848416,-0.1649540518154184,0.0056764335472063,3.222189781584958e-05,0.1650272875426539,-0.9601503922475793,1.21685982683303,0.0387806016659613,0.0012229733522623,0.951576508277477,1.2013749931633697,1,0.8637787163946135,30.256437163529316,1.7142849875667376,2.5,0.6087614290087207,2,0.0349462365591397,0.1787709497206704,0.1858188473200083
0.949522325239604,0.0018685543460139,0.6760085763781385,-2.2263299673832293,-0.167395501525684,0.0064321528905998,4.137259080805195e-05,0.1674881589072537,0.6737827028404786,-2.2381999058494717,0.0393059246125533,0.0013857980648038,-0.6789744282065538,-2.21051905552483,1,0.8637787162036783,30.256437163529245,1.71428498681469,2.75,0.6593458151000688,2,0.0349462365591397,0.1787709497206704,0.1858188473200083
0.9493279625770464,0.0018192548871362,1.347123831027926,1.1864166558946234,-0.1680646210847517,0.006261479147368,3.920612111292455e-05,0.1681520783433734,1.344938818938827,1.175995642489637,0.039450053956582,0.001349513525787,-1.350027590704838,1.2002581062085955,1,0.8637787115679687,30.25643716352934,1.7142849685556754,3.0,0.7071067811865475,2,0.0349462365591397,0.1787709497206704,0.1858188473200083
0.9480592509472068,0.0010551436140366,0.2100369247010777,1.5102300616258688,-0.1724352003665172,0.0036416031751188,1.3261273685035767e-05,0.1724640376446778,0.2064940608296993,1.5094015951121271,0.0403900457044979,0.0007798270487544,-0.2147671035825597,1.511358391318927,1,0.8637787203117154,30.25643716352929,1.7142850029953176,3.25,0.7518398074789774,2,0.0349462365591397,0.1787709497206704,0.1858188473200083
0.9480372358591392,0.001057875963517,0.3314265033374333,1.4691335743121223,-0.172511199942682,0.0036509769197985,1.332963246890204e-05,0.172540173090257,0.3279732121128003,1.467795529466228,0.0404063109763497,0.0007818625638913,-0.3360366320133534,1.470941531195205,1,0.8637787166909796,30.256437163529327,1.7142849887340563,3.5,0.7933533402912352,2,0.0349462365591397,0.1787709497206704,0.1858188473200083
0.948617908029266,0.0015774575919335,-0.0768212393963147,-2.252618143417246,-0.1705104551687909,0.0054403730897684,2.959765935587675e-05,0.1705755362482713,-0.0794894590344524,-2.251456332364496,0.0399762021342433,0.0011669670535663,0.0732611213004049,-2.2541247789363137,0,0.8637787079879995,30.25643716352922,1.7142849544549903,3.75,0.8314696123025451,2,0.0349462365591397,0.1787709497206704,0.1858188473200083
0.9480696288577376,0.0016018916521518,1.5451973404095112,2.345535925555952,-0.1724022199895857,0.0055238002017045,3.051236866835109e-05,0.172468576076452,1.5434700940344803,2.339343441054009,0.0403815635988124,0.0011852834386716,-1.5474963882043975,2.3537808610470243,1,0.8637787190501305,30.256437163529213,1.714284998026222,4.0,0.8660254037844386,2,0.0349462365591397,0.1787709497206704,0.1858188473200083
0.9487377557614588,0.001448842073384,0.1151886200418368,-3.203442804052358,-0.1700964167679097,0.0049953510216986,2.4953531829986083e-05,0.1701514212287251,0.1133746182715152,-3.205246927492272,0.0398877431063562,0.0010722345625775,-0.1176086055641913,-3.2010070245963043,1,0.863778711244552,30.256437163529284,1.714284967281811,4.25,0.8968727415326884,2,0.0349462365591397,0.1787709497206704,0.1858188473200083
0.947949368342823,0.0025168023135137,-0.6397007202321295,-1.472876688754102,-0.1728247167146503,0.0086936810943825,7.558009097082494e-05,0.1729886348166474,-0.6436974437553412,-1.459544996942638,0.0404683186321557,0.0018579680530027,0.6343567447208213,-1.4906502052925408,1,0.8637787266798257,30.25643716352919,1.714285028077868,4.5,0.9238795325112868,2,0.0349462365591397,0.1787709497206704,0.1858188473200083
0.946845785060847,0.0020181236703977,0.6816930535484345,0.1318157934857033,-0.1766332076190056,0.0069748735497884,4.864886103553834e-05,0.176736461092655,0.6771450244633531,0.1237935572809316,0.0412840301112816,0.0014887558042658,-0.6877728165940714,0.1425990392703937,1,0.8637787229961954,30.25643716352931,1.7142850135688763,4.75,0.9469301294951056,2,0.0349462365591397,0.1787709497206704,0.1858188473200083
0.946377062393328,0.0021251557819593,1.6857048553088103,2.9569852167219786,-0.1782554502841963,0.0073438663039799,5.3932372290731654e-05,0.1783688729437952,1.6839168179542756,2.951331500451989,0.0416291509476603,0.001567974517739,-1.688088499646998,2.9645270956386085,1,0.8637787249694604,30.256437163529316,1.7142850213411207,5.0,0.9659258262890684,2,0.0349462365591397,0.1787709497206704,0.1858188473200083
0.945349806716616,0.0004930319633644,0.0701397701810528,1.4520955430894045,-0.1818045097233223,0.0017086922194383,2.9196291007691577e-06,0.1818105318114529,0.0684743285004461,1.4519611052541048,0.042387307885396,0.0003623595194493,-0.0723789470072404,1.452281729615935,1,0.8637787248179005,30.256437163529263,1.714285020744163,5.25,0.9807852804032304,2,0.0349462365591397,0.1787709497206704,0.1858188473200083
0.9441730104256144,0.0027672132159097,-1.932527708948566,3.797565525881094,-0.1859012007074949,0.0096269334913208,9.26778484463152e-05,0.1860880566044559,-1.9331039081283767,3.799196361356469,0.0432470107644514,0.0020233803542974,1.931744472804802,3.795350766578821,1,0.8637787396292126,30.256437163529228,1.714285079082575,5.5,0.9914448613738104,2,0.0349462365591397,0.1787709497206704,0.1858188473200083
0.9431544968624856,0.0026375194440679,-0.4035788754938449,-3.713973567101146,-0.18943872244865,0.0091750124104293,8.418085273153268e-05,0.1896052879076041,-0.4058284166053892,-3.7015499929706746,0.0439933956477754,0.0019287551479663,0.4005500509248557,-3.7307056517134622,1,0.8637787348188581,30.256437163529245,1.7142850601356745,5.75,0.9978589232386036,2,0.0349462365591397,0.1787709497206704,0.1858188473200083
0.9421357593767326,0.002286295040085,1.3351096291619715,2.237948389145089,-0.1929804456647097,0.0079531017193154,6.32518269577785e-05,0.1931033176285908,1.331184134741434,2.2298201034377865,0.0447389716576857,0.0016719490328639,-1.3403926819993706,2.248923341282578,1,0.8637787365281211,30.25643716352921,1.7142850668680765,6.0,1.0,2,0.0349462365591397,0.1787709497206704,0.1858188473200083
0.9407499785040524,0.0009803336723859,0.3131390734296166,-3.7748183387958303,-0.1977552329418068,0.003361365762655,1.1298779790349857e-05,0.1977766574717835,0.342525177473767,-3.796796101303231,0.045753194693496,0.0007156884053626,-0.3096827298284309,-3.7656280732533265,1,0.8637787402030919,30.256437163529306,1.7142850813429529,6.25,0.9978589232386036,2,0.0349462365591397,0.1787709497206704,0.1858188473200083
0.9398968135286534,0.0023401309625196,-1.2735938702133809,1.22366836103323,-0.2006349448466534,0.0079826895139348,6.372333187588609e-05,0.2007540126436498,-1.2804565198553328,1.270942727680545,0.0463745454136372,0.0017043267966182,1.268530658433855,1.2017576272863106,1,0.8637787478510521,30.256437163529252,1.7142851114665425,6.5,0.9914448613738104,2,0.0349462365591397,0.1787709497206704,0.1858188473200083
0.9383901986698688,0.0025629511580198,0.1799980107902821,-4.13430232356059,-0.2056199691054906,0.0085354579523086,7.285404245562874e-05,0.2057527939707862,0.2147826404631921,-4.267609738890254,0.0474758585877872,0.0018706833194251,-0.1771991546650062,-4.106625548386663,1,0.8637787496499432,30.25643716352922,1.714285118551969,6.75,0.9807852804032304,2,0.0349462365591397,0.1787709497206704,0.1858188473200083
0.9367506166702542,0.0022007174399911,1.223789532596692,1.880456021865612,-0.2110421863254556,0.0072437839941304,5.247240655361987e-05,0.2111354037435306,1.294025795831179,2.1734639931157496,0.0486724576481256,0.0016056790571534,-1.218948670320795,1.847854591192636,1,0.8637787522069278,30.256437163529228,1.7142851286233536,7.0,0.9659258262890684,2,0.0349462365591397,0.1787709497206704,0.1858188473200083
0.9352247657303128,0.0012820226548139,-0.1594643751364884,-2.064031251780047,-0.2160736487102363,0.0041001840191132,1.6811508990591796e-05,0.2161028234399026,-0.2964285519835664,-2.335659769221131,0.0497840484285238,0.0009351720774679,0.1373717997423206,-2.0246528904961263,1,0.8637787542470406,30.25643716352924,1.7142851366588976,7.25,0.9469301294951056,2,0.0349462365591397,0.1787709497206704,0.1858188473200083
0.9333516248594368,0.0029405181955527,-1.4822803883192588,2.4312946198892735,-0.2222187674872916,0.0098753709387656,9.752295117821732e-05,0.2223832791307718,-1.4804444209782308,2.4351227741147454,0.0511397923300354,0.0021189997099146,1.4776909228350934,2.417986928522538,1,0.8637787631716837,30.256437163529263,1.7142851718110503,7.5,0.9238795325112868,2,0.0349462365591397,0.1787709497206704,0.1858188473200083
0.9329624986926248,0.0025789866109445,-1.8615022930784388,3.520687481191512,-0.2234379704357729,0.0087204806165055,7.604678218284814e-05,0.2235655646988029,-1.861741657789204,3.498086655681721,0.0514242903078221,0.0018550337856648,1.859822486971288,3.518507524177842,1,0.86377875306039,30.256437163529196,1.7142851319849497,7.75,0.8968727415326884,2,0.0349462365591397,0.1787709497206704,0.1858188473200083
0.9328487042189944,0.0024859598961148,-1.9370980780845184,3.7716684934783697,-0.2235621919298929,0.0086156600428245,7.422959797352402e-05,0.2236866689344239,-1.8897470694834595,3.5908871445441655,0.0515143164121646,0.0017817205353328,1.941429989665509,3.789136911350472,1,0.8637787532664009,30.256437163529245,1.7142851327963784,8.0,0.8660254037844387,2,0.0349462365591397,0.1787709497206704,0.1858188473200083
0.9331204174614252,0.0026661417364749,-1.9429974783155652,3.826838845512611,-0.2222913562230255,0.0094603426330364,8.94980827344466e-05,0.2224422860283606,-1.8966705142637552,3.696182760098939,0.0513284659975305,0.0019049131118849,1.9474328807947043,3.83879816627557,1,0.8637787520724208,30.256437163529228,1.7142851280935614,8.25,0.8314696123025451,2,0.0349462365591397,0.1787709497206704,0.1858188473200083
0.933768652711204,0.0013814246925597,-1.7855157756414886,3.410817676608467,-0.2197215606941186,0.0044149538406654,1.949181741520628e-05,0.2197548249684653,-1.5213596815034205,2.8266419734479378,0.0508746044589504,0.0010046541010959,1.8093689601230205,3.463875279411063,1,0.8637787583961911,30.25643716352923,1.714285153001465,8.5,0.7933533402912352,2,0.0349462365591397,0.1787709497206704,0.1858188473200083
0.9329162948294052,0.0018980172583078,-0.0871842636201186,-4.622593729395888,-0.2223000460116971,0.0062285642400727,3.879501249271287e-05,0.2223654800461896,-0.0581497403356055,-4.297947353263281,0.0514976466109547,0.0013736981109824,0.0889749690322325,-4.665506555839702,1,0.8637787600172219,30.256437163529228,1.7142851593863386,8.75,0.7518398074789774,2,0.0349462365591397,0.1787709497206704,0.1858188473200083
0.9329160762054918,0.001897815426144,-0.0869626863591607,-4.62105709924675,-0.221731401918087,0.0067978263970751,4.621044372477227e-05,0.2218095408889211,-0.1541938141348935,-5.114031545898525,0.0515147634753675,0.0013581051908655,0.0632090327223547,-4.490639123188785,1,0.8637787534661344,30.256437163529306,1.7142851335830822,9.0,0.7071067811865476,2,0.0349462365591397,0.1787709497206704,0.1858188473200083
0.9333373294590372,0.0025373467344481,0.5479383697657082,-2.05545291307776,-0.2197397759305825,0.0096517032195707,9.3155375038673e-05,0.219898694078209,0.4924138795902416,-2.493280329868666,0.0512265102122434,0.0017996414210028,-0.5614436236529374,-1.9694134769373248,1,0.8637787485690052,30.256437163529196,1.7142851142943991,9.25,0.659345815100069,2,0.0349462365591397,0.1787709497206704,0.1858188473200083
0.9347040908765016,0.0028394434181019,-0.9960389666433074,-0.1565519599780547,-0.2145924287673565,0.0105864455850598,0.0001120728301254,0.2147881866091969,-1.0825497792730194,0.2048052889129934,0.0502542374369996,0.0020214371923103,0.9771118288740376,-0.2349225594846107,1,0.8637787469619829,30.25643716352924,1.7142851079647,9.5,0.6087614290087209,2,0.0349462365591397,0.1787709497206704,0.1858188473200083
0.9356665265722456,0.0014088703603615,0.0994407769392335,-4.203778872223996,-0.2107430635335386,0.0048688129188249,2.3705339238516297e-05,0.2107852410201675,0.0015838424029882,-3.741025530825704,0.0495783910168388,0.0010177968502975,-0.1124617402427743,-4.257169601336466,1,0.8637787524390659,30.25643716352927,1.7142851295376922,9.75,0.5555702330196025,2,0.0349462365591397,0.1787709497206704,0.1858188473200083
0.9359629518202356,0.0010957857562196,0.0299293532384926,-2.5609298807068175,-0.2093344108815731,0.0034553680751357,1.193956853466746e-05,0.2093557982372029,-0.2894481486153964,-0.7083221055326945,0.0493760949187648,0.0008028683467399,-0.0638345717530037,-2.783103375892688,1,0.8637787510704595,30.256437163529316,1.7142851241470591,10.0,0.4999999999999999,2,0.0349462365591397,0.1787709497206704,0.1858188473200083
0.9360193057665764,0.0011372262624085,-0.1424635850593667,-3.5820331802576444,-0.2086684465591021,0.0040295932704546,1.623762192529353e-05,0.2086976252999371,-0.5207966646525712,-3.0419670466926725,0.0493493771576546,0.0008219814306074,0.057591624264597,-3.484598829049462,1,0.8637787482359074,30.25643716352924,1.714285112982401,10.25,0.4422886902190017,2,0.0349462365591397,0.1787709497206704,0.1858188473200083
0.9367755987732966,0.0024417605344837,1.3793225780599014,1.7003272456344476,-0.2053578495825673,0.0093866719261519,8.810960984920992e-05,0.2055186818577897,1.2668661971446504,1.399652335777242,0.0488209439453775,0.0017416299106435,-1.400247131388997,1.7630848816869855,1,0.8637787399426985,30.25643716352922,1.7142850803173253,10.5,0.3826834323650899,2,0.0349462365591397,0.1787709497206704,0.1858188473200083
0.9378291141951578,0.0021654261688681,-0.0157137004010111,-2.8852345815674916,-0.2011124819861803,0.0081942603864486,6.71459032809219e-05,0.2012376451812695,-0.0871901817422322,-3.0246831581239793,0.04807650048362,0.0015488735082356,0.000317703779096,-2.861148366437387,1,0.8637787430887159,30.256437163529245,1.7142850927087765,10.75,0.3214394653031617,2,0.0349462365591397,0.1787709497206704,0.1858188473200083
0.9389323022541016,0.0015674437999123,-1.3768512949685523,1.635392919771954,-0.1969666298227811,0.0058079164475326,3.373189346152068e-05,0.1970308406921128,-1.465382706027329,2.0419599336475827,0.0472868957841573,0.0011260673462009,1.360245953339669,1.5599845672936985,1,0.863778740924163,30.25643716352927,1.71428508418309,11.0,0.258819045102521,2,0.0349462365591397,0.1787709497206704,0.1858188473200083
0.9397780765981648,0.0005724698843931,-1.5332367937952258,2.2437168237097858,-0.1939472559056413,0.0018732674944061,3.509131105598701e-06,0.1939540407458882,-1.342062941255441,2.168017577631982,0.0466758996699849,0.0004199344775895,1.5460377440358828,2.2419855714057704,1,0.8637787401999529,30.25643716352923,1.7142850813305917,11.25,0.1950903220161281,2,0.0349462365591397,0.1787709497206704,0.1858188473200083
0.9394813945675962,0.0005711073857732,0.1781613297594037,-4.7858662334031905,-0.1951849219993669,0.0020093354979047,4.037429143140082e-06,0.1951926787760146,-0.0017524783189291,-5.12961840116472,0.0468853736096849,0.0004156097803685,-0.1795838000856192,-4.570955885938249,1,0.8637787428004059,30.256437163529196,1.7142850915731898,11.5,0.130526192220052,2,0.0349462365591397,0.1787709497206704,0.1858188473200083
0.9399374068352568,0.0007206384567531,-0.2222022576717661,0.8243650583995521,-0.1935912848543295,0.002863335763077,8.198691692116005e-06,0.1936071656481737,-0.2477786555926816,1.3188844868186145,0.0465540421243142,0.0005135841831177,0.2148769978453771,0.7163426073859149,1,0.8637787385374419,30.25643716352929,1.7142850747823346,11.75,0.0654031292301431,2,0.0349462365591397,0.1787709497206704,0.1858188473200083
0.9399559859830144,0.0007178407623003,-0.3778841420998918,1.2026321595459155,-0.1935463435514706,0.0028610011346003,8.185327492184765e-06,0.193562202141232,-0.3424824542643853,1.4600531615975036,0.0465399455397893,0.0005112208692703,0.3803701266029528,1.1426124395734103,1,0.8637787407305241,30.256437163529174,1.7142850834203935,12.0,1.2246467991473532e-16,2,0.0349462365591397,0.1787709497206704,0.1858188473200083
0.9402498900833198,0.0009878301050221,-0.4034151082933178,-1.7134558478373147,-0.1924192378028822,0.0037937490506959,1.4392531859656592e-05,0.1924472849263845,-0.578507245028131,-1.4756961669681328,0.0463290638098776,0.0007080826179782,0.3723895546877251,-1.746670752138332,1,0.86377873722637,30.25643716352921,1.7142850696183214,12.25,-0.0654031292301428,2,0.0349462365591397,0.1787709497206704,0.1858188473200083
0.94066026827884,0.0005688589028533,-0.7137053805538047,1.640127653108916,-0.190843027100208,0.0020565489973336,4.229393778433843e-06,0.1908513375329204,-0.7774493847749526,1.351275268018913,0.0460351332792441,0.0004119526950588,0.7004611173879324,1.6640487893932825,1,0.8637787387610779,30.25643716352927,1.7142850756631869,12.5,-0.1305261922200517,2,0.0349462365591397,0.1787709497206704,0.1858188473200083
0.940391768888759,0.0007252927888694,0.4919959352813645,-2.6262546130948063,-0.1918475945615094,0.0025693217147005,6.601414073631846e-06,0.1918604977570752,0.5565628682020176,-2.3628029936890496,0.0462283765092308,0.0005265665645325,-0.4837779394456307,-2.659444559137274,1,0.8637787412232706,30.25643716352919,1.7142850853612102,12.75,-0.1950903220161279,2,0.0349462365591397,0.1787709497206704,0.1858188473200083
0.9414160799516044,0.0018403288854395,1.2673815977449063,2.020804750308317,-0.1882031797353422,0.0065414571321405,4.279066141163288e-05,0.1882884219981472,1.2780679098801635,2.0007627164666193,0.045483213261101,0.0013391103035266,-1.2698194683211863,2.03201495128768,1,0.8637787297815174,30.256437163529263,1.7142850402947274,13.0,-0.2588190451025208,2,0.0349462365591397,0.1787709497206704,0.1858188473200083
0.9413572145585908,0.0018499444989293,1.4335290498482858,2.5575716932786356,-0.1884957989372159,0.0065948665855977,4.349226528183333e-05,0.1885823040901262,1.50387246259128,2.7334521046514695,0.045523486720052,0.0013456345855151,-1.4263585710813227,2.5378146158393307,1,0.8637787378027254,30.256437163529277,1.7142850718884526,13.25,-0.3214394653031615,2,0.0349462365591397,0.1787709497206704,0.1858188473200083
0.9413958580828284,0.0018326118826086,1.366231797338481,2.5307242860639683,-0.1885039144977824,0.0065988246434917,4.3544486675554466e-05,0.1885905197670182,1.5072269916759249,2.734745131178524,0.0454910813021336,0.0013312596274438,-1.3473601707431202,2.505852621508581,1,0.8637787383030798,30.256437163529277,1.7142850738592357,13.5,-0.3826834323650896,2,0.0349462365591397,0.1787709497206704,0.1858188473200083
0.941610355824235,0.0016050135847813,1.9105196487776623,3.711490624875701,-0.1880661481800396,0.0061331049918287,3.76149768407952e-05,0.188141136713658,1.8105886201312271,3.409586803494868,0.0453258277335334,0.0011562244995315,-1.923500491512428,3.7520607446692544,1,0.8637787389320439,30.25643716352926,1.7142850763365842,13.75,-0.4422886902190014,2,0.0349462365591397,0.1787709497206704,0.1858188473200083
0.9403681883990378,0.0009126058982753,-1.731364737469597,3.0850843971427793,-0.1929155868312803,0.0038218582148151,1.4606600214150409e-05,0.1929439778604609,-1.5373633298580411,2.3971181785173883,0.0462159145846295,0.0006446896330224,1.7602589152236772,3.1865089145739205,1,0.8637787426991977,30.25643716352922,1.7142850911745529,14.0,-0.4999999999999998,2,0.0349462365591397,0.1787709497206704,0.1858188473200083
0.9452821002034596,0.0030665490258273,-1.1493161013887423,2.1428687737704735,-0.192874686130663,0.016742474002488,0.0002803104357239,0.1934189168018343,-0.8908627989751929,-1.0236455764750172,0.051956483697107,0.0176540644096228,1.9459772537300135,3.804683687640519,1,0.8320502059374407,33.69006752597976,1.4999997126987152,0.0,0.0,2,0.0490591397849462,0.1860465116279069,0.1976065632362338
0.9478486351541112,0.0025567285060019,1.004243144971548,-0.2632109983489172,-0.1941499984387473,0.0173333426074184,0.0003004447659461,0.1947294417088112,-0.4488188248952228,-3.3807833376563785,0.0590661732842054,0.0198139597605013,0.0406235950990526,-5.762485394916927,0,0.832050200781745,33.69006752597976,1.499999695942707,0.25,0.065403129230143,2,0.0490591397849462,0.1860465116279069,0.1976065632362338
0.9482525167954136,0.0021980275175391,1.108446551328669,1.3517101973405,-0.2037958415940978,0.0180961181704773,0.0003274694928398,0.2043975224181464,1.142956320002212,0.5375395708984474,0.0684720475597346,0.0179562665654032,-1.891308646121782,3.6058478783603007,1,0.8320502075645086,33.690067525979785,1.4999997179866846,0.5,0.1305261922200515,2,0.0490591397849462,0.1860465116279069,0.1976065632362338
0.9484201154345556,0.0020022608214796,1.483930997131228,2.0422850909734667,-0.214357464698068,0.0086669938978587,7.511678322552096e-05,0.2144888348124507,1.4814099549216415,2.0326651371513815,0.0781295649048862,0.0028912877380698,-1.4869166719742726,2.0536811790865883,1,0.8320502082520169,33.690067525979785,1.4999997202210855,0.75,0.1950903220161282,2,0.0490591397849462,0.1860465116279069,0.1976065632362338
0.9496579498892036,0.0031182059622909,0.3152735292491322,-4.026754415747046,-0.2090135629847077,0.0134810179243248,0.0001817378442759,0.2093393725383964,0.3126164351501053,-4.039738756204624,0.076336486002896,0.0045092662965822,-0.3184369466496621,-4.011276246469434,0,0.8320501970252707,33.690067525979806,1.499999683734167,1.0,0.2588190451025207,2,0.0490591397849462,0.1860465116279069,0.1976065632362338
0.9497824542851804,0.0032130369047914,0.1612152071564732,-4.896610126952838,-0.2084767351849866,0.0138908090649878,0.0001929545764799,0.2088235260830329,0.1595676885865148,-4.904182660781565,0.0761558662960468,0.0046464758685009,-0.1631781081400956,-4.887564752894679,0,0.8320501998593194,33.690067525979785,1.4999996929448238,1.25,0.3214394653031616,2,0.0490591397849462,0.1860465116279069,0.1976065632362338
0.9501021415009676,0.0029316555139895,-0.0773688899545315,-3.315091907889421,-0.2070900819698369,0.0126715351083579,0.0001605678020023,0.2073806353104736,-0.0812459394482048,-3.312286091885287,0.0756953649600632,0.0042406716365911,0.0727734121859426,-3.318289351484978,1,0.832050205513778,33.690067525979785,1.4999997113218104,1.5,0.3826834323650898,2,0.0490591397849462,0.1860465116279069,0.1976065632362338
0.9507663493059194,0.0021369560397106,0.2291917788706759,-3.032981310144251,-0.2042102278410711,0.0092237214477142,8.507703734502425e-05,0.2043663987374419,0.2261938971526003,-3.0386288034448814,0.0747381279316954,0.0030962316598155,-0.2327441451063931,-3.026226670685777,1,0.8320502039484409,33.690067525979764,1.4999997062344663,1.75,0.4422886902190012,2,0.0490591397849462,0.1860465116279069,0.1976065632362338
0.9496415344093628,0.0014799645409616,1.5913246946310011,2.384627072473533,-0.2090643941302322,0.006394889061633,4.089460611059341e-05,0.2091377341553268,1.5898173714439388,2.378337859683377,0.0763682109322306,0.0021415586373993,-1.5931075493450653,2.392064163219965,1,0.8320502051953156,33.69006752597982,1.4999997102868077,2.0,0.4999999999999999,2,0.0490591397849462,0.1860465116279069,0.1976065632362338
0.9493249790056136,0.0008876887993606,0.9735531887740938,-0.3590574097322854,-0.2104301577408869,0.0038400450473147,1.474594596540656e-05,0.2104564343191453,0.9721144846148836,-0.3652782317841154,0.0768270965439273,0.0012827830825662,-0.975260111672768,-0.3516758826625104,0,0.8320502021681214,33.69006752597977,1.4999997004484291,2.25,0.5555702330196022,2,0.0490591397849462,0.1860465116279069,0.1976065632362338
0.9488149688737192,0.0016963619494103,-0.9565007659677004,1.2102547262123269,-0.2126437356422,0.0073520225313703,5.405223530177707e-05,0.2127390361084357,-0.96063524604327,1.2177395210059403,0.0775612033319227,0.0024459466892501,0.951576508283472,1.2013749973418104,1,0.8320502087387064,33.690067525979785,1.499999721802827,2.5,0.6087614290087207,2,0.0490591397849462,0.1860465116279069,0.1976065632362338
0.9480857610387168,0.0019222076241217,0.6759932054508526,-2.226411923195569,-0.2158060920155324,0.0083308152456158,6.940248265658555e-05,0.2159266570227238,0.6734888904999979,-2.239766955484747,0.0786118492251068,0.0027715961161262,-0.6789744282112357,-2.210519051676457,1,0.8320502086501236,33.69006752597976,1.4999997215149334,2.75,0.6593458151000688,2,0.0490591397849462,0.1860465116279069,0.1976065632362338
0.9478858173607788,0.0018714905912797,1.347108751240757,1.18634476732875,-0.2166727343810857,0.0081095956988688,6.576554239911269e-05,0.2167865262902102,1.3446496978565656,1.1746163736189814,0.0789001079131641,0.0026990270377298,-1.3500275907095725,1.2002581079142305,1,0.8320502064994214,33.690067525979785,1.4999997145251516,3.0,0.7071067811865475,2,0.0490591397849462,0.1860465116279069,0.1976065632362338
0.9465806694415456,0.0010854603383072,0.2100123404512845,1.5102243412435925,-0.2223339983211097,0.0047181690338147,2.2261119031648347e-05,0.222371541903916,0.2060227001550593,1.5092924121465874,0.080780091408996,0.0015596540735459,-0.2147671034305622,1.5113583503673311,1,0.8320502105560162,33.69006752597977,1.499999727709083,3.25,0.7518398074789774,2,0.0490591397849462,0.1860465116279069,0.1976065632362338
0.9465580217694064,0.0010882710779158,0.3314025411405618,1.4691243383415102,-0.222432468950324,0.0047303042141051,2.237577795798067e-05,0.2224701891867885,0.3275137584562033,1.4676185300580045,0.0808126219526997,0.0015637251038819,-0.3360366320152044,1.4709414681692383,1,0.8320502088762033,33.690067525979785,1.4999997222496917,3.5,0.7933533402912352,2,0.0490591397849462,0.1860465116279069,0.1976065632362338
0.9471553711339428,0.0016227735788079,-0.0768397299079816,-2.252610138738815,-0.2198408155793401,0.0070480414620637,4.9674888450969335e-05,0.2199255336720313,-0.0798437151774233,-2.2512979031374716,0.0799524042684867,0.002333934091121,0.0732611212488557,-2.25412475551002,1,0.8320502048385213,33.690067525979785,1.4999997091272272,3.75,0.8314696123025451,2,0.0490591397849462,0.1860465116279069,0.1976065632362338
0.9465913396713588,0.0016479078238119,1.5451853774694146,2.345493034108822,-0.2222917550996943,0.0071559771863932,5.120800949218115e-05,0.2223781248064246,1.543240266105521,2.3385197448322614,0.080763127197625,0.0023705668615775,-1.5474963881770674,2.3537808519974828,1,0.8320502099707134,33.69006752597974,1.49999972580685,4.0,0.8660254037844386,2,0.0490591397849462,0.1860465116279069,0.1976065632362338
0.9472786632175112,0.0014904602948731,0.1151760557845687,-3.2034553609687677,-0.2193043043696803,0.0064712621739548,4.187723412405909e-05,0.2193759007745896,0.1131340069597207,-3.2054832918822633,0.0797754862127125,0.0021444691077289,-0.1176086055040779,-3.20100704974867,1,0.8320502063493741,33.690067525979806,1.4999997140374977,4.25,0.8968727415326884,2,0.0490591397849462,0.1860465116279069,0.1976065632362338
0.9464676083750432,0.0025891313802996,-0.6397285022162991,-1.472784067746412,-0.2228404431034199,0.0112650920925461,0.0001269022998535,0.2230538944009246,-0.6442300644234459,-1.4577630838367457,0.0809366372643115,0.0037159360959476,0.6343567447091567,-1.49065020402141,1,0.8320502135104525,33.69006752597974,1.499999737311,4.5,0.9238795325112868,2,0.0490591397849462,0.1860465116279069,0.1976065632362338
0.945332317176632,0.0020761292414166,0.6816614096310476,0.1317598907257302,-0.2277747892260826,0.0090385429431097,8.169525853443846e-05,0.2279092495948494,0.6765375012749808,0.1227266760216547,0.0825680602225634,0.0029775115959771,-0.6877728166434554,0.1425990558353884,1,0.8320502118014605,33.69006752597976,1.4999997317567768,4.75,0.9469301294951056,2,0.0490591397849462,0.1860465116279069,0.1976065632362338
0.944850117602904,0.0021862357976507,1.6856924213072495,2.956945892802242,-0.2298774017338994,0.0095165500491596,9.056472483816048e-05,0.2300250929171801,1.6836773328209402,2.9505746289398616,0.0832583018953209,0.0031359490235567,-1.6880884996345007,2.9645270928578924,1,0.8320502127169417,33.69006752597977,1.4999997347320897,5.0,0.9659258262890684,2,0.0490591397849462,0.1860465116279069,0.1976065632362338
0.9437933388099146,0.0005072126255378,0.0701281145290486,1.4520941890050647,-0.2344763099031795,0.0022150633104887,4.906505469473475e-06,0.2344841567887138,0.0682509847253948,1.4519425196385018,0.0847746157707922,0.000724718987305,-0.0723789503478855,1.452283895585202,1,0.8320502126466265,33.69006752597977,1.4999997345035652,5.25,0.9807852804032304,2,0.0490591397849462,0.1860465116279069,0.1976065632362338
0.9425826572407316,0.0028468805438541,-1.9325317735083063,3.797577027386016,-0.2397902691542628,0.0124863157689279,0.0001559080814813,0.240033964767874,-1.9331813908276243,3.79941576229865,0.086494021528903,0.0040467606993534,1.931744472807965,3.795350766352808,1,0.8320502195182222,33.69006752597976,1.4999997568362482,5.5,0.9914448613738104,2,0.0490591397849462,0.1860465116279069,0.1976065632362338
0.9415348330616312,0.0027134513955508,-0.4035947245052251,-3.713886028213647,-0.2443774805923284,0.0119000358303535,0.0001416108527636,0.2445946875143178,-0.4061341731305646,-3.6998616023285305,0.087986791295551,0.003857510286236,0.4005500509206093,-3.730705647260292,1,0.8320502172864944,33.6900675259798,1.499999749583133,5.75,0.9978589232386036,2,0.0490591397849462,0.1860465116279069,0.1976065632362338
0.9404867713872248,0.002352115277636,1.3350819743934432,2.2378910594124033,-0.248970740397062,0.0103151901764112,0.0001064031483755,0.2491309533862524,1.3306503494868902,2.2287170019259843,0.0894779433153715,0.00334389805454,-1.3403926819713925,2.2489233357420577,1,0.8320502180794938,33.69006752597982,1.4999997521603798,6.0,1.0,2,0.0490591397849462,0.1860465116279069,0.1976065632362338
0.939061037254722,0.0010086459175999,0.313011545892591,-3.774735154271653,-0.2551801011168602,0.0043812905603644,1.9195706974338506e-05,0.255208308615221,0.3349587552181706,-3.7946745091019096,0.0915063893869921,0.0014313767845833,-0.3096827298138503,-3.765628199241238,1,0.832050219784469,33.690067525979785,1.4999997577015498,6.25,0.9978589232386036,2,0.0490591397849462,0.1860465116279069,0.1976065632362338
0.938183146609437,0.0024078248453632,-1.273605161504529,1.2236300418836965,-0.2589551203877122,0.0104300484021433,0.000108785909671,0.2591126083525616,-1.280017540245289,1.2635620354932335,0.0927490908272745,0.0034086535822573,1.2685306584155926,1.2017576303326916,1,0.832050223332682,33.69006752597977,1.499999769233241,6.5,0.9914448613738104,2,0.0490591397849462,0.1860465116279069,0.1976065632362338
0.9366327701881292,0.0026373533761951,0.1798357252188712,-4.133820596732491,-0.26552282268035,0.0112273617125637,0.0001260536510247,0.2657007896157053,0.2053857330450183,-4.2378315319662665,0.0949517171755746,0.003741366628845,-0.1771991546927606,-4.106625542965547,1,0.8320502241672636,33.69006752597978,1.4999997719456306,6.75,0.9807852804032304,2,0.0490591397849462,0.1860465116279069,0.1976065632362338
0.9349455358862586,0.0022647412385697,1.223483845933745,1.8792297760603065,-0.2726715770976533,0.0095646705614697,9.1482922949447e-05,0.2727973627972487,1.2738129989862583,2.0953273080088852,0.0973449152962514,0.003211358102647,-1.2189486703308785,1.8478545981388008,1,0.8320502253535568,33.69006752597983,1.4999997758010812,7.0,0.9659258262890684,2,0.0490591397849462,0.1860465116279069,0.1976065632362338
0.9333752905412844,0.0013195055293432,-0.1589827655470812,-2.0629313135893153,-0.2793153691441371,0.0054640819319915,2.985619135951602e-05,0.2793554502486848,-0.2612253071055372,-2.267163060246947,0.0995680968570478,0.0018703441349112,0.1373717996857049,-2.0246528593802786,1,0.8320502263000522,33.69006752597976,1.4999997788771933,7.25,0.9469301294951056,2,0.0490591397849462,0.1860465116279069,0.1976065632362338
0.9314474895787744,0.0030261028019993,-1.48233080094928,2.4313961115641725,-0.2874612323375563,0.0130126468137274,0.0001693289770988,0.2876820412014814,-1.482583372497743,2.4384068826494047,0.1022795846600709,0.0042379994109891,1.4776909228401638,2.417986927101982,1,0.8320502304405726,33.69006752597976,1.4999997923338828,7.5,0.9238795325112868,2,0.0490591397849462,0.1860465116279069,0.1976065632362338
0.9310469592157442,0.0026540071071259,-1.8615034592686248,3.520784923332908,-0.2890958703580949,0.011472919941172,0.0001316278919765,0.2892665607654763,-1.8625803827392449,3.506919517951694,0.1028485806156443,0.003710067561231,1.859822487030276,3.5185075149585536,1,0.8320502257495144,33.69006752597977,1.499999777087945,7.75,0.8968727415326884,2,0.0490591397849462,0.1860465116279069,0.1976065632362338
0.9309295696797352,0.0025580538306449,-1.937235817539278,3.772215151041376,-0.2893506154938795,0.0112597794273448,0.0001267826327524,0.2895148798615564,-1.904769272111055,3.646972933508785,0.1030286328243295,0.0035634410601512,1.941429989665615,3.78913691470154,1,0.8320502258450919,33.69006752597976,1.4999997773985725,8.0,0.8660254037844387,2,0.0490591397849462,0.1860465116279069,0.1976065632362338
0.9312087826107456,0.0027432064984506,-1.943138343996573,3.827224929307043,-0.2878050306526938,0.0122866286789386,0.0001509612442941,0.2880016607629526,-1.910998576041248,3.737220068620694,0.1026569319950611,0.0038098262139358,1.947432880814041,3.838798161089666,1,0.8320502252911539,33.69006752597976,1.499999775598274,8.25,0.8314696123025451,2,0.0490591397849462,0.1860465116279069,0.1976065632362338
0.9318754675745986,0.0014218904237924,-1.7862137452043665,3.4123799645651935,-0.2845553000699565,0.0058868090631243,3.465452094568337e-05,0.2846009657197467,-1.6079929701068512,3.016467480443346,0.1017492089179008,0.0020093081835476,1.809368960101808,3.4638752634859173,1,0.832050228225019,33.69006752597977,1.4999997851333338,8.5,0.7933533402912352,2,0.0490591397849462,0.1860465116279069,0.1976065632362338
0.9309979896504026,0.0019534065921748,-0.0872837248868284,-4.623638737977807,-0.2880532403752148,0.008255058702992,6.814599418984467e-05,0.2881419420811623,-0.067572927904826,-4.390726134620918,0.1029952932219095,0.0027473962083272,0.0889749690538748,-4.665506549368633,1,0.8320502289770838,33.690067525979764,1.4999997875775446,8.75,0.7518398074789774,2,0.0490591397849462,0.1860465116279069,0.1976065632362338
0.9309971306605668,0.0019526138340403,-0.0864363093585419,-4.617764827479013,-0.2875064787475802,0.0087916127823893,7.729245531547207e-05,0.2876072750528393,-0.1512929915936158,-5.055455286155841,0.1030295269507351,0.002716210367937,0.0632090326705946,-4.490639123190009,1,0.8320502259377572,33.69006752597975,1.4999997776997345,9.0,0.7071067811865476,2,0.0490591397849462,0.1860465116279069,0.1976065632362338
0.9314299783248994,0.0026098823534153,0.5481282152572577,-2.05377949137487,-0.2850912276924962,0.0123052270181284,0.0001514186119676,0.285290329429847,0.5046431961020507,-2.391035360647404,0.1024530204244868,0.0035992828315966,-0.5614436236531574,-1.9694134841219368,1,0.8320502236657699,33.69006752597984,1.4999997703157746,9.25,0.659345815100069,2,0.0490591397849462,0.1860465116279069,0.1976065632362338
0.9328358485315508,0.002920837717389,-0.9957351730378264,-0.1578193352110073,-0.2785150640990674,0.0135618959938599,0.0001839250229482,0.2787625955850588,-1.0627375296110435,0.1217448087305435,0.1005084748739993,0.0040428743753558,0.9771118288992786,-0.2349225580486784,1,0.8320502229202047,33.690067525979806,1.4999997678926889,9.5,0.6087614290087209,2,0.0490591397849462,0.1860465116279069,0.1976065632362338
0.9338256005024472,0.0014496492636048,0.0997416344268364,-4.205292870517722,-0.2736637385760604,0.0063517015198014,4.034411219664833e-05,0.2737190163207044,0.029426211734175,-3.8747207062117166,0.0991567820336776,0.0020355936821967,-0.1124617400934137,-4.257169726530186,1,0.8320502254612556,33.69006752597983,1.4999997761511026,9.75,0.5555702330196025,2,0.0490591397849462,0.1860465116279069,0.1976065632362338
0.9341301809779262,0.0011278989015803,0.0307888706895218,-2.5669323074732517,-0.2719565698621905,0.0046125191644495,2.1275333042414775e-05,0.2719859047652846,-0.1902553279769315,-1.2320701433657302,0.0987521898375297,0.0016057366701573,-0.0638345714554822,-2.783103516396622,1,0.8320502248263019,33.69006752597978,1.4999997740875044,10.0,0.4999999999999999,2,0.0490591397849462,0.1860465116279069,0.1976065632362338
0.9341876411371656,0.0011701241682614,-0.1403720281192334,-3.5800199245621904,-0.27124919937968,0.0052004197202342,2.7044365266601275e-05,0.2712865854370015,-0.4603134291068917,-3.368963858031462,0.0986987543153094,0.0016439628384347,0.0575916242019075,-3.4845986935915203,1,0.8320502235112326,33.69006752597978,1.49999976981353,10.25,0.4422886902190017,2,0.0490591397849462,0.1860465116279069,0.1976065632362338
0.9349650079578384,0.0025112973272027,1.3797307928034823,1.7014550294247694,-0.2671741027617063,0.0119100752672492,0.0001418498928715,0.2673731261854425,1.2938324544334638,1.4676329226126317,0.097641887890755,0.003483259810537,-1.400247131395838,1.763084883067343,1,0.8320502196636612,33.69006752597979,1.4999997573089243,10.5,0.3826834323650899,2,0.0490591397849462,0.1860465116279069,0.1976065632362338
0.9360483190404962,0.0022272276606825,-0.0154467267186277,-2.884611417963576,-0.2618446329751633,0.0104364984878918,0.0001089205006877,0.2620005767043538,-0.0711910332568423,-2.9924887301546885,0.0961530009672401,0.0030977470043856,0.0003177038080549,-2.861148368280169,1,0.8320502211232321,33.6900675259798,1.499999762052529,10.75,0.3214394653031617,2,0.0490591397849462,0.1860465116279069,0.1976065632362338
0.9371830263676816,0.0016123023797563,-1.3765094445213568,1.6337763808499035,-0.25655452255153,0.0074328796011817,5.5247699165663626e-05,0.2566352641708032,-1.444665540334365,1.947402345119748,0.0945737915683146,0.0022521346757812,1.3602459532773468,1.5599845997809645,1,0.8320502201190042,33.6900675259798,1.4999997587887886,11.0,0.258819045102521,2,0.0490591397849462,0.1860465116279069,0.1976065632362338
0.938053130784648,0.000589129760664,-1.5336388827340417,2.24379808427274,-0.2526536911366367,0.002471312293983,6.107384454391916e-06,0.2526627558294019,-1.4091909075500073,2.20125223102,0.0933517993399698,0.0008398689106165,1.5460377437729145,2.2419852081422,1,0.8320502197830125,33.69006752597979,1.4999997576968158,11.25,0.1950903220161281,2,0.0490591397849462,0.1860465116279069,0.1976065632362338
0.9377481183914492,0.0005876015938278,0.1782652510819413,-4.78074935606891,-0.2541928477042364,0.002594328911905,6.730542503146615e-06,0.254202776796137,0.0723294875754093,-5.24452141192716,0.0937707472193699,0.0008312195157087,-0.1795837975684987,-4.5709591990897795,1,0.8320502209894731,33.69006752597975,1.4999997616178136,11.5,0.130526192220052,2,0.0490591397849462,0.1860465116279069,0.1976065632362338
0.9382172755590316,0.0007410362436395,-0.2221061159003851,0.8217011191418102,-0.2521244541204499,0.0035989135702353,1.2952178886023906e-05,0.2521437179461339,-0.2429986389365278,1.227169443658319,0.0931080842486285,0.0010271683297998,0.2148769982606832,0.7163420779965755,1,0.8320502190117036,33.69006752597976,1.4999997551900632,11.75,0.0654031292301431,2,0.0490591397849462,0.1860465116279069,0.1976065632362338
0.9382364124357984,0.0007381465960094,-0.3780436861055875,1.201191881712928,-0.2520594171907466,0.0035940418566309,1.2917136867215015e-05,0.2520786338569563,-0.352193194094463,1.414836793017809,0.0930798910795787,0.0010224417019366,0.3803701262907036,1.1426119470006526,1,0.8320502200291667,33.690067525979785,1.499999758496817,12.0,1.2246467991473532e-16,2,0.0490591397849462,0.1860465116279069,0.1976065632362338
0.9385386735189372,0.0010159264528675,-0.4026888363675615,-1.7142081842083703,-0.2506307493460775,0.0048074865412606,2.3111926844401808e-05,0.2506653276041778,-0.5379200640860843,-1.5398339849571805,0.0926581276197553,0.0014161652095304,0.3723895543476756,-1.7466705577796393,1,0.8320502184034415,33.69006752597976,1.4999997532132114,12.25,-0.0654031292301428,2,0.0490591397849462,0.1860465116279069,0.1976065632362338
0.9389607235207598,0.0005851788224657,-0.7134351005268692,1.6408720501388654,-0.2486326471840105,0.0026440888467241,6.9912058293709004e-06,0.2486431914412716,-0.7640287506604582,1.4430812969510338,0.0920702665584884,0.0008239053446984,0.7004611190083501,1.6640488972387129,1,0.8320502191154574,33.690067525979806,1.499999755527262,12.5,-0.1305261922200517,2,0.0490591397849462,0.1860465116279069,0.1976065632362338
0.9386845596136156,0.0007461544995756,0.4917417598386876,-2.627277862646215,-0.2499139820173702,0.0033217757996892,1.1034194463401445e-05,0.2499305384574405,0.5395924305030447,-2.432616266508843,0.0924567530184617,0.0010531330935303,-0.4837779394456307,-2.659444559137274,1,0.8320502202577724,33.69006752597982,1.4999997592397851,12.75,-0.1950903220161279,2,0.0490591397849462,0.1860465116279069,0.1976065632362338
0.9397382894423444,0.0018931898591079,1.2673033987104252,2.0208028796370208,-0.2452113482693958,0.0084426489024025,7.127832048923929e-05,0.2453203294887361,1.274123469824086,2.003288700505035,0.0909664265222021,0.0026782205930825,-1.2698194683494144,2.032014954464474,1,0.8320502149494585,33.690067525979806,1.4999997419877675,13.0,-0.2588190451025208,2,0.0490591397849462,0.1860465116279069,0.1976065632362338
0.9396778248543104,0.0019030614597392,1.433219569472102,2.5568104278457895,-0.2455617778413393,0.0085047415930389,7.233062956436706e-05,0.2456722098829509,1.4853669641994076,2.6877808075688634,0.091046973440104,0.0026912691571272,-1.4263585711071654,2.5378146224338707,1,0.832050218670837,33.69006752597981,1.4999997540822452,13.25,-0.3214394653031615,2,0.0490591397849462,0.1860465116279069,0.1976065632362338
0.9397177404876964,0.001885164680396,1.365605602494517,2.5298415078208336,-0.2455243688621455,0.0084868755921214,7.202705731614634e-05,0.2456343542710224,1.4727991063586732,2.6828723284499603,0.0909821626042673,0.0026625192408345,-1.347360170723379,2.505852628386389,1,0.8320502189029728,33.690067525979785,1.4999997548366877,13.5,-0.3826834323650896,2,0.0490591397849462,0.1860465116279069,0.1976065632362338
0.939938766198672,0.0016506411004487,1.9108516211376985,3.7125234750214777,-0.2448517081802219,0.007771291377465,6.039296967346303e-05,0.2449441849198053,1.8377060183040168,3.4898372860841533,0.090651655467067,0.0023124489828832,-1.9235004915889005,3.752060794719526,1,0.8320502191947762,33.69006752597976,1.4999997557850488,13.75,-0.4422886902190014,2,0.0490591397849462,0.1860465116279069,0.1976065632362338
0.9386613912031402,0.0009382196027173,-1.7321462963454384,3.0878278548159095,-0.2509696715922602,0.0047455836895826,2.2520564554832948e-05,0.2510033196643885,-1.5849811916651184,2.566903740727323,0.0924318291692593,0.001289379237021,1.760258914882536,3.186508959533473,1,0.8320502209425183,33.69006752597976,1.4999997614652103,14.0,-0.4999999999999998,2,0.0490591397849462,0.1860465116279069,0.1976065632362338
0.9438688329006112,0.0033521296510983,-0.8630694032882837,1.8122309653938835,-0.2389754927761961,0.0104675278316791,0.0001095691389069,0.2391473667047289,-1.5503019220418852,2.3198974989498637,0.074544848352445,0.0238343983049557,-1.8753569896376423,3.640716274642308,1,0.9863936753553704,9.462322208025522,5.999990806371218,0.0,0.0,3,0.2331989247311827,0.2162162162162162,0.2970354532440521
0.9466458968669272,0.0029135003487763,0.8242647225543694,-1.2196686941173809,-0.231376989800401,0.005954622319638,3.545752696953157e-05,0.2314344498002019,0.5510184293395504,0.9976009218709354,0.0610145289140154,0.0265005570672208,-0.0050660224463531,-5.962999763846807,0,0.9863936608636896,9.462322208025542,5.999990270180423,0.25,0.065403129230143,3,0.2331989247311827,0.2162162162162162,0.2970354532440521
0.9472094655537636,0.0024393369153418,0.7318545539204979,0.986279459366486,-0.2338206433751772,0.0083951345840782,7.047828468478723e-05,0.2339336486739253,0.3082771932664737,-1.5516148720123422,0.0499074830198071,0.0224826210084195,1.9819656452942915,3.942237622390561,1,0.9863936799287504,9.462322208025594,5.9999909755858,0.5,0.1305261922200515,3,0.2331989247311827,0.2162162162162162,0.2970354532440521
0.947531214126272,0.0020370806822238,1.4839211249394897,2.042247419771691,-0.2373614147732549,0.0096130496991083,9.241072451752688e-05,0.2375073667626953,1.4813012629177262,2.0322504994006927,0.039064782452443,0.0014456438754939,-1.48691667197295,2.0536811760892615,1,0.9863936818612052,9.462322208025526,5.999991047086493,0.75,0.1950903220161282,3,0.2331989247311827,0.2162162162162162,0.2970354532440521
0.9487905618018796,0.0031724172712305,0.3152631303193276,-4.026805243971005,-0.2314348671505973,0.0149517743694094,0.0002235555567937,0.2317968170631557,0.3125028760584633,-4.04029295750235,0.0381682430014479,0.0022546331524317,-0.3184369466505208,-4.0112762464664655,0,0.9863936503049558,9.46232220802559,5.999989879508326,1.0,0.2588190451025207,3,0.2331989247311827,0.2162162162162162,0.2970354532440521
0.9489172294290744,0.0032688967129331,0.1612087583767606,-4.896639783457383,-0.2308395411655034,0.0154062634883346,0.0002373529546719,0.2312248007491935,0.1594973296124499,-4.90450523799745,0.0380779331480233,0.0023232379382687,-0.1631781081398224,-4.887564752030777,0,0.9863936582709274,9.462322208025617,5.999990174248442,1.25,0.3214394653031616,3,0.2331989247311827,0.2162162162162162,0.2970354532440521
0.9492424787210813,0.0029826208346438,-0.07738404434167,-3.3150810491167366,-0.2293013901097315,0.0140538372425769,0.0001975103412408,0.2296241717724552,-0.0814122436730466,-3.3121616258277946,0.0378476824800316,0.0021203358226981,0.0727734121920432,-3.3182893524723713,1,0.9863936741645356,9.4623222080255,5.999990762310456,1.5,0.3826834323650898,3,0.2331989247311827,0.2162162162162162,0.2970354532440521
0.9499182416660944,0.0021740940740481,0.2291800829892863,-3.0330033970923207,-0.2261069551059814,0.0102292978446527,0.0001046385343946,0.2262804323137428,0.226065748350815,-3.0388682051085976,0.0373690639658477,0.0015481158359369,-0.2327441451282255,-3.0262266658626693,1,0.9863936697646702,9.462322208025569,5.999990599515813,1.75,0.4422886902190012,3,0.2331989247311827,0.2162162162162162,0.2970354532440521
0.9487738794662202,0.0015056911336097,1.5913188081531129,2.3846025227584473,-0.2314902850951342,0.0070923926182845,5.030203305189755e-05,0.2315717569528192,1.5897526359914542,2.3780677450513803,0.0381841054661153,0.0010707793274181,-1.593107549326117,2.392064133485327,1,0.9863936732693998,9.462322208025569,5.999990729190472,2.0,0.4999999999999999,3,0.2331989247311827,0.2162162162162162,0.2970354532440521
0.948451823199466,0.0009031237299708,0.973547558107697,-0.3590816342458272,-0.2330049172168083,0.0042590940088645,1.8139881776345632e-05,0.233034109860647,0.9720526932251946,-0.3655453711062097,0.0384135482719636,0.000641391555839,-0.9752601113094934,-0.3516760749739749,1,0.9863936647605308,9.46232220802552,5.999990414363172,2.25,0.5555702330196022,3,0.2331989247311827,0.2162162162162162,0.2970354532440521
0.9479329383744296,0.0017258705656622,-0.9565170010982996,1.210284061283005,-0.2354604048605339,0.0081549775227438,6.650365839645748e-05,0.2355662964026985,-0.9608130417119816,1.2180621926931092,0.0387806016659613,0.0012229733522595,0.951576508277477,1.2013749931633697,1,0.9863936832291972,9.462322208025617,5.999991097702016,2.5,0.6087614290087207,3,0.2331989247311827,0.2162162162162162,0.2970354532440521
0.9471910439778428,0.0019556448609576,0.6759833727208501,-2.2264643525135916,-0.2389682336887645,0.0092406685955319,8.538995609245055e-05,0.2391021940079124,0.6733811464443906,-2.2403416260268916,0.0393059246125533,0.0013857980648014,-0.6789744282320209,-2.210519048261519,1,0.9863936829802068,9.462322208025553,5.99999108848943,2.75,0.6593458151000688,3,0.2331989247311827,0.2162162162162162,0.2970354532440521
0.9469876221520525,0.001904044292436,1.3470991043116225,1.1862987608612574,-0.2399295308425352,0.0089952210152122,8.091400111251579e-05,0.2400559627902493,1.3445436542671314,1.1741104668980888,0.039450053956582,0.0013495135257846,-1.3500275907323611,1.2002581143481752,1,0.9863936769349926,9.462322208025522,5.999990864817081,3.0,0.7071067811865475,3,0.2331989247311827,0.2162162162162162,0.2970354532440521
0.945659766482895,0.0011043548925473,0.2099966106683682,1.5102205522682208,-0.2462093213754794,0.0052341274072416,2.7396089715238022e-05,0.2462510446667397,0.2058498960105158,1.5092525117581983,0.0403900457044979,0.0007798270487502,-0.2147671035825597,1.511358391318927,1,0.9863936883373096,9.462322208025553,5.999991286701746,3.25,0.7518398074789774,3,0.2331989247311827,0.2162162162162162,0.2970354532440521
0.9456367245581402,0.0011072144826497,0.3313872093909366,1.4691182906655662,-0.2463185616755918,0.005247585684155,2.7537155512548847e-05,0.2463604811908087,0.3273453178759731,1.4675537490395063,0.0404063109763497,0.0007818625638871,-0.3360366318669398,1.4709414554182452,1,0.986393683615675,9.462322208025505,5.999991112001723,3.5,0.7933533402912352,3,0.2331989247311827,0.2162162162162162,0.2970354532440521
0.9462444674852744,0.0016510158912358,-0.0768515599881363,-2.2526050179602173,-0.243443728570714,0.0078185131835478,6.112914840131182e-05,0.243537873526301,-0.0799735990685425,-2.251239695564591,0.0399762021342433,0.0011669670535635,0.0732611213440654,-2.2541247938870104,1,0.9863936722665182,9.462322208025498,5.999990692083983,3.75,0.8314696123025451,3,0.2331989247311827,0.2162162162162162,0.2970354532440521
0.9456706186331494,0.0016765864345102,1.5451777233899078,2.3454655755983627,-0.2461626567251543,0.0079381892811144,6.301484906279975e-05,0.2462586337629269,1.5431559878302783,2.3382177207443195,0.0403815635988124,0.0011852834386689,-1.5474963882043975,2.3537808610470243,1,0.9863936866921336,9.462322208025617,5.999991225830344,4.0,0.8660254037844386,3,0.2331989247311827,0.2162162162162162,0.2970354532440521
0.9463699062600326,0.0015163979112409,0.1151680175336762,-3.2034633671376564,-0.24284851805033,0.0071785803134684,5.153201531691684e-05,0.2429280793377523,0.113045787255376,-3.2055698505116705,0.0398877431063562,0.0010722345625744,-0.117608605508105,-3.201007045478038,1,0.9863936765132388,9.462322208025522,5.999990849212232,4.25,0.8968727415326884,3,0.2331989247311827,0.2162162162162162,0.2970354532440521
0.9455447235149652,0.0026342103515211,-0.6397462786099285,-1.4727247985489775,-0.2467718709839124,0.0124975226436438,0.0001561880722283,0.2470091038060584,-0.6444252983404242,-1.4571097868961171,0.0404683186321557,0.001857968053001,0.634356744704316,-1.4906502040215877,1,0.986393696641668,9.462322208025531,5.999991593962283,4.5,0.9238795325112868,3,0.2331989247311827,0.2162162162162162,0.2970354532440521
0.9443896707438476,0.0021122814679933,0.6816411610640415,0.1317241272474056,-0.2522457963035626,0.0100276459180291,0.0001005536826573,0.2523952396833418,0.6763148145800744,0.1223357721401185,0.0412840301112816,0.0014887558042637,-0.6877728165940714,0.1425990392703937,1,0.9863936918380164,9.462322208025595,5.99999141622756,4.75,0.9469301294951056,3,0.2331989247311827,0.2162162162162162,0.2970354532440521
0.9438990714158436,0.0022243040991108,1.6856844645897533,2.956920732968751,-0.2545786613369721,0.0105578969512446,0.0001114691880331,0.2547428049997678,1.6835895325264778,2.9502971505331423,0.0416291509476603,0.0015679745177369,-1.6880884996249652,2.9645270909985015,1,0.9863936944112608,9.462322208025489,5.999991511437434,5.0,0.9659258262890684,3,0.2331989247311827,0.2162162162162162,0.2970354532440521
0.9428238923288488,0.0005160512274021,0.0701206545299218,1.452093404079422,-0.259680746942217,0.0024577936314857,6.04074953497177e-06,0.2596894701265709,0.0681691633425273,1.451938329042754,0.042387307885396,0.0003623595194406,-0.0723789485524237,1.4522835373608665,1,0.986393694213618,9.462322208025483,5.999991504124673,5.25,0.9807852804032304,3,0.2331989247311827,0.2162162162162162,0.2970354532440521
0.941592088826212,0.0028965395033941,-1.932534375061839,3.797584387078331,-0.2655783251550411,0.0138572050960449,0.0001920221330738,0.2658493246031712,-1.9332097490477045,3.799496067823767,0.0432470107644514,0.0020233803542959,1.9317444728140636,3.795350764647722,1,0.9863937135283676,9.462322208025636,5.999992218768707,5.5,0.9914448613738104,3,0.2331989247311827,0.2162162162162162,0.2970354532440521
0.9405259950392058,0.0027607819166471,-0.4036048706959397,-3.713829988305209,-0.2706687575740503,0.0132065040152873,0.0001744117483058,0.2709102898339403,-0.4062461529979841,-3.69924325946025,0.0439933956477754,0.0019287551479647,0.4005500509355385,-3.7307056541406407,1,0.986393707255406,9.462322208025576,5.999991986669672,5.75,0.9978589232386036,3,0.2331989247311827,0.2162162162162162,0.2970354532440521
0.939459654973388,0.0023931428711695,1.3350642702246711,2.237854350168659,-0.2757661458065539,0.0114476543220108,0.0001310487894762,0.2759442946775833,1.330454850477515,2.2283130882586537,0.0447389716576857,0.0016719490328621,-1.3403926819993706,2.248923341282578,1,0.9863937094843768,9.462322208025595,5.999992069141393,6.0,1.0,3,0.2331989247311827,0.2162162162162162,0.2970354532440521
0.938009016647456,0.001026294749576,0.3129353001966734,-3.774686370503236,-0.2826633033500552,0.0048703824073073,2.3720624793409267e-05,0.2826947709621821,0.3323756671057575,-3.7936470156875473,0.0457531946934961,0.0007156884053585,-0.3096827295639934,-3.7656282238956216,1,0.9863937142767382,9.462322208025578,5.999992246458387,6.25,0.9978589232386036,3,0.2331989247311827,0.2162162162162162,0.2970354532440521
0.9371157118366829,0.0024500247526763,-1.273612963132908,1.223611244701578,-0.2868676977051241,0.0116036993496823,0.0001346458385978,0.2870436558532291,-1.2798863272199017,1.2611807594939997,0.0463745454136372,0.0017043267966165,1.2685306584147846,1.2017576325576569,1,0.9863937242500906,9.46232220802558,5.999992615471651,6.5,0.9914448613738104,3,0.2331989247311827,0.2162162162162162,0.2970354532440521
0.9355380545328328,0.0026837360771109,0.1797383854232332,-4.133535386015652,-0.2941944001400216,0.0125184996675381,0.0001567128339261,0.294394089103691,0.2021742953721017,-4.227527671138802,0.0474758585877873,0.0018706833194236,-0.1771991546786845,-4.106625545586978,1,0.9863937265959416,9.462322208025489,5.999992702268008,6.75,0.9807852804032304,3,0.2331989247311827,0.2162162162162162,0.2970354532440521
0.9338211131056652,0.0023046552134109,1.2233004875689788,1.8784966867608637,-0.3021711970186759,0.0106779994686052,0.0001140196726515,0.3023126644091978,1.2671185651169292,2.0690466515029957,0.0486724576481257,0.0016056790571516,-1.2189486703141394,1.84785458609519,1,0.9863937299303872,9.4623222080256,5.999992825642187,7.0,0.9659258262890684,3,0.2331989247311827,0.2162162162162162,0.2970354532440521
0.932223190717874,0.001342874756058,-0.1586967783421638,-2.0622757493459947,-0.309588322097945,0.0061185656725285,3.7436845889044775e-05,0.3096336655046379,-0.2495948659283127,-2.243817264790147,0.0497840484285238,0.000935172077465,0.1373717998276725,-2.024652922028091,1,0.9863937325908052,9.462322208025546,5.999992924077481,7.25,0.9469301294951056,3,0.2331989247311827,0.2162162162162162,0.2970354532440521
0.9302613089122072,0.0030794662236166,-1.4823621138318694,2.431459970664454,-0.3186940786453022,0.0145178808704088,0.0002107688649673,0.3189419891019428,-1.4832986494739748,2.43952802758608,0.0511397923300354,0.0021189997099133,1.4776909228376511,2.417986925408762,1,0.9863937442290214,9.462322208025618,5.999993354690622,7.5,0.9238795325112868,3,0.2331989247311827,0.2162162162162162,0.2970354532440521
0.9298536684264096,0.0027007843185114,-1.861504457105441,3.5208440046782705,-0.3205279983579551,0.0127936405777192,0.0001636772392318,0.3207194344918646,-1.8627815570052508,3.5096184785161775,0.051424290307822,0.0018550337856634,1.8598224869919135,3.518507519841158,1,0.9863937310433476,9.462322208025585,5.999992866821655,7.75,0.8968727415326884,3,0.2331989247311827,0.2162162162162162,0.2970354532440521
0.9297340374612254,0.0026030064578181,-1.9373178112910288,3.772540614772805,-0.3208453576792239,0.0125288620559255,0.0001569723844164,0.3210287725930834,-1.9093612292384443,3.664313562974094,0.0515143164121646,0.0017817205353313,1.9414299896975848,3.78913690046398,1,0.9863937313119976,9.462322208025563,5.999992876761694,8.0,0.8660254037844387,3,0.2331989247311827,0.2162162162162162,0.2970354532440521
0.930017926317513,0.0027912583465314,-1.9432222206752547,3.827454793242474,-0.3191679696126955,0.0136430821885309,0.000186133691603,0.3193865887844901,-1.9154419032152243,3.749855738989464,0.0513284659975304,0.0019049131118835,1.9474328808066723,3.83879816716685,1,0.9863937297549829,9.462322208025617,5.999992819152232,8.25,0.8314696123025451,3,0.2331989247311827,0.2162162162162162,0.2970354532440521
0.930696115620648,0.001447120947217,-1.7866286413915091,3.4133086796135075,-0.3155919707661611,0.0065942701764756,4.348439916035624e-05,0.3156436365768205,-1.6338735510586262,3.073555829188482,0.0508746044589503,0.0010046541010933,1.8093689602003304,3.4638752523417224,1,0.9863937380015212,9.46232220802553,5.9999931242736,8.5,0.7933533402912352,3,0.2331989247311827,0.2162162162162162,0.2970354532440521
0.9298029750852606,0.0019879421979431,-0.0873432546427386,-4.624259721524698,-0.3195310461766895,0.0092274803833282,8.514639422470852e-05,0.3196309579287313,-0.0704760844218017,-4.420024969114337,0.0514976466109547,0.0013736981109805,0.0889749690824684,-4.665506552693868,1,0.9863937401154323,9.4623222080256,5.999993202488127,8.75,0.7518398074789774,3,0.2331989247311827,0.2162162162162162,0.2970354532440521
0.929801716860812,0.0019867812106747,-0.0861222571804871,-4.615798884558254,-0.3189947821115276,0.0097501846582645,9.506610087025804e-05,0.3191065191907459,-0.1481532428599608,-5.0249278747646,0.0515147634753675,0.0013581051908636,0.0632090327217384,-4.490639128384801,1,0.9863937315724616,9.462322208025595,5.999992886398823,9.0,0.7071067811865476,3,0.2331989247311827,0.2162162162162162,0.2970354532440521
0.9302417931643884,0.0026551078271104,0.5482401358849556,-2.052786529466158,-0.3163763275690965,0.0135783793654398,0.0001843723861918,0.316594788232138,0.5088030535908542,-2.3561336536900157,0.0512265102122434,0.0017996414210013,-0.5614436236835,-1.9694134754467376,1,0.9863937251863392,9.462322208025656,5.9999926501127385,9.25,0.659345815100069,3,0.2331989247311827,0.2162162162162162,0.2970354532440521
0.9316720468820014,0.0029715860533017,-0.9955555877349757,-0.1585686235181089,-0.3091147350240162,0.0149894346152289,0.0002246831500842,0.3093871874715098,-1.0560284112643832,0.0936424545012926,0.0502542374369996,0.002021437192309,0.9771118288883108,-0.2349225594720891,1,0.9863937230906958,9.462322208025656,5.999992572574091,9.5,0.6087614290087209,3,0.2331989247311827,0.2162162162162162,0.2970354532440521
0.9326788307995104,0.0014750731852166,0.0999202300533567,-4.206193986623715,-0.3037826953681565,0.0070633239098287,4.989054465515889e-05,0.3038442757624927,0.0382299810374335,-3.917201784208397,0.0495783910168387,0.0010177968502947,-0.1124617401170217,-4.257169714200105,1,0.9863937302331084,9.462322208025656,5.999992836842818,9.75,0.5555702330196025,3,0.2331989247311827,0.2162162162162162,0.2970354532440521
0.9329884958542158,0.0011479200313886,0.0312990560592042,-2.5705020587789154,-0.3019323262985839,0.0051692986234897,2.6721648258813143e-05,0.30196551276639,-0.1599222036852703,-1.401111524277976,0.0493760949187648,0.0008028683467364,-0.0638345714919096,-2.7831035207267973,1,0.9863937284483728,9.462322208025506,5.999992770807813,10.0,0.4999999999999999,3,0.2331989247311827,0.2162162162162162,0.2970354532440521
0.933046645689556,0.0011906348220901,-0.1391249740363094,-3.578805724502258,-0.3012050954302483,0.0057659591461925,3.3246284875561434e-05,0.3012464841733458,-0.434124830472371,-3.4517945255939004,0.0493493771576546,0.000821981430604,0.0575916241918753,-3.4845986688537725,1,0.9863937247519626,9.462322208025562,5.999992634040888,10.25,0.4422886902190017,3,0.2331989247311827,0.2162162162162162,0.2970354532440521
0.9338371500467896,0.0025546483061416,1.3799729222415564,1.702123347403166,-0.2967633611689964,0.0131205536277643,0.000172148927499,0.2969808145788962,1.3029310093833255,1.490993895175313,0.0488209439453774,0.0017416299106419,-1.4002471313754492,1.763084881695157,1,0.98639371393717,9.462322208025656,5.9999922338943525,10.5,0.3826834323650899,3,0.2331989247311827,0.2162162162162162,0.2970354532440521
0.934939036889858,0.0022657560322796,-0.0152886097249941,-2.884239915901873,-0.2909139115271439,0.0115119822528653,0.0001325257353902,0.2910846925236122,-0.0656899457072722,-2.981189522073329,0.04807650048362,0.0015488735082339,0.0003177038085214,-2.861148370508854,1,0.9863937180397472,9.46232220802556,5.999992385689434,10.75,0.3214394653031617,3,0.2331989247311827,0.2162162162162162,0.2970354532440521
0.9360933941054498,0.0016402677304655,-1.3763064239794638,1.6328155840428504,-0.2850749969180781,0.0082123122325195,6.744207220438979e-05,0.2851636993412656,-1.4375729921469649,1.914837339755877,0.0472868957841573,0.0011260673461984,1.3602459533649789,1.5599845530606302,1,0.9863937152170532,9.46232220802558,5.999992281249973,11.0,0.258819045102521,3,0.2331989247311827,0.2162162162162162,0.2970354532440521
0.936978666145899,0.0005995154132893,-1.5338774500730714,2.2438478299298676,-0.2807514277851859,0.0027586848674547,7.610342197923691e-06,0.28076159274386,-1.4287268924915797,2.210205723077163,0.0466758996699849,0.0004199344775827,1.546037741768702,2.24198692149454,1,0.986393714272644,9.462322208025537,5.999992246306932,11.25,0.1950903220161281,3,0.2331989247311827,0.2162162162162162,0.2970354532440521
0.936668460688783,0.0005978840956564,0.1783249521306075,-4.777687018923057,-0.2824351638531309,0.0028765071690393,8.274293493534708e-06,0.2824461497363085,0.0929889177438472,-5.251101993844625,0.0468853736096849,0.0004156097803616,-0.1795837988263784,-4.570957684445359,1,0.9863937176637746,9.46232220802558,5.999992371778469,11.5,0.130526192220052,3,0.2331989247311827,0.2162162162162162,0.2970354532440521
0.9371458121935912,0.0007537519513,-0.2220494508964008,0.8201111649647679,-0.2801391046547883,0.0039519072389001,1.5617570824871623e-05,0.2801600098781147,-0.2412782817520778,1.1917504352131392,0.0465540421243142,0.0005135841831121,0.2148769979354409,0.7163425617734056,1,0.9863937121046402,9.462322208025675,5.999992166090887,11.75,0.0654031292301431,3,0.2331989247311827,0.2162162162162162,0.2970354532440521
0.9371652967496972,0.0007508049722347,-0.3781393838719351,1.200332907245409,-0.2800644310347734,0.0039457182347893,1.5568692388348933e-05,0.2800852763893932,-0.3554913386818865,1.3969847531926105,0.0465399455397892,0.0005112208692646,0.3803701256985733,1.1426132125933854,1,0.9863937149645368,9.46232220802552,5.999992271906918,12.0,1.2246467991473532e-16,3,0.2331989247311827,0.2162162162162162,0.2970354532440521
0.9374727673340346,0.0010334411861577,-0.4022565697402214,-1.7146548348621504,-0.2784911598606858,0.0052937764239502,2.802406882677147e-05,0.2785288928857656,-0.5238352294334636,-1.5607007764240084,0.0463290638098776,0.0007080826179741,0.3723895544592161,-1.7466706324933696,1,0.986393710394931,9.462322208025578,5.999992102831838,12.25,-0.0654031292301428,3,0.2331989247311827,0.2162162162162162,0.2970354532440521
0.9379020933701332,0.0005953522408876,-0.7132745078722073,1.641314247267104,-0.27629074324055,0.002926001567459,8.561485172772639e-06,0.2763023632079452,-0.759198673586412,1.4713046005686294,0.0460351332792441,0.0004119526950517,0.7004611180039598,1.6640499235388084,1,0.9863937123962736,9.462322208025638,5.999992176881319,12.5,-0.1305261922200517,3,0.2331989247311827,0.2162162162162162,0.2970354532440521
0.9376211515646478,0.0007591591599772,0.4915901105410827,-2.627888017594808,-0.2777047961491805,0.0036826166215024,1.3561665180965948e-05,0.2777231086048544,0.533926695757305,-2.4558296923229683,0.0462283765092308,0.000526566564527,-0.4837779394456307,-2.659444559137274,1,0.9863937156071052,9.46232220802552,5.999992295681892,12.75,-0.1950903220161279,3,0.2331989247311827,0.2162162162162162,0.2970354532440521
0.9386932195519916,0.0019261406523352,1.2672557661837798,2.0207995744350047,-0.2724947748296333,0.009354226513456,8.750155366504324e-05,0.2726151655258774,1.2727753442035414,2.0040846052157963,0.0454832132611011,0.0013391103035244,-1.2698194683824793,2.032014975760429,1,0.9863937006864418,9.462322208025617,5.9999917436185255,13.0,-0.2588190451025208,3,0.2331989247311827,0.2162162162162162,0.2970354532440521
0.938631758083072,0.0019361718106075,1.4330343101565894,2.5563551131453224,-0.2728729244022938,0.0094205521739422,8.874680326196895e-05,0.2729948588788928,1.4790722395544595,2.6722394214790484,0.045523486720052,0.001345634585513,-1.426358571043027,2.5378146039635148,1,0.9863937111465304,9.462322208025638,5.999992130640913,13.25,-0.3214394653031615,3,0.2331989247311827,0.2162162162162162,0.2970354532440521
0.9386724667058456,0.0019179233862396,1.3652314495916584,2.5293138669476036,-0.2728136858696698,0.0093924631982618,8.821836493070244e-05,0.2729349207622452,1.4608291146600991,2.6650948984365854,0.0454910813021336,0.0013312596274416,-1.347360170703574,2.505852598633787,1,0.9863937117990196,9.462322208025515,5.9999921547830395,13.5,-0.3826834323650896,3,0.2331989247311827,0.2162162162162162,0.2970354532440521
0.9388975618128056,0.0016790826716742,1.9110490030415632,3.7131376779189864,-0.2720283858235168,0.0085570916964005,7.322381830060722e-05,0.2721293085234916,1.8465569444166472,3.5162863538973603,0.0453258277335334,0.001156224499529,-1.923500491512428,3.7520607446692544,1,0.9863937126192228,9.462322208025476,5.999992185130511,13.75,-0.4422886902190014,3,0.2331989247311827,0.2162162162162162,0.2970354532440521
0.9375982399523158,0.0009541868095184,-1.7326119707743153,3.0894623424209513,-0.2787545897607266,0.0051888823994377,2.692450055519441e-05,0.2787908081126197,-1.6013178995726978,2.6250353675458804,0.0462159145846295,0.0006446896330179,1.7602589152236772,3.1865089145739205,1,0.9863937175317938,9.462322208025617,5.999992366895171,14.0,-0.4999999999999998,3,0.2331989247311827,0.2162162162162162,0.2970354532440521
0.942911587555342,0.0034259360211249,-0.8422304342035077,1.7923376578964891,-0.2618336183842242,0.0132590897514041,0.0001758034610357,0.2620852844246554,-1.796373594431146,3.364708645605173,0.042167110683184,0.0026276933777069,0.4320751648475381,1.5076960721898462,1,0.9486830682094964,18.434948822921967,2.9999977015910364,0.0,0.0,2,0.1622983870967742,0.1975308641975308,0.1546558135049956
0.9457473009242012,0.0029858544133584,0.8124458052698292,-1.283641096161059,-0.2507362216060247,0.0094831196554199,8.992955839901165e-05,0.2508706838075444,1.6182839646999858,2.684870635677484,0.0400269007327402,0.0024208014347685,-0.6207749343114417,-2.3441286121880527,1,0.9486830548046912,18.434948822922017,2.999997567543121,0.25,0.065403129230143,2,0.1622983870967742,0.1975308641975308,0.1546558135049956
0.9463318157075892,0.0024960083978271,0.7038019082227861,0.968709719539726,-0.250547589326125,0.0092924030233986,8.634875394926764e-05,0.2506767960593773,1.6910486479087523,2.8747775761630336,0.0394598435265139,0.001980149492548,-0.1869703463294186,0.8506304622016039,1,0.9486830724398728,18.434948822921967,2.999997743894758,0.5,0.1305261922200515,2,0.1622983870967742,0.1975308641975308,0.1546558135049956
0.9466703933181172,0.002070809310448,1.483911604108452,2.042211093157285,-0.2515502549741165,0.0101970335784644,0.0001039794938003,0.2517052152775015,1.4812413360635202,2.0320218922175055,0.039064782452443,0.0014456438754939,-1.48691667197295,2.0536811760892615,1,0.9486830742273936,18.43494882292197,2.999997761769946,0.75,0.1950903220161282,2,0.1622983870967742,0.1975308641975308,0.1546558135049956
0.9479505796355104,0.0032249292049977,0.3152531022733607,-4.026854258869541,-0.245264069192645,0.0158596247964013,0.0002515276986826,0.2456483450197591,0.3124402637929283,-4.040598514542573,0.0381682430014479,0.0022546331524317,-0.3184369466525873,-4.011276246438532,0,0.9486830450378624,18.43494882292196,2.999997469874952,1.0,0.2588190451025207,2,0.1622983870967742,0.1975308641975308,0.1546558135049956
0.9480793426450472,0.0033230054649707,0.1612025396261244,-4.896668382692564,-0.2446326361202573,0.0163417042561371,0.000267051297995,0.2450416599858942,0.1594585370062586,-4.904683078908839,0.0380779331480233,0.0023232379382687,-0.1631781081345677,-4.887564752893056,0,0.9486830524063868,18.43494882292187,2.999997543560123,1.25,0.3214394653031616,2,0.1622983870967742,0.1975308641975308,0.1546558135049956
0.9484099797755696,0.0030319884558103,-0.077398658694046,-3.3150705757477574,-0.2430009642116476,0.014907083686237,0.0002222211440284,0.2433436550761328,-0.0815039486237613,-3.312092922556504,0.0378476824800316,0.0021203358226981,0.0727734121827339,-3.3182893518831023,1,0.9486830671079745,18.43494882292192,2.9999976905758325,1.5,0.3826834323650898,2,0.1622983870967742,0.1975308641975308,0.1546558135049956
0.9490969358537265,0.0022100675426162,0.229168804289558,-3.033024695252996,-0.23961233744214,0.0108499873525437,0.0001177222255503,0.239796505236521,0.2259950803002749,-3.039000189966629,0.0373690639658477,0.0015481158359369,-0.2327441451282255,-3.0262266658626693,1,0.948683063038098,18.434948822922056,2.9999976498770966,1.75,0.4422886902190012,2,0.1622983870967742,0.1975308641975308,0.1546558135049956
0.9479336393325348,0.0015306111774787,1.5913131313977156,2.3845788425338537,-0.2453222912367014,0.0075229342447041,5.659453965014192e-05,0.2454087864815818,1.5897169367514663,2.3779187704274793,0.0381841054661153,0.0010707793274182,-1.593107549379467,2.3920641527152124,1,0.948683066279974,18.43494882292192,2.9999976822958354,2.0,0.4999999999999999,2,0.1622983870967742,0.1975308641975308,0.1546558135049956
0.9476062547126942,0.0009180748767313,0.9735421276196172,-0.3591052610485405,-0.2469288112776222,0.004517762401008,2.0410177111962e-05,0.246959805376935,0.9720186212340404,-0.365692649800593,0.0384135482719636,0.0006413915558391,-0.9752601119075368,-0.351675849241758,1,0.9486830584092696,18.434948822921967,2.9999976035888705,2.25,0.5555702330196022,2,0.1622983870967742,0.1975308641975308,0.1546558135049956
0.9470787731669446,0.0017544546384175,-0.9565326581492462,1.2103123603909791,-0.2495336336726524,0.0086506401203468,7.48335744917541e-05,0.2496460684944716,-0.9609110642359336,1.2182401083617798,0.0387806016659613,0.0012229733522596,0.951576508277477,1.2013749931633697,1,0.9486830754927869,18.43494882292188,2.9999977744238753,2.5,0.6087614290087207,2,0.1622983870967742,0.1975308641975308,0.1546558135049956
0.946324589643931,0.0019880344649674,0.6759738900339513,-2.2265149147528067,-0.2532547246560623,0.0098023193174258,9.608546400078022e-05,0.2533969606341374,0.673321744089822,-2.2406584686002784,0.0393059246125533,0.0013857980648014,-0.6789744282065538,-2.21051905552483,1,0.94868307526247,18.43494882292201,2.999997772120692,2.75,0.6593458151000688,2,0.1622983870967742,0.1975308641975308,0.1546558135049956
0.946117798642967,0.0019355780063191,1.3470898006691805,1.186254395552215,-0.2542744521433356,0.0095419139069439,9.104812100753124e-05,0.2544086930581368,1.344485184802798,1.1738315178973568,0.039450053956582,0.0013495135257847,-1.350027590704838,1.2002581062085955,1,0.9486830696706468,18.43494882292197,2.999997716202524,3.0,0.7071067811865475,2,0.1622983870967742,0.1975308641975308,0.1546558135049956
0.9447679465628892,0.0011226578156508,0.2099814402472378,1.5102170557393697,-0.2609360644529022,0.0055526462762393,3.083188066903493e-05,0.260980370224795,0.2057546344493233,1.5092304819175286,0.0403900457044979,0.0007798270487504,-0.2147671035825597,1.511358391318927,1,0.94868308021779,18.434948822922017,2.9999978216738437,3.25,0.7518398074789774,2,0.1622983870967742,0.1975308641975308,0.1546558135049956
0.944744522729732,0.001125564724476,0.331372422555633,1.4691125910673843,-0.261051953280187,0.0055669212342001,3.0990612027788665e-05,0.2610964673648839,0.3272524615273957,1.467518017686297,0.0404063109763497,0.0007818625638872,-0.3360366320133534,1.470941531195205,1,0.9486830758502784,18.43494882292193,2.999997777998781,3.5,0.7933533402912352,2,0.1622983870967742,0.1975308641975308,0.1546558135049956
0.9453623336470548,0.0016783737251761,-0.0768629694696652,-2.25260007857419,-0.2580023101523168,0.0082941442218004,6.879282837202546e-05,0.2581022794653534,-0.080045202330563,-2.2512075776961957,0.0399762021342433,0.0011669670535636,0.0732611213004049,-2.2541247789363137,1,0.948683065352308,18.43494882292192,2.999997673019187,3.75,0.8314696123025451,2,0.1622983870967742,0.1975308641975308,0.1546558135049956
0.9447789748292428,0.0017043668709216,1.5451703413269815,2.345439106746362,-0.2608866759128331,0.0084210662701044,7.091435712549159e-05,0.2609885887097208,1.5431095228932814,2.3380511893563423,0.0403815635988124,0.0011852834386689,-1.5474963882043975,2.3537808610470243,1,0.948683078696003,18.43494882292189,2.999997806456004,4.0,0.8660254037844386,2,0.1622983870967742,0.1975308641975308,0.1546558135049956
0.9454898519109116,0.0015415231711223,0.1151602650713118,-3.2034711116410186,-0.2573708617107623,0.0076152222165812,5.799160940791213e-05,0.2574553440206599,0.1129971523779609,-3.2056175727340452,0.0398877431063562,0.0010722345625745,-0.1176086055641913,-3.2010070245963043,1,0.9486830692805244,18.43494882292197,2.9999977123013055,4.25,0.8968727415326884,2,0.1622983870967742,0.1975308641975308,0.1546558135049956
0.9446509833585132,0.0026778780851875,-0.6397634236396841,-1.4726676377167678,-0.2615332699675989,0.0132583594746764,0.0001757840959597,0.2617851970068493,-0.6445329182902868,-1.456749631743003,0.0404683186321557,0.001857968053001,0.6343567447208213,-1.4906502052925408,1,0.948683087899322,18.43494882292197,2.9999978984890916,4.5,0.9238795325112868,2,0.1622983870967742,0.1975308641975308,0.1546558135049956
0.9434767878048615,0.0021473020599707,0.681621631251368,0.131689627369445,-0.2673402955559495,0.0106382727312763,0.000113172846705,0.2674989967513362,0.6761920621513254,0.1221203351678088,0.0412840301112816,0.0014887558042637,-0.6877728165940714,0.1425990392703937,1,0.948683083455944,18.43494882292197,2.9999978540553585,4.75,0.9469301294951056,2,0.1622983870967742,0.1975308641975308,0.1546558135049956
0.9429780515639212,0.0022611807538537,1.685676790089156,2.9568964599210616,-0.2698153124697417,0.0112007749147051,0.0001254573586898,0.2699896217675078,1.6835411300461387,2.9501441915732727,0.0416291509476603,0.001567974517737,-1.688088499646998,2.9645270956386085,1,0.9486830858361948,18.43494882292201,2.999997877857836,5.0,0.9659258262890684,2,0.1622983870967742,0.1975308641975308,0.1546558135049956
0.9418850481958368,0.0005246133446044,0.0701134611689197,1.4520953539686303,-0.2752280342239296,0.00260765360735,6.799857335925844e-06,0.275237298918171,0.0681240679319582,1.4519326427756225,0.042387307885396,0.0003623595194408,-0.0723789470072404,1.452281729615935,1,0.9486830856533752,18.434948822922006,2.9999978760296435,5.25,0.9807852804032304,2,0.1622983870967742,0.1975308641975308,0.1546558135049956
0.940632782778402,0.0029446464732243,-1.9325368844275652,3.7975914876058425,-0.2814859716610134,0.0147036566220792,0.00021619751806,0.2817738461612256,-1.9332253714811352,3.7995403077787095,0.0432470107644514,0.002023380354296,1.9317444728170867,3.79535076345536,1,0.94868310351952,18.4349488229219,2.9999980546909377,5.5,0.9914448613738104,2,0.1622983870967742,0.1975308641975308,0.1546558135049956
0.9395489905879326,0.0028066331901091,-0.4036146583082244,-3.713775928715089,-0.2868871046280652,0.0140131774139599,0.0001963691412351,0.2871436707604765,-0.4063078597012298,-3.698902529963302,0.0439933956477755,0.0019287551479648,0.4005500509239753,-3.730705649813508,1,0.9486830977170294,18.43494882292205,2.9999979966660666,5.75,0.9978589232386036,2,0.1622983870967742,0.1975308641975308,0.1546558135049956
0.9384649434774984,0.0024328882012023,1.335047191734794,2.23781894939998,-0.2922957605927122,0.0121468894012543,0.0001475469221263,0.2924849942340068,1.330347119030367,2.2280905356319085,0.0447389716576857,0.0016719490328621,-1.3403926820055874,2.248923347680881,1,0.948683099778828,18.43494882292197,2.999998017284041,6.0,1.0,2,0.1622983870967742,0.1975308641975308,0.1546558135049956
0.9369901792201062,0.0010433924078181,0.3128637618906232,-3.7746409595203954,-0.2996175998074951,0.0051723994383622,2.6753715949969824e-05,0.2996510827635485,0.3310085732892093,-3.793046622285498,0.0457531946934961,0.0007156884053586,-0.3096827299964909,-3.7656279470777463,1,0.948683104211762,18.43494882292197,2.9999980616133444,6.25,0.9978589232386036,2,0.1622983870967742,0.1975308641975308,0.1546558135049956
0.9360819411900232,0.002490907564115,-1.2736207025957251,1.2235952648707276,-0.3040871521702936,0.0123284604148016,0.0001519909361993,0.3042745295242258,-1.2798219725812323,1.2599529249260613,0.0463745454136372,0.0017043267966165,1.2685306584127305,1.201757632964025,1,0.9486831134371136,18.434948822921942,2.999998153866782,6.5,0.9914448613738104,2,0.1622983870967742,0.1975308641975308,0.1546558135049956
0.9344778543732548,0.0027286714902954,0.1796469337006545,-4.133268876764198,-0.3118825621634932,0.0133158626238868,0.0001773121974182,0.3120956852148538,0.2004741938926703,-4.222055005625636,0.0474758585877872,0.0018706833194237,-0.1771991546905767,-4.10662554576845,1,0.9486831156070258,18.434948822921875,2.999998175565895,6.75,0.9807852804032304,2,0.1622983870967742,0.1975308641975308,0.1546558135049956
0.9327321325957588,0.0023433242500651,1.2231282405342123,1.8778089374224844,-0.320370718852646,0.0113655922861876,0.0001291766880158,0.3205218869502881,1.2636149346802934,2.055219002653393,0.0486724576481257,0.0016056790571517,-1.2189486702654573,1.8478545771457373,1,0.9486831186913878,18.434948822921974,2.9999982064094772,7.0,0.9659258262890684,2,0.1622983870967742,0.1975308641975308,0.1546558135049956
0.9311073962242568,0.001365515700257,-0.1584292834186633,-2.0616615296584015,-0.3282654378879659,0.0065228314640774,4.254733030875876e-05,0.3283140390076395,-0.2435198911064063,-2.2314872590050623,0.0497840484285238,0.0009351720774651,0.1373717998276725,-2.024652907261748,1,0.9486831211522742,18.434948822921974,2.9999982310183206,7.25,0.9469301294951056,2,0.1622983870967742,0.1975308641975308,0.1546558135049956
0.9291124947679305,0.003131168445293,-1.482391955696076,2.4315211400552847,-0.3379640861577509,0.0154476314355782,0.0002386293169694,0.338228762112525,-1.483676034350559,2.4401259310709733,0.0511397923300354,0.0021189997099133,1.477690922818718,2.417986929908089,1,0.948683131917624,18.434948822922102,2.999998338671719,7.5,0.9238795325112868,2,0.1622983870967742,0.1975308641975308,0.1546558135049956
0.9286979657354136,0.0027461056414242,-1.861505505068578,3.5208997329687506,-0.3399210853866489,0.0136094525150963,0.0001852171977606,0.3401253551100803,-1.862872542986052,3.510988144792062,0.051424290307822,0.0018550337856634,1.8598224869919135,3.518507519841158,1,0.948683119720876,18.43494882292205,2.9999982167043413,7.75,0.8968727415326884,2,0.1622983870967742,0.1975308641975308,0.1546558135049956
0.9285761631787152,0.0026465600760356,-1.9373945396735808,3.7728452136040502,-0.3402771170880589,0.0133128492471773,0.000177231955078,0.3404723782923798,-1.911688274288712,3.6731395039893897,0.0515143164121646,0.0017817205353313,1.9414299896654552,3.7891369107145536,1,0.9486831199693772,18.43494882292201,2.9999982191893575,8.0,0.8660254037844387,2,0.1622983870967742,0.1975308641975308,0.1546558135049956
0.9288645822947136,0.0028378146366966,-1.9433007248550411,3.8276699191493937,-0.3385183228514805,0.0144810294830878,0.00020970021489,0.3387505425343951,-1.91770577742281,3.756275278225875,0.0513284659975304,0.0019049131118835,1.9474328808066723,3.838798166309143,1,0.9486831185291392,18.434948822921907,2.9999982047870017,8.25,0.8314696123025451,2,0.1622983870967742,0.1975308641975308,0.1546558135049956
0.9295539180681254,0.0014715658567,-1.7870166157989151,3.414177159753887,-0.3347407819142209,0.0070315091133631,4.944212041130954e-05,0.3347961658484948,-1.6468726251286483,3.102292015147029,0.0508746044589503,0.0010046541010934,1.8093689602003304,3.4638752412557743,1,0.9486831261571868,18.434948822921942,2.999998281067412,8.5,0.7933533402912352,2,0.1622983870967742,0.1975308641975308,0.1546558135049956
0.92864560255982,0.0020214024861336,-0.0873991024688223,-4.624840629976674,-0.3389523337773798,0.0098281466157885,9.65924659014351e-05,0.3390591820354651,-0.0719540005192546,-4.435077755173172,0.0514976466109547,0.0013736981109805,0.0889749690824684,-4.665506555865434,1,0.9486831281125548,18.434948822921974,2.9999983006210713,8.75,0.7518398074789774,2,0.1622983870967742,0.1975308641975308,0.1546558135049956
0.9286439575469584,0.002019884874696,-0.0858276308459826,-4.613954261714749,-0.3384225533839198,0.0103426898887446,0.0001069712341347,0.3385410655511284,-0.146072012475236,-5.006729888299187,0.0515147634753675,0.0013581051908636,0.0632090326712517,-4.490639104746004,1,0.9486831202103068,18.434948822921974,2.9999982215986547,9.0,0.7071067811865476,2,0.1622983870967742,0.1975308641975308,0.1546558135049956
0.9290910371893556,0.0026989247482817,0.5483445107150525,-2.0518578817116904,-0.3356785993211267,0.0143647704899729,0.0002063466312295,0.3359090383059319,0.5110002914294642,-2.3376666664550783,0.0512265102122434,0.0017996414210014,-0.5614436236624333,-1.9694134780734984,1,0.9486831143031436,18.434948822921974,2.999998162527071,9.25,0.659345815100069,2,0.1622983870967742,0.1975308641975308,0.1546558135049956
0.9305449147603296,0.0030207536342292,-0.9953879147187736,-0.1592682299252708,-0.3279936642895857,0.0158711668462323,0.0002518939370609,0.3282815320222955,-1.0524901295497275,0.0788268403290448,0.0502542374369996,0.0020214371923091,0.9771118288994116,-0.2349225639786762,1,0.9486831123646736,18.434948822921942,2.999998143142392,9.5,0.6087614290087209,2,0.1622983870967742,0.1975308641975308,0.1546558135049956
0.9315682003374982,0.0014997046875027,0.1000872088977192,-4.207037640427149,-0.3223647030070343,0.0075028914498831,5.629338010873032e-05,0.3224301812484297,0.0427517705001318,-3.9390650756028585,0.0495783910168387,0.0010177968502948,-0.1124617401463319,-4.25716970367815,1,0.9486831189714046,18.43494882292208,2.9999982092096293,9.75,0.5555702330196025,2,0.1622983870967742,0.1975308641975308,0.1546558135049956
0.9318827915495456,0.0011673171423897,0.031775895109049,-2.573842868790612,-0.3204258898849013,0.0055135162140085,3.039886104213553e-05,0.3204614642266878,-0.1445629931687908,-1.488440854203576,0.0493760949187648,0.0008028683467365,-0.0638345714890369,-2.783103430481045,1,0.9486831173205243,18.434948822921907,2.9999981927008643,10.0,0.4999999999999999,2,0.1622983870967742,0.1975308641975308,0.1546558135049956
0.9319416095644092,0.0012105063747159,-0.1379559134482864,-3.577658160481615,-0.3196863935234195,0.0061160737451956,3.7406358056671126e-05,0.3197302690902964,-0.4192098792278453,-3.48953542104951,0.0493493771576547,0.0008219814306041,0.0575916244374837,-3.484598747093882,1,0.9486831139013446,18.434948822922017,2.999998158509082,10.25,0.4422886902190017,2,0.1622983870967742,0.1975308641975308,0.1546558135049956
0.9327448415321228,0.0025966471752127,1.380199316699473,1.702748054416313,-0.3150182456842648,0.013868149301065,0.0001923255650366,0.3152471082940644,1.3077231582506983,1.5033843370437123,0.0488209439453775,0.0017416299106419,-1.400247131389487,1.763084885681586,1,0.9486831038976616,18.43494882292201,2.999998058472338,10.5,0.3826834323650899,2,0.1622983870967742,0.1975308641975308,0.1546558135049956
0.9338647249210156,0.0023030826141217,-0.0151408451190844,-2.883891698960104,-0.3088476662535128,0.0121761771686963,0.0001482592904434,0.3090276288911301,-0.0627712804290347,-2.9751452077542417,0.04807650048362,0.0015488735082339,0.00031770375148,-2.8611483589376494,1,0.9486831076925452,18.43494882292205,2.9999980964211352,10.75,0.3214394653031617,2,0.1622983870967742,0.1975308641975308,0.1546558135049956
0.9350381191398698,0.0016673605953166,-1.376116477265838,1.631916348766966,-0.3026698295660194,0.0086936744852149,7.557997605487774e-05,0.3027634566977406,-1.433815921779073,1.8975469688423752,0.0472868957841573,0.0011260673461984,1.3602459532166102,1.5599846068096657,1,0.9486831050815536,18.43494882292194,2.9999980703112583,11.0,0.258819045102521,2,0.1622983870967742,0.1975308641975308,0.1546558135049956
0.9359380855812268,0.0006095769331662,-1.5341002371206898,2.243893338964835,-0.2980851997856985,0.0029362636261261,8.621644082111477e-06,0.2980960458716982,-1.4384186287184724,2.214496644838974,0.0466758996699849,0.000419934477583,1.546037743212107,2.241984486415186,1,0.9486831042079752,18.43494882292197,2.999998061575474,11.25,0.1950903220161281,2,0.1622983870967742,0.1975308641975308,0.1546558135049956
0.9356228491515592,0.0006078457661597,0.1783794120018841,-4.774816398966895,-0.2998582167673981,0.003051108973698,9.309265969380633e-06,0.2998698586260399,0.1029753661075172,-5.248146664331285,0.0468853736096849,0.000415609780362,-0.1795837985753418,-4.570957305955355,1,0.9486831073447708,18.43494882292205,2.999998092943392,11.5,0.130526192220052,2,0.1622983870967742,0.1975308641975308,0.1546558135049956
0.9361081391985556,0.0007660707448882,-0.2219965917575966,0.8186216003397089,-0.297421570288893,0.0041699428599459,1.7388423455214246e-05,0.2974434934415317,-0.2403499809554743,1.1721356445152118,0.0465540421243142,0.0005135841831125,0.2148769986217031,0.7163416856938767,1,0.9486831022025716,18.43494882292201,2.9999980415214527,11.75,0.0654031292301431,2,0.1622983870967742,0.1975308641975308,0.1546558135049956
0.9361279605805228,0.0007630682167228,-0.3782292897619988,1.1995265602179916,-0.2973409458549461,0.004162918087365,1.732988700211138e-05,0.297362801132162,-0.3572333768156274,1.387021726217812,0.0465399455397893,0.000511220869265,0.3803701264851291,1.142612274227659,1,0.9486831048479756,18.43494882292201,2.9999980679754694,12.0,1.2246467991473532e-16,2,0.1622983870967742,0.1975308641975308,0.1546558135049956
0.9364404779972414,0.001050409136065,-0.4018517258050125,-1.7150719721716694,-0.2956783823453351,0.005594102696883,3.1293984983274516e-05,0.2957180689019388,-0.5163338074759581,-1.5715253345766556,0.0463290638098776,0.0007080826179744,0.3723895545610136,-1.7466707207767964,1,0.9486831006210898,18.434948822922088,2.9999980257066405,12.25,-0.0654031292301428,2,0.1622983870967742,0.1975308641975308,0.1546558135049956
0.9368768529391824,0.0006052080168356,-0.7131241974316801,1.641729112325086,-0.2933530332604343,0.0031001209354306,9.610749814295591e-06,0.293365318648027,-0.7565946196794437,1.4856091367590434,0.0460351332792442,0.0004119526950523,0.7004611199531386,1.664047370870854,1,0.9486831024723325,18.43494882292201,2.999998044219058,12.5,-0.1305261922200517,2,0.1622983870967742,0.1975308641975308,0.1546558135049956
0.9365912824025548,0.0007717577753671,0.4914479634709395,-2.6284596903153457,-0.2948490406840192,0.0039054418537212,1.5252476072797802e-05,0.294868438713507,0.530953041218472,-2.46799359508368,0.0462283765092309,0.0005265665645274,-0.4837779387497477,-2.6594452357579623,1,0.9486831054423516,18.43494882292194,2.999998073919233,12.75,-0.1950903220161279,2,0.1622983870967742,0.1975308641975308,0.1546558135049956
0.9376811156668284,0.0019580620500732,1.2672107227681646,2.0207955710333803,-0.2893257219350638,0.0099171010712824,9.83488936580307e-05,0.2894531655440817,1.2720601356490928,2.0044897889118545,0.0454832132611011,0.0013391103035246,-1.2698194683975292,2.03201498598405,1,0.9486830916407376,18.43494882292201,2.9999979359032114,13.0,-0.2588190451025208,2,0.1622983870967742,0.1975308641975308,0.1546558135049956
0.9376186884495378,0.0019682477788206,1.43286039576744,2.555927862320587,-0.2897209882850416,0.009986055225101,9.972129895876716e-05,0.2898500336848014,1.4757441382955578,2.6640219167221737,0.045523486720052,0.0013456345855131,-1.4263585710539584,2.5378146092470395,1,0.9486831013163202,18.43494882292194,2.9999980326589544,13.25,-0.3214394653031615,2,0.1622983870967742,0.1975308641975308,0.1546558135049956
0.93766016529757,0.0019496587123731,1.3648804541449004,2.5288188620436145,-0.2896482700718873,0.0099517056635303,9.903644561354214e-05,0.28977646158694,1.4544500141197962,2.655673197452053,0.0454910813021336,0.0013312596274418,-1.347360170739165,2.5058526237328707,1,0.948683101919872,18.43494882292205,2.999998038694455,13.5,-0.3826834323650896,2,0.1622983870967742,0.1975308641975308,0.1546558135049956
0.9378892027518768,0.0017066356227383,1.9112336949040547,3.7137124848763072,-0.2887934140861566,0.0090423721511048,8.176449411907705e-05,0.2888995662685007,1.8511558149811025,3.5300801713236716,0.0453258277335334,0.0011562244995292,-1.923500491607123,3.752060794717885,1,0.9486831026785604,18.43494882292194,2.999998046281345,13.75,-0.4422886902190014,2,0.1622983870967742,0.1975308641975308,0.1546558135049956
0.9365686195369892,0.0009696555970047,-1.733048228527344,3.090993691126542,-0.2958951945975789,0.0054627018314501,2.98411112993291e-05,0.2959330110336016,-1.6099749834097157,2.6558128119041733,0.0462159145846296,0.0006446896330182,1.7602589151978547,3.1865083999064012,1,0.9486831072226888,18.434948822922006,2.9999980917225786,14.0,-0.4999999999999998,2,0.1622983870967742,0.1975308641975308,0.1546558135049956
0.9418738791139146,0.0033441668397476,-1.032763299499032,1.9950592162099632,-0.2855283832799506,0.0153601393899632,0.0002359338820791,0.2858380801608174,0.0215151804345836,-5.827215091774467,0.042167110683184,0.0026276933777069,0.4320751648474932,1.507696072107276,1,0.9486830682094964,18.434948822921967,2.9999977015910364,0.0,0.0,2,0.1381048387096774,0.1839080459770115,0.0808680936774249
0.9446621785523484,0.0028380906391778,0.926444983689082,-0.6724011564969725,-0.2812780655904372,0.0128046770196773,0.0001639597535782,0.2814965719107111,-1.3727771125284831,1.5179994214550785,0.0400269007327402,0.0024208014347685,-0.6207749343065931,-2.344128612995956,1,0.9486830548046912,18.434948822922017,2.999997567543121,0.25,0.065403129230143,2,0.1381048387096774,0.1839080459770115,0.0808680936774249
0.945154094198584,0.0024107304477746,0.9573728422470458,1.174086397528587,-0.2892624883539646,0.0159778635713998,0.0002552921243062,0.2895932600423522,0.2193901147945182,-3.4172133454865143,0.0394598435265139,0.001980149492548,-0.1869703463340734,0.8506304640567706,1,0.9486830724398728,18.434948822921967,2.999997743894758,0.5,0.1305261922200515,2,0.1381048387096774,0.1839080459770115,0.0808680936774249
0.9453951252078724,0.0021208042860791,1.483897204901507,2.0421561384549776,-0.2985843669986065,0.0121397737085495,0.0001473741056947,0.2987694007009919,1.4810461710914813,2.0312774027080867,0.039064782452443,0.0014456438754939,-1.4869166719789308,2.0536811793216927,1,0.9486830742273936,18.43494882292197,2.999997761769946,0.75,0.1950903220161282,2,0.1381048387096774,0.1839080459770115,0.0808680936774249
0.946706198885258,0.0033027647906432,0.3152379382687618,-4.026928377230135,-0.2911020637359862,0.0188794354335115,0.0003564330822881,0.2915608621249884,0.3122364674301472,-4.041592986899365,0.0381682430014479,0.0022546331524317,-0.3184369466583372,-4.0112762454616036,0,0.9486830450378624,18.43494882292196,2.999997469874952,1.0,0.2588190451025207,2,0.1381048387096774,0.1839080459770115,0.0808680936774249
0.9468380676480108,0.0034032079117678,0.1611931359897205,-4.896711626937982,-0.2903505563402712,0.0194532853031535,0.0003784303090858,0.2908389043764943,0.1593322767289398,-4.905261816687268,0.0380779331480233,0.0023232379382687,-0.1631781081383813,-4.8875647525031525,1,0.9486830524063868,18.43494882292187,2.999997543560123,1.25,0.3214394653031616,2,0.1381048387096774,0.1839080459770115,0.0808680936774249
0.9471766912503732,0.0031051631550506,-0.0774207590524979,-3.315054726761023,-0.2884077095672286,0.0177452024000464,0.0003148922082186,0.2888168556265008,-0.0818025134696021,-3.3118687686456223,0.0378476824800316,0.0021203358226981,0.0727734121827339,-3.3182893518831023,1,0.9486830671079745,18.43494882292192,2.9999976905758325,1.5,0.3826834323650898,2,0.1381048387096774,0.1839080459770115,0.0808680936774249
0.9478802389778768,0.0022633878302853,0.2291517494860538,-3.0330568933305493,-0.2843729664896213,0.012914295934221,0.0001667790394766,0.2845928114863672,0.2257650270047462,-3.0394296190354364,0.0373690639658477,0.0015481158359369,-0.2327441451233553,-3.0262266682138588,1,0.948683063038098,18.434948822922056,2.9999976498770966,1.75,0.4422886902190012,2,0.1381048387096774,0.1839080459770115,0.0808680936774249
0.9466888778584854,0.0015675485178578,1.591304546691258,2.3845430533652294,-0.2911691982884412,0.0089549850090801,8.019175651284963e-05,0.2912724598195278,1.5896006985315398,2.3774337344861216,0.0381841054661153,0.0010707793274182,-1.5931075493408355,2.3920641439824877,1,0.948683066279974,18.43494882292192,2.9999976822958354,2.0,0.4999999999999999,2,0.1381048387096774,0.1839080459770115,0.0808680936774249
0.9463535955402658,0.0009402363338077,0.9735339157287948,-0.3591406587818273,-0.2930813099049852,0.0053782248466191,2.892530250079202e-05,0.2931183177361964,0.971907692034946,-0.366172090430366,0.0384135482719636,0.0006413915558391,-0.9752601117245004,-0.3516759184537612,1,0.9486830584092696,18.434948822921967,2.9999976035888705,2.25,0.5555702330196022,2,0.1381048387096774,0.1839080459770115,0.0808680936774249
0.9458133708351748,0.0017968247364079,-0.956556337208792,1.2103551742456222,-0.2961830474368279,0.0102997505983696,0.0001060848623886,0.2963173319867704,-0.9612301714389212,1.2188194172670492,0.0387806016659613,0.0012229733522596,0.9515765082873558,1.201374986898163,1,0.9486830754927869,18.43494882292188,2.9999977744238753,2.5,0.6087614290087207,2,0.1381048387096774,0.1839080459770115,0.0808680936774249
0.945040971009697,0.0020360454906077,0.6759595486772322,-2.226591386805316,-0.3006137199243514,0.0116709773045732,0.0001362117112438,0.3007835889642077,0.6731283572158068,-2.2416899374842068,0.0393059246125533,0.0013857980648014,-0.6789744282388107,-2.2105190444098657,1,0.94868307526247,18.43494882292201,2.999997772120692,2.75,0.6593458151000688,2,0.1381048387096774,0.1839080459770115,0.0808680936774249
0.9448291858819372,0.0019823202324672,1.347075729639138,1.1861873008502233,-0.3018278516692226,0.011360776778036,0.0001290672490003,0.3019881661257751,1.344294803983147,1.1729232156625855,0.039450053956582,0.0013495135257846,-1.3500275907323611,1.2002581143481752,1,0.9486830696706468,18.43494882292197,2.999997716202524,3.0,0.7071067811865475,2,0.1381048387096774,0.1839080459770115,0.0808680936774249
0.9434467281863956,0.0011497893246442,0.2099584930873791,1.5102116117747393,-0.3097599157083071,0.0066126712432578,4.372742097140956e-05,0.3098128482573734,0.2054444544996991,1.5091588392520308,0.0403900457044979,0.0007798270487503,-0.2147671036587665,1.5113584702594896,1,0.94868308021779,18.434948822922017,2.9999978216738437,3.25,0.7518398074789774,2,0.1381048387096774,0.1839080459770115,0.0808680936774249
0.9434227382254616,0.0011527663700491,0.3313500559537827,1.4691038957339408,-0.3098979312991252,0.0066296623881211,4.395242338046878e-05,0.3099511125016538,0.3269501123837704,1.4674018348050524,0.0404063109763497,0.0007818625638872,-0.3360366318669398,1.4709414554182452,1,0.9486830758502784,18.43494882292193,2.999997777998781,3.5,0.7933533402912352,2,0.1381048387096774,0.1839080459770115,0.0808680936774249
0.9440554731239236,0.0017189274001901,-0.0768802266990142,-2.252592583233117,-0.3062666241097088,0.0098769181963163,9.755351305672462e-05,0.3063860476235013,-0.0802783393965656,-2.2511028467777514,0.0399762021342433,0.0011669670535636,0.0732611213440654,-2.2541247938870104,1,0.948683065352308,18.43494882292192,2.999997673019187,3.75,0.8314696123025451,2,0.1381048387096774,0.1839080459770115,0.0808680936774249
0.9434580171801744,0.0017455468866593,1.545159175335163,2.345399072780774,-0.3097015478434384,0.0100279273614585,0.0001005593271666,0.3098232854902885,1.5429582128003076,2.337508935492579,0.0403815635988124,0.0011852834386689,-1.5474963882043975,2.3537808610470243,1,0.948683078696003,18.43494882292189,2.999997806456004,4.0,0.8660254037844386,2,0.1381048387096774,0.1839080459770115,0.0808680936774249
0.944186073987136,0.0015787672330646,0.1151485394520229,-3.20348277878724,-0.3055145640562632,0.0090682066104113,8.223237112910888e-05,0.3056154824756685,0.1128388032140348,-3.2057727790731914,0.0398877431063562,0.0010722345625745,-0.117608605508105,-3.201007045478038,1,0.9486830692805244,18.43494882292197,2.9999977123013055,4.25,0.8968727415326884,2,0.1381048387096774,0.1839080459770115,0.0808680936774249
0.943326917265281,0.0027426102604756,-0.6397893581437325,-1.4725811618043636,-0.3104727683840602,0.015790640256535,0.0002493443197113,0.3107737893514284,-0.6448833374400925,-1.4555767295284952,0.0404683186321557,0.0018579680530011,0.6343567447091567,-1.4906502030736777,1,0.948683087899322,18.434948822921932,2.9999978984890987,4.5,0.9238795325112868,2,0.1381048387096774,0.1839080459770115,0.0808680936774249
0.9421243452629208,0.0021992163360717,0.6815920881034158,0.1316374449122364,-0.3173883372725564,0.0126707256660043,0.0001605472889031,0.3175779701164986,0.6757923390010364,0.1214190088706583,0.0412840301112817,0.0014887558042638,-0.68777281661589,0.1425990460385637,1,0.948683083455944,18.43494882292197,2.9999978540553585,4.75,0.9469301294951056,2,0.1381048387096774,0.1839080459770115,0.0808680936774249
0.941613546645712,0.0023158463332182,1.6856651803176952,2.9568597452927605,-0.3203365717454477,0.0133405465303022,0.0001779701817271,0.3205448437175709,1.683383487521044,2.949646023224595,0.0416291509476604,0.001567974517737,-1.6880884996338164,2.964527091602527,1,0.9486830858361948,18.43494882292201,2.999997877857836,5.0,0.9659258262890684,2,0.1381048387096774,0.1839080459770115,0.0808680936774249
0.940494120841744,0.0005373063347219,0.0701025763466573,1.4520948317709357,-0.3267831980115013,0.0031066019775239,9.650975846755913e-06,0.3267942727994318,0.0679772410788988,1.451921262060072,0.042387307885396,0.0003623595194409,-0.0723789481033691,1.452283179118142,1,0.9486830856533752,18.434948822922006,2.9999978760296435,5.25,0.9807852804032304,2,0.1381048387096774,0.1839080459770115,0.0808680936774249
0.939211519244029,0.0030159675554126,-1.932540681134875,3.797602227971634,-0.3342414938423127,0.0175229951806052,0.0003070553600995,0.3345858151894902,-1.9332762241408417,3.7996843238218503,0.0432470107644514,0.002023380354296,1.9317444728140636,3.795350764647722,1,0.9486831035195198,18.43494882292194,2.9999980546909315,5.5,0.9914448613738104,2,0.1381048387096774,0.1839080459770115,0.0808680936774249
0.9381014889589888,0.0028746099954409,-0.4036294693300997,-3.71369411816616,-0.3406773199730624,0.0167000011293531,0.0002788900377203,0.3409841695333069,-0.4065088537137009,-3.6977926872359266,0.0439933956477755,0.0019287551479647,0.4005500509403042,-3.7307056531817224,1,0.9486830977170296,18.434948822922017,2.9999979966660733,5.75,0.9978589232386036,2,0.1381048387096774,0.1839080459770115,0.0808680936774249
0.9369911905271526,0.0024918126248775,1.3350213476208823,2.237765374379725,-0.3471226637540092,0.0144758596669211,0.0002095505130963,0.3473489694478761,1.3299962008877313,2.227365727929481,0.0447389716576858,0.0016719490328621,-1.3403926819857748,2.2489233357367837,1,0.948683099778828,18.434948822921935,2.9999980172840477,6.0,1.0,2,0.1381048387096774,0.1839080459770115,0.0808680936774249
0.9354806581091896,0.0010687418441951,0.3127615300337325,-3.774577933843416,-0.3558590763508345,0.0061787025307224,3.817636496315564e-05,0.3558993038697768,0.3273545107640695,-3.791311192337579,0.0457531946934961,0.0007156884053586,-0.3096827296368661,-3.765628156167839,1,0.948683104211762,18.43494882292197,2.9999980616133444,6.25,0.9978589232386036,2,0.1381048387096774,0.1839080459770115,0.0808680936774249
0.9345502783129328,0.0025515240453221,-1.2736330536718985,1.2235774733328544,-0.3612124493022288,0.0147439094048978,0.0002173828645398,0.3614380592567978,-1.2797107250235882,1.2569483000669273,0.0463745454136373,0.0017043267966165,1.2685306584213536,1.2017576316203442,1,0.9486831134371136,18.434948822921942,2.999998153866782,6.5,0.9914448613738104,2,0.1381048387096774,0.1839080459770115,0.0808680936774249
0.9329070044720412,0.00279529782704,0.1795158600464782,-4.132891473048611,-0.3705700187751289,0.0159736806414816,0.000255158473236,0.3708281376459003,0.1959158925782948,-4.207490750605251,0.0474758585877873,0.0018706833194236,-0.1771991546786845,-4.106625546509205,1,0.9486831156070258,18.434948822921875,2.999998175565895,6.75,0.9807852804032304,2,0.1381048387096774,0.1839080459770115,0.0808680936774249
0.9311186091042506,0.002400660929688,1.22288135219139,1.8768261553833696,-0.3807627423440452,0.0136579695847946,0.0001865401331791,0.3809464149421051,1.254349295051467,2.01852165041311,0.0486724576481257,0.0016056790571517,-1.218948670290497,1.8478545874780712,1,0.9486831186913878,18.434948822921974,2.9999982064094772,7.0,0.9659258262890684,2,0.1381048387096774,0.1839080459770115,0.0808680936774249
0.9294541135343816,0.0013990885884646,-0.1580494098721123,-2.0607860786674124,-0.3902497822214255,0.0078712076786193,6.195591031995602e-05,0.3903093125414899,-0.2276212342224243,-2.1986978214375412,0.0497840484285238,0.0009351720774651,0.1373717998276725,-2.024652922028091,1,0.9486831211522742,18.434948822921974,2.9999982310183206,7.25,0.9469301294951056,2,0.1381048387096774,0.1839080459770115,0.0808680936774249
0.9274102463499756,0.0032078403307874,-1.482436041920538,2.4316124760014084,-0.4019264243136133,0.0185497723300624,0.0003440940534971,0.4022473382157426,-1.48473165370408,2.441874964301981,0.0511397923300354,0.0021189997099133,1.477690922818718,2.417986929908089,1,0.948683131917624,18.434948822922102,2.999998338671719,7.5,0.9238795325112868,2,0.1381048387096774,0.1839080459770115,0.0808680936774249
0.9269855026867826,0.0028133158478018,-1.861507375281438,3.5209803764088328,-0.4042938903508425,0.0163317230984783,0.0002667251793653,0.4045412137960033,-1.863079371558522,3.5144996582201955,0.051424290307822,0.0018550337856634,1.8598224869919135,3.518507519841158,1,0.948683119720876,18.43494882292205,2.9999982167043413,7.75,0.8968727415326884,2,0.1381048387096774,0.1839080459770115,0.0808680936774249
0.9268604799606264,0.0027111490847662,-1.937503768569874,3.773278893910753,-0.404778906800405,0.0159292458242601,0.0002537408725297,0.405013912162198,-1.917566744715569,3.695557290247148,0.0515143164121646,0.0017817205353314,1.9414299896654552,3.789136909593875,1,0.9486831199693772,18.43494882292201,2.9999982191893575,8.0,0.8660254037844387,2,0.1381048387096774,0.1839080459770115,0.0808680936774249
0.9271556169038528,0.0029068562402742,-1.9434125066858867,3.827976207674247,-0.4027485879618878,0.0172773948021565,0.0002985083711495,0.4030264338522439,-1.923463050306795,3.772540786323308,0.0513284659975304,0.0019049131118836,1.9474328808066723,3.83879816716685,1,0.9486831185291392,18.434948822921907,2.9999982047870017,8.25,0.8314696123025451,2,0.1381048387096774,0.1839080459770115,0.0808680936774249
0.927861483170746,0.0015078157766062,-1.7875682162701625,3.4154122171760797,-0.3982983904851592,0.0084911918980853,7.210033985010954e-05,0.3983662675452784,-1.6793229544636266,3.1742034168001645,0.0508746044589503,0.0010046541010934,1.8093689602003304,3.4638752523417224,1,0.9486831261571868,18.434948822921942,2.999998281067412,8.5,0.7933533402912352,2,0.1381048387096774,0.1839080459770115,0.0808680936774249
0.926930664109517,0.0020710217441695,-0.0874790001480654,-4.625666181739998,-0.4034190207369536,0.0118322307970998,0.0001400016856358,0.4035491389615271,-0.075725236068662,-4.473735841244046,0.0514976466109547,0.0013736981109806,0.0889749690824684,-4.665506552693868,1,0.9486831281125548,18.434948822921974,2.9999983006210713,8.75,0.7518398074789774,2,0.1381048387096774,0.1839080459770115,0.0808680936774249
0.926928445565005,0.002068975542783,-0.0854075050714341,-4.6113216968867405,-0.4029108664699607,0.0123211075105423,0.0001518096902863,0.4030521350734787,-0.1391653277970086,-4.95153426314419,0.0515147634753675,0.0013581051908637,0.0632090327217384,-4.490639128384801,1,0.9486831202103068,18.434948822921974,2.9999982215986547,9.0,0.7071067811865476,2,0.1381048387096774,0.1839080459770115,0.0808680936774249
0.9273859099592372,0.0027639009421846,0.5484917159111977,-2.0505401136966555,-0.3997484081942726,0.0169881306415427,0.0002885965826941,0.4000190461601495,0.516801367207407,-2.288585260843945,0.0512265102122434,0.0017996414210014,-0.5614436236835,-1.9694134754467376,1,0.9486831143031436,18.434948822921974,2.999998162527071,9.25,0.659345815100069,2,0.1381048387096774,0.1839080459770115,0.0808680936774249
0.9288748186696762,0.0030936637326614,-0.995150820804332,-0.1602576158468966,-0.3906514717909662,0.0188123948125231,0.0003539061985822,0.3909910511269858,-1.0431490316327667,0.0397274515576349,0.0502542374369996,0.0020214371923091,0.9771118288848682,-0.2349225594730075,1,0.9486831123646736,18.434948822921942,2.999998143142392,9.5,0.6087614290087209,2,0.1381048387096774,0.1839080459770115,0.0808680936774249
0.9299225751446708,0.0015362289176205,0.1003242833355506,-4.208238560384903,-0.3840318997769087,0.0089689769407401,8.044254736352789e-05,0.3841104423948726,0.0543435814173535,-3.995350359911015,0.0495783910168388,0.0010177968502948,-0.1124617399852304,-4.2571697355727665,1,0.9486831189714046,18.43494882292208,2.9999982092096293,9.75,0.5555702330196025,2,0.1381048387096774,0.1839080459770115,0.0808680936774249
0.9302444711709944,0.0011960795947678,0.0324529101917439,-2.578594915182139,-0.3817981088546841,0.0066626728572674,4.439120960296886e-05,0.381841707167009,-0.1059024997496668,-1.7139076511470428,0.0493760949187648,0.0008028683467365,-0.0638345714890369,-2.783103457661813,1,0.9486831173205243,18.434948822921907,2.9999981927008643,10.0,0.4999999999999999,2,0.1381048387096774,0.1839080459770115,0.0808680936774249
0.9303042799787352,0.0012399726471348,-0.1362896853139815,-3.5760072252583193,-0.3810177165609166,0.0072868556453939,5.309826519680987e-05,0.3810699726194561,-0.3760967761132648,-3.569387955527045,0.0493493771576546,0.0008219814306041,0.0575916241344503,-3.48459872225593,1,0.9486831139013446,18.434948822922017,2.999998158509082,10.25,0.4422886902190017,2,0.1381048387096774,0.1839080459770115,0.0808680936774249
0.9311263833697874,0.0026589212681977,1.3805204706594791,1.7036334360203345,-0.3755949104492429,0.0163606000676116,0.0002676692345723,0.3758620607101819,1.3203806410702568,1.5363661140432452,0.0488209439453775,0.0017416299106419,-1.400247131389487,1.763084884454102,1,0.9486831038976616,18.43494882292201,2.999998058472338,10.5,0.3826834323650899,2,0.1381048387096774,0.1839080459770115,0.0808680936774249
0.9322729517671462,0.002358428552689,-0.0149315342877719,-2.883395439974624,-0.3683536485633996,0.0143904099571108,0.0002070838987337,0.3685644086642376,-0.0550016918012877,-2.9588032518321388,0.04807650048362,0.0015488735082339,0.000317703779096,-2.861148362512699,1,0.9486831076925452,18.43494882292205,2.9999980964211352,10.75,0.3214394653031617,2,0.1381048387096774,0.1839080459770115,0.0808680936774249
0.933474573209314,0.0017075319278647,-1.3758467164817203,1.6306383510541949,-0.361045947537211,0.0102982941208142,0.0001060548617987,0.3611560845111044,-1.4238135738207234,1.8513585546273037,0.0472868957841573,0.0011260673461984,1.3602459533245492,1.5599845800375522,1,0.9486831050815536,18.43494882292194,2.9999980703112583,11.0,0.258819045102521,2,0.1381048387096774,0.1839080459770115,0.0808680936774249
0.9343963274141496,0.0006244950279202,-1.5344164848197983,2.243957106839085,-0.3555911312810963,0.0035285355168268,1.2450562893508708e-05,0.3556042611779846,-1.462174543844192,2.2245399484163837,0.0466758996699849,0.0004199344775828,1.546037743212107,2.241984486415186,1,0.9486831042079752,18.43494882292197,2.999998061575474,11.25,0.1950903220161281,2,0.1381048387096774,0.1839080459770115,0.0808680936774249
0.9340736316540574,0.0006226159649401,0.178454478644848,-4.7707115343110456,-0.3576616874722568,0.0036343792491284,1.3208712526495569e-05,0.3576755362334661,0.1264240046263639,-5.21933012127713,0.0468853736096849,0.0004156097803617,-0.1795837985753418,-4.570957305955355,1,0.9486831073447708,18.43494882292205,2.999998092943392,11.5,0.130526192220052,2,0.1381048387096774,0.1839080459770115,0.0808680936774249
0.934570691953506,0.0007843355041764,-0.221922066363224,0.8164949593628847,-0.3547565337492684,0.0048967705505033,2.3978361824276456e-05,0.3547818794825412,-0.237840150131989,1.1168737432186775,0.0465540421243142,0.0005135841831123,0.2148769979354409,0.7163425617734056,1,0.9486831022025716,18.43494882292201,2.9999980415214527,11.75,0.0654031292301431,2,0.1381048387096774,0.1839080459770115,0.0808680936774249
0.9345910127367464,0.0007812506045245,-0.3783581537274006,1.198377492503962,-0.3546560782474787,0.0048868709099354,2.3881507290373032e-05,0.3546813287563216,-0.3618887803676514,1.3586996816828822,0.0465399455397893,0.0005112208692648,0.3803701264851291,1.142612274227659,1,0.9486831048479756,18.43494882292201,2.9999980679754694,12.0,1.2246467991473532e-16,2,0.1381048387096774,0.1839080459770115,0.0808680936774249
0.934911012796352,0.0010755668841952,-0.4012756085523261,-1.7156644286616185,-0.3526959880354596,0.0065950429277333,4.349459121864571e-05,0.3527422301337386,-0.4961993860186992,-1.599576843328851,0.0463290638098776,0.0007080826179742,0.3723895545610136,-1.7466707207767964,1,0.9486831006210898,18.434948822922088,2.9999980257066405,12.25,-0.0654031292301428,2,0.1381048387096774,0.1839080459770115,0.0808680936774249
0.9353578389545344,0.0006198206649156,-0.712910640620145,1.642317018554504,-0.3499543022733467,0.0036804585101965,1.3545774845278536e-05,0.3499688171977028,-0.7495184976864926,1.5216249648146911,0.0460351332792441,0.0004119526950519,0.7004611190378564,1.6640480049568875,1,0.948683102472332,18.43494882292205,2.9999980442190517,12.5,-0.1305261922200517,2,0.1381048387096774,0.1839080459770115,0.0808680936774249
0.9350654055917156,0.0007904370995243,0.4912452109500684,-2.6292767319326007,-0.3517234064488667,0.0046479519683552,2.1603457500137265e-05,0.3517464388407083,0.523097835639547,-2.500059985493934,0.0462283765092308,0.0005265665645272,-0.4837779379647701,-2.6594453827946563,1,0.9486831054423516,18.43494882292194,2.999998073919233,12.75,-0.1950903220161279,2,0.1381048387096774,0.1839080459770115,0.0808680936774249
0.9361815775577028,0.0020053884838631,1.2671452724911378,2.0207871354335865,-0.3451563733849111,0.0117922471676473,0.0001390570932628,0.3453074208704059,1.270106596126816,2.005428811896545,0.0454832132611011,0.0013391103035244,-1.2698194683824793,2.032014968736119,1,0.948683091640738,18.43494882292197,2.999997935903218,13.0,-0.2588190451025208,2,0.1381048387096774,0.1839080459770115,0.0808680936774249
0.9361177184960028,0.0020158033622127,1.4326115826697552,2.555317082549113,-0.3456086694152516,0.0118700103378667,0.000140897145421,0.3457615149695622,1.4668505353154069,2.6420760625324142,0.045523486720052,0.001345634585513,-1.4263585710127544,2.537814603659097,1,0.9486831013163202,18.43494882292194,2.9999980326589544,13.25,-0.3214394653031615,2,0.1381048387096774,0.1839080459770115,0.0808680936774249
0.9361603343381186,0.0019967092918148,1.3643791643265752,2.528111705022365,-0.3454910367503652,0.0118150079340705,0.0001395944124821,0.345642520943538,1.4372666892590082,2.630456790313872,0.0454910813021336,0.0013312596274416,-1.3473601706724605,2.5058526124107807,1,0.948683101919872,18.43494882292205,2.999998038694455,13.5,-0.3826834323650896,2,0.1381048387096774,0.1839080459770115,0.0808680936774249
0.9363952169427072,0.001747485091279,1.9114963063666155,3.7145298985883177,-0.3444043967392176,0.0106592296543329,0.0001136191768238,0.3445280872090439,1.8631131336330264,3.5661113367130177,0.0453258277335334,0.001156224499529,-1.923500491476762,3.752060728869786,1,0.9486831026785604,18.43494882292197,2.999998046281339,13.75,-0.4422886902190014,2,0.1381048387096774,0.1839080459770115,0.0808680936774249
0.9350431114253586,0.0009925907267392,-1.7336696980387831,3.093174577412743,-0.3527574488378749,0.0063754962660345,4.064695263822021e-05,0.3528006560723561,-1.6330795826219613,2.7378521809871685,0.0462159145846295,0.000644689633018,1.7602589152236772,3.1865089145739205,1,0.9486831072226888,18.434948822922006,2.9999980917225786,14.0,-0.4999999999999998,2,0.1381048387096774,0.1839080459770115,0.0808680936774249
0.9407142472426168,0.0037535486605814,-0.6110157817618727,1.6076239547763258,-0.326476195569314,0.02040711244596,0.000416450238382,0.3269541924371055,-0.908598780124104,1.858645661303312,0.0470617971901456,0.0079657741197859,1.7456254800397115,2.999752423416062,1,0.9138114064505436,23.962488974578136,2.2499991380963102,0.0,0.0,2,0.1179435483870967,0.1739130434782608,0.0429464886717013
0.9437880797809282,0.0033673273684715,0.6914341937250452,-1.9466194055243164,-0.309605359544453,0.0175115705599256,0.0003066551034752,0.309976563608052,0.8384625150440477,-1.138821356541948,0.0495465370084729,0.0088431510016433,0.1132133185635848,-5.333100491421368,1,0.91381139815891,23.962488974578164,2.2499990878283027,0.25,0.065403129230143,2,0.1179435483870967,0.1739130434782608,0.0429464886717013
0.9445281147616342,0.0027739138267852,0.3929055060328562,0.8514915829533436,-0.3062716057220419,0.0146880202745629,0.0002157379395859,0.306535642179254,0.7693459141652589,1.0065752766251652,0.0539659455431243,0.0083231288815296,-1.7231377405267685,2.9529471938707843,1,0.9138114090672712,23.962488974578193,2.249999153960212,0.5,0.1305261922200515,2,0.1179435483870967,0.1739130434782608,0.0429464886717013
0.9450132056928274,0.002135775028839,1.483893080098832,2.0421404050618612,-0.3044155585916471,0.0123810099830202,0.0001532894081996,0.3046043324852989,1.481024211556867,2.0311936361632075,0.0585971736786646,0.0021684658060705,-1.4869166719863751,2.053681174435706,1,0.9138114101729544,23.96248897457821,2.249999160663411,0.75,0.1950903220161282,2,0.1179435483870967,0.1739130434782608,0.0429464886717013
0.9463335285112368,0.0033260723528158,0.3152335942205805,-4.026949609810762,-0.2967847455465437,0.0192543965401388,0.0003707317861249,0.2972528116414051,0.312213536585137,-4.041704877345168,0.057252364502172,0.0033819497240508,-0.3184369466516583,-4.011276246280531,0,0.9138113921175712,23.962488974578154,2.249999051202707,1.0,0.2588190451025207,2,0.1179435483870967,0.1739130434782608,0.0429464886717013
0.946466327287542,0.0034272242223226,0.1611904421039488,-4.896724014992479,-0.2960183305047965,0.0198396410434139,0.0003936113567315,0.2965165434042354,0.1593180705460407,-4.9053269263183825,0.057116899722035,0.0034848569029421,-0.1631781081371665,-4.887564752848352,1,0.9138113966754218,23.962488974578186,2.24999907883466,1.25,0.3214394653031616,2,0.1179435483870967,0.1739130434782608,0.0429464886717013
0.94680734238296,0.0031270750491697,-0.0774270901836059,-3.315050185002695,-0.2940368409217055,0.0180976000039725,0.0003275231259037,0.2944542513933946,-0.0818361135712757,-3.311843502790751,0.0567715237200474,0.0031805037291595,0.0727734121856773,-3.318289351445232,1,0.913811405769189,23.96248897457821,2.249999133965595,1.5,0.3826834323650898,2,0.1179435483870967,0.1739130434782608,0.0429464886717013
0.9475158583700126,0.002279354464121,0.2291468635737689,-3.033066119146019,-0.2899218621229606,0.0131705981334157,0.0001734646551919,0.2901461435694763,0.2257391371743615,-3.039477931244374,0.0560535959487715,0.0023221737472119,-0.232744145127306,-3.0262266646887532,1,0.9138114032517404,23.96248897457812,2.2499991187035757,1.75,0.4422886902190012,2,0.1179435483870967,0.1739130434782608,0.0429464886717013
0.9463160933685264,0.0015786092793023,1.5913020873950543,2.3845327768181797,-0.2968529639902088,0.0091327945810377,8.340793685943234e-05,0.296958310512464,1.58958761613235,2.377379152840893,0.057276158199173,0.0016061689814483,-1.593107549321608,2.392064142547776,1,0.9138114052570242,23.96248897457812,2.249999130860603,2.0,0.4999999999999999,2,0.1179435483870967,0.1739130434782608,0.0429464886717013
0.9459784461000458,0.0009468724832859,0.97353156322144,-0.3591509934080665,-0.2988030168417716,0.00548506847881,3.0085976217235613e-05,0.2988407725794912,0.9718952084287656,-0.3662261407818299,0.0576203224079455,0.0009620873175994,-0.9752601117903448,-0.3516758340342516,1,0.913811400388546,23.962488974578164,2.2499991013454665,2.25,0.5555702330196022,2,0.1179435483870967,0.1739130434782608,0.0429464886717013
0.9454344055527708,0.0018095121982144,-0.9565631202143084,1.2103674431901208,-0.3019664646635449,0.0105045362954526,0.0001103452827824,0.3021034669504588,-0.9612660772074032,1.218884610836982,0.058170902498942,0.0018344600199141,0.9515765082990836,1.2013749878635007,1,0.913811410955672,23.96248897457815,2.249999165408638,2.5,0.6087614290087207,2,0.1179435483870967,0.1739130434782608,0.0429464886717013
0.9446565509798284,0.0020504220931397,0.6759554405253593,-2.2266132913979177,-0.306485254848942,0.0119030262744479,0.0001416820344901,0.3066585608876571,0.6731065969758138,-2.2418060056655325,0.0589588869188301,0.0020786970897219,-0.6789744282203196,-2.2105190480145023,1,0.9138114108132084,23.962488974578132,2.249999164544955,2.75,0.6593458151000688,2,0.1179435483870967,0.1739130434782608,0.0429464886717013
0.9444432703923952,0.0019963169086078,1.347071698878081,1.186168083221082,-0.3077235277082562,0.0115866406158358,0.0001342502407605,0.3078870851234013,1.3442733794522037,1.1728209924604265,0.0591750809348731,0.0020242702809954,-1.3500275906982195,1.2002581025470036,1,0.913811407354348,23.96248897457817,2.249999143575619,3.0,0.7071067811865475,2,0.1179435483870967,0.1739130434782608,0.0429464886717013
0.943051049174602,0.0011579136104679,0.2099519201707784,1.5102100550771436,-0.3158133612274471,0.0067443203054186,4.548585638208239e-05,0.3158673669787128,0.2054095531458694,1.5091508070896325,0.060585068556747,0.0011697405598296,-0.2147671035390987,1.511358398036732,1,0.9138114138783556,23.962488974578132,2.2499991831274,3.25,0.7518398074789774,2,0.1179435483870967,0.1739130434782608,0.0429464886717013
0.9430268896919708,0.0011609116580893,0.3313436490467484,1.469101283536741,-0.3159541248684773,0.0067616486912872,4.571989302438648e-05,0.3160083842893633,0.3269160920517178,1.467388825106477,0.0606094664645247,0.0011727938325695,-0.3360366320458406,1.4709414658325617,1,0.9138114111768004,23.96248897457822,2.249999166749225,3.5,0.7933533402912352,2,0.1179435483870967,0.1739130434782608,0.0429464886717013
0.9436640934685808,0.0017310708636598,-0.0768851700042639,-2.252590448919479,-0.3122505838272076,0.0100734832691841,0.0001014750651745,0.3123724273992715,-0.0803045722164311,-2.2510910526374452,0.059964303201365,0.0017504505714611,0.0732611213121012,-2.2541247908342665,1,0.9138114046832098,23.96248897457817,2.2499991273818516,3.75,0.8314696123025451,2,0.1179435483870967,0.1739130434782608,0.0429464886717013
0.9430624162635002,0.0017578779094044,1.5451559768877423,2.345387605998031,-0.315753882882407,0.0102274824210153,0.0001046013966721,0.315878086613841,1.542941185385555,2.3374479085527184,0.0605723453982187,0.0017779251492557,-1.5474963882359545,2.353780863884859,1,0.9138114129370432,23.962488974578143,2.2499991774206967,4.0,0.8660254037844386,2,0.1179435483870967,0.1739130434782608,0.0429464886717013
0.9437956173851014,0.0015899196717894,0.1151451806773666,-3.2034861311259917,-0.3114835438146396,0.0092486506668633,8.553753915767157e-05,0.3115865068029986,0.1128209856129737,-3.2057902365512376,0.0598316146595344,0.0016083518341927,-0.1176086054482208,-3.201007062343079,1,0.9138114071130352,23.96248897457814,2.249999142112664,4.25,0.8968727415326884,2,0.1179435483870967,0.1739130434782608,0.0429464886717013
0.9429303856126732,0.0027619936669072,-0.6397967867694524,-1.472556393530077,-0.3165405937840198,0.0161051477089183,0.000259375782726,0.3168477226526722,-0.6449227648868067,-1.4554447405157056,0.0607024779482335,0.0027869520739208,0.6343567447082554,-1.4906502036228506,1,0.9138114186298192,23.962488974578132,2.249999211933136,4.5,0.9238795325112868,2,0.1179435483870967,0.1739130434782608,0.0429464886717013
0.9417193165362658,0.002214761519985,0.6815836258993303,0.1316224998029653,-0.3235938369802258,0.0129231610930905,0.0001670080926379,0.3237873181597199,0.6757473628801889,0.1213401180804911,0.0619260451669225,0.0022331336994297,-0.6877728165987956,0.1425990416537654,1,0.913811415881338,23.962488974578115,2.249999195270476,4.75,0.9469301294951056,2,0.1179435483870967,0.1739130434782608,0.0429464886717013
0.941204905985654,0.0023322153733156,1.6856618548339983,2.9568492263300605,-0.3266008499851031,0.0136063096351925,0.0001851316618887,0.326813347275488,1.683365747661962,2.9495899703089883,0.0624437264214906,0.002351961769991,-1.6880884996322998,2.9645270873453313,1,0.9138114173536576,23.962488974578186,2.249999204196407,5.0,0.9659258262890684,2,0.1179435483870967,0.1739130434782608,0.0429464886717013
0.9400775682511344,0.0005411070792685,0.070099457349626,1.4520926648314028,-0.3331758875036258,0.0031685804307718,1.0039901946270344e-05,0.3331871875392101,0.0679607227562566,1.4519205874620749,0.0635809618280941,0.0005435392505355,-0.0723789461237753,1.4522832576068083,1,0.9138114172405738,23.962488974578115,2.249999203510842,5.25,0.9807852804032304,2,0.1179435483870967,0.1739130434782608,0.0429464886717013
0.938785883041776,0.0030373233940888,-1.9325417684986923,3.7976053045855274,-0.340783320783279,0.0178732706314746,0.0003194538030659,0.3411346685348456,-1.933281942647031,3.7997005188920383,0.0648705161466772,0.0030350705263165,1.931744472809526,3.7953507656895695,1,0.9138114282917984,23.962488974578175,2.2499992705088587,5.5,0.9914448613738104,2,0.1179435483870967,0.1739130434782608,0.0429464886717013
0.9376679961755704,0.0028949644554352,-0.4036337112335701,-3.713670688443449,-0.3473476876208281,0.0170338116431633,0.0002901507390947,0.3476607961071507,-0.4065314661578107,-3.6976678274181385,0.0659900934716632,0.0028931327165673,0.4005500509268603,-3.730705649499353,1,0.9138114247026294,23.96248897457809,2.249999248749537,5.75,0.9978589232386036,2,0.1179435483870967,0.1739130434782608,0.0429464886717013
0.936549837229688,0.0025094565092529,1.3350139458023538,2.237750028249925,-0.3539218257092581,0.0147652103252719,0.0002180114359495,0.3541527457049246,1.329956720741239,2.227284197958676,0.0671084574865286,0.0025079235430862,-1.340392681978344,2.2489233356483354,1,0.9138114259779684,23.96248897457812,2.249999256481274,6.0,1.0,2,0.1179435483870967,0.1739130434782608,0.0429464886717013
0.935028594681886,0.0010763322020352,0.3127318702756956,-3.774559616444403,-0.3628339883238928,0.0063037461197144,3.9737215141814367e-05,0.362875055624356,0.3269771964320255,-3.7911193439847537,0.0686297920402441,0.0010735325935346,-0.3096827298031127,-3.765628055006106,1,0.9138114287199895,23.962488974578154,2.2499992731047698,6.25,0.9978589232386036,2,0.1179435483870967,0.1739130434782608,0.0429464886717013
0.9340915850904652,0.0025696742087548,-1.2736365502871776,1.2235719853319278,-0.3682972024742895,0.0150440842058693,0.0002263244695932,0.3685275738701016,-1.2797024515923867,1.2566538654158563,0.0695618181204558,0.0025564901888338,1.2685306584092424,1.2017576341848797,1,0.9138114344263932,23.96248897457816,2.249999307699828,6.5,0.9914448613738104,2,0.1179435483870967,0.1739130434782608,0.0429464886717013
0.9324365776462976,0.0028152474298211,0.1794778621212478,-4.132781731788432,-0.377848909994415,0.0163040010795005,0.0002658204512003,0.3781126341744854,0.1954446988743529,-4.205987716603104,0.0712137878816808,0.0028060249735849,-0.1771991547047842,-4.106625539865453,1,0.9138114357686068,23.962488974578186,2.2499993158369933,6.75,0.9807852804032304,2,0.1179435483870967,0.1739130434782608,0.0429464886717013
0.9306354047727584,0.0024178288718175,1.2228098071252176,1.876541108525771,-0.3882534831380525,0.0139428982065939,0.0001944044103994,0.3884412059458034,1.2534017945242684,2.014754869401557,0.0730086864721885,0.0024085185792594,-1.2189486702763122,1.84785458164993,1,0.9138114376764604,23.962488974578157,2.2499993274033536,7.0,0.9659258262890684,2,0.1179435483870967,0.1739130434782608,0.0429464886717013
0.9289590044166935,0.0014091409700715,-0.1579391030133562,-2.060532104458076,-0.3979384392088347,0.0080388371995685,6.462290352116764e-05,0.3979993323833657,-0.2260046549653177,-2.1953261479451154,0.0746760726427858,0.0014027581050894,0.137371799771291,-2.024652944270885,1,0.9138114391986584,23.962488974578175,2.2499993366316735,7.25,0.9469301294951056,2,0.1179435483870967,0.1739130434782608,0.0429464886717013
0.9269004761319748,0.0032307970013131,-1.4824487288283248,2.4316386972717527,-0.4098610037878911,0.0189354770763105,0.0003585522921074,0.4101889279894068,-1.484842458026326,2.4420624573678573,0.0767096884950531,0.0031784995599663,1.4776909228296031,2.4179869304455934,1,0.913811445857639,23.96248897457816,2.2499993770017306,7.5,0.9238795325112868,2,0.1179435483870967,0.1739130434782608,0.0429464886717013
0.9264726740109976,0.0028334394984585,-1.861507883120956,3.5210036685779222,-0.4122794947006054,0.0166702143187753,0.0002778960454339,0.4125321851500347,-1.863097379251255,3.5148487588642325,0.0771364354617332,0.0027825506728933,1.8598224869872464,3.518507525385367,1,0.9138114383132576,23.962488974578143,2.2499993312639357,7.75,0.8968727415326884,2,0.1179435483870967,0.1739130434782608,0.0429464886717013
0.926346687106618,0.0027304879065375,-1.937535415968265,3.773404562919765,-0.4127805459008125,0.0162545977668647,0.0002642119485625,0.4130205055873077,-1.9181465038271233,3.697778095813497,0.077271474618247,0.0026725807971646,1.9414299896572584,3.78913691378607,1,0.9138114384669696,23.962488974578168,2.2499993321958125,8.0,0.8660254037844387,2,0.1179435483870967,0.1739130434782608,0.0429464886717013
0.9266438354861296,0.0029275282481757,-1.94344489795482,3.828064951664068,-0.4107164719628659,0.0176251191172239,0.0003106448238963,0.4110000048169663,-1.924033902744129,3.77414865612203,0.0769926989962958,0.0028573696623703,1.9474328808085335,3.8387981679862513,1,0.9138114375761,23.96248897457821,2.2499993267949145,8.25,0.8314696123025451,2,0.1179435483870967,0.1739130434782608,0.0429464886717013
0.9273546511673134,0.0015186696063763,-1.7877280329021727,3.415770004690252,-0.4061826284793378,0.008672754455359,7.521666984294986e-05,0.4062520648326189,-1.6824935080553185,3.1812426577260347,0.0763119066884255,0.0015069811412977,1.8093689601945964,3.4638752726111264,1,0.9138114422944807,23.96248897457818,2.249999355400091,8.5,0.7933533402912352,2,0.1179435483870967,0.1739130434782608,0.0429464886717013
0.9264170942042792,0.0020858785197566,-0.0875021367133006,-4.62590570778306,-0.4114162863814437,0.0120814091788289,0.0001459604477462,0.4115493057164698,-0.0761000526781749,-4.477605726010477,0.077246469916432,0.0020605471589059,0.0889749691062975,-4.66550658514941,1,0.913811443503987,23.962488974578186,2.2499993627327193,8.75,0.7518398074789774,2,0.1179435483870967,0.1739130434782608,0.0429464886717013
0.9264147039323216,0.0020836740949214,-0.0852852893120806,-4.610556507505624,-0.4109108206236107,0.0125672247526159,0.0001579351379827,0.4110549280315914,-0.138343198943972,-4.945308149320894,0.0772721452130512,0.0020371577786438,0.0632090327566183,-4.490639128541581,1,0.9138114386159976,23.962488974578218,2.2499993330992916,9.0,0.7071067811865476,2,0.1179435483870967,0.1739130434782608,0.0429464886717013
0.9268752777283168,0.00278335590266,0.5485345510747203,-2.050157173921601,-0.4076963401704265,0.0173142845079925,0.0002997844480237,0.4079719893869902,0.5173966458023619,-2.2835299113549716,0.076839765318365,0.002699462125728,-0.5614436236580802,-1.9694134750350596,1,0.9138114349620824,23.96248897457814,2.2499993109474428,9.25,0.659345815100069,2,0.1179435483870967,0.1739130434782608,0.0429464886717013
0.9283746753933206,0.0031154942745854,-0.9950818737339814,-0.1605453169861466,-0.3984238696511118,0.0191780567672261,0.0003677978613669,0.398769893928556,-1.042191128551037,0.0357192038230316,0.0753813561554994,0.003032155783324,0.9771118288820154,-0.2349225575752065,1,0.9138114337630284,23.962488974578147,2.2499993036781807,9.5,0.6087614290087209,2,0.1179435483870967,0.1739130434782608,0.0429464886717013
0.9294297588260844,0.0015471650145016,0.100393075226393,-4.2085868778118005,-0.3916811342933569,0.0091512400131219,8.374519377776507e-05,0.3917613046954286,0.0555023841359947,-4.000993203396048,0.0743675865252582,0.001526695265236,-0.1124617400754319,-4.257169684465767,1,0.9138114378496668,23.96248897457817,2.2499993284534163,9.75,0.5555702330196025,2,0.1179435483870967,0.1739130434782608,0.0429464886717013
0.9297538420483944,0.001204691698243,0.0326491904590429,-2.579973259248767,-0.3894106738035634,0.0068056255208283,4.631653872975006e-05,0.3894552737814614,-0.1020980616449075,-1.7365490200788471,0.0740641423781473,0.0012043025071669,-0.0638345719822293,-2.7831032050829148,1,0.9138114368285032,23.962488974578186,2.249999322262613,10.0,0.4999999999999999,2,0.1179435483870967,0.1739130434782608,0.0429464886717013
0.929813947519466,0.0012487955524435,-0.1358055369865971,-3.5755243261356924,-0.3886251982635033,0.00743266208952,5.524446573698852e-05,0.3886785022028494,-0.3713849355562735,-3.5759093309876686,0.0740240657364821,0.0012329721332692,0.0575916243841321,-3.484598842913492,1,0.9138114347135472,23.962488974578143,2.2499993094406983,10.25,0.4422886902190017,2,0.1179435483870967,0.1739130434782608,0.0429464886717013
0.9306417014867456,0.0026775675829236,1.380613787932054,1.7038908368401875,-0.3831086043380213,0.0166703988475326,0.0002779021977358,0.3833805281520292,1.3216781507473083,1.5397695526831183,0.0732314159180663,0.0026124448599994,-1.4002471313839908,1.7630848811879751,1,0.9138114285257004,23.962488974578218,2.2499992719268875,10.5,0.3826834323650899,2,0.1179435483870967,0.1739130434782608,0.0429464886717013
0.9317962599599344,0.0023750004316683,-0.0148706732887858,-2.8832513069720207,-0.3757342617422961,0.0146656159786775,0.000215080292034,0.3759488604398931,-0.0541997036986271,-2.9570991119065315,0.0721147507254301,0.0023233102556462,0.0003177037643847,-2.8611483539897904,1,0.913811430873052,23.96248897457816,2.2499992861577036,10.75,0.3214394653031617,2,0.1179435483870967,0.1739130434782608,0.0429464886717013
0.9330063332880022,0.0017195602121362,-1.3757683331140853,1.6302670794316558,-0.3682861316361058,0.0104977273123894,0.0001102022787252,0.3683983258166782,-1.4227819110079056,1.8465825281519308,0.0709303436762359,0.0016891010100771,1.3602459533970035,1.5599845502144998,1,0.9138114292580052,23.962488974578186,2.2499992763664847,11.0,0.258819045102521,2,0.1179435483870967,0.1739130434782608,0.0429464886717013
0.9339346112843264,0.0006289619127426,-1.5345080025362563,2.2439776551477255,-0.3627231673590504,0.003602175973357,1.2975671743030514e-05,0.3627365819610553,-1.4644586877074797,2.225465036627021,0.0700138495049773,0.0006299016916519,1.5460377416608084,2.2419878255501793,1,0.9138114287176472,23.962488974578168,2.249999273090567,11.25,0.1950903220161281,2,0.1179435483870967,0.1739130434782608,0.0429464886717013
0.9336096820028328,0.000627038593058,0.178475758830219,-4.76951630925182,-0.3648306989424469,0.0037069781252794,1.3741686821300213e-05,0.3648448233920151,0.1285832276415199,-5.214674661266379,0.0703280604145273,0.0006234146455621,-0.1795838010550876,-4.570955657694864,1,0.913811430657934,23.9624889745781,2.249999284853556,11.5,0.130526192220052,2,0.1179435483870967,0.1739130434782608,0.0429464886717013
0.9341102666332898,0.0007898044747034,-0.2219003576843668,0.8158765446544844,-0.361867324422682,0.0049871117116137,2.4871283224115503e-05,0.3618930974020491,-0.2375772715390013,1.1109236358455323,0.0698310631864713,0.0007703762544546,0.2148769977645581,0.7163425528506728,1,0.9138114274771912,23.9624889745782,2.2499992655703034,11.75,0.0654031292301431,2,0.1179435483870967,0.1739130434782608,0.0429464886717013
0.934130736950801,0.0007866949071586,-0.3783955062403185,1.1980431660978643,-0.3617644045408125,0.0049768471647462,2.476900770124289e-05,0.3617900788420613,-0.3623688890700818,1.355628767997466,0.0698099183096839,0.00076683128359,0.3803701257960638,1.1426130070568732,1,0.913811429113524,23.962488974578143,2.2499992754905715,12.0,1.2246467991473532e-16,2,0.1179435483870967,0.1739130434782608,0.0429464886717013
0.9344529775256504,0.0010830998092532,-0.4011082472508129,-1.7158364431532949,-0.359767343264105,0.0067194385504484,4.515085443325315e-05,0.3598144027413823,-0.4941099808657361,-1.6024055155500443,0.0694935957148164,0.0010621239123006,0.3723895545295579,-1.7466706303751742,1,0.9138114264989556,23.962488974578132,2.249999259639757,12.25,-0.0654031292301428,2,0.1179435483870967,0.1739130434782608,0.0429464886717013
0.9349029330596608,0.0006241961073976,-0.7128485638273141,1.6424879929494196,-0.3569739199232528,0.0037525852907305,1.4081896364207314e-05,0.3569887126053797,-0.7487769097788125,1.525166415275942,0.0690526999188662,0.0006179290173797,0.7004611176537238,1.6640492470204862,1,0.9138114276440537,23.96248897457818,2.2499992665819084,12.5,-0.1305261922200517,2,0.1179435483870967,0.1739130434782608,0.0429464886717013
0.9346084447774272,0.000796030212807,0.4911863781487638,-2.629513316399583,-0.3587769605648183,0.0047402202875699,2.24696883746893e-05,0.3588004455103289,0.522293710261381,-2.5033375145639276,0.0693425647638463,0.0007898498270765,-0.4837779389213917,-2.6594449395979964,1,0.9138114294811788,23.962488974578207,2.249999277719473,12.75,-0.1950903220161279,2,0.1179435483870967,0.1739130434782608,0.0429464886717013
0.9357325033522566,0.0020195594624289,1.2671263557652834,2.020784874839716,-0.3520802456284301,0.012025234680591,0.0001446062691232,0.3522342318168671,1.2699027888152532,2.0055176199508775,0.0682248198916516,0.0020086654475357,-1.2698194683672377,2.03201496704674,1,0.9138114209440976,23.96248897457812,2.2499992259634447,13.0,-0.2588190451025208,2,0.1179435483870967,0.1739130434782608,0.0429464886717013
0.9356682155548364,0.0020300429588118,1.4325394129946143,2.55513990474952,-0.3525396280064246,0.0121040970343872,0.0001465091650178,0.3526954368696481,1.465932452362696,2.639811197377753,0.068285230080078,0.002018451870556,-1.4263585710014453,2.537814583559431,1,0.9138114269289944,23.962488974578147,2.249999262246865,13.25,-0.3214394653031615,2,0.1179435483870967,0.1739130434782608,0.0429464886717013
0.935711172444614,0.0020107976815757,1.364233666063966,2.527906513856859,-0.3524164142417449,0.0120465456955128,0.000145119263194,0.3525707992366996,1.43548065690699,2.6278499495816483,0.0682366219532004,0.0019968894333658,-1.3473601707072969,2.505852611753923,1,0.9138114273023256,23.962488974578218,2.2499992645101794,13.5,-0.3826834323650896,2,0.1179435483870967,0.1739130434782608,0.0429464886717013
0.9359478052486132,0.0017597167050431,1.9115725071028955,3.714767081863236,-0.3513009713406166,0.0108601451671952,0.0001179427530525,0.3514268480489937,1.8643219483688735,3.5697674590409676,0.0679887416003002,0.0017343367403169,-1.9235004916470764,3.752060808204849,1,0.913811427771617,23.962488974578193,2.24999926735526,13.75,-0.4422886902190014,2,0.1179435483870967,0.1739130434782608,0.0429464886717013
0.9345862610169128,0.0009994581404865,-1.7338501012315286,3.093808170118269,-0.3598094988448553,0.0064889538317101,4.21065218300653e-05,0.359853380351441,-1.6354641065523217,2.7463104828425706,0.0693238718769444,0.0009670344334251,1.760258914788268,3.186508962132656,1,0.9138114305824192,23.962488974578125,2.249999284395746,14.0,-0.4999999999999998,2,0.1179435483870967,0.1739130434782608,0.0429464886717013
0.9536153339001884,0.0295381893767468,1.9547596939067031,3.8613344495459394,-0.2545469213344251,0.1717674595184274,0.0295040601494146,0.2948256777706023,1.9537828559257329,3.858479983651044,0.0632506660247761,0.0039415400626129,0.432075164849431,1.5076960718151593,0,0.9138114064505434,23.96248897457817,2.2499991380963067,0.0,0.0,2,0.137768817204301,0.2051282051282051,0.1201508637851135
0.9692571541684408,0.0329842334509615,-0.0002287705228426,-5.998530472226693,-0.1637594330956696,0.1914720475710018,0.036661545001032,0.2330521629991643,-0.0002449040740751,-5.998580665787055,0.0600403510991105,0.0036312021478699,-0.6207749343100004,-2.3441286120531384,0,0.91381139815891,23.962488974578164,2.2499990878283027,0.25,0.065403129230143,2,0.137768817204301,0.2051282051282051,0.1201508637851135
0.9835815204310168,0.0284089969579497,-1.9999610178293863,3.999870289964697,-0.0804189725994132,0.1650298238534588,0.0272348427611036,0.1639918998754897,-1.999998581693484,3.999995270724611,0.0591897652897709,0.0029702242335867,-0.1869703463385001,0.8506304633154755,0,0.9138114090672717,23.962488974578157,2.2499991539602155,0.5,0.1305261922200515,2,0.137768817204301,0.2051282051282051,0.1201508637851135
0.9977634286884564,8.528892584013301e-05,1.4850450255837149,2.046536846076867,0.0021210380609784,9.465821994261668e-05,8.960178602704796e-09,0.0021226216312928,-1.4759594350108456,2.011866233318379,0.0585971736786646,0.0021684658060705,-1.486916671989777,2.0536811780305957,0,0.9138114101729552,23.962488974578097,2.2499991606634233,0.75,0.1950903220161282,2,0.137768817204301,0.2051282051282051,0.1201508637851135
0.9978162177391862,0.0001328958841707,0.3164511597463327,-4.0209951883126145,0.0020630092267312,0.0001468462355985,2.1563816909456736e-08,0.002066925236147,-0.3068630124033707,-4.067833856556421,0.057252364502172,0.0033819497240508,-0.3184369466492494,-4.011276246516129,0,0.9138113921175712,23.962488974578154,2.249999051202707,1.0,0.2588190451025207,2,0.137768817204301,0.2051282051282051,0.1201508637851135
0.9978215303295168,0.0001369383387178,0.1619457282197179,-4.893247000880175,0.0020571958367464,0.000151305277505,2.2893287000875796e-08,0.0020613647604291,-0.1560014669401166,-4.920547440216831,0.0571168997220351,0.0034848569029422,-0.1631781081360382,-4.887564753049807,0,0.9138113966754218,23.962488974578186,2.24999907883466,1.25,0.3214394653031616,2,0.137768817204301,0.2051282051282051,0.1201508637851135
0.997835135393992,0.0001249581612072,-0.0756553688804006,-3.316301884942705,0.0020419840305709,0.0001379588446129,1.903264280694211e-08,0.0020454762924006,0.0896741589948941,-3.306005099379849,0.0567715237200474,0.0031805037291595,0.072773412186001,-3.318289351734272,0,0.9138114057691896,23.96248897457813,2.249999133965604,1.5,0.3826834323650898,2,0.137768817204301,0.2051282051282051,0.1201508637851135
0.9978634074535933,9.114116200043294e-05,0.2305161266622966,-3.03047173176817,0.0020104190318851,0.0001001169491144,1.0023403499983208e-08,0.0020122878114108,-0.2196352326025958,-3.050895208859963,0.0560535959487715,0.0023221737472118,-0.2327441451427988,-3.026226660937951,0,0.9138114032517404,23.96248897457812,2.2499991187035757,1.75,0.4422886902190012,2,0.137768817204301,0.2051282051282051,0.1201508637851135
0.9978154303603892,6.30902058887489e-05,1.5919899470647931,2.387402347429848,0.0020630869112045,6.957667796579471e-05,4.840914116755902e-09,0.0020639666393457,-1.586532199990006,2.364625144582691,0.0572761581991729,0.0016061689814483,-1.5931075493725653,2.3920641733450196,0,0.913811405257024,23.962488974578157,2.249999130860599,2.0,0.4999999999999999,2,0.137768817204301,0.2051282051282051,0.1201508637851135
0.9978019267510516,3.782273620246395e-05,0.9741895310164328,-0.3563059510238098,0.0020778975738741,4.188319774728752e-05,1.7542022535383903e-09,0.0020782141320767,-0.9690000581191364,-0.3787429822512536,0.0576203224079454,0.0009620873175992,-0.9752601119473894,-0.3516758939806514,0,0.913811400388546,23.962488974578164,2.2499991013454665,2.25,0.5555702330196022,2,0.137768817204301,0.2051282051282051,0.1201508637851135
0.997780228089925,7.22189535690069e-05,-0.9546669463256512,1.2069432545990804,0.0021022134755512,8.051195806017637e-05,6.482175390683599e-09,0.0021033694701343,0.9694914209152362,1.2338464122700703,0.058170902498942,0.001834460019914,0.9515765082842468,1.201374987863943,0,0.913811410955672,23.96248897457815,2.249999165408638,2.5,0.6087614290087207,2,0.137768817204301,0.2051282051282051,0.1201508637851135
0.9977491922421052,8.183393206496995e-05,0.6771036342809242,-2.2204915610125653,0.0021368907310949,9.123009703772582e-05,8.322930605512868e-09,0.00213835081176,-0.6681228518003478,-2.2683969750157615,0.05895888691883,0.0020786970897218,-0.6789744281893333,-2.210519055437917,0,0.913811410813208,23.962488974578196,2.2499991645449473,2.75,0.6593458151000688,2,0.137768817204301,0.2051282051282051,0.1201508637851135
0.9977406804586836,7.968091029514037e-05,1.348197111469242,1.191533703393235,0.0021463834091984,8.87743283803953e-05,7.88088137939026e-09,0.0021477598561938,-1.3393663761094845,1.1493970821869084,0.059175080934873,0.0020242702809952,-1.3500275906922323,1.2002581014689095,0,0.913811407354348,23.96248897457817,2.249999143575619,3.0,0.7071067811865475,2,0.137768817204301,0.2051282051282051,0.1201508637851135
0.997685137307356,4.61511595618426e-05,0.2117837305881402,1.510643774839954,0.0022084910732492,5.199181353563357e-05,2.7031486747240895e-09,0.0022089500179245,-0.1975859581506386,1.5073801319933082,0.060585068556747,0.0011697405598294,-0.2147671034758705,1.511358410121426,0,0.9138114138783556,23.962488974578132,2.2499991831274,3.25,0.7518398074789774,2,0.137768817204301,0.2051282051282051,0.1201508637851135
0.9976841745039052,4.6271022612986914e-05,0.3331290697580039,1.46979839003974,0.0022095768139799,5.212361813778469e-05,2.7168715677735963e-09,0.0022100378616925,-0.3192876118321605,1.4644903688618651,0.0606094664645247,0.0011727938325693,-0.3360366320830607,1.4709415584608792,0,0.9138114111768008,23.962488974578186,2.2499991667492285,3.5,0.7933533402912352,2,0.137768817204301,0.2051282051282051,0.1201508637851135
0.997709593410118,6.902105662597923e-05,-0.075506521405396,-2.2531811527063272,0.0021811312174446,7.753355805198714e-05,6.011452624200861e-09,0.0021821645164241,0.0862203918981031,-2.248437342548211,0.059964303201365,0.0017504505714611,0.0732611212837689,-2.2541247864043843,0,0.9138114046832104,23.96248897457809,2.2499991273818605,3.75,0.8314696123025451,2,0.137768817204301,0.2051282051282051,0.1201508637851135
0.997685608963297,7.009541669032044e-05,1.546047188355877,2.34858330443142,0.0022081221506046,7.86921861539491e-05,6.192460161687779e-09,0.0022091735506005,-1.5391010386541992,2.3236835803477582,0.0605723453982187,0.0017779251492556,-1.5474963882392472,2.353780876592177,0,0.9138114129370432,23.962488974578143,2.2499991774206967,4.0,0.8660254037844386,2,0.137768817204301,0.2051282051282051,0.1201508637851135
0.9977148328970712,6.340259018955708e-05,0.1160822539380728,-3.202547850586255,0.0021752052527745,7.113918399022266e-05,5.060783498794751e-09,0.0021760775443175,-0.1087930462334502,-3.20974654326373,0.0598316146595344,0.0016083518341926,-0.1176086054633292,-3.201007066270071,0,0.9138114071130352,23.962488974578175,2.24999914211266,4.25,0.8968727415326884,2,0.137768817204301,0.2051282051282051,0.1201508637851135
0.9976803953651932,0.0001100363213436,-0.6377277484101551,-1.479446646533356,0.0022144208768819,0.0001243889713807,1.5472616201163806e-08,0.0022170395309245,0.6537048333176835,-1.426064824766632,0.0607024779482335,0.0027869520739208,0.6343567447247118,-1.4906502056584845,0,0.9138114186298184,23.96248897457821,2.249999211933128,4.5,0.9238795325112868,2,0.137768817204301,0.2051282051282051,0.1201508637851135
0.997632123672018,8.821026710507379e-05,0.6839384015245189,0.1357895277942375,0.0022687845791911,9.993101716796036e-05,9.986208192223191e-09,0.0022704345668793,-0.665776001880987,0.1038770020807984,0.0619260451669225,0.0022331336994296,-0.687772816604923,0.142599044347083,0,0.9138114158813372,23.962488974578193,2.249999195270468,4.75,0.9469301294951056,2,0.137768817204301,0.2051282051282051,0.1201508637851135
0.9976116505150576,9.289428109805532e-05,1.6865861866240992,2.959773042634243,0.0022921084767291,0.0001051843659209,1.1063750834182968e-08,0.0022939178454731,-1.6794335423042972,2.9371677279160977,0.0624437264214906,0.002351961769991,-1.6880884996377878,2.964527090301324,0,0.9138114173536576,23.962488974578186,2.249999204196407,5.0,0.9659258262890684,2,0.137768817204301,0.2051282051282051,0.1201508637851135
0.99756674231075,2.152049708670754e-05,0.070965771339671,1.452165173176521,0.0023429116650046,2.46494032595904e-05,6.075930810539059e-10,0.0023430089125708,-0.0643656042310478,1.451639453497334,0.063580961828094,0.000543539250535,-0.0723789490138737,1.4522838482920726,0,0.9138114172405736,23.962488974578154,2.249999203510838,5.25,0.9807852804032304,2,0.137768817204301,0.2051282051282051,0.1201508637851135
0.9975154900683356,0.0001205582767064,-1.9322397501502373,3.7967509903277943,0.0024026579831897,0.0001401756471033,1.964921204085578e-08,0.0024057228212694,1.9344910181676815,3.8031276261499407,0.0648705161466772,0.0030350705263164,1.93174447281404,3.795350765764777,0,0.9138114282917984,23.962488974578175,2.2499992705088587,5.5,0.9914448613738104,2,0.137768817204301,0.2051282051282051,0.1201508637851135
0.9974710805739526,0.0001149124934556,-0.4024607277222919,-3.7201499053403175,0.00245396211985,0.0001335702334673,1.7841007268527026e-08,0.0024566869643221,0.4112909288376787,-3.671394882677335,0.0659900934716632,0.0028931327165672,0.4005500509194252,-3.7307056488603982,0,0.9138114247026294,23.96248897457809,2.249999248749537,5.75,0.9978589232386036,2,0.137768817204301,0.2051282051282051,0.1201508637851135
0.9974266826724832,9.961099182813128e-05,1.3370603316078211,2.241995800004595,0.0025054482412867,0.0001157774566714,1.3404419473315549e-08,0.0025074537291706,-1.3216475824908096,2.210161228355293,0.0671084574865286,0.002507923543086,-1.3403926820104908,2.2489233409116363,0,0.9138114259779684,23.96248897457812,2.249999256481274,6.0,1.0,2,0.137768817204301,0.2051282051282051,0.1201508637851135
0.9973713882793848,3.712166367730216e-05,0.3929778317966494,-3.0627707733317315,0.002810463112032,0.0005025370856229,2.525435224263818e-07,0.0028439603628518,1.9642643720734905,3.876840667559073,0.0654185418849657,0.0058054385196188,-1.8753442145589576,3.6161308855596914,0,0.8780808134360217,28.588271084217546,1.8350228410258649,6.25,0.9978589232386036,2,0.137768817204301,0.2051282051282051,0.1201508637851135
0.9973458209718996,8.018069672618008e-05,-1.3012772874981156,1.5609076341727253,0.0033861781697855,0.0011284185114304,1.273328336938912e-06,0.0035243721213564,1.084491908808315,-0.1041456405543481,0.0590809591513076,0.0112745216533906,-0.9794850655976812,-0.6166971875146476,0,0.8046680709796453,36.421774528200416,1.355287939360862,6.5,0.9914448613738104,2,0.137768817204301,0.2051282051282051,0.1201508637851135
0.997310791935908,6.935676444750835e-05,-0.0108777669891523,-2.806821912713115,0.0048726106166616,0.0025823959844235,6.6687690203670205e-06,0.0053613348138718,1.2203938219517942,1.3622430109268358,0.0414668186850785,0.031272575874381,-1.4352792270593964,2.1540030172586437,0,0.0929143147976907,95.33128945678482,-0.093317998467661,6.75,0.9807852804032304,2,0.137768817204301,0.2051282051282051,0.1201508637851135
0.9972738461667118,5.1790182129445576e-05,1.3290012733844805,1.1817786119240967,0.0065427874856202,0.0027356710646353,7.4838961738832225e-06,0.0069585192542632,-0.1396191802746227,-4.465229664947815,0.0215832373636728,0.0338799273522163,0.0685762905868758,-5.0187845705239,0,0.3237305332031996,108.88868800409575,-0.3421558635181662,7.0,0.9659258262890684,2,0.137768817204301,0.2051282051282051,0.1201508637851135
0.9972420900957994,2.3927264538058417e-05,1.2239746783893155,2.055391382552896,0.0082165325948714,0.0023206364287847,5.3853534346030675e-06,0.0084587483091816,-1.410631839629471,2.2758596459780556,0.0014511626494654,0.0296377059736228,1.5131075318229952,2.58046198449383,0,0.573224458617722,124.9753942208167,-0.6995675162413582,7.25,0.9469301294951056,2,0.137768817204301,0.2051282051282051,0.1201508637851135
0.9972107870117076,7.223930629129843e-05,-1.3843898183053278,2.316824217668623,0.0106179519022683,0.002703347289502,7.308086567658216e-06,0.0108729925744557,1.5762664951938048,2.55082403225893,-0.0279829277105984,0.0316297957589084,-1.588902883703989,2.5674305680303533,0,0.8979514876045207,153.89010660090676,-2.0403615670088686,7.5,0.9238795325112868,2,0.137768817204301,0.2051282051282051,0.1201508637851135
0.9972098334128772,7.111540601761964e-05,-1.454504513090124,2.4449236172091773,0.0113749308824531,0.0022915097931341,5.2510171320297504e-06,0.011546744797957,1.1008829699512162,1.075612377500649,-0.0376281962120548,0.0270511217095471,-0.8865501725157464,0.1857140448134,0,0.7778939694952738,141.0681648812569,-1.2379051718769536,7.75,0.8968727415326884,2,0.137768817204301,0.2051282051282051,0.1201508637851135
0.9972341315137352,9.682694362491118e-05,-0.6261901139852798,0.4058392231763399,0.0127345978480642,0.0022074040670063,4.872632715035959e-06,0.0128772845308215,-0.2596880027047947,-4.477702159666778,-0.0560104038881008,0.0282834239852794,0.1998013844502681,-3.446046578830265,0,0.9295942736547892,158.37167356750908,-2.5220672816312435,8.0,0.8660254037844387,2,0.137768817204301,0.2051282051282051,0.1201508637851135
0.9972789662696394,0.0001251043069193,-1.044507459134343,1.032797970355059,0.0142521676924361,0.0020144801866655,4.058130422468025e-06,0.0143585473412078,-0.9798908484483316,2.0193855930662146,-0.0772502529001868,0.0278568298590904,0.4204917188537697,0.8183258906901223,0,0.9558283882996536,162.90691050402825,-3.2519453725381418,8.25,0.8314696123025451,2,0.137768817204301,0.2051282051282051,0.1201508637851135
0.99733564891912,5.1836513923890365e-05,-0.0478949484015516,1.49130749457907,0.0155469288846697,0.0034190116832244,1.168964089002498e-05,0.0158263776149827,0.0783122207193725,0.3752316738153958,-0.096129285754297,0.044970965409275,0.0849137617113389,0.179598709940274,0,0.9737098215669492,166.83290519092225,-4.27456134845976,8.5,0.7933533402912352,2,0.137768817204301,0.2051282051282051,0.1201508637851135
0.9973445491060964,3.8569236798481386e-05,1.2333385259416354,2.3576154305320713,0.0177116192769614,0.0026499627305466,7.022302473286424e-06,0.0178596804077375,-0.3025777145347615,-4.018948324346555,-0.1241760007576487,0.0330800287706016,0.4085431016015183,-3.5190662585884347,0,0.9746594888284028,167.07393966363236,-4.357120272626621,8.75,0.7518398074789774,2,0.137768817204301,0.2051282051282051,0.1201508637851135
0.9974046387281928,0.0001214755729132,1.455133363655727,1.9260192630284116,0.0204956883102422,0.0039297561481567,1.5442983383976062e-05,0.0207763200988072,0.8433706160408856,1.840566856576931,-0.1622497368218163,0.0539687622233744,-1.1269915715408885,2.193076257274962,0,0.9900412663537465,171.90718029891812,-7.032682046728983,9.0,0.7071067811865476,2,0.137768817204301,0.2051282051282051,0.1201508637851135
0.997476707849975,0.0001854517967397,0.2734550312120093,-4.24156149844697,0.0229664703860016,0.0035209745019926,1.2397261443682482e-05,0.023168010447023,-0.0027627928255634,-5.8528417397847985,-0.1968102526747891,0.0524780584617901,-0.0225170389481764,-5.792950835052635,0,0.9913694941715452,172.46700643774756,-7.5620994133272195,9.25,0.659345815100069,2,0.137768817204301,0.2051282051282051,0.1201508637851135
0.9975708567208528,0.0001850594202458,-1.4669619211519178,1.8288834933666624,0.0245144342416137,0.0029147513601939,8.495775491752761e-06,0.0246440523819588,-1.9783871323023257,3.931384775623908,-0.2204709257988672,0.0446050084332248,1.9518083365870424,3.831999544928017,0,0.99133427273242,172.45162878614423,-7.546514611432904,9.5,0.6087614290087209,2,0.137768817204301,0.2051282051282051,0.1201508637851135
0.9976599230198316,5.827197331121039e-05,-1.35191824624714,1.992354587058788,0.0266613667092925,0.0013952130960045,1.9466195832625177e-06,0.026688732444504,1.909437078668506,3.670581331105595,-0.2515898218182465,0.0182649343896295,-1.704683925979844,3.1541762550901,0,0.9928314740379156,173.13546274171838,-8.30665691103891,9.75,0.5555702330196025,2,0.137768817204301,0.2051282051282051,0.1201508637851135
0.9977112246769732,5.1556194081030915e-05,1.1889021233946466,1.4569493844871513,0.0284277557983087,0.0032246111597398,1.039811713151888e-05,0.0285645915002545,1.204137488437059,0.544257088205347,-0.2762985205151181,0.0428034776999103,-1.312687450990583,1.044036652752702,0,0.9951571383225256,174.35891342172005,-10.12402658686782,10.0,0.4999999999999999,2,0.137768817204301,0.2051282051282051,0.1201508637851135
0.9977630173211472,0.0001002001013622,0.7583665778954962,-0.2557031137777539,0.0307111410671912,0.0042132961785149,1.7751864687888308e-05,0.0309271415453211,-0.0904012428479464,-2.527778442317281,-0.3076480514996257,0.0575158790779141,-0.0304191574515577,-2.697117408133492,0,0.9961928476461704,174.99880119123776,-11.42729500180343,10.25,0.4422886902190017,2,0.137768817204301,0.2051282051282051,0.1201508637851135
0.9978657155340822,0.0001952418668049,0.7247247292534869,0.3778732280500261,0.0339079914894887,0.0041882996410112,1.754185388289516e-05,0.0341014409851388,-0.2520568515063744,-0.0905146603997781,-0.3527850193290408,0.0614665163795454,0.1234085136228507,-0.1238453660967024,0,0.997359271692798,175.83520931031342,-13.732938287235164,10.5,0.3826834323650899,2,0.137768817204301,0.2051282051282051,0.1201508637851135
0.9979690024234972,0.0001585265477437,-0.338502622730822,-3.3612946897172495,0.0365211570191885,0.0029712763573994,8.828483192041048e-06,0.0366116958418173,-0.5382650044166398,-2.732753347340367,-0.3904771542055902,0.044446685646718,0.5327975700562899,-2.914696303250709,0,0.997312786979582,175.79869602262266,-13.613162902161092,10.75,0.3214394653031617,2,0.137768817204301,0.2051282051282051,0.1201508637851135
0.9980460652075333,0.0001030420818333,-1.7931349862414083,3.391476880153597,0.0378157984490418,0.0017126361437774,2.9331225609730507e-06,0.0378448735532141,-1.5727028455393728,2.5648399576152627,-0.410217057268043,0.0259229913454778,1.7113565743305947,2.9503288549701168,0,0.9972058639006188,175.71588894222054,-13.349080723901793,11.0,0.258819045102521,2,0.137768817204301,0.2051282051282051,0.1201508637851135
0.9980887719331912,2.4757024732770536e-05,0.9881043555575032,0.7309141050893029,0.0380488272356038,0.001270544896153,1.6142843331405797e-06,0.0380647339049436,-1.246074729994718,1.5085424120447044,-0.4149541658653005,0.0168264346498983,1.345452191377955,1.5577650250051267,0,0.9968855660038244,175.47687902320257,-12.640981394950964,11.25,0.1950903220161281,2,0.137768817204301,0.2051282051282051,0.1201508637851135
0.9980547683416008,4.688547930588248e-05,-1.693620948228648,3.0405403723650366,0.0370861671935363,0.0019246749007538,3.704373473591922e-06,0.0371236053907969,-0.1713692629384175,-2.105775172150727,-0.4012318753715609,0.02628385920839,0.318416051708185,-1.8992273582800756,0,0.9963946278748648,175.13322096600933,-11.744502420420122,11.5,0.130526192220052,2,0.137768817204301,0.2051282051282051,0.1201508637851135
0.9980745684485952,7.020247187875763e-05,-0.2796444731362675,0.8771209432313558,0.0370614878251444,0.0018889997603501,3.56832009460291e-06,0.0370975756604628,-0.22658416285426,-2.187361051538316,-0.401728872599617,0.0269951559269386,0.2361773680724137,-1.80870977858479,0,0.9974840423057284,175.9348329015773,-14.070660622075986,11.75,0.0654031292301431,2,0.137768817204301,0.2051282051282051,0.1201508637851135
0.9980732694151444,6.984331888601916e-05,-0.1783048926536151,1.080007754902807,0.0369629168448878,0.0018295662679439,3.347312728798277e-06,0.0369968607618021,-0.0080505494781933,-1.0742457364927755,-0.4004132469624354,0.0262464735281144,0.0239193973544832,-0.7836737096699764,0,0.9971408474309676,175.66630859762208,-13.19578423013498,12.0,1.2246467991473532e-16,2,0.137768817204301,0.2051282051282051,0.1201508637851135
0.9980967082067782,8.09790554250216e-05,-1.1312157063415458,0.1320459435464354,0.0374414236448553,0.001840304066939,3.3867190587925683e-06,0.0374753284688354,-1.382548302528526,2.304876057181259,-0.4075023605926445,0.0267798939020442,1.387389904610688,2.14741603413545,0,0.9973877757246158,175.8577579401716,-13.807957836433696,12.25,-0.0654031292301428,2,0.137768817204301,0.2051282051282051,0.1201508637851135
0.998129494385446,3.4678189764072676e-05,-0.6613481123048253,-2.2618811241856243,0.0381127088054321,0.0007147912715195,5.109265618405999e-07,0.0381177356017973,1.1465584591040323,0.4403505319723972,-0.4174429406490416,0.0102577973659174,-0.956194956630794,-0.7439283529606637,0,0.997202356437024,175.71319985767002,-13.340675563509734,12.5,-0.1305261922200517,2,0.137768817204301,0.2051282051282051,0.1201508637851135
0.998110798874718,3.578347601468296e-05,1.003389471841966,-0.4084536516832191,0.0378013058218864,0.0002928866229782,8.578257391959586e-08,0.0378021568005015,0.844782205111602,0.1753198652553251,-0.412687735171504,0.0047837851277059,-1.648154707133078,2.6157761777456905,0,0.9971543999613378,175.67659663314598,-13.227305069790129,12.75,-0.1950903220161279,2,0.137768817204301,0.2051282051282051,0.1201508637851135
0.9981633480665884,9.396118012664083e-05,1.3539353627483723,1.8948514304667403,0.0381172556523823,0.0006021055109686,3.625310463388626e-07,0.0381208220891589,0.8447699729731518,0.5293538756961489,-0.4188863618893882,0.0113520966001407,-1.215903082805779,0.8812823887966079,0,0.997770588049684,176.17341575852512,-14.950813265915132,13.0,-0.2588190451025208,2,0.137768817204301,0.2051282051282051,0.1201508637851135
0.9981515926111592,9.760126557530868e-05,1.836719735484762,3.5358061943605748,0.0376943020773658,0.000997982349993,9.959687708976884e-07,0.0377042091241463,0.0847830444406361,0.9579844273130133,-0.4129873351908593,0.0160103243103642,-0.839355097588701,1.7595828489717888,0,0.9970479734869608,175.5964512864429,-12.985640982738902,13.25,-0.3214394653031615,2,0.137768817204301,0.2051282051282051,0.1201508637851135
0.998138207459064,0.0001070619241352,1.8020312301851529,3.2981005841128237,0.0369942723691744,0.0018150295627717,3.2943323137354704e-06,0.0370276509835481,-0.4725432486479361,-0.7802511342497027,-0.4034733028369139,0.0266971492081219,0.112440445521623,-0.1805954713815651,0,0.9966214229825944,175.2888690948501,-12.134364315704342,13.5,-0.3826834323650896,2,0.137768817204301,0.2051282051282051,0.1201508637851135
0.998114696008122,0.0001313317439874,1.105741274758055,1.6570034395577746,0.0354617857470359,0.0030343032820495,9.206996407456728e-06,0.0355590142674647,-0.2507688292387882,-0.0810022835614248,-0.3828847715492173,0.0440170965140045,0.0900999529676333,0.0003395503733525,0,0.9956896383027072,174.67831588244263,-10.735493475058988,13.75,-0.4422886902190014,2,0.137768817204301,0.2051282051282051,0.1201508637851135
0.9980059766937108,0.0001093316584676,-0.8505403721745629,-0.0579918816530362,0.0329933696681623,0.003289087770456,1.08180983617634e-05,0.0331160990430761,-0.2894857799206571,-1.961769490363052,-0.3468238039766279,0.0465443890408801,0.3399934543863019,-1.798508626796476,0,0.99418778264806,173.81958189349697,-9.234547463011934,14.0,-0.4999999999999998,2,0.137768817204301,0.2051282051282051,0.1201508637851135
0.996997517712302,0.0010499588646421,-1.9458725456131396,3.8042868346257954,-0.0085585332887417,0.0219120391521484,0.0004801374598052,0.0208170984267272,-1.9998287343952128,3.999431894988,0.063250666024776,0.0039415400626172,0.4320751648444312,1.507696072576989,0,0.9138114064505434,23.96248897457817,2.2499991380963067,0.0,0.0,2,0.1498655913978494,0.2147651006711409,0.1838170804934401
0.9965745860735656,0.0011785776244986,-0.0404485421580177,-5.7635074033271785,-0.0189869208412359,0.0246147683907125,0.0006058868229284,0.028546773551967,-0.0073898869683881,-5.95733933204255,0.0600403510991104,0.0036312021478745,-0.6207749343090263,-2.3441286124017378,0,0.91381139815891,23.962488974578164,2.2499990878283027,0.25,0.065403129230143,2,0.1498655913978494,0.2147651006711409,0.1838170804934401
0.9960151748063024,0.0010679889544694,1.8916905762736893,3.607313671028251,-0.0301187379867407,0.0216527835952602,0.0004688430374231,0.0354791580506211,1.978828486368276,3.926588493986241,0.0591897652897709,0.0029702242335923,-0.1869703463326376,0.8506304619878922,0,0.9138114090672717,23.962488974578157,2.2499991539602155,0.5,0.1305261922200515,2,0.1498655913978494,0.2147651006711409,0.1838170804934401
0.9954408097392322,0.0001716836293468,1.4858346171694223,2.0495506134304975,-0.0413282170621941,0.0015237506893524,2.3218161633021407e-06,0.0413492791673805,1.4871844274663517,2.054702883369748,0.0585971736786646,0.0021684658060783,-1.4869166719874356,2.053681177794548,0,0.9138114101729552,23.962488974578097,2.2499991606634233,0.75,0.1950903220161282,2,0.1498655913978494,0.2147651006711409,0.1838170804934401
0.9955471606680248,0.0002676174528708,0.317287470647328,-4.01690337696663,-0.0403829743545289,0.0023767548731563,5.6489637270726465e-06,0.0404353971232323,0.3187178879002166,-4.009902680287514,0.057252364502172,0.0033819497240558,-0.318436946653604,-4.011276246159172,0,0.9138113921175712,23.962488974578154,2.249999051202707,1.0,0.2588190451025207,2,0.1498655913978494,0.2147651006711409,0.1838170804934401
0.9955578678191072,0.0002757590529875,0.1624646481832521,-4.890855883347459,-0.0402877460040336,0.002449079113466,5.997988504015795e-06,0.0403435368982839,0.1633523469715838,-4.88676285091964,0.0571168997220351,0.003484856902947,-0.1631781081360382,-4.887564753049807,0,0.9138113966754218,23.962488974578186,2.24999907883466,1.25,0.3214394653031616,2,0.1498655913978494,0.2147651006711409,0.1838170804934401
0.9955852365840924,0.0002516514411526,-0.07444037786024,-3.317147932987039,-0.0400451085070344,0.0022352387546047,4.996292290086785e-06,0.040091868683779,-0.0723649901094247,-3.318577106445426,0.0567715237200474,0.0031805037291648,0.0727734121869477,-3.3182893521671613,0,0.9138114057691896,23.96248897457813,2.249999133965604,1.5,0.3826834323650898,2,0.1498655913978494,0.2147651006711409,0.1838170804934401
0.9956421176270428,0.0001836279175836,0.2314551203605762,-3.0286866095002107,-0.0395407197762272,0.001632249124414,2.6642372041503633e-06,0.0395659790517673,0.2330573150682926,-3.025632965317337,0.0560535959487715,0.002322173747219,-0.2327441451425567,-3.0262266629488295,0,0.9138114032517404,23.962488974578157,2.2499991187035717,1.75,0.4422886902190012,2,0.1498655913978494,0.2147651006711409,0.1838170804934401
0.9955454497723076,0.0001270686104633,1.592461314183399,2.389368613015831,-0.0404000709280644,0.0011288433745202,1.2742873641983151e-06,0.0404118973387225,1.593265894716816,2.392724538661712,0.0572761581991729,0.0016061689814587,-1.5931075493344329,2.39206416065543,0,0.913811405257024,23.962488974578157,2.249999130860599,2.0,0.4999999999999999,2,0.1498655913978494,0.2147651006711409,0.1838170804934401
0.9955182395950593,7.615076951443889e-05,0.9746408742125472,-0.3543539395271669,-0.040641993787304,0.0006760905945109,4.570984919862115e-07,0.0406462111749164,0.9754124877936676,-0.351017024013192,0.0576203224079454,0.0009620873176167,-0.9752601115509972,-0.3516759948121599,0,0.9138114003885456,23.96248897457825,2.2499991013454577,2.25,0.5555702330196022,2,0.1498655913978494,0.2147651006711409,0.1838170804934401
0.9954745979105112,0.0001453173930923,-0.9533645993924262,1.204594727710461,-0.0410287672889606,0.001288878441266,1.6612076363604716e-06,0.0410439477996283,-0.9511329393761092,1.2005758967733176,0.058170902498942,0.0018344600199232,0.9515765082708056,1.2013749922964294,0,0.9138114109556726,23.962488974578072,2.249999165408647,2.5,0.6087614290087207,2,0.1498655913978494,0.2147651006711409,0.1838170804934401
0.995412160556132,0.0001646645604966,0.6778921049920034,-2.216288239915581,-0.0415823623854822,0.0014604779445972,2.132995826655032e-06,0.0416015938207566,0.6792430319950473,-2.2090874351407876,0.05895888691883,0.0020786970897299,-0.6789744281893333,-2.210519055437917,0,0.913811410813208,23.962488974578196,2.2499991645449473,2.75,0.6593458151000688,2,0.1498655913978494,0.2147651006711409,0.1838170804934401
0.9953950338915464,0.0001603410758621,1.348969117062366,1.1952136329285103,-0.0417342571482748,0.0014222645624263,2.022836485533908e-06,0.0417524292357,1.3502906559858805,1.20151163547372,0.059175080934873,0.0020242702810036,-1.3500275906922323,1.2002581014689095,0,0.913811407354348,23.96248897457817,2.249999143575619,3.0,0.7071067811865475,2,0.1498655913978494,0.2147651006711409,0.1838170804934401
0.995283300735684,9.277874146949938e-05,0.21304183920983,1.5109439392425106,-0.0427248141845578,0.0008215913143059,6.750122877429815e-07,0.0427307384247038,0.2152025186314384,1.5114635376705934,0.060585068556747,0.0011697405598439,-0.2147671034758705,1.511358410121426,0,0.9138114138783556,23.962488974578132,2.2499991831274,3.25,0.7518398074789774,2,0.1498655913978494,0.2147651006711409,0.1838170804934401
0.9952813653624296,9.30202148098606e-05,0.3343552493236982,1.4702792678436758,-0.0427419500235307,0.000823737405448,6.785433131343525e-07,0.0427479028643337,0.3364609344861883,1.471109100706153,0.0606094664645247,0.0011727938325838,-0.3360366320830607,1.4709415584608792,0,0.9138114111768014,23.962488974578104,2.249999166749237,3.5,0.7933533402912352,2,0.1498655913978494,0.2147651006711409,0.1838170804934401
0.9953324956464384,0.0001387898210885,-0.0745597382622293,-2.253582079316375,-0.0422887145348457,0.0012295723277888,1.5118481092639852e-06,0.0423021188959995,-0.0729348705601869,-2.254263596766968,0.059964303201365,0.0017504505714708,0.0732611212758987,-2.254124777519941,0,0.91381140468321,23.962488974578132,2.2499991273818565,3.75,0.8314696123025451,2,0.1498655913978494,0.2147651006711409,0.1838170804934401
0.9952842746098388,0.0001409577901576,1.5466586296911693,2.350776054070236,-0.0427157994180725,0.0012488945248686,1.559737534246974e-06,0.0427294900867697,1.5477071198757704,2.354536484605733,0.0605723453982187,0.0017779251492652,-1.5474963882600614,2.3537808723731697,0,0.9138114129370432,23.962488974578143,2.2499991774206967,4.0,0.8660254037844386,2,0.1498655913978494,0.2147651006711409,0.1838170804934401
0.9953430250033468,0.0001275051289463,0.1167257932704122,-3.20190033123926,-0.0421955294139649,0.0011297977524061,1.2764429613419087e-06,0.0422068718900778,0.1178299645655899,-3.200785002870555,0.0598316146595343,0.0016083518342032,-0.1176086054398064,-3.2010070780685815,0,0.9138114071130352,23.962488974578175,2.24999914211266,4.25,0.8968727415326884,2,0.1498655913978494,0.2147651006711409,0.1838170804934401
0.9952738608863012,0.0002211411350417,-0.6363062010248082,-1.4841749316745112,-0.0428069932608511,0.0019572641208338,3.830882838703477e-06,0.0428405396110184,-0.633862475323112,-1.4922953900249674,0.0607024779482335,0.0027869520739269,0.6343567447223694,-1.4906502053288904,0,0.9138114186298184,23.96248897457821,2.249999211933128,4.5,0.9238795325112868,2,0.1498655913978494,0.2147651006711409,0.1838170804934401
0.9951768165313172,0.0001772430609666,0.6855558664710861,0.1386580890869506,-0.0436663983814373,0.0015682156791136,2.4593004162180133e-06,0.0436875133524239,0.6883371651706708,0.1436006260769389,0.0619260451669225,0.0022331336994373,-0.687772816604923,0.142599044347083,0,0.9138114158813372,23.962488974578193,2.249999195270468,4.75,0.9469301294951056,2,0.1498655913978494,0.2147651006711409,0.1838170804934401
0.995135699981186,0.0001866630601457,1.6872203737647364,2.9617795994959835,-0.0440298757702602,0.0016516880973874,2.728073571051447e-06,0.0440531044935825,1.6883098606610158,2.9652275691276024,0.0624437264214906,0.0023519617699983,-1.6880884996377878,2.964527090301324,0,0.9138114173536576,23.962488974578186,2.249999204196407,5.0,0.9659258262890684,2,0.1498655913978494,0.2147651006711409,0.1838170804934401
0.9950454534937522,4.319899928607494e-05,0.0715617145218431,1.4522149805195728,-0.0448285330679538,0.0003815677730642,1.4559396544119334e-07,0.0448297509751992,0.0725897759585131,1.4523017072522355,0.063580961828094,0.0005435392505666,-0.0723789490138737,1.4522838482920726,0,0.9138114172405736,23.962488974578154,2.249999203510838,5.25,0.9807852804032304,2,0.1498655913978494,0.2147651006711409,0.1838170804934401
0.994942737660882,0.0002416711519402,-1.932031212215672,3.7961613067068463,-0.0457332859286668,0.0021295917452241,4.53516100132666e-06,0.0457704578585779,-1.93166921905978,3.7951380930227856,0.0648705161466772,0.0030350705263222,1.93174447281404,3.795350765764777,0,0.9138114282917984,23.962488974578175,2.2499992705088587,5.5,0.9914448613738104,2,0.1498655913978494,0.2147651006711409,0.1838170804934401
0.994853661895464,0.0002303601909635,-0.4016540606639909,-3.724606167565451,-0.0465190174222483,0.0020300210585602,4.120985498197984e-06,0.0465522257368513,-0.4002579697599279,-3.732319501140987,0.0659900934716632,0.0028931327165732,0.4005500509253948,-3.730705651583628,0,0.9138114247026294,23.96248897457809,2.249999248749537,5.75,0.9978589232386036,2,0.1498655913978494,0.2147651006711409,0.1838170804934401
0.9947646402999872,0.0001996870639079,1.3384673827079054,2.2449187562695823,-0.0473037994209843,0.0017597355316866,3.096669141480359e-06,0.0473283418420347,1.3409021846435545,2.2499833019919286,0.0671084574865286,0.002507923543093,-1.3403926820104908,2.2489233409116363,0,0.9138114259779684,23.96248897457812,2.249999256481274,6.0,1.0,2,0.1498655913978494,0.2147651006711409,0.1838170804934401
0.994648649231018,7.949417318157033e-05,0.4094189765444572,-3.683655793719323,-0.0481360457033771,0.0005843080004518,3.414158393920608e-07,0.0481387054025846,-0.677822240104199,1.4439692925797374,0.0686297920402441,0.0010735325935506,-0.3096827302498248,-3.765627841030629,0,0.9138114287199895,23.962488974578154,2.2499992731047698,6.25,0.9978589232386036,2,0.1498655913978494,0.2147651006711409,0.1838170804934401
0.994585889978715,0.0001821723795603,-1.284865229754945,1.3665482943172993,-0.0482568877009351,0.0008057068829409,6.491635812184717e-07,0.0482619320299783,-1.2914280698090586,2.3229493213354413,0.0695618181204558,0.0025564901888405,1.2685306584346616,1.2017576241667474,0,0.9138114344263932,23.96248897457816,2.249999307699828,6.5,0.9914448613738104,2,0.1498655913978494,0.2147651006711409,0.1838170804934401
0.9944849782097788,0.0001782392194685,0.2822260737523033,-4.376392858375487,-0.0480037407528321,0.0011901588866139,1.416478175386165e-06,0.048014804851174,0.317092745545477,1.4761710256660088,0.0712137878816808,0.002806024973591,-0.1771991547047842,-4.106625539136779,0,0.9138114357686068,23.962488974578186,2.2499993158369933,6.75,0.9807852804032304,2,0.1498655913978494,0.2147651006711409,0.1838170804934401
0.9943764416534694,0.0001432234913681,1.5393752531186058,2.8789216336234382,-0.0476736716070085,0.0013649260316299,1.8630230718211276e-06,0.0476883238518238,-0.6581438321969262,-2.186138558872427,0.0730086864721885,0.0024085185792666,-1.2189486702866588,1.8478545879226171,0,0.9138114376764604,23.962488974578157,2.2499993274033536,7.0,0.9659258262890684,2,0.1498655913978494,0.2147651006711409,0.1838170804934401
0.9942781754421212,7.051189632906517e-05,-0.6230008203476157,-2.4233865168711173,-0.0472448130729974,0.0014359822940157,2.0620451487266664e-06,0.0472611774733098,-1.9691670263606804,3.892135320722751,0.0746760726427858,0.0014027581051018,0.1373717998236631,-2.024653000031732,0,0.9138114391986584,23.962488974578175,2.2499993366316735,7.25,0.9469301294951056,2,0.1498655913978494,0.2147651006711409,0.1838170804934401
0.9941657258184629,0.0001991172123011,-1.445894289219165,2.3828552056407872,-0.0463619039021695,0.000349336058694,1.220356819039026e-07,0.046362890981852,1.4610314439733254,2.6403335108095156,0.0767096884950531,0.0031784995599718,1.4776909228016497,2.41798693368547,0,0.913811445857639,23.96248897457816,2.2499993770017306,7.5,0.9238795325112868,2,0.1498655913978494,0.2147651006711409,0.1838170804934401
0.994147767268726,0.0001806807111356,-1.805431441976012,3.262011698753593,-0.0459228080035098,0.0008639220023719,7.463612261823919e-07,0.0459289022930717,1.1842653787952595,0.8396511013136401,0.0771364354617332,0.0027825506728996,1.859822486980536,3.5185075291055696,0,0.9138114383132576,23.962488974578143,2.2499993312639357,7.75,0.8968727415326884,2,0.1498655913978494,0.2147651006711409,0.1838170804934401
0.9941667585668946,0.0001984782945236,-1.533171523687986,2.4275003931404058,-0.044660958728311,0.0021440625020314,4.597004012617352e-06,0.0446995412453084,1.4049346259312685,1.7845418599417933,0.077271474618247,0.0026725807971711,1.941429989664831,3.789136909407066,0,0.9138114384669696,23.962488974578168,2.2499993321958125,8.0,0.8660254037844387,2,0.1498655913978494,0.2147651006711409,0.1838170804934401
0.9942228369181652,0.0002355011492524,-1.6080565569469438,2.8241945991094894,-0.0429307280925401,0.0029019092640249,8.421077376634101e-06,0.0430042233110627,0.3102112689104935,-2.9392781108422046,0.0769926989962958,0.0028573696623764,1.9474328807991093,3.838798164854797,0,0.9138114375761004,23.962488974578147,2.249999326794921,8.25,0.8314696123025451,2,0.1498655913978494,0.2147651006711409,0.1838170804934401
0.9943068403967628,8.488336818805184e-05,0.5194605677454537,-0.6283123346032333,-0.0411220107911677,0.0027149506255367,7.370956899102205e-06,0.041189173203439,-0.9120601399388945,-0.2916413986261172,0.0763119066884255,0.0015069811413093,1.8093689600807303,3.463875308162269,0,0.9138114422944807,23.96248897457818,2.249999355400091,8.5,0.7933533402912352,2,0.1498655913978494,0.2147651006711409,0.1838170804934401
0.9942785244089888,0.0001158332963623,0.1989993010467266,-2.3324019074216604,-0.0396523248950809,0.0013662923336309,1.8667547409386931e-06,0.0396699752412377,-1.5862677613476204,2.402239333107868,0.077246469916432,0.0020605471589145,0.088974969089774,-4.665506572760663,0,0.913811443503987,23.962488974578186,2.2499993627327193,8.75,0.7518398074789774,2,0.1498655913978494,0.2147651006711409,0.1838170804934401
0.9943377739444268,0.0001880275459033,0.4298590191942509,-2.6213724970418077,-0.036880565203046,0.0042456080596812,1.8025187796429985e-05,0.037063391379407,1.9530765690335536,3.853543137215272,0.0772721452130512,0.0020371577786524,0.0632090327566183,-4.490639128541581,0,0.9138114386159976,23.962488974578218,2.2499993330992916,9.0,0.7071067811865476,2,0.1498655913978494,0.2147651006711409,0.1838170804934401
0.9944272786555752,0.0002927234023666,0.3735232679516415,-3.4717967938737395,-0.0340800050805156,0.0054576802444073,2.978627365019406e-05,0.034406197864996,0.1413911870172287,-5.172942571068694,0.076839765318365,0.0026994621257345,-0.5614436236507313,-1.9694134792187157,0,0.9138114349620824,23.96248897457814,2.2499993109474428,9.25,0.659345815100069,2,0.1498655913978494,0.2147651006711409,0.1838170804934401
0.9945798074657872,0.000305600461702,-1.284184519220296,1.055108290917957,-0.0314358998496024,0.0050688510446917,2.569325091327245e-05,0.0317409158270334,-1.7284946581826195,2.9279158092165893,0.0753813561554994,0.0030321557833298,0.9771118288892277,-0.2349225637548126,0,0.9138114337630282,23.962488974578175,2.2499993036781776,9.5,0.6087614290087209,2,0.1498655913978494,0.2147651006711409,0.1838170804934401
0.9947095419187216,0.0001154469075114,-0.4971619003145868,-1.4539911177334712,-0.0285239558732122,0.0014218857561908,2.0217591036584142e-06,0.0285505232523737,-1.3313486894929216,2.401359292286008,0.0743675865252582,0.0015266952652475,-0.112461740120739,-4.257169724074345,0,0.9138114378496668,23.96248897457817,2.2499993284534163,9.75,0.5555702330196025,2,0.1498655913978494,0.2147651006711409,0.1838170804934401
0.9947730835079324,7.120076390607533e-05,-1.3823706452461149,1.4117819295955378,-0.0265260229069443,0.0026952968204839,7.264624950510681e-06,0.0266285253059993,1.8254066366324655,3.3495156923375298,0.0740641423781473,0.0012043025071814,-0.0638345719265409,-2.783103246818047,0,0.9138114368285032,23.96248897457821,2.2499993222626102,10.0,0.4999999999999999,2,0.1498655913978494,0.2147651006711409,0.1838170804934401
0.994826624011234,0.0001282205979688,0.141212400611131,1.492225580468384,-0.024207161879023,0.0042162389548752,1.7776670924607386e-05,0.0244809964958598,0.5315341409781852,-2.6829777102033123,0.074024065736482,0.0012329721332833,0.0575916240923007,-3.4845986209110045,0,0.9138114347135472,23.962488974578143,2.2499993094406983,10.25,0.4422886902190017,2,0.1498655913978494,0.2147651006711409,0.1838170804934401
0.9949611619271778,0.0002986168399073,0.9860436646531482,0.7963326753558793,-0.0204101060997521,0.006044355819347,3.653423727087395e-05,0.0210706693998056,0.3299682730938237,-0.0106907957415458,0.0732314159180663,0.002612444860006,-1.4002471313763123,1.7630848836139243,0,0.9138114285257009,23.962488974578186,2.249999271926891,10.5,0.3826834323650899,2,0.1498655913978494,0.2147651006711409,0.1838170804934401
0.9951092058681594,0.0002509323788513,-0.2308836814150169,-3.2681188357531905,-0.0169552564434232,0.0046564277051428,2.16823189732222e-05,0.0174282087516694,-0.4588382617036653,-3.3041560105786125,0.0721147507254301,0.0023233102556536,0.0003177038011892,-2.861148367765315,0,0.913811430873052,23.96248897457816,2.2499992861577036,10.75,0.3214394653031617,2,0.1498655913978494,0.2147651006711409,0.1838170804934401
0.9952336359121317,0.0001697714903108,-1.656589596549738,2.870717345222623,-0.0147716806690185,0.002864539480952,8.205586437933095e-06,0.0149785426399068,-1.8900573262762383,3.645096322499519,0.0709303436762359,0.0016891010100874,1.3602459533520364,1.559984562919114,0,0.9138114292580052,23.962488974578186,2.2499992763664847,11.0,0.258819045102521,2,0.1498655913978494,0.2147651006711409,0.1838170804934401
0.9953129401737254,4.161258371686878e-05,0.3259185867820848,1.0425850398039156,-0.0138527739932409,0.0010729407522448,1.151201857827792e-06,0.0138839025025668,-1.243212554309039,1.7938703070322308,0.0700138495049773,0.0006299016916794,1.5460377424701346,2.2419875385345236,0,0.9138114287176476,23.962488974578104,2.2499992730905736,11.25,0.1950903220161281,2,0.1498655913978494,0.2147651006711409,0.1838170804934401
0.9952663385485604,6.214984901752702e-05,-1.3167412181094706,1.2851327948958993,-0.0150525171819488,0.0019336429923885,3.738975222013311e-06,0.0151453789958843,-1.035015238341312,-0.04920947185526,0.0703280604145274,0.0006234146455898,-0.179583797633931,-4.570956312446354,0,0.9138114306579338,23.96248897457813,2.249999284853553,11.5,0.130526192220052,2,0.1498655913978494,0.2147651006711409,0.1838170804934401
0.9953059680378314,9.995953761150124e-05,-0.2747031080223961,1.4507281922289668,-0.0147058057753296,0.0024003094963308,5.7614856781760115e-06,0.0148519977699955,-0.265744333859128,-0.3624787474629425,0.0698310631864714,0.000770376254477,0.2148769976673153,0.716342623579969,0,0.9138114274771916,23.96248897457814,2.2499992655703096,11.75,0.0654031292301431,2,0.1498655913978494,0.2147651006711409,0.1838170804934401
0.9953055066838952,9.98935610155935e-05,-0.2479450236509704,1.465795795798302,-0.0147887979288943,0.0023645196243595,5.590953053981233e-06,0.0149298948077927,-0.0944415718977961,0.2532246937520721,0.069809918309684,0.0007668312836125,0.3803701255322584,1.1426130069694054,0,0.9138114291135244,23.962488974578115,2.2499992754905747,12.0,1.2246467991473532e-16,2,0.1498655913978494,0.2147651006711409,0.1838170804934401
0.9953415945628254,0.0001225695809411,-0.9181454367814832,-0.6785160222601672,-0.014072829965737,0.002561969648709,6.563688480906326e-06,0.0142466595946146,-1.3200904111759977,1.2449885644358556,0.0694935957148164,0.0010621239123169,0.3723895545295579,-1.7466706303751742,0,0.9138114264989552,23.962488974578193,2.2499992596397504,12.25,-0.0654031292301428,2,0.1498655913978494,0.2147651006711409,0.1838170804934401
0.9953920154539964,5.8046022610225256e-05,-0.8213406301065805,-0.2482772710767378,-0.0130704500592607,0.0009957746016943,9.91567057379481e-07,0.0130988678917018,-7.182902883272692e-05,-3.7638513890979337,0.0690526999188663,0.0006179290174079,0.700461117914928,1.6640480370573592,0,0.9138114276440537,23.96248897457818,2.2499992665819084,12.5,-0.1305261922200517,2,0.1498655913978494,0.2147651006711409,0.1838170804934401
0.9953617356415634,6.709455044838638e-05,0.7585148144965904,-1.503638797652597,-0.0135991853602491,0.0007733004178923,5.979935363124196e-07,0.0136156651550427,1.5431089758414778,2.1043517949892134,0.0693425647638463,0.0007898498270986,-0.4837779386280219,-2.6594453386387453,0,0.913811429481179,23.96248897457818,2.249999277719476,12.75,-0.1950903220161279,2,0.1498655913978494,0.2147651006711409,0.1838170804934401
0.9954588848327538,0.000174022652818,1.3201704481283945,1.9671409911607487,-0.012447586372036,0.002057550113645,4.233512470160878e-06,0.0125744797443676,1.4012367650211393,1.6815487129401134,0.0682248198916515,0.0020086654475445,-1.2698194683710111,2.032014967189914,0,0.9138114209440972,23.962488974578186,2.249999225963438,13.0,-0.2588190451025208,2,0.1498655913978494,0.2147651006711409,0.1838170804934401
0.99544469403313,0.0001774704901246,1.689307776566459,3.1868903555790453,-0.0129166245804977,0.0022728371687711,5.165788795747786e-06,0.0130657388673555,1.90061167481877,3.651682568626814,0.068285230080078,0.0020184518705647,-1.4263585710293816,2.5378146004510995,0,0.9138114269289944,23.962488974578147,2.249999262246865,13.25,-0.3214394653031615,2,0.1498655913978494,0.2147651006711409,0.1838170804934401
0.9954332057982884,0.0001843253794175,1.769467024646646,3.182272504210257,-0.0135819071196056,0.0028705160183096,8.239862211372413e-06,0.013807537711834,1.2745391275211806,2.403148378670716,0.0682366219532005,0.0019968894333746,-1.3473601707219525,2.5058526253241062,0,0.9138114273023258,23.962488974578154,2.2499992645101856,13.5,-0.3826834323650896,2,0.1498655913978494,0.2147651006711409,0.1838170804934401
0.9954194917728773,0.0001987856611485,1.4718556911710154,2.492932439825344,-0.0149325995261943,0.0041774153263369,1.7450798808714813e-05,0.0153645900601297,0.534165661126069,0.6526088142726341,0.0679887416003002,0.001734336740327,-1.9235004916079488,3.752060818186656,0,0.9138114277716172,23.96248897457816,2.2499992673552636,13.75,-0.4422886902190014,2,0.1498655913978494,0.2147651006711409,0.1838170804934401
0.9952573637223262,0.0001469600994184,-1.1210096568128831,0.9041775662415256,-0.0184041428211247,0.0039625296710966,1.5701641394321458e-05,0.0187213435422168,-0.5650721639828195,-1.0487513599912486,0.0693238718769444,0.0009670344334429,1.7602589148783858,3.186509036360757,0,0.9138114305824188,23.962488974578186,2.2499992843957397,14.0,-0.4999999999999998,2,0.1498655913978494,0.2147651006711409,0.1838170804934401
0.9949567896907158,0.0002028006267068,-1.5036245781385922,2.1207499912448213,-0.0477377261859943,0.0045366878920696,2.058153703005148e-05,0.0478991299939903,-1.2093182418833983,0.5553153963230848,0.063250666024776,0.0039415400626176,0.4320751648444312,1.507696072576989,0,0.9138114064505434,23.96248897457817,2.2499991380963067,0.0,0.0,3,0.2291666666666666,0.2335766423357664,0.3290044332410399
0.9951034013809869,0.0001167845640749,0.4287524911442632,0.9248940188112532,-0.0484504875036727,0.0048406986941754,2.3432363847792104e-05,0.0486315125430935,-0.3107761022974348,-4.174958525106188,0.0600403510991104,0.0036312021478749,-0.6207749343050365,-2.3441286128638854,0,0.91381139815891,23.962488974578164,2.2499990878283027,0.25,0.065403129230143,3,0.2291666666666666,0.2335766423357664,0.3290044332410399
0.995054143953824,0.0001655138913467,0.2711490204338156,-1.7579344611747736,-0.0510544266620396,0.0048725512255972,2.3741755446068865e-05,0.0512285154808707,1.354246203108883,1.434284917998168,0.0591897652897709,0.0029702242335929,-0.1869703463326376,0.8506304619878922,0,0.9138114090672717,23.962488974578157,2.2499991539602155,0.5,0.1305261922200515,3,0.2291666666666666,0.2335766423357664,0.3290044332410399
0.9949834706933692,0.0001886975408213,1.4859041874190082,2.049816165621978,-0.053865362712963,0.0019920986008434,3.968456835482356e-06,0.0538929832429544,1.4869907903937338,2.053963696687534,0.0585971736786646,0.002168465806079,-1.4869166719701132,2.053681172653995,0,0.9138114101729552,23.962488974578097,2.2499991606634233,0.75,0.1950903220161282,3,0.2291666666666666,0.2335766423357664,0.3290044332410399
0.9951003696023484,0.0002941483881421,0.3173611749647155,-4.016542718540384,-0.0526298375141272,0.0031069934177499,9.65340809794144e-06,0.0526985754346032,0.3185121684465695,-4.010909927647708,0.057252364502172,0.0033819497240563,-0.3184369466492494,-4.011276246516129,0,0.9138113921175712,23.962488974578154,2.249999051202707,1.0,0.2588190451025207,3,0.2291666666666666,0.2335766423357664,0.3290044332410399
0.995112139104216,0.0003030972379068,0.1625103838922003,-4.89064508297214,-0.052505376628995,0.0032015354759637,1.0249829403854226e-05,0.0525785312366672,0.1632246494678427,-4.887352125276221,0.0571168997220351,0.0034848569029474,-0.1631781081367571,-4.887564753764789,0,0.9138113966754228,23.962488974578054,2.2499990788346733,1.25,0.3214394653031616,3,0.2291666666666666,0.2335766423357664,0.3290044332410399
0.9951422184039952,0.0002766013353238,-0.0743333575202956,-3.3172221166445883,-0.0521881102028739,0.0029219449212953,8.537762123083436e-06,0.0522494226584305,-0.0726630840410807,-3.3183743666278787,0.0567715237200474,0.0031805037291653,0.0727734121847847,-3.3182893514461185,0,0.9138114057691896,23.96248897457813,2.249999133965604,1.5,0.3826834323650898,3,0.2291666666666666,0.2335766423357664,0.3290044332410399
0.9952047335094066,0.0002018413926778,0.2315377954818507,-3.02852927109371,-0.0515286054802929,0.0021334779582363,4.551728198280399e-06,0.051561720092449,0.2328270097641809,-3.0260731367764926,0.0560535959487715,0.0023221737472197,-0.232744145127306,-3.0262266662422856,0,0.9138114032517396,23.962488974578243,2.249999118703563,1.75,0.4422886902190012,3,0.2291666666666666,0.2335766423357664,0.3290044332410399
0.9950984769579676,0.0001396679597033,1.592502821449976,2.3895417817992826,-0.052651829835118,0.0014756103507662,2.1774259072884843e-06,0.0526673357444286,1.5931503859914848,2.392242769025259,0.0572761581991729,0.0016061689814597,-1.5931075493425868,2.392064161908097,0,0.913811405257024,23.962488974578157,2.249999130860599,2.0,0.4999999999999999,3,0.2291666666666666,0.2335766423357664,0.3290044332410399
0.9950685675412252,8.369878458333086e-05,0.9746806431970324,-0.3541818658654776,-0.052968031845096,0.0008838548579848,7.811994099834774e-07,0.0529735622466554,0.9753016821453652,-0.3514962640526775,0.0576203224079454,0.0009620873176184,-0.9752601117745714,-0.3516758603733851,0,0.913811400388546,23.962488974578164,2.2499991013454665,2.25,0.5555702330196022,3,0.2291666666666666,0.2335766423357664,0.3290044332410399
0.9950206045302868,0.0001597128950602,-0.9532497414512188,1.2043877190105243,-0.0534737913671636,0.0016851967351878,2.839888036287812e-06,0.0534937031734188,-0.9514534359192672,1.2011524919776058,0.058170902498942,0.001834460019924,0.9515765082920344,1.2013749893631012,0,0.9138114109556726,23.962488974578072,2.249999165408647,2.5,0.6087614290087207,3,0.2291666666666666,0.2335766423357664,0.3290044332410399
0.9949519831685218,0.0001809766521518,0.6779616389677877,-2.215917578088307,-0.0541976469900104,0.0019095611984192,3.646423970508408e-06,0.0542228711636645,0.6790490511402506,-2.2101213294542124,0.05895888691883,0.0020786970897306,-0.6789744281893333,-2.210519055437917,0,0.913811410813208,23.962488974578196,2.2499991645449473,2.75,0.6593458151000688,3,0.2291666666666666,0.2335766423357664,0.3290044332410399
0.9949331599482528,0.000176225723092,1.349037174399141,1.1955380051209603,-0.0543962496195871,0.0018595725228537,3.458009967752614e-06,0.0544200834265433,1.3501010547044043,1.2006081782715246,0.059175080934873,0.0020242702810043,-1.3500275906922323,1.2002581028141357,0,0.913811407354348,23.96248897457817,2.249999143575619,3.0,0.7071067811865475,3,0.2291666666666666,0.2335766423357664,0.3290044332410399
0.9948103610932796,0.0001019613373085,0.2131528909381212,1.51097059785911,-0.0556914780551299,0.0010744669769784,1.154479284617238e-06,0.0556992512286132,0.2148927192005766,1.51138864224348,0.060585068556747,0.0011697405598452,-0.2147671034758705,1.511358398056883,0,0.9138114138783556,23.962488974578132,2.2499991831274,3.25,0.7518398074789774,3,0.2291666666666666,0.2335766423357664,0.3290044332410399
0.9948082341869806,0.0001022267594598,0.3344634797136686,1.4703217416170258,-0.0557138885880029,0.0010772721551785,1.160515296322984e-06,0.0557216992568275,0.336159032451102,1.4709897852378528,0.0606094664645247,0.0011727938325851,-0.3360366319081072,1.4709414328511698,0,0.9138114111768014,23.962488974578104,2.249999166749237,3.5,0.7933533402912352,3,0.2291666666666666,0.2335766423357664,0.3290044332410399
0.9948644279083524,0.0001525296885374,-0.0744761894075827,-2.253617319523572,-0.0551212386063765,0.0016079190437663,2.585403651306612e-06,0.0551388247810856,-0.0731679278571732,-2.254166796411246,0.059964303201365,0.0017504505714716,0.0732611212505657,-2.2541247734634275,0,0.91381140468321,23.962488974578132,2.2499991273818565,3.75,0.8314696123025451,3,0.2291666666666666,0.2335766423357664,0.3290044332410399
0.9948114338471176,0.0001549130193509,1.546712568262444,2.350969493352199,-0.0556797619936132,0.0016331651055503,2.667228261987428e-06,0.055697722725993,1.547556848290357,2.3539974643861186,0.0605723453982187,0.0017779251492661,-1.5474963882472004,2.3537808636098347,0,0.9138114129370432,23.962488974578143,2.2499991774206967,4.0,0.8660254037844386,3,0.2291666666666666,0.2335766423357664,0.3290044332410399
0.9948759990284816,0.0001401291091772,0.1167825770901109,-3.2018431084802756,-0.0549993616917059,0.0014774059002734,2.18272819416278e-06,0.0550142420891208,0.1176715618096833,-3.200945659780807,0.0598316146595343,0.0016083518342041,-0.1176086054896609,-3.201007056144112,0,0.9138114071130352,23.962488974578175,2.24999914211266,4.25,0.8968727415326884,3,0.2291666666666666,0.2335766423357664,0.3290044332410399
0.9947999959738612,0.0002430216094647,-0.6361806750451449,-1.4845922864740473,-0.0557992159143585,0.0025598776313122,6.55297348729283e-06,0.0558432379681942,-0.6342127838632028,-1.491132489735417,0.0607024779482335,0.0027869520739275,0.6343567447257085,-1.490650206783469,0,0.9138114186298184,23.96248897457821,2.249999211933128,4.5,0.9238795325112868,3,0.2291666666666666,0.2335766423357664,0.3290044332410399
0.994693346585132,0.0001947768050168,0.6856987073402362,0.138911626348861,-0.0569231276977652,0.0020511439269571,4.207191409093135e-06,0.0569508372234562,0.687938683407733,0.1428913591497025,0.0619260451669225,0.0022331336994379,-0.687772816604923,0.1425990452553431,0,0.9138114158813372,23.962488974578193,2.249999195270468,4.75,0.9469301294951056,3,0.2291666666666666,0.2335766423357664,0.3290044332410399
0.9946481645926236,0.0002051294804859,1.687276358616929,2.9619567546680834,-0.057398596100858,0.002160297914233,4.666887078239567e-06,0.0574290779976294,1.6881539126190137,2.964733947443122,0.0624437264214906,0.0023519617699989,-1.6880884996377878,2.964527090301324,0,0.9138114173536576,23.962488974578186,2.249999204196407,5.0,0.9659258262890684,3,0.2291666666666666,0.2335766423357664,0.3290044332410399
0.994548989385804,4.746831266709538e-05,0.0716144113115708,1.4522178532494436,-0.0584431657770107,0.000499192335909,2.4919298823029593e-07,0.0584447646995009,0.0724425395864632,1.452288506227573,0.063580961828094,0.0005435392505692,-0.0723789490138737,1.4522833307144865,0,0.9138114172405736,23.962488974578154,2.249999203510838,5.25,0.9807852804032304,3,0.2291666666666666,0.2335766423357664,0.3290044332410399
0.994436138280712,0.0002655231451734,-1.932012727420596,3.7961090438451457,-0.059627293678964,0.0027870154689025,7.767455223902e-06,0.0596761237254485,-1.9317211146952575,3.795284749109044,0.0648705161466772,0.0030350705263226,1.93174447281404,3.795350765232392,0,0.9138114282917984,23.962488974578175,2.2499992705088587,5.5,0.9914448613738104,3,0.2291666666666666,0.2335766423357664,0.3290044332410399
0.9943382659802422,0.0002530964778538,-0.4015826441771112,-3.7250007130768346,-0.0606554374520608,0.0026566876253818,7.057989138857278e-06,0.0606990575244353,-0.4004574205089103,-3.731217480040886,0.0659900934716632,0.0028931327165737,0.4005500509194252,-3.730705648215597,0,0.9138114247026294,23.96248897457809,2.249999248749537,5.75,0.9978589232386036,3,0.2291666666666666,0.2335766423357664,0.3290044332410399
0.9942404562058852,0.0002193960600544,1.3385919453177244,2.2451776462663595,-0.0616824270752462,0.0023029617613705,5.303632874334763e-06,0.0617146622331235,1.340554392669125,2.2492592776765346,0.0671084574865286,0.0025079235430935,-1.3403926820104908,2.2489233409116363,0,0.9138114259779684,23.96248897457812,2.249999256481274,6.0,1.0,3,0.2291666666666666,0.2335766423357664,0.3290044332410399
0.9941125115075068,8.789234128211443e-05,0.4044567501323047,-3.711003698328332,-0.0628440829287785,0.0007796402134163,6.078388623759636e-07,0.0628477098891096,-0.1174882580664435,-0.3221683129512396,0.0686297920402441,0.0010735325935517,-0.3096827302498248,-3.765627841030629,0,0.9138114287199895,23.962488974578154,2.2499992731047698,6.25,0.9978589232386036,3,0.2291666666666666,0.2335766423357664,0.3290044332410399
0.9940424274985388,0.0002022633250606,-1.2834085044124597,1.3507769548020043,-0.0631667811587027,0.0013540956594282,1.8335750548825268e-06,0.063177665541252,-1.3154348402906946,2.0219236813814057,0.0695618181204558,0.002556490188841,1.2685306584346616,1.2017576231091454,0,0.9138114344263932,23.96248897457816,2.249999307699828,6.5,0.9914448613738104,3,0.2291666666666666,0.2335766423357664,0.3290044332410399
0.993928540509974,0.0002000799052019,0.28166471284222,-4.3963056661891375,-0.0632710084278421,0.0012392529718986,1.5357479283595625e-06,0.0632801099747941,-1.671528183562656,2.787798409314192,0.0712137878816808,0.0028060249735914,-0.1771991546982413,-4.106625543186514,0,0.9138114357686068,23.962488974578186,2.2499993158369933,6.75,0.9807852804032304,3,0.2291666666666666,0.2335766423357664,0.3290044332410399
0.9938059045010283,0.0001618638191618,1.5148434874914878,2.841653137921437,-0.0633293074947836,0.0012009480645858,1.4422762538326112e-06,0.0633378472554833,-1.634404453663974,2.9475991856601382,0.0730086864721885,0.002408518579267,-1.2189486702763122,1.84785458164993,0,0.9138114376764604,23.962488974578157,2.2499993274033536,7.0,0.9659258262890684,3,0.2291666666666666,0.2335766423357664,0.3290044332410399
0.9936945393657924,8.109024177132114e-05,-0.6146823986730843,-2.562239246552217,-0.0632612703219459,0.0012278898234929,1.5077134186374469e-06,0.0632702071105351,-1.814461788180344,3.487128553303876,0.0746760726427858,0.0014027581051024,0.1373717998236631,-2.0246530233661986,0,0.9138114391986584,23.962488974578175,2.2499993366316735,7.25,0.9469301294951056,3,0.2291666666666666,0.2335766423357664,0.3290044332410399
0.9935661079190956,0.0002241104089721,-1.4495796932606693,2.386940602255393,-0.0628186824193069,0.0003877561268111,1.5035481387957257e-07,0.0628195799652295,-0.1799840991516913,1.5084637000745182,0.0767096884950531,0.0031784995599721,1.4776909228061512,2.417986931512564,0,0.913811445857639,23.96248897457816,2.2499993770017306,7.5,0.9238795325112868,3,0.2291666666666666,0.2335766423357664,0.3290044332410399
0.9935448002792676,0.0002024605507349,-1.8177788058842033,3.3035921734964013,-0.0624717403899571,0.0010296035257257,1.0600834201868718e-06,0.062478103443647,1.6774420638016134,3.169935176207204,0.0771364354617332,0.0027825506728998,1.8598224869872464,3.518507525385367,0,0.9138114383132576,23.962488974578143,2.2499993312639357,7.75,0.8968727415326884,3,0.2291666666666666,0.2335766423357664,0.3290044332410399
0.9935627464127512,0.000219077144807,-1.5923576016859922,2.602972163793716,-0.0612382503378246,0.0024526106047796,6.015298778677379e-06,0.0612750746920947,1.139461156604213,0.4222257361176478,0.077271474618247,0.0026725807971714,1.9414299896572584,3.78913691378607,0,0.9138114384669696,23.962488974578168,2.2499993321958125,8.0,0.8660254037844387,3,0.2291666666666666,0.2335766423357664,0.3290044332410399
0.9936210391809028,0.000257640866995,-1.651338560693534,2.958541621227159,-0.0594463638862325,0.0033768433955952,1.1403071318375012e-05,0.0595182533579644,-0.0276557570474381,-2.0944400259168,0.0769926989962958,0.0028573696623767,1.9474328807991093,3.838798164854797,0,0.9138114375761004,23.962488974578147,2.249999326794921,8.25,0.8314696123025451,3,0.2291666666666666,0.2335766423357664,0.3290044332410399
0.9937104235740362,9.458186943125936e-05,0.2574824975808981,-0.3591600667162584,-0.0574885736227531,0.0025671817803931,6.590422293582643e-06,0.057531547118938,-1.0873764818684573,-0.0710291478892219,0.0763119066884255,0.0015069811413098,1.8093689600384903,3.463875350942196,0,0.9138114422944807,23.96248897457818,2.249999355400091,8.5,0.7933533402912352,3,0.2291666666666666,0.2335766423357664,0.3290044332410399
0.9936747778453604,0.0001317574696248,0.1501744797477655,-2.665159030956893,-0.0562204251296228,0.0011210063810738,1.2566553064082108e-06,0.0562288066140037,-1.8589829310305024,3.506151399023942,0.077246469916432,0.0020605471589148,0.0889749691062975,-4.66550658514941,0,0.913811443503987,23.962488974578186,2.2499993627327193,8.75,0.7518398074789774,3,0.2291666666666666,0.2335766423357664,0.3290044332410399
0.993733861932944,0.0002024220060445,0.3236208225568152,-3.109798516482403,-0.0534522342603567,0.0044323798741261,1.9645991348558225e-05,0.0535898856215906,1.990721797047959,3.9695789447241263,0.0772721452130512,0.0020371577786528,0.0632090327566183,-4.490639128541581,0,0.9138114386159976,23.962488974578218,2.2499993330992916,9.0,0.7071067811865476,3,0.2291666666666666,0.2335766423357664,0.3290044332410399
0.9938268005457556,0.0003139179067171,0.3856572908763383,-3.3762759410246694,-0.0505560773933871,0.006030763048566,3.637010294794929e-05,0.0508251368775017,0.1742652069934387,-4.956146937403137,0.076839765318365,0.0026994621257348,-0.5614436236580802,-1.9694134750350596,0,0.9138114349620824,23.96248897457814,2.2499993109474428,9.25,0.659345815100069,3,0.2291666666666666,0.2335766423357664,0.3290044332410399
0.9939908272136956,0.0003294109429928,-1.2629927690382865,0.9654828429703156,-0.0475941781852842,0.0057113949715901,3.2620032521505674e-05,0.047850504924435,-1.6618792220544278,2.650101802657165,0.0753813561554994,0.00303215578333,0.9771118289009628,-0.2349225622378767,0,0.9138114337630284,23.962488974578147,2.2499993036781807,9.5,0.6087614290087209,3,0.2291666666666666,0.2335766423357664,0.3290044332410399
0.9941285712799086,0.0001271215453747,-0.4241502967344535,-1.7755000196495132,-0.0444604004755034,0.0015908647532448,2.530850663116947e-06,0.0444817417424178,-1.8161306396663817,3.3575604946805413,0.0743675865252582,0.001526695265248,-0.1124617400754319,-4.257169684465767,0,0.9138114378496668,23.96248897457817,2.2499993284534163,9.75,0.5555702330196025,3,0.2291666666666666,0.2335766423357664,0.3290044332410399
0.9941945235081538,7.801733801172094e-05,-1.4180690776443996,1.9297975133510403,-0.0423953405308914,0.0025800325312927,6.656567862528639e-06,0.0424541791185132,1.9277210783585763,3.7698148900541177,0.0740641423781473,0.001204302507182,-0.0638345717151483,-2.783103390352604,0,0.913811436828503,23.962488974578243,2.2499993222626067,10.0,0.4999999999999999,3,0.2291666666666666,0.2335766423357664,0.3290044332410399
0.9942484082512624,0.0001351742397181,0.0216607750492688,1.350194246337221,-0.0400661967567737,0.0042545943735348,1.810157328331402e-05,0.0402352619292411,0.6457683472330084,-2.364610018079789,0.074024065736482,0.0012329721332839,0.0575916240923007,-3.4845986404582696,0,0.9138114347135472,23.962488974578143,2.2499993094406983,10.25,0.4422886902190017,3,0.2291666666666666,0.2335766423357664,0.3290044332410399
0.9943892168286976,0.0003190658608656,1.0158117570417062,0.8526616922131094,-0.036095210819651,0.0065938933940384,4.3479430091944374e-05,0.0365441351886134,0.435140978043403,0.0662292200041338,0.0732314159180663,0.0026124448600063,-1.4002471313983182,1.76308488461264,0,0.9138114285257009,23.962488974578186,2.249999271926891,10.5,0.3826834323650899,3,0.2291666666666666,0.2335766423357664,0.3290044332410399
0.9945460755153268,0.0002691735545784,-0.2170860233694838,-3.250382313209659,-0.0323964029480886,0.005152165830054,2.654481274037611e-05,0.0327022252076191,-0.4313923892941865,-3.343835643484736,0.0721147507254301,0.002323310255654,0.0003177037715029,-2.8611483638841957,0,0.913811430873052,23.96248897457816,2.2499992861577036,10.75,0.3214394653031617,3,0.2291666666666666,0.2335766423357664,0.3290044332410399
0.9946798343369364,0.000182981197301,-1.6384012589553356,2.7961627965206652,-0.0299551958293285,0.003214499493908,1.033300699633496e-05,0.0300842735066065,-1.880923827707442,3.648762233436919,0.0709303436762359,0.0016891010100879,1.3602459532490792,1.55998460579894,0,0.9138114292580052,23.962488974578186,2.2499992763664847,11.0,0.258819045102521,3,0.2291666666666666,0.2335766423357664,0.3290044332410399
0.9947663462950228,4.582936260759157e-05,0.0895635736781933,1.212890062910498,-0.0288375252750374,0.0010484631209766,1.0992749160480402e-06,0.0288518165836241,-0.8898193004638564,1.7518415512412098,0.0700138495049773,0.000629901691681,1.5460377424701346,2.2419875385345236,0,0.9138114287176476,23.962488974578104,2.2499992730905736,11.25,0.1950903220161281,3,0.2291666666666666,0.2335766423357664,0.3290044332410399
0.9947172635655784,6.584933194755729e-05,-1.1930575824815477,0.5990095989530442,-0.0301059645561805,0.0019570380982755,3.82999811810185e-06,0.0301536332876522,-1.2394340032879383,0.7313996657783015,0.0703280604145274,0.0006234146455914,-0.179583797633931,-4.57095661152891,0,0.9138114306579338,23.96248897457813,2.249999284853553,11.5,0.130526192220052,3,0.2291666666666666,0.2335766423357664,0.3290044332410399
0.9947607983207984,0.0001058929638398,-0.2730221914483158,1.4868280471189053,-0.0296516434251778,0.0025539054508545,6.522433051904557e-06,0.029734017263102,-0.2708484412219694,-0.0183570300586488,0.0698310631864714,0.0007703762544783,0.2148769985823151,0.7163412651140426,0,0.9138114274771916,23.96248897457814,2.2499992655703096,11.75,0.0654031292301431,3,0.2291666666666666,0.2335766423357664,0.3290044332410399
0.9947605019421224,0.0001058557557112,-0.2567041411115847,1.4929458785049707,-0.0297301216471862,0.002522981137504,6.365433820201088e-06,0.0298103037307786,-0.1142993858350614,0.4867726698346626,0.069809918309684,0.0007668312836138,0.3803701268182717,1.1426121491058012,0,0.9138114291135244,23.962488974578115,2.2499992754905747,12.0,1.2246467991473532e-16,3,0.2291666666666666,0.2335766423357664,0.3290044332410399
0.9947990809656344,0.0001308277230568,-0.888447633185621,-0.7693965701944965,-0.0289453562548585,0.0027788187143744,7.721833447357486e-06,0.0290452237692503,-1.283030771947601,0.9713293857066888,0.0694935957148164,0.0010621239123179,0.3723895541265376,-1.7466704025604844,0,0.9138114264989552,23.962488974578193,2.2499992596397504,12.25,-0.0654031292301428,3,0.2291666666666666,0.2335766423357664,0.3290044332410399
0.99485297489823,6.276579607687403e-05,-0.8259096128817414,-0.0359193894531877,-0.0278470423963571,0.0011003285738317,1.2107229703906673e-06,0.0278633417316001,-0.2172793100904233,-3.732753224755342,0.0690526999188663,0.0006179290174096,0.700461117914928,1.6640480370573592,0,0.9138114276440537,23.96248897457818,2.2499992665819084,12.5,-0.1305261922200517,3,0.2291666666666666,0.2335766423357664,0.3290044332410399
0.9948204136378298,7.328229215924129e-05,0.7349729646530548,-1.6062030876366844,-0.0284387466096492,0.0009363321480856,8.76717891538672e-07,0.0284503048691242,1.3792676020007306,1.3362910321521717,0.0693425647638462,0.0007898498270999,-0.4837779397796247,-2.6594445891760277,0,0.913811429481179,23.96248897457818,2.249999277719476,12.75,-0.1950903220161279,3,0.2291666666666666,0.2335766423357664,0.3290044332410399
0.994926346411307,0.0001897985280565,1.3164118863669616,1.9733327477046956,-0.0270450771249768,0.002489427874542,6.19725114254691e-06,0.0271308705177788,1.39206581884257,1.761374549524188,0.0682248198916516,0.002008665447545,-1.269819468324384,2.032014942280803,0,0.9138114209440972,23.962488974578186,2.249999225963438,13.0,-0.2588190451025208,3,0.2291666666666666,0.2335766423357664,0.3290044332410399
0.9949116759891234,0.0001932658469054,1.6710595853297732,3.1426232655081634,-0.0275274663011127,0.002687842075294,7.22449502172108e-06,0.0276257085379689,1.9217077597510468,3.712448850733118,0.068285230080078,0.0020184518705653,-1.4263585710293816,2.537814603172709,0,0.9138114269289944,23.962488974578147,2.249999262246865,13.25,-0.3214394653031615,3,0.2291666666666666,0.2335766423357664,0.3290044332410399
0.9949005613365836,0.0001997673910973,1.7516691276155705,3.1474351981420305,-0.0281826819465367,0.0032412764509118,1.050587303123548e-05,0.0283221285653585,1.4937973727927758,2.801074438651465,0.0682366219532004,0.0019968894333751,-1.3473601707891805,2.5058526362091165,0,0.9138114273023258,23.962488974578154,2.2499992645101856,13.5,-0.3826834323650896,3,0.2291666666666666,0.2335766423357664,0.3290044332410399
0.9948887768436964,0.0002122118265531,1.511173935108783,2.591894267810975,-0.0294807015763103,0.0045245000049087,2.0471100294419214e-05,0.0297399578118717,0.6861805573512638,0.8836757234455579,0.0679887416003002,0.0017343367403277,-1.9235004916079488,3.752060823179701,0,0.9138114277716172,23.96248897457816,2.2499992673552636,13.75,-0.4422886902190014,3,0.2291666666666666,0.2335766423357664,0.3290044332410399
0.9947161303808092,0.0001544375364997,-1.157679312288466,1.0355785090125842,-0.0332428438162729,0.0041612017092117,1.731559966474646e-05,0.0334376040520447,-0.6304809626513581,-0.8248857214820564,0.0693238718769445,0.0009670344334441,1.7602589152010029,3.186508551744108,0,0.9138114305824192,23.962488974578125,2.249999284395746,14.0,-0.4999999999999998,3,0.2291666666666666,0.2335766423357664,0.3290044332410399
0.9944738337832096,0.0002293209782727,-1.90012728484132,3.693322537536019,-0.0614403043733069,0.0044930574686144,2.018756541627182e-05,0.0615633955816807,-0.7445830590225565,-1.7704921496668788,0.063250666024776,0.0039415400626178,0.4320751648444312,1.507696072576989,0,0.9138114064505434,23.96248897457817,2.2499991380963067,0.0,0.0,2,0.0887096774193548,0.2012578616352201,0.2395937756394013
0.9946559718613815,0.0001399745702008,1.7473039321743038,3.0746499948361325,-0.0616087227970409,0.0045736148110976,2.0917952440291972e-05,0.0617359149038269,-0.5265878899182185,-2.937792917527892,0.0600403510991104,0.0036312021478753,-0.6207749343090263,-2.3441286124017378,0,0.91381139815891,23.962488974578164,2.2499990878283027,0.25,0.065403129230143,2,0.0887096774193548,0.2012578616352201,0.2395937756394013
0.9946245209787772,0.0001732741162566,1.013067363330442,1.3930553608582272,-0.0641907857924611,0.0048613933815186,2.3633145609872865e-05,0.0643287015247529,1.0389302650642618,0.0856006181705311,0.0591897652897709,0.0029702242335933,-0.1869703463326376,0.8506304619878922,0,0.9138114090672717,23.962488974578157,2.2499991539602155,0.5,0.1305261922200515,2,0.0887096774193548,0.2012578616352201,0.2395937756394013
0.9945697177810876,0.0002040924376313,1.4859564300606902,2.0500155697773614,-0.0670369727811272,0.0024845827663238,6.173151522713643e-06,0.067071496056815,1.4868556831371935,2.0534479328757342,0.0585971736786646,0.0021684658060796,-1.4869166719874356,2.053681177794548,0,0.9138114101729552,23.962488974578097,2.2499991606634233,0.75,0.1950903220161282,2,0.0887096774193548,0.2012578616352201,0.2395937756394013
0.994696160847416,0.0003181545744782,0.3174165179970655,-4.016271907622716,-0.0654962221070325,0.0038748452987233,1.5014426089038676e-05,0.0655821311780901,0.3183685782084755,-4.011612978236144,0.057252364502172,0.0033819497240567,-0.318436946653604,-4.011276246159172,0,0.9138113921175712,23.962488974578154,2.249999051202707,1.0,0.2588190451025207,2,0.0887096774193548,0.2012578616352201,0.2395937756394013
0.994708891594515,0.0003278338527583,0.1625447259645328,-4.890486794487423,-0.0653410246618629,0.0039927493620063,1.594204746780184e-05,0.0654324540229292,0.1631355173847012,-4.887763431521494,0.0571168997220351,0.0034848569029478,-0.1631781081312231,-4.887564753869935,0,0.9138113966754228,23.962488974578054,2.2499990788346733,1.25,0.3214394653031616,2,0.0887096774193548,0.2012578616352201,0.2395937756394013
0.9947414235182188,0.0002991769165646,-0.0742530020377991,-3.3172777975717427,-0.0649452799799938,0.0036440186701599,1.3278872068474282e-05,0.0650219081981669,-0.0728711687201155,-3.3182327753797836,0.0567715237200474,0.0031805037291658,0.0727734121847847,-3.3182893514461185,0,0.9138114057691896,23.96248897457813,2.249999133965604,1.5,0.3826834323650898,2,0.0887096774193548,0.2012578616352201,0.2395937756394013
0.9948090365900258,0.0002183215284964,0.2315998638335507,-3.028411136391597,-0.0641226598182793,0.002660506629251,7.078295524289e-06,0.0641640415171433,0.2326661747435069,-3.0263804940873733,0.0560535959487715,0.0023221737472203,-0.232744145127306,-3.0262266662422856,0,0.9138114032517396,23.962488974578243,2.249999118703563,1.75,0.4422886902190012,2,0.0887096774193548,0.2012578616352201,0.2395937756394013
0.9946941038844134,0.0001510683012227,1.5925339856633345,2.3896717561767176,-0.0655233387516535,0.001840234716959,3.3864638135013376e-06,0.0655427171318354,1.593069747349433,2.3919064261399576,0.0572761581991729,0.0016061689814605,-1.5931075493023503,2.3920641424194784,0,0.913811405257024,23.962488974578157,2.249999130860599,2.0,0.4999999999999999,2,0.0887096774193548,0.2012578616352201,0.2395937756394013
0.9946617521131224,9.05285276118302e-05,0.974710505729955,-0.3540528159424649,-0.0659176426252785,0.0011023234446271,1.215116976574616e-06,0.0659245549625181,0.9752243549866052,-0.351830563723194,0.0576203224079454,0.0009620873176198,-0.9752601117745714,-0.3516758603733851,0,0.913811400388546,23.962488974578164,2.2499991013454665,2.25,0.5555702330196022,2,0.0887096774193548,0.2012578616352201,0.2395937756394013
0.9946098789463776,0.0001727386064954,-0.9531634783093396,1.2042322726718648,-0.0665485270247683,0.0021019499116791,4.418193431207825e-06,0.0665734188264313,-0.9516769677096548,1.2015546969382935,0.058170902498942,0.0018344600199248,0.9515765082920344,1.2013749893631012,0,0.9138114109556726,23.962488974578072,2.249999165408647,2.5,0.6087614290087207,2,0.0887096774193548,0.2012578616352201,0.2395937756394013
0.9945356619975544,0.0001957365818097,0.6780138617356394,-2.2156391961648723,-0.0674514244200435,0.0023817999663812,5.672971079853502e-06,0.0674829562526898,0.678913758094216,-2.210842440497057,0.05895888691883,0.0020786970897312,-0.6789744282172745,-2.210519054487184,0,0.913811410813208,23.962488974578196,2.2499991645449473,2.75,0.6593458151000688,2,0.0887096774193548,0.2012578616352201,0.2395937756394013
0.9945153036551558,0.0001905988720261,1.3490882864647884,1.1957816332866091,-0.0676991433673249,0.0023194271966508,5.379742520563732e-06,0.0677289363533767,1.3499688075370908,1.1999779764340186,0.059175080934873,0.002024270281005,-1.350027590714194,1.2002581060312387,0,0.913811407354348,23.96248897457817,2.249999143575619,3.0,0.7071067811865475,2,0.0887096774193548,0.2012578616352201,0.2395937756394013
0.9943824920160828,0.000110270262765,0.2132363166055639,1.5109905394840784,-0.0693147581033157,0.0013403973344468,1.7966650141921691e-06,0.0693244775651539,0.2146768449184116,1.5113365412519713,0.060585068556747,0.0011697405598462,-0.2147671034758705,1.511358398056883,0,0.9138114138783556,23.962488974578132,2.2499991831274,3.25,0.7518398074789774,2,0.0887096774193548,0.2012578616352201,0.2395937756394013
0.9943801917998082,0.0001105573545977,0.3345447856072907,1.470353569049962,-0.0693427156680259,0.0013438955303197,1.806055196413404e-06,0.0693524819859658,0.3359486585907149,1.4709066436642928,0.0606094664645247,0.001172793832586,-0.3360366319081072,1.4709414328511698,0,0.9138114111768014,23.962488974578104,2.249999166749237,3.5,0.7933533402912352,2,0.0887096774193548,0.2012578616352201,0.2395937756394013
0.9944409671701064,0.0001649622504341,-0.074413429186309,-2.2536437782326004,-0.0686034595299407,0.0020057913291277,4.0231988560041225e-06,0.068625447602314,-0.0733303681186189,-2.2540992575253327,0.059964303201365,0.0017504505714723,0.0732611212867681,-2.2541247819750545,0,0.91381140468321,23.962488974578132,2.2499991273818565,3.75,0.8314696123025451,2,0.0887096774193548,0.2012578616352201,0.2395937756394013
0.9943836542144892,0.0001675404438936,1.546753084563526,2.3511148074616433,-0.0693002060840255,0.0020372655525988,4.15045093180603e-06,0.0693226615291637,1.5474521027667794,2.353621753512101,0.0605723453982187,0.0017779251492667,-1.5474963882472004,2.3537808636098347,0,0.9138114129370432,23.962488974578143,2.2499991774206967,4.0,0.8660254037844386,2,0.0887096774193548,0.2012578616352201,0.2395937756394013
0.9944534809396716,0.0001515519431643,0.1168252306831216,-3.201800122954104,-0.068451408922687,0.0018429508382326,3.396467792142594e-06,0.0684700133952429,0.1175611443340521,-3.2010576147995096,0.0598316146595343,0.0016083518342049,-0.1176086054896609,-3.201007056144112,0,0.9138114071130352,23.962488974578175,2.24999914211266,4.25,0.8968727415326884,2,0.0887096774193548,0.2012578616352201,0.2395937756394013
0.9943712895625266,0.0002628203552309,-0.6360863671933833,-1.484905837664547,-0.0694493914534707,0.0031936134491837,1.0199166862807294e-05,0.0695044412135242,-0.6344568137390443,-1.490322358674142,0.0607024779482335,0.0027869520739279,0.6343567447257085,-1.490650206783469,0,0.9138114186298184,23.96248897457821,2.249999211933128,4.5,0.9238795325112868,2,0.0887096774193548,0.2012578616352201,0.2395937756394013
0.9942559490059476,0.0002106424084285,0.6858060290742205,0.1391021416523923,-0.07085146452332,0.002559019602667,6.5485813268343635e-06,0.0708861161377468,0.6876611463191369,0.1423974531573257,0.0619260451669225,0.0022331336994384,-0.6877728166236449,0.1425990487805055,0,0.9138114158813372,23.962488974578193,2.249999195270468,4.75,0.9469301294951056,2,0.0887096774193548,0.2012578616352201,0.2395937756394013
0.9942070883308796,0.0002218390175981,1.6873184207085965,2.962089854132291,-0.0714447130777909,0.002695180299193,7.263996845158284e-06,0.0714828302769376,1.6880452904052283,2.96439012125073,0.0624437264214906,0.0023519617699993,-1.6880884996538617,2.9645270932346897,0,0.9138114173536576,23.962488974578186,2.249999204196407,5.0,0.9659258262890684,2,0.0887096774193548,0.2012578616352201,0.2395937756394013
0.994099833884948,5.1331493237003704e-05,0.0716540158162339,1.4522233056407678,-0.0727478965448152,0.0006229011037444,3.880057850460429e-07,0.0727498966049688,0.0723400884133692,1.4522823257320336,0.063580961828094,0.0005435392505709,-0.0723789490138737,1.4522833307144865,0,0.9138114172405736,23.962488974578154,2.249999203510838,5.25,0.9807852804032304,2,0.0887096774193548,0.2012578616352201,0.2395937756394013
0.9939778114887964,0.0002871064794257,-1.9319988287878571,3.796069746865399,-0.0742258803506921,0.0034785049988005,1.20999970266807e-05,0.0742869861523874,-1.9317571741008133,3.7953866622545114,0.0648705161466772,0.0030350705263229,1.93174447281404,3.795350765232392,0,0.9138114282917984,23.962488974578175,2.2499992705088587,5.5,0.9914448613738104,2,0.0887096774193548,0.2012578616352201,0.2395937756394013
0.9938719793813704,0.0002736702185199,-0.4015289509574027,-3.725297345844904,-0.0755089879781211,0.0033158250838951,1.0994695986988584e-05,0.0755635711667336,-0.4005960193037627,-3.730451694983067,0.0659900934716632,0.002893132716574,0.4005500509194252,-3.730705648215597,0,0.9138114247026294,23.96248897457809,2.249999248749537,5.75,0.9978589232386036,2,0.0887096774193548,0.2012578616352201,0.2395937756394013
0.993766217329321,0.000237230447531,1.338685595020439,2.245372309750202,-0.0767907318369224,0.002874335195481,8.261802815981333e-06,0.0768310669466581,1.34031270901403,2.248756228936415,0.0671084574865286,0.0025079235430938,-1.3403926820104908,2.2489233409116363,0,0.9138114259779684,23.96248897457812,2.249999256481274,6.0,1.0,2,0.0887096774193548,0.2012578616352201,0.2395937756394013
0.9936274559433088,9.549766879557828e-05,0.4000763226946587,-3.728962624466762,-0.078298869207776,0.0010023849506955,1.0047755893808673e-06,0.0783036812730295,0.1658198091153632,-1.585972213328894,0.0686297920402441,0.0010735325935522,-0.3096827298031127,-3.765628055006106,0,0.9138114287199895,23.962488974578154,2.2499992731047698,6.25,0.9978589232386036,2,0.0887096774193548,0.2012578616352201,0.2395937756394013
0.993550743678576,0.0002204442031879,-1.2823036175171316,1.3389332841329598,-0.0788339161755136,0.0019343232055488,3.741606263524643e-06,0.0788517123737037,-1.3119509015273112,1.817650058720508,0.0695618181204558,0.0025564901888412,1.2685306584092424,1.2017576341848797,0,0.9138114344263932,23.96248897457816,2.249999307699828,6.5,0.9914448613738104,2,0.0887096774193548,0.2012578616352201,0.2395937756394013
0.9934251153057208,0.0002198787602949,0.2795223238513927,-4.403200230574354,-0.0793140872003214,0.0015675623461623,2.457251709106162e-06,0.0793257043284317,-1.437623270822297,2.5922197363744743,0.0712137878816808,0.0028060249735915,-0.1771991546982413,-4.106625543186514,0,0.9138114357686068,23.962488974578186,2.2499993158369933,6.75,0.9807852804032304,2,0.0887096774193548,0.2012578616352201,0.2395937756394013
0.9932897205125752,0.0001787821529179,1.4947129126210597,2.8011392427165696,-0.07978094718896,0.001259271249011,1.5857640785859489e-06,0.0797884005192879,-1.3634705764416264,1.4979965323149873,0.0730086864721885,0.0024085185792671,-1.2189486702763122,1.84785458164993,0,0.9138114376764604,23.962488974578157,2.2499993274033536,7.0,0.9659258262890684,2,0.0887096774193548,0.2012578616352201,0.2395937756394013
0.9931665018968836,9.075227588643436e-05,-0.5978576361502438,-2.6264142364235905,-0.0800925073632101,0.0010597140533129,1.1229938747889452e-06,0.0800977651444265,-1.0643393689429694,1.9578524513689732,0.0746760726427858,0.0014027581051026,0.1373717998236631,-2.0246530233661986,0,0.9138114391986584,23.962488974578175,2.2499993366316735,7.25,0.9469301294951056,2,0.0887096774193548,0.2012578616352201,0.2395937756394013
0.9930236078273031,0.0002467282665124,-1.4522558402009424,2.389919089924618,-0.0801132150970786,0.001097929850913,1.2054499575260051e-06,0.0801188574597684,-1.1268845956305211,2.0544485383400826,0.0767096884950531,0.0031784995599721,1.4776909228296031,2.4179869295603957,0,0.913811445857639,23.96248897457816,2.2499993770017306,7.5,0.9238795325112868,2,0.0887096774193548,0.2012578616352201,0.2395937756394013
0.992999269496737,0.0002221882863324,-1.8258639753397523,3.3323131318885224,-0.0798632280085581,0.0014753522280029,2.176664196673412e-06,0.0798734479416921,0.1162179726701766,1.3952751798471557,0.0771364354617332,0.0027825506728999,1.8598224869872464,3.518507525385367,0,0.9138114383132576,23.962488974578143,2.2499993312639357,7.75,0.8968727415326884,2,0.0887096774193548,0.2012578616352201,0.2395937756394013
0.9930162698288744,0.000237783871835,-1.6344663635043115,2.7315647719191425,-0.0786595752929306,0.0028696678038165,8.234993304261183e-06,0.0786988248339336,0.6144461881494356,-0.3246442205803674,0.077271474618247,0.0026725807971714,1.9414299896572584,3.78913691378607,0,0.9138114384669696,23.962488974578168,2.2499993321958125,8.0,0.8660254037844387,2,0.0887096774193548,0.2012578616352201,0.2395937756394013
0.9930765665038196,0.0002777264814889,-1.6829790487904033,3.0561893998131247,-0.0768028190171207,0.0039209889306067,1.5374154193940618e-05,0.0768778487252459,-0.3665340246050304,-1.10053377156353,0.0769926989962958,0.0028573696623767,1.9474328808318475,3.838798161820023,0,0.9138114375761004,23.962488974578147,2.249999326794921,8.25,0.8314696123025451,2,0.0887096774193548,0.2012578616352201,0.2395937756394013
0.9931708203935424,0.0001037406208844,0.0403756854529178,-0.0752584074357134,-0.0746881644310018,0.002449107602241,5.99812804735506e-06,0.0747182742179423,-1.112982379704508,0.4001029637848674,0.0763119066884255,0.0015069811413099,1.8093689600384903,3.463875350942196,0,0.9138114422944807,23.96248897457818,2.249999355400091,8.5,0.7933533402912352,2,0.0887096774193548,0.2012578616352201,0.2395937756394013
0.99312854166369,0.0001462183730149,0.1171794577280255,-2.898619104910278,-0.073632071216369,0.0010218687748038,1.0442157929190297e-06,0.0736373890999461,-0.6939238376932432,0.1336754241077731,0.077246469916432,0.0020605471589148,0.0889749691062975,-4.66550658514941,0,0.913811443503987,23.962488974578186,2.2499993627327193,8.75,0.7518398074789774,2,0.0887096774193548,0.2012578616352201,0.2395937756394013
0.9931874760387144,0.0002156483827614,0.2453827564204505,-3.468696920458033,-0.0708676352155981,0.0046663285029001,2.177462169697814e-05,0.0709827633114092,1.9306213101312355,3.7709085713192714,0.0772721452130512,0.0020371577786528,0.0632090327566183,-4.490639128541581,0,0.9138114386159976,23.962488974578218,2.2499993330992916,9.0,0.7071067811865476,2,0.0887096774193548,0.2012578616352201,0.2395937756394013
0.9932835220888174,0.0003331082731234,0.3953677055467393,-3.2995772718116374,-0.0678709029103344,0.0066366875240202,4.404562129148555e-05,0.0681138288296317,0.2043988574140828,-4.747844078464917,0.076839765318365,0.0026994621257348,-0.5614436236580802,-1.9694134750350596,0,0.9138114349620824,23.96248897457814,2.2499993109474428,9.25,0.659345815100069,2,0.0887096774193548,0.2012578616352201,0.2395937756394013
0.9934579535625636,0.0003509683934009,-1.2461794670301984,0.8944111689535212,-0.0645746454486975,0.0063913799194497,4.084973727474578e-05,0.0648114352393215,-1.6014903883941796,2.3967092165082597,0.0753813561554994,0.0030321557833301,0.9771118289009628,-0.2349225622378767,0,0.9138114337630284,23.962488974578147,2.2499993036781807,9.5,0.6087614290087209,2,0.0887096774193548,0.2012578616352201,0.2395937756394013
0.9936029458801142,0.0001377350563992,-0.3703216860635397,-2.014948690154478,-0.0612074582773709,0.0018173858175048,3.3028912096677296e-06,0.0612276907712766,-1.8917220274745443,3.6544781156652313,0.0743675865252582,0.0015266952652481,-0.1124617400754319,-4.257169684465767,0,0.9138114378496668,23.96248897457817,2.2499993284534163,9.75,0.5555702330196025,2,0.0887096774193548,0.2012578616352201,0.2395937756394013
0.993671079577616,8.462239595495981e-05,-1.3913783247755331,2.2106485135769525,-0.0590717732725799,0.0024824428414669,6.162522461150419e-06,0.0591108813114189,1.9426372041051003,3.804931469127517,0.0740641423781472,0.0012043025071823,-0.0638345720017351,-2.7831031847951166,0,0.913811436828503,23.962488974578243,2.2499993222626067,10.0,0.4999999999999999,2,0.0887096774193548,0.2012578616352201,0.2395937756394013
0.9937252758363584,0.0001417443316999,-0.0742769510294389,1.1558112417974868,-0.0567318115579529,0.0043124851145572,1.8597527863277552e-05,0.0568546092110766,0.7278034463709581,-1.9081802860605457,0.074024065736482,0.0012329721332842,0.0575916240923007,-3.4845986404582696,0,0.9138114347135472,23.962488974578143,2.2499993094406983,10.25,0.4422886902190017,2,0.0887096774193548,0.2012578616352201,0.2395937756394013
0.9938717588074316,0.000337585241148,1.0393451666070477,0.8985091644869243,-0.0525778558950804,0.0071752857200866,5.148472516487966e-05,0.0529437859847328,0.5270772625234478,0.1493880942461292,0.0732314159180663,0.0026124448600065,-1.4002471313983182,1.76308488461264,0,0.9138114285257009,23.962488974578186,2.249999271926891,10.5,0.3826834323650899,2,0.0887096774193548,0.2012578616352201,0.2395937756394013
0.9940365941478893,0.0002856869338327,-0.2059324378690787,-3.235263359091352,-0.0486223943146441,0.0056755446917148,3.221180754765277e-05,0.0488701962810582,-0.4045496926501402,-3.364142374414966,0.0721147507254301,0.0023233102556541,0.0003177037715029,-2.8611483638841957,0,0.913811430873052,23.96248897457816,2.2499992861577036,10.75,0.3214394653031617,2,0.0887096774193548,0.2012578616352201,0.2395937756394013
0.9941787947382394,0.0001949449603394,-1.6236778855536762,2.735113925390781,-0.0459101558890974,0.0035863316303578,1.2861774562905144e-05,0.0460150925749702,-1.86195992997966,3.6075717142786097,0.0709303436762359,0.0016891010100882,1.3602459532490792,1.55998460579894,0,0.9138114292580052,23.962488974578186,2.2499992763664847,11.0,0.258819045102521,2,0.0887096774193548,0.2012578616352201,0.2395937756394013
0.9942718290291198,4.9760236784308826e-05,-0.0954574466242401,1.3459801240890652,-0.0445833889317582,0.0010414121859714,1.0845393410898986e-06,0.0445925102808298,-0.3816709400243306,1.581147091281574,0.0700138495049773,0.0006299016916817,1.5460377424701346,2.2419875385345236,0,0.9138114287176476,23.962488974578104,2.2499992730905736,11.25,0.1950903220161281,2,0.0887096774193548,0.2012578616352201,0.2395937756394013
0.994220501133154,6.932512531705543e-05,-1.085567187925758,0.0004668431913472,-0.0459240923971319,0.0019912377250678,3.965027677733558e-06,0.0459564580147152,-1.4163348022140925,1.5099979100185426,0.0703280604145274,0.0006234146455921,-0.1795837997493776,-4.570957181700724,0,0.913811430657934,23.9624889745781,2.249999284853556,11.5,0.130526192220052,2,0.0887096774193548,0.2012578616352201,0.2395937756394013
0.9942675697792934,0.0001112751703267,-0.2714883979221882,1.509286693750587,-0.0453565731334661,0.0027173049410137,7.383746142457929e-06,0.0454175795922457,-0.2745209535383778,0.2782723702868406,0.0698310631864714,0.000770376254479,0.2148769978222051,0.7163419796883961,0,0.9138114274771916,23.96248897457814,2.2499992655703096,11.75,0.0654031292301431,2,0.0887096774193548,0.2012578616352201,0.2395937756394013
0.9942674226871844,0.0001112587933282,-0.263748487645742,1.5110070267674267,-0.0454303030061997,0.0026908091976203,7.240454137998255e-06,0.0454900293673052,-0.1329662799471249,0.6851257588467483,0.0698099183096841,0.0007668312836145,0.3803701260468866,1.1426128764377808,0,0.9138114291135244,23.962488974578115,2.2499992754905747,12.0,1.2246467991473532e-16,2,0.0887096774193548,0.2012578616352201,0.2395937756394013
0.9943082559467712,0.0001383116717732,-0.8640910092235866,-0.8405589834778731,-0.044573169449713,0.0030092103135888,9.055346711409236e-06,0.0446492882902523,-1.243078495507862,0.7164597824111034,0.0694935957148165,0.0010621239123184,0.3723895543163878,-1.7466704894571876,0,0.9138114264989552,23.962488974578193,2.2499992596397504,12.25,-0.0654031292301428,2,0.0887096774193548,0.2012578616352201,0.2395937756394013
0.9943652926499076,6.705383095086421e-05,-0.827769244944342,0.1259693493902158,-0.0433739396047612,0.0012165510842795,1.479996540661691e-06,0.0433867333898581,-0.386272239642143,-3.4541818034702914,0.0690526999188663,0.0006179290174103,0.700461117914928,1.6640483469025291,0,0.9138114276440537,23.96248897457818,2.2499992665819084,12.5,-0.1305261922200517,2,0.0887096774193548,0.2012578616352201,0.2395937756394013
0.9943306669022298,7.888431304737178e-05,0.7168818589648833,-1.6846336991024309,-0.0440318819847443,0.0011104508779425,1.233101152323362e-06,0.0440423825080156,1.2468589303153783,0.7165011401682992,0.0693425647638463,0.0007898498271005,-0.4837779386280219,-2.659445222568486,0,0.913811429481179,23.96248897457818,2.249999277719476,12.75,-0.1950903220161279,2,0.0887096774193548,0.2012578616352201,0.2395937756394013
0.9944445478714644,0.0002040750963815,1.313455182248244,1.977999869168368,-0.0423835890232465,0.002944688782888,8.671192028066778e-06,0.0424602403727555,1.3814759382365207,1.8157770593993892,0.0682248198916516,0.0020086654475452,-1.269819468342221,2.0320149543976864,0,0.9138114209440972,23.962488974578186,2.249999225963438,13.0,-0.2588190451025208,2,0.0887096774193548,0.2012578616352201,0.2395937756394013
0.9944294434395524,0.0002075676966444,1.6565218058428277,3.1072436310103058,-0.0428800218848969,0.0031308791122421,9.80240401547434e-06,0.0429656616364802,1.9114912460016296,3.698650230302352,0.068285230080078,0.0020184518705655,-1.4263585710293816,2.5378146004510995,0,0.9138114269289944,23.962488974578147,2.249999262246865,13.25,-0.3214394653031615,2,0.0887096774193548,0.2012578616352201,0.2395937756394013
0.9944186668397808,0.0002137726204094,1.735919628606233,3.117649004296535,-0.0435246481695589,0.0036460124881104,1.3293407063457148e-05,0.0436390313089228,1.637801422069322,3.0503604968072224,0.0682366219532004,0.0019968894333754,-1.3473601707891805,2.50585263336804,0,0.9138114273023258,23.962488974578154,2.2499992645101856,13.5,-0.3826834323650896,2,0.0887096774193548,0.2012578616352201,0.2395937756394013
0.9944086283822636,0.000224384496295,1.5417661839676804,2.6701769450802963,-0.0447672601628116,0.004894333968626,2.39545049964472e-05,0.0449674711456166,0.8200747761449775,1.109067563180007,0.0679887416003002,0.0017343367403279,-1.9235004916193656,3.7520608014578514,0,0.913811427771617,23.962488974578193,2.24999926735526,13.75,-0.4422886902190014,2,0.0887096774193548,0.2012578616352201,0.2395937756394013
0.9942264638605988,0.0001612167214104,-1.1876587980335966,1.1431015689043846,-0.0488350751626694,0.0043714821969186,1.910985659797687e-05,0.0489815981628992,-0.6932980346306484,-0.6079269184064646,0.0693238718769445,0.0009670344334445,1.7602589151108852,3.186508551789384,0,0.9138114305824192,23.962488974578125,2.249999284395746,14.0,-0.4999999999999998,2,0.0887096774193548,0.2012578616352201,0.2395937756394013
0.9921896773116872,0.0036060780613311,-1.973726734721484,3.9072227855253487,-0.0454053589074403,0.0574514461229273,0.0033006686616156,0.0673583559309819,1.9843690722449865,3.950341635580365,0.063250666024776,0.0039415400626179,0.4320751648444312,1.507696072576989,0,0.8741571460228365,29.054604099077153,1.7999994483815926,0.0,0.0,2,0.126008064516129,0.1916167664670658,0.0563823325871182
0.9906635539020942,0.0040470036617907,-0.0297169420279061,-5.8270189538956645,-0.0162910840192818,0.0643808348692036,0.0041448918984556,0.0580867312074337,0.0011256263420587,-5.9925291117946875,0.0600403510991104,0.0036312021478753,-0.6207749343050365,-2.3441286128638854,0,0.8741571384352101,29.05460409907708,1.7999994162100696,0.25,0.065403129230143,2,0.126008064516129,0.1916167664670658,0.0563823325871182
0.9887645004225674,0.0036385338254352,1.918988341998357,3.7093172499575897,0.012169280550564,0.0559443664109674,0.0031297721331245,0.0499541838984614,-1.996415393231914,3.98785094327112,0.0591897652897709,0.0029702242335934,-0.1869703463326376,0.8506304619878922,0,0.87415714841739,29.0546040990771,1.799999458534499,0.5,0.1305261922200515,2,0.126008064516129,0.1916167664670658,0.0563823325871182
0.9868244852859064,0.0005046188268273,1.4847821637896637,2.0455334623411954,0.0405604488255003,0.0016151939354691,2.608851449176318e-06,0.0405845616892972,-1.4823770407489112,2.036354613638649,0.0585971736786646,0.0021684658060797,-1.4869166719701132,2.053681172653995,0,0.8741571494291939,29.054604099077153,1.799999462824544,0.75,0.1950903220161282,2,0.126008064516129,0.1916167664670658,0.0563823325871182
0.9871367293031276,0.0007861885374633,0.3161721077206302,-4.022360701857398,0.0395635400959263,0.0025135141308644,6.317753286055122e-06,0.0396233771893054,-0.313631504830495,-4.034781926347122,0.057252364502172,0.0033819497240568,-0.3184369466492494,-4.011276246516129,0,0.874157132906815,29.05460409907709,1.7999993927696831,1.0,0.2588190451025207,2,0.126008064516129,0.1916167664670658,0.0563823325871182
0.9871681488420954,0.0008101018508083,0.1617725639671858,-4.8940450970751375,0.0394633462073714,0.0025899331402028,6.707753670721031e-06,0.0395270351675326,-0.1601968126350342,-4.901294952520811,0.0571168997220351,0.0034848569029479,-0.1631781081367571,-4.887564753764789,0,0.8741571370776785,29.0546040990771,1.7999994104541372,1.25,0.3214394653031616,2,0.126008064516129,0.1916167664670658,0.0563823325871182
0.987248661681296,0.0007392122780594,-0.0760607710841438,-3.3160200356242164,0.0392051312361289,0.0023627989670967,5.582818958913341e-06,0.0392584949973982,0.0797618696201473,-3.3133801406841954,0.0567715237200474,0.0031805037291659,0.0727734121847847,-3.3182893514461185,0,0.8741571453993328,29.054604099077196,1.7999994457379365,1.5,0.3826834323650898,2,0.126008064516129,0.1916167664670658,0.0563823325871182
0.98741596460134,0.0005390833731321,0.2302021657823332,-3.03106882195077,0.0386687773303788,0.0017208217016182,2.9612273287602702e-06,0.0386974839068699,-0.227339512053691,-3.036480511932206,0.0560535959487715,0.0023221737472205,-0.232744145127306,-3.0262266662422856,0,0.8741571430956294,29.05460409907717,1.799999435970238,1.75,0.4422886902190012,2,0.126008064516129,0.1916167664670658,0.0563823325871182
0.9871321940841796,0.0003732095415114,1.5918326267009433,2.3867460582689937,0.0395744552522462,0.001192567090603,1.4222162655895048e-06,0.0395879296087923,-1.590394780056213,2.3807472075694047,0.0572761581991729,0.0016061689814607,-1.5931075493425868,2.392064161908097,0,0.8741571449306533,29.05460409907717,1.7999994437507367,2.0,0.4999999999999999,2,0.126008064516129,0.1916167664670658,0.0563823325871182
0.9870523262054802,0.0002237666915603,0.9740391086055956,-0.3569565481223833,0.0398293004328975,0.0007158091026606,5.123826714517767e-07,0.039834124315429,-0.972665515343088,-0.3628958611399397,0.0576203224079454,0.0009620873176201,-0.9752601117745714,-0.3516758603733851,0,0.8741571404755369,29.054604099077164,1.79999942486105,2.25,0.5555702330196022,2,0.126008064516129,0.1916167664670658,0.0563823325871182
0.9869239081730172,0.0004273448911844,-0.9550999173150608,1.2077243215387783,0.0402414011230989,0.0013694806699077,1.8754773052510955e-06,0.0402588744543181,0.9590511002237976,1.214867672671609,0.058170902498942,0.0018344600199249,0.9515765082920344,1.2013749893631012,0,0.8741571501454545,29.054604099077107,1.7999994658614895,2.5,0.6087614290087207,2,0.126008064516129,0.1916167664670658,0.0563823325871182
0.986740246140216,0.0004842399727978,0.6768415138991172,-2.221889019675162,0.0408303207934202,0.001551804476922,2.4080971345952565e-06,0.0408524316160496,-0.6744486758061419,-2.234648120241559,0.05895888691883,0.0020786970897314,-0.6789744281893333,-2.210519055437917,0,0.8741571500150866,29.054604099077128,1.799999465308729,2.75,0.6593458151000688,2,0.126008064516129,0.1916167664670658,0.0563823325871182
0.9866898783759817,0.0004714912026558,1.3479404570489488,1.1903101581740163,0.0409917464450569,0.0015106981737718,2.2822089722376337e-06,0.0410126191963458,-1.3455933260361026,1.1791177112212488,0.059175080934873,0.0020242702810051,-1.3500275906922323,1.2002581028141357,0,0.8741571468499029,29.054604099077153,1.799999451888353,3.0,0.7071067811865475,2,0.126008064516129,0.1916167664670658,0.0563823325871182
0.9863611812295832,0.000273176184591,0.2113672709385128,1.5105448016688836,0.0420459440614352,0.0008778790752086,7.706716706892603e-07,0.0420528169778174,-0.2075565509138396,1.5096485262097286,0.060585068556747,0.0011697405598464,-0.2147671034758705,1.511358398056883,0,0.8741571528199853,29.05460409907712,1.7999994772014964,3.25,0.7518398074789774,2,0.126008064516129,0.1916167664670658,0.0563823325871182
0.9863554820717046,0.0002738851764709,0.332723162195641,1.4696395535099749,0.0420642638339952,0.0008801428737096,7.746514781419276e-07,0.0420711692314822,-0.3290088060972291,1.4681953142648272,0.0606094664645247,0.0011727938325863,-0.3360366319081072,1.4709414328511698,0,0.8741571503478087,29.054604099077068,1.7999994667194723,3.5,0.7933533402912352,2,0.126008064516129,0.1916167664670658,0.0563823325871182
0.9865059113635694,0.0004085124749931,-0.0758202979528828,-2.253048290678821,0.041581705644108,0.001311787928826,1.7207875702137974e-06,0.0415972214811321,0.0786897801952853,-2.2518089967176085,0.059964303201365,0.0017504505714725,0.0732611212505657,-2.2541247734634275,0,0.8741571444055591,29.054604099077196,1.7999994415243374,3.75,0.8314696123025451,2,0.126008064516129,0.1916167664670658,0.0563823325871182
0.9863639479668672,0.0004148638231892,1.5458445400245433,2.347856522745028,0.0420377887113086,0.001331964775574,1.7741301633700847e-06,0.0420536119418845,-1.5439883056446366,2.3412010106774837,0.0605723453982187,0.0017779251492669,-1.5474963882472004,2.3537808636098347,0,0.874157151958596,29.05460409907711,1.7999994735492069,4.0,0.8660254037844386,2,0.126008064516129,0.1916167664670658,0.0563823325871182
0.9865369283431314,0.0003752458794764,0.1158688728771333,-3.202762638653386,0.0414819232919446,0.0012045886784843,1.4510338843327392e-06,0.0414950386842992,-0.1139181210393889,-3.204709469104382,0.0598316146595343,0.001608351834205,-0.1176086054896609,-3.201007056144112,0,0.8741571466290788,29.054604099077153,1.7999994509520596,4.25,0.8968727415326884,2,0.126008064516129,0.1916167664670658,0.0563823325871182
0.9863330223470744,0.0006513883486432,-0.638197695230121,-1.47788367006563,0.0421391008338932,0.0020952381363899,4.3900228481827975e-06,0.0421781499857996,0.6424985401996117,-1.4635496272916164,0.0607024779482335,0.002786952073928,0.6343567447257085,-1.490650206783469,0,0.8741571571680222,29.05460409907719,1.799999495637165,4.5,0.9238795325112868,2,0.126008064516129,0.1916167664670658,0.0563823325871182
0.986047297005508,0.0005222165687755,0.6834041866940053,0.1348424610585539,0.0430572321140492,0.001680722277296,2.8248273733993156e-06,0.0430818274664923,-0.6785103675213463,0.1261966685297615,0.0619260451669225,0.0022331336994385,-0.687772816604923,0.1425990452553431,0,0.874157154652903,29.05460409907713,1.799999484973064,4.75,0.9469301294951056,2,0.126008064516129,0.1916167664670658,0.0563823325871182
0.9859260730592674,0.0005499384792746,1.686376731348382,2.9591103695273304,0.0434479760449088,0.0017697046479283,3.1318545408991093e-06,0.0434749987154007,-1.6844542491401608,2.9530304504385576,0.0624437264214906,0.0023519617699994,-1.6880884996377878,2.964527090301324,0,0.8741571560002148,29.054604099077142,1.799999490685665,5.0,0.9659258262890684,2,0.126008064516129,0.1916167664670658,0.0563823325871182
0.9856602215073406,0.000127445678437,0.0707697239304601,1.4521461513431095,0.0443032773737917,0.0004113992154148,1.6924931444391365e-07,0.0443047099419961,-0.0689742601745727,1.451998510248469,0.063580961828094,0.0005435392505715,-0.0723789490138737,1.4522833307144865,0,0.8741571558967323,29.05460409907711,1.7999994902469003,5.25,0.9807852804032304,2,0.126008064516129,0.1916167664670658,0.0563823325871182
0.9853565430296614,0.0007142732557793,-1.932307953571033,3.796943885506824,0.0452883036772586,0.0023152013065746,5.3601570899648125e-06,0.0453326655710925,1.932930975978185,3.798706772256765,0.0648705161466772,0.003035070526323,1.93174447281404,3.795350765232392,0,0.8741571660096459,29.05460409907709,1.7999995331256429,5.5,0.9914448613738104,2,0.126008064516129,0.1916167664670658,0.0563823325871182
0.9850934801954496,0.0006808173059719,-0.4027243646816348,-3.718693587973876,0.0461394706019754,0.0022065706815962,4.868954172879964e-06,0.0461790262246798,0.4051500756986496,-3.705295977481825,0.0659900934716632,0.0028931327165741,0.4005500509194252,-3.730705648215597,0,0.8741571627252173,29.0546040990771,1.799999519199668,5.75,0.9978589232386036,2,0.126008064516129,0.1916167664670658,0.0563823325871182
0.9848304561262904,0.000590160034839,1.3366004792939807,2.241040988461279,0.0469914004564141,0.0019127126646413,3.6584697374794537e-06,0.0470205866526315,-1.332368079017246,2.2322689872516364,0.0671084574865286,0.0025079235430939,-1.3403926820104908,2.2489233409116363,0,0.8741571638922725,29.05460409907714,1.79999952414798,6.0,1.0,2,0.126008064516129,0.1916167664670658,0.0563823325871182
0.9844741823638524,0.0002510322524887,0.3256673409994242,-3.783002361822204,0.0482066448056732,0.0008959319176837,8.02694001124441e-07,0.0482128885664468,-0.1262676163757488,-3.438563853248004,0.0686297920402441,0.0010735325935525,-0.3096827302498248,-3.765627841030629,0,0.8741571664014812,29.05460409907711,1.799999534787023,6.25,0.9978589232386036,2,0.126008064516129,0.1916167664670658,0.0563823325871182
0.9842576496474938,0.000596902965726,-1.2736023249816375,1.232075787389519,0.0490495719784324,0.0022018691994319,4.848227971407171e-06,0.0490866242702166,1.260079950879865,1.0832887552229111,0.0695618181204558,0.0025564901888413,1.2685306584346616,1.2017576231091454,0,0.8741571716233785,29.054604099077164,1.7999995569278595,6.5,0.9914448613738104,2,0.126008064516129,0.1916167664670658,0.0563823325871182
0.9838779073302254,0.0006472385990568,0.1956851059363352,-4.184128653423116,0.0506485933457676,0.0026810853674719,7.188218747672374e-06,0.0507017866742891,0.023308026826419,-3.3684770397774546,0.0712137878816808,0.0028060249735917,-0.1771991546982413,-4.106625543186514,0,0.874157172851631,29.054604099077142,1.7999995621356493,6.75,0.9807852804032304,2,0.126008064516129,0.1916167664670658,0.0563823325871182
0.9834651806181228,0.0005525722128321,1.2541329047972012,2.003147187408837,0.0524023864838747,0.0024232219109663,5.872004429787423e-06,0.0524443906678984,-0.928466069848614,0.481570320940893,0.0730086864721885,0.0024085185792672,-1.2189486702763122,1.84785458164993,0,0.874157174597497,29.05460409907711,1.799999569538121,7.0,0.9659258262890684,2,0.126008064516129,0.1916167664670658,0.0563823325871182
0.9830820553715798,0.0003175369935722,-0.2106092691246064,-2.1758970972763656,0.0540642675636673,0.0015805742289204,2.498214893127632e-06,0.0540815928793252,-0.3389303298271032,-0.822983048540948,0.0746760726427858,0.0014027581051028,0.1373717998236631,-2.0246530233661986,0,0.874157175990452,29.054604099077096,1.7999995754442493,7.25,0.9469301294951056,2,0.126008064516129,0.1916167664670658,0.0563823325871182
0.9826148599709568,0.0007394100006935,-1.4784152535373314,2.4244459448265054,0.0561924000501016,0.003089447149303,9.54468368833676e-06,0.0562560604393547,1.5058805392231125,2.4627876754389906,0.0767096884950531,0.0031784995599722,1.4776909228061512,2.417986931512564,0,0.8741571820840466,29.05460409907717,1.7999996012810822,7.5,0.9238795325112868,2,0.126008064516129,0.1916167664670658,0.0563823325871182
0.9825191891086298,0.0006497736370094,-1.861386145607653,3.510701965989103,0.0566948734894578,0.0026599757360931,7.075470916604311e-06,0.0567416538635639,1.820928358512883,3.492301397344697,0.0771364354617332,0.0027825506729,1.8598224869872464,3.518507525385367,0,0.8741571751802263,29.054604099077128,1.7999995720088922,7.75,0.8968727415326884,2,0.126008064516129,0.1916167664670658,0.0563823325871182
0.9824978950411288,0.0006321365389057,-1.9210381572754975,3.7088748062346113,0.0571112321951966,0.0023688260876341,5.611337033456002e-06,0.0571480651083497,1.8761381400545107,3.5460923246523315,0.077271474618247,0.0026725807971715,1.9414299896572584,3.78913691378607,0,0.8741571753208871,29.054604099077157,1.7999995726052924,8.0,0.8660254037844387,2,0.126008064516129,0.1916167664670658,0.0563823325871182
0.9825766591048944,0.0006844299241657,-1.9268333580432675,3.782026224694064,0.0572443911409745,0.0022836735678494,5.215164964494253e-06,0.0572785447687323,1.844109124129152,3.558630718098577,0.0769926989962958,0.0028573696623768,1.9474328807991093,3.838798164854797,0,0.8741571745056574,29.054604099077174,1.7999995691487192,8.25,0.8314696123025451,2,0.126008064516129,0.1916167664670658,0.0563823325871182
0.9827505658756046,0.0003408249007603,-1.7014164392460247,3.223314598923384,0.0570096698713771,0.0018217432934756,3.3187486273236263e-06,0.0570314958624909,1.7541742726016214,3.337117473826151,0.0763119066884255,0.0015069811413101,1.8093689600384903,3.463875350942196,0,0.8741571788234213,29.054604099077153,1.799999587456034,8.5,0.7933533402912352,2,0.126008064516129,0.1916167664670658,0.0563823325871182
0.982544298817798,0.0004733706674036,-0.0763380727668185,-4.507224424533778,0.0582319743854722,0.0021723134807551,4.718945858670674e-06,0.0582623553439415,0.1168759695983121,-5.312982478464617,0.077246469916432,0.002060547158915,0.0889749691062975,-4.66550658514941,0,0.874157179930233,29.054604099077203,1.7999995921489131,8.75,0.7518398074789774,2,0.126008064516129,0.1916167664670658,0.0563823325871182
0.9825605613471275,0.0004888834202932,-0.1303679423355148,-4.905325706547959,0.0588912214819146,0.0018074274285571,3.2667939095007727e-06,0.0589120196824338,-1.3772459008987772,2.165761801369948,0.0772721452130512,0.002037157778653,0.0632090327566183,-4.490639128541581,0,0.874157175457262,29.05460409907717,1.799999573183522,9.0,0.7071067811865476,2,0.126008064516129,0.1916167664670658,0.0563823325871182
0.9826834443743536,0.0006714240035186,0.5276875346036058,-2.226918158249706,0.0591263728884282,0.0013714707179544,1.880931930206518e-06,0.0591383012090179,-0.9477620685813288,1.1113747185040452,0.076839765318365,0.0026994621257349,-0.5614436236580802,-1.9694134750350596,0,0.8741571721135846,29.054604099077128,1.799999559006335,9.25,0.659345815100069,2,0.126008064516129,0.1916167664670658,0.0563823325871182
0.9830439922040652,0.0007454994490349,-1.028104037930877,-0.0227100480074735,0.0583565702697203,0.0017605911870201,3.0996813278128885e-06,0.0583764854598157,0.4260093358964343,-2.4357123402354706,0.0753813561554994,0.0030321557833302,0.9771118289009628,-0.2349225622378767,0,0.8741571710163373,29.05460409907712,1.7999995543540075,9.5,0.6087614290087209,2,0.126008064516129,0.1916167664670658,0.0563823325871182
0.9833038393241348,0.0003595253703589,0.0656963292700816,-4.037802370394546,0.0580634365665218,0.0013310880959574,1.7717955191995096e-06,0.0580748784979643,-0.1739468580893256,-4.62406355116058,0.0743675865252582,0.0015266952652483,-0.1124617400754319,-4.257169684465767,0,0.8741571747559971,29.054604099077153,1.7999995702101597,9.75,0.5555702330196025,2,0.126008064516129,0.1916167664670658,0.0563823325871182
0.983390432984704,0.0002696916953714,-0.0722974464731701,-1.896022228784826,0.0582354541901706,0.001531198835846,2.344569874896298e-06,0.0582505498011911,-0.0941534755083588,-4.747367497112265,0.0740641423781473,0.0012043025071825,-0.0638345717151483,-2.783103390352604,0,0.874157173821536,29.054604099077153,1.7999995662480457,10.0,0.4999999999999999,2,0.126008064516129,0.1916167664670658,0.0563823325871182
0.9834183191102404,0.0002916200735184,-0.3342152948654007,-3.6190933307039934,0.058729584216638,0.0014310156356532,2.0478057494841608e-06,0.0587426584057166,-1.8571348872834832,3.589335751380993,0.074024065736482,0.0012329721332844,0.0575916240923007,-3.4845986404582696,0,0.8741571718861514,29.054604099077128,1.7999995580420185,10.25,0.4422886902190017,2,0.126008064516129,0.1916167664670658,0.0563823325871182
0.9836319978707871,0.0006517294406959,1.3368134041077062,1.5846512497017144,0.0588609173510611,0.0011721062753815,1.3738331207888743e-06,0.0588696693234169,-1.7864510193613818,3.4091279322569115,0.0732314159180662,0.0026124448600066,-1.4002471313845446,1.7630848865639823,0,0.874157166223688,29.054604099077185,1.7999995340331776,10.5,0.3826834323650899,2,0.126008064516129,0.1916167664670658,0.0563823325871182
0.983918588401775,0.0005744275283836,-0.0431013455412561,-2.9455892206315095,0.0586063343683464,0.001148798618895,1.3197382667752329e-06,0.0586147782713022,-0.6578688776140392,-0.9737663086534204,0.07211475072543,0.0023233102556543,0.0003177037918792,-2.8611483679257237,0,0.8741571683717358,29.054604099077164,1.7999995431408984,10.75,0.3214394653031617,2,0.126008064516129,0.1916167664670658,0.0563823325871182
0.9842103698692004,0.0004125116598957,-1.4115871158527418,1.797929500957947,0.0579989318312852,0.0009776448506105,9.557894539252744e-07,0.0580051112890918,0.7093245462150243,-1.7988716256209385,0.0709303436762359,0.0016891010100884,1.3602459532700402,1.5599845684922435,0,0.8741571668938158,29.054604099077142,1.7999995368745203,11.0,0.258819045102521,2,0.126008064516129,0.1916167664670658,0.0563823325871182
0.984429718171188,0.0001435706032185,-1.4796124660531342,2.227729921557188,0.0573538526459637,0.0006898048495157,4.758307304153852e-07,0.0573569637130675,1.0579227845480397,1.850939013849336,0.0700138495049773,0.0006299016916822,1.5460377428990422,2.241986089932825,0,0.8741571663993373,29.054604099077153,1.7999995347779314,11.25,0.1950903220161281,2,0.126008064516129,0.1916167664670658,0.0563823325871182
0.984347564041686,0.000146780332512,0.1437858300171307,-5.167185117404056,0.0573710755213341,0.000683298582444,4.668969527700309e-07,0.0573741272629799,0.9522531814575006,1.897853568985388,0.0703280604145274,0.0006234146455926,-0.1795837973167518,-4.570957836589418,0,0.8741571681748828,29.0546040990771,1.7999995423062445,11.5,0.130526192220052,2,0.126008064516129,0.1916167664670658,0.0563823325871182
0.984465045577687,0.0001954034329513,-0.2318987196073418,1.062836312145219,0.0569882138080533,0.0003171782727966,1.0060205673423601e-07,0.0569888757967234,0.0049262018414335,-4.8695096015297406,0.0698310631864714,0.0007703762544794,0.2148769975060207,0.7163425529015459,0,0.874157165264204,29.054604099077064,1.7999995299649707,11.75,0.0654031292301431,2,0.126008064516129,0.1916167664670658,0.0563823325871182
0.9844692609061332,0.0001949409981479,-0.3623278111811375,1.3295738823090506,0.0569494926633396,0.0002703928320072,7.31122836009019e-08,0.0569499740897561,-0.1112740633123238,-5.098534430979965,0.0698099183096841,0.0007668312836149,0.3803701260468866,1.1426128764377808,0,0.874157166761602,29.054604099077142,1.7999995363139332,12.0,1.2246467991473532e-16,2,0.126008064516129,0.1916167664670658,0.0563823325871182
0.9845479092024914,0.000264260158544,-0.4751754194704827,-1.6298892385389792,0.0568201002091414,0.0004880168583288,2.3816045401312034e-07,0.0568216719933231,-1.203510471338366,0.5330786293947636,0.0694935957148165,0.0010621239123187,0.3723895544370368,-1.7466706828332583,0,0.874157164369025,29.05460409907714,1.7999995261694102,12.25,-0.0654031292301428,2,0.126008064516129,0.1916167664670658,0.0563823325871182
0.9846576949119163,0.0001485557667922,-0.740177040898584,1.548602838653851,0.0566398760099138,0.0004293660072593,1.8435516818985546e-07,0.0566410965712527,0.1510127368674169,-0.6031183438148027,0.0690526999188663,0.0006179290174108,0.7004611194655566,1.664046977831731,0,0.8741571654168981,29.05460409907711,1.7999995306123924,12.5,-0.1305261922200517,2,0.126008064516129,0.1916167664670658,0.0563823325871182
0.9845865988623924,0.0001879707328028,0.517776162437169,-2.5219038419219597,0.0567879762638131,0.0005696880633474,3.245444895206103e-07,0.0567901193563278,-0.1751241013713421,-3.799688954221601,0.0693425647638463,0.0007898498271008,-0.4837779391470255,-2.659444365273437,0,0.8741571670980415,29.05460409907709,1.7999995377404387,12.75,-0.1950903220161279,2,0.126008064516129,0.1916167664670658,0.0563823325871182
0.9848529786397596,0.0004784347163247,1.2741529963468743,2.0185153211660083,0.0560177507702133,0.001392217692839,1.93827010425419e-06,0.0560307246422116,-1.1772051409277358,2.059226355557163,0.0682248198916516,0.0020086654475454,-1.269819468440595,2.032014982067892,0,0.8741571592858057,29.054604099077142,1.7999995046165662,13.0,-0.2588190451025208,2,0.126008064516129,0.1916167664670658,0.0563823325871182
0.984835307625292,0.0004814699762334,1.4637001625358417,2.632185914576752,0.0559661179394913,0.0013896204065558,1.9310448743164767e-06,0.0559790553767408,-0.9614016573240892,1.378355670718065,0.068285230080078,0.0020184518705657,-1.4263585710232984,2.5378145928647875,0,0.8741571647625513,29.05460409907712,1.799999527837962,13.25,-0.3214394653031615,2,0.126008064516129,0.1916167664670658,0.0563823325871182
0.9848411828800708,0.0004787406539414,1.4268264548902754,2.6173698584780496,0.0557683042787274,0.0013474802641852,1.815703062368836e-06,0.0557805121832071,-0.2082198192652933,1.352604829540379,0.0682366219532005,0.0019968894333755,-1.3473601706630751,2.5058526050142085,0,0.8741571651041851,29.05460409907711,1.7999995292864883,13.5,-0.3826834323650896,2,0.126008064516129,0.1916167664670658,0.0563823325871182
0.9848875488867892,0.0004295093243632,1.874478596512314,3.6006133801132947,0.0552278715210454,0.0008262875178188,6.827510621032607e-07,0.0552325072402213,-1.2569544850278789,1.2338830065409605,0.0679887416003002,0.0017343367403281,-1.9235004916193656,3.7520608014578514,0,0.8741571655336307,29.05460409907714,1.799999531107337,13.75,-0.4422886902190014,2,0.126008064516129,0.1916167664670658,0.0563823325871182
0.984552382594562,0.0002530711976948,-1.6524779615876684,2.806854534647801,0.0556683052079361,0.0003266235350568,1.0668293365304509e-07,0.0556690238545961,-1.4398487073183577,2.054706661905779,0.0693238718769445,0.0009670344334449,1.7602589151108852,3.186508551789384,0,0.8741571681057799,29.054604099077075,1.799999542013249,14.0,-0.4999999999999998,2,0.126008064516129,0.1916167664670658,0.0563823325871182
0.984659069062569,0.0015678199873891,-1.251190599624557,0.7564984600041456,0.0298407385485119,0.0307804559691398,0.0009474364696681,0.0400130857266875,-1.9759195864895909,3.924421398708698,0.1170922176013527,0.1047044234811815,1.996475040659784,3.9879924398287656,0,0.9028604890847906,25.46334506187162,2.0999998391112604,0.0,0.0,2,0.1078629032258064,0.1818181818181818,0.0346286446968077
0.9843938333248334,0.0016802375894459,-0.2891438222559483,-4.3000986760198945,0.0140047741541075,0.0344478541786925,0.0011866546575164,0.0329564059363946,-0.0003681154461704,-5.996397784452106,0.1647563501321689,0.1177028411670405,0.0142242882082562,-5.917711613838945,0,0.902860487350342,25.46334506187159,2.099999829727897,0.25,0.065403129230143,2,0.1078629032258064,0.1818181818181818,0.0346286446968077
0.983495333982591,0.0016812219595724,1.389643486276488,1.5842460842977797,-0.0011356578241916,0.0298450200687878,0.0008907252229063,0.0258714830628815,1.9985272834801724,3.99503754975186,0.2187568874724849,0.104401538756437,-1.9600457511625653,3.859535613092063,0,0.9028604896321591,25.46334506187162,2.0999998420725254,0.5,0.1305261922200515,2,0.1078629032258064,0.1818181818181818,0.0346286446968077
0.982527554273472,0.000666665257892,1.4850243703832158,2.046457824052286,-0.0162015227483449,0.0005509763172138,3.0357490213054705e-07,0.0162085477616388,1.492899331866669,2.0765166698062973,0.2734534771671019,0.0101195070692411,-1.486916671966924,2.0536811749364094,0,0.9028604898634468,25.463345061871618,2.0999998433237903,0.75,0.1950903220161282,2,0.1078629032258064,0.1818181818181818,0.0346286446968077
0.9829401731165824,0.0010387763049377,0.3164277975939935,-4.0211103197840075,-0.0158576799805448,0.0008617966680527,7.4269349706674e-07,0.0158752333679779,0.3247593490449361,-3.9803196093108912,0.2671777010101364,0.0157824320290633,-0.3184369466509887,-4.011276246248146,0,0.9028604860866114,25.463345061871593,2.099999822891114,1.0,0.2588190451025207,2,0.1078629032258064,0.1818181818181818,0.0346286446968077
0.9829816978551472,0.0010703739163872,0.1619311694880326,-4.893314975136704,-0.0158229423382662,0.0008880467219408,7.886269803499069e-07,0.0158416215860293,0.167102538835724,-4.869449948424569,0.2665455320361639,0.0162626655310442,-0.1631781081358295,-4.887564752692228,0,0.902860487040025,25.463345061871618,2.0999998280490804,1.25,0.3214394653031616,2,0.1078629032258064,0.1818181818181818,0.0346286446968077
0.9830880443656828,0.0009767294123657,-0.0756887681911815,-3.3162827178901164,-0.0157356201340666,0.0008109142630507,6.575819420191554e-07,0.0157512833591344,-0.0636278381317235,-3.3244419740968887,0.2649337773602214,0.0148423507185275,0.0727734121810547,-3.3182893520362793,0,0.9028604889422646,25.463345061871625,2.099999838340194,1.5,0.3826834323650898,2,0.1078629032258064,0.1818181818181818,0.0346286446968077
0.9833090374195278,0.0007123920458721,0.230489289863862,-3.0305247408582545,-0.0155539273508512,0.0005940138985489,3.528525116692804e-07,0.0155624321819856,0.2397615481791789,-3.0127836264325794,0.2615834477609342,0.0108368107962893,-0.2327441451350181,-3.0262266659293537,0,0.902860488415663,25.463345061871618,2.099999835491281,1.75,0.4422886902190012,2,0.1078629032258064,0.1818181818181818,0.0346286446968077
0.9829340318342256,0.0004931405239531,1.591977020054803,2.387348414698705,-0.0158667874263733,0.0004098139915874,1.6794750770083337e-07,0.0158707562473905,1.596645581413065,2.4068159567578817,0.2672887382628075,0.0074954552120008,-1.59310754930296,2.3920641311603212,0,0.9028604888351296,25.46334506187161,2.099999837760595,2.0,0.4999999999999999,2,0.1078629032258064,0.1818181818181818,0.0346286446968077
0.982828483127666,0.0002956418928503,0.9741773662425666,-0.356358367175428,-0.0159549122942878,0.0002448175645412,5.993563990790877e-08,0.0159563209433734,0.9786739881112384,-0.3369112195439339,0.2688948379037459,0.0044897407574304,-0.9752601115607832,-0.3516759177368467,0,0.9028604878167384,25.46334506187161,2.0999998322511004,2.25,0.5555702330196022,2,0.1078629032258064,0.1818181818181818,0.0346286446968077
0.9826588706888058,0.0005645089635441,-0.9547008056771868,1.2070038961516918,-0.0160939045183844,0.0004647250940463,2.1596941303636295e-07,0.0160989359805622,-0.9416067376706514,1.1834913434713368,0.2714642116617298,0.0085608133958252,0.9515765082781248,1.2013749930631563,0,0.9028604900271762,25.4633450618716,2.099999844209567,2.5,0.6087614290087207,2,0.1078629032258064,0.1818181818181818,0.0346286446968077
0.9824162736381936,0.0006396656916143,0.6770831899943411,-2.2206005634713826,-0.0162932241793734,0.0005265998922634,2.7730744653182693e-07,0.0162996053554621,0.6850082127809701,-2.1783711866959834,0.275141472287874,0.0097005863918322,-0.678974428222666,-2.210519049824006,0,0.9028604899973752,25.463345061871618,2.099999844048344,2.75,0.6593458151000688,2,0.1078629032258064,0.1818181818181818,0.0346286446968077
0.98234974008321,0.0006228354277132,1.3481773065730134,1.1914392777033864,-0.0163479792889897,0.0005130263316032,2.6319601691824505e-07,0.016354015526638,1.3559174630912136,1.228307154890107,0.2761503776960746,0.009446594617051,-1.3500275907067822,1.200258106653143,0,0.902860489273849,25.463345061871607,2.0999998401340676,3.0,0.7071067811865475,2,0.1078629032258064,0.1818181818181818,0.0346286446968077
0.9819155769230924,0.000360754911887,0.211753878983806,1.51063678636684,-0.0167044453026158,0.0002942328527241,8.657297162220224e-08,0.0167063886760841,0.2245431210804445,1.5137692157171545,0.2827303199314863,0.0054587892314337,-0.2147671034858216,1.5113584041442572,0,0.9028604906385446,25.463345061871618,2.09999984751707,3.25,0.7518398074789774,2,0.1078629032258064,0.1818181818181818,0.0346286446968077
0.9819080508543312,0.0003616918118409,0.3330999663092148,1.469786884181964,-0.0167105779828973,0.0002950134153334,8.703291522667912e-08,0.0167125309635766,0.3455614895812613,1.4747534912242894,0.2828441768344492,0.0054730378376773,-0.3360366321236386,1.4709415484693142,0,0.9028604900734318,25.46334506187162,2.0999998444598096,3.5,0.7933533402912352,2,0.1078629032258064,0.1818181818181818,0.0346286446968077
0.9821067428114738,0.000539521243057,-0.0755295498702507,-2.2531727203895926,-0.0165475562482649,0.000441168526588,1.9462966885184746e-07,0.0165519663496735,-0.0659364554159281,-2.257127141314024,0.2798334149397038,0.0081687693015682,0.0732611212869636,-2.2541247765059076,0,0.9028604887150988,25.46334506187161,2.0999998371112287,3.75,0.8314696123025451,2,0.1078629032258064,0.1818181818181818,0.0346286446968077
0.981919261319728,0.0005479185337532,1.5460324658688147,2.348530383714639,-0.0167006131009242,0.0004482795329647,2.0095453967506018e-07,0.0167051247780766,1.552213188861943,2.370700425675407,0.2826709451916876,0.0082969839984308,-1.5474963882572428,2.353780876718785,0,0.9028604904416404,25.463345061871625,2.099999846451817,4.0,0.8660254037844386,2,0.1078629032258064,0.1818181818181818,0.0346286446968077
0.9821476992269416,0.0004956018079721,0.1160664357314512,-3.202564787222075,-0.0165142718031418,0.0004056775639989,1.645742859321405e-07,0.0165180084726363,0.1225790522694508,-3.195943539889168,0.279214201744494,0.0075056418581636,-0.1176086055474274,-3.201007021561388,0,0.9028604892233708,25.46334506187162,2.0999998398609803,4.25,0.8968727415326884,2,0.1078629032258064,0.1818181818181818,0.0346286446968077
0.9818785016514266,0.0008601388956865,-0.6377606471665739,-1.47933900380235,-0.0167316822264394,0.0006993517714377,4.890929002131758e-07,0.016742640466823,-0.6232498305158044,-1.527478437629778,0.2832782304250902,0.0130057763249133,0.6343567446993208,-1.490650202707517,0,0.9028604916324584,25.4633450618716,2.0999998528941446,4.5,0.9238795325112868,2,0.1078629032258064,0.1818181818181818,0.0346286446968077
0.9815011712807108,0.0006895307782003,0.6839018675145485,0.1357235845773647,-0.0170395166632017,0.0005595386120953,3.130834584255472e-07,0.0170464055069959,0.7004425415827075,0.1652379069702654,0.2889882107789721,0.0104212905723067,-0.6877728166137761,0.1425990481761303,0,0.9028604910575296,25.46334506187161,2.0999998497837784,4.75,0.9469301294951056,2,0.1078629032258064,0.1818181818181818,0.0346286446968077
0.9813411328174892,0.0007261445192781,1.6865720652350906,2.959728283575327,-0.0171687159346436,0.0005895156259656,3.475286732576295e-07,0.0171763049969725,1.6930402791975074,2.9802093084794095,0.2914040566336232,0.010975821569521,-1.6880884996351642,2.964527092658535,0,0.9028604913655104,25.46334506187161,2.0999998514499545,5.0,0.9659258262890684,2,0.1078629032258064,0.1818181818181818,0.0346286446968077
0.9809900908787414,0.0001682272246586,0.0709533024930364,1.4521632918648208,-0.0174539429804809,0.0001351318648585,1.8260620900161532e-08,0.0174543353076291,0.0771313280415558,1.4526964500707074,0.2967111551977728,0.0025365163996062,-0.0723789498094405,1.4522846841145238,0,0.9028604913418552,25.46334506187162,2.09999985132198,5.25,0.9807852804032304,2,0.1078629032258064,0.1818181818181818,0.0346286446968077
0.9805894364393206,0.000942436716227,-1.9322436943995016,3.7967621454428766,-0.017770401233705,0.0007462602319861,5.56904333843963e-07,0.0177821494273567,-1.930028310520542,3.790506160557318,0.3027290753511607,0.0141636624377106,1.931744472797426,3.7953507682808905,0,0.902860493653557,25.4633450618716,2.099999863828286,5.5,0.9914448613738104,2,0.1078629032258064,0.1818181818181818,0.0346286446968077
0.9802422790412368,0.0008983017542303,-0.4024748032150043,-3.720072162679873,-0.0180470073296474,0.0007115315379157,5.062771294486897e-07,0.018057524232381,-0.3939744337971368,-3.7670504236717353,0.3079537695344288,0.0135012859913038,0.4005500509380246,-3.7307056542928017,0,0.9028604929027724,25.463345061871618,2.099999859766541,5.75,0.9978589232386036,2,0.1078629032258064,0.1818181818181818,0.0346286446968077
0.9798952100101608,0.0007786857428621,1.3370358563538969,2.2419446997360666,-0.0183225357098296,0.000616824449187,3.804724011149609e-07,0.0183303210320608,1.3518562695759442,2.272867138194293,0.3131728016038006,0.0117036431787471,-1.340392681964323,2.2489233342766326,0,0.9028604931695484,25.463345061871618,2.0999998612098003,6.0,1.0,2,0.1078629032258064,0.1818181818181818,0.0346286446968077
0.9794245573684296,0.0003318450689112,0.3218528992821585,-3.77982490708888,-0.0186420619009945,0.0002108210232843,4.4445503858660516e-08,0.0186429559364388,0.0852029053303894,-1.1654610654093194,0.3202723628544727,0.0050098187176591,-0.3096827301454604,-3.765627911004872,0,0.9028604937431264,25.46334506187161,2.099999864312855,6.25,0.9978589232386036,2,0.1078629032258064,0.1818181818181818,0.0346286446968077
0.9791377380925232,0.0007895932994041,-1.2727927727183133,1.2263181128432965,-0.018743991698242,0.0003893540379153,1.515965668409751e-07,0.0187470243561077,-1.2971510894763598,1.8396017573540109,0.3246218178954609,0.0119302875259784,1.2685306584070954,1.2017576306992357,0,0.902860494936795,25.46334506187163,2.099999870770601,6.5,0.9914448613738104,2,0.1078629032258064,0.1818181818181818,0.0346286446968077
0.9786334882091366,0.0008587801205479,0.1911440194645975,-4.166885471048282,-0.0188180149575711,0.0003229326924535,1.0428552385528736e-07,0.0188200930148036,-1.716722907328193,3.22112027442126,0.3323310101145111,0.0130947831900896,-0.177199154671562,-4.106625545663347,0,0.90286049521756,25.46334506187161,2.0999998722895414,6.75,0.9807852804032304,2,0.1078629032258064,0.1818181818181818,0.0346286446968077
0.9780853901429444,0.0007342696169507,1.2452033246054963,1.9654753880358504,-0.0188840026302885,0.0002776891377138,7.711125720427666e-08,0.0188855338495697,-1.7450804128128796,3.046771064312221,0.3407072035368801,0.0112397533465956,-1.218948670317457,1.8478545870110563,0,0.902860495616646,25.463345061871625,2.099999874448595,7.0,0.9659258262890684,2,0.1078629032258064,0.1818181818181818,0.0346286446968077
0.9775764013992708,0.0004234993340272,-0.1932972795332777,-2.140316320862059,-0.0189149787092644,0.0002607283661783,6.797928093003135e-08,0.0189163263883932,-1.535209229810107,2.856021011777557,0.3484883389996674,0.0065462044504242,0.1373717997516798,-2.0246528755661597,0,0.90286049593506,25.463345061871618,2.099999876171216,7.25,0.9469301294951056,2,0.1078629032258064,0.1818181818181818,0.0346286446968077
0.9769552578475786,0.0009801921536996,-1.478714049579519,2.4241347883572555,-0.0188610553660543,0.0001597694083461,2.552626384327311e-08,0.0188615628784797,-0.7768554403331949,1.748772717538133,0.3579785463102484,0.0148329979288498,1.477690922813462,2.417986933864563,0,0.9028604973279896,25.463345061871607,2.0999998837069644,7.5,0.9238795325112868,2,0.1078629032258064,0.1818181818181818,0.0346286446968077
0.9768273471200448,0.0008606451977908,-1.8612566859035544,3.513332131501741,-0.0187923601366092,0.0002754131030552,7.585237733449667e-08,0.0187938737035933,0.9888744706220411,2.0249446592930394,0.3599700321547551,0.0129852364533271,1.8598224870125288,3.518507521148692,0,0.9028604957498514,25.463345061871618,2.0999998751692375,7.75,0.8968727415326884,2,0.1078629032258064,0.1818181818181818,0.0346286446968077
0.9767958981651844,0.0008347031242289,-1.926566207099536,3.730297045987122,-0.0185120072360822,0.0006026466836392,3.631830253013518e-07,0.0185193628178005,0.9277022701028624,-0.0132031300780024,0.3606002148851531,0.0124720436990955,1.9414299897087248,3.7891369014178378,0,0.9028604957820052,25.463345061871618,2.0999998753431885,8.0,0.8660254037844387,2,0.1078629032258064,0.1818181818181818,0.0346286446968077
0.9768958294040184,0.0009010274738099,-1.932336892455948,3.797385999553829,-0.018092747445845,0.0008291069061724,6.874182618627841e-07,0.0181069896403329,-0.1742566972449691,-1.6619221228991972,0.359299261982714,0.0133343917380821,1.947432880811622,3.8387981697079105,0,0.9028604955956524,25.463345061871603,2.0999998743350226,8.25,0.8314696123025451,2,0.1078629032258064,0.1818181818181818,0.0346286446968077
0.9771214725830945,0.0004547229415214,-1.7312298629633531,3.2896076997450727,-0.0176282859382547,0.0005772655936918,3.3323556566040786e-07,0.0176353733103302,-1.1211665294765252,0.1103527558186723,0.3561222312126529,0.0070325786221456,1.809368959859514,3.4638754284938607,0,0.902860496582646,25.463345061871618,2.099999879674656,8.5,0.7933533402912352,2,0.1078629032258064,0.1818181818181818,0.0346286446968077
0.9768444930331412,0.000629339365444,-0.0797822257005208,-4.546652175317353,-0.0173581820207335,0.0002422840359093,5.8701554056546763e-08,0.0173594501419271,-1.5673259904293528,2.3402143864296736,0.3604835262766832,0.0096158867143157,0.0889749690576822,-4.665506565409947,0,0.9028604968356514,25.463345061871607,2.0999998810434146,8.75,0.7518398074789774,2,0.1078629032258064,0.1818181818181818,0.0346286446968077
0.9768589418789754,0.0006429771472147,-0.1185120616727636,-4.825842840369335,-0.016721715271513,0.0010424905860868,1.0867866220797675e-06,0.0167460697355441,1.9744882045552277,3.918724131993145,0.3606033443275728,0.0095067362727794,0.0632090326516715,-4.490639100691698,0,0.902860495813179,25.463345061871607,2.09999987551184,9.0,0.7071067811865476,2,0.1078629032258064,0.1818181818181818,0.0346286446968077
0.9770146224946268,0.0008759300006254,0.5349666077694104,-2.1695516425261907,-0.0160435354815337,0.0014521776531603,2.1088199363382265e-06,0.0160927513402487,0.1917897706288056,-4.84240376770623,0.3585855714857041,0.0125974898992698,-0.5614436236541998,-1.9694134822631533,0,0.9028604950488508,25.463345061871618,2.0999998713768235,9.25,0.659345815100069,2,0.1078629032258064,0.1818181818181818,0.0346286446968077
0.977485589493946,0.0009751098429628,-1.016860398991805,-0.0696122250211424,-0.0153248789856721,0.0013873626902543,1.9247752343096493e-06,0.0153719061066224,-1.626867949956333,2.5034273113755674,0.3517796620589978,0.0141500603036738,0.9771118289175984,-0.2349225674338129,0,0.902860494798032,25.463345061871618,2.0999998700198943,9.5,0.6087614290087209,2,0.1078629032258064,0.1818181818181818,0.0346286446968077
0.9778223413181404,0.0004748685427769,0.0774452607970327,-4.093627403459266,-0.0145798395408099,0.0003912725613998,1.5309421730439434e-07,0.0145837766610138,-1.8928992787387708,3.6006312565578114,0.3470487371178719,0.0071245778676921,-0.1124617401175387,-4.257169691678369,0,0.9028604956528772,25.46334506187162,2.0999998746446074,9.75,0.5555702330196025,2,0.1078629032258064,0.1818181818181818,0.0346286446968077
0.9779319692454578,0.0003604438997532,-0.0357477837770847,-2.1218639791143037,-0.0140965295575165,0.0005814427873283,3.380757149361382e-07,0.0141055202793702,1.9486868594447728,3.8436715710052063,0.3456326644313544,0.0056200783202041,-0.0638345715665213,-2.783103452843223,0,0.9028604954392696,25.46334506187162,2.09999987348899,10.0,0.4999999999999999,2,0.1078629032258064,0.1818181818181818,0.0346286446968077
0.9779629849554572,0.000384320863509,-0.2772391075457056,-3.644570900336532,-0.013558972698928,0.0009855422213044,9.71293469973784e-07,0.0135858091681114,0.6936314244903975,-2.1383454223924616,0.3454456401035833,0.0057538699097648,0.0575916242378122,-3.4845986799348108,0,0.902860494996862,25.46334506187161,2.099999871095565,10.25,0.4422886902190017,2,0.1078629032258064,0.1818181818181818,0.0346286446968077
0.978236578389787,0.0008490459043568,1.351245977193619,1.623973304803762,-0.0126204066671638,0.0015914761260442,2.5327962597687656e-06,0.0126954425538853,0.4932000491663091,0.1232272670111456,0.341746607617643,0.0121914093251986,-1.4002471313903635,1.7630848883316474,0,0.9028604937024848,25.463345061871628,2.0999998640929833,10.5,0.3826834323650899,2,0.1078629032258064,0.1818181818181818,0.0346286446968077
0.9786076179890404,0.0007498658454691,-0.0337405492211537,-2.926856737344975,-0.0117371896146662,0.0012529977368247,1.5700033284878296e-06,0.0117872440607028,-0.4130174243405693,-3.3676661579603575,0.3365355033853406,0.0108421145022197,0.0003177037652859,-2.86114836337204,0,0.902860494193505,25.46334506187162,2.0999998667494033,10.75,0.3214394653031617,2,0.1078629032258064,0.1818181818181818,0.0346286446968077
0.9789888510963708,0.0005399696754543,-1.40006002494658,1.7446733010272144,-0.0111407038414533,0.0007885422810049,6.217989289325178e-07,0.0111616141878875,-1.8694766404253056,3.625761607814333,0.3310082704891012,0.0078824713471818,1.3602459532475164,1.5599845904895415,0,0.9028604938556686,25.463345061871625,2.0999998649217084,11.0,0.258819045102521,2,0.1078629032258064,0.1818181818181818,0.0346286446968077
0.979277340779638,0.0001909523203726,-1.4997042248492751,2.2342766276973993,-0.0108560350814956,0.0002400529742308,5.7625430437099884e-08,0.0108580254541547,-0.6002160140126814,1.6650781921687,0.3267312976898944,0.0029395411387639,1.5460377409695916,2.2419887970473145,0,0.902860493742636,25.463345061871625,2.099999864310203,11.25,0.1950903220161281,2,0.1078629032258064,0.1818181818181818,0.0346286446968077
0.9791714669979176,0.0001935665248434,0.1601743769146892,-5.075619340824449,-0.0111580634975689,0.0004551577063275,2.071685376293253e-07,0.0111650238431712,-1.348854601618142,1.2007726098038916,0.3281976152677947,0.0029092682560779,-0.1795837997728707,-4.570956276573041,0,0.9028604941485066,25.4633450618716,2.099999866505963,11.5,0.130526192220052,2,0.1078629032258064,0.1818181818181818,0.0346286446968077
0.9793263935387688,0.0002534770613617,-0.2284467808281982,0.9924216776231028,-0.0110378479919455,0.0006107219685191,3.729813228319118e-07,0.0110505123992056,-0.2710946665404282,0.1652596324973458,0.3258782948702,0.0035950891147323,0.2148769982269957,0.7163420517285797,0,0.9028604934831568,25.463345061871618,2.099999862906421,11.75,0.0654031292301431,2,0.1078629032258064,0.1818181818181818,0.0346286446968077
0.9793321978352226,0.0002527649356312,-0.3668701603732824,1.292430383593974,-0.0110552742411511,0.000604234517215,3.650993517940663e-07,0.0110676516506657,-0.1234317975975365,0.6101378010369167,0.3257796187785255,0.0035785459170283,0.3803701267489434,1.1426122726191696,0,0.902860493825446,25.463345061871618,2.0999998647582045,12.0,1.2246467991473532e-16,2,0.1078629032258064,0.1818181818181818,0.0346286446968077
0.9794346843452204,0.0003443118063194,-0.4521545100488391,-1.658937422329149,-0.0108642574990921,0.0006719186100214,4.514746184931664e-07,0.0108798298226593,-1.257706772972723,0.8069430696519007,0.3243034466691435,0.0049565782046611,0.3723895539710367,-1.7466701481275455,0,0.9028604932785292,25.4633450618716,2.0999998617993856,12.25,-0.0654031292301428,2,0.1078629032258064,0.1818181818181818,0.0346286446968077
0.9795777181673692,0.0001950791572956,-0.7315812969125225,1.5813448262944014,-0.0105974044031856,0.0002696785034399,7.272649521763563e-08,0.0105999775922239,-0.3262967933471696,-3.5889366296856906,0.3222459329547095,0.0028836686571288,0.7004611159437427,1.664051440330514,0,0.9028604935180616,25.463345061871603,2.099999863095255,12.5,-0.1305261922200517,2,0.1078629032258064,0.1818181818181818,0.0346286446968077
0.9794847755062824,0.0002474568453937,0.5095988600083385,-2.555141623056331,-0.0107429394264896,0.0002401319445264,5.7663350782068125e-08,0.0107449520722007,1.2963542284391567,0.9477814878573554,0.3235986355646162,0.003685965788771,-0.4837779397572594,-2.659443715438238,0,0.9028604939023522,25.463345061871618,2.0999998651742673,12.75,-0.1950903220161279,2,0.1078629032258064,0.1818181818181818,0.0346286446968077
0.979835248763682,0.0006295486050929,1.2727471807201671,2.020917606429478,-0.0103843051670232,0.0006408173406713,4.106468641051187e-07,0.0103991239510605,1.3916559929101375,1.8177071596514196,0.3183824928277078,0.0093737720606223,-1.2698194683602233,2.0320149614976426,0,0.9028604921165604,25.463345061871635,2.0999998555131336,13.0,-0.2588190451025208,2,0.1078629032258064,0.1818181818181818,0.0346286446968077
0.9798130130982587,0.0006333134979214,1.4546596077399911,2.6095454421835775,-0.01049745385022,0.0006848764641923,4.690557712045768e-07,0.0105141965534928,1.9188421079084497,3.7137558822208874,0.3186644070403645,0.0094194420348519,-1.4263585710379283,2.5378145987048306,0,0.9028604933684848,25.46334506187161,2.099999862286045,13.25,-0.3214394653031615,2,0.1078629032258064,0.1818181818181818,0.0346286446968077
0.9798225188952046,0.0006289451775426,1.4083625305507643,2.5909032174199567,-0.0106468861293101,0.0008067155887626,6.50790041152723e-07,0.0106697833521088,1.5931884294614276,2.976001417017553,0.3184375691149357,0.0093188173276648,-1.3473601707465446,2.505852624412512,0,0.9028604934465784,25.46334506187162,2.0999998627085312,13.5,-0.3826834323650896,2,0.1078629032258064,0.1818181818181818,0.0346286446968077
0.979887492802491,0.0005599826068936,1.8867020255570897,3.637948764467264,-0.0109381729589844,0.0010973668271606,1.204213953352651e-06,0.0109793801348369,0.7774653901527663,1.035140430767381,0.3172807941347346,0.0080935714225271,-1.923500491662764,3.752060828837404,0,0.9028604935447452,25.46334506187161,2.0999998632396135,13.75,-0.4422886902190014,2,0.1078629032258064,0.1818181818181818,0.0346286446968077
0.9794517568052415,0.0003259997747944,-1.67769300128893,2.896068923101595,-0.0118491944842897,0.000987386563356,9.749322254961649e-07,0.0118800088003008,-0.6678479588938423,-0.6953494422800439,0.3235114020924076,0.0045128272980583,1.7602589148591865,3.1865088662483316,0,0.9028604941327104,25.463345061871618,2.099999866420504,14.0,-0.4999999999999998,2,0.1078629032258064,0.1818181818181818,0.0346286446968077
0.9805538290671566,0.0008024395548509,-0.7948609419453114,-1.2689257133926404,-0.0243460094946748,0.0132225859997911,0.0001748367805218,0.0269045677108146,-1.9866393909402196,3.9535735359237982,0.2951697747822885,0.0183938536113409,0.4320751648443656,1.5076960729447515,0,0.9028604890847906,25.46334506187162,2.0999998391112604,0.0,0.0,2,0.1048387096774193,0.1797752808988764,0.0282281375638533
0.9810392932755748,0.0004888431108128,-1.4758156399529705,2.370929002623278,-0.0301239438051024,0.0148406364042788,0.000220244488884,0.0327511123022653,-0.022894995023801,-5.867101647905665,0.2801883051291823,0.0169456100080084,-0.6207749343066657,-2.3441286116211835,0,0.902860487350342,25.463345061871628,2.0999998297278935,0.25,0.065403129230143,2,0.1048387096774193,0.1797752808988764,0.0282281375638533
0.9807552605121947,0.0007203971064699,-0.1771810603113241,-4.358395400728085,-0.0370266945826487,0.0132686000188706,0.0001760557464607,0.0387687750846215,1.9368861452976376,3.775298453338951,0.2762189046855978,0.0138610464046011,-0.1869703463447249,0.8506304671907667,0,0.9028604896321596,25.463345061871603,2.0999998420725268,0.5,0.1305261922200515,2,0.1048387096774193,0.1797752808988764,0.0282281375638533
0.9803870994229942,0.0007474643940613,1.4850996025619596,2.0467449372105513,-0.0440531826958323,0.0016206179296751,2.6264024739846253e-06,0.0440755341146028,1.4874799818377895,2.0558291695881845,0.2734534771671018,0.0101195070692444,-1.48691667199987,2.053681182897789,0,0.9028604898634468,25.463345061871618,2.0999998433237903,0.75,0.1950903220161282,2,0.1048387096774193,0.1797752808988764,0.0282281375638533
0.9808497638019218,0.0011647173314878,0.3165071777113113,-4.020722141997339,-0.0430475497288831,0.0025281924761968,6.3917571966985384e-06,0.0431031942616535,0.3190154019839675,-4.008455131164684,0.2671777010101364,0.0157824320290656,-0.3184369466533421,-4.011276245078523,0,0.9028604860866114,25.463345061871593,2.099999822891114,1.0,0.2588190451025207,2,0.1048387096774193,0.1797752808988764,0.0282281375638533
0.9808963267111508,0.0012001463163425,0.1619804085297731,-4.893088315824091,-0.0429462229826028,0.0026051293627428,6.786698996624725e-06,0.043005442594148,0.1635363198265095,-4.885923744389448,0.2665455320361639,0.0162626655310464,-0.1631781081431027,-4.887564751563087,0,0.902860487040025,25.463345061871618,2.0999998280490804,1.25,0.3214394653031616,2,0.1048387096774193,0.1797752808988764,0.0282281375638533
0.9810155549502704,0.0010951555345823,-0.0755732831990309,-3.316364262127596,-0.0426882228693275,0.0023777232030822,5.65356763047583e-06,0.0427378584800863,-0.0719278714883296,-3.318919965314503,0.2649337773602215,0.0148423507185299,0.0727734121814274,-3.3182893505521385,0,0.9028604889422648,25.463345061871603,2.0999998383401963,1.5,0.3826834323650898,2,0.1048387096774193,0.1797752808988764,0.0282281375638533
0.9812633198555712,0.000798801025343,0.2305783791094275,-3.0303559162388023,-0.0421518731377983,0.0017365712305114,3.015679638639988e-06,0.0421786933030609,0.2333837604780421,-3.0250311597206743,0.2615834477609342,0.0108368107962928,-0.2327441451570753,-3.026226655227948,0,0.902860488415663,25.463345061871618,2.099999835491281,1.75,0.4422886902190012,2,0.1048387096774193,0.1797752808988764,0.0282281375638533
0.9808428260870456,0.0005529377339727,1.5920218418353036,2.3875353786015303,-0.0430661652670582,0.0012008498615752,1.4420403900452274e-06,0.0430787200494833,1.5934356282012152,2.393432170034144,0.2672887382628076,0.0074954552120054,-1.593107549369218,2.392064179291033,0,0.9028604888351296,25.46334506187161,2.099999837760595,2.0,0.4999999999999999,2,0.1048387096774193,0.1797752808988764,0.0282281375638533
0.9807244734479508,0.0003314795873849,0.9742202995430612,-0.3561727843115712,-0.0433235631357881,0.0007191252587129,5.171411377189819e-07,0.0433280391736525,0.9755776333599572,-0.3503031829649927,0.268894837903746,0.0044897407574379,-0.9752601118608456,-0.3516757952877984,0,0.9028604878167388,25.463345061871593,2.099999832251102,2.25,0.5555702330196022,2,0.1048387096774193,0.1797752808988764,0.0282281375638533
0.9805343194888552,0.000632903300172,-0.9545767877744976,1.2067800601356051,-0.0437347933119173,0.0013706145663413,1.8785842894670713e-06,0.0437508980965292,-0.950641537162668,1.1996871597077874,0.2714642116617298,0.0085608133958289,0.9515765082504524,1.2013750015914209,0,0.9028604900271762,25.4633450618716,2.099999844209567,2.5,0.6087614290087207,2,0.1048387096774193,0.1797752808988764,0.0282281375638533
0.9802623351517624,0.000717165856861,0.6771582875089308,-2.220200206536312,-0.0443234519936534,0.0015530964766052,2.412108665643675e-06,0.0443438550211028,0.6795410680809381,-2.2074990390586766,0.275141472287874,0.0097005863918353,-0.6789744282202164,-2.210519051119274,0,0.9028604899973752,25.463345061871618,2.099999844048344,2.75,0.6593458151000688,2,0.1048387096774193,0.1797752808988764,0.0282281375638533
0.9801877408034664,0.0006983001269265,1.3482509014444684,1.191790113086535,-0.0444849779341515,0.0015124909897403,2.287628994045675e-06,0.0445042580383848,1.350584332735544,1.2029109512124894,0.2761503776960747,0.0094465946170541,-1.350027590714984,1.2002581130671093,0,0.902860489273849,25.463345061871607,2.0999998401340676,3.0,0.7071067811865475,2,0.1048387096774193,0.1797752808988764,0.0282281375638533
0.9797009879401024,0.0004044273902848,0.2118741393583207,1.5106653200389388,-0.0455382424744329,0.0008733803508357,7.627932372260112e-07,0.0455445235191655,0.2157092990880871,1.5115859652175023,0.2827303199314863,0.0054587892314386,-0.214767103562298,1.5113584500137538,0,0.9028604906385446,25.463345061871635,2.0999998475170676,3.25,0.7518398074789774,2,0.1048387096774193,0.1797752808988764,0.0282281375638533
0.9796925508482096,0.0004054779224977,0.3332171759543621,1.4698328224788249,-0.0455564577999363,0.0008756636546517,7.667868360780742e-07,0.0455627692025418,0.3369546863369744,1.4713041249455383,0.2828441768344492,0.0054730378376822,-0.3360366319669075,1.4709415065065627,0,0.9028604900734318,25.46334506187162,2.0999998444598096,3.5,0.7933533402912352,2,0.1048387096774193,0.1797752808988764,0.0282281375638533
0.9799153086856554,0.000604849562047,-0.0754391347495619,-2.253211409240711,-0.0450745404922558,0.0013072091826126,1.7087958471067765e-06,0.0450887546675775,-0.0725599121304039,-2.2544342791655545,0.2798334149397037,0.0081687693015716,0.0732611213048032,-2.2541247727635145,0,0.9028604887150988,25.46334506187161,2.0999998371112287,3.75,0.8314696123025451,2,0.1048387096774193,0.1797752808988764,0.0282281375638533
0.9797051290533354,0.0006142668109603,1.546090903582113,2.348739932678459,-0.0455285640665667,0.0013277795641451,1.7629985709615516e-06,0.0455430828435158,1.5479505576267156,2.35540847955371,0.2826709451916875,0.0082969839984341,-1.547496388240749,2.353780877632637,0,0.9028604904416404,25.463345061871625,2.099999846451817,4.0,0.8660254037844386,2,0.1048387096774193,0.1797752808988764,0.0282281375638533
0.9799612216811564,0.000555617571183,0.1161278653654311,-3.202503258303514,-0.0449754957468737,0.0012011842556892,1.442843616115717e-06,0.0449875243860873,0.1180829704761106,-3.200539561736189,0.2792142017444941,0.0075056418581674,-0.1176086054971043,-3.2010070468209086,0,0.902860489223371,25.4633450618716,2.0999998398609825,4.25,0.8968727415326884,2,0.1048387096774193,0.1797752808988764,0.0282281375638533
0.979659463169572,0.0009642378811717,-0.6376246513401747,-1.4797918539037305,-0.0456252444790905,0.002080371090774,4.32794387532843e-06,0.0456608025737934,-0.6332801441297301,-1.4942485376627097,0.2832782304250903,0.0130057763249153,0.6343567447184818,-1.4906502028083342,0,0.9028604916324584,25.4633450618716,2.0999998528941446,4.5,0.9238795325112868,2,0.1048387096774193,0.1797752808988764,0.0282281375638533
0.979236452638116,0.0007729676120443,0.6840567646583762,0.1359978709815976,-0.0465388290652756,0.0016667241194155,2.777969290241433e-06,0.0465612079711672,0.6890096131260802,0.144784686686382,0.2889882107789722,0.010421290572309,-0.6877728166244877,0.1425990525736438,0,0.9028604910575296,25.46334506187161,2.0999998497837784,4.75,0.9469301294951056,2,0.1048387096774193,0.1797752808988764,0.0282281375638533
0.9790570573044606,0.0008140152751008,1.6866328585857695,2.959920602527074,-0.0469250586055697,0.0017554723074328,3.0816830221635702e-06,0.0469496793109648,1.688575288070841,2.966066871244518,0.2914040566336233,0.010975821569523,-1.6880884996510972,2.9645270962483714,0,0.9028604913655104,25.46334506187161,2.0999998514499545,5.0,0.9659258262890684,2,0.1048387096774193,0.1797752808988764,0.0282281375638533
0.97866353271717,0.0001885657749452,0.0710104959436125,1.4521667003955123,-0.0477739287179973,0.0004053678274271,1.643230755130138e-07,0.0477752185495639,0.0728493589474644,1.4523224598269184,0.2967111551977728,0.0025365163996148,-0.0723789492425281,1.452283357813334,0,0.9028604913418552,25.46334506187162,2.09999985132198,5.25,0.9807852804032304,2,0.1048387096774193,0.1797752808988764,0.0282281375638533
0.9782145088530269,0.001056237547952,-1.932223643176282,3.7967054364702335,-0.0487344034042959,0.002260998368896,5.1121136241507795e-06,0.0487737240775238,-1.9315729050759876,3.7948659336104775,0.3027290753511607,0.014163662437712,1.931744472797426,3.7953507682808905,0,0.9028604936535568,25.463345061871628,2.099999863828284,5.5,0.9914448613738104,2,0.1048387096774193,0.1797752808988764,0.0282281375638533
0.977825409492944,0.0010067760073062,-0.402396928112841,-3.720502352711854,-0.0495688501195697,0.0021553158343766,4.645386345914852e-06,0.0496039811097403,-0.399874562222362,-3.734438133070517,0.3079537695344287,0.0135012859913051,0.4005500509286052,-3.730705649413684,0,0.9028604929027724,25.46334506187161,2.099999859766541,5.75,0.9978589232386036,2,0.1048387096774193,0.1797752808988764,0.0282281375638533
0.9774364221833188,0.0008727162693137,1.3371717142296575,2.2422267543337515,-0.0504021549454339,0.0018683533968601,3.49074441555879e-06,0.0504281199476529,1.3415715994600146,2.2513742577755576,0.3131728016038005,0.0117036431787484,-1.340392681959064,2.248923332801752,0,0.9028604931695488,25.463345061871596,2.0999998612098016,6.0,1.0,2,0.1048387096774193,0.1797752808988764,0.0282281375638533
0.9769087203781268,0.0003721558137343,0.3205497463879311,-3.778687462321931,-0.0514810969360298,0.0007353888576963,5.407967720239528e-07,0.0514850360718101,0.4155099425652328,-3.6338464913432342,0.3202723628544727,0.0050098187176617,-0.3096827301454604,-3.765627911004872,0,0.9028604937431264,25.46334506187161,2.099999864312855,6.25,0.9978589232386036,2,0.1048387096774193,0.1797752808988764,0.0282281375638533
0.9765868381533662,0.0008857152250825,-1.2725297658644836,1.22441618109168,-0.0520510594325204,0.0016707393676226,2.7913700345241885e-06,0.0520711658749191,-1.283589345626493,1.377542570411265,0.3246218178954609,0.0119302875259793,1.2685306584070954,1.201757632982705,0,0.902860494936795,25.46334506187163,2.099999870770601,6.5,0.9914448613738104,2,0.1048387096774193,0.1797752808988764,0.0282281375638533
0.9760204780747894,0.0009643110056774,0.1895905322939826,-4.161006427482043,-0.052953710883647,0.0016073636591031,2.5836179326054807e-06,0.0529720040190854,0.2794720533418186,-4.312114734185936,0.3323310101145111,0.0130947831900901,-0.1771991546960494,-4.106625541779003,0,0.90286049521756,25.463345061871628,2.09999987228954,6.75,0.9807852804032304,2,0.1048387096774193,0.1797752808988764,0.0282281375638533
0.9754048480386356,0.0008249170693472,1.2421886774750752,1.9526942894202184,-0.0539212118175284,0.001276376057338,1.6291358397457146e-06,0.0539325406016651,1.5737361966857568,2.901989313805448,0.3407072035368801,0.0112397533465957,-1.2189486703438286,1.8478545965281905,0,0.9028604956166458,25.46334506187162,2.099999874448595,7.0,0.9659258262890684,2,0.1048387096774193,0.1797752808988764,0.0282281375638533
0.9748330675032212,0.000476369848836,-0.1874834694298468,-2.1282098629255977,-0.0547910804242291,0.0006094614107845,3.7144321123551523e-07,0.0547936225893347,-0.594755468367217,-2.089346714323243,0.3484883389996673,0.0065462044504242,0.1373717995304272,-2.0246527747068495,0,0.90286049593506,25.463345061871618,2.099999876171216,7.25,0.9469301294951056,2,0.1048387096774193,0.1797752808988764,0.0282281375638533
0.974135109290422,0.0011003369633759,-1.4788253042532484,2.4240596482568577,-0.0557660523236962,0.0017670516648071,3.122471586097794e-06,0.0557870454985607,-1.4346478117224055,2.363344262516277,0.3579785463102484,0.0148329979288496,1.477690922845911,2.4179869284157007,0,0.9028604973279892,25.463345061871618,2.099999883706963,7.5,0.9238795325112868,2,0.1048387096774193,0.1797752808988764,0.0282281375638533
0.9739911134025564,0.0009658688214066,-1.8611982373636744,3.514177665084272,-0.0559124094765172,0.0016140908466246,2.6052892611575902e-06,0.0559298802109863,-1.780719617984725,3.1830306342837247,0.3599700321547551,0.0129852364533267,1.8598224869719613,3.518507531519692,0,0.9028604957498516,25.463345061871603,2.099999875169239,7.75,0.8968727415326884,2,0.1048387096774193,0.1797752808988764,0.0282281375638533
0.9739545978620638,0.0009357889173327,-1.928343548103082,3.737228883595993,-0.0556994945428055,0.0018174810167414,3.303237246215385e-06,0.0557217293365736,-1.431123309802938,2.1372247477498174,0.3606002148851531,0.012472043699095,1.9414299896534088,3.789136914451582,0,0.9028604957820052,25.463345061871603,2.09999987534319,8.0,0.8660254037844387,2,0.1048387096774193,0.1797752808988764,0.0282281375638533
0.9740650902644656,0.0010091137805915,-1.9341187094161123,3.8023346478512856,-0.0551383654064736,0.0021865202619467,4.780870855903657e-06,0.0551708708725847,-1.5359741630440729,2.5999116143099172,0.359299261982714,0.0133343917380818,1.947432880811622,3.838798168244701,0,0.9028604955956524,25.46334506187162,2.0999998743350208,8.25,0.8314696123025451,2,0.1048387096774193,0.1797752808988764,0.0282281375638533
0.9743165506853526,0.0005115743324779,-1.740699460671799,3.3106967197822854,-0.0543268582851881,0.0007759799968051,6.021449554416657e-07,0.0543310145299642,0.8350753294155002,-0.7564176942483094,0.3561222312126531,0.0070325786221453,1.8093689601078349,3.463875322130651,0,0.902860496582646,25.463345061871607,2.0999998796746566,8.5,0.7933533402912352,2,0.1048387096774193,0.1797752808988764,0.0282281375638533
0.9740042876750497,0.0007071652039528,-0.0809032833255182,-4.559650416526566,-0.0545291266818294,0.0010122604229893,1.0246711639505112e-06,0.0545361729502139,0.2908102396190081,-1.7574404996368411,0.3604835262766833,0.0096158867143155,0.0889749690872098,-4.665506578784743,0,0.9028604968356514,25.463345061871593,2.0999998810434164,8.75,0.7518398074789774,2,0.1048387096774193,0.1797752808988764,0.0282281375638533
0.9740178316816154,0.0007199028919515,-0.1139580198197655,-4.79627564804569,-0.0539039563130153,0.0017940615605674,3.218656883105586e-06,0.0539263432735567,0.5972330558195035,-1.8571295795714151,0.3606033443275728,0.0095067362727791,0.0632090326732075,-4.490639111366129,0,0.9028604958131788,25.463345061871625,2.099999875511838,9.0,0.7071067811865476,2,0.1048387096774193,0.1797752808988764,0.0282281375638533
0.9741898754938716,0.0009779716868202,0.5374527604679809,-2.1499184537531164,-0.0530061655557332,0.0028047706757347,7.86673854346148e-06,0.0530617907804578,0.3580581579273224,-3.600315434999935,0.3585855714857041,0.0125974898992697,-0.5614436237020136,-1.969413464644587,0,0.9028604950488506,25.46334506187163,2.099999871376822,9.25,0.659345815100069,2,0.1048387096774193,0.1797752808988764,0.0282281375638533
0.9747159346297356,0.0010896755598423,-1.0130303942289636,-0.0855795418939777,-0.0515494491167912,0.002907217226372,8.451912001314298e-06,0.0516108965068938,-1.3120174745086612,1.1729869328444398,0.3517796620589978,0.0141500603036738,0.977111828897147,-0.2349225596058595,0,0.902860494798032,25.463345061871618,2.0999998700198943,9.5,0.6087614290087209,2,0.1048387096774193,0.1797752808988764,0.0282281375638533
0.9750910595460536,0.0005324203568151,0.0812993280567628,-4.111986961813608,-0.0502894082375084,0.0010672718205381,1.1390691389147315e-06,0.0502979013750339,-0.6097755723280098,-0.960780859310754,0.3470487371178719,0.0071245778676922,-0.1124617401424812,-4.257169650821593,0,0.9028604956528772,25.463345061871607,2.099999874644608,9.75,0.5555702330196025,2,0.1048387096774193,0.1797752808988764,0.0282281375638533
0.9752121800094162,0.0004057478407404,-0.0240486787914926,-2.1960781861801255,-0.049651754402858,0.0006720333797637,4.5162886351672586e-07,0.0496551652593065,-1.1787992383174877,0.532025624413679,0.3456326644313544,0.0056200783202044,-0.0638345717826365,-2.7831033199071005,0,0.9028604954392696,25.46334506187162,2.09999987348899,10.0,0.4999999999999999,2,0.1048387096774193,0.1797752808988764,0.0282281375638533
0.9752447571155772,0.0004306436603451,-0.2567080005639275,-3.6451243362357193,-0.0490926755461516,0.0012661445990802,1.6031221457801683e-06,0.0491049196505677,0.3012776379214087,1.5103193898663267,0.3454456401035833,0.0057538699097651,0.0575916242378122,-3.4845986799348108,0,0.902860494996862,25.46334506187161,2.099999871095565,10.25,0.4422886902190017,2,0.1048387096774193,0.1797752808988764,0.0282281375638533
0.975548239312688,0.0009474872976083,1.3561443498625452,1.6374428439652355,-0.0477542651383883,0.0028872862393178,8.336421827754131e-06,0.047819683763885,0.9466588320800378,0.7270406778018241,0.341746607617643,0.0121914093251989,-1.400247131395714,1.763084888119698,0,0.9028604937024848,25.463345061871628,2.0999998640929833,10.5,0.3826834323650899,2,0.1048387096774193,0.1797752808988764,0.0282281375638533
0.9759614098514934,0.0008373891529215,-0.0305304513906107,-2.9203500277208754,-0.0463071949460602,0.0024134824566468,5.824897568541915e-06,0.0463543415113243,-0.2479572759618025,-3.293070187263355,0.3365355033853406,0.0108421145022202,0.0003177037652859,-2.86114836337204,0,0.9028604941935048,25.46334506187164,2.099999866749402,10.75,0.3214394653031617,2,0.1048387096774193,0.1797752808988764,0.0282281375638533
0.9763872682636772,0.0006035559888745,-1.396116366235724,1.7263956410524273,-0.0451142210480721,0.0016230890083597,2.6344179290581385e-06,0.0451361136366521,-1.6800389347015623,2.9661962927064067,0.3310082704891012,0.0078824713471826,1.3602459533018647,1.559984592942671,0,0.9028604938556686,25.463345061871625,2.0999998649217084,11.0,0.258819045102521,2,0.1048387096774193,0.1797752808988764,0.0282281375638533
0.9767102498594892,0.0002145977238092,-1.505872604886873,2.2360671748985155,-0.0443689843980183,0.0003886487990263,1.5104788898458669e-07,0.0443702610137465,0.6393465699798394,0.8223207204186149,0.3267312976898945,0.0029395411387665,1.546037742665142,2.2419873445751968,0,0.902860493742636,25.463345061871625,2.099999864310203,11.25,0.1950903220161281,2,0.1048387096774193,0.1797752808988764,0.0282281375638533
0.9765925438194952,0.0002169358518743,0.1645927882352694,-5.037319047021487,-0.0448291108678507,0.0006111474226952,3.73501172267022e-07,0.0448322351336726,-1.4612217264488854,2.071560589433174,0.3281976152677947,0.0029092682560803,-0.1795838012520523,-4.570954607312,0,0.9028604941485066,25.4633450618716,2.099999866505963,11.5,0.130526192220052,2,0.1048387096774193,0.1797752808988764,0.0282281375638533
0.9767661491441988,0.0002824517473206,-0.2272437027198642,0.9670889551420618,-0.0444597778857937,0.0009798840746248,9.60172799703458e-07,0.0444678758122484,-0.2753490927146603,1.3883155069170918,0.3258782948702,0.0035950891147343,0.2148769966861442,0.7163432789938362,0,0.9028604934831568,25.463345061871618,2.099999862906421,11.75,0.0654031292301431,2,0.1048387096774193,0.1797752808988764,0.0282281375638533
0.9767727460669005,0.0002816128247561,-0.3684146047509222,1.2789616871113516,-0.0444666591896157,0.0009787429562133,9.579377743371974e-07,0.0444747370179504,-0.2349540736239302,1.4211942551232433,0.3257796187785255,0.0035785459170304,0.3803701263801199,1.1426122092225608,0,0.9028604938254458,25.46334506187163,2.0999998647582028,12.0,1.2246467991473532e-16,2,0.1048387096774193,0.1797752808988764,0.0282281375638533
0.9768871234725568,0.0003842474453689,-0.4442248360326253,-1.6685220689722955,-0.0441170137882169,0.0011896044117422,1.415158656436697e-06,0.044129041169979,-0.9560171156266832,-0.5562606337264526,0.3243034466691437,0.0049565782046627,0.3723895544705587,-1.7466704457380544,0,0.9028604932785292,25.4633450618716,2.0999998617993856,12.25,-0.0654031292301428,2,0.1048387096774193,0.1797752808988764,0.0282281375638533
0.9770467425410438,0.0002182893335553,-0.7285929986956575,1.5917080284692524,-0.0436287743954506,0.0005539737870884,3.068869567811162e-07,0.0436314120842584,-0.8101093552876385,-0.5513867841941273,0.3222459329547095,0.0028836686571316,0.7004611151720881,1.6640528304633602,0,0.9028604935180612,25.46334506187162,2.0999998630952534,12.5,-0.1305261922200517,2,0.1048387096774193,0.1797752808988764,0.0282281375638533
0.9769429022358012,0.0002771301440187,0.506833957078163,-2.566355519090834,-0.0439196997755347,0.0006310413431547,3.982131767705527e-07,0.0439230997113743,0.7926549995103843,-1.353990515681227,0.3235986355646161,0.0036859657887732,-0.4837779395441184,-2.659443715385573,0,0.902860493902352,25.463345061871635,2.099999865174266,12.75,-0.1950903220161279,2,0.1048387096774193,0.1797752808988764,0.0282281375638533
0.977335320612432,0.0007049229659571,1.2722597668382378,2.0217050378097063,-0.0430023672426145,0.0016428398758763,2.6989228577694734e-06,0.0430258966276319,1.3276766027476492,1.964077751822156,0.3183824928277077,0.0093737720606231,-1.269819468424077,2.032014979075159,0,0.9028604921165604,25.46334506187162,2.099999855513135,13.0,-0.2588190451025208,2,0.1048387096774193,0.1797752808988764,0.0282281375638533
0.9773108080578348,0.0007090529782401,1.4515741336745194,2.601817543477374,-0.0431459676296994,0.0016791738442539,2.819624799226508e-06,0.0431704672351614,1.7151104333906737,3.2489911388220065,0.3186644070403644,0.0094194420348527,-1.4263585710867783,2.537814618238265,0,0.9028604933684848,25.463345061871596,2.0999998622860465,13.25,-0.3214394653031615,2,0.1048387096774193,0.1797752808988764,0.0282281375638533
0.9773221248057552,0.0007038716888756,1.4020059634704625,2.581850581782671,-0.04327144764117,0.0017561132262119,3.0839336632763996e-06,0.0432981654485456,1.790464082584916,3.227029300982217,0.3184375691149358,0.0093188173276657,-1.3473601707608969,2.505852636965411,0,0.9028604934465786,25.463345061871603,2.099999862708533,13.5,-0.3826834323650896,2,0.1048387096774193,0.1797752808988764,0.0282281375638533
0.977396380792126,0.000625068191815,1.8907490216849312,3.6503700091881512,-0.0434393699939887,0.0019326492493031,3.735133120831887e-06,0.0434716024010494,1.419028911771052,2.362838019435648,0.3172807941347347,0.0080935714225281,-1.923500491650308,3.752060806878283,0,0.902860493544745,25.46334506187163,2.0999998632396117,13.75,-0.4422886902190014,2,0.1048387096774193,0.1797752808988764,0.0282281375638533
0.9769104806307288,0.0003623868601665,-1.6862907730081085,2.9264370022571065,-0.0450193263534281,0.0014556832505626,2.1190137259686513e-06,0.0450369737616838,-1.072472993999859,0.730804048894802,0.3235114020924077,0.0045128272980601,1.7602589153302182,3.1865087718483913,0,0.9028604941327104,25.463345061871618,2.099999866420504,14.0,-0.4999999999999998,2,0.1048387096774193,0.1797752808988764,0.0282281375638533
0.9753856426461764,0.00580569488086,-1.8666233266195105,3.4969088757739115,-0.0093820892817247,0.0785561701704758,0.0061710718718527,0.0686755233192976,1.99648416173078,3.988539825467498,0.2364335366987504,0.1320526099605999,-1.9506140629689268,3.849228536541879,0,0.9230767054759588,22.619864948040345,2.3999985290180423,0.0,0.0,2,0.1411290322580645,0.2162162162162162,0.0930547614772033
0.9733065708501896,0.0064809227172309,-0.0741202049823345,-5.5650103722236,0.0289517729898699,0.0881018492335635,0.0077619358383735,0.0816067217699413,0.0045527793328074,-5.973500457259808,0.1659526698203913,0.1476627220669606,8.061395768976586e-05,-5.997399185883787,0,0.923076692785018,22.619864948040465,2.399998443227341,0.25,0.065403129230143,2,0.1411290322580645,0.2162162162162162,0.0930547614772033
0.9701425221756912,0.0059874519621637,1.810342928811051,3.296177124733532,0.0684839381948553,0.077146351210305,0.0059515595050637,0.0956750720902469,-1.98671838563018,3.95431382866661,0.1021456804862735,0.1269314186567057,1.999437988036781,3.998139305027855,0,0.923076709481048,22.619864948040497,2.399998556092414,0.5,0.1305261922200515,2,0.1411290322580645,0.2162162162162162,0.0930547614772033
0.9668594954270824,0.0012828488293677,1.4841098519783626,2.0429676308041547,0.1081509723763266,0.004297125753044,1.846528973747397e-05,0.1082149795233883,-1.4824973889326731,2.0368140365628804,0.039064782452443,0.0014456438755721,-1.4869166750352307,2.053682831093525,0,0.9230767111733756,22.61986494804047,2.3999985675325415,0.75,0.1950903220161282,2,0.1411290322580645,0.2162162162162162,0.0930547614772033
0.9676527252722202,0.001998008026633,0.3154621435576717,-4.025832351647006,0.1054984169088101,0.006687448206078,4.472196350897595e-05,0.1056572640327968,-0.3137602727874923,-4.034151648260657,0.038168243001448,0.0022546331524819,-0.318436947460131,-4.0112759721813,0,0.923076683538316,22.61986494804045,2.399998380719688,1.0,0.2588190451025207,2,0.1411290322580645,0.2162162162162162,0.0930547614772033
0.967732517344458,0.0020587734912792,0.1613321846196605,-4.896071999457858,0.1052318068204218,0.006890772858106,4.748275058201128e-05,0.1054008786947545,-0.1602767380556043,-4.900926476035016,0.0380779331480233,0.0023232379383175,-0.1631781088816116,-4.8875645101767216,0,0.9230766905144338,22.619864948040423,2.399998427878206,1.25,0.3214394653031616,2,0.1411290322580645,0.2162162162162162,0.0930547614772033
0.9679373109969676,0.0018785059575115,-0.0770941312542931,-3.315288020687655,0.1045449092782473,0.0062865266574832,3.9520417415246906e-05,0.1046865720570584,0.0795746223641928,-3.3135106600851376,0.0378476824800316,0.0021203358227515,0.0727734112185023,-3.3182890054373644,0,0.9230767044330972,22.61986494804035,2.399998521968304,1.5,0.3826834323650898,2,0.1411290322580645,0.2162162162162162,0.0930547614772033
0.9683628189934508,0.0013694245747269,0.2294039523493544,-3.0325802705227947,0.1031180852322374,0.0045787721578444,2.0965154473451225e-05,0.1031942991052188,-0.2274856187813146,-3.0362027952841117,0.0373690639658477,0.0015481158360102,-0.2327441476125054,-3.0262254650119154,0,0.9230767005799604,22.619864948040384,2.399998495921116,1.75,0.4422886902190012,2,0.1411290322580645,0.2162162162162162,0.0930547614772033
0.9676419953522578,0.0009483321528274,1.5914314093672557,2.3850722846528463,0.1055279391306779,0.003173021287401,1.006806409030024e-05,0.1055637105507147,-1.590467535333021,2.381050811130928,0.0381841054661153,0.001070779327524,-1.5931075568350137,2.392069514237198,0,0.923076703649192,22.61986494804027,2.399998516669114,2.0,0.4999999999999999,2,0.1411290322580645,0.2162162162162162,0.0930547614772033
0.9674391311958572,0.0005687676596805,0.9736552532173912,-0.3586162154379977,0.1062060463148221,0.0019044233109253,3.626828147195809e-06,0.1062188514103585,-0.9727346896901052,-0.3625965835469724,0.0384135482719637,0.0006413915560157,-0.975260146837694,-0.3516338004634853,0,0.9230766961976368,22.619864948040405,2.399998466296629,2.25,0.5555702330196022,2,0.1411290322580645,0.2162162162162162,0.0930547614772033
0.9671124301255832,0.0010867632876083,-0.9562065938738942,1.2097230697756736,0.1073022745627266,0.0036432035809898,1.3272932332537092e-05,0.1073486507860413,0.9588539031290492,1.2145111143117902,0.0387806016659613,0.0012229733523521,0.9515765031983062,1.2013782130457908,0,0.9230767123713812,22.61986494804036,2.3999985756310616,2.5,0.6087614290087207,2,0.1411290322580645,0.2162162162162162,0.0930547614772033
0.966645288613522,0.0012314500639129,0.6761713603445323,-2.225462021553742,0.108868919712142,0.0041282367439344,1.7042338613970495e-05,0.1089276063872175,-0.6745680533931704,-2.234011480783785,0.0393059246125533,0.001385798064883,-0.6789744317034266,-2.210517073591152,0,0.9230767121533304,22.619864948040338,2.3999985741570415,2.75,0.6593458151000688,2,0.1411290322580645,0.2162162162162162,0.0930547614772033
0.9665171969155326,0.001198973367574,1.3472834947929455,1.187177963156671,0.1092983550922828,0.0040189157896467,1.615168412427206e-05,0.1093537570866736,-1.3457103036504736,1.1796756541062958,0.039450053956582,0.0013495135258684,-1.350027594466885,1.2002603029178118,0,0.9230767068592955,22.619864948040465,2.399998538369383,3.0,0.7071067811865475,2,0.1411290322580645,0.2162162162162162,0.0930547614772033
0.9656811124448096,0.000695248145355,0.2102970147580983,1.5102915083991544,0.1121027061241626,0.0023350819252173,5.452607597476612e-06,0.1121209444129764,-0.2077432704619483,1.5096921110536885,0.0403900457044979,0.0007798270488949,-0.2147671231677269,1.5113786790434105,0,0.9230767168447568,22.61986494804052,2.3999986058710467,3.25,0.7518398074789774,2,0.1411290322580645,0.2162162162162162,0.0930547614772033
0.9656666066784052,0.0006970493169003,0.3316800127558635,1.4692323532685148,0.112151434493545,0.0023411053386551,5.4807742066796575e-06,0.1121697590244991,-0.3291908532582094,1.468265759280177,0.0404063109763497,0.0007818625640314,-0.3360366512239265,1.4709614626286631,0,0.923076712709834,22.61986494804048,2.3999985779189936,3.5,0.7933533402912352,2,0.1411290322580645,0.2162162162162162,0.0930547614772033
0.966049265816486,0.0010394622012727,-0.0766255652469147,-2.2527026091284643,0.110867758907877,0.0034893738107451,1.2175729591113837e-05,0.1109089345474374,0.0785484658935076,-2.251869181394362,0.0399762021342433,0.0011669670536603,0.0732611154628405,-2.254120787872578,0,0.9230767027709276,22.619864948040405,2.399998510732041,3.75,0.8314696123025451,2,0.1411290322580645,0.2162162162162162,0.0930547614772033
0.9656879903290244,0.0010555747541195,1.545323910331373,2.3459897141745625,0.1120809171527465,0.0035430731494921,1.2553367342652207e-05,0.1121229103051963,-1.5440796370224132,2.3415285739728535,0.0403815635988124,0.0011852834387641,-1.5474963937386956,2.3537846377425193,0,0.923076715404012,22.619864948040316,2.3999985961316357,4.0,0.8660254037844386,2,0.1411290322580645,0.2162162162162162,0.0930547614772033
0.9661282293354626,0.0009547316033579,0.1153215956400558,-3.2033101323892,0.1106023603012992,0.0032042713947554,1.0267355171248067e-05,0.1106371665426954,-0.1140143912335022,-3.204612717540707,0.0398877431063562,0.0010722345626798,-0.117608613040028,-3.201001453943281,0,0.9230767064899488,22.61986494804053,2.3999985358725953,4.25,0.8968727415326884,2,0.1411290322580645,0.2162162162162162,0.0930547614772033
0.965608853498203,0.0016582495909588,-0.6394068722602974,-1.4738560588118652,0.1123501488580001,0.0055729022413165,3.105723939127076e-05,0.1124537632894404,0.6422888512964323,-1.4642472739163956,0.0404683186321557,0.0018579680530618,0.6343567432669066,-1.4906495757996865,0,0.923076724117214,22.61986494804036,2.3999986550328334,4.5,0.9238795325112868,2,0.1411290322580645,0.2162162162162162,0.0930547614772033
0.964881683775466,0.0013296317367657,0.6820276530243595,0.1324071368861101,0.1147923089101038,0.0044702482558337,1.9983119468784385e-05,0.1148575706016523,-0.678747961931801,0.1266167458628899,0.0412840301112817,0.0014887558043393,-0.6877728194271162,0.1426006011052401,0,0.923076719910465,22.619864948040448,2.399998626595226,4.75,0.9469301294951056,2,0.1411290322580645,0.2162162162162162,0.0930547614772033
0.9645728999602488,0.001400162276731,1.6858362965762697,2.95740092286087,0.1158315011607384,0.004706947223172,2.2155352161726735e-05,0.1159032060612246,-1.6845474682959738,2.9533252538732384,0.0416291509476604,0.0015679745178087,-1.688088502029374,2.9645283691087982,0,0.9230767221639578,22.619864948040323,2.399998641828835,5.0,0.9659258262890684,2,0.1411290322580645,0.2162162162162162,0.0930547614772033
0.9638960795421934,0.0003247657051492,0.0702629353194558,1.4521073461104237,0.118106403989164,0.001094048658206,1.1969424665224383e-06,0.1181102043436584,-0.0690602309182762,1.4520073958858362,0.042387307885396,0.0003623595197504,-0.0723791448123734,1.4527402662892364,0,0.9230767219908732,22.619864948040476,2.399998640658773,5.25,0.9807852804032304,2,0.1411290322580645,0.2162162162162162,0.0930547614772033
0.9631211679104936,0.0018222788115891,-1.9324847843138264,3.797444087906449,0.1207253269779503,0.0061557096922823,3.7892761815659305e-05,0.120842973090263,1.9329018073178776,3.7986242031127624,0.0432470107644514,0.0020233803543513,1.931744471705667,3.795351240250689,0,0.923076738905566,22.619864948040465,2.399998755002021,5.5,0.9914448613738104,2,0.1411290322580645,0.2162162162162162,0.0930547614772033
0.9624503695203146,0.0017368825287633,-0.4034116806156404,-3.714897063648783,0.1229886156010956,0.0058669025942564,3.4420546050493036e-05,0.1230935212633515,0.4050374018147678,-3.7059181992256263,0.0439933956477754,0.0019287551480226,0.4005500496449929,-3.730705064303784,0,0.923076733412085,22.619864948040423,2.399998717866116,5.75,0.9978589232386036,2,0.1411290322580645,0.2162162162162162,0.0930547614772033
0.9617794718284216,0.0015055929027614,1.3354013533172264,2.238553262588832,0.1252538220473012,0.0050855871369732,2.5863196527747428e-05,0.1253312304848718,-1.3325646276274203,2.2326760668076275,0.0447389716576856,0.0016719490329289,-1.3403926839579123,2.2489243932341054,0,0.923076735364083,22.61986494804043,2.3999987310616135,6.0,1.0,2,0.1411290322580645,0.2162162162162162,0.0930547614772033
0.960867558010994,0.0006446334138123,0.315443161639774,-3.776512362168063,0.1283951913037824,0.0022597268283832,5.106365338915131e-06,0.1284101044464115,-0.2460465393505219,-3.687843745700473,0.0457531946934959,0.0007156884055142,-0.3096827554733583,-3.7655956903420247,0,0.9230767395609442,22.619864948040384,2.3999987594323806,6.25,0.9978589232386036,2,0.1411290322580645,0.2162162162162162,0.0930547614772033
0.9603074468536956,0.0015377012855902,-1.2735767747480409,1.2250976753396987,0.1304326722744078,0.0054710085214088,2.993193424132878e-05,0.1305186996078466,1.2693754582241323,1.1698572395418392,0.0463745454136371,0.0017043267966817,1.2685306565602985,1.201758644682494,0,0.9230767482950044,22.619864948040423,2.3999988184745877,6.5,0.9914448613738104,2,0.1411290322580645,0.2162162162162162,0.0930547614772033
0.9593195480087088,0.0016811005769035,0.1828761183450953,-4.143495536527304,0.1341449734197295,0.0062671574633031,3.927726266983596e-05,0.1342547274429528,-0.1009129629876362,-3.8505067851060346,0.0474758585877872,0.0018706833194829,-0.1771991561186323,-4.106624821108431,0,0.923076750349358,22.619864948040536,2.3999988323620025,6.75,0.9807852804032304,2,0.1411290322580645,0.2162162162162162,0.0930547614772033
0.9582447145007964,0.0014420152291687,1.2292252472405958,1.902662146472963,0.1382010339973361,0.005508555102253,3.034417931455848e-05,0.1382833465476518,-1.0923268584582362,1.2975239538473264,0.0486724576481256,0.0016056790572205,-1.218948672595206,1.847855956765036,0,0.9230767532694664,22.619864948040316,2.399998852101937,7.0,0.9659258262890684,2,0.1411290322580645,0.2162162162162162,0.0930547614772033
0.9572448963747928,0.0008380078305129,-0.1685469531284006,-2.084285308744535,0.1420090847062048,0.0033853781746442,1.146078538535779e-05,0.1420393457043937,-0.067335273324085,-1.5285478620378523,0.0497840484285238,0.0009351720775831,0.1373717883785842,-2.0246407855044666,0,0.9230767555992998,22.619864948040284,2.3999988678516053,7.25,0.9469301294951056,2,0.1411290322580645,0.2162162162162162,0.0930547614772033
0.9560190020422766,0.0019271953839842,-1.4815743273431656,2.4300192682790343,0.1467849824440827,0.0072372925051296,5.237840280480558e-05,0.1469187356099026,1.4942740976469928,2.448957385817838,0.0511397923300354,0.0021189997099652,1.4776909218539342,2.4179873972691386,0,0.9230767657913472,22.619864948040338,2.3999989367498036,7.5,0.9238795325112868,2,0.1411290322580645,0.2162162162162162,0.0930547614772033
0.9557649666967332,0.0016908205940688,-1.8615282180941957,3.519047690312515,0.1478390415866116,0.0062927850008155,3.959914306648854e-05,0.147939452393697,1.8524441140962429,3.535821261898274,0.051424290307822,0.0018550337857226,1.859822485542563,3.5185083262655112,0,0.9230767542441286,22.619864948040497,2.399998858690639,7.75,0.8968727415326884,2,0.1411290322580645,0.2162162162162162,0.0930547614772033
0.9556937547538832,0.0016324678013862,-1.9345046227076383,3.7614005230975174,0.1484285367085963,0.0058398753315409,3.410414388794084e-05,0.1485146747542823,1.9628973650789745,3.885564446302066,0.0515143164121646,0.001781720535393,1.9414299880619132,3.789137849205151,0,0.923076754479397,22.619864948040355,2.3999988602810616,8.0,0.8660254037844387,2,0.1411290322580645,0.2162162162162162,0.0930547614772033
0.9558766432033184,0.0017537758126036,-1.9403531690599665,3.81957829503315,0.1481973573305,0.0059916922234405,3.590037570043741e-05,0.1482881721565088,1.9695803275774977,3.891992489793175,0.0513284659975304,0.0019049131119413,1.9474328794601707,3.8387988884286943,0,0.9230767531158562,22.61986494804056,2.3999988510635166,8.25,0.8314696123025451,2,0.1411290322580645,0.2162162162162162,0.0930547614772033
0.9563065045630296,0.0009022636623724,-1.7722329280142035,3.381113083861475,0.1470661559424391,0.0037386788823325,1.397771978519926e-05,0.1471017930330012,1.922912656080507,3.7165856593205575,0.0508746044589502,0.0010046541012028,1.8093689507902897,3.4638845809546233,0,0.9230767603376774,22.61986494804045,2.3999988998830077,8.5,0.7933533402912352,2,0.1411290322580645,0.2162162162162162,0.0930547614772033
0.955751585197814,0.0012421459927756,-0.0853770789165428,-4.6028798009646525,0.1495046679616687,0.0048483094208507,2.3506104240309877e-05,0.1495636162992464,0.1154888662294278,-5.022083333664103,0.0514976466109546,0.0013736981110605,0.0889749655348346,-4.6655038879772786,0,0.9230767621889135,22.619864948040433,2.3999989123973577,8.75,0.7518398074789774,2,0.1411290322580645,0.2162162162162162,0.0930547614772033
0.95575895348268,0.001248989145913,-0.0964095163142892,-4.68014457128111,0.150192929272487,0.0043166053637029,1.86330818659491e-05,0.1502394449365709,-0.3950141639201654,-2.049943703763603,0.0515147634753673,0.0013581051909446,0.0632090290515617,-4.490636314631606,0,0.923076754707495,22.619864948040465,2.3999988618229953,9.0,0.7071067811865476,2,0.1411290322580645,0.2162162162162162,0.0930547614772033
0.956042854275234,0.0016783380859784,0.5442312342310599,-2.086994940034886,0.149865214141375,0.0048637393234609,2.3655960206580303e-05,0.1499243955458694,-0.6705926387241259,-1.04106344287419,0.0512265102122432,0.0017996414210625,-0.5614436252343741,-1.969412574409212,0,0.9230767491149148,22.61986494804039,2.3999988240171817,9.25,0.659345815100069,2,0.1411290322580645,0.2162162162162162,0.0930547614772033
0.956946403499828,0.0018754724557662,-1.0018893017836157,-0.1321569199123455,0.1472003398333467,0.0056891171090357,3.236605348032342e-05,0.1472827708429,0.811603342487255,-0.9176815341025756,0.0502542374369995,0.0020214371923636,0.9771118277802266,-0.2349220048871885,0,0.9230767472796766,22.61986494804042,2.3999988116109767,9.5,0.6087614290087209,2,0.1411290322580645,0.2162162162162162,0.0930547614772033
0.9575853915140248,0.0009257834812709,0.0937222638211585,-4.175472128916853,0.1455815561037287,0.003284151080687,1.0785648320778106e-05,0.145609335943211,-0.1996291357640643,-4.707408169557638,0.0495783910168387,0.0010177968504031,-0.1124617488446951,-4.2571611638419675,0,0.923076753534571,22.61986494804036,2.3999988538940413,9.75,0.5555702330196025,2,0.1411290322580645,0.2162162162162162,0.0930547614772033
0.9577852208496752,0.0007153646510006,0.0134740177979858,-2.448116107972089,0.1453574606195734,0.0030332353166281,9.200516486040004e-06,0.1453811946062301,-0.2279414208785817,-4.4685479333392095,0.0493760949187648,0.0008028683468739,-0.0638345895923561,-2.783081355450367,0,0.9230767519716072,22.619864948040327,2.399998843328414,10.0,0.4999999999999999,2,0.1411290322580645,0.2162162162162162,0.0930547614772033
0.9578284698927204,0.0007475692014665,-0.1805438144383243,-3.613555489577946,0.1457965024014838,0.0028185857636894,7.944425707272843e-06,0.1458169346536455,-1.074226472547011,0.0214246169522684,0.0493493771576546,0.0008219814307383,0.0575916075407515,-3.4845787727666195,0,0.9230767487345132,22.6198649480405,2.399998821445659,10.25,0.4422886902190017,2,0.1411290322580645,0.2162162162162162,0.0930547614772033
0.9583349877785656,0.0016177366273596,1.3715976916706765,1.6789273910135378,0.1449075644909795,0.0044898305741403,2.0158578584485246e-05,0.1449597226150938,-1.6013467499627074,2.406713030561857,0.0488209439453775,0.0017416299107053,-1.4002471331476316,1.7630858713590278,0,0.923076739263572,22.61986494804027,2.399998757422154,10.5,0.3826834323650899,2,0.1411290322580645,0.2162162162162162,0.0930547614772033
0.9590354623621112,0.0014330400089127,-0.0207933654719741,-2.896637485430814,0.1432101933849173,0.0041224729989788,1.699478362730995e-05,0.1432546878013598,-0.1610494563432613,-2.4587162830111797,0.04807650048362,0.0015488735083053,0.0003177012892004,-2.861146816802652,0,0.92307674285636,22.619864948040444,2.3999987817093738,10.75,0.3214394653031617,2,0.1411290322580645,0.2162162162162162,0.0930547614772033
0.9597651383071812,0.0010357923340295,-1.3832628611068043,1.6655626157670156,0.1410782263887755,0.0031303092361347,9.798835913830615e-06,0.1411042702682564,1.1690248174812,0.6259802552377192,0.0472868957841573,0.0011260673462968,1.3602459468451324,1.559990028858568,0,0.9230767403844158,22.61986494804034,2.3999987649990486,11.0,0.258819045102521,2,0.1411290322580645,0.2162162162162162,0.0930547614772033
0.9603225560604902,0.0003749929422385,-1.5254103721719754,2.2420626103994596,0.1392573585134714,0.0014705481222112,2.1625117797389898e-06,0.1392631817243292,1.5087268439213666,2.1474183268834004,0.0466758996699849,0.0004199344778471,1.5460376155945763,2.242265733637165,0,0.923076739557359,22.619864948040355,2.399998759408147,11.25,0.1950903220161281,2,0.1411290322580645,0.2162162162162162,0.0930547614772033
0.96012462354681,0.0003756222960238,0.1754223713401428,-4.8761110976328705,0.1396774662573733,0.0013900286856828,1.932179747021328e-06,0.1396826535933834,0.1938924010307239,-0.6445560049257892,0.0468853736096849,0.0004156097806286,-0.1795839274512685,-4.570666533375087,0,0.923076742527106,22.619864948040448,2.3999987794836173,11.5,0.130526192220052,2,0.1411290322580645,0.2162162162162162,0.0930547614772033
0.9604248071488806,0.000478836293338,-0.2240709236178519,0.8724936208713601,0.1386599777959639,0.0012245977432493,1.49963963277139e-06,0.1386640334481187,0.1391380596082401,-1.6876399220351743,0.0465540421243142,0.0005135841833284,0.2148769296396207,0.7164663758138232,0,0.9230767376587514,22.619864948040505,2.3999987465735564,11.75,0.0654031292301431,2,0.1411290322580645,0.2162162162162162,0.0930547614772033
0.96043677451248,0.0004771260332082,-0.3750513935090592,1.2286072779460824,0.1385943936940215,0.0011965968345697,1.4318439845024065e-06,0.1385982678333355,0.4381115586999832,-0.3293298919694098,0.0465399455397893,0.0005112208694819,0.3803700572377528,1.142738520865585,0,0.9230767401632772,22.61986494804032,2.3999987635041533,12.0,1.2246467991473532e-16,2,0.1411290322580645,0.2162162162162162,0.0930547614772033
0.9606315958668388,0.0006547462121899,-0.4168486913318373,-1.6991387014237596,0.1380613928698952,0.0018090646035717,3.272714739896148e-06,0.1380702818756798,-0.0664949017965431,-1.8613281336452907,0.0463290638098776,0.0007080826181311,0.3723895285008454,-1.7466366190152414,0,0.9230767361614912,22.619864948040433,2.399998736452091,12.25,-0.0654031292301428,2,0.1411290322580645,0.2162162162162162,0.0930547614772033
0.960903608685762,0.0003753735620426,-0.7187433284320556,1.6258671863008338,0.1373171979169756,0.0011993082307097,1.43834023224809e-06,0.137321125828997,0.5309122649961531,1.5629085286767983,0.0460351332792441,0.0004119526953217,0.700460986182156,1.664344933725291,0,0.9230767379141468,22.619864948040416,2.399998748300035,12.5,-0.1305261922200517,2,0.1411290322580645,0.2162162162162162,0.0930547614772033
0.9607259752132684,0.000477959015392,0.4966537624919668,-2.607480313897133,0.1378354723246678,0.0015746591187163,2.4795513401566456e-06,0.1378422181135684,-0.3663532764826449,-3.1184297321439605,0.0462283765092308,0.0005265665647382,-0.4837780025659838,-2.6593335828828053,0,0.9230767407259992,22.61986494804037,2.3999987673081495,12.75,-0.1950903220161279,2,0.1411290322580645,0.2162162162162162,0.0930547614772033
0.9614014162457236,0.0012134587398124,1.2686386729319474,2.0204443793668503,0.1356463255380584,0.0039408068065599,1.5529958286628862e-05,0.1356892519718901,-1.2351130668768924,2.03783113459059,0.045483213261101,0.0013391103036076,-1.269819472158967,2.0320175618232916,0,0.9230767276593824,22.619864948040423,2.399998678977873,13.0,-0.2588190451025208,2,0.1411290322580645,0.2162162162162162,0.0930547614772033
0.9613615125909544,0.001220038245114,1.43908050193034,2.5712981074932166,0.1356721192689834,0.0039439393335337,1.555465746659462e-05,0.1357151057916414,-1.2709452719076468,2.152499290180238,0.045523486720052,0.0013456345855957,-1.4263585749386514,2.537817209029985,0,0.9230767368196968,22.61986494804042,2.399998740901558,13.25,-0.3214394653031615,2,0.1411290322580645,0.2162162162162162,0.0930547614772033
0.9613850728775272,0.0012094018998621,1.3775643605839754,2.546699265629396,0.1354133691642654,0.003849650016844,1.481980525218709e-05,0.1354544034070357,-0.9975469355876236,2.0637450343026416,0.0454910813021336,0.0013312596275252,-1.347360174711479,2.505855316108999,0,0.923076737391107,22.61986494804053,2.399998744764279,13.5,-0.3826834323650896,2,0.1411290322580645,0.2162162162162162,0.0930547614772033
0.9615221786135524,0.0010639000808511,1.904278292960844,3.69211233253753,0.1345588043882061,0.0029551534140565,8.732931700610226e-06,0.1345831398695921,-1.997302317121736,3.9908429247325823,0.0453258277335334,0.0011562244996253,-1.923500497497956,3.752065443832059,0,0.9230767381093918,22.619864948040433,2.399998749619889,13.75,-0.4422886902190014,2,0.1411290322580645,0.2162162162162162,0.0930547614772033
0.9606974999570448,0.0006089696898359,-1.7169463480781533,3.0344143887185915,0.1366991355290076,0.0013276631305755,1.7626893882897055e-06,0.1367039709423921,1.9864437394040957,3.9567011459634465,0.0462159145846295,0.0006446896331903,1.7602588808301136,3.1865582260556486,0,0.923076742411526,22.619864948040373,2.399998778702301,14.0,-0.4999999999999998,2,0.1411290322580645,0.2162162162162162,0.0930547614772033
0.963681938264356,0.0018155556826304,-1.6411031566919938,2.9961794295934077,0.1262137508166303,0.0125502573066008,0.0001575089584618,0.1266808691715054,1.1498160119543082,0.2657024986496221,0.042167110683184,0.0026276933777496,0.4320751643406003,1.5076962349998393,0,0.9230767054759588,22.619864948040345,2.3999985290180423,0.0,0.0,2,0.1169354838709677,0.2,0.0526553136118236
0.9652127637102856,0.0013734685828654,1.432697494238894,1.85553452174986,0.1280006592824344,0.0133265963560062,0.0001775981704359,0.1285199105374884,0.3327955765241963,-4.047725886076297,0.0400269007327402,0.002420801434815,-0.6207749349645569,-2.344128396152268,0,0.923076692785018,22.619864948040465,2.399998443227341,0.25,0.065403129230143,2,0.1169354838709677,0.2,0.0526553136118236
0.9653056692618064,0.0012826662285841,1.630154853398471,2.493933666545681,0.1352165988183586,0.0135008314839469,0.0001822724507579,0.1357211587560045,-1.3174540060320483,1.2808346657371477,0.0394598435265138,0.0019801494926048,-0.1869703475188107,0.85063093724,0,0.923076709481048,22.619864948040497,2.399998556092414,0.5,0.1305261922200515,2,0.1169354838709677,0.2,0.0526553136118236
0.965241447630902,0.0013459525170441,1.4840877513128832,2.042883296619335,0.1430265607092412,0.0056935241537049,3.24162172888221e-05,0.1431115272480874,-1.4823809108306745,2.036369573778739,0.039064782452443,0.001445643875572,-1.4869166750352307,2.0536828298006284,0,0.9230767111733756,22.61986494804047,2.3999985675325415,0.75,0.1950903220161282,2,0.1169354838709677,0.2,0.0526553136118236
0.9660736773321572,0.002096268157403,0.3154388267775333,-4.025946347013267,0.1395124586607392,0.008860108990249,7.850153131909239e-05,0.1397233061090847,-0.3136375854694714,-4.034751115492526,0.038168243001448,0.0022546331524818,-0.318436947460131,-4.011275972399828,0,0.923076683538316,22.61986494804045,2.399998380719688,1.0,0.2588190451025207,2,0.1169354838709677,0.2,0.0526553136118236
0.9661573915342264,0.0021600217503472,0.1613177230345429,-4.896138537380935,0.1391592744604903,0.0091294851465346,8.334749904079736e-05,0.1393836945006477,-0.1602006705910347,-4.901276030048905,0.0380779331480233,0.0023232379383173,-0.1631781088763571,-4.887564511038994,0,0.9230766905144338,22.619864948040423,2.399998427878206,1.25,0.3214394653031616,2,0.1169354838709677,0.2,0.0526553136118236
0.9663722629324164,0.0019708850471658,-0.0771280900058148,-3.3152638317368464,0.1382490754001595,0.0083288435093635,6.936963420346716e-05,0.1384371123458258,0.0797537083782931,-3.313380628593155,0.0378476824800316,0.0021203358227514,0.0727734112185023,-3.3182890054373644,0,0.9230767044330972,22.61986494804035,2.399998521968304,1.5,0.3826834323650898,2,0.1169354838709677,0.2,0.0526553136118236
0.9668187082740431,0.0014367510886275,0.2293777234769047,-3.0326298660249247,0.1363584446806245,0.0060658964166902,3.6795099338015565e-05,0.1364595975379586,-0.2273471409726385,-3.0364634591776376,0.0373690639658477,0.0015481158360101,-0.2327441476125054,-3.0262254650119154,0,0.9230767005799604,22.619864948040384,2.399998495921116,1.75,0.4422886902190012,2,0.1169354838709677,0.2,0.0526553136118236
0.9660624471636876,0.0009949654904981,1.5914182209721954,2.385017271538011,0.1395509608954056,0.0042037869798166,1.7671824971676134e-05,0.1395984403765278,-1.590397898709416,2.3807602466531375,0.0381841054661153,0.0010707793275238,-1.5931075568350137,2.392069514237198,0,0.923076703649192,22.61986494804027,2.399998516669114,2.0,0.4999999999999999,2,0.1169354838709677,0.2,0.0526553136118236
0.965849610165944,0.0005967422182509,0.9736426395957084,-0.3586706867780123,0.1404492905993813,0.0025232135785513,6.366606762985948e-06,0.1404662884287219,-0.972668238681232,-0.3628838955666928,0.0384135482719637,0.0006413915560153,-0.9752601465861735,-0.3516339183402071,0,0.9230766961976368,22.619864948040405,2.399998466296629,2.25,0.5555702330196022,2,0.1169354838709677,0.2,0.0526553136118236
0.9655068304768574,0.0011402339309166,-0.9562429466461976,1.2097887647175138,0.1419019307233274,0.0048273801993454,2.3303599589032734e-05,0.1419635010934112,0.95904481029384,1.2148568445458672,0.0387806016659613,0.0012229733523519,0.9515765031983062,1.20137821052149,0,0.9230767123713812,22.61986494804036,2.3999985756310616,2.5,0.6087614290087207,2,0.1169354838709677,0.2,0.0526553136118236
0.9650167020981992,0.0012920395211181,0.67614934518642,-2.225579404593015,0.1439778536363609,0.0054700665279739,2.992162782046069e-05,0.1440557654472666,-0.6744524132800718,-2.234628182864977,0.0393059246125533,0.0013857980648828,-0.6789744317034266,-2.210517073591152,0,0.9230767121533304,22.619864948040338,2.3999985741570415,2.75,0.6593458151000688,2,0.1169354838709677,0.2,0.0526553136118236
0.9648823079459158,0.0012579629905895,1.3472619041619414,1.1870750086935171,0.1445468741318975,0.0053251693767639,2.8357428891224263e-05,0.1446204234987929,-1.345596724374877,1.1791339169538375,0.039450053956582,0.0013495135258682,-1.350027594466885,1.2002603029178118,0,0.9230767068592955,22.619864948040465,2.399998538369383,3.0,0.7071067811865475,2,0.1169354838709677,0.2,0.0526553136118236
0.9640050801744868,0.0007294743556461,0.2102618506563407,1.510283244041915,0.1482628878952484,0.0030944885949865,9.57585966450178e-06,0.1482871060537178,-0.2075590498345011,1.5096491192585135,0.0403900457044979,0.0007798270488946,-0.2147671231677269,1.5113786790434105,0,0.9230767168447568,22.61986494804052,2.3999986058710467,3.25,0.7518398074789774,2,0.1169354838709677,0.2,0.0526553136118236
0.9639898602691126,0.0007313640845603,0.3316457383630281,1.469219015533488,0.1483274643711546,0.0031024684291444,9.625310353838296e-06,0.1483517969879054,-0.3290112849520701,1.4681962943186324,0.0404063109763497,0.0007818625640311,-0.3360366512239265,1.4709614626286631,0,0.923076712709834,22.61986494804048,2.3999985779189936,3.5,0.7933533402912352,2,0.1169354838709677,0.2,0.0526553136118236
0.9643913506440258,0.0010906259223574,-0.0766520225187198,-2.252691216608275,0.1466264632739441,0.004624003425519,2.1381407679212075e-05,0.1466811364422293,0.0786871785912412,-2.251808429992918,0.0399762021342433,0.0011669670536601,0.0732611155065009,-2.254120802823264,0,0.9230767027709276,22.619864948040405,2.399998510732041,3.75,0.8314696123025451,2,0.1169354838709677,0.2,0.0526553136118236
0.9640122910100476,0.0011075298850284,1.5453067985790738,2.345928362725024,0.1482341380636901,0.0046951268340444,2.2044215987764496e-05,0.1482898946303325,-1.5439897982737305,2.341206502347676,0.0403815635988124,0.0011852834387639,-1.5474963937386956,2.3537846377425193,0,0.923076715404012,22.619864948040316,2.3999985961316357,4.0,0.8660254037844386,2,0.1169354838709677,0.2,0.0526553136118236
0.9644742022545574,0.0010017218894288,0.1153036151967483,-3.203328092628393,0.1462747346176455,0.0042461309862833,1.802962835267555e-05,0.1463209493159687,-0.1139200972580782,-3.204706245629348,0.0398877431063562,0.0010722345626796,-0.117608613040028,-3.201001453943281,0,0.9230767064899488,22.61986494804053,2.3999985358725953,4.25,0.8968727415326884,2,0.1169354838709677,0.2,0.0526553136118236
0.9639292435606756,0.0017398980498204,-0.6394465981717115,-1.473723674942233,0.148591257412555,0.0073856316106295,5.454755428792975e-05,0.1487288554556892,0.642496695378363,-1.4635535343163113,0.0404683186321556,0.0018579680530615,0.6343567432576201,-1.490649575005131,0,0.9230767241172128,22.619864948040505,2.3999986550328165,4.5,0.9238795325112868,2,0.1169354838709677,0.2,0.0526553136118236
0.9631662767415832,0.001395107266012,0.6819824222931089,0.1323271813696038,0.1518276349053437,0.0059244769891378,3.5099427594823824e-05,0.1519143024591353,-0.6785113677570503,0.1261998677811497,0.0412840301112816,0.0014887558043391,-0.6877728194239479,0.1426006052053932,0,0.923076719910465,22.619864948040448,2.399998626595226,4.75,0.9469301294951056,2,0.1169354838709677,0.2,0.0526553136118236
0.9628422828336024,0.0014691091352868,1.6858185308180258,2.9573447358734235,0.1532049904016843,0.0062381363322579,3.8914344899836766e-05,0.1533002114892677,-1.6844543963523615,2.953030997540679,0.0416291509476603,0.0015679745178085,-1.6880885020343446,2.9645283684927826,0,0.9230767221639578,22.619864948040323,2.399998641828835,5.0,0.9659258262890684,2,0.1169354838709677,0.2,0.0526553136118236
0.9621321360051618,0.0003407676468774,0.0702462871975758,1.4521039112445688,0.1562198925120253,0.0014501650087788,2.1029785526866063e-06,0.1562249405517007,-0.0689735733012232,1.4520001277140828,0.042387307885396,0.0003623595197497,-0.072379139933534,1.4527357154685347,0,0.9230767219908732,22.619864948040476,2.399998640658773,5.25,0.9807852804032304,2,0.1169354838709677,0.2,0.0526553136118236
0.9613190062440592,0.0019121397170243,-1.9324905858834984,3.797460502806704,0.1596920921762815,0.0081610338865554,6.660247409750673e-05,0.1598484161923735,1.93293176592816,3.798709006510883,0.0432470107644514,0.0020233803543512,1.931744471705667,3.795351240250689,0,0.923076738905566,22.619864948040465,2.399998755002021,5.5,0.9914448613738104,2,0.1169354838709677,0.2,0.0526553136118236
0.960615140792034,0.0018225308816272,-0.4034342665311222,-3.714772308900235,0.1626924278731253,0.0077781109921585,6.049901060633825e-05,0.162831816133107,0.4051546257124799,-3.7052708325927632,0.0439933956477754,0.0019287551480225,0.4005500496449929,-3.730705064303784,0,0.923076733412085,22.619864948040423,2.399998717866116,5.75,0.9978589232386036,2,0.1169354838709677,0.2,0.0526553136118236
0.959911164313019,0.0015798357581131,1.335361945918079,2.2384715457701443,0.1656954571411881,0.0067422679614794,4.5458177264392446e-05,0.1657983056311937,-1.3323600494390375,2.232252689051453,0.0447389716576856,0.0016719490329288,-1.3403926839579123,2.2489243932341054,0,0.923076735364083,22.61986494804043,2.3999987310616135,6.0,1.0,2,0.1169354838709677,0.2,0.0526553136118236
0.9589541869856668,0.000676557188053,0.3151272190844913,-3.776284770026391,0.1698426431072898,0.0029732273585155,8.840080925425176e-06,0.1698621602310633,-0.2621871360331833,-3.714240000006246,0.0457531946934959,0.000715688405514,-0.3096827554733583,-3.7655956903420247,0,0.9230767395609442,22.619864948040384,2.3999987594323806,6.25,0.9978589232386036,2,0.1169354838709677,0.2,0.0526553136118236
0.9583662079177948,0.0016140086047344,-1.2735785049086834,1.2248981643378176,0.1725048876281699,0.0071803506228994,5.1557435067772635e-05,0.1726169294475703,1.2709932289395711,1.184292873602816,0.0463745454136371,0.0017043267966817,1.2685306565602985,1.201758644682494,0,0.9230767482950044,22.619864948040423,2.3999988184745877,6.5,0.9914448613738104,2,0.1169354838709677,0.2,0.0526553136118236
0.9573289816880004,0.0017649597239013,0.182481284824304,-4.142235090874593,0.1773222463269474,0.0081453375695333,6.634652412165107e-05,0.1774625000824821,-0.1191599729661422,-3.920098094212584,0.0474758585877872,0.0018706833194828,-0.1771991561186323,-4.106624821108431,0,0.923076750349358,22.619864948040536,2.3999988323620025,6.75,0.9807852804032304,2,0.1169354838709677,0.2,0.0526553136118236
0.9562004436431624,0.0015141629987837,1.2284762749033196,1.8996077459803224,0.1825825869593109,0.0071257792451408,5.077672985047946e-05,0.1826868457446822,-1.1200956702991798,1.4277715353695992,0.0486724576481256,0.0016056790572204,-1.218948672595206,1.847855956765036,0,0.9230767532694664,22.619864948040316,2.399998852101937,7.0,0.9659258262890684,2,0.1169354838709677,0.2,0.0526553136118236
0.9551506030205602,0.0008802299734426,-0.1672928945442416,-2.0814987452503395,0.1875137546134805,0.0043331789831398,1.8776440099924797e-05,0.1875513009800748,-0.0185443452880932,-1.647979876378887,0.0497840484285238,0.000935172077583,0.1373717883785842,-2.0246407855044666,0,0.9230767555992998,22.619864948040284,2.3999988678516053,7.25,0.9469301294951056,2,0.1169354838709677,0.2,0.0526553136118236
0.9538631611322322,0.0020235531999501,-1.4816710757677134,2.430193237779969,0.1936772255848566,0.0094115205755103,8.857671954325378e-05,0.1938486529483864,1.4924584198372408,2.4471322584490505,0.0511397923300354,0.0021189997099652,1.4776909218539342,2.4179873972691386,0,0.9230767657913472,22.619864948040338,2.3999989367498036,7.5,0.9238795325112868,2,0.1169354838709677,0.2,0.0526553136118236
0.9535962796209004,0.0017752766432374,-1.8615257658840247,3.5192772804742987,0.1950201160082409,0.0081988805096495,6.722164161151123e-05,0.1951493322537268,1.8557405191774865,3.536614430732389,0.051424290307822,0.0018550337857226,1.859822485542563,3.5185083262655112,0,0.9230767542441286,22.619864948040497,2.399998858690639,7.75,0.8968727415326884,2,0.1169354838709677,0.2,0.0526553136118236
0.9535210183998422,0.0017136257592413,-1.9348693234964949,3.7628410863479687,0.1957002928768993,0.0076688709426365,5.881158153481547e-05,0.1958129549295815,1.96385255912562,3.8857551476403382,0.0515143164121646,0.0017817205353929,1.9414299880619132,3.789137849205151,0,0.923076754479397,22.619864948040355,2.3999988602810616,8.0,0.8660254037844387,2,0.1169354838709677,0.2,0.0526553136118236
0.9537123533950362,0.0018405322058867,-1.9407241813535296,3.820598896552461,0.1952782740409795,0.0079467880736366,6.315144068729321e-05,0.1953995084255291,1.9710751634115875,3.898599701709877,0.0513284659975304,0.0019049131119412,1.9474328794601707,3.8387988884286943,0,0.9230767531158562,22.61986494804056,2.3999988510635166,8.25,0.8314696123025451,2,0.1169354838709677,0.2,0.0526553136118236
0.9541629798576068,0.0009478249508536,-1.7741080151540047,3.385304481340725,0.1936768434891575,0.0047570569966792,2.2629591269654717e-05,0.1937206542869782,1.9202856683169764,3.7118763168277376,0.0508746044589502,0.0010046541012027,1.8093689507902897,3.4638845809546233,0,0.9230767603376774,22.61986494804045,2.3999988998830077,8.5,0.7933533402912352,2,0.1169354838709677,0.2,0.0526553136118236
0.953579776715632,0.0013045132729887,-0.085629486228145,-4.605620960333956,0.1967527910815052,0.0062531242760561,3.9101563211802415e-05,0.1968273024018018,0.1118094543352819,-4.9493316376751935,0.0514976466109546,0.0013736981110604,0.0889749655348346,-4.6655038879772786,0,0.9230767621889135,22.619864948040433,2.3999989123973577,8.75,0.7518398074789774,2,0.1169354838709677,0.2,0.0526553136118236
0.9535864235369098,0.0013106813140565,-0.0951505875388179,-4.672209569617959,0.1974562504309813,0.0056852951766691,3.232258124585774e-05,0.1975176264797546,-0.2526087586250696,-2.7615111785649713,0.0515147634753673,0.0013581051909445,0.0632090290515617,-4.490636314631606,0,0.923076754707495,22.619864948040465,2.3999988618229953,9.0,0.7071067811865476,2,0.1169354838709677,0.2,0.0526553136118236
0.9538833855948968,0.0017600223371521,0.5447402337235779,-2.082669127356981,0.1968338490815439,0.0067035922808883,4.4938149468386435e-05,0.1969194448406667,-0.6381489551882267,-1.3043320783259134,0.0512265102122432,0.0017996414210625,-0.5614436252343741,-1.969412574409212,0,0.9230767491149148,22.61986494804039,2.3999988240171817,9.25,0.659345815100069,2,0.1169354838709677,0.2,0.0526553136118236
0.9548309827416356,0.0019671380652389,-1.0010856102563392,-0.1355088527995906,0.1931763876521032,0.0077536596637318,6.0119238180982585e-05,0.1932930577515666,0.8588354622271964,-0.7243722653437139,0.0502542374369995,0.0020214371923636,0.97711182777812,-0.2349220048808202,0,0.923076747279676,22.619864948040505,2.3999988116109665,9.5,0.6087614290087209,2,0.1169354838709677,0.2,0.0526553136118236
0.9555007277945776,0.0009717209089104,0.094518930405633,-4.179410385678736,0.1908628469636205,0.0043139508874716,1.861017225951725e-05,0.1908994080144099,-0.1855902849515792,-4.635134848703231,0.0495783910168387,0.0010177968504031,-0.112461748882887,-4.257161131625152,0,0.9230767535345716,22.61986494804028,2.3999988538940507,9.75,0.5555702330196025,2,0.1169354838709677,0.2,0.0526553136118236
0.9557097426759432,0.000751536524908,0.015789196445946,-2.463833966652601,0.190431301450038,0.0038356012367724,1.4711836847530424e-05,0.1904602700029325,-0.2158624546478918,-4.206396276660698,0.0493760949187648,0.0008028683468739,-0.0638345897836179,-2.78308121496711,0,0.9230767519716072,22.619864948040327,2.399998843328414,10.0,0.4999999999999999,2,0.1169354838709677,0.2,0.0526553136118236
0.955754237906502,0.0007846123158821,-0.1753855250173931,-3.6098590820182217,0.1908415112974171,0.0036128585453592,1.3052746868775506e-05,0.1908671579775652,-0.8081294393171323,-1.037369236893717,0.0493493771576546,0.0008219814307383,0.0575916073625367,-3.484578669741717,0,0.9230767487345132,22.6198649480405,2.399998821445659,10.25,0.4422886902190017,2,0.1169354838709677,0.2,0.0526553136118236
0.9562845081380158,0.0016960958701501,1.3726596370387043,1.681859176747416,0.18941899302974,0.0062454460041174,3.9005595790346295e-05,0.189496198160392,-1.549260313024453,2.2232360479120707,0.0488209439453775,0.0017416299107053,-1.4002471331342805,1.7630858673869785,0,0.923076739263572,22.61986494804027,2.399998757422154,10.5,0.3826834323650899,2,0.1169354838709677,0.2,0.0526553136118236
0.9570185547074488,0.0015026855487614,-0.0200978388598819,-2.895081958363102,0.1869665591313672,0.0056846228639077,3.231493710486237e-05,0.1870313621729007,-0.1127904021049907,-2.5809007934825363,0.04807650048362,0.0015488735083052,0.0003177012892004,-2.861146818764997,0,0.92307674285636,22.619864948040444,2.3999987817093738,10.75,0.3214394653031617,2,0.1169354838709677,0.2,0.0526553136118236
0.9577837495093856,0.0010863492386153,-1.3823841858394692,1.661432526932403,0.1840369536192272,0.0042626752740289,1.817040049181771e-05,0.1840739745260408,1.2229468614124133,0.8934806806753048,0.0472868957841573,0.0011260673462967,1.3602459468451324,1.559990028858568,0,0.9230767403844158,22.61986494804034,2.3999987649990486,11.0,0.258819045102521,2,0.1169354838709677,0.2,0.0526553136118236
0.9583685884603896,0.0003937707664138,-1.526534127809605,2.242320969929173,0.1816010996450912,0.0018865645620735,3.5591258468719365e-06,0.1816084489683523,1.546484892748325,2.186235531366851,0.0466758996699849,0.0004199344778468,1.5460376177889763,2.242263303144213,0,0.923076739557359,22.619864948040355,2.399998759408147,11.25,0.1950903220161281,2,0.1169354838709677,0.2,0.0526553136118236
0.9581612653152012,0.0003942075972849,0.1758892305015917,-4.8642203446366405,0.1822318397237438,0.00178985474508,3.203580008485547e-06,0.182238431989813,0.0561813719402924,-1.6452631968106868,0.0468853736096849,0.0004156097806284,-0.1795839274512685,-4.570666533375087,0,0.923076742527106,22.619864948040448,2.3999987794836173,11.5,0.130526192220052,2,0.1169354838709677,0.2,0.0526553136118236
0.9584762675409184,0.0005018297103939,-0.2238169160731496,0.8660100568412563,0.1808825883570116,0.0017334273068297,3.0047702280630904e-06,0.180888817643331,0.1643871205370757,-0.8706638514443128,0.0465540421243142,0.0005135841833282,0.2148769296396207,0.7164663758138232,0,0.9230767376587514,22.619864948040505,2.3999987465735564,11.75,0.0654031292301431,2,0.1169354838709677,0.2,0.0526553136118236
0.9584888636564834,0.00050001639588,-0.3754406549120987,1.2251177557126045,0.1808029611813533,0.0017055764207645,2.908990927067977e-06,0.1808089945637118,0.4301615784927473,0.2053473062816646,0.0465399455397893,0.0005112208694817,0.3803700572377528,1.1427383555153463,0,0.9230767401632772,22.61986494804032,2.3999987635041533,12.0,1.2246467991473532e-16,2,0.1169354838709677,0.2,0.0526553136118236
0.958693107394386,0.0006864205262394,-0.4150128612421681,-1.7011310486839388,0.1800590309315169,0.002515030305326,6.325377436708391e-06,0.1800722039990448,0.0613437375220787,-1.8866480332705375,0.0463290638098776,0.0007080826181309,0.3723895285008454,-1.7466366190152414,0,0.9230767361614912,22.619864948040433,2.399998736452091,12.25,-0.0654031292301428,2,0.1169354838709677,0.2,0.0526553136118236
0.9589782781542384,0.0003937727406827,-0.7180567230051925,1.6278886717108847,0.1790200111922249,0.0016086230890298,2.587668242559949e-06,0.1790254315968693,0.5801618099371325,1.6683051028815985,0.0460351332792441,0.0004119526953215,0.700460986182156,1.664344933725291,0,0.9230767379141468,22.619864948040416,2.399998748300035,12.5,-0.1305261922200517,2,0.1169354838709677,0.2,0.0526553136118236
0.9587920037109484,0.0005014794006683,0.4960129242267099,-2.6100652160355153,0.1797317741980834,0.0021006710309834,4.412818780413248e-06,0.1797409810546144,-0.3950490870041615,-3.008623158516855,0.0462283765092308,0.000526566564738,-0.4837780025659838,-2.6593335828828053,0,0.9230767407259992,22.61986494804037,2.3999987673081495,12.75,-0.1950903220161279,2,0.1169354838709677,0.2,0.0526553136118236
0.959500621182796,0.0012730721005022,1.268466731507952,2.020495630922909,0.1768014249739636,0.0052724422068931,2.779864682502828e-05,0.1768603767324438,-1.2422875315040904,2.032949374061184,0.045483213261101,0.0013391103036075,-1.269819472158967,2.0320175583111357,0,0.9230767276593832,22.619864948040313,2.3999986789778864,13.0,-0.2588190451025208,2,0.1169354838709677,0.2,0.0526553136118236
0.9594589143359252,0.0012799401314219,1.4383194417705316,2.5694161789801058,0.1768676756021465,0.0052811296076744,2.789032993305552e-05,0.1769267996103332,-1.310323125413987,2.251115306660589,0.045523486720052,0.0013456345855956,-1.4263585749386514,2.537817209029985,0,0.9230767368196968,22.61986494804042,2.399998740901558,13.25,-0.3214394653031615,2,0.1169354838709677,0.2,0.0526553136118236
0.9594839089820026,0.0012686662835853,1.376015377225306,2.544509645398037,0.1765770804257405,0.0051693896698429,2.672258955867906e-05,0.1766338225647811,-1.0924784476117035,2.175022919535314,0.0454910813021336,0.0013312596275252,-1.347360174711479,2.505855316108999,0,0.923076737391107,22.61986494804053,2.399998744764279,13.5,-0.3826834323650896,2,0.1169354838709677,0.2,0.0526553136118236
0.959628374375996,0.0011153572256384,1.9051447365248808,3.69479786579754,0.1755583152338861,0.0040976672301044,1.6790876728671616e-05,0.1755941775951189,-1.9973244603275673,3.9909300338398137,0.0453258277335334,0.0011562244996252,-1.923500497497956,3.752065437512737,0,0.9230767381093918,22.619864948040433,2.399998749619889,13.75,-0.4422886902190014,2,0.1169354838709677,0.2,0.0526553136118236
0.958763993958102,0.0006378428104421,-1.7189271771559085,3.0413807172025926,0.1785867534871706,0.0019620446322724,3.849619139029057e-06,0.1785948368107008,1.9881815907513083,3.962041505661066,0.0462159145846295,0.0006446896331902,1.7602588808301136,3.1865582260556486,0,0.923076742411526,22.619864948040373,2.399998778702301,14.0,-0.4999999999999998,2,0.1169354838709677,0.2,0.0526553136118236
0.9605236302806792,0.0023617302039846,-0.2056703310476767,-4.623342714911711,0.1683332757598178,0.0191604308903527,0.0003671221119039,0.1691491451706393,1.3368485492963809,1.1636612508399296,0.042167110683184,0.0026276933777496,0.432075164336447,1.507696235883916,0,0.9486830682094964,18.434948822921967,2.9999977015910364,0.0,0.0,2,0.1028225806451612,0.1916167664670658,0.0356052756766675
0.960826337476956,0.0021963250858088,-0.9217258469836268,-0.7672386977918002,0.1719911548957332,0.0206683943709801,0.0004271825258743,0.1729200516330393,0.2589289784253108,-4.477201385297461,0.0400269007327402,0.0024208014348149,-0.6207749349632791,-2.3441283963957673,0,0.9486830548046912,18.434948822922017,2.999997567543121,0.25,0.065403129230143,2,0.1028225806451612,0.1916167664670658,0.0356052756766675
0.9595126143114422,0.0025305199297876,0.5969715525810987,-1.8255784081940103,0.182948672924875,0.020494283981445,0.0004200156759121,0.1838075860292661,-1.440740558055003,1.7993537535745876,0.0394598435265138,0.0019801494926049,-0.1869703475188107,0.85063093724,0,0.9486830724398728,18.434948822921967,2.999997743894758,0.5,0.1305261922200515,2,0.1028225806451612,0.1916167664670658,0.0356052756766675
0.9580221062011424,0.0016275359800735,1.484008811548371,2.042582040164314,0.1947049695530265,0.0077525917665057,6.010267909809348e-05,0.1948206923762659,-1.482371128636251,2.036332145387453,0.039064782452443,0.001445643875572,-1.4869166750352307,2.053682831093525,0,0.9486830742273936,18.43494882292197,2.999997761769946,0.75,0.1950903220161282,2,0.1028225806451612,0.1916167664670658,0.0356052756766675
0.9590283611410592,0.0025347264469989,0.3153555504483036,-4.026353476122685,0.1899200408047416,0.012064314605997,0.0001455476869124,0.1902072098119789,-0.313626801081112,-4.034804120624488,0.038168243001448,0.0022546331524818,-0.3184369474617077,-4.011275971866015,0,0.9486830450378628,18.43494882292191,2.9999974698749603,1.0,0.2588190451025207,2,0.1028225806451612,0.1916167664670658,0.0356052756766675
0.95912957661852,0.0026118137069916,0.1612660738173456,-4.896376160626989,0.1894391347919073,0.0124311084345044,0.0001545324569104,0.1897447894762549,-0.1601939630184469,-4.901307187524104,0.0380779331480233,0.0023232379383173,-0.1631781088763571,-4.887564511038994,0,0.9486830524063862,18.43494882292201,2.999997543560099,1.25,0.3214394653031616,2,0.1028225806451612,0.1916167664670658,0.0356052756766675
0.9593894175390834,0.0023831005738322,-0.0772493841530937,-3.315177375017022,0.1881997515773639,0.0113409096254644,0.0001286162311329,0.1884558533639385,0.0797692389253642,-3.313370890570127,0.0378476824800316,0.0021203358227514,0.0727734112185023,-3.3182890054373644,0,0.9486830671079745,18.43494882292192,2.9999976905758325,1.5,0.3826834323650898,2,0.1028225806451612,0.1916167664670658,0.0356052756766675
0.9599292906554684,0.0017371754357514,0.2292840380380538,-3.032807008229522,0.1856253561458235,0.0082595383784821,6.821997422561922e-05,0.1857631228875422,-0.2273347545448321,-3.0364875105053244,0.0373690639658477,0.00154811583601,-0.2327441476125054,-3.0262254650119154,0,0.948683063038098,18.434948822922056,2.9999976498770966,1.75,0.4422886902190012,2,0.1028225806451612,0.1916167664670658,0.0356052756766675
0.959014900559654,0.0012030533734547,1.5913711128500192,2.3848207417934706,0.1899723955237348,0.0057240503202823,3.2764752069125e-05,0.1900370611882778,-1.5903918670990187,2.3807350420354165,0.0381841054661153,0.0010707793275238,-1.5931075568350137,2.392069514237198,0,0.948683066279974,18.43494882292188,2.999997682295843,2.0,0.4999999999999999,2,0.1028225806451612,0.1916167664670658,0.0356052756766675
0.9587575628050218,0.000721571046362,0.9735975865383628,-0.3588656258220037,0.1911955909455291,0.0034357278131171,1.1804225605826778e-05,0.1912187416709291,-0.9726625640985046,-0.3629085798982725,0.0384135482719637,0.0006413915560153,-0.9752601465861735,-0.3516339183402071,0,0.9486830584092696,18.434948822921967,2.9999976035888705,2.25,0.5555702330196022,2,0.1028225806451612,0.1916167664670658,0.0356052756766675
0.9583430360113124,0.0013788333107914,-0.9563727802606627,1.2100233764812351,0.1931735999638597,0.0065732378309919,4.3207455582783495e-05,0.1932574586262674,0.9590606496215656,1.214885361690433,0.0387806016659614,0.001222973352352,0.9515765032032882,1.2013782018172954,0,0.9486830754927866,18.43494882292193,2.9999977744238673,2.5,0.6087614290087207,2,0.1028225806451612,0.1916167664670658,0.0356052756766675
0.9577503343093944,0.0015624048264737,0.6760707176139289,-2.2259986371412133,0.1960003025234828,0.0074483563071681,5.547801167853186e-05,0.1961064177890533,-0.6744428391416227,-2.234679251242897,0.0393059246125535,0.0013857980648829,-0.6789744316565132,-2.2105170889119368,0,0.9486830752624704,18.434948822921925,2.999997772120707,2.75,0.6593458151000688,2,0.1028225806451612,0.1916167664670658,0.0356052756766675
0.9575878170226056,0.0015211893088377,1.3471847886408388,1.1867073225406095,0.1967751138717242,0.0072510512014478,5.257774352601872e-05,0.1968752872934376,-1.345587405819956,1.1790894689015925,0.0394500539565821,0.0013495135258683,-1.3500275944723052,1.200260310497086,0,0.9486830696706468,18.43494882292197,2.999997716202524,3.0,0.7071067811865475,2,0.1028225806451612,0.1916167664670658,0.0356052756766675
0.9565269971272198,0.0008822015057723,0.2101362639162532,1.5102536013703958,0.2018350668716941,0.0042136789194518,1.775509003623301e-05,0.2018680522931439,-0.207544846198666,1.5096459010207504,0.0403900457044981,0.0007798270488947,-0.2147671229804922,1.5113785235972568,0,0.9486830802177904,18.434948822921932,2.9999978216738583,3.25,0.7518398074789774,2,0.1028225806451612,0.1916167664670658,0.0356052756766675
0.9565085905268268,0.0008844863955832,0.3315233284471616,1.4691712652104645,0.2019229989551695,0.0042245445769406,1.7846776882559e-05,0.2019561402624599,-0.328997448192471,1.4681909294780784,0.0404063109763499,0.0007818625640312,-0.336036651329972,1.4709614754151945,0,0.9486830758502788,18.434948822921843,2.999997777998796,3.5,0.7933533402912352,2,0.1028225806451612,0.1916167664670658,0.0356052756766675
0.9569941108353556,0.0013189325844755,-0.0767465141719919,-2.252650446857112,0.1996068088616486,0.0062963581825175,3.964412636255611e-05,0.1996812741313058,0.0786980808587754,-2.251804170683318,0.0399762021342434,0.0011669670536602,0.0732611154884117,-2.254120791281144,0,0.9486830653523076,18.434948822921967,2.9999976730191795,3.75,0.8314696123025451,2,0.1028225806451612,0.1916167664670658,0.0356052756766675
0.9565356933141222,0.0013393679257402,1.5452456810933857,2.345709240008187,0.2017959325278987,0.0063932006445166,4.087301448104771e-05,0.201871873091979,-1.5439827965149564,2.3411813609935592,0.0403815635988125,0.001185283438764,-1.5474963937703272,2.353784648271823,0,0.9486830786960028,18.43494882292197,2.9999978064559896,4.0,0.8660254037844386,2,0.1028225806451612,0.1916167664670658,0.0356052756766675
0.9570943122776652,0.0012114053401195,0.1152393982560973,-3.203392205259771,0.1991278678883218,0.005781814574588,3.3429379774918546e-05,0.1991908125506275,-0.1139126237237398,-3.204714054121313,0.0398877431063563,0.0010722345626797,-0.1176086129980985,-3.2010014572758436,0,0.9486830692805244,18.43494882292197,2.9999977123013055,4.25,0.8968727415326884,2,0.1028225806451612,0.1916167664670658,0.0356052756766675
0.9564351945815024,0.0021042378427641,-0.6395884747003334,-1.473250849509407,0.2022822453507217,0.0100568411153462,0.0001011400532193,0.2024696565514031,0.6425123852324315,-1.4635018638206765,0.0404683186321556,0.0018579680530616,0.6343567432632549,-1.4906495774597328,0,0.9486830878993212,18.434948822922053,2.9999978984890774,4.5,0.9238795325112868,2,0.1028225806451612,0.1916167664670658,0.0356052756766675
0.9555124909062332,0.0016872791143497,0.6818208840793196,0.1320416561206165,0.2066891285420029,0.0080672387224991,6.508034060579042e-05,0.2068071713285252,-0.6784938595219919,0.1261685260930569,0.0412840301112816,0.0014887558043391,-0.6877728194347977,0.1426006090404747,0,0.948683083455944,18.43494882292201,2.9999978540553514,4.75,0.9469301294951056,2,0.1028225806451612,0.1916167664670658,0.0356052756766675
0.955120624608902,0.0017767709946333,1.685755077923509,2.9571440526398867,0.2085646555976515,0.0084943381218415,7.215378012817023e-05,0.208694348029989,-1.6844475943189507,2.953009462347353,0.0416291509476603,0.0015679745178085,-1.6880885020104963,2.9645283635163437,0,0.9486830858361944,18.434948822922095,2.999997877857822,5.0,0.9659258262890684,2,0.1028225806451612,0.1916167664670658,0.0356052756766675
0.9542617653057436,0.0004121738315898,0.070186835249168,1.452098585021984,0.2126699804138622,0.0019746806652867,3.899363729857342e-06,0.2126768560328767,-0.0689675966057971,1.4520024217033871,0.0423873078853959,0.0003623595197501,-0.0723791435646514,1.4527391750506575,0,0.948683085653375,18.434948822922053,2.999997876029636,5.25,0.9807852804032304,2,0.1028225806451612,0.1916167664670658,0.0356052756766675
0.95327809062339,0.002313134974259,-1.9325112998182772,3.797519101935265,0.2173981233079307,0.0111129698620756,0.0001234980991554,0.217611046576629,1.9329336927499563,3.798714462966192,0.0432470107644514,0.0020233803543513,1.9317444717016667,3.7953512412637345,1,0.9486831035195192,18.43494882292205,2.999998054690912,5.5,0.9914448613738104,2,0.1028225806451612,0.1916167664670658,0.0356052756766675
0.95242666751015,0.0022047279486258,-0.4035149238265044,-3.7143268030491647,0.2214836920709886,0.0105915373794061,0.0001121806640593,0.2216735468012366,0.4051616881909539,-3.705231834028602,0.0439933956477754,0.0019287551480226,0.400550049641259,-3.7307050639070822,0,0.948683097717029,18.434948822922124,2.9999979966660533,5.75,0.9978589232386036,2,0.1028225806451612,0.1916167664670658,0.0356052756766675
0.9515750805901642,0.0019111369357879,1.335221215488934,2.238179736988144,0.2255729418143539,0.0091810183738052,8.429109838014894e-05,0.2257130266567838,-1.3323477572802678,2.2322271318825173,0.0447389716576856,0.0016719490329289,-1.340392683937727,2.24892439388519,0,0.9486830997788276,18.43494882292201,2.9999980172840344,6.0,1.0,2,0.1028225806451612,0.1916167664670658,0.0356052756766675
0.9504170116453136,0.0008190155044606,0.3140135417334952,-3.7754707675566,0.2312006593590378,0.0040233036521129,1.6186972277105087e-05,0.2312269126145584,-0.2749935036213587,-3.733214324050411,0.045753194693496,0.0007156884055143,-0.3096827549915759,-3.765595844237207,1,0.948683104211762,18.43494882292197,2.9999980616133444,6.25,0.9978589232386036,2,0.1028225806451612,0.1916167664670658,0.0356052756766675
0.9497046720893688,0.0019545285040045,-1.2735863959449163,1.224204755684262,0.2347816545141589,0.0096945144899354,9.398361119556906e-05,0.2349317198779286,1.2721920845362362,1.195744699460331,0.0463745454136371,0.0017043267966818,1.2685306565602985,1.201758644682494,1,0.9486831134371132,18.43494882292201,2.99999815386677,6.5,0.9914448613738104,2,0.1028225806451612,0.1916167664670658,0.0356052756766675
0.948447323080768,0.002139181879185,0.1810899130702724,-4.137792328084634,0.2412242532270548,0.0109082310428876,0.000118989504485,0.2414091598786446,-0.1339416180607266,-3.975447435348199,0.0474758585877872,0.001870683319483,-0.1771991560646079,-4.106624831034859,1,0.9486831156070258,18.434948822921875,2.999998175565895,6.75,0.9807852804032304,2,0.1028225806451612,0.1916167664670658,0.0356052756766675
0.9470791281970492,0.0018361251915026,1.2258452919993614,1.8888652291778527,0.2482553965880212,0.0095044339058,9.033426386972248e-05,0.2483918127333849,-1.1435695767416956,1.5353153093503824,0.0486724576481256,0.0016056790572206,-1.218948672546095,1.847855940811625,1,0.9486831186913868,18.43494882292215,2.9999982064094475,7.0,0.9659258262890684,2,0.1028225806451612,0.1916167664670658,0.0356052756766675
0.9458060605376648,0.0010686507209235,-0.1628947064608606,-2.0716999398811673,0.254837571757514,0.0057269200896981,3.279761371378822e-05,0.2548858297150909,0.0227507979140086,-1.747191609218154,0.0497840484285238,0.0009351720775834,0.1373717885183076,-2.0246408811848617,1,0.9486831211522746,18.43494882292191,2.9999982310183326,7.25,0.9469301294951056,2,0.1028225806451612,0.1916167664670658,0.0356052756766675
0.944243955264761,0.0024535629867657,-1.482012411951279,2.430809131839828,0.2630389676770193,0.0126043381790051,0.0001588693409307,0.263265361417504,1.490768604894709,2.4451830026103885,0.0511397923300354,0.0021189997099653,1.477690921854638,2.4179874018025185,1,0.948683131917624,18.434948822922102,2.999998338671719,7.5,0.9238795325112868,2,0.1028225806451612,0.1916167664670658,0.0356052756766675
0.9439197468297404,0.0021521747504345,-1.8615143430061232,3.5200745940908327,0.2648062804005169,0.0109980759038012,0.0001209576735857,0.2649775167721696,1.857982584662947,3.535681026503074,0.051424290307822,0.0018550337857228,1.859822485542563,3.5185083253117675,1,0.948683119720876,18.43494882292205,2.9999982167043413,7.75,0.8968727415326884,2,0.1028225806451612,0.1916167664670658,0.0356052756766675
0.9438264153730868,0.0020758085100454,-1.936131696439864,3.76783580589256,0.2656196897528492,0.0103569103543746,0.0001072655920885,0.2657710834128973,1.961789139414707,3.8747356141084808,0.0515143164121646,0.0017817205353931,1.941429988085156,3.7891378412276673,1,0.9486831199693778,18.43494882292191,2.999998219189375,8.0,0.8660254037844387,2,0.1028225806451612,0.1916167664670658,0.0356052756766675
0.9440554438578402,0.0022276985102334,-1.9420105145817212,3.824132653755008,0.2649172966891063,0.0108204048783678,0.0001170811617318,0.2650829774926367,1.968946462213528,3.894703748760584,0.0513284659975304,0.0019049131119414,1.9474328794601707,3.8387988884286943,1,0.9486831185291384,18.434948822922077,2.9999982047869715,8.25,0.8314696123025451,2,0.1028225806451612,0.1916167664670658,0.0356052756766675
0.9445987382977774,0.0011511562611135,-1.7805802010815903,3.3997766846057225,0.2626256433943901,0.0062578102831203,3.916018953952633e-05,0.2626815538070211,1.9078581228533145,3.684695586701469,0.0508746044589502,0.0010046541012031,1.8093689509659097,3.4638845039123645,1,0.9486831261571864,18.434948822922017,2.9999982810674006,8.5,0.7933533402912352,2,0.1028225806451612,0.1916167664670658,0.0356052756766675
0.9438893151984526,0.0015828360718789,-0.086507466421275,-4.615186111366798,0.2666377206768018,0.0083171238561676,6.917454923883316e-05,0.2667349902049752,0.1077833070291752,-4.88258143186391,0.0514976466109546,0.0013736981110607,0.0889749654909863,-4.665503897619496,1,0.9486831281125542,18.434948822922077,2.9999983006210544,8.75,0.7518398074789774,2,0.1028225806451612,0.1916167664670658,0.0356052756766675
0.9438927424535268,0.001586007274368,-0.0906203548326974,-4.643814009557676,0.2673635079829495,0.0077107452729793,5.945559266477317e-05,0.2674468864942088,-0.1479471018105441,-3.3037957334757024,0.0515147634753673,0.0013581051909448,0.0632090289801824,-4.490636284253048,1,0.9486831202103064,18.43494882292204,2.9999982215986427,9.0,0.7071067811865476,2,0.1028225806451612,0.1916167664670658,0.0356052756766675
0.944247991225072,0.0021245482631033,0.54653248314546,-2.0674240668847297,0.2663080322440974,0.0094080799103162,8.851196759889606e-05,0.2664326406681834,-0.6135750666856153,-1.5052517239276997,0.0512265102122432,0.0017996414210627,-0.5614436252040318,-1.9694125830844111,1,0.9486831143031426,18.434948822922152,2.999998162527041,9.25,0.659345815100069,2,0.1028225806451612,0.1916167664670658,0.0356052756766675
0.945392156091737,0.0023762058781189,-0.9982567455905638,-0.1473054828474076,0.261192257342584,0.0107879251382935,0.0001163793287894,0.2613592925310015,0.8952324454407774,-0.5746122864511296,0.0502542374369995,0.0020214371923637,0.9771118277802266,-0.234922005563579,1,0.9486831123646732,18.43494882292205,2.9999981431423732,9.5,0.6087614290087209,2,0.1028225806451612,0.1916167664670658,0.0356052756766675
0.9461991582936858,0.0011767219176619,0.0972950362677632,-4.193147628391756,0.2578583684513291,0.0058294333490439,3.398229317094558e-05,0.2579077837139828,-0.1702663456524505,-4.5576596971635865,0.0495783910168387,0.0010177968504034,-0.1124617487681877,-4.257161199060867,1,0.9486831189714048,18.434948822922017,2.9999982092096413,9.75,0.5555702330196025,2,0.1028225806451612,0.1916167664670658,0.0356052756766675
0.9464491644306444,0.0009129665895571,0.0237996844138629,-2.51860400851327,0.257122014213156,0.0050209038281377,2.5209475251408233e-05,0.2571587783830602,-0.193929477566708,-3.9233791529712647,0.0493760949187648,0.0008028683468743,-0.0638345894875225,-2.7830814144296987,1,0.9486831173205243,18.434948822921907,2.9999981927008643,10.0,0.4999999999999999,2,0.1028225806451612,0.1916167664670658,0.0356052756766675
0.9464992208476646,0.0009499518947503,-0.1570410389427458,-3.595235550491683,0.2574898436933557,0.0048043788333666,2.308205597450115e-05,0.2575234574698168,-0.5725739243375546,-1.879668926901612,0.0493493771576547,0.0008219814307387,0.057591607675527,-3.4845787193555733,1,0.9486831139013446,18.434948822922017,2.999998158509082,10.25,0.4422886902190017,2,0.1028225806451612,0.1916167664670658,0.0356052756766675
0.9471354858186762,0.0020457776445122,1.376395710622801,1.6921989125516763,0.2552826357958368,0.0088298843085906,7.796685690309546e-05,0.255397140315913,-1.5067278077097686,2.082204529601164,0.0488209439453775,0.0017416299107055,-1.4002471331342805,1.7630858661594964,0,0.9486831038976616,18.43494882292201,2.999998058472338,10.5,0.3826834323650899,2,0.1028225806451612,0.1916167664670658,0.0356052756766675
0.94801934860869,0.0018134806345779,-0.017643925290922,-2.889578741246,0.2517202727266525,0.0079826297305928,6.372237741574449e-05,0.2518151851748442,-0.0770647379975682,-2.6682927661742575,0.04807650048362,0.0015488735083054,0.0003177012892004,-2.861146818764997,1,0.9486831076925456,18.434948822921942,2.9999980964211534,10.75,0.3214394653031617,2,0.1028225806451612,0.1916167664670658,0.0356052756766675
0.9489430469984808,0.0013119606127188,-1.3792859739977814,1.6468582451507403,0.2476179485869466,0.0059291374241041,3.5154670593911986e-05,0.2476711821455054,1.26410873615997,1.0950308102898667,0.0472868957841573,0.001126067346297,1.3602459468451324,1.559990028858568,1,0.9486831050815536,18.43494882292194,2.9999980703112583,11.0,0.258819045102521,2,0.1028225806451612,0.1916167664670658,0.0356052756766675
0.9496502530901,0.0004775704576995,-1.530366158009295,2.2431501137031,0.2442777561365612,0.0025011375930463,6.255689259349827e-06,0.2442873592924053,1.56563399593181,2.212720198967,0.0466758996699849,0.0004199344778476,1.5460376177889763,2.242263303144213,1,0.9486831042079756,18.434948822921864,2.9999980615754933,11.25,0.1950903220161281,2,0.1028225806451612,0.1916167664670658,0.0356052756766675
0.9494010244792852,0.0004771576824289,0.1773024135213065,-4.821070753213091,0.2452183169882194,0.00238833314118,5.7041351932587536e-06,0.2452270398792286,-0.0415319015211816,-2.510574512424988,0.0468853736096849,0.0004156097806291,-0.1795839274512685,-4.570666533375087,1,0.9486831073447708,18.43494882292205,2.999998092943392,11.5,0.130526192220052,2,0.1028225806451612,0.1916167664670658,0.0356052756766675
0.949782154368402,0.0006044399240451,-0.2229161176135673,0.8428639727520864,0.2433810488196664,0.0024868345519984,6.1843460890133e-06,0.2433905774349667,0.182190698129816,-0.3194472793308769,0.0465540421243142,0.0005135841833288,0.2148769296396207,0.7164663758138232,0,0.9486831022025716,18.43494882292201,2.9999980415214527,11.75,0.0654031292301431,2,0.1028225806451612,0.1916167664670658,0.0356052756766675
0.9497975562697332,0.000602165646052,-0.3768107742864885,1.2126353735854811,0.2432807645190387,0.0024573884934468,6.0387582077250045e-06,0.2432900726573583,0.4199234608600128,0.5459011441979964,0.0465399455397893,0.0005112208694823,0.3803700572377528,1.142738520865585,1,0.9486831048479762,18.4349488229219,2.999998067975489,12.0,1.2246467991473532e-16,2,0.1028225806451612,0.1916167664670658,0.0356052756766675
0.9500438469431944,0.0008277677257521,-0.4085264546573541,-1.7080796922922232,0.2422265025631849,0.0035561377096125,1.2646115409728051e-05,0.2422460797010942,0.1561774860708326,-1.874332181032232,0.0463290638098776,0.0007080826181314,0.3723895285008454,-1.7466366190152414,0,0.9486831006210898,18.434948822922088,2.9999980257066405,12.25,-0.0654031292301428,2,0.1028225806451612,0.1916167664670658,0.0356052756766675
0.9503877346223748,0.000475879805457,-0.7156260316097102,1.6348509955141353,0.2407537999980776,0.0022124634149746,4.894994362601213e-06,0.2407614243588148,0.6173731478557234,1.7132156274436756,0.0460351332792441,0.0004119526953222,0.700460986182156,1.664344933725291,0,0.9486831024723332,18.43494882292182,2.9999980442190903,12.5,-0.1305261922200517,2,0.1028225806451612,0.1916167664670658,0.0356052756766675
0.9501629001752724,0.000606438293399,0.4937595375018517,-2.6191495393254236,0.2417502054494288,0.0028747198678035,8.264014318344193e-06,0.2417630241488114,-0.418461594733225,-2.917828452218817,0.0462283765092308,0.0005265665647386,-0.4837780025659838,-2.6593335828828053,1,0.9486831054423516,18.43494882292194,2.999998073919233,12.75,-0.1950903220161279,2,0.1028225806451612,0.1916167664670658,0.0356052756766675
0.9510195650027572,0.0015390922512494,1.2678593363825563,2.0206710631794884,0.2377290497743809,0.0072322743674077,5.2305792525463416e-05,0.2378115439818327,-1.2480703331430354,2.029045768966183,0.045483213261101,0.0013391103036077,-1.269819472158967,2.0320175618232916,0,0.9486830916407376,18.43494882292201,2.9999979359032114,13.0,-0.2588190451025208,2,0.1028225806451612,0.1916167664670658,0.0356052756766675
0.9509698115129982,0.0015472484105658,1.4356362797987343,2.5627818142163186,0.2378548292529395,0.0072497489782205,5.255886024720992e-05,0.237937678697867,-1.34135794496793,2.328690901549749,0.045523486720052,0.0013456345855958,-1.4263585749386514,2.537817209029985,0,0.9486831013163202,18.43494882292194,2.9999980326589544,13.25,-0.3214394653031615,2,0.1028225806451612,0.1916167664670658,0.0356052756766675
0.9510012069103482,0.0015331319242034,1.3705427981502265,2.5367890684828467,0.2375173809501054,0.0071145948090567,5.061745929705767e-05,0.2375972839656827,-1.165182536052639,2.264214438518134,0.0454910813021336,0.0013312596275254,-1.347360174711479,2.505855316108999,0,0.9486831019198726,18.43494882292194,2.9999980386944745,13.5,-0.3826834323650896,2,0.1028225806451612,0.1916167664670658,0.0356052756766675
0.951178514494708,0.0013449839726572,1.90817182425583,3.70419196302937,0.2362570637567681,0.0057845213512709,3.3460687263309706e-05,0.2363101684024961,-1.9864364037481888,3.9544868925129,0.0453258277335334,0.0011562244996254,-1.923500497497956,3.752065443832059,0,0.9486831026785608,18.43494882292186,2.9999980462813585,13.75,-0.4422886902190014,2,0.1028225806451612,0.1916167664670658,0.0356052756766675
0.9501369675957418,0.0007666923657812,-1.7258998970141937,3.065890048023036,0.2405923849050381,0.0029057629006907,8.443458035030843e-06,0.2406055449648226,1.9460711669427195,3.823816700171463,0.0462159145846295,0.0006446896331907,1.7602588808301136,3.1865582260556486,1,0.9486831072226888,18.434948822922006,2.9999980917225786,14.0,-0.4999999999999998,2,0.1028225806451612,0.1916167664670658,0.0356052756766675
0.9532048861476708,0.0019638119952057,-0.8402424735980853,-1.03759971316887,0.2235874529902278,0.0161654573034759,0.0002613220098305,0.224025312502916,0.5420972596664018,-2.8285714252297556,0.0519564836971071,0.0176540644096289,1.945977253728347,3.804683687738627,0,0.863778805627533,30.256437163529245,1.714285339035066,0.0,0.0,3,0.1891801075268817,0.1904761904761904,0.0343424629794269
0.9544081983226554,0.0011866405081563,-1.4007542411120646,2.205469724179091,0.2233117781042359,0.0160266861767649,0.0002568546698085,0.2237426898078032,0.6405693919376397,-2.2986105161012578,0.0590661732842055,0.0198139597605067,0.0406235950978769,-5.762485394847187,0,0.8637788000711352,30.256437163529295,1.7142853171496653,0.25,0.065403129230143,3,0.1891801075268817,0.1904761904761904,0.0343424629794269
0.9537256312356236,0.0017513965529113,-0.16639421533008,-4.26518791639203,0.2325457695705224,0.0174744231779592,0.0003053554654023,0.2330376612142279,-0.8953125830830017,-0.5314003396956508,0.0684720475597347,0.017956266565409,-1.8913086461234787,3.605847878487172,0,0.8637788073810576,30.25643716352922,1.7142853459418053,0.5,0.1305261922200515,3,0.1891801075268817,0.1904761904761904,0.0343424629794269
0.9528369058158166,0.0018298496652736,1.4839646252017098,2.0424134098882014,0.2428198825462986,0.0096962364320476,9.401700094616728e-05,0.2429650347488437,-1.482188938007517,2.035636962322984,0.0781295649048863,0.0028912877381059,-1.4869166723723397,2.053681389668709,0,0.8637788081219998,30.25643716352914,1.714285348860212,0.75,0.1950903220161282,3,0.1891801075268817,0.1904761904761904,0.0343424629794269
0.9539681924689764,0.0028497490539909,0.3153089446393384,-4.026581318442005,0.236836473161874,0.0150876214379346,0.0002276363206544,0.2371966320592366,-0.3134354779521419,-4.035738622143203,0.0763364860028961,0.0045092662966055,-0.3184369467523952,-4.01127621170637,0,0.8637787960227077,30.256437163529277,1.7142853012038226,1.0,0.2588190451025207,3,0.1891801075268817,0.1904761904761904,0.0343424629794269
0.9540819819283312,0.0029364162194639,0.1612371687837398,-4.896509135293524,0.2362351691778855,0.015546317647043,0.0002416879923827,0.2366185139645464,-0.160075366913613,-4.901851809084063,0.0761558662960468,0.0046464758685235,-0.1631781082333839,-4.8875647224135434,0,0.8637787990770185,30.256437163529323,1.7142853132340632,1.25,0.3214394653031616,3,0.1891801075268817,0.1904761904761904,0.0343424629794269
0.9543741333964764,0.0026792677223273,-0.0773172747071733,-3.3151289313524863,0.234684830991665,0.0141826925264612,0.0002011487673001,0.2350060243335486,0.080048751647396,-3.3131662024447,0.0756953649600632,0.0042406716366158,0.0727734120622229,-3.318289308259745,0,0.863778805170943,30.256437163529284,1.714285337236659,1.5,0.3826834323650898,3,0.1891801075268817,0.1904761904761904,0.0343424629794269
0.954981134014948,0.0019530205960444,0.2292316024569285,-3.0329061258461554,0.2314646269640976,0.0103281579034396,0.0001066708456783,0.2316373818490587,-0.2271189298878486,-3.0368929122207877,0.0747381279316953,0.0030962316598492,-0.232744145424308,-3.0262265192174613,0,0.8637788034839474,30.256437163529306,1.714285330591963,1.75,0.4422886902190012,3,0.1891801075268817,0.1904761904761904,0.0343424629794269
0.9539531335433424,0.001352559204624,1.5913447443469209,2.384710757428131,0.236900322526043,0.0071582100190225,5.123997067643479e-05,0.2369814186617792,-1.590283153087117,2.380281438930467,0.0763682109322306,0.002141558637448,-1.5931075503017578,2.392064841239799,0,0.8637788048277308,30.25643716352921,1.714285335884827,2.0,0.4999999999999999,3,0.1891801075268817,0.1904761904761904,0.0343424629794269
0.9536638235568736,0.0008112582727817,0.9735723697418012,-0.3589744075716652,0.2384298228033209,0.0042969008396461,1.846335682575148e-05,0.2384588600149746,-0.9725587834281096,-0.3633572238675899,0.0768270965439274,0.0012827830826474,-0.9752601159738092,-0.351670653145371,0,0.8637788015652617,30.256437163529252,1.7142853230346942,2.25,0.5555702330196022,3,0.1891801075268817,0.1904761904761904,0.0343424629794269
0.9531977462664296,0.0015502654379359,-0.9564454469769252,1.2101547100581715,0.240904216933463,0.0082219463154256,6.760040121374067e-05,0.2410094231295413,0.9593590954554002,1.215426071313587,0.0775612033319228,0.0024459466892926,0.9515765076328964,1.201375402062137,0,0.8637788086465144,30.256437163529213,1.7142853509261544,2.5,0.6087614290087207,3,0.1891801075268817,0.1904761904761904,0.0343424629794269
0.9525313458802918,0.0017566605634824,0.6760267098276784,-2.2262332897590102,0.2444400761745548,0.009316561516386,8.679831848860547e-05,0.2445731988159936,-0.6742620361785264,-2.2356434836869337,0.0786118492251068,0.0027715961161636,-0.678974428673077,-2.2105187968072304,0,0.8637788085510462,30.256437163529245,1.7142853505501257,2.75,0.6593458151000688,3,0.1891801075268817,0.1904761904761904,0.0343424629794269
0.9523486222835232,0.0017103154372695,1.3471416238475948,1.186501506752709,0.2454092337201314,0.0090696540377885,8.225862436517338e-05,0.2455348976487353,-1.345409731368445,1.1782419829756012,0.0789001079131641,0.0026990270377683,-1.3500275911673048,1.200258380085975,0,0.8637788062331907,30.25643716352931,1.7142853414206132,3.0,0.7071067811865475,3,0.1891801075268817,0.1904761904761904,0.0343424629794269
0.95115589163532,0.0009919378415897,0.2100659684583038,1.5102369496564163,0.2517387163695415,0.0052716748935976,2.7790556183787655e-05,0.2517801108835272,-0.2072560198328858,1.5095785867993072,0.0807800914089959,0.0015596540736123,-0.2147671060324465,1.511360981083433,1,0.8637788106050649,30.256437163529316,1.7142853586404398,3.25,0.7518398074789774,3,0.1891801075268817,0.1904761904761904,0.0343424629794269
0.9511351953495972,0.0009945066422991,0.3314548110636771,1.4691446306656122,0.2518487292476157,0.0052852621123511,2.7933995596254508e-05,0.2518903192271092,-0.3287159274835346,1.4680822286763693,0.0808126219526996,0.0015637251039482,-0.336036634336487,1.4709439841876666,0,0.8637788087946972,30.256437163529245,1.7142853515098122,3.5,0.7933533402912352,3,0.1891801075268817,0.1904761904761904,0.0343424629794269
0.9516810911951168,0.0014829725552925,-0.0767994038001443,-2.252627622015728,0.2489513675976577,0.0078768281178057,6.204442119745596e-05,0.2490448087084754,0.0789153915590984,-2.2517084158474354,0.0799524042684867,0.0023339340911654,0.0732611205996585,-2.254124295927136,0,0.863778804443206,30.25643716352922,1.7142853343702698,3.75,0.8314696123025451,3,0.1891801075268817,0.1904761904761904,0.0343424629794269
0.9511656542083888,0.0015059449631006,1.5452114695363508,2.3455865760274257,0.2516900901418418,0.0079978801093379,6.396608624334428e-05,0.2517853769389516,-1.5438419860310422,2.3406766111991946,0.0807631271976249,0.0023705668616212,-1.547496388888306,2.3537813409392,0,0.8637788099742718,30.25643716352931,1.7142853561558888,4.0,0.8660254037844386,3,0.1891801075268817,0.1904761904761904,0.0343424629794269
0.9517937588290256,0.0013620639615366,0.1152034545878985,-3.2034280723070783,0.2483521228399228,0.0072329560167323,5.231565273998474e-05,0.2484311044508115,-0.1137649493345365,-3.2048601330880793,0.0797754862127124,0.0021444691077772,-0.1176086064573548,-3.2010063560292696,0,0.8637788060714819,30.25643716352931,1.714285340783679,4.25,0.8968727415326884,3,0.1891801075268817,0.1904761904761904,0.0343424629794269
0.9510526142569756,0.002366022736596,-0.6396678878845818,-1.4729861735074063,0.2522993894702082,0.0125828595707233,0.0001583283549765,0.2525346079120071,0.6428384528995768,-1.462412784704373,0.0809366372643114,0.0037159360959755,0.6343567445351193,-1.490650125868827,1,0.8637788137891212,30.256437163529174,1.714285371181726,4.5,0.9238795325112868,3,0.1891801075268817,0.1904761904761904,0.0343424629794269
0.9500151377719124,0.0018972111385344,0.6817304624382049,0.1318818664388406,0.2578127459575398,0.0100939632800198,0.0001018880946983,0.2579609041098858,-0.678122418676957,0.125514603379381,0.0825680602225634,0.002977511596012,-0.6877728169608327,0.1425992392857225,1,0.863778811947306,30.25643716352922,1.7142853639272284,4.75,0.9469301294951056,3,0.1891801075268817,0.1904761904761904,0.0343424629794269
0.9495745029496956,0.0019978326591337,1.6857195568989571,2.957031714312162,0.2601597291841653,0.0106282532257637,0.0001129597666309,0.2603225009755214,-1.684301393119121,2.9525472690051053,0.0832583018953209,0.0031359490235898,-1.688088499948851,2.9645272499721855,1,0.863778812933939,30.256437163529174,1.7142853678133552,5.0,0.9659258262890684,3,0.1891801075268817,0.1904761904761904,0.0343424629794269
0.9486087907806664,0.0004634822076674,0.0701535572531488,1.4520962289761652,0.2652962819418065,0.0024713353450271,6.107498387580344e-06,0.265304914835621,-0.0688313526958537,1.4519911901736364,0.0847746157707923,0.0007247189874477,-0.0723789732410798,1.4523418520082103,1,0.8637788128581584,30.256437163529228,1.7142853675148708,5.25,0.9807852804032304,3,0.1891801075268817,0.1904761904761904,0.0343424629794269
0.9475025667413446,0.0026012782948366,-1.932522892138276,3.797551899257389,0.2712157814514639,0.0139123666656499,0.0001935539462394,0.2714832694071712,1.9329809031310252,3.798848108300202,0.0864940215289031,0.0040467606993788,1.93174447266415,3.7953508249082337,1,0.8637788202638157,30.256437163529228,1.7142853966840872,5.5,0.9914448613738104,3,0.1891801075268817,0.1904761904761904,0.0343424629794269
0.9465451148397804,0.00247936322192,-0.4035600767582122,-3.7140774033254704,0.2763298289876914,0.0132594965813746,0.0001758142495914,0.2765683190019407,0.4053468795778523,-3.7042091295899535,0.0879867912955511,0.0038575102862627,0.4005500507611359,-3.7307055756277183,1,0.8637788178586384,30.256437163529196,1.7142853872106365,5.75,0.9978589232386036,3,0.1891801075268817,0.1904761904761904,0.0343424629794269
0.9455874601602442,0.0021491999217136,1.3351424317704963,2.2380163890204283,0.2814488906132882,0.0114936597704735,0.0001321042149194,0.281624850090753,-1.3320245330328098,2.2315584277169087,0.0894779433153717,0.0033438980545708,-1.3403926822364525,2.248923470855271,1,0.86377881871327,30.256437163529174,1.7142853905768385,6.0,1.0,3,0.1891801075268817,0.1904761904761904,0.0343424629794269
0.9442848921956764,0.0009213852176036,0.313422718537447,-3.775035168886287,0.2884808399626822,0.0050204487934113,2.5204906087265576e-05,0.2885136022878973,-0.2818946808871239,-3.7430700401028463,0.0915063893869922,0.0014313767846549,-0.309682733357313,-3.765623971883315,1,0.8637788205507555,30.25643716352926,1.7142853978142771,6.25,0.9978589232386036,3,0.1891801075268817,0.1904761904761904,0.0343424629794269
0.9434831846244572,0.0021992300524734,-1.2735943746890108,1.223853435120077,0.2929354939971226,0.0120841116720331,0.0001460257549021,0.2931223685758454,1.273131169681904,1.2032011593098186,0.0927490908272746,0.0034086535822873,1.2685306582161588,1.2017577525492396,1,0.8637788243747363,30.256437163529228,1.7142854128760778,6.5,0.9914448613738104,3,0.1891801075268817,0.1904761904761904,0.0343424629794269
0.9420676521296134,0.0024081058225219,0.1803512108610291,-4.135442784174325,0.300923081687452,0.0135357144495895,0.0001832155656608,0.3011513120783593,-0.1419267741552561,-4.006128448601505,0.0949517171755746,0.0037413666288724,-0.1771991548708956,-4.106625447868604,1,0.8637788252741821,30.25643716352919,1.7142854164187935,6.75,0.9807852804032304,3,0.1891801075268817,0.1904761904761904,0.0343424629794269
0.9405272338390186,0.0020674982683505,1.2244534773583475,1.8831808631618203,0.3096385244910707,0.0117681481743097,0.0001384893114525,0.3098062020563752,-1.1566076005531252,1.5949393719055769,0.0973449152962515,0.003211358102679,-1.2189486705777337,1.8478547641512204,1,0.8637788265526738,30.256437163529306,1.71428542145448,7.0,0.9659258262890684,3,0.1891801075268817,0.1904761904761904,0.0343424629794269
0.9390937466216612,0.001204061632605,-0.1605798986914179,-2.0665213164971714,0.3177922057000366,0.0070553492058237,4.977795241611767e-05,0.3178509390705103,0.0466438259903373,-1.803134096772263,0.0995680968570478,0.0018703441349659,0.1373717982518202,-2.0246514164494744,1,0.8637788275727305,30.256437163529295,1.7142854254722542,7.25,0.9469301294951056,3,0.1891801075268817,0.1904761904761904,0.0343424629794269
0.9373342454084936,0.0027626069534281,-1.482196688243606,2.4311456402931935,0.3279380660028345,0.0156519353741552,0.0002449830809567,0.3282180867112533,1.4901061807352272,2.4448892402303546,0.1022795846600709,0.0042379994110131,1.477690922703423,2.417986989742964,1,0.8637788320350525,30.256437163529323,1.7142854430483354,7.5,0.9238795325112868,3,0.1891801075268817,0.1904761904761904,0.0343424629794269
0.9369688385298608,0.0024230504652416,-1.8615073870550436,3.5204924563988236,0.330109787198252,0.0136710112437844,0.0001868965484276,0.3303220307751132,1.8591474705003244,3.5348195038276025,0.1028485806156442,0.0037100675612584,1.859822486817467,3.5185076221978058,1,0.8637788269794046,30.256437163529316,1.7142854231352769,7.75,0.8968727415326884,3,0.1891801075268817,0.1904761904761904,0.0343424629794269
0.9368625206545887,0.0023361107497395,-1.9367865376020172,3.770431957401364,0.3310501961165764,0.0129249898378524,0.0001670553623085,0.3312393754832808,1.959498021094996,3.864183214783271,0.1030286328243293,0.0035634410601798,1.9414299894273304,3.789137030654569,1,0.8637788270824107,30.256437163529263,1.7142854235409966,8.0,0.8660254037844387,3,0.1891801075268817,0.1904761904761904,0.0343424629794269
0.9371186382746854,0.0025059556587588,-1.9426790988818377,3.8259664399703617,0.3300805120276764,0.013565524132275,0.0001840234449833,0.3302895124041775,1.9664851281949811,3.888934995191441,0.102656931995061,0.0038098262139626,1.9474328806273975,3.8387982572959096,1,0.8637788264854205,30.256437163529284,1.7142854211895853,8.25,0.8314696123025451,3,0.1891801075268817,0.1904761904761904,0.0343424629794269
0.9377285343544186,0.0012972926965502,-1.7839252829296728,3.407259458828939,0.32712927211485,0.0076922515678482,5.917073418306399e-05,0.3271970946158105,1.8961712238841584,3.6587704999589583,0.1017492089179008,0.0020093081835984,1.809368958911256,3.463876495574304,1,0.8637788296473068,30.25643716352921,1.7142854336435462,8.5,0.7933533402912352,3,0.1891801075268817,0.1904761904761904,0.0343424629794269
0.9369283986567832,0.0017828630256064,-0.086966371196763,-4.620192470686993,0.3320347269729129,0.0102869564357515,0.000105821472711,0.3321542202358851,0.1051784042861187,-4.8417710416444635,0.1029952932219095,0.0027473962083645,0.088974968586205,-4.665506221348702,1,0.863778830457822,30.25643716352923,1.7142854368359823,8.75,0.7518398074789774,3,0.1891801075268817,0.1904761904761904,0.0343424629794269
0.936929512183222,0.001783891784567,-0.0881629242607012,-4.628500530810529,0.3327818014349496,0.0096509413607261,9.31406691481748e-05,0.3328867418028993,-0.0946774610826708,-3.586516727327409,0.1030295269507351,0.0027162103679746,0.0632090323034569,-4.490638778124616,1,0.8637788271822785,30.25643716352919,1.7142854239343557,9.0,0.7071067811865476,3,0.1891801075268817,0.1904761904761904,0.0343424629794269
0.93732664891655,0.0023865250701036,0.5474780979568729,-2.059357364805802,0.3313137965952699,0.0119882229816032,0.0001437174902566,0.3314764243985734,-0.6001097430160992,-1.6138593758827628,0.1024530204244869,0.003599282831625,-0.5614436238431167,-1.9694133689508444,1,0.863778824733712,30.256437163529295,1.7142854142899997,9.25,0.659345815100069,3,0.1891801075268817,0.1904761904761904,0.0343424629794269
0.9386120804235654,0.0026701921371142,-0.9967636776541404,-0.1535309191563278,0.3248078646072503,0.013681803290241,0.0001871917412728,0.325023910992215,0.9152574888718412,-0.491975030217997,0.1005084748739994,0.0040428743753811,0.9771118287576672,-0.2349224951045556,1,0.8637788239302018,30.256437163529203,1.7142854111251569,9.5,0.6087614290087209,3,0.1891801075268817,0.1904761904761904,0.0343424629794269
0.9395177273832138,0.0013240481385932,0.0987451507127656,-4.200337549084104,0.3205003199406602,0.0072740355156132,5.291159268240288e-05,0.3205622229405332,-0.1600538621265974,-4.507217702990253,0.0991567820336776,0.0020355936822468,-0.1124617411529886,-4.257168645582141,1,0.8637788266687433,30.256437163529284,1.7142854219116526,9.75,0.5555702330196025,3,0.1891801075268817,0.1904761904761904,0.0343424629794269
0.9397971924541222,0.0010289859864473,0.0279494563863651,-2.547229177881265,0.3194734588188385,0.0061530767245014,3.786035317760116e-05,0.3195178964542583,-0.1759521236637045,-3.735279367660878,0.0987521898375298,0.0016057366702209,-0.0638345742010938,-2.783100450890027,1,0.8637788259844409,30.256437163529196,1.7142854192163424,10.0,0.4999999999999999,3,0.1891801075268817,0.1904761904761904,0.0343424629794269
0.9398512454318848,0.0010687961545692,-0.1472222738725365,-3.586490258703309,0.3198009404006393,0.0059517801463928,3.542368691099634e-05,0.3198424756756289,-0.4374963853926806,-2.3139172371633556,0.0986987543153095,0.0016439628384969,0.0575916220527116,-3.4845961933477145,1,0.863778824567164,30.256437163529213,1.7142854136340075,10.25,0.4422886902190017,3,0.1891801075268817,0.1904761904761904,0.0343424629794269
0.9405636803006736,0.0022970715785372,1.3783684210746183,1.697672359636984,0.3168476292504217,0.0112902960015395,0.0001274707838023,0.3169984593802678,-1.4828370809046645,2.0058745542507257,0.0976418878907551,0.0034832598105664,-1.4002471316087306,1.7630850084279928,1,0.8637788204205592,30.256437163529174,1.714285397301466,10.5,0.3826834323650899,3,0.1891801075268817,0.1904761904761904,0.0343424629794269
0.9415552071011906,0.0020368277340851,-0.0163445490971052,-2.886649587360699,0.312228705726827,0.0101693646468905,0.0001034159773214,0.3123528880334539,-0.0580834581179174,-2.712906939566336,0.0961530009672402,0.0030977470044187,0.0003177034298254,-2.861148163499326,1,0.8637788219935673,30.256437163529295,1.7142854034971862,10.75,0.3214394653031617,3,0.1891801075268817,0.1904761904761904,0.0343424629794269
0.942592811193908,0.001474090902356,-1.3776452349962016,1.6391311586035933,0.3070105704495217,0.0075145891991165,5.646905083147848e-05,0.3070795371819215,1.2862387532153432,1.202199214176252,0.0945737915683146,0.0022521346758268,1.3602459525652424,1.5599852388200066,1,0.8637788209112911,30.25643716352924,1.714285399234346,11.0,0.258819045102521,3,0.1891801075268817,0.1904761904761904,0.0343424629794269
0.9433879530855672,0.0005377926119242,-1.532316800222932,2.2435427804996895,0.3028103376006115,0.0030866055251361,9.527133667800927e-06,0.302822135762969,1.5709923297970363,2.225024198174781,0.0933517993399698,0.0008398689107385,1.546037726151814,2.2420209116292877,1,0.8637788205491858,30.25643716352926,1.714285397808094,11.25,0.1950903220161281,3,0.1891801075268817,0.1904761904761904,0.0343424629794269
0.9431086108110456,0.0005367760696446,0.1779056648735048,-4.797444329413695,0.304045324913207,0.0029624879961231,8.776335127174043e-06,0.3040561491779468,-0.0871860941433261,-2.9896207920591475,0.0937707472193699,0.000831219515832,-0.1795838159429862,-4.570920296382079,1,0.8637788218494123,30.25643716352924,1.7142854029293948,11.5,0.130526192220052,3,0.1891801075268817,0.1904761904761904,0.0343424629794269
0.943537260468148,0.0006781782582049,-0.2224369960730141,0.8304139291577233,0.301744350087413,0.00320476256965,1.0270503127829712e-05,0.3017571137305962,0.1912759240641565,-0.0548851534281631,0.0931080842486285,0.0010271683298996,0.2148769894252877,0.7163574381632021,1,0.8637788197179305,30.25643716352924,1.714285394533967,11.75,0.0654031292301431,3,0.1891801075268817,0.1904761904761904,0.0343424629794269
0.943554678622988,0.0006755719633817,-0.3775371784052869,1.20590682185097,0.3016244377683313,0.0031730266463157,1.0068098098229585e-05,0.3016369548524094,0.413527965599912,0.7040243206498129,0.0930798910795787,0.0010224417020369,0.3803701189451179,1.142627261499742,1,0.8637788208144714,30.25643716352922,1.714285398852996,12.0,1.2246467991473532e-16,3,0.1891801075268817,0.1904761904761904,0.0343424629794269
0.943831184113567,0.0009293415206979,-0.4050810250013397,-1.7117119658025537,0.3002754528642945,0.0045463194543339,2.066902058085556e-05,0.3003012643301583,0.2057513935621214,-1.856978319557376,0.0926581276197553,0.0014161652096028,0.3723895511717234,-1.746666250060752,1,0.863778819062394,30.256437163529252,1.714285391951956,12.25,-0.0654031292301428,3,0.1891801075268817,0.1904761904761904,0.0343424629794269
0.9442172661584484,0.0005348829437361,-0.7143327763527019,1.6384298685630352,0.298390674281154,0.0027867615308226,7.766039829673253e-06,0.2984004340275543,0.6370379403095302,1.723141541928788,0.0920702665584884,0.0008239053448229,0.7004611006056792,1.6640880509078233,1,0.8637788198297481,30.25643716352927,1.7142853949743908,12.5,-0.1305261922200517,3,0.1891801075268817,0.1904761904761904,0.0343424629794269
0.9439647223998116,0.0006818618476147,0.4925682281957079,-2.623949434850294,0.299657480427819,0.0036100244855511,1.3032276786279184e-05,0.2996737889504807,-0.4314210156114296,-2.8671173123638365,0.0924567530184617,0.0010531330936277,-0.4837779463808172,-2.6594306055475823,1,0.8637788210608446,30.25643716352923,1.714285399823404,12.75,-0.1950903220161279,3,0.1891801075268817,0.1904761904761904,0.0343424629794269
0.9449277715722136,0.0017302497908476,1.2675340405854862,2.0207553135576166,0.2946011666865799,0.0090921135550442,8.266652889782015e-05,0.2947063747355429,-1.2509333404404177,2.0262391896691874,0.0909664265222021,0.0026782205931208,-1.2698194688659847,2.0320153029291284,1,0.8637788153399668,30.25643716352929,1.714285377290153,13.0,-0.2588190451025208,3,0.1891801075268817,0.1904761904761904,0.0343424629794269
0.9448722358214784,0.0017393319627273,1.4342119377810645,2.559261289608852,0.2947834647750295,0.0091182038352586,8.31416411813257e-05,0.2948892119689289,-1.3579223868693562,2.370200199922637,0.091046973440104,0.0026912691571653,-1.42635857151766,2.5378149216601287,1,0.863778819350572,30.256437163529245,1.714285393087025,13.25,-0.3214394653031615,3,0.1891801075268817,0.1904761904761904,0.0343424629794269
0.9449082307601986,0.0017231743399946,1.3676325293676983,2.5326922561641716,0.294401521949051,0.008961916182059,8.031594165425237e-05,0.2945038082642686,-1.203450636390931,2.312532748899722,0.0909821626042672,0.0026625192408731,-1.347360171222486,2.505852947394825,1,0.8637788196007489,30.256437163529295,1.7142853940724136,13.5,-0.3826834323650896,3,0.1891801075268817,0.1904761904761904,0.0343424629794269
0.9451091388126214,0.0015099913698283,1.9097583699531613,3.7091227976738494,0.29291172729542,0.0073872018459761,5.4570751113193e-05,0.2929815831251517,-1.9769225761737956,3.9231249198145903,0.0906516554670669,0.0023124489829276,-1.923500492232321,3.752061349613261,1,0.8637788199152311,30.256437163529277,1.7142853953110886,13.75,-0.4422886902190014,3,0.1891801075268817,0.1904761904761904,0.0343424629794269
0.9439402822117008,0.0008592873296387,-1.729588727463506,3.078847897082859,0.298487563979362,0.0038064372708149,1.4488964696648994e-05,0.2985057663996712,1.9133493377294952,3.713983588337928,0.0924318291692593,0.0012893792371006,1.76025891091032,3.186514801802659,1,0.8637788217988085,30.25643716352923,1.7142854027300778,14.0,-0.4999999999999998,3,0.1891801075268817,0.1904761904761904,0.0343424629794269
0.9483191221120546,0.0026090979070502,-1.6120470967588838,2.93378577978061,0.2800436689897855,0.0220379777194538,0.0004856724619631,0.2806932683334815,0.7145689110906049,-1.927203799695965,0.0973867187182654,0.0223512929412008,1.867664137543443,3.5010695651039505,0,0.3162277583554689,71.56505117707799,0.3333333248207011,0.0,0.0,2,0.1263440860215053,0.1767955801104972,0.0200773754558526
0.9505188763498846,0.0019875061346475,1.4005235522939483,1.7058658179389177,0.2807064368784508,0.0223579973901298,0.000499880047297,0.2813734417823889,0.5399068763517921,-2.8634941216397785,0.1054394982007674,0.0249883197614826,0.0705044491177859,-5.585773154935387,0,0.3162277579086421,71.56505117707799,0.3333333243242268,0.25,0.065403129230143,2,0.1263440860215053,0.1767955801104972,0.0200773754558526
0.9506680266300954,0.0018425942115921,1.6089800561523968,2.4137923524057534,0.2933712037348521,0.0238459725712491,0.0005686304078687,0.2940971539929221,-1.0199056328399925,0.0076732768725378,0.1176026257639888,0.0230470998009904,-1.8189927646036357,3.3295462131302465,1,0.3162277584964813,71.565051177078,0.3333333249773815,0.5,0.1305261922200515,2,0.1263440860215053,0.1767955801104972,0.0200773754558526
0.950593110239086,0.0019174442490502,1.4839467942216846,2.042345367789874,0.3073489560097412,0.01233341280458,0.0001521130714081,0.3075344949169651,-1.4818732207502705,2.0344324335413724,0.1302159415081437,0.0048188128921733,-1.486916672063718,2.0536812219515426,1,0.3162277585560659,71.56505117707798,0.3333333250435866,0.75,0.1950903220161282,2,0.1263440860215053,0.1767955801104972,0.0200773754558526
0.9517785291680958,0.0029861402706275,0.3152901416249709,-4.0266732374027825,0.2997407009818682,0.0191882268507897,0.0003681880496773,0.3002009807818066,-0.3131045047827171,-4.037354746167098,0.1272274766714934,0.0075154438246826,-0.3184369466777053,-4.011276238672478,0,0.3162277575830806,71.565051177078,0.3333333239624918,1.0,0.2588190451025207,2,0.1263440860215053,0.1767955801104972,0.0200773754558526
0.9518977624181484,0.0030769550955466,0.1612255073273372,-4.896562779469184,0.2989762278822849,0.0197715551674494,0.0003909143937394,0.2994661427173753,-0.1598702396722155,-4.902793262181463,0.1269264438267447,0.0077441264446345,-0.1631781081570804,-4.887564746654505,0,0.3162277578286987,71.56505117707798,0.3333333242354009,1.25,0.3214394653031616,2,0.1263440860215053,0.1767955801104972,0.0200773754558526
0.9522039035958286,0.002807494923414,-0.0773446677753286,-3.3151093668586142,0.2970037218841597,0.0180368239363908,0.0003253270177123,0.297414199520343,0.0805326796090218,-3.312809137242551,0.1261589416001055,0.007067786057844,0.07277341215244,-3.318289341374827,0,0.3162277583187515,71.56505117707799,0.333333324779904,1.5,0.3826834323650898,2,0.1263440860215053,0.1767955801104972,0.0200773754558526
0.9528399686855152,0.002046470151393,0.229210447666349,-3.032946104223541,0.2929068415735869,0.0131325341740967,0.0001724634538338,0.2931275582932942,-0.2267456153704627,-3.037592822504797,0.1245635465528257,0.0051603860953911,-0.2327441451977558,-3.0262266335714187,0,0.3162277581830884,71.56505117707803,0.3333333246291671,1.75,0.4422886902190012,2,0.1263440860215053,0.1767955801104972,0.0200773754558526
0.95176278104079,0.0014172883004395,1.591334104582676,2.3846663453102863,0.2998183240108255,0.0091030876536661,8.286620483032938e-05,0.2999219516245551,-1.5900948892925246,2.379495910058891,0.1272803515537178,0.0035692643894445,-1.5931075495812563,2.39206430943446,0,0.3162277582911517,71.56505117707798,0.3333333247492375,2.0,0.4999999999999999,2,0.1263440860215053,0.1767955801104972,0.0200773754558526
0.9514596288477064,0.0008500892941057,0.9735621943415792,-0.3590185418693981,0.3017630212741449,0.0054651389783251,2.986774405240854e-05,0.3018001355475809,-0.972379036924433,-0.364134428099879,0.1280451609065456,0.0021379717938903,-0.9752601127467824,-0.3516747755549883,0,0.3162277580287947,71.56505117707799,0.3333333244577298,2.25,0.5555702330196022,2,0.1263440860215053,0.1767955801104972,0.0200773754558526
0.9509712312056148,0.0016244906908643,-0.9564747702796532,1.210207711259498,0.3049114587797038,0.0104597739275148,0.0001094068706147,0.3050459848090561,0.9598762506929992,1.216363544515671,0.1292686722198713,0.0040765778099686,0.951576508123842,1.2013750756538482,1,0.3162277585982456,71.56505117707798,0.333333325090453,2.5,0.6087614290087207,2,0.1263440860215053,0.1767955801104972,0.0200773754558526
0.950272921101613,0.0018407677899062,0.6760089511019207,-2.2263279696707503,0.3094100498736537,0.0118523148963348,0.0001404773684018,0.3095802593659956,-0.6739487022792318,-2.237314561050031,0.1310197487085114,0.004619326855401,-0.6789744283019362,-2.2105190038281908,1,0.3162277585905678,71.56505117707802,0.333333325081922,2.75,0.6593458151000688,2,0.1263440860215053,0.1767955801104972,0.0200773754558526
0.9500814487331438,0.001792201491011,1.347124204070577,1.186418432142073,0.3106430053138339,0.0115379533564707,0.000133124367656,0.3108036679740951,-1.3451016586768174,1.1767724420027577,0.1315001798552736,0.0044983783912775,-1.350027590837328,1.2002581745867875,0,0.3162277584041744,71.56505117707796,0.3333333248748183,3.0,0.7071067811865475,2,0.1263440860215053,0.1767955801104972,0.0200773754558526
0.9488316037992148,0.0010394524973846,0.210037595123707,1.510230268792382,0.3186960807807346,0.0067089670222952,4.501023850624496e-05,0.3187490385614975,-0.2067545451060982,1.5094620813896853,0.13463348568166,0.0025994234473592,-0.2147671040822771,1.5113589276929442,1,0.3162277587557454,71.565051177078,0.3333333252654527,3.25,0.7518398074789774,2,0.1263440860215053,0.1767955801104972,0.0200773754558526
0.9488099161004304,0.0010421442169211,0.3314271551313635,1.4691338243409326,0.318836093069078,0.0067262440147868,4.524235854645631e-05,0.3188893005612802,-0.3282271283900926,1.4678934364590113,0.1346877032544994,0.0026062084979415,-0.3360366324962665,1.470942011095188,1,0.3162277586101614,71.56505117707802,0.3333333251036928,3.5,0.7933533402912352,2,0.1263440860215053,0.1767955801104972,0.0200773754558526
0.9493819532265154,0.0015539993080975,-0.0768207504501747,-2.252618394403216,0.3151496466742585,0.0100233898646102,0.0001004683443779,0.3152691723863789,0.0792925147817473,-2.2515412792512635,0.1332540071141446,0.0038898901461554,0.0732611212007284,-2.2541246856274224,0,0.3162277582602291,71.565051177078,0.3333333247148791,3.75,0.8314696123025451,2,0.1263440860215053,0.1767955801104972,0.0200773754558526
0.9488418275262652,0.0015780700542758,1.5451976606730806,2.345537062364505,0.3186349347187471,0.0101772113838196,0.0001035756315509,0.3187568090988524,-1.543597507322147,2.339800316850935,0.1346052119960415,0.0039509447636704,-1.5474963884476551,2.353780984451076,1,0.3162277587050191,71.565051177078,0.3333333252090902,4.0,0.8660254037844386,2,0.1263440860215053,0.1767955801104972,0.0200773754558526
0.949500018671567,0.0014272965016964,0.1151889479366493,-3.203442518898708,0.314386914257947,0.0092036740485118,8.470761599125018e-05,0.3144879370796692,-0.1135087315125432,-3.2051128560986424,0.1329591436878542,0.0035741151733309,-0.1176086057305696,-3.201006898636786,0,0.3162277583911698,71.565051177078,0.3333333248603687,4.25,0.8968727415326884,2,0.1263440860215053,0.1767955801104972,0.0200773754558526
0.9487233558343758,0.0024793743231086,-0.639699943366077,-1.4728793256230972,0.3194123028444641,0.0160154666895795,0.000256495173285,0.3197132943566255,0.6434048303842413,-1.4605198392096348,0.1348943954405191,0.0061932268229903,0.6343567446951048,-1.4906501911525716,1,0.3162277590117962,71.56505117707803,0.3333333255499536,4.5,0.9238795325112868,2,0.1263440860215053,0.1767955801104972,0.0200773754558526
0.9476361840123364,0.0019881114532037,0.6816939607245978,0.131817367902391,0.3264287712996565,0.0128485769193488,0.0001650859288524,0.3266183662607502,-0.6774768717108707,0.1243791917769687,0.1376134337042723,0.0049625193221478,-0.6877728167064691,0.1425990876848555,1,0.3162277588636839,71.565051177078,0.3333333253853844,4.75,0.9469301294951056,2,0.1263440860215053,0.1767955801104972,0.0200773754558526
0.947174432009512,0.002093551905608,1.6857052165327728,2.956986354733914,0.3294168349124934,0.0135284312770252,0.0001830184528171,0.3296251127620234,-1.6840471528282104,2.95174362581621,0.1387638364922014,0.005226581701673,-1.6880884996958163,2.964527127189328,1,0.3162277589430256,71.565051177078,0.3333333254735419,5.0,0.9659258262890684,2,0.1263440860215053,0.1767955801104972,0.0200773754558526
0.946162452935762,0.0004856996416039,0.0701401213185371,1.452095476792202,0.3359548086996967,0.0031469894458771,9.903542572462248e-06,0.335965863065547,-0.0685942932313562,1.4519685949704255,0.1412910262846535,0.0012078649604246,-0.0723789534256302,1.452295573145161,1,0.3162277589369317,71.565051177078,0.3333333254667708,5.25,0.9807852804032304,2,0.1263440860215053,0.1767955801104972,0.0200773754558526
0.9450031590752516,0.0027260570278236,-1.932527572872382,3.797565142695099,0.3434975075834844,0.0177256357055067,0.0003141981611643,0.3438403500709857,1.9330631048532156,3.799080833155142,0.1441567025481716,0.0067446011622895,1.931744472782028,3.795350776303248,1,0.3162277595324698,71.56505117707802,0.3333333261284799,5.5,0.9914448613738104,2,0.1263440860215053,0.1767955801104972,0.0200773754558526
0.9439997932483084,0.0025982922239673,-0.4035783140369849,-3.713976668177496,0.3500117402923006,0.0168936252581863,0.000285394574364,0.3503173764933974,0.4056700923617268,-3.7024242604050297,0.1466446521592516,0.0064291838069308,0.4005500508685499,-3.7307056283378337,1,0.3162277593390536,71.565051177078,0.3333333259135729,5.75,0.9978589232386036,2,0.1263440860215053,0.1767955801104972,0.0200773754558526
0.9429962070596112,0.0022522915089421,1.335110610596094,2.237950416022665,0.356533262410078,0.0146437800179182,0.0002144402932131,0.3567587383998915,-1.3314603573753083,2.2303916925333205,0.1491299055256192,0.0055731634202377,-1.340392682016314,2.24892336082363,1,0.3162277594077802,71.565051177078,0.3333333259899358,6.0,1.0,2,0.1263440860215053,0.1767955801104972,0.0200773754558526
0.9416310642998484,0.0009657179956227,0.3132046971089532,-3.774875986734582,0.3654782599145002,0.0063802264792447,4.070728992645544e-05,0.3655200253578107,-0.2876316391794374,-3.75117445580196,0.1525106489783202,0.0023856279649671,-0.3096827302775209,-3.765627404538336,1,0.3162277595555446,71.56505117707802,0.3333333261541185,6.25,0.9978589232386036,2,0.1263440860215053,0.1767955801104972,0.0200773754558526
0.9407906522145418,0.0023052060807765,-1.2735997996232469,1.2237337545515476,0.3711257609068582,0.0153453752153528,0.0002354805404999,0.3713636234394373,1.2741824824831456,1.2105365772147731,0.1545818180454575,0.0056810892998398,1.2685306584075402,1.2017576521850142,1,0.3162277598630569,71.56505117707798,0.3333333264957989,6.5,0.9914448613738104,2,0.1263440860215053,0.1767955801104972,0.0200773754558526
0.9393066126933208,0.0025245741567313,0.1800779661484604,-4.134581998553918,0.3812222312207819,0.0171231787848496,0.0002932032516979,0.3815105398488008,-0.1485377474885765,-4.032369481432374,0.1582528619592909,0.0062356110444997,-0.1771991547073968,-4.106625527821052,1,0.3162277599353872,71.56505117707799,0.3333333265761658,6.75,0.9807852804032304,2,0.1263440860215053,0.1767955801104972,0.0200773754558526
0.9376916052221084,0.0021677064173588,1.2239393685938478,1.8810854937855392,0.3922378009420745,0.0148607894005721,0.0002208430616081,0.3924488817465012,-1.167598002348271,1.6453975416126436,0.1622415254937524,0.0053522635002443,-1.2189486703956711,1.8478546378636835,1,0.3162277600381993,71.56505117707799,0.3333333266904015,7.0,0.9659258262890684,2,0.1263440860215053,0.1767955801104972,0.0200773754558526
0.936188638973227,0.0012627117199687,-0.1597319859722595,-2.064616965711492,0.4025389128575123,0.0088725238534531,7.872167953009496e-05,0.4026122422681085,0.0676120812296436,-1.8511313183569396,0.1659468280950797,0.003117240217693,0.1373717994018931,-2.0246525896598566,1,0.3162277601202289,71.56505117707799,0.3333333267815455,7.25,0.9469301294951056,2,0.1263440860215053,0.1767955801104972,0.0200773754558526
0.934343635659106,0.002896471577533,-1.4822672995995003,2.431277059878171,0.4153472955830045,0.0198263599685095,0.0003930845496009,0.4157020439693737,1.4898139888264328,2.445392661666615,0.1704659744334516,0.0070633323484872,1.47769092278193,2.417986947599724,1,0.3162277604790741,71.56505117707799,0.3333333271802625,7.5,0.9238795325112868,2,0.1263440860215053,0.1767955801104972,0.0200773754558526
0.9339603846464524,0.0025403837949322,-1.8615052386363875,3.5206474146850617,0.4180721254210242,0.0173333835412603,0.0003004461849884,0.4183415311594016,1.860115394184454,3.533973089328377,0.1714143010260738,0.0061834459317734,1.8598224869674305,3.5185075423480328,1,0.3162277600725153,71.565051177078,0.3333333267285305,7.75,0.8968727415326884,2,0.1263440860215053,0.1767955801104972,0.0200773754558526
0.9338484419411524,0.0024488647540652,-1.937025359158429,3.771379632793753,0.4191862893320801,0.0164447237565267,0.0002704289394284,0.4194281426759158,1.956879888084328,3.852660315159394,0.1717143880405491,0.005939068429825,1.9414299896157896,3.789136935824736,1,0.3162277600807991,71.56505117707798,0.3333333267377347,8.0,0.8660254037844387,2,0.1263440860215053,0.1767955801104972,0.0200773754558526
0.934116292861113,0.002626486589608,-1.942923163762302,3.8266353797433688,0.4178508710302324,0.0173275714898759,0.0003002447337367,0.418120238652741,1.963674379362436,3.881975967506559,0.1710948866584352,0.0063497103530429,1.9474328807769112,3.8387981798236055,1,0.3162277600327909,71.56505117707799,0.3333333266843922,8.25,0.8314696123025451,2,0.1263440860215053,0.1767955801104972,0.0200773754558526
0.9347550393067712,0.0013605924912477,-1.785142385118506,3.409982597351412,0.4139952820936242,0.0096582868284963,9.328250446150584e-05,0.4140797694576786,1.883150253440608,3.629759122510734,0.1695820148631681,0.0033488469659123,1.809368959723033,3.463875603569843,1,0.3162277602870595,71.56505117707798,0.3333333269669129,8.5,0.7933533402912352,2,0.1263440860215053,0.1767955801104972,0.0200773754558526
0.933915611123402,0.0018695050431907,-0.0871348313820735,-4.6220230686961425,0.420124231699457,0.0129846150341746,0.0001686002275857,0.4202746961592466,0.102762456422823,-4.804675447722394,0.1716588220365159,0.0045789936756683,0.0889749689584181,-4.665506490741057,1,0.3162277603522385,71.56505117707798,0.333333327039334,8.75,0.7518398074789774,2,0.1263440860215053,0.1767955801104972,0.0200773754558526
0.9339157225384028,0.0018696079188214,-0.0872493621690529,-4.6228175739519415,0.4209004346411453,0.0123132435731175,0.0001516159672909,0.4210354947704194,-0.0524523657315656,-3.814193778046292,0.1717158782512252,0.0045270172749618,0.0632090326317725,-4.490639046673175,1,0.3162277600888301,71.56505117707798,0.333333326746658,9.0,0.7071067811865476,2,0.1263440860215053,0.1767955801104972,0.0200773754558526
0.934331001889867,0.0024999986809642,0.5478234035596429,-2.0563974221469294,0.4188683583408206,0.0155204127130314,0.0002408832107828,0.4190839582079227,-0.5886351248163352,-1.705083909878093,0.1707550340408115,0.0059988047156053,-0.56144362370822,-1.9694134488977433,1,0.3162277598919245,71.56505117707799,0.333333326527874,9.25,0.659345815100069,2,0.1263440860215053,0.1767955801104972,0.0200773754558526
0.9356776208655088,0.0027975293753275,-0.9962175632659476,-0.1558080062073603,0.4104603976484903,0.01764263656468,0.0003112626249533,0.4107446713062392,0.9323372403164358,-0.4213718482359354,0.167514124789999,0.0067381239556138,0.9771118288656968,-0.234922546935719,1,0.3162277598273088,71.56505117707799,0.3333333264560788,9.5,0.6087614290087209,2,0.1263440860215053,0.1767955801104972,0.0200773754558526
0.9366259960705894,0.0013878585806024,0.0992746035866557,-4.202969312463139,0.4048195257515898,0.0092500565197242,8.556354561809273e-05,0.4048987788187985,-0.150330347859853,-4.459989680295841,0.1652613033894628,0.0033926561304172,-0.1124617402570161,-4.2571695280906265,1,0.3162277600475331,71.565051177078,0.3333333267007723,9.75,0.5555702330196025,2,0.1263440860215053,0.1767955801104972,0.0200773754558526
0.9369182207506656,0.0010792375172755,0.0294594098872752,-2.557695669614713,0.4033952555744466,0.0077035210085406,5.934423592902639e-05,0.4034504187591314,-0.1568677717377143,-3.5561818954278994,0.1645869830625496,0.0026762277752583,-0.0638345719670454,-2.783102920586714,1,0.3162277599925037,71.565051177078,0.3333333266396287,10.0,0.4999999999999999,2,0.1263440860215053,0.1767955801104972,0.0200773754558526
0.9369740047243124,0.0011202739963304,-0.1435928274341514,-3.583099409654748,0.4036675929963283,0.0075299941675468,5.670081216329012e-05,0.4037202636041081,-0.3219444434547774,-2.6520457094275915,0.1644979238588491,0.0027399380559146,0.0575916238015797,-3.484598183520685,1,0.3162277598785313,71.56505117707799,0.3333333265129926,10.25,0.4422886902190017,2,0.1263440860215053,0.1767955801104972,0.0200773754558526
0.9377194280412444,0.0024059077100137,1.3790914789795603,1.6996795304580168,0.3996956789147006,0.014652213410646,0.0002146873578311,0.3998970508286545,-1.4622903181842826,1.9416884290395888,0.1627364798179252,0.0058054330137194,-1.4002471314245737,1.763084913334218,1,0.3162277595450747,71.565051177078,0.3333333261424853,10.5,0.3826834323650899,2,0.1263440860215053,0.1767955801104972,0.0200773754558526
0.9387575852117344,0.002133559402348,-0.0158681531040491,-2.885569194117439,0.393632897241071,0.013156538234332,0.0001730944983114,0.3937977636606534,-0.0422697215440187,-2.748859138562869,0.160255001612067,0.0051629116696568,0.0003177037076723,-2.8611483314504955,1,0.3162277596715712,71.56505117707799,0.333333326283037,10.75,0.3214394653031617,2,0.1263440860215053,0.1767955801104972,0.0200773754558526
0.9398445220648012,0.0015443086329025,-1.3770426925930832,1.636290856111069,0.386890538307186,0.0096799090873254,9.370063993888515e-05,0.3869813485319119,1.3047575882745313,1.291165324918369,0.1576229859471911,0.0037535577870297,1.3602459530497473,1.5599847458629077,1,0.3162277595845383,71.56505117707798,0.3333333261863337,11.0,0.258819045102521,2,0.1263440860215053,0.1767955801104972,0.0200773754558526
0.9406777483567738,0.0005638742076756,-1.5330212355343125,2.2436791922184227,0.3815159521093981,0.0038866408145672,1.5105976821459854e-05,0.3815307998006916,1.572209357887886,2.2339049465237046,0.155586332233283,0.0013997815017726,1.546037737612647,2.2419964215899277,1,0.3162277595554183,71.56505117707802,0.3333333261539781,11.25,0.1950903220161281,2,0.1263440860215053,0.1767955801104972,0.0200773754558526
0.9403853644330536,0.0005625974426108,0.17810235446464,-4.788619963564809,0.3831527144388204,0.0037500583071822,1.406293730726652e-05,0.3831664778980742,-0.1199251959048118,-3.3861314308627524,0.1562845786989498,0.0013853658434257,-0.1795838034521642,-4.570947684526599,1,0.3162277596599782,71.56505117707802,0.3333333262701558,11.5,0.130526192220052,2,0.1263440860215053,0.1767955801104972,0.0200773754558526
0.9408345938560488,0.0007101130608386,-0.2222614956346713,0.8258004944435129,0.3802190360541405,0.0041856623960892,1.7519769694035886e-05,0.3802363149479663,0.1986515482173891,0.1485797053212074,0.1551801404143808,0.0017119472033152,0.2148769950785153,0.7163464222066889,1,0.3162277594885715,71.56505117707802,0.333333326079704,11.75,0.0654031292301431,2,0.1263440860215053,0.1767955801104972,0.0200773754558526
0.940852885204331,0.0007073628423058,-0.37780572043517,1.2034108710646283,0.3800723424332939,0.0041502937480881,1.722493819541996e-05,0.3800893371121799,0.4078941295859619,0.8233292307235516,0.1551331517992977,0.0017040694901497,0.3803701257325878,1.142614921678204,1,0.3162277595767521,71.56505117707799,0.3333333261776824,12.0,1.2246467991473532e-16,2,0.1263440860215053,0.1767955801104972,0.0200773754558526
0.9411424758075764,0.0009733308216,-0.4038125408275654,-1.7130380920211028,0.37832139740604,0.0058979114234099,3.478535915838994e-05,0.3783558758029619,0.2463959394542849,-1.8370136997564348,0.1544302126995921,0.0023602753397761,0.3723895535742549,-1.7466694857888267,1,0.3162277594358563,71.56505117707796,0.3333333260211316,12.25,-0.0654031292301428,2,0.1263440860215053,0.1767955801104972,0.0200773754558526
0.9415468313081709,0.000560435674976,-0.7138568271143214,1.6397289176948622,0.3758743663818176,0.0035706309600498,1.2749405452866386e-05,0.3758870859141363,0.6532520099589251,1.7234831234440282,0.1534504442641474,0.0013731755582715,0.7004611138867495,1.664056898933172,1,0.316227759497564,71.56505117707799,0.3333333260896957,12.5,-0.1305261922200517,2,0.1263440860215053,0.1767955801104972,0.0200773754558526
0.9412822873630288,0.000714525662382,0.4921298061068496,-2.625715075637169,0.3775100475511966,0.0046130522915729,2.1280251444786443e-05,0.3775311857193906,-0.4424193713394792,-2.8238294385609795,0.154094588364103,0.0017552218098554,-0.4837779411380851,-2.6594413683158074,1,0.316227759596565,71.56505117707798,0.3333333261996967,12.75,-0.1950903220161279,2,0.1263440860215053,0.1767955801104972,0.0200773754558526
0.9422914069213988,0.0018130316396524,1.2674119438560305,2.02078107471951,0.3710428345472894,0.0116270047789046,0.0001351872401286,0.3711794384108344,-1.253086952423801,2.023291902732293,0.1516107108703371,0.0044637009834806,-1.2698194685166435,2.0320150471715728,1,0.3162277591365106,71.565051177078,0.3333333256885251,13.0,-0.2588190451025208,2,0.1263440860215053,0.1767955801104972,0.0200773754558526
0.9422333670743606,0.0018225148664138,1.4336857920416233,2.557961769674055,0.3713021972597892,0.0116650212314589,0.0001360727203303,0.3714395997065928,-1.3715941076107716,2.4045557695993818,0.1517449557335069,0.0044854485902459,-1.4263585711642708,2.5378146803867168,1,0.3162277594590303,71.56505117707798,0.3333333260468805,13.25,-0.3214394653031615,2,0.1263440860215053,0.1767955801104972,0.0200773754558526
0.9422713539190712,0.0018054735973855,1.3665580101995884,2.5311806440059073,0.3708595726014502,0.0114806906498146,0.0001318062577967,0.3709928264582438,-1.234806180705691,2.3528055916603012,0.151636937673779,0.0044375320630379,-1.3473601708762744,2.5058527054690067,1,0.3162277594791486,71.56505117707799,0.3333333260692341,13.5,-0.3826834323650896,2,0.1263440860215053,0.1767955801104972,0.0200773754558526
0.9424824827180972,0.0015814485552919,1.9103389452938604,3.710928451518946,0.3690567165168205,0.0095726774746231,9.163615403315766e-05,0.3691498166350627,-1.967117414196664,3.8911412469420874,0.1510860924451117,0.0038540816323595,-1.9235004917809184,3.7520609203000426,1,0.3162277595044385,71.56505117707798,0.333333326097334,13.75,-0.4422886902190014,2,0.1263440860215053,0.1767955801104972,0.0200773754558526
0.9412584933081474,0.0008993886144355,-1.7309454606286507,3.0836120062122205,0.3763237039232799,0.0050377373507603,2.537879761524599e-05,0.3763489926022741,1.8822651360641631,3.6083959516605546,0.1540530486154323,0.002148965384666,1.760258914149642,3.186510211911152,1,0.3162277596559091,71.565051177078,0.3333333262656346,14.0,-0.4999999999999998,2,0.1263440860215053,0.1767955801104972,0.0200773754558526
0.9457909851522176,0.0026619243074822,-1.7236738394431517,3.184073115284523,0.3212104542988621,0.0457020048197485,0.0020886732445443,0.3236397084479721,-1.347040452263289,2.5290606616315294,0.1323992247656778,0.0236887802905269,-1.646799976913371,3.097035159573526,1,0.9061830561116702,25.016893478099995,2.1428566737938333,0.0,0.0,2,0.1115591397849462,0.1702127659574468,0.0147135298999291
0.9480322751521658,0.0019665670040913,1.5288891731924907,2.292850313124756,0.2905679896918695,0.048694120065003,0.0023711173289049,0.2936121500044777,-0.0801703357907017,-5.49676595169122,0.1175569419829135,0.0259184083394165,-0.0354293075343206,-5.773477586317894,0,0.9061830512194032,25.016893478100084,2.142856646437078,0.25,0.065403129230143,2,0.1115591397849462,0.1702127659574468,0.0147135298999291
0.9481193343247236,0.0018799942015085,1.6756964148165696,2.71255486514967,0.2724678421889236,0.0398276566403765,0.0015862422334637,0.2746423250378296,1.7101712855036637,3.196626652247417,0.107355975060696,0.0215171980030393,1.8758729968563057,3.630442943881807,1,0.9061830576556033,25.01689347810006,2.142856682427249,0.5,0.1305261922200515,2,0.1115591397849462,0.1702127659574468,0.0147135298999291
0.9479709964284512,0.0020199636501856,1.483922896157463,2.042254161843875,0.2557347776066461,0.0102161455000773,0.0001043696288787,0.2558877755954331,-1.4821637654948416,2.0355408342639603,0.0976619561311078,0.0036141096706659,-1.4869166721642355,2.0536812807366296,1,0.906183058307984,25.01689347809995,2.1428566860752616,0.75,0.1950903220161282,2,0.1115591397849462,0.1702127659574468,0.0147135298999291
0.9492197644298874,0.0031457629457991,0.315264954859558,-4.026796354946908,0.2494307062518194,0.015896421986046,0.0002526962319584,0.2498103268386821,-0.3134090654275854,-4.035867687013086,0.09542060750362,0.0056365828694964,-0.3184369467058623,-4.011276227993614,0,0.9061830476548663,25.01689347810005,2.1428566265047766,1.0,0.2588190451025207,2,0.1115591397849462,0.1702127659574468,0.0147135298999291
0.9493453680429416,0.0032414318105428,0.1612098873611838,-4.896634622425685,0.2487971851686366,0.0163797051965375,0.0002682947423254,0.2492012447893867,-0.1600589899116399,-4.901927076198289,0.0951948328700584,0.0058080948344312,-0.1631781081880728,-4.887564737277664,0,0.9061830503441096,25.016893478100048,2.142856641542582,1.25,0.3214394653031616,2,0.1115591397849462,0.1702127659574468,0.0147135298999291
0.9496678838869278,0.0029575616409684,-0.077381367183396,-3.315083109868839,0.247163684934804,0.0149429479078769,0.0002232916921775,0.2475022341710941,0.0800873058344935,-3.3131382321364526,0.094619206200079,0.0053008395444296,0.0727734121248622,-3.3182893294593505,1,0.9061830557096542,25.01689347810004,2.142856671545824,1.5,0.3826834323650898,2,0.1115591397849462,0.1702127659574468,0.0147135298999291
0.9503379678011472,0.0021558299957111,0.2291821147805138,-3.032999632276514,0.2437707588560723,0.0108816421552153,0.0001184101359941,0.2439528447779609,-0.2270890867281009,-3.036949099960692,0.0934226599146193,0.0038702895729765,-0.2327441452725235,-3.0262265905632333,1,0.906183054224298,25.016893478099988,2.1428566632399604,1.75,0.4422886902190012,2,0.1115591397849462,0.1702127659574468,0.0147135298999291
0.9492032189977396,0.0014930410639793,1.591319849796365,2.384606889251799,0.2494977423094529,0.0075418987265347,5.688023640130575e-05,0.2495832197781213,-1.590268159767675,2.380218882865792,0.0954602636652884,0.0026769482941561,-1.5931075497713674,2.392064493848242,1,0.9061830554074646,25.016893478099966,2.1428566698560343,2.0,0.4999999999999999,2,0.1115591397849462,0.1702127659574468,0.0147135298999291
0.9488838681565164,0.0008955354311674,0.9735485603162564,-0.3590774877817235,0.2511092014353449,0.00452727110941,2.0496183698098455e-05,0.2511398080417939,-0.9725444858686004,-0.3634190383426166,0.0960338706799093,0.0016034788488782,-0.975260113706206,-0.3516733916767087,0,0.9061830525349432,25.016893478100087,2.1428566537933604,2.25,0.5555702330196022,2,0.1115591397849462,0.1702127659574468,0.0147135298999291
0.94836934435848,0.0017113670477115,-0.9565140711372396,1.2102787477723052,0.2537163413813135,0.0086629114897537,7.50460354793083e-05,0.2538272373298965,0.9594001207399429,1.2155003876206028,0.0969515041649034,0.0030574333592915,0.9515765079767354,1.2013751902929857,1,0.906183058769806,25.0168934781,2.1428566886576905,2.5,0.6087614290087207,2,0.1115591397849462,0.1702127659574468,0.0147135298999291
0.9476336848669584,0.0019392104149694,0.6759851491771548,-2.2264548833826368,0.2574418613779149,0.0098162336026828,9.635844214244e-05,0.257582182655034,-0.6742371860494805,-2.2357760067287646,0.0982648115313835,0.0034644951431531,-0.678974428455992,-2.2105189181903953,1,0.9061830586857492,25.016893478099945,2.1428566881876625,2.75,0.6593458151000688,2,0.1115591397849462,0.1702127659574468,0.0147135298999291
0.9474319725282998,0.0018880437097453,1.3471008540506213,1.1863070904475332,0.2584629984873002,0.0095560672938892,9.131842212533986e-05,0.2585954570436979,-1.3453853236028994,1.1781255662660932,0.0986251348914551,0.0033737837951036,-1.3500275909201391,1.200258243855755,1,0.906183056644937,25.01689347809995,2.1428566767757773,3.0,0.7071067811865475,2,0.1115591397849462,0.1702127659574468,0.0147135298999291
0.946115276426284,0.0010950720309037,0.209999542331937,1.5102212744253247,0.265132003985068,0.0055545702241627,3.085325037515542e-05,0.2651756389167722,-0.207216517342402,1.5095694430287594,0.100975114261245,0.0019495675883679,-0.2147671047293274,1.5113597223304591,1,0.9061830604942596,25.0168934781001,2.142856698300546,3.25,0.7518398074789774,2,0.1115591397849462,0.1702127659574468,0.0147135298999291
0.9460924281898948,0.001097907598182,0.3313900644887462,1.4691194046049922,0.2652479208391418,0.0055688856184574,3.101248703146255e-05,0.2652917617921071,-0.3286774204204919,1.468067224921663,0.1010157774408747,0.0019546563762973,-0.336036633252642,1.4709428335001142,1,0.9061830589002776,25.01689347809998,2.1428566893872674,3.5,0.7933533402912352,2,0.1115591397849462,0.1702127659574468,0.0147135298999291
0.946695063438326,0.001637138923367,-0.0768493745495284,-2.2526060052522414,0.2621951337704629,0.008299458420463,6.888101007299426e-05,0.2622936311282921,0.0789451541885339,-2.25169538574157,0.0999405053356084,0.0029174176115198,0.0732611209065183,-2.254124528069008,1,0.9061830550689,25.01689347809999,2.142856667962836,3.75,0.8314696123025451,2,0.1115591397849462,0.1702127659574468,0.0147135298999291
0.9461260380540576,0.0016624947500203,1.5451791423593004,2.34547065963023,0.265080816558837,0.0084269911160196,7.101417926947379e-05,0.2651812586551899,-1.5438227095574824,2.340607508209155,0.1009539089970312,0.002963208574627,-1.5474963886193938,2.353781132730436,1,0.9061830599388632,25.016893478099977,2.142856695194869,4.0,0.8660254037844386,2,0.1115591397849462,0.1702127659574468,0.0147135298999291
0.9468194477109876,0.0015036527823025,0.1151694970130073,-3.2034619324318054,0.2615637246148289,0.0076210147613663,5.807986599296402e-05,0.2616469796001391,-0.1137447123556377,-3.2048802048979628,0.0997193577658907,0.0026805863820696,-0.1176086059415289,-3.20100671281849,1,0.9061830565025564,25.0168934781,2.142856675979605,4.25,0.8968727415326884,2,0.1115591397849462,0.1702127659574468,0.0147135298999291
0.9460012030490502,0.002612066089499,-0.6397429415565985,-1.472735982888686,0.2657229394639031,0.0132582241490047,0.0001757805075852,0.2659708930278366,0.6428829927827615,-1.462264127194295,0.1011707965803893,0.0046449201184385,0.6343567446169116,-1.49065016389304,1,0.90618306329774,25.016893478099973,2.1428567139771544,4.5,0.9238795325112868,2,0.1115591397849462,0.1702127659574468,0.0147135298999291
0.9448558592309104,0.0020945238248773,0.6816449902298294,0.131730853004429,0.2715321557393427,0.0106358042242283,0.0001131203314961,0.2716883358723292,-0.6780717412592164,0.125425321325757,0.1032100752782043,0.0037218894931036,-0.6877728167682932,0.1425991399678761,1,0.9061830616760684,25.01689347810005,2.142856704909029,4.75,0.9469301294951056,2,0.1115591397849462,0.1702127659574468,0.0147135298999291
0.9443693848738216,0.0022056049310589,1.685685975256058,2.9569255053785035,0.2740051630784783,0.0111987589928954,0.0001254122029809,0.2741767469095402,-1.684281457400466,2.9524842375725484,0.1040728773691511,0.0039199362776722,-1.6880884997955312,2.9645271755141245,1,0.9061830625447737,25.01689347809998,2.1428567097666904,5.0,0.9659258262890684,2,0.1115591397849462,0.1702127659574468,0.0147135298999291
0.9433032443418632,0.0005117116611165,0.0701220894840231,1.452095825871389,0.2794174230775634,0.002604075988836,6.781211755632303e-06,0.2794265238450381,-0.0688128237960115,1.451989332566212,0.1059682697134902,0.0009058987264543,-0.0723789614012296,1.4523135056350949,1,0.906183062478051,25.016893478100005,2.142856709393587,5.25,0.9807852804032304,2,0.1115591397849462,0.1702127659574468,0.0147135298999291
0.9420818041944798,0.0028721721702652,-1.9325338585485925,3.7975829258973306,0.2856551813239517,0.014660250358253,0.0002149229405666,0.285937186848167,1.9329872880495391,3.798866185100749,0.1081175269111287,0.0050584508728163,1.9317444727502353,3.7953507945242215,1,0.9061830689985432,25.01689347810003,2.142856745855104,5.5,0.9914448613738104,2,0.1115591397849462,0.1702127659574468,0.0147135298999291
0.9410246774178732,0.0027375568630718,-0.4036028175869016,-3.713841327620816,0.2910440452534681,0.0139722718614606,0.0001952243809705,0.2912954763864855,0.4053718520271912,-3.7040712256672936,0.1099834891194387,0.0048218878563516,0.400550050844611,-3.730705614335285,1,0.9061830668808456,25.016893478100027,2.142856734013289,5.75,0.9978589232386036,2,0.1115591397849462,0.1702127659574468,0.0147135298999291
0.9399673073506896,0.002373010612337,1.3350678548999324,2.2378617807134926,0.2964382506371322,0.0121115089555406,0.0001466886491801,0.296623756512669,-1.3319809514959295,2.231468254577125,0.1118474291442143,0.0041798725665093,-1.3403926821125152,2.248923406272475,1,0.9061830676333272,25.016893478100005,2.142856738221042,6.0,1.0,2,0.1115591397849462,0.1702127659574468,0.0147135298999291
0.938528888682818,0.0010176385457214,0.312971263764378,-3.774714598405483,0.3038453379897263,0.0052867676966382,2.7949912678217357e-05,0.3038798312698599,-0.2832821671815134,-3.7449599318189617,0.1143829867337401,0.0017892209768364,-0.3096827315337318,-3.765625965477499,1,0.9061830692511864,25.016893478100023,2.1428567472678455,6.25,0.9978589232386036,2,0.1115591397849462,0.1702127659574468,0.0147135298999291
0.9376431398529038,0.0024293347491822,-1.273613407108552,1.2236361432327048,0.3085332228365168,0.0127221230138103,0.0001618524139785,0.3087298801612348,1.2733030752799503,1.204646388747884,0.1159363635340931,0.0042608169761867,1.2685306583105078,1.201757692748984,1,0.9061830726181044,25.016893478099956,2.1428567660951,6.5,0.9914448613738104,2,0.1115591397849462,0.1702127659574468,0.0147135298999291
0.9360788571362892,0.0026609985807255,0.1797830762944195,-4.133681155859362,0.3169332942661158,0.0142372007669113,0.0002026978856773,0.3171730386218683,-0.1435451637425381,-4.012255294349329,0.1186896464694683,0.0046767082845661,-0.1771991547612069,-4.106625499903631,1,0.9061830734100432,25.016893478099952,2.142856770523492,6.75,0.9807852804032304,2,0.1115591397849462,0.1702127659574468,0.0147135298999291
0.9343764768600704,0.0022850934569283,1.2233844450335676,1.8788421605711587,0.3260983449942188,0.0123724153079121,0.0001530766605514,0.326274329519472,-1.1592896776505397,1.6070659950242288,0.1216811441203143,0.0040141976265717,-1.2189486704846824,1.847854685831953,1,0.9061830745357222,25.016893478100094,2.1428567768180957,7.0,0.9659258262890684,2,0.1115591397849462,0.1702127659574468,0.0147135298999291
0.9327921170075172,0.0013314271456504,-0.158838500413327,-2.0625920148462153,0.3346714398426258,0.0074098423296609,5.490576335043501e-05,0.3347329562036698,0.0515146732632713,-1.8144815397355405,0.1244601210713098,0.0023379301656549,0.1373717991615133,-2.0246521848348547,1,0.9061830754338565,25.01689347810003,2.1428567818403192,7.25,0.9469301294951056,2,0.1115591397849462,0.1702127659574468,0.0147135298999291
0.9308469218771188,0.0030533419681445,-1.4823515998068806,2.431441327475243,0.3453359016259601,0.0164646600144321,0.0002710850293908,0.3456301473017895,1.4899485590242194,2.4447699424362064,0.1278494808250887,0.0052974992624186,1.477690922773416,2.4179869571254837,1,0.9061830793628172,25.01689347810006,2.1428568038104205,7.5,0.9238795325112868,2,0.1115591397849462,0.1702127659574468,0.0147135298999291
0.9304427642629194,0.0026778868013298,-1.8615051729366527,3.5208194707784948,0.3476155225398318,0.0143837818135726,0.0002068931792604,0.3478386427570755,1.8593610105828635,3.534571918776148,0.1285607257695553,0.0046375844500333,1.8598224868915731,3.5185075749877193,1,0.9061830749114486,25.01689347810002,2.1428567789191004,7.75,0.8968727415326884,2,0.1115591397849462,0.1702127659574468,0.0147135298999291
0.9303242311472858,0.0025810026928834,-1.93727852899101,3.7723845780264966,0.3485898123350677,0.0136098829255397,0.0001852289132468,0.3487890178155437,1.9589299388842312,3.86165312454267,0.1287857910304117,0.0044543013236216,1.9414299895771072,3.7891369619568,1,0.906183075002142,25.016893478100062,2.142856779426241,8.0,0.8660254037844387,2,0.1115591397849462,0.1702127659574468,0.0147135298999291
0.9306058299994044,0.0027677367440079,-1.943182047469498,3.827344783988796,0.347548822983914,0.0142976560936929,0.0002044229697735,0.3477693223745201,1.9658747166132893,3.887443853267776,0.1283211649938263,0.0047622827659539,1.9474328806905468,3.838798218815281,1,0.9061830744765076,25.016893478100023,2.142856776486983,8.25,0.8314696123025451,2,0.1115591397849462,0.1702127659574468,0.0147135298999291
0.931278389574302,0.0014347670367806,-1.786428312146206,3.4128604835341605,0.3444217435943487,0.0080751015069576,6.520726434766992e-05,0.3444927327373261,1.8933498726152505,3.65248580855593,0.127186511147376,0.0025116352266556,1.8093689593847515,3.4638758781978787,1,0.906183077260468,25.016893478099952,2.1428567920544346,8.5,0.7933533402912352,2,0.1115591397849462,0.1702127659574468,0.0147135298999291
0.9303929172515872,0.0019710331722611,-0.0873157420966552,-4.623955644381919,0.3495654549331977,0.0108123573260084,0.0001169070709452,0.3496908457278531,0.1046065719205039,-4.83324412574221,0.1287441165273868,0.0034342452583763,0.0889749689303588,-4.665506423339469,1,0.9061830779741056,25.016893478100027,2.142856796044975,8.75,0.7518398074789774,2,0.1115591397849462,0.1702127659574468,0.0147135298999291
0.9303918546537008,0.0019700526012994,-0.0862762757746384,-4.616751627727718,0.350318208093466,0.0101690994717105,0.0001034105840655,0.3504288870225525,-0.0844515839123573,-3.641494236789434,0.1287869086884189,0.003395262957865,0.0632090324041408,-4.490638935645746,1,0.9061830750900736,25.016893478099934,2.1428567799179463,9.0,0.7071067811865476,2,0.1115591397849462,0.1702127659574468,0.0147135298999291
0.9308283897736128,0.0026329615397365,0.5481814621773146,-2.053283725921686,0.3487401276926438,0.012676523749877,0.0001606942543811,0.3489128793178409,-0.5974673469418994,-1.635301271609512,0.1280662755306086,0.0044991035379443,-0.5614436237769973,-1.969413414895131,1,0.9061830729341728,25.01689347810011,2.1428567678624937,9.25,0.659345815100069,2,0.1115591397849462,0.1702127659574468,0.0147135298999291
0.932246701231331,0.0029467336045048,-0.9956479159424004,-0.1581838126830455,0.3418633356283322,0.0144538150365038,0.0002089127691094,0.3420924214649611,0.9192157055278484,-0.4756172228602136,0.1256355935924991,0.005053592967814,0.9771118288372924,-0.2349225312927139,1,0.9061830722267024,25.0168934781,2.142856763906442,9.5,0.6087614290087209,2,0.1115591397849462,0.1702127659574468,0.0147135298999291
0.9332451464272932,0.0014626180822204,0.0998321269079615,-4.205758470852249,0.3372961178610392,0.007659597711174,5.8669437097023e-05,0.3373613392224273,-0.1578561929719122,-4.496358315536849,0.1239459775420971,0.0025444921000043,-0.1124617405764742,-4.257169218459829,1,0.9061830746379193,25.016893478099966,2.1428567773895724,9.75,0.5555702330196025,2,0.1115591397849462,0.1702127659574468,0.0147135298999291
0.9335523211132544,0.0011381111211648,0.0310492201556148,-2.5687685903505955,0.3361917523118974,0.0064555142914374,4.1673664766953065e-05,0.3362382333571216,-0.1717840445186726,-3.6944755104344775,0.1234402372969122,0.0020071708342214,-0.0638345727653737,-2.7831020272303935,1,0.9061830740354077,25.016893478100005,2.142856774020424,10.0,0.4999999999999999,2,0.1115591397849462,0.1702127659574468,0.0147135298999291
0.9336101330949842,0.0011805861257724,-0.1397325578033119,-3.579395341488473,0.3365084661908563,0.0062591610966167,3.9177097633400565e-05,0.3365521217305671,-0.4101549890123665,-2.3969080749534513,0.1233734428941368,0.002054953544649,0.057591623248313,-3.4845975328018763,1,0.9061830727875316,25.016893478100016,2.1428567670425056,10.25,0.4422886902190017,2,0.1115591397849462,0.1702127659574468,0.0147135298999291
0.9343941973612444,0.0025334023673289,1.3798513747111247,1.7017845327087553,0.3333559708014668,0.0119471451586731,0.0001427342774424,0.3335164973087073,-1.478040902330125,1.9908109893699064,0.1220523598634439,0.0043540747615695,-1.4002471314632845,1.763084938839148,1,0.906183069136552,25.01689347809992,2.1428567466268342,10.5,0.3826834323650899,2,0.1115591397849462,0.1702127659574468,0.0147135298999291
0.9354869819462532,0.0022468728108222,-0.0153691796166878,-2.8844202545256383,0.3284550712620826,0.0107531049992301,0.0001156292671244,0.3285870596784389,-0.0543659840720756,-2.721579103343279,0.1201912512090502,0.0038721837536814,0.0003177036167902,-2.861148267263097,1,0.9061830705215456,25.01689347810005,2.1428567543714827,10.75,0.3214394653031617,2,0.1115591397849462,0.1702127659574468,0.0147135298999291
0.936631708920218,0.0016265598563271,-1.3764076512487466,1.6332921716809563,0.3229391085696746,0.0079378807032605,6.300995005919614e-05,0.3230122680430564,1.2906155605245715,1.223320505431369,0.1182172394603932,0.0028151683422507,1.3602459528190274,1.5599849576251223,1,0.9061830695686286,25.016893478100023,2.14285674904293,11.0,0.258819045102521,2,0.1115591397849462,0.1702127659574468,0.0147135298999291
0.9375095461325692,0.0005944232991317,-1.5337623230342503,2.243827386117836,0.3185092868411252,0.0032430607166093,1.051744281161462e-05,0.3185216694137931,1.5715618827944742,2.2272319762876904,0.1166897491749622,0.0010498361316333,1.546037734090205,2.2420060912694932,1,0.9061830692498044,25.01689347810003,2.1428567472601157,11.25,0.1950903220161281,2,0.1115591397849462,0.1702127659574468,0.0147135298999291
0.937201886853175,0.0005928426105964,0.1782957204578205,-4.7791802827394925,0.3198228877633153,0.0031162950850419,9.711295057056317e-06,0.3198342742867903,-0.0955002841833321,-3.0848578174951555,0.1172134340242123,0.001039024387929,-0.1795838082794711,-4.57093666532127,1,0.9061830703946208,25.01689347810001,2.1428567536617424,11.5,0.130526192220052,2,0.1115591397849462,0.1702127659574468,0.0147135298999291
0.9376752203998356,0.0007475169995206,-0.2220796504780379,0.8208859492530411,0.317398095978252,0.0033966363745236,1.1537138660737096e-05,0.3174117266022382,0.1930160389466214,-0.004891637361295,0.1163851053107856,0.0012839604068229,0.2148769935822823,0.7163503014919304,1,0.9061830685179058,25.016893478099956,2.1428567431674637,11.75,0.0654031292301431,2,0.1115591397849462,0.1702127659574468,0.0147135298999291
0.9376945344737908,0.0007445981475323,-0.3780955396075777,1.2007519308985728,0.3172729426629725,0.0033642222347327,1.131799124467003e-05,0.3172863196538013,0.4121649603888666,0.7335083742475117,0.1163498638494734,0.0012780521219688,0.3803701224866514,1.1426197326385577,1,0.9061830694833812,25.0168934781,2.142856748566243,12.0,1.2246467991473532e-16,2,0.1115591397849462,0.1702127659574468,0.0147135298999291
0.9379994502026529,0.0010248525996664,-0.4024689374051653,-1.7144336199876309,0.3158452510977493,0.0048108250262629,2.3144037433318175e-05,0.3158727285934543,0.2154846485826472,-1.8526999239288937,0.1158226595246941,0.0017702065079772,0.372389552827802,-1.7466684296729191,1,0.9061830679407222,25.01689347810001,2.1428567399399454,12.25,-0.0654031292301428,2,0.1115591397849462,0.1702127659574468,0.0147135298999291
0.9384252085673156,0.0005903631011034,-0.7133546869790477,1.6411002329463038,0.3138504415045536,0.0029401967912965,8.644757171550743e-06,0.3138607704070081,0.640898781012644,1.7238674411074086,0.1150878331981105,0.0010298816741088,0.7004611076762586,1.664070315539048,1,0.906183068616358,25.016893478100037,2.1428567437179877,12.5,-0.1305261922200517,2,0.1115591397849462,0.1702127659574468,0.0147135298999291
0.9381466097137452,0.0007527816586319,0.4916627178308237,-2.62759561693972,0.315189453481989,0.0038063908048628,1.448861095934416e-05,0.3152066909894098,-0.4340473625231666,-2.8568029356488864,0.1155709412730771,0.0013164163616206,-0.4837779429789521,-2.659437407864134,1,0.906183069700307,25.016893478099973,2.142856749779257,12.75,-0.1950903220161279,2,0.1115591397849462,0.1702127659574468,0.0147135298999291
0.9392096816627944,0.0019099760082611,1.2672747016580856,2.0207923436586164,0.3098566403779511,0.0095888993139576,9.194699005321754e-05,0.3099678980617987,-1.2515259700251602,2.025703821499789,0.1137080331527527,0.0033477757392728,-1.269819468615598,2.032015134299675,1,0.90618306466322,25.016893478100062,2.142856721612689,13.0,-0.2588190451025208,2,0.1115591397849462,0.1702127659574468,0.0147135298999291
0.9391487091277938,0.0019199288162233,1.4331207871485354,2.5565692606382626,0.3100540331162943,0.0096173177423389,9.249280055710673e-05,0.3101658798967043,-1.3612540009588063,2.37853547519117,0.11380871680013,0.0033640864443387,-1.42635857133036,2.5378147957790205,1,0.9061830681944556,25.0168934781,2.1428567413587816,13.25,-0.3214394653031615,2,0.1115591397849462,0.1702127659574468,0.0147135298999291
0.9391890288204332,0.0019018528946256,1.3654093758984138,2.5295634723422538,0.3096602077429956,0.0094554803084126,8.940610786277988e-05,0.3097684600477122,-1.211054183796687,2.3222542325250863,0.1137277032553341,0.0033281490489506,-1.347360170987405,2.505852793473931,1,0.90618306841473,25.01689347810004,2.1428567425905176,13.5,-0.3826834323650896,2,0.1115591397849462,0.1702127659574468,0.0147135298999291
0.9394121283851796,0.0016651289284438,1.9109524953278856,3.7128373437376574,0.3081091359251883,0.0078155243952398,6.108242157258883e-05,0.3081834704469797,-1.9747347909570516,3.915961130155931,0.1133145693338336,0.0028905612261947,-1.9235004919895755,3.7520610951008178,1,0.9061830686916236,25.016893478100048,2.1428567441388595,13.75,-0.4422886902190014,2,0.1115591397849462,0.1702127659574468,0.0147135298999291
0.9381235718214812,0.0009463573715221,-1.732386279908406,3.0886702156771584,0.3140163023564777,0.004047259275846,1.6380307645922107e-05,0.3140358632009536,1.9061953590620704,3.6897796900274216,0.115539786461574,0.0016117240419537,1.7602589130212316,3.1865117383097648,1,0.9061830703500652,25.016893478100023,2.142856753412594,14.0,-0.4999999999999998,2,0.1115591397849462,0.1702127659574468,0.0147135298999291
0.9434595712392162,0.0034964671200334,-0.7101205076971672,1.678795537829787,0.2743924124352494,0.0246781376339683,0.000609010477081,0.2752234616813139,-0.4955427849789314,1.5811283461807442,0.1152071497218832,0.0151679572820386,1.5745713631437748,2.2563162949617457,1,0.9028604593456532,25.46334506187158,2.09999967822255,0.0,0.0,2,0.1058467741935483,0.1684210526315789,0.0158733360170307
0.9463367487883292,0.0030993371687919,0.7412724441032591,-1.6718741623333653,0.2557759232209197,0.0246140661167518,0.0006058522507998,0.2566626425633706,-0.2761879811184151,-4.321277224632793,0.119106524383316,0.0166525261354203,0.1723987193641717,-4.983888140744176,0,0.902860455876756,25.46334506187159,2.0999996594558183,0.25,0.065403129230143,2,0.1058467741935483,0.1684210526315789,0.0158733360170307
0.9469871005132832,0.0025678347911748,0.5261041109507721,0.8849289780614793,0.2481273940378756,0.01977368818283,0.0003909987443517,0.2487176164454177,0.9688243856556972,1.7616180544537556,0.1276618128495055,0.0160428749189799,-1.6015459577094957,2.462550651441701,1,0.90286046044039,25.463345061871618,2.0999996841450748,0.5,0.1305261922200515,2,0.1058467741935483,0.1684210526315789,0.0158733360170307
0.9473941858988896,0.0020425177599784,1.4839178975228184,2.0422350936050027,0.2416757409890159,0.0096374768952488,9.288096090645502e-05,0.2418198182599363,-1.482278542038168,2.035978696365474,0.1367267385835508,0.0050597535365236,-1.486916672033164,2.0536812093336927,1,0.9028604609029648,25.463345061871664,2.0999996866476,0.75,0.1950903220161282,2,0.1058467741935483,0.1684210526315789,0.0158733360170307
0.948656890514883,0.0031808795909047,0.3152596868592336,-4.026822106525714,0.2357280331812956,0.0149968361981429,0.0002249050959539,0.2360855447702936,-0.3135293471633571,-4.035280381038618,0.133588850505068,0.0078912160157511,-0.318436946671761,-4.011276239633734,0,0.9028604533492944,25.463345061871618,2.0999996457822525,1.0,0.2588190451025207,2,0.1058467741935483,0.1684210526315789,0.0158733360170307
0.9487838955855956,0.0032776163328262,0.1612066203261633,-4.896649650081612,0.2351302903570404,0.0154527801720024,0.0002387884150442,0.2355108166404851,-0.1601335347085222,-4.9015849656829324,0.1332727660180818,0.0081313327667054,-0.1631781081564208,-4.887564747216288,0,0.902860455256122,25.463345061871618,2.099999656098188,1.25,0.3214394653031616,2,0.1058467741935483,0.1684210526315789,0.0158733360170307
0.9491100138476776,0.002990575978508,-0.0773890433536199,-3.3150776168588205,0.2335894600569127,0.0140974693731628,0.0001987386427272,0.2339082936360409,0.0799114420864559,-3.3132680269145247,0.1324668886801106,0.0074211753605602,0.0727734121574895,-3.31828934259244,1,0.9028604590606004,25.46334506187164,2.0999996766804125,1.5,0.3826834323650898,2,0.1058467741935483,0.1684210526315789,0.0158733360170307
0.9497875818787632,0.0021798888376801,0.2291761886208878,-3.0330108250157313,0.2303889587391141,0.0102666044873958,0.0001054031677006,0.2305604577646991,-0.2272246598498195,-3.036694932759225,0.1307917238804671,0.0054184053999198,-0.2327441451767262,-3.026226638179173,1,0.902860458007398,25.46334506187159,2.099999670982591,1.75,0.4422886902190012,2,0.1058467741935483,0.1684210526315789,0.0158733360170307
0.9486401697959232,0.001509706488401,1.5913168682031629,2.3845944422903997,0.2357922925562304,0.0071152768081265,5.062716405626354e-05,0.2358727953833677,-1.590336569989083,2.3805043325504247,0.1336443691314037,0.0037477276085681,-1.593107549509729,2.3920642900742894,1,0.9028604588463304,25.463345061871657,2.0999996755212105,2.0,0.4999999999999999,2,0.1058467741935483,0.1684210526315789,0.0158733360170307
0.94831725530349,0.0009055334968523,0.9735457084323876,-0.3590898400530182,0.2373127005089413,0.0042709572539036,1.824107586467188e-05,0.2373415231891458,-0.9726098321120392,-0.3631365026415345,0.1344474189518729,0.0022448703830027,-0.975260112498876,-0.3516748726298679,1,0.9028604568095492,25.46334506187158,2.09999966450223,2.25,0.5555702330196022,2,0.1058467741935483,0.1684210526315789,0.0158733360170307
0.9477969837564592,0.0017304797658378,-0.9565222912707636,1.2102936279946324,0.2397718643230189,0.0081717594517041,6.677765253651651e-05,0.2398762809456938,0.9592119542784102,1.215159352135096,0.1357321058308649,0.0042804067001617,0.951576508145408,1.2013750772325036,1,0.9028604612304236,25.463345061871618,2.0999996884191545,2.5,0.6087614290087207,2,0.1058467741935483,0.1684210526315789,0.0158733360170307
0.947053107422615,0.001960867701273,0.6759801707344615,-2.2264814312124894,0.2432860626309604,0.009259693900559,8.574193113205121e-05,0.2434181889646365,-0.674351193364237,-2.2351680038889423,0.1375707361439369,0.0048502931979017,-0.6789744283052074,-2.2105189987876113,1,0.9028604611708226,25.463345061871575,2.0999996880967156,2.75,0.6593458151000688,2,0.1058467741935483,0.1684210526315789,0.0158733360170307
0.9468491422994856,0.0019091289007345,1.3470959700731733,1.1862838162129457,0.2442493011067225,0.0090143494364743,8.125849576286541e-05,0.244374026776463,-1.3454974130605004,1.178660214590877,0.1380751888480373,0.0047232973105646,-1.350027590791809,1.200258157983157,1,0.9028604597237696,25.463345061871618,2.0999996802681578,3.0,0.7071067811865475,2,0.1058467741935483,0.1684210526315789,0.0158733360170307
0.9455177389741788,0.0011073083583167,0.2099915831266637,1.5102194646431857,0.2505399588870508,0.0052389485451667,2.744658185890495e-05,0.2505810366638269,-0.2073992344093032,1.5096118829992091,0.1413651599657431,0.0027293946192478,-0.2147671039948232,1.5113589047984597,1,0.9028604624531608,25.463345061871607,2.099999695034162,3.25,0.7518398074789774,2,0.1058467741935483,0.1684210526315789,0.0158733360170307
0.9454946354187326,0.0011101755716877,0.3313823065154042,1.469116473844318,0.2506492876841963,0.0052524546938262,2.75882803106973e-05,0.2506905595087834,-0.328855515239264,1.4681360730734276,0.1414220884172245,0.0027365189223604,-0.3360366323936765,1.4709419554690228,1,0.9028604613229352,25.463345061871603,2.0999996889196444,3.5,0.7933533402912352,2,0.1058467741935483,0.1684210526315789,0.0158733360170307
0.9461040022419462,0.0016554296501153,-0.0768553616904157,-2.252603415805643,0.2477697201542795,0.007828154189,6.127999800675828e-05,0.2478624502094537,0.0788077994399912,-2.251756253637586,0.1399167074698518,0.004084384653143,0.0732611211363624,-2.254124693965453,1,0.9028604586062694,25.463345061871593,2.0999996742224845,3.75,0.8314696123025451,2,0.1058467741935483,0.1684210526315789,0.0158733360170307
0.945528618915944,0.0016810681873931,1.5451752689218723,2.345456776823058,0.2504914701769394,0.0079485069437584,6.317876263497603e-05,0.2505860345338095,-1.5439117499053734,2.3409266598255396,0.1413354725958437,0.0041484920015386,-1.5474963883790207,2.3537809736055095,1,0.9028604620593528,25.463345061871568,2.0999996929036624,4.0,0.8660254037844386,2,0.1058467741935483,0.1684210526315789,0.0158733360170307
0.946229776663636,0.0015204511619693,0.1151654286338679,-3.20346598461032,0.2471742193695216,0.0071883451627433,5.1672306178735986e-05,0.2472526015041405,-0.1138380165084384,-3.2047881652848176,0.139607100872247,0.0037528209316491,-0.1176086056197254,-3.201006931517588,1,0.9028604596228138,25.463345061871586,2.0999996797219898,4.25,0.8968727415326884,2,0.1058467741935483,0.1684210526315789,0.0158733360170307
0.9454023839140916,0.0026412584147528,-0.6397519352967058,-1.4727059995664025,0.251096552212949,0.0125043068357337,0.0001563576894421,0.251329956034514,0.6426765398402512,-1.4629541341047894,0.1416391152125451,0.0065028881639387,0.6343567446920552,-1.4906501920804145,1,0.9028604644409884,25.463345061871596,2.099999705788309,4.5,0.9238795325112868,2,0.1058467741935483,0.1684210526315789,0.0158733360170307
0.9442442422278357,0.0021179346886668,0.6816347471638696,0.1317127523043542,0.2565756980305677,0.0100307302779388,0.0001006155499087,0.2567227112709421,-0.6783071217380613,0.1258393915994613,0.1444941053894861,0.0052106452880039,-0.6877728166500827,0.1425990764492599,1,0.9028604632911308,25.463345061871557,2.099999699567583,4.75,0.9469301294951056,2,0.1058467741935483,0.1684210526315789,0.0158733360170307
0.9437523289000735,0.0022302567381973,1.685681950502797,2.956912776299145,0.2589078458067817,0.0105617271894758,0.0001115500812249,0.259069363648475,-1.6843741567065944,2.952777271709227,0.1457020283168116,0.005487910786518,-1.6880884996779426,2.9645271193314606,1,0.9028604639070924,25.46334506187159,2.0999997028999315,5.0,0.9659258262890684,2,0.1058467741935483,0.1684210526315789,0.0158733360170307
0.9426742727859504,0.0005174343810698,0.070118316207508,1.4520950347911654,0.2640122945742695,0.0024555780734494,6.0298636748058525e-06,0.2640208591837505,-0.0688993659663137,1.4519943718188235,0.1483555775988863,0.0012682582074122,-0.0723789543377639,1.4522944684547952,1,0.902860463859782,25.463345061871603,2.099999702643983,5.25,0.9807852804032304,2,0.1058467741935483,0.1684210526315789,0.0158733360170307
0.9414391601146,0.0029043182474242,-1.9325351732562943,3.7975866450431894,0.269892966112453,0.0138214866726208,0.0001910334938414,0.2701582652397621,1.9329572168475777,3.798781055514436,0.1513645376755804,0.0070818312202189,1.9317444727783208,3.7953507788501857,1,0.9028604684831856,25.463345061871543,2.099999727656594,5.5,0.9914448613738104,2,0.1058467741935483,0.1684210526315789,0.0158733360170307
0.940370205705666,0.0027681957880723,-0.4036079431320327,-3.7138130156651794,0.2749739522673947,0.0131729252624492,0.00017352595997,0.2752104992465365,0.4052535975218652,-3.704724271870148,0.1539768847672143,0.0067506429970831,0.400550050899565,-3.730705637038543,1,0.902860466981616,25.46334506187163,2.099999719533099,5.75,0.9978589232386036,2,0.1058467741935483,0.1684210526315789,0.0158733360170307
0.9393010029317505,0.0023995694245884,1.3350589114050568,2.237843236435232,0.2800597173347617,0.0114186249379558,0.0001303849954737,0.2802342484783592,-1.332187366977968,2.231895205838896,0.1565864008019002,0.0058518215910253,-1.3403926819932095,2.2489233566576026,1,0.902860467515168,25.46334506187163,2.0999997224196165,6.0,1.0,2,0.1058467741935483,0.1684210526315789,0.0158733360170307
0.93784646317471,0.0010290614259528,0.3129230138281708,-3.774681094078843,0.2870459798694246,0.0049874890265627,2.487504679008412e-05,0.2870784750626378,-0.2817479055411424,-3.74268559188614,0.1601361814272362,0.0025049093626909,-0.3096827300060957,-3.7656276227268055,1,0.9028604686623236,25.463345061871603,2.099999728625728,6.25,0.9978589232386036,2,0.1058467741935483,0.1684210526315789,0.0158733360170307
0.9369507398500936,0.0024566440924652,-1.2736163152491764,1.2236163560865858,0.2914711118274471,0.0120039382496846,0.0001440945335022,0.2916564416056222,1.272974772625173,1.2025074475387143,0.1623109089477303,0.0059651437646114,1.2685306583666052,1.2017576555628615,1,0.9028604710496608,25.46334506187162,2.0999997415412204,6.5,0.9914448613738104,2,0.1058467741935483,0.1684210526315789,0.0158733360170307
0.9353688029402104,0.0026910131838192,0.1797221029058111,-4.133495173618153,0.2994067277534064,0.0134470383306903,0.000180822839867,0.2996331185865499,-0.1417949983957218,-4.00511330124635,0.1661655050572554,0.0065473915965237,-0.1771991547204432,-4.106625525813442,1,0.902860471611191,25.463345061871618,2.099999744579098,6.75,0.9807852804032304,2,0.1058467741935483,0.1684210526315789,0.0158733360170307
0.933647199824604,0.0023109197818872,1.2232697678795568,1.878378663830171,0.3080650564018756,0.0116910101396943,0.0001366797180864,0.3082313883504639,-1.1564100340852177,1.5936502460841098,0.17035360176844,0.0056198766750221,-1.2189486703688133,1.8478546265217588,1,0.9028604724093628,25.463345061871607,2.099999748897207,7.0,0.9659258262890684,2,0.1058467741935483,0.1684210526315789,0.0158733360170307
0.9320449325263418,0.0013465453730812,-0.1586541450601059,-2.0621738363685065,0.3161648872344687,0.0070091913093382,4.912876281090315e-05,0.3162231529981498,0.0458804958705381,-1.8016050534879753,0.1742441694998336,0.0032731022281748,0.1373717993719985,-2.024652522105514,1,0.9028604730461912,25.463345061871625,2.0999997523424465,7.25,0.9469301294951056,2,0.1058467741935483,0.1684210526315789,0.0158733360170307
0.9300776937932868,0.0030878557427654,-1.4823691166766153,2.4314755421911176,0.3262418260614438,0.0155433251729305,0.0002415949574314,0.32651941028058,1.489971939722094,2.4444891653988723,0.178989273155124,0.0074164989657335,1.477690922807207,2.4179869412348403,1,0.9028604758320494,25.46334506187163,2.0999997674139386,7.5,0.9238795325112868,2,0.1058467741935483,0.1684210526315789,0.0158733360170307
0.9296689364758094,0.0027081395380863,-1.8615051626843335,3.520855001925561,0.3283994827410437,0.0135753453706938,0.0001842900019336,0.3286098564651311,1.859075206994352,3.534716882720282,0.1799850160773774,0.0064926182281586,1.8598224869657125,3.5185075438841587,1,0.9028604726757736,25.46334506187162,2.0999997503384895,7.75,0.8968727415326884,2,0.1058467741935483,0.1684210526315789,0.0158733360170307
0.9295489533878508,0.0026100750770448,-1.937330656243088,3.7725915524856894,0.3293354505163505,0.0128329632723597,0.0001646849463497,0.3295229167699398,1.9595626165769369,3.864486033415457,0.1803001074425764,0.0062360218511045,1.941429989664097,3.7891369187512143,1,0.9028604727400809,25.46334506187165,2.099999750686389,8.0,0.8660254037844387,2,0.1058467741935483,0.1684210526315789,0.0158733360170307
0.9298335769619372,0.0027988139328988,-1.943235368009057,3.8274908529752096,0.32837512986596,0.0134672961637512,0.0001813680659621,0.3285821844895985,1.96655568772338,3.8890963592485086,0.1796496309913569,0.006667195870497,1.947432880802372,3.838798178748412,1,0.902860472367376,25.463345061871603,2.099999748670059,8.25,0.8314696123025451,2,0.1058467741935483,0.1684210526315789,0.0158733360170307
0.930513575977596,0.0014510865497548,-1.7866929074635611,3.4134526874753135,0.3254477689905733,0.0076414700025487,5.839206379985211e-05,0.3255150447963815,1.896534315424788,3.65956209122907,0.1780611156063264,0.0035162893138327,1.80936895974653,3.4638755827895977,1,0.902860474341363,25.463345061871618,2.099999759349326,8.5,0.7933533402912352,2,0.1058467741935483,0.1684210526315789,0.0158733360170307
0.9296179732866684,0.001993370800597,-0.0873530523231236,-4.62435407854913,0.3303214709729329,0.0102170945947815,0.0001043890219587,0.3304399581651559,0.1052161611590739,-4.8430669105093,0.1802417631383416,0.0048079433591772,0.0889749689747168,-4.665506495060665,1,0.9028604748473732,25.46334506187162,2.099999762086841,8.75,0.7518398074789774,2,0.1058467741935483,0.1684210526315789,0.0158733360170307
0.92961665239291,0.0019921520228266,-0.0860745252171614,-4.615494977303841,0.3310677991964101,0.0095820668754459,9.181600560551792e-05,0.3311717827185121,-0.0962013422837562,-3.5786988828490713,0.1803016721637864,0.0047533681384321,0.0632090325961001,-4.490639032975714,1,0.9028604728024288,25.463345061871607,2.0999997510236934,9.0,0.7071067811865476,2,0.1058467741935483,0.1684210526315789,0.0158733360170307
0.930057864029954,0.0026622151639658,0.5482553276158448,-2.052640786793315,0.3296140809353631,0.0118973245898344,0.0001415463323958,0.3297750780458702,-0.6006508724522766,-1.610284990804935,0.1792927857428521,0.0062987449511759,-0.5614436236750238,-1.9694134622189647,1,0.9028604712737724,25.46334506187161,2.0999997427536634,9.25,0.659345815100069,2,0.1058467741935483,0.1684210526315789,0.0158733360170307
0.9314919487433744,0.002979560501484,-0.9955303686385152,-0.1586740564613933,0.3231567961068946,0.0135801316411412,0.0001844199753907,0.3233707312847205,0.9145142360909057,-0.4950327567986914,0.1758898310294989,0.007075030153208,0.9771118288742762,-0.2349225504375169,1,0.9028604707721348,25.46334506187161,2.099999740039805,9.5,0.6087614290087209,2,0.1058467741935483,0.1684210526315789,0.0158733360170307
0.9325014100487958,0.0014790660631086,0.099947024463469,-4.206333627989059,0.3188838114037171,0.007224004844182,5.218624598876512e-05,0.3189451753199157,-0.1603930292644929,-4.508593582963229,0.173524368558936,0.003562288936568,-0.1124617402063563,-4.257169533206115,1,0.902860472481826,25.46334506187158,2.0999997492892337,9.75,0.5555702330196025,2,0.1058467741935483,0.1684210526315789,0.0158733360170307
0.9328118739225572,0.0011510640928083,0.0313764311559191,-2.571051215197823,0.3178670885721935,0.0061139316589758,3.7380160330627075e-05,0.3179111843229323,-0.176559879094831,-3.74074510339274,0.1728163322156772,0.0028100391635522,-0.0638345718533937,-2.78310290458106,1,0.9028604720546104,25.463345061871603,2.0999997469779976,10.0,0.4999999999999999,2,0.1058467741935483,0.1684210526315789,0.0158733360170307
0.9328701320895249,0.0011938558135945,-0.1389338261051291,-3.5786172811900023,0.3181959567542452,0.0059120284159119,3.4952079990550594e-05,0.3182371457808488,-0.4413079892925933,-2.3022945690758547,0.1727228200517916,0.0028769349582523,0.0575916236336755,-3.4845982118519654,1,0.9028604711697948,25.46334506187161,2.0999997421911454,10.25,0.4422886902190017,2,0.1058467741935483,0.1684210526315789,0.0158733360170307
0.9336626977116124,0.0025614524808345,1.3800082333866042,1.7022191887223297,0.3152678211552744,0.0112064610992897,0.0001255847703698,0.3154171644564866,-1.483617091178281,2.008419030797981,0.1708733038088215,0.0060957046641892,-1.4002471314196407,1.7630849053037512,1,0.9028604685810406,25.463345061871628,2.0999997281859857,10.5,0.3826834323650899,2,0.1058467741935483,0.1684210526315789,0.0158733360170307
0.9347675009086972,0.0022718028751879,-0.0152661470317854,-2.884182709893208,0.3106851400917885,0.010094981769989,0.0001019086569364,0.3108081204964816,-0.0587243290331105,-2.7116983902455676,0.1682677516926703,0.0054210572528967,0.000317703709334,-2.861148321673621,1,0.902860469563081,25.46334506187162,2.0999997334988243,10.75,0.3214394653031617,2,0.1058467741935483,0.1684210526315789,0.0158733360170307
0.9359249422834238,0.0016446558974293,-1.3762764924504556,1.6326726737537651,0.3055050261586713,0.0074609246420221,5.566539651393295e-05,0.3055733464417254,1.285557860676404,1.1989968381101423,0.1655041352445506,0.0039412356760474,1.3602459531506608,1.5599846998975924,1,0.9028604688874082,25.463345061871618,2.0999997298434354,11.0,0.258819045102521,2,0.1058467741935483,0.1684210526315789,0.0158733360170307
0.9368125943096416,0.0006011443915661,-1.5339144149220587,2.2438568952025975,0.3013338972396773,0.0030669753192121,9.40633760865625e-06,0.3013456028862172,1.57088284390789,2.2246312262046377,0.1633656488449471,0.0014697705759663,1.5460377384163304,2.2419946872710153,1,0.9028604686613436,25.46334506187161,2.0999997286204257,11.25,0.1950903220161281,2,0.1058467741935483,0.1684210526315789,0.0158733360170307
0.9365015743270702,0.0005994969369762,0.1783337799555364,-4.777220451442407,0.3025590273244791,0.0029431925555034,8.662382418770903e-06,0.302569763529583,-0.0860732519366459,-2.9768401160307487,0.1640988076338972,0.0014546341346927,-0.1795838027428186,-4.570947369227294,1,0.902860469473084,25.463345061871607,2.099999733011941,11.5,0.130526192220052,2,0.1058467741935483,0.1684210526315789,0.0158733360170307
0.936980210972464,0.0007557461921199,-0.2220420875498223,0.8198675561985436,0.3002735471412654,0.0031807655220527,1.0117269306279323e-05,0.3002861819411215,0.1909526797515358,-0.0616443556894399,0.1629391474350999,0.0017975445627493,0.2148769964198334,0.7163449556824233,1,0.9028604681423852,25.46334506187158,2.0999997258128635,11.75,0.0654031292301431,2,0.1058467741935483,0.1684210526315789,0.0158733360170307
0.9369997500541272,0.0007527902283001,-0.3781554522655546,1.2002018762134696,0.30015429064254,0.0031491100617084,9.916894180753524e-06,0.3001666801324904,0.4136129473838236,0.6999880955448798,0.1628898093892627,0.0017892729639221,0.3803701249794464,1.1426157906971532,1,0.9028604688269632,25.463345061871607,2.0999997295164277,12.0,1.2246467991473532e-16,2,0.1058467741935483,0.1684210526315789,0.0158733360170307
0.9373080374213691,0.0010361878054131,-0.402191257240532,-1.7147210765769303,0.2988150809824966,0.0045133152273543,2.0370014341468524e-05,0.2988406433759153,0.2043790480061934,-1.857628098834697,0.1621517233345717,0.0024782891062345,0.3723895536593158,-1.7466695461929689,1,0.902860467733129,25.463345061871618,2.0999997235987857,12.25,-0.0654031292301428,2,0.1058467741935483,0.1684210526315789,0.0158733360170307
0.9377385045863692,0.0005969473705315,-0.713250897497727,1.6413835958666958,0.2969440702219345,0.0027676836832602,7.66007297058492e-06,0.2969537436953708,0.6364561910062638,1.722963278822515,0.1611229664773547,0.0014418343352734,0.7004611150740965,1.6640560600802914,1,0.9028604682121936,25.46334506187164,2.099999726190523,12.5,-0.1305261922200517,2,0.1058467741935483,0.1684210526315789,0.0158733360170307
0.937456813545794,0.000761198262968,0.4915662375677844,-2.6279844006589936,0.2982018714165796,0.003585587932541,1.2856440821983976e-05,0.2982180384332337,-0.4311105418441536,-2.8683400302809954,0.1617993177823081,0.0018429828996349,-0.4837779394293883,-2.6594427558722256,1,0.9028604689807758,25.463345061871586,2.0999997303485554,12.75,-0.1950903220161279,2,0.1058467741935483,0.1684210526315789,0.0158733360170307
0.9385317553505672,0.0019313043588769,1.267246254038625,2.020794451283246,0.2931795111854551,0.0090311343642138,8.156138790448367e-05,0.2932838161574376,-1.2509942648867791,2.0265879185457916,0.1591912464138538,0.0046868860323743,-1.2698194684572353,2.0320150102612864,1,0.9028604654091924,25.46334506187163,2.099999711026289,13.0,-0.2588190451025208,2,0.1058467741935483,0.1684210526315789,0.0158733360170307
0.9384701376040396,0.0019413604825088,1.4330039782546435,2.556281406753179,0.2933599425221012,0.0090569463960462,8.202827802085597e-05,0.2934647799738241,-1.3576113583866445,2.369353766753635,0.1593322035201821,0.0047097210194791,-1.4263585711613878,2.5378146810721987,1,0.9028604679130408,25.4633450618716,2.099999724572109,13.25,-0.3214394653031615,2,0.1058467741935483,0.1684210526315789,0.0158733360170307
0.9385109705394674,0.0019230569537543,1.3651718764931358,2.529229190377581,0.2929794744830764,0.0089013368931306,7.923379848500955e-05,0.2930808724861488,-1.2026039284858367,2.3114789233069857,0.1592187845574678,0.0046594086659077,-1.3473601708260383,2.5058526845435587,1,0.902860468069228,25.463345061871628,2.0999997254170797,13.5,-0.3826834323650896,2,0.1058467741935483,0.1684210526315789,0.0158733360170307
0.9387367037636938,0.0016835391283098,1.9110790225408485,3.713231098084215,0.2914973274038423,0.0073348266134625,5.379968144955821e-05,0.2915665303917252,-1.9772088460312172,3.924063680539458,0.1586403970673671,0.0040467857136526,-1.923500491665422,3.752060871375818,1,0.9028604682655612,25.463345061871635,2.0999997264792425,13.75,-0.4422886902190014,2,0.1058467741935483,0.1684210526315789,0.0158733360170307
0.9374339420073462,0.0009566909114461,-1.7326838793807562,3.089714625088156,0.2970323268743539,0.0037763457898856,1.426078752478694e-05,0.2970503304139475,1.9142690313259911,3.7170926265579496,0.1617557010462037,0.0022564136533166,1.7602589144643228,3.186509637754174,1,0.9028604694414912,25.46334506187163,2.099999732841024,14.0,-0.4999999999999998,2,0.1058467741935483,0.1684210526315789,0.0158733360170307
0.9429337153569184,0.0036853760832262,-0.5258994662303654,1.5558492764839027,0.2614132314157664,0.0196705222471883,0.0003869294454771,0.2619676977097363,0.0581830379435152,1.4214347294383618,0.1231114548563367,0.0562834988982417,-1.9318766998363095,3.79543641477985,1,0.8320501175370553,33.69006752597982,1.499999425397535,0.0,0.0,2,0.1068548387096774,0.1684210526315789,0.0240720510631863
0.945938544778335,0.003339285384817,0.6510248720783126,-2.1711500154731684,0.2458671719098994,0.0186646621429127,0.000348369612909,0.2463979371517804,-0.4526871673398641,-3.2925230326926513,0.0924959711859283,0.0628442229637522,-0.0006544526420343,-5.991990584265989,0,0.8320501072256677,33.69006752597964,1.4999993918855417,0.25,0.065403129230143,2,0.1068548387096774,0.1684210526315789,0.0240720510631863
0.9466995637717353,0.0027389791775667,0.2795940242587679,0.8418588372283029,0.2408404038329657,0.0150623767656439,0.0002268751938302,0.2411934006431303,0.338779586227724,1.0683823514887436,0.0655789422597472,0.0538060098430356,1.9968656779832443,3.989720239799499,1,0.8320501207911926,33.69006752597969,1.499999435973481,0.5,0.1305261922200515,2,0.1068548387096774,0.1684210526315789,0.0240720510631863
0.9472154729667396,0.0020495064392078,1.4839163472240802,2.0422291756463338,0.2369619633062425,0.0094433050298404,8.917600988661007e-05,0.2371030452384846,-1.4823212600290103,2.036141666442415,0.0390647824524432,0.0014456438755776,-1.4869166750264338,2.053682828919211,1,0.8320501221662087,33.69006752597969,1.4999994404422814,0.75,0.1950903220161282,2,0.1068548387096774,0.1684210526315789,0.0240720510631863
0.9484824959893802,0.0031917608957483,0.3152580530830129,-4.026830092257429,0.2311338266279131,0.0146949882210157,0.0002159426788157,0.2314839148208206,-0.3135741127444664,-4.035061798178059,0.0381682430014481,0.0022546331524856,-0.3184369474539075,-4.011275973636717,0,0.8320500997127206,33.690067525979785,1.4999993674684688,1.0,0.2588190451025207,2,0.1068548387096774,0.1684210526315789,0.0240720510631863
0.9486099353149936,0.0032888285315248,0.1612056071240648,-4.896654308933485,0.2305480882226412,0.0151417588454046,0.0002292728609323,0.230920712862257,-0.1601612784658818,-4.901457635190802,0.0380779331480234,0.002323237938321,-0.1631781088690758,-4.887564511736951,0,0.8320501053808178,33.69006752597964,1.4999993858897815,1.25,0.3214394653031616,2,0.1068548387096774,0.1684210526315789,0.0240720510631863
0.9489371698387256,0.0030008058520682,-0.077391424008923,-3.315075914285869,0.2290383545562299,0.0138137779518836,0.0001908204613039,0.2293505683529086,0.0798459957681971,-3.3133162997196344,0.0378476824800316,0.0021203358227554,0.0727734112029996,-3.318289003985594,1,0.8320501166897308,33.690067525979785,1.499999422643732,1.5,0.3826834323650898,2,0.1068548387096774,0.1684210526315789,0.0240720510631863
0.9496170569296916,0.0021873437189446,0.2291743507204767,-3.0330143003562693,0.2259024234065274,0.0100602409222728,0.0001012084474141,0.2260703678868628,-0.2272751065348473,-3.036600352577631,0.0373690639658476,0.0015481158360153,-0.2327441476331033,-3.026225457455702,1,0.8320501135590564,33.690067525979856,1.499999412469042,1.75,0.4422886902190012,2,0.1068548387096774,0.1684210526315789,0.0240720510631863
0.9484657210005208,0.0015148704580773,1.5913159434691913,2.3845905740585103,0.2311971634596968,0.0069721292372066,4.861058610031201e-05,0.2312759960120893,-1.5903620269909766,2.380610545806441,0.0381841054661153,0.0010707793275312,-1.5931075567871869,2.3920694962788573,1,0.8320501160528082,33.690067525979686,1.4999994205737368,2.0,0.4999999999999999,2,0.1068548387096774,0.1684210526315789,0.0240720510631863
0.94814170227516,0.0009086315199356,0.9735448242445766,-0.3590935818252614,0.232687021282287,0.0041849524128872,1.7513826698130782e-05,0.232715244973865,-0.9726341519401066,-0.3630314474259144,0.0384135482719635,0.000641391556028,-0.9752601471090238,-0.3516337952653039,1,0.8320501099984172,33.69006752597996,1.4999994008969664,2.25,0.5555702330196022,2,0.1068548387096774,0.1684210526315789,0.0240720510631863
0.9476196497013832,0.0017364021062231,-0.9565248407074264,1.2102982260844666,0.2350965290917098,0.0080069495495388,6.411124108886014e-05,0.2351987700260882,0.9591419102155558,1.2150324015149518,0.0387806016659613,0.0012229733523587,0.9515765031637132,1.201378226446165,1,0.8320501231395879,33.69006752597966,1.499999443605764,2.5,0.6087614290087207,2,0.1068548387096774,0.1684210526315789,0.0240720510631863
0.9468732272607612,0.0019675785113018,0.675978626709395,-2.226489661727129,0.2385398158575216,0.009072942664625,8.231828859557411e-05,0.2386691904410494,-0.6743936318118133,-2.23494166678935,0.0393059246125533,0.0013857980648888,-0.6789744316949444,-2.2105170763993396,1,0.8320501229624203,33.69006752597979,1.499999443029966,2.75,0.6593458151000688,2,0.1068548387096774,0.1684210526315789,0.0240720510631863
0.9466685640809748,0.0019156624359622,1.3470944553154047,1.1862765946966205,0.2394836259562005,0.0088325724292827,7.801433571852624e-05,0.239605755049659,-1.3455391352292028,1.178859230513087,0.039450053956582,0.0013495135258743,-1.3500275944227706,1.2002602873414787,1,0.8320501186610182,33.69006752597972,1.4999994290504155,3.0,0.7071067811865475,2,0.1068548387096774,0.1684210526315789,0.0240720510631863
0.9453326035082232,0.0011110999845902,0.2099891144920276,1.5102188305176352,0.2456473240175091,0.0051330329149875,2.6348026906345345e-05,0.2456875430646449,-0.2074672660207928,1.5096277790118542,0.040390045704498,0.000779827048905,-0.2147671228861941,1.5113785260009536,1,0.8320501267742065,33.690067525979664,1.4999994554182705,3.25,0.7518398074789774,2,0.1068548387096774,0.1684210526315789,0.0240720510631863
0.9453094208379276,0.001113977003837,0.3313799001707888,1.4691153807084143,0.2457544419959975,0.0051462675364395,2.6484069556611863e-05,0.2457948510708279,-0.3289218254082587,1.468161744374747,0.0404063109763498,0.0007818625640415,-0.3360366512367653,1.470961447549234,1,0.8320501234145818,33.69006752597963,1.499999444499495,3.5,0.7933533402912352,2,0.1068548387096774,0.1684210526315789,0.0240720510631863
0.9459208735389218,0.0016610973184427,-0.0768572185834205,-2.2526026118130833,0.2429330008859993,0.0076699975369752,5.882886221720613e-05,0.2430237942386274,0.0787566613803185,-2.2517788967083945,0.0399762021342434,0.0011669670536672,0.0732611154884117,-2.254120788236232,1,0.8320501153392187,33.690067525979714,1.4999994182545713,3.75,0.8314696123025451,2,0.1068548387096774,0.1684210526315789,0.0240720510631863
0.9453435201022804,0.0016868234552997,1.545174067518554,2.345452453043819,0.2455997390478412,0.007787941462459,6.065203222268902e-05,0.2456923296412276,-1.543944898472256,2.341045469718761,0.0403815635988125,0.0011852834387708,-1.5474963937703272,2.3537846511328375,1,0.8320501256035999,33.69006752597972,1.4999994516137989,4.0,0.8660254037844386,2,0.1068548387096774,0.1684210526315789,0.0240720510631863
0.9460470787223728,0.0015256563984386,0.1151641668169436,-3.2034672430350444,0.2423495504284787,0.0070431541933551,4.960602099137603e-05,0.2424262962399669,-0.1138727533303899,-3.2047538955434582,0.0398877431063563,0.0010722345626872,-0.1176086129420123,-3.2010014781575773,1,0.8320501183609231,33.69006752597982,1.4999994280751043,4.25,0.8968727415326884,2,0.1068548387096774,0.1684210526315789,0.0240720510631863
0.9452168512641592,0.002650304158907,-0.6397547247734454,-1.4726967020235513,0.2461923859870718,0.0122513038719548,0.0001500944465629,0.2464209036444118,0.6425996637607654,-1.4632110531748914,0.0404683186321556,0.0018579680530659,0.6343567432632549,-1.4906495774597328,1,0.8320501326830745,33.69006752597994,1.4999994746220782,4.5,0.9238795325112868,2,0.1068548387096774,0.1684210526315789,0.0240720510631863
0.9440547439499744,0.0021251889597759,0.681631570176978,0.1317071424722584,0.2515607676659823,0.0098276743352558,9.658318283984696e-05,0.2517047024110339,-0.6783947727728269,0.125993603405691,0.0412840301112816,0.0014887558043445,-0.6877728194132283,0.1426006030277467,1,0.832050129265093,33.690067525979785,1.499999463513646,4.75,0.9469301294951056,2,0.1068548387096774,0.1684210526315789,0.0240720510631863
0.9435611452532882,0.0022378955345861,1.6856807021543134,2.956908827071672,0.2538456430439761,0.0103479471688687,0.0001070800106096,0.2540037804843973,-1.6844086740589228,2.952886379508385,0.0416291509476603,0.0015679745178136,-1.6880885020104963,2.9645283635163437,1,0.8320501310960569,33.690067525979636,1.4999994694642802,5.0,0.9659258262890684,2,0.1068548387096774,0.1684210526315789,0.0240720510631863
0.9424793968889362,0.0005192076827191,0.0701171456158878,1.4520937639341298,0.2588467947014734,0.0024057406880155,5.787588257973608e-06,0.2588551792381584,-0.0689316026633957,1.4519970428252496,0.0423873078853959,0.000362359519772,-0.0723791451098347,1.4527409827955822,1,0.8320501309554251,33.69006752597976,1.4999994690072245,5.25,0.9807852804032304,2,0.1068548387096774,0.1684210526315789,0.0240720510631863
0.9412400474464698,0.002914279486849,-1.9325355810506204,3.7975877988781583,0.264607611891328,0.0135399641891086,0.0001833306302423,0.2648672993095076,1.932946009902434,3.7987493295932495,0.0432470107644514,0.0020233803543552,1.9317444717016667,3.7953512412637345,1,0.8320501446986145,33.69006752597967,1.4999995136725783,5.5,0.9914448613738104,2,0.1068548387096774,0.1684210526315789,0.0240720510631863
0.9401674279788252,0.0027776899975199,-0.4036095330159053,-3.713804236527329,0.2695852659665004,0.0129046332325726,0.0001665295588672,0.2698168134037946,0.4052095339104436,-3.704967610158521,0.0439933956477754,0.0019287551480267,0.4005500496198933,-3.730705059057255,1,0.8320501402351579,33.69006752597996,1.499999499166341,5.75,0.9978589232386036,2,0.1068548387096774,0.1684210526315789,0.0240720510631863
0.93909455856249,0.002407799312338,1.3350561372475358,2.2378374878572345,0.2745675078229395,0.011186066007837,0.0001251280727316,0.2747383526314584,-1.332264280159952,2.23205431192409,0.0447389716576856,0.0016719490329335,-1.340392683937727,2.24892439388519,1,0.8320501418211572,33.69006752597988,1.4999995043208396,6.0,1.0,2,0.1068548387096774,0.1684210526315789,0.0240720510631863
0.9376350232903068,0.0010326011161685,0.3129082672339563,-3.774671036850826,0.2814125235897935,0.0048870331610798,2.388309311749392e-05,0.28144434752365,-0.2811890750072557,-3.741848286078918,0.045753194693496,0.0007156884055251,-0.3096827549915759,-3.765595844237207,1,0.8320501452311082,33.69006752597973,1.499999515403181,6.25,0.9978589232386036,2,0.1068548387096774,0.1684210526315789,0.0240720510631863
0.9367362090597408,0.002465106704402,-1.2736172406778137,1.2236104572689133,0.2857494511750443,0.011762855497759,0.0001383647694611,0.2859309749291492,1.27285391584467,1.2017245623602406,0.0463745454136371,0.0017043267966863,1.2685306565602985,1.201758644682494,1,0.8320501523275313,33.69006752597987,1.499999538466546,6.5,0.9914448613738104,2,0.1068548387096774,0.1684210526315789,0.0240720510631863
0.9351488014654986,0.0027003141313645,0.1797034571439366,-4.133438428537932,0.2935291553616411,0.0131817913493918,0.0001737596231789,0.2937510591720504,-0.1411586400168342,-4.002508856252293,0.0474758585877872,0.0018706833194871,-0.1771991560646079,-4.106624831034859,1,0.8320501539966965,33.69006752597965,1.4999995438913367,6.75,0.9807852804032304,2,0.1068548387096774,0.1684210526315789,0.0240720510631863
0.9334212415466504,0.0023189229056934,1.223234701203806,1.8782370156422896,0.3020173784090939,0.0114622637509996,0.0001313834902974,0.3021804667393704,-1.1553669979267776,1.5887772546769965,0.0486724576481256,0.0016056790572253,-1.218948672546095,1.847855940811625,1,0.8320501563692814,33.690067525979835,1.499999551602231,7.0,0.9659258262890684,2,0.1068548387096774,0.1684210526315789,0.0240720510631863
0.9318134250287275,0.0013512302983328,-0.158597874067481,-2.0620461914713086,0.3099583286654633,0.0068746852794354,4.726129769128612e-05,0.3100155020032945,0.0438357494352363,-1.796923956928426,0.0497840484285238,0.0009351720775914,0.1373717885183076,-2.0246408811848617,1,0.8320501582622722,33.69006752597971,1.499999557754453,7.25,0.9469301294951056,2,0.1068548387096774,0.1684210526315789,0.0240720510631863
0.9298393552172018,0.0030985512295283,-1.4823745106456854,2.4314861117223145,0.3198380010594278,0.0152339711421662,0.0002320738767603,0.3201099847384639,1.489978521544236,2.444382190111119,0.0511397923300354,0.0021189997099688,1.477690921854638,2.4179874018025185,1,0.8320501665433094,33.690067525979934,1.4999995846678107,7.5,0.9238795325112868,2,0.1068548387096774,0.1684210526315789,0.0240720510631863
0.929429172516202,0.0027175145943142,-1.8615051692212992,3.5208658946335554,0.3219547103411154,0.0133038962478245,0.0001769936553728,0.3221607995277513,1.85896895397725,3.53476219803823,0.051424290307822,0.0018550337857268,1.859822485542563,3.5185083253117675,1,0.8320501571611949,33.69006752597992,1.499999554175947,7.75,0.8968727415326884,2,0.1068548387096774,0.1684210526315789,0.0240720510631863
0.9293087401010536,0.0026190843602624,-1.937346569882488,3.772654743874792,0.3228778118619222,0.012572105217636,0.0001580578296033,0.323061332822336,1.9597814530602249,3.8654740435320782,0.0515143164121646,0.0017817205353973,1.941429988085156,3.7891378412276673,1,0.83205015735235,33.69006752597987,1.4999995547972027,8.0,0.8660254037844387,2,0.1068548387096774,0.1684210526315789,0.0240720510631863
0.9295943009985156,0.0028084444798324,-1.943251647149302,3.827535453041474,0.3219445751595757,0.0131884968321004,0.0001739364486903,0.3221471120640324,1.96679137342583,3.889662643405927,0.0513284659975304,0.0019049131119453,1.9474328794601707,3.8387988884286943,1,0.8320501562444748,33.69006752597982,1.49999955119661,8.25,0.8314696123025451,2,0.1068548387096774,0.1684210526315789,0.0240720510631863
0.9302766054474516,0.0014561437940044,-1.786773659845259,3.413633359009893,0.3190842777173356,0.0074959016118949,5.618854097520889e-05,0.3191503057998284,1.8976420478117912,3.662020920328878,0.0508746044589502,0.0010046541012105,1.8093689509659097,3.4638845039123645,1,0.8320501621122037,33.69006752597986,1.4999995702667228,8.5,0.7933533402912352,2,0.1068548387096774,0.1684210526315789,0.0240720510631863
0.9293778634581438,0.002000292997547,-0.0873644547437544,-4.6244756880083795,0.3238673204364029,0.0100172329259992,0.0001003449554937,0.3239834871768541,0.105433225496208,-4.846609839003882,0.0514976466109546,0.0013736981110661,0.0889749654909863,-4.665503897619496,1,0.8320501636163342,33.69006752597974,1.499999575155149,8.75,0.7518398074789774,2,0.1068548387096774,0.1684210526315789,0.0240720510631863
0.9293764625225214,0.0019990004143847,-0.086012865700708,-4.6151109059229185,0.32461149152621,0.0093850351540188,8.80788848421704e-05,0.3247132267008862,-0.1005365461721821,-3.555605696379242,0.0515147634753673,0.0013581051909503,0.0632090289801824,-4.490636284253048,1,0.8320501575376797,33.69006752597992,1.499999555399523,9.0,0.7071067811865476,2,0.1068548387096774,0.1684210526315789,0.0240720510631863
0.9298191233439907,0.0026712805224148,0.5482778479071909,-2.0524445345836817,0.3231995249898975,0.0116357152852169,0.0001353898701986,0.3233565761761204,-0.6018175257837682,-1.6011295731026092,0.0512265102122432,0.0017996414210668,-0.5614436252040318,-1.9694125830844111,1,0.8320501529937087,33.690067525979835,1.4999995406316229,9.25,0.659345815100069,2,0.1068548387096774,0.1684210526315789,0.0240720510631863
0.9312580959865556,0.0029897331592911,-0.9954945144777032,-0.1588235936396405,0.3168830861458212,0.0132868010549148,0.0001765390822728,0.3170919339828805,0.9127945278896988,-0.5021319259678751,0.0502542374369995,0.0020214371923674,0.9771118277802266,-0.234922005563579,1,0.8320501515025785,33.69006752597976,1.4999995357854528,9.5,0.6087614290087209,2,0.1068548387096774,0.1684210526315789,0.0240720510631863
0.9322709710712456,0.0014841630513611,0.0999820884156882,-4.206509241937244,0.3127088935831569,0.0070777743719814,5.0094890060677415e-05,0.3127689615251911,-0.1613011320302186,-4.512972402170995,0.0495783910168387,0.0010177968504108,-0.1124617487681877,-4.257161199060867,1,0.8320501565846797,33.69006752597979,1.4999995523022769,9.75,0.5555702330196025,2,0.1068548387096774,0.1684210526315789,0.0240720510631863
0.9325824542208276,0.0011550780296065,0.0314762727314326,-2.571747847043154,0.3117215957128192,0.0059992873112174,3.59914482425343e-05,0.3117648902938351,-0.1782373390681502,-3.757270995027003,0.0493760949187648,0.0008028683468837,-0.0638345894875225,-2.7830814144296987,1,0.8320501553147729,33.69006752597963,1.4999995481750843,10.0,0.4999999999999999,2,0.1068548387096774,0.1684210526315789,0.0240720510631863
0.932640850654016,0.0011979679117009,-0.1386897950944961,-3.578378701272385,0.3120545442928516,0.0057956091168567,3.358908503539269e-05,0.3120949061224721,-0.4526440886437296,-2.2673103973950077,0.0493493771576548,0.0008219814307478,0.0575916079507697,-3.4845789253911015,1,0.8320501526846337,33.69006752597976,1.4999995396271308,10.25,0.4422886902190017,2,0.1068548387096774,0.1684210526315789,0.0240720510631863
0.9334360506831602,0.0025701447202527,1.380056105307424,1.7023518319481674,0.309201724324105,0.0109578227440409,0.0001200738792898,0.3093473157059327,-1.4856485907068937,2.0148618616973213,0.0488209439453775,0.00174162991071,-1.4002471331321955,1.763085867152391,1,0.8320501449894905,33.690067525979956,1.4999995146179177,10.5,0.3826834323650899,2,0.1068548387096774,0.1684210526315789,0.0240720510631863
0.9345445782514727,0.0022795282577289,-0.015234708669218,-2.884110152018673,0.3047258735857752,0.0098740530952968,9.749692452874047e-05,0.3048458310786113,-0.0603220609873229,-2.708067211872473,0.04807650048362,0.0015488735083105,0.0003177012834623,-2.8611468090527,1,0.8320501479086331,33.69006752597984,1.4999995241051314,10.75,0.3214394653031617,2,0.1068548387096774,0.1684210526315789,0.0240720510631863
0.9357059595957944,0.0016502635225492,-1.376236453576095,1.6324835348155808,0.2996585056445721,0.0073008181343806,5.33019454313017e-05,0.2997252015834009,1.2837081929914105,1.1900928077064634,0.0472868957841573,0.001126067346304,1.360245946936183,1.5599899663915604,1,0.8320501459001785,33.69006752597976,1.4999995175776577,11.0,0.258819045102521,2,0.1068548387096774,0.1684210526315789,0.0240720510631863
0.9365966530485652,0.000603227123068,-1.5339608057707734,2.2438657593297933,0.2955742186651433,0.0030078800802928,9.047342577422444e-06,0.2955856969584995,1.570579541711051,2.223653989434654,0.0466758996699848,0.000419934477866,1.5460376182406217,2.2422636664761324,1,0.8320501452281932,33.690067525979934,1.499999515393702,11.25,0.1950903220161281,2,0.1068548387096774,0.1684210526315789,0.0240720510631863
0.9362845916531596,0.0006015589863103,0.1783452729850685,-4.77662159680875,0.2967696507961179,0.0028851357178625,8.324008110485984e-06,0.2967801688788041,-0.0825420781234885,-2.937341347510456,0.0468853736096848,0.0004156097806477,-0.1795839282070877,-4.570666249085953,1,0.8320501476411141,33.69006752597985,1.4999995232356949,11.5,0.130526192220052,2,0.1068548387096774,0.1684210526315789,0.0240720510631863
0.936764871617729,0.0007582962482983,-0.2220306337243057,0.8195561907177726,0.2945309344684561,0.0031083193294256,9.661649053681043e-06,0.2945432355285911,0.1901923036615296,-0.0826497123085072,0.0465540421243142,0.0005135841833438,0.2148769310500354,0.7164654996047197,1,0.8320501436855766,33.690067525979785,1.4999995103802033,11.75,0.0654031292301431,2,0.1068548387096774,0.1684210526315789,0.0240720510631863
0.9367844804245408,0.0007553287836398,-0.3781737739700544,1.2000329663311415,0.294413657401432,0.0030769120712446,9.467387894171298e-06,0.2944257159376661,0.414132692972159,0.6875390346468304,0.0465399455397892,0.0005112208694974,0.3803700575192055,1.142738355604223,1,0.8320501457205012,33.69006752597996,1.499999516993702,12.0,1.2246467991473532e-16,2,0.1068548387096774,0.1684210526315789,0.0240720510631863
0.9370938125877204,0.0010397003446216,-0.4021064543985995,-1.7148088789777418,0.2931041482999105,0.0044134583920902,1.9478614978711512e-05,0.2931290683501873,0.2003100530165384,-1.8593405852127596,0.0463290638098775,0.0007080826181423,0.3723895284933608,-1.7466364560054135,1,0.8320501424690514,33.690067525979906,1.4999995064264944,12.25,-0.0654031292301428,2,0.1068548387096774,0.1684210526315789,0.0240720510631863
0.9375257389113452,0.0005989876918846,-0.7132192088617065,1.6414692418923185,0.2912746940784999,0.0027097831991806,7.342924986561505e-06,0.2912841475334051,0.6348284694589541,1.7224983449870646,0.0460351332792441,0.0004119526953409,0.7004609875080778,1.6643442785247249,1,0.8320501438930843,33.69006752597984,1.4999995110546018,12.5,-0.1305261922200517,2,0.1068548387096774,0.1684210526315789,0.0240720510631863
0.9372430896685132,0.0007638063845708,0.4915367631034589,-2.6281030172869393,0.2925052349585831,0.0035114716494495,1.233043314488784e-05,0.2925210424961484,-0.430043171592614,-2.872529864909799,0.0462283765092308,0.0005265665647532,-0.4837780028183998,-2.65933261844868,1,0.832050146177716,33.69006752597968,1.4999995184796568,12.75,-0.1950903220161279,2,0.1068548387096774,0.1684210526315789,0.0240720510631863
0.9383217096556332,0.0019379134994869,1.2672375290775602,2.020795028710076,0.2875870792802863,0.0088439192981104,7.821490855149076e-05,0.2876890497575085,-1.2508021072689977,2.02691200972218,0.0454832132611011,0.0013391103036134,-1.2698194721765956,2.032017575234315,1,0.8320501355610899,33.69006752597967,1.499999483975632,13.0,-0.2588190451025208,2,0.1068548387096774,0.1684210526315789,0.0240720510631863
0.9382598919727496,0.0019480016379437,1.4329682703139726,2.556193439813658,0.2877618173090885,0.0088688589861849,7.865665971683364e-05,0.2878643013571078,-1.3562848876083065,2.3660087823920843,0.045523486720052,0.0013456345856015,-1.4263585748572205,2.537817179374855,1,0.8320501430038447,33.69006752597976,1.4999995081645754,13.25,-0.3214394653031615,2,0.1068548387096774,0.1684210526315789,0.0240720510631863
0.9383008839504994,0.0019296275807692,1.3650992952797754,2.5291270388346554,0.2873858328899618,0.0087153490888335,7.595730974023103e-05,0.2874849299148758,-1.199517166482263,2.307554751551587,0.0454910813021336,0.0013312596275311,-1.3473601746631167,2.505855300130587,1,0.832050143468115,33.69006752597984,1.4999995096734515,13.5,-0.3826834323650896,2,0.1068548387096774,0.1684210526315789,0.0240720510631863
0.9385274332890696,0.0016892439965608,1.911117648193798,3.713351320929665,0.2859268220907647,0.0071735009248451,5.1459115518754735e-05,0.2859943040124431,-1.9780810548330157,3.926925303198253,0.0453258277335334,0.0011562244996321,-1.9235004975265433,3.7520654678951857,1,0.8320501440517213,33.69006752597981,1.4999995115701723,13.75,-0.4422886902190014,2,0.1068548387096774,0.1684210526315789,0.0240720510631863
0.9372202696766224,0.0009598930602764,-1.7327747755565603,3.0900338175592204,0.2913369006772262,0.0036854370123894,1.3582445972290096e-05,0.2913543830641475,1.917154598115737,3.726835082278491,0.0462159145846296,0.0006446896332027,1.7602588804501031,3.186558098139553,1,0.8320501475472063,33.69006752597968,1.4999995229304992,14.0,-0.4999999999999998,2,0.1068548387096774,0.1684210526315789,0.0240720510631863
