current_from_ka_mean,current_from_ka_std,current_from_ka_skewness,current_from_ka_kurtosis,current_from_ka_min,absolute_current_from_ka,from_bus_degree,to_bus_degree,edge_betweenness_centrality,edge_in_operational_graph
0.03151796409578281,0.015156604065681286,0.12823535542772974,-0.38087322157456344,0.016338656669739715,0.1345303854867141,1.0,3.0,0.0606060606060606,1
0.1269644109934715,0.0106999037409125,0.12823535542772974,-0.38087322157456344,0.119398436500229,0.119398436500229,3.0,3.0,0.1568813131313131,1
0.1131342130135735,0.0251210489136485,-1.0523517623260934,-0.38087322157456344,0.0854738170537775,0.0854738170537775,3.0,2.0,0.091540404040404,1
0.1051295343261471,0.026019433555909,0.2602777838843453,-4.26039022628259,0.081115498263868,0.081115498263868,2.0,2.0,0.0959595959595959,1
0.0912728620928157,0.0189379468175348,1.884918254726699,3.5898102573281143,0.0791036965533885,0.0791036965533885,2.0,3.0,0.1243686868686868,1
0.070691749367994,0.0225689976314006,-1.9158061368446808,3.739309582332286,0.0370739856009421,0.0370739856009421,3.0,2.0,0.2294823232323232,1
0.056869481644596,0.0269948538676026,-0.0512894316920914,-5.650004284109068,0.0301847461601854,0.0301847461601854,2.0,3.0,0.2351641414141414,1
0.0424092043316668,0.0251033122197911,1.7035465285516205,3.037523036298367,0.0232743890121513,0.0232743890121513,3.0,3.0,0.2537878787878788,1
0.0279643294124195,0.0071647979143596,0.6724475222180639,-1.6871573646173663,0.0213241968763994,0.0213241968763994,3.0,2.0,0.0899621212121212,1
0.023538080422373,0.0047092213401135,1.3424835662778123,1.9385693417182883,0.0193689896407559,0.0193689896407559,2.0,2.0,0.0445075757575757,1
0.0204166800392083,0.00241334769346,0.1359284844074035,-1.4022847478652043,0.0176991446275269,0.0176991446275269,2.0,3.0,0.03125,1
0.0184831713030098,0.0024583850760525,-0.1050431489881894,-0.6195957165076535,0.0155403540673573,0.0155403540673573,3.0,2.0,0.0659722222222222,1
0.016496129815103,0.0026044252457561,-0.2187123849125309,-1.4867641297080765,0.0133760309247719,0.0133760309247719,2.0,2.0,0.060290404040404,1
0.0138926318871356,0.0037350427612873,-0.7790592736330849,0.4039211411635577,0.0089549979288866,0.0089549979288866,2.0,3.0,0.0924873737373737,1
0.0112363637545093,0.0039000773532888,0.0622621007994152,-3.5395389003201707,0.0070740720970217,0.0070740720970217,3.0,2.0,0.1950757575757575,1
0.0086232646244375,0.0035401143159118,0.8939546921456626,0.7669431398942361,0.0050879575470701,0.0050879575470701,2.0,2.0,0.1704545454545454,1
0.0060548230830346,0.0025233781794487,-0.0494084091311345,-1.2750985493200986,0.0031022647591603,0.0031022647591603,2.0,2.0,0.1496212121212121,1
0.006760064219703,0.0037163276621932,0.9431442611195344,0.8266267223872195,0.0031022647591603,0.01177596247556,3.0,2.0,0.1568813131313131,1
0.0072010740709378,0.0038676002328354,0.2516856420642269,-2.3653844973365743,0.0031022647591603,0.008838111501961,2.0,2.0,0.1625631313131312,1
0.0074024317886336,0.0037397680536375,0.0466810888594725,-1.2773899242121587,0.0031022647591603,0.0058933884178533,2.0,3.0,0.1796085858585858,1
0.0073636927232599,0.003799485907358,-0.0025982345571879,-1.2026908608053883,0.0029473084976655,0.0029473084976655,3.0,2.0,0.1281565656565656,1
0.0122483914130268,0.0129364152837642,1.7953465429584845,3.329743298077126,0.0029473084976655,0.0313147572346277,3.0,2.0,0.1581439393939394,1
0.0170925605478372,0.0147363997748413,0.0036843278431553,-5.584810234156572,0.0029473084976655,0.0282147880412026,2.0,2.0,0.1392045454545454,1
0.0191499173014224,0.013139653691284,-0.5394166850262362,-2.517664864231083,0.0029473084976655,0.0141228154321938,2.0,2.0,0.1240530303030303,1
0.0287593169309239,0.0112614310512764,-0.5164740697743655,1.2868231500555805,0.0141228154321938,0.0413849070156718,3.0,2.0,0.1751893939393939,1
0.0308189250794314,0.0125627619316374,-0.950212417495958,-0.6478975160536091,0.0141228154321938,0.0395531898286575,2.0,2.0,0.1505681818181818,1
0.0331992699884012,0.0128045761344819,-1.9191975128861751,3.732691773082216,0.0141228154321938,0.0377361676770817,2.0,2.0,0.1297348484848484,1
0.0386798123128831,0.0023031215936696,0.0725102720016416,-1.283661517390554,0.0360449847301214,0.0360449847301214,2.0,3.0,0.1240530303030303,1
0.0363311808004491,0.0032290236757341,-0.9028023786021592,0.8102586445782478,0.0319903809659359,0.0319903809659359,3.0,2.0,0.1584595959595959,1
0.0301306130538696,0.0105327739964114,-1.702800522773017,2.8938422621192004,0.0147509188423395,0.0147509188423395,2.0,2.0,0.139520202020202,1
0.0230856288071884,0.0129067362327825,-0.05361643705032,-4.7524067041345255,0.0095562306903568,0.0095562306903568,2.0,2.0,0.1306818181818181,1
0.0146409103276334,0.012649187897133,1.0526836425459247,1.4374535799183636,0.0022661108119014,0.0022661108119014,2.0,2.0,0.1287878787878787,1
0.0066433150861494,0.0067703241817259,0.3879588903572229,-2.8581579091602833,0.0,0.0,2.361111111111111,2.3055555555555554,0.1363724046015712,0
0.0029555853755645,0.004528239671592,1.6917050008384145,2.7607029786948267,0.0,0.0,3.0,3.0,0.2111742424242424,0
0.0005665277029753,0.0011330554059524,1.9999999999937892,4.000000000062105,0.0,0.0,3.0,2.0,0.0991161616161616,0
0.0,0.0,0.0,-3.0,0.0,0.0,2.0,2.0,0.1325757575757575,0
0.0,0.0,0.0,-3.0,0.0,0.0,2.0,3.0,0.1335227272727272,0
0.031715590740746,0.0634311814814921,1.9999999999999991,4.000000000000014,0.0,0.1268623629629842,1.0,3.0,0.0606060606060606,1
0.0598574190568336,0.0693633349052287,0.0366521478772095,-5.788763212117766,0.0,0.1125673132643503,3.0,3.0,0.1568813131313131,1
0.079993544034976,0.0567362531637096,-1.3665111980536904,1.5865804648104067,0.0,0.0805444999125697,3.0,2.0,0.091540404040404,1
0.0991010682896059,0.0245652084865839,0.2606227391592292,-4.258520784745672,0.0764300970185197,0.0764300970185197,2.0,2.0,0.0959595959595959,1
0.0860183246821233,0.0178763844607803,1.8849133188258111,3.5897840349698384,0.0745313885330539,0.0745313885330539,2.0,3.0,0.1243686868686868,1
0.0666105565525103,0.0212648380635416,-1.915491154458075,3.7383792224853702,0.0349362407458981,0.0349362407458981,3.0,2.0,0.2294823232323232,1
0.053584410440351,0.0254342364213825,-0.0513653772820341,-5.649384322951872,0.0284399154639324,0.0284399154639324,2.0,3.0,0.2351641414141414,1
0.0399581188193084,0.0236530133833596,1.7031485163701277,3.036231634400199,0.0219249305343495,0.0219249305343495,3.0,3.0,0.2537878787878788,1
0.0263469570151154,0.0067552668062012,0.6726627537222285,-1.6863751174133288,0.0200867413162818,0.0200867413162818,3.0,2.0,0.0899621212121212,1
0.0221739616892161,0.0044393408616442,1.3428057985630526,1.9393732240588584,0.0182442594423007,0.0182442594423007,2.0,2.0,0.0445075757575757,1
0.0192316780473656,0.002274344731367,0.1361951266275562,-1.401899232508022,0.0166707808965305,0.0166707808965305,2.0,3.0,0.03125,1
0.0174096182498705,0.002316507291216,-0.1049192175106079,-0.6196271179681521,0.014636691344369,0.014636691344369,3.0,2.0,0.0659722222222222,1
0.0155374047860215,0.0024538167784666,-0.2184436033153149,-1.487252059700209,0.0125978874608859,0.0125978874608859,2.0,2.0,0.060290404040404,1
0.0130847516758842,0.003518424541351,-0.7787567381061071,0.4035258488740023,0.0084336470017516,0.0084336470017516,2.0,3.0,0.0924873737373737,1
0.0105825659269871,0.0036735925347954,0.0623226906548055,-3.539424231050729,0.0066620379009419,0.0066620379009419,3.0,2.0,0.1950757575757575,1
0.0081212608188786,0.0033343966754526,0.8940446745137939,0.7670896658112873,0.0047914709119353,0.0047914709119353,2.0,2.0,0.1704545454545454,1
0.0057021539656762,0.0023765544851791,-0.0492734053090589,-1.275152784221909,0.002921460048076,0.002921460048076,2.0,2.0,0.1496212121212121,1
0.0063748178020361,0.0035153362087253,0.9515972053799748,0.8487462784947226,0.002921460048076,0.0111243023471912,3.0,2.0,0.1568813131313131,1
0.006796484439801,0.0036594757406495,0.2523866272520422,-2.3804067583034705,0.002921460048076,0.0083487044520018,2.0,2.0,0.1625631313131312,1
0.0069903605114663,0.0035363139986825,0.0437903912599998,-1.2727397821994924,0.002921460048076,0.0055669751985964,2.0,3.0,0.1796085858585858,1
0.0069560043882857,0.0035892918231165,-0.0024538977136288,-1.2025419074022867,0.0027840355553534,0.0027840355553534,3.0,2.0,0.1281565656565656,1
0.0115644779007196,0.0122090309557655,1.7949767032265598,3.3285513965120828,0.0027840355553534,0.0295581963969269,3.0,2.0,0.1581439393939394,1
0.0161351277882904,0.0139078634706994,0.0036540923190222,-5.584282258477733,0.0027840355553534,0.0266313040022849,2.0,2.0,0.1392045454545454,1
0.0180757278238195,0.0124017294843003,-0.539118973371536,-2.518923930061268,0.0027840355553534,0.0133293753407128,2.0,2.0,0.1240530303030303,1
0.0271268237756089,0.0106022662019383,-0.5277633171456371,1.2919353389255317,0.0133293753407128,0.0389884193625111,3.0,2.0,0.1751893939393939,1
0.0290525671827126,0.0118206541874249,-0.9555063814356832,-0.6204584364147454,0.0133293753407128,0.0372611700253419,2.0,2.0,0.1505681818181818,1
0.0312817283624023,0.0120503723861618,-1.9188858048725792,3.7316706825597983,0.0133293753407128,0.0355479487210436,2.0,2.0,0.1297348484848484,1
0.0364379089847925,0.002171344364682,0.0730015859717611,-1.2840546794386682,0.0339540978302737,0.0339540978302737,2.0,3.0,0.1240530303030303,1
0.0342242985283956,0.0030429356742032,-0.9021138216809118,0.8091064313280771,0.0301339775369233,0.0301339775369233,3.0,2.0,0.1584595959595959,1
0.0283823869441452,0.009922776255116,-1.7027070960293575,2.89351509320553,0.0138935236883402,0.0138935236883402,2.0,2.0,0.139520202020202,1
0.0217455617967159,0.0121586895882034,-0.0535526300650734,-4.752511293700813,0.0090006481313266,0.0090006481313266,2.0,2.0,0.1306818181818181,1
0.0137906233226669,0.0119153755987299,1.0528941235156182,1.4378903454962693,0.0021343439340778,0.0021343439340778,2.0,2.0,0.1287878787878787,1
0.0062571289384361,0.0063767923253653,0.3879881151995473,-2.8580459814498855,0.0,0.0,2.361111111111111,2.3055555555555554,0.1363724046015712,0
0.0027837480163511,0.0042649766993794,1.6917103722256157,2.760726351392986,0.0,0.0,3.0,3.0,0.2111742424242424,0
0.0005335859835194,0.0010671719670415,2.0,3.999999999999986,0.0,0.0,3.0,2.0,0.0991161616161616,0
0.0,0.0,0.0,-3.0,0.0,0.0,2.0,2.0,0.1325757575757575,0
0.0,0.0,0.0,-3.0,0.0,0.0,2.0,3.0,0.1335227272727272,0
0.0342867249747135,0.0685734499494271,2.0000000000000004,4.0000000000000036,0.0,0.1371468998988542,1.0,3.0,0.0606060606060606,1
0.0647192524564463,0.0749959226905128,0.0364677060908204,-5.789824321101563,0.0,0.121730109926931,3.0,3.0,0.1568813131313131,1
0.086508624293558,0.0613431634520854,-1.3685643873350608,1.5942699101307625,0.0,0.0871574873484471,3.0,2.0,0.091540404040404,1
0.1071876416359168,0.0265148101359347,0.2601600476233268,-4.261028187266577,0.0827160693694351,0.0827160693694351,2.0,2.0,0.0959595959595959,1
0.0930673476122002,0.0192996513456193,1.88491988128455,3.5898190005828567,0.0806657238039877,0.0806657238039877,2.0,3.0,0.1243686868686868,1
0.0720858567344163,0.0230145262195628,-1.9159137894504656,3.739627618750827,0.0378041464157957,0.0378041464157957,3.0,2.0,0.2294823232323232,1
0.057991692919805,0.0275280126919856,-0.0512633993239249,-5.650216629594979,0.0307808320900016,0.0307808320900016,2.0,3.0,0.2351641414141414,1
0.043246556707546,0.0255987536364795,1.70368293232122,3.03796560629112,0.0237355245203992,0.0237355245203992,3.0,3.0,0.2537878787878788,1
0.0285168983865797,0.0073045694914581,0.6723737540352972,-1.6874254215588227,0.0217470905201225,0.0217470905201225,3.0,2.0,0.0899621212121212,1
0.02400420726129,0.0048013514276499,1.342373064065106,1.938293726132972,0.0197533819146367,0.0197533819146367,2.0,2.0,0.0445075757575757,1
0.0208216542718536,0.0024608201957203,0.1358370460226447,-1.4024168707495246,0.0180506201322562,0.0180506201322562,2.0,3.0,0.03125,1
0.0188500808438288,0.002506847705397,-0.1050856809680199,-0.6195849286797834,0.0158492308082998,0.0158492308082998,3.0,2.0,0.0659722222222222,1
0.0168238118330367,0.0026558791422684,-0.2188046391927797,-1.4865966150802468,0.0136420144769544,0.0136420144769544,2.0,2.0,0.060290404040404,1
0.0141687706290548,0.0038090669627573,-0.7791630600693047,0.404056765971621,0.009133217098709,0.009133217098709,2.0,3.0,0.0924873737373737,1
0.0114598475939637,0.0039774820006733,0.0622413190668872,-3.5395782039236714,0.0072149279918919,0.0072149279918919,3.0,2.0,0.1950757575757575,1
0.0087948691356169,0.0036104255384186,0.893923785071555,0.766892830620133,0.0051893169749124,0.0051893169749124,2.0,2.0,0.1704545454545454,1
0.0061753847832918,0.0025735660065156,-0.0494547600004208,-1.2750799743787713,0.003164077067654,0.003164077067654,2.0,2.0,0.1496212121212121,1
0.0068915222302813,0.0037846037198686,0.940234802610948,0.8190273790116507,0.003164077067654,0.0119977668866669,3.0,2.0,0.1568813131313131,1
0.0073389649237058,0.0039382644179245,0.2514430514830196,-2.3602129547045276,0.003164077067654,0.0090046987655902,2.0,2.0,0.1625631313131312,1
0.0075427598640195,0.0038089136423869,0.0476743658747338,-1.27898346234279,0.003164077067654,0.0060044967361672,2.0,3.0,0.1796085858585858,1
0.0075024621234207,0.0038710276193017,-0.0026473773651322,-1.2027415612449897,0.0030028861052588,0.0030028861052588,3.0,2.0,0.1281565656565656,1
0.0124813455281971,0.013184317834326,1.7954726974561646,3.3301498764038016,0.0030028861052588,0.0319133005057723,3.0,2.0,0.1581439393939394,1
0.0174187654032555,0.0150187746054398,0.0036946427557192,-5.5849903280496065,0.0030028861052588,0.0287543782658238,2.0,2.0,0.1392045454545454,1
0.0195159442876351,0.0133911236445396,-0.5395182976788421,-2.5172350606386846,0.0030028861052588,0.0143932122736855,2.0,2.0,0.1240530303030303,1
0.0293161584975549,0.0114868751266907,-0.5126072132349392,1.2851084270149666,0.0143932122736855,0.0422037429449382,3.0,2.0,0.1751893939393939,1
0.0314219278564149,0.0128167589784263,-0.9484032376841268,-0.6572808958484035,0.0143932122736855,0.0403363779412121,2.0,2.0,0.1505681818181818,1
0.0338543159352228,0.0130626432589794,-1.9193040164928423,3.733040674289132,0.0143932122736855,0.0384839305810556,2.0,2.0,0.1297348484848484,1
0.0394458900765698,0.0023481007434973,0.0723418231328593,-1.2835265110897485,0.0367595088390735,0.0367595088390735,2.0,3.0,0.1240530303030303,1
0.0370511532565384,0.0032925800464338,-0.9030384204064148,0.8106539207979093,0.0326247956648125,0.0326247956648125,3.0,2.0,0.1584595959595959,1
0.0307280513164276,0.0107412007896082,-1.702832562830344,2.893954469161457,0.0150439701807689,0.0150439701807689,2.0,2.0,0.139520202020202,1
0.0235436008017543,0.0131623489213932,-0.0536383332625954,-4.752370777619079,0.0097461285223625,0.0097461285223625,2.0,2.0,0.1306818181818181,1
0.014931510900547,0.0128999572587843,1.052611401356627,1.4373036863644462,0.0023111492342441,0.0023111492342441,2.0,2.0,0.1287878787878787,1
0.0067753119843438,0.006904830695884,0.3879488613158658,-2.8581963181632304,0.0,0.0,2.361111111111111,2.3055555555555554,0.1363724046015712,0
0.0030143194391516,0.0046182227906554,1.6917031573152097,2.7606949568943904,0.0,0.0,3.0,3.0,0.2111742424242424,0
0.000577787308561,0.0011555746171255,1.999999999999674,3.9999999992072226,0.0,0.0,3.0,2.0,0.0991161616161616,0
0.0,0.0,0.0,-3.0,0.0,0.0,2.0,2.0,0.1325757575757575,0
0.0,0.0,0.0,-3.0,0.0,0.0,2.0,3.0,0.1335227272727272,0
0.0345708507170717,0.0691417014341435,2.0,4.0,0.0,0.138283402868287,1.0,3.0,0.0606060606060606,1
0.0652566022166308,0.0756184468210363,0.0364473040568979,-5.789941696878005,0.0,0.1227430059982362,3.0,3.0,0.1568813131313131,1
0.08722886924579,0.0618523262972119,-1.368792049743085,1.5951229212911198,0.0,0.0878890681166369,3.0,2.0,0.091540404040404,1
0.1080817632987102,0.0267298468620764,0.2601089031969956,-4.2613053011835955,0.0834115762116809,0.0834115762116809,2.0,2.0,0.0959595959595959,1
0.0938470366337841,0.0194566765376117,1.884920578546332,3.5898227655607684,0.0813444962085824,0.0813444962085824,2.0,3.0,0.1243686868686868,1
0.0726916378117821,0.0232081273656206,-1.9159605769845025,3.7397658526063537,0.0381214107102285,0.0381214107102285,3.0,2.0,0.2294823232323232,1
0.0584793356025014,0.0277596959525562,-0.0512520765670847,-5.650308971851487,0.0310398592795141,0.0310398592795141,2.0,3.0,0.2351641414141414,1
0.0436104237198524,0.0258140422753699,1.703742267861514,3.038158117123711,0.0239359286810847,0.0239359286810847,3.0,3.0,0.2537878787878788,1
0.0287570197333063,0.0073652850990872,0.6723416874020314,-1.6875419088226664,0.0219308802623979,0.0219308802623979,3.0,2.0,0.0899621212121212,1
0.024206777664886,0.0048413752247529,1.3423249737485448,1.938173789214833,0.0199204424365477,0.0199204424365477,2.0,2.0,0.0445075757575757,1
0.0209976572350972,0.0024814468180125,0.1357972546590397,-1.402474366724963,0.0182033775603588,0.0182033775603588,2.0,3.0,0.03125,1
0.0190095444534864,0.0025279058513487,-0.1051041792124819,-0.6195802422640764,0.0159834775546412,0.0159834775546412,3.0,2.0,0.0659722222222222,1
0.0169662294549288,0.0026782384749704,-0.2188447715124639,-1.4865237253474248,0.0137576202681678,0.0137576202681678,2.0,2.0,0.060290404040404,1
0.0142887886709598,0.0038412372674365,-0.7792082614927588,0.4041159034743735,0.0092106793006714,0.0092106793006714,2.0,3.0,0.0924873737373737,1
0.0115569821048068,0.0040111228501901,0.0622322539530174,-3.5395953694692643,0.0072761512957468,0.0072761512957468,3.0,2.0,0.1950757575757575,1
0.0088694561500585,0.0036409841786372,0.8939103462096263,0.7668709402018639,0.0052333737356481,0.0052333737356481,2.0,2.0,0.1704545454545454,1
0.0062277871948562,0.0025953795229131,-0.0494749451083276,-1.2750718050370526,0.0031909444473586,0.0031909444473586,2.0,2.0,0.1496212121212121,1
0.006948622526464,0.0038142111316045,0.93896700545911,0.815718265168881,0.0031909444473586,0.0120940206271029,3.0,2.0,0.1568813131313131,1
0.0073988326936763,0.003968901790218,0.2513371257691114,-2.3579592645893612,0.0031909444473586,0.0090769919645957,2.0,2.0,0.1625631313131312,1
0.0076036678237967,0.0038389033541737,0.048106917023151,-1.2796767250510932,0.0031909444473586,0.0060527142561299,2.0,3.0,0.1796085858585858,1
0.007562683006605,0.0039020734333663,-0.0026687056883906,-1.2027635632977685,0.0030270051785917,0.0030270051785917,3.0,2.0,0.1281565656565656,1
0.0125824650188854,0.0132919485062633,1.7955274869024958,3.330326457312122,0.0030270051785917,0.0321731486762244,3.0,2.0,0.1581439393939394,1
0.0175603761394166,0.015141371672441,0.0036991227616798,-5.585068543508921,0.0030270051785917,0.0289886364467206,2.0,2.0,0.1392045454545454,1
0.0196748491406223,0.0135002992358098,-0.5395624383337199,-2.5170483427646584,0.0030270051785917,0.0145106062609527,2.0,2.0,0.1240530303030303,1
0.029557994175093,0.0115848817650983,-0.5109252424643557,1.2843683494916007,0.0145106062609527,0.0425595853164745,3.0,2.0,0.1751893939393939,1
0.0316838910799384,0.0129272077316471,-0.94761695183248,-0.6613599885709966,0.0145106062609527,0.0406767362956059,2.0,2.0,0.1505681818181818,1
0.0341389571610292,0.0131748506243577,-1.9193502996863767,3.733192298220086,0.0145106062609527,0.0388089007710838,2.0,2.0,0.1297348484848484,1
0.0397788149112857,0.0023676399396552,0.0722685273418335,-1.2834678044486267,0.0370700372619788,0.0370700372619788,2.0,3.0,0.1240530303030303,1
0.0373640466946285,0.0033201955361855,-0.9031410824480562,0.810825883105629,0.0329005124498457,0.0329005124498457,3.0,2.0,0.1584595959595959,1
0.0309876968767526,0.010831777282971,-1.7028465160080812,2.8940033416380437,0.0151713370241022,0.0151713370241022,2.0,2.0,0.139520202020202,1
0.0237426374604146,0.0132734337846327,-0.0536478682977702,-4.752355155439336,0.009828663105732,0.009828663105732,2.0,2.0,0.1306818181818181,1
0.0150578091968988,0.0130089406319891,1.0525799547607433,1.4372384431776697,0.0023307242079154,0.0023307242079154,2.0,2.0,0.1287878787878787,1
0.0068326810844374,0.0069632903542251,0.3879444928861018,-2.858213048556699,0.0,0.0,2.361111111111111,2.3055555555555554,0.1363724046015712,0
0.0030398468284118,0.0046573318119045,1.6917023544260703,2.760691463252354,0.0,0.0,3.0,3.0,0.2111742424242424,0
0.0005826810519788,0.0011653621039602,1.9999999999999996,4.0,0.0,0.0,3.0,2.0,0.0991161616161616,0
0.0,0.0,0.0,-3.0,0.0,0.0,2.0,2.0,0.1325757575757575,0
0.0,0.0,0.0,-3.0,0.0,0.0,2.0,3.0,0.1335227272727272,0
0.0304511982739875,0.0609023965479751,1.9999999999999996,4.0000000000000036,0.0,0.1218047930959503,1.0,3.0,0.0606060606060606,1
0.0574670662905973,0.0665939606471179,0.0367427335320902,-5.788242072282988,0.0,0.1080634720664389,3.0,3.0,0.1568813131313131,1
0.0767913800588735,0.0544711637861492,-1.3655060536917238,1.582818374258366,0.0,0.0772972550731049,3.0,2.0,0.091540404040404,1
0.095127390537718,0.0236040534687056,0.2608501900176564,-4.257287916782547,0.0733440419153782,0.0733440419153782,2.0,2.0,0.0959595959595959,1
0.0825562012318548,0.0171749643885189,1.8849099277798371,3.589766258882772,0.0715200358724973,0.0715200358724973,2.0,3.0,0.1243686868686868,1
0.0639223198361105,0.0204058893459914,-1.9152838133498375,3.7377669544292793,0.0335279464834617,0.0335279464834617,3.0,2.0,0.2294823232323232,1
0.0514206976294583,0.024406423707746,-0.0514151803966595,-5.648977363769956,0.0272907662464963,0.0272907662464963,2.0,3.0,0.2351641414141414,1
0.0383438020817888,0.0226977873688268,1.7028874239349734,3.0353844762526982,0.0210364597247001,0.0210364597247001,3.0,3.0,0.2537878787878788,1
0.0252818148970781,0.0064852252593721,0.6728038735040905,-1.6858621747547744,0.0192720871336543,0.0192720871336543,3.0,2.0,0.0899621212121212,1
0.02127579516436,0.0042614333407268,1.3430170271119208,1.939900324832239,0.0175038675525894,0.0175038675525894,2.0,2.0,0.0445075757575757,1
0.018451570520562,0.0021827615475809,0.1363699218019673,-1.4016463761305218,0.0159938676713044,0.0159938676713044,2.0,3.0,0.03125,1
0.01670293385199,0.0022230497019842,-0.1048380323726059,-0.6196476381759712,0.0140419130504119,0.0140419130504119,3.0,2.0,0.0659722222222222,1
0.0149063489754405,0.0023546295607609,-0.218267668707012,-1.4875713032946225,0.0120857476274565,0.0120857476274565,2.0,2.0,0.060290404040404,1
0.0125530183485042,0.0033758091083582,-0.7785584535225951,0.4032666401795097,0.008090545044844,0.008090545044844,2.0,3.0,0.0924873737373737,1
0.0101522741611155,0.0035245019107408,0.0623624509040976,-3.5393488623662,0.0063908909217498,0.0063908909217498,3.0,2.0,0.1950757575757575,1
0.0077908888152441,0.0031989862970152,0.8941034998831175,0.7671855475670757,0.0045963716669262,0.0045963716669262,2.0,2.0,0.1704545454545454,1
0.0054700733934777,0.0022799235457098,-0.0491850172622043,-1.275188615058397,0.0028024859403908,0.0028024859403908,2.0,2.0,0.1496212121212121,1
0.0061207271668967,0.0033820366774086,0.9571131860976,0.863213082459378,0.0028024859403908,0.0106931601385201,3.0,2.0,0.1568813131313131,1
0.0065292371039983,0.0035213632452294,0.2528410115902205,-2.3902074740572985,0.0028024859403908,0.0080249306701563,2.0,2.0,0.1625631313131312,1
0.0067179033471755,0.0034014607178729,0.0419000972988588,-1.269688863697242,0.0028024859403908,0.0053510366396349,2.0,3.0,0.1796085858585858,1
0.0066862879837081,0.0034502221269418,-0.0023584399419255,-1.2024433624341686,0.0026760244865215,0.0026760244865215,3.0,2.0,0.1281565656565656,1
0.0111124079634295,0.0117285652757018,1.7947326652830864,3.327764955711757,0.0026760244865215,0.0283976400574056,3.0,2.0,0.1581439393939394,1
0.0155024635100355,0.0133605789317653,0.003634144776224,-5.583933871023923,0.0026760244865215,0.0255851528565801,2.0,2.0,0.1392045454545454,1
0.0173660126583594,0.011914242599029,-0.5389226764639804,-2.519753933282253,0.0026760244865215,0.0128052332329306,2.0,2.0,0.1240530303030303,1
0.026049602204209,0.0101687370109568,-0.5351743540433905,1.2953774161082985,0.0128052332329306,0.03741038266992,3.0,2.0,0.1751893939393939,1
0.0278882008053481,0.0113330161899617,-0.9589915677331596,-0.6024092917189421,0.0128052332329306,0.0357520344619617,2.0,2.0,0.1505681818181818,1
0.0300187282650921,0.0115546221602558,-1.9186805507070843,3.7309983576381,0.0128052332329306,0.0341072626955564,2.0,2.0,0.1297348484848484,1
0.0349618062074002,0.0020844610410972,0.0733237582918285,-1.284311648264433,0.0325775450021628,0.0325775450021628,2.0,3.0,0.1240530303030303,1
0.0328371727039412,0.0029203380557391,-0.90166245733649,0.8083518413227466,0.0289118486560842,0.0289118486560842,3.0,2.0,0.1584595959595959,1
0.0272314571618833,0.0095211098278501,-1.7026458008767689,2.89330042780821,0.0133291722937299,0.0133291722937299,2.0,2.0,0.139520202020202,1
0.0208633824058662,0.0116661613376821,-0.0535108197839577,-4.7525795821725225,0.008634963671488,0.008634963671488,2.0,2.0,0.1306818181818181,1
0.0132309002350742,0.0114322682617238,1.053031927022804,1.438176318050667,0.0020476163189947,0.0020476163189947,2.0,2.0,0.1287878787878787,1
0.0060029380710531,0.0061177638151557,0.3880072628899772,-2.8579726447595313,0.0,0.0,2.361111111111111,2.3055555555555554,0.1363724046015712,0
0.0026706449976206,0.0040916969334039,1.691713890661687,2.7607416612577076,0.0,0.0,3.0,3.0,0.2111742424242424,0
0.0005119040797486,0.0010238081594999,2.000000000004209,3.999999999957897,0.0,0.0,3.0,2.0,0.0991161616161616,0
0.0,0.0,0.0,-3.0,0.0,0.0,2.0,2.0,0.1325757575757575,0
0.0,0.0,0.0,-3.0,0.0,0.0,2.0,3.0,0.1335227272727272,0
0.0313954667215641,0.0627909334431283,1.999999999999999,4.0,0.0,0.1255818668862566,1.0,3.0,0.0606060606060606,1
0.0592521872664187,0.0686621404158177,0.0366750895408442,-5.788631228148785,0.0,0.1114268821794182,3.0,3.0,0.1568813131313131,1
0.0791827003535951,0.0561627422538116,-1.3662564356451383,1.5856267885035962,0.0,0.0797220523487059,3.0,2.0,0.091540404040404,1
0.0980948095664019,0.0243220087993889,0.2606803311915139,-4.258208631618185,0.0756484368512269,0.0756484368512269,2.0,2.0,0.0959595959595959,1
0.085141501246342,0.0176988894861151,1.8849124702398576,3.589779569825218,0.0737686336060173,0.0737686336060173,2.0,3.0,0.1243686868686868,1
0.0659296698801678,0.0210472737219311,-1.9154386285960003,3.738224104667289,0.0345795567147212,0.0345795567147212,3.0,2.0,0.2294823232323232,1
0.053036367611369,0.0251738969617543,-0.0513780114941298,-5.649281123037329,0.0281488432735109,0.0281488432735109,2.0,3.0,0.2351641414141414,1
0.039549224696029,0.0234110648864488,1.7030822987264036,3.0360167757584797,0.0216998651898666,0.0216998651898666,3.0,3.0,0.2537878787878788,1
0.0260771586500808,0.0066868912757194,0.6726985723238653,-1.6862449005945237,0.0198803694222246,0.0198803694222246,3.0,2.0,0.0899621212121212,1
0.0219464435051261,0.004394290252613,1.3428593724042528,1.9395069018558573,0.0180566961349023,0.0180566961349023,2.0,2.0,0.0445075757575757,1
0.019034056554938,0.0022511499492329,0.1362394604310189,-1.401835113144687,0.0164992954727585,0.0164992954727585,2.0,3.0,0.03125,1
0.0172305926826006,0.0022928363103689,-0.1048986129512997,-0.6196323374976522,0.0144860097005171,0.0144860097005171,3.0,2.0,0.0659722222222222,1
0.015377535283724,0.0024286929666636,-0.2183989337784087,-1.4873331218694157,0.0124681398267182,0.0124681398267182,2.0,2.0,0.060290404040404,1
0.0129500417484117,0.0034822972195751,-0.7787064709751718,0.4034602132158831,0.0083467219936533,0.0083467219936533,2.0,3.0,0.0924873737373737,1
0.0104735533035757,0.0036358233957924,0.0623327516707629,-3.5394051929325396,0.0065933416934142,0.0065933416934142,3.0,2.0,0.1950757575757575,1
0.0080375611372325,0.0033000924484048,0.8940596251169424,0.7671140093974849,0.0047420410351444,0.0047420410351444,2.0,2.0,0.1704545454545454,1
0.0056433553996141,0.0023520734482512,-0.0492509846532881,-1.2751617628250482,0.0028913168762445,0.0028913168762445,2.0,2.0,0.1496212121212121,1
0.0063104858088435,0.0034816417971199,0.9529981516566204,0.8524181497189893,0.0028913168762445,0.0110152436305712,3.0,2.0,0.1568813131313131,1
0.0067288512191951,0.0036245708322987,0.2525022535081704,-2.3828960611003716,0.0028913168762445,0.0082668033348205,2.0,2.0,0.1625631313131312,1
0.0069214288379806,0.0035022208873965,0.0433105922516393,-1.2719661442385115,0.0028913168762445,0.0055123515102865,2.0,3.0,0.1796085858585858,1
0.0068877778646162,0.0035541140298106,-0.0024297486727657,-1.2025169798637734,0.0027567129827868,0.0027567129827868,3.0,2.0,0.1281565656565656,1
0.0114500946129882,0.01208743753516,1.7949149247564142,3.3283523057009674,0.0027567129827868,0.0292645106240593,3.0,2.0,0.1581439393939394,1
0.0159750350596682,0.0137693602294615,0.0036490423025152,-5.584194064269671,0.0027567129827868,0.0263665651215403,2.0,2.0,0.1392045454545454,1
0.0178961301445442,0.0122783636227444,-0.5390692696095256,-2.5191341053529346,0.0027567129827868,0.0131967318497905,2.0,2.0,0.1240530303030303,1
0.0268541245628129,0.0104924114210046,-0.5296422500617586,1.292801550353868,0.0131967318497905,0.0385886906558618,3.0,2.0,0.1751893939393939,1
0.0287577184523905,0.0116970551573437,-0.956389243197972,-0.6158851392179763,0.0131967318497905,0.0368788861823697,2.0,2.0,0.1505681818181818,1
0.0309618262293063,0.0119247294022457,-1.918833812401698,3.7315003733010954,0.0131967318497905,0.0351829962292035,2.0,2.0,0.1297348484848484,1
0.0360639901739635,0.0021493444609526,0.0730832929018061,-1.284120002837943,0.0336053876284192,0.0336053876284192,2.0,3.0,0.1240530303030303,1
0.0338729131612546,0.0030118854019835,-0.901999286191904,0.8089148935156718,0.029824382605026,0.029824382605026,3.0,2.0,0.1584595959595959,1
0.0280908297056138,0.0098210307519466,-1.7026915663307478,2.8934607150490343,0.0137505523598067,0.0137505523598067,2.0,2.0,0.139520202020202,1
0.0215220821264386,0.0120339250833576,-0.0535420290748911,-4.752528664392248,0.0089080059125027,0.0089080059125027,2.0,2.0,0.1306818181818181,1
0.0136488283012232,0.0117929939395262,1.0529290918399696,1.4379629147622666,0.0021123723275574,0.0021123723275574,2.0,2.0,0.1287878787878787,1
0.0061927326499667,0.0063111706703634,0.3879929696719633,-2.8580273892141257,0.0,0.0,2.361111111111111,2.3055555555555554,0.1363724046015712,0
0.002755094560015,0.0042210781422498,1.6917112644431076,2.7607302337248925,0.0,0.0,3.0,3.0,0.2111742424242424,0
0.0005280930818893,0.0010561861637824,2.0,4.0000000000000036,0.0,0.0,3.0,2.0,0.0991161616161616,0
0.0,0.0,0.0,-3.0,0.0,0.0,2.0,2.0,0.1325757575757575,0
0.0,0.0,0.0,-3.0,0.0,0.0,2.0,3.0,0.1335227272727272,0
0.0334663553831361,0.0669327107662723,2.0,3.999999999999997,0.0,0.1338654215325446,1.0,3.0,0.0606060606060606,1
0.0631678357762756,0.0731985796222771,0.0365265907893215,-5.789485550443078,0.0,0.118805921572558,3.0,3.0,0.1568813131313131,1
0.0844293514657065,0.0598731139374541,-1.367907920307982,1.5918106768009004,0.0,0.0850460627577234,3.0,2.0,0.091540404040404,1
0.1046065698460529,0.0258934696956826,0.2603077032268145,-4.260228098692911,0.0807088735213858,0.0807088735213858,2.0,2.0,0.0959595959595959,1
0.0908169322500186,0.0188459800235184,1.8849178364896249,3.589808018130654,0.0787068711484072,0.0787068711484072,2.0,3.0,0.1243686868686868,1
0.0703375716942628,0.0224558126327568,-1.915778791969823,3.73922880295596,0.0368884793495351,0.0368884793495351,3.0,2.0,0.2294823232323232,1
0.0565843844304149,0.0268594081980648,-0.0512960365564579,-5.649950391371819,0.0300333137023318,0.0300333137023318,2.0,3.0,0.2351641414141414,1
0.0421964784930484,0.0249774460582448,1.703511913863789,3.0374107283264458,0.0231572497719198,0.0231572497719198,3.0,3.0,0.2537878787878788,1
0.0278239543405134,0.0071292785726323,0.6724662319845861,-1.6870893851923388,0.0212167745382673,0.0212167745382673,3.0,2.0,0.0899621212121212,1
0.0234196717811751,0.0046858105667048,1.3425116095737268,1.9386392900976457,0.0192713491121818,0.0192713491121818,2.0,2.0,0.0445075757575757,1
0.0203138100619523,0.0024012863280469,0.1359516869110812,-1.4022511961142392,0.0176098668254403,0.0176098668254403,2.0,3.0,0.03125,1
0.0183899722352379,0.0024460728330409,-0.1050323750852586,-0.6195984463795376,0.0154618984650624,0.0154618984650624,3.0,2.0,0.0659722222222222,1
0.0164128963754746,0.0025913538049694,-0.2186889928870308,-1.4868066168024685,0.0133084710992139,0.0133084710992139,2.0,2.0,0.060290404040404,1
0.0138224919071319,0.0037162390221478,-0.779032924977508,0.4038866846765057,0.0089097312388112,0.0089097312388112,2.0,3.0,0.0924873737373737,1
0.0111795991862724,0.0038804156046643,0.0622673826156872,-3.5395288976000643,0.0070382959420022,0.0070382959420022,3.0,2.0,0.1950757575757575,1
0.008579677935104,0.0035222547112032,0.8939625226162192,0.7669558949606241,0.0050622134603887,0.0050622134603887,2.0,2.0,0.1704545454545454,1
0.0060242014726916,0.0025106305409272,-0.0493966498926468,-1.2751033015205842,0.0030865652495644,0.0030865652495644,2.0,2.0,0.1496212121212121,1
0.0067266555524804,0.0036989509865254,0.9438816409460892,0.8285538487426809,0.0030865652495644,0.0117195475579663,3.0,2.0,0.1568813131313131,1
0.0071660169442338,0.0038496128998056,0.2517470200535486,-2.3666951183614433,0.0030865652495644,0.0087957415090159,2.0,2.0,0.1625631313131312,1
0.0073667458674163,0.0037221727516364,0.0464292145903828,-1.276985486941987,0.0030865652495644,0.0058651291531187,2.0,3.0,0.1796085858585858,1
0.0073283977979935,0.0037812894705386,-0.0025857365304224,-1.202677965509233,0.0029331729718735,0.0029331729718735,3.0,2.0,0.1281565656565656,1
0.0121891545634564,0.0128733887458781,1.7953144782446078,3.329639959095406,0.0029331729718735,0.0311625746198175,3.0,2.0,0.1581439393939394,1
0.0170096182733547,0.0146646088946127,0.0036817062296061,-5.5847644594169665,0.0029331729718735,0.0280775963486093,2.0,2.0,0.1392045454545454,1
0.0190568531021805,0.0130757181729699,-0.5393908630334552,-2.5177740809953058,0.0029331729718735,0.014054068468422,2.0,2.0,0.1240530303030303,1
0.028617783927114,0.0112041788801173,-0.5174556105368586,1.2872613530958503,0.014054068468422,0.0411768962716074,3.0,2.0,0.1751893939393939,1
0.0306656999207372,0.0124982736490063,-0.9506719841777864,-0.645514461956564,0.014054068468422,0.0393542385943104,2.0,2.0,0.1505681818181818,1
0.0330328555765965,0.012739048778401,-1.9191704571939483,3.732603141217975,0.014054068468422,0.0375462189720462,2.0,2.0,0.1297348484848484,1
0.0384852087577675,0.0022916916437401,0.072553014559757,-1.2836957577764263,0.0358634811931061,0.0358634811931061,2.0,3.0,0.1240530303030303,1
0.0361482918293874,0.0032128761567451,-0.9027424781095772,0.8101583555128009,0.0318292285580871,0.0318292285580871,3.0,2.0,0.1584595959595959,1
0.0299788526917559,0.0104798270232797,-1.7027923933734068,2.8938137931814936,0.0146764820437843,0.0146764820437843,2.0,2.0,0.139520202020202,1
0.0229692968998943,0.0128418039100309,-0.0536108817617478,-4.752415819645012,0.0095079958046,0.0095079958046,2.0,2.0,0.1306818181818181,1
0.0145670943266163,0.012585487573523,1.0527019730889389,1.4374916142043013,0.0022546708999939,0.0022546708999939,2.0,2.0,0.1287878787878787,1
0.0066097871870945,0.0067361587380938,0.3879614360178859,-2.8581481595357836,0.0,0.0,2.361111111111111,2.3055555555555554,0.1363724046015712,0
0.0029406666761484,0.0045053835606878,1.6917054686848658,2.7607050144460565,0.0,0.0,3.0,3.0,0.2111742424242424,0
0.0005636677249984,0.00112733545,2.000000000005965,3.99999999906176,0.0,0.0,3.0,2.0,0.0991161616161616,0
0.0,0.0,0.0,-3.0,0.0,0.0,2.0,2.0,0.1325757575757575,0
0.0,0.0,0.0,-3.0,0.0,0.0,2.0,3.0,0.1335227272727272,0
0.0328661578470337,0.0657323156940675,1.9999999999999991,4.0000000000000036,0.0,0.131464631388135,1.0,3.0,0.0606060606060606,1
0.0620328832060587,0.0718837042295696,0.036569651050826,-5.789237820880928,0.0,0.1166669014360999,3.0,3.0,0.1568813131313131,1
0.0829084213472202,0.0587976738726271,-1.3674284450608496,1.5900148895206083,0.0,0.0835021525646462,3.0,2.0,0.091540404040404,1
0.102718742700489,0.0254384589790578,0.2604157159644926,-4.259642770791999,0.0792412854130752,0.0792412854130752,2.0,2.0,0.0959595959595959,1
0.089171253683834,0.0185137984523735,1.884916311237199,3.5897998795120287,0.0772746753215147,0.0772746753215147,2.0,3.0,0.1243686868686868,1
0.0690592586423158,0.0220473103722483,-1.9156801131459436,3.7389373139565265,0.0362189212700271,0.0362189212700271,3.0,2.0,0.2294823232323232,1
0.055555414178884,0.0263705689638371,-0.0513198559886508,-5.6497560054342,0.0294867747109192,0.0294867747109192,2.0,3.0,0.2351641414141414,1
0.0414287209175256,0.0245231725245598,1.7033870918255083,3.0370057300767,0.0227345123676416,0.0227345123676416,3.0,3.0,0.2537878787878788,1
0.0273173302370861,0.0070010475401099,0.6725337353038051,-1.686844063221827,0.0208291125997565,0.0208291125997565,3.0,2.0,0.0899621212121212,1
0.0229923482638495,0.0046012991932621,1.342612689922287,1.938891437843969,0.0189189933770809,0.0189189933770809,2.0,2.0,0.0445075757575757,1
0.0199425782286502,0.0023577512320223,0.1360353289094749,-1.402130291034421,0.0172876945701219,0.0172876945701219,2.0,3.0,0.03125,1
0.0180536465707497,0.0024016344475948,-0.1049934890523081,-0.6196083038778628,0.0151787857360396,0.0151787857360396,3.0,2.0,0.0659722222222222,1
0.0161125382732435,0.0025441776683621,-0.2186046488777153,-1.4869597460238406,0.0130646794097318,0.0130646794097318,2.0,2.0,0.060290404040404,1
0.01356938699199,0.0036483796472697,-0.7789380115585541,0.4037626703688755,0.0087463882520671,0.0087463882520671,2.0,3.0,0.0924873737373737,1
0.0109747635213007,0.0038094622848884,0.0622863885981544,-3.539492939000475,0.0069092006873643,0.0069092006873643,3.0,2.0,0.1950757575757575,1
0.0084223968965286,0.0034578059238658,0.8939907676324148,0.7670018805066707,0.0049693192369516,0.0049693192369516,2.0,2.0,0.1704545454545454,1
0.0059137059938763,0.0024646305128528,-0.049354282513295,-1.2751202989718209,0.0030299157991224,0.0030299157991224,2.0,2.0,0.1496212121212121,1
0.006606037463983,0.0036361300694521,0.9465369571398716,0.8354973628236095,0.0030299157991224,0.0115157141324938,3.0,2.0,0.1568813131313131,1
0.0070394013770506,0.0037845747020405,0.2519676756674883,-2.3714143740461555,0.0030299157991224,0.0086426563396349,2.0,2.0,0.1625631313131312,1
0.0072378284047678,0.0036585705077438,0.0455217500704697,-1.2755271855335248,0.0030299157991224,0.0057630273478202,2.0,3.0,0.1796085858585858,1
0.0072008747085182,0.0037155432434835,-0.0025405839379678,-1.2026313737214984,0.002882101014124,0.002882101014124,3.0,2.0,0.1281565656565656,1
0.0119751722176785,0.0126457555747476,1.7951986999962626,3.329266829744128,0.002882101014124,0.0306129041691351,3.0,2.0,0.1581439393939394,1
0.0167100276194575,0.0144053210518949,0.0036722405192245,-5.5845991773133346,0.002882101014124,0.0275820779467509,2.0,2.0,0.1392045454545454,1
0.0187207132258776,0.0128447952634729,-0.5392976428326022,-2.5181683469626712,0.002882101014124,0.0138057697735007,2.0,2.0,0.1240530303030303,1
0.0281067362354531,0.0109976179548552,-0.5209953302272284,1.2888515601538568,0.0138057697735007,0.0404261930524258,3.0,2.0,0.1751893939393939,1
0.0301125711077074,0.0122656560737249,-0.9523304438720284,-0.6369163301344738,0.0138057697735007,0.0386362436581522,2.0,2.0,0.1505681818181818,1
0.0324322329276097,0.0125026640000349,-1.9190728145545357,3.732283277998995,0.0138057697735007,0.0368607252263601,2.0,2.0,0.1297348484848484,1
0.0377829081432268,0.0022504285831199,0.072707120210084,-1.283819162103148,0.0352084706359691,0.0352084706359691,2.0,3.0,0.1240530303030303,1
0.0354882766441464,0.0031545930805994,-0.9025265086243558,0.8097968555321042,0.0312476670561043,0.0312476670561043,3.0,2.0,0.1584595959595959,1
0.0294311828563865,0.0102887437328418,-1.7027630880061837,2.893711168228304,0.0144078685071125,0.0144078685071125,2.0,2.0,0.139520202020202,1
0.0225494855192657,0.0126074706177107,-0.05359086171171,-4.752448653634168,0.009333935877877,0.009333935877877,2.0,2.0,0.1306818181818181,1
0.014300715137106,0.0123556061223175,1.0527680207976693,1.4376286645911804,0.0022133891073304,0.0022133891073304,2.0,2.0,0.1287878787878787,1
0.0064887983730799,0.0066128689670238,0.3879706057322106,-2.858113040995594,0.0,0.0,2.361111111111111,2.3055555555555554,0.1363724046015712,0
0.0028868312463018,0.0044229052192076,1.6917071541240691,2.760712348367502,0.0,0.0,3.0,3.0,0.2111742424242424,0
0.0005533472768326,0.0011066945536673,1.9999999999996456,4.000000000939924,0.0,0.0,3.0,2.0,0.0991161616161616,0
0.0,0.0,0.0,-3.0,0.0,0.0,2.0,2.0,0.1325757575757575,0
0.0,0.0,0.0,-3.0,0.0,0.0,2.0,3.0,0.1335227272727272,0
0.0333424742849436,0.0666849485698873,1.999999999999999,4.000000000000007,0.0,0.1333698971397747,1.0,3.0,0.0606060606060606,1
0.0629335745550367,0.072927182131886,0.0365354798119388,-5.789434411010172,0.0,0.1183644010803722,3.0,3.0,0.1568813131313131,1
0.0841154096461526,0.0596511373226716,-1.367808901720624,1.5914397928210562,0.0,0.0847273403644635,3.0,2.0,0.091540404040404,1
0.1042168845118175,0.0257995846893331,0.2603299981017853,-4.260107284727891,0.0804058994626598,0.0804058994626598,2.0,2.0,0.0959595959595959,1
0.0904772103398777,0.0187774360117885,1.8849175236617564,3.589806345372722,0.0784112004520153,0.0784112004520153,2.0,3.0,0.1243686868686868,1
0.0700736743997437,0.022371479369278,-1.915758418621701,3.739168619526282,0.0367502573198364,0.0367502573198364,3.0,2.0,0.2294823232323232,1
0.0563719600459077,0.0267584891205174,-0.0513009576342031,-5.649910238565784,0.0299204829491193,0.0299204829491193,2.0,3.0,0.2351641414141414,1
0.0420379784637464,0.0248836639614518,1.703486128526449,3.037327064485332,0.0230699731340148,0.0230699731340148,3.0,3.0,0.2537878787878788,1
0.0277193629329801,0.0071028105923479,0.6724801809677671,-1.6870386883349069,0.0211367383289499,0.0211367383289499,3.0,2.0,0.0899621212121212,1
0.0233314489558367,0.0046683659572522,1.3425324914051229,1.938691378304444,0.0191986014112628,0.0191986014112628,2.0,2.0,0.0445075757575757,1
0.0202371657711265,0.0023922992111824,0.1359689662639988,-1.402226221195745,0.0175433502102788,0.0175433502102788,2.0,3.0,0.03125,1
0.0183205338461953,0.002436898954568,-0.1050243395478074,-0.619600485221639,0.01540344543429,0.01540344543429,3.0,2.0,0.0659722222222222,1
0.0163508833070332,0.0025816144224496,-0.2186715606883654,-1.4868382669811968,0.0132581361723013,0.0132581361723013,2.0,2.0,0.060290404040404,1
0.0137702344261974,0.0037022289918183,-0.7790133204436556,0.4038610808227059,0.0088760058879196,0.0088760058879196,2.0,3.0,0.0924873737373737,1
0.0111373072493087,0.0038657665058617,0.0622713054568882,-3.5395214810346243,0.0070116415027239,0.0070116415027239,3.0,2.0,0.1950757575757575,1
0.0085472042288678,0.0035089484048257,0.8939683627343172,0.7669653992565362,0.0050430333525265,0.0050430333525265,2.0,2.0,0.1704545454545454,1
0.0060013873503247,0.0025011330252507,-0.0493878965020227,-1.2751067961227758,0.003074868658129,0.003074868658129,2.0,2.0,0.1496212121212121,1
0.0067017598248188,0.0036859954808058,0.944430573083496,0.8299887919984581,0.003074868658129,0.0116774957858961,3.0,2.0,0.1568813131313131,1
0.007139889207054,0.0038362013531334,0.2517926810618424,-2.3676707556070085,0.003074868658129,0.0087641590316646,2.0,2.0,0.1625631313131312,1
0.0073401470723938,0.0037090549559194,0.0462416736220136,-1.2766842577029287,0.003074868658129,0.0058440648138856,2.0,3.0,0.1796085858585858,1
0.0073020890148405,0.0037677257808034,-0.0025764208152968,-1.2026683533558271,0.002922636427916,0.002922636427916,3.0,2.0,0.1281565656565656,1
0.0121450029946289,0.0128264155997949,1.795290583139536,3.329562949631555,0.002922636427916,0.0310491517050496,3.0,2.0,0.1581439393939394,1
0.016947799928562,0.0146111037219837,0.0036797525768144,-5.584730347464592,0.002922636427916,0.0279753467673969,2.0,2.0,0.1392045454545454,1
0.0189874916109802,0.0130280670423279,-0.5393716214780481,-2.5178554637870807,0.002922636427916,0.0140028315435583,2.0,2.0,0.1240530303030303,1
0.0285123105753632,0.0111615263258463,-0.518186715598349,1.287588526532545,0.0140028315435583,0.0410219122854482,3.0,2.0,0.1751893939393939,1
0.0305515240609977,0.0124502341957645,-0.9510143827367572,-0.6437391095394531,0.0140028315435583,0.0392060056475875,2.0,2.0,0.1505681818181818,1
0.032908860990343,0.012690233783027,-1.919150298726764,3.73253710421152,0.0140028315435583,0.0374046944847781,2.0,2.0,0.1297348484848484,1
0.0383402154524366,0.0022831744529897,0.0725848494733357,-1.283721275748384,0.035728249391933,0.035728249391933,2.0,3.0,0.1240530303030303,1
0.0360120274165104,0.0032008444331211,-0.902697853694882,0.8100836498750734,0.0317091601417431,0.0317091601417431,3.0,2.0,0.1584595959595959,1
0.0298657817499454,0.0104403774817688,-1.70278634186793,2.8937926027198024,0.0146210229813275,0.0146210229813275,2.0,2.0,0.139520202020202,1
0.0228826227638935,0.012793424734406,-0.0536067463001186,-4.752422611083999,0.0094720585405706,0.0094720585405706,2.0,2.0,0.1306818181818181,1
0.0145120973257486,0.0125380267846923,1.0527156208245898,1.437519933797713,0.0022461476393535,0.0022461476393535,2.0,2.0,0.1287878787878787,1
0.0065848072903129,0.0067107038138597,0.387963330115015,-2.8581409055554623,0.0,0.0,2.361111111111111,2.3055555555555554,0.1363724046015712,0
0.002929551544981,0.0044883546797973,1.691705816861235,2.7607065294804443,0.0,0.0,3.0,3.0,0.2111742424242424,0
0.0005615369098383,0.0011230738196782,2.0,3.9999999991126063,0.0,0.0,3.0,2.0,0.0991161616161616,0
0.0,0.0,0.0,-3.0,0.0,0.0,2.0,2.0,0.1325757575757575,0
0.0,0.0,0.0,-3.0,0.0,0.0,2.0,3.0,0.1335227272727272,0
0.0322092210155765,0.0644184420311531,2.0,3.999999999999997,0.0,0.1288368840623063,1.0,3.0,0.0606060606060606,1
0.0607907280456754,0.070444618756809,0.0366167619478711,-5.788966788840458,0.0,0.1143260281203954,3.0,3.0,0.1568813131313131,1
0.0812440049585031,0.0576206404495398,-1.3669044214500994,1.5880526469898104,0.0,0.081813107651311,3.0,2.0,0.091540404040404,1
0.100652965400544,0.0249400222907775,0.2605339252338029,-4.259002140350043,0.0776358417681633,0.0776358417681633,2.0,2.0,0.0959595959595959,1
0.0873707424926977,0.0181499564684597,1.884914613667766,3.5897908717866116,0.0757079924309213,0.0757079924309213,2.0,3.0,0.1243686868686868,1
0.0676608393134418,0.0216004444423396,-1.915572190560371,3.7386185511253096,0.0354864154033716,0.0354864154033716,3.0,2.0,0.2294823232323232,1
0.0544297913702206,0.0258358306063509,-0.051345869623751,-5.649543634169338,0.0288889158784264,0.0288889158784264,2.0,3.0,0.2351641414141414,1
0.0405888656842618,0.0240262312435851,1.7032507596524882,3.036563380954071,0.0222721390243282,0.0222721390243282,3.0,3.0,0.2537878787878788,1
0.0267631473005295,0.0068607088790847,0.6726074618689346,-1.6865760986674765,0.0204051188959919,0.0204051188959919,3.0,2.0,0.0899621212121212,1
0.0225249498229348,0.0045088184084435,1.342723054846549,1.9391667755297188,0.0185336254929929,0.0185336254929929,2.0,2.0,0.0445075757575757,1
0.0195365575455864,0.002310120851993,0.1361266553904411,-1.4019982492209897,0.0169353467690327,0.0169353467690327,2.0,3.0,0.03125,1
0.0176858144178318,0.0023530198734149,-0.1049510388310042,-0.6196190591914501,0.01486916651331,0.01486916651331,3.0,2.0,0.0659722222222222,1
0.0157840515804644,0.0024925724762948,-0.2185125947449441,-1.4871268446902466,0.0127980675465221,0.0127980675465221,2.0,2.0,0.060290404040404,1
0.0132925855472229,0.0035741585729925,-0.7788344015569042,0.4036273046708984,0.0085677613600269,0.0085677613600269,2.0,3.0,0.0924873737373737,1
0.0107507560653977,0.0037318615077926,0.0623071374844531,-3.5394536718320886,0.0067680288417319,0.0067680288417319,3.0,2.0,0.1950757575757575,1
0.0082503986684577,0.0033873210689592,0.8940215846343292,0.7670520619657335,0.0048677369255502,0.0048677369255502,2.0,2.0,0.1704545454545454,1
0.0057928739177136,0.0024143250451303,-0.0493080495062084,-1.2751388644549362,0.0029679685435455,0.0029679685435455,2.0,2.0,0.1496212121212121,1
0.0064740180388928,0.0035672197475794,0.9494310001143113,0.8430719770596298,0.0029679685435455,0.0112923378447438,3.0,2.0,0.1568813131313131,1
0.0069007353631149,0.00371321506266,0.2522075305299099,-2.3765574519963018,0.0029679685435455,0.0084748981386204,2.0,2.0,0.1625631313131312,1
0.0070965861619052,0.0035888193873865,0.0445318783399975,-1.2739343595011707,0.0029679685435455,0.0056511401207114,2.0,3.0,0.1796085858585858,1
0.0070611277149303,0.0036434926629353,-0.002491109718606,-1.202580315565248,0.0028261347556457,0.0028261347556457,3.0,2.0,0.1281565656565656,1
0.0117407583885364,0.0123964570332339,1.7950719553236287,3.328858364617961,0.0028261347556457,0.0300108605391685,3.0,2.0,0.1581439393939394,1
0.0163818731140886,0.0141213542185754,0.0036618789016985,-5.584418239036802,0.0028261347556457,0.0270393570408289,2.0,2.0,0.1392045454545454,1
0.0183525455302799,0.0125918817237957,-0.5391956231284702,-2.5185997957972344,0.0028261347556457,0.0135338297854767,2.0,2.0,0.1240530303030303,1
0.0275472768495604,0.0107717850739625,-0.5248624661412029,1.2906066249645889,0.0135338297854767,0.0396050600327678,3.0,2.0,0.1751893939393939,1
0.0295072893492125,0.01201142633258,-0.9541443346784694,-0.6275154406303187,0.0135338297854767,0.0378509105377766,2.0,2.0,0.1505681818181818,1
0.0317751908140948,0.0122442829367106,-1.918966010794875,3.731933413036693,0.0135338297854767,0.0361109629003583,2.0,2.0,0.1297348484848484,1
0.0370147483897624,0.002205271413653,0.0728754035834709,-1.2839538004894155,0.0344920600881471,0.0344920600881471,2.0,3.0,0.1240530303030303,1
0.0347663836224605,0.0030908290187823,-0.902290666228344,0.8094022355839918,0.0306116009635601,0.0306116009635601,3.0,2.0,0.1584595959595959,1
0.028832181147672,0.0100797341594592,-1.7027310882898303,2.8935991094687914,0.0141141006386226,0.0141141006386226,2.0,2.0,0.139520202020202,1
0.0220903349136806,0.0123511617687078,-0.0535690090735137,-4.752484467005921,0.0091435779643928,0.0091435779643928,2.0,2.0,0.1306818181818181,1
0.0140093804418573,0.0121041767056268,1.0528401031130823,1.4377782430542645,0.002168242200854,0.002168242200854,2.0,2.0,0.1287878787878787,1
0.0063564802009673,0.0064780338295018,0.3879806141557705,-2.858074709882205,0.0,0.0,2.361111111111111,2.3055555555555554,0.1363724046015712,0
0.0028279550413116,0.0043327040582752,1.6917089936273622,2.760720352655916,0.0,0.0,3.0,3.0,0.2111742424242424,0
0.0005420605502135,0.0010841211004291,1.9999999999996303,3.999999999998771,0.0,0.0,3.0,2.0,0.0991161616161616,0
0.0,0.0,0.0,-3.0,0.0,0.0,2.0,2.0,0.1325757575757575,0
0.0,0.0,0.0,-3.0,0.0,0.0,2.0,3.0,0.1335227272727272,0
0.0347748539895772,0.0695497079791545,2.0,3.999999999999997,0.0,0.1390994159583091,1.0,3.0,0.0606060606060606,1
0.0656424320287909,0.0760654323010483,0.0364326532842903,-5.790025984981785,0.0,0.1234703121568548,3.0,3.0,0.1568813131313131,1
0.0877460432215193,0.0622179158122797,-1.3689556008895187,1.5957357651536626,0.0,0.0884144447709136,3.0,2.0,0.091540404040404,1
0.1087238080790429,0.0268841940555494,0.2600721798096447,-4.261504272280936,0.0839110594300943,0.0839110594300943,2.0,2.0,0.0959595959595959,1
0.0944069457897178,0.0195693898737406,1.8849210759126824,3.5898254571344133,0.0818319668010086,0.0818319668010086,2.0,3.0,0.1243686868686868,1
0.0731266801410522,0.0233471645496648,-1.915994180443525,3.7398651379674206,0.0383492495621923,0.0383492495621923,3.0,2.0,0.2294823232323232,1
0.0588295398852426,0.027926083330651,-0.0512439364842821,-5.65037534008382,0.0312258837476754,0.0312258837476754,2.0,3.0,0.2351641414141414,1
0.043871739840811,0.0259686538176486,1.703784912981008,3.0382964813714572,0.0240798592523677,0.0240798592523677,3.0,3.0,0.2537878787878788,1
0.0289294681945718,0.0074088807693956,0.6723186176015463,-1.6876257376284247,0.0220628802160521,0.0220628802160521,3.0,2.0,0.0899621212121212,1
0.0243522629470927,0.0048701148394448,1.3422904150326471,1.9380876036253696,0.0200404285722757,0.0200404285722757,2.0,2.0,0.0445075757575757,1
0.0211240650089899,0.0024962592555707,0.1357686589998066,-1.4025156798234253,0.0183130919952641,0.0183130919952641,2.0,3.0,0.03125,1
0.0191240747973055,0.0025430286758769,-0.1051174823293713,-0.6195768633640899,0.0160798984056304,0.0160798984056304,3.0,2.0,0.0659722222222222,1
0.017068518002852,0.002694296308441,-0.2188736440440384,-1.4864712855851856,0.0138406530382381,0.0138406530382381,2.0,2.0,0.060290404040404,1
0.0143749899920093,0.0038643421440858,-0.7792407207315429,0.4041583049947199,0.0092663165289048,0.0092663165289048,2.0,3.0,0.0924873737373737,1
0.0116267483157515,0.0040352843744286,0.0622257594140249,-3.539607641744512,0.007320125290233,0.007320125290233,3.0,2.0,0.1950757575757575,1
0.0089230282062922,0.0036629322281242,0.8939006672689698,0.7668551934340258,0.005265017967793,0.005265017967793,2.0,2.0,0.1704545454545454,1
0.0062654255214869,0.0026110469315934,-0.0494894483204963,-1.2750660234676907,0.0032102422990169,0.0032102422990169,2.0,2.0,0.1496212121212121,1
0.0069896209048684,0.0038354511679639,0.9380552604677428,0.8133393039141215,0.0032102422990169,0.0121630980624307,3.0,2.0,0.1568813131313131,1
0.0074418081807319,0.0039908785998563,0.2512608749122045,-2.3563384789748927,0.0032102422990169,0.0091288743936872,2.0,2.0,0.1625631313131312,1
0.0076473833085661,0.0038604195879134,0.0484178902948042,-1.280174875087928,0.0032102422990169,0.0060873184791296,2.0,3.0,0.1796085858585858,1
0.0076059014195464,0.0039243536655529,-0.002684013035303,-1.2027793534003788,0.0030443147429384,0.0030443147429384,3.0,2.0,0.1281565656565656,1
0.0126550445830083,0.0133692099179468,1.795566823005238,3.3304532344509923,0.0030443147429384,0.0323596707162783,3.0,2.0,0.1581439393939394,1
0.0176620237390272,0.0152293764329341,0.0037023393006535,-5.585124698014745,0.0030443147429384,0.0291567910177628,2.0,2.0,0.1392045454545454,1
0.0197889128842876,0.013578668184912,-0.5395941326299336,-2.5169142694695577,0.0030443147429384,0.0145948750601709,2.0,2.0,0.1240530303030303,1
0.0297316208249442,0.0116552819517077,-0.5097167670005595,1.2838387743369817,0.0145948750601709,0.042815146505565,3.0,2.0,0.1751893939393939,1
0.0318719981090495,0.0130065562628037,-0.9470522598804472,-0.6642898650359257,0.0145948750601709,0.0409211798526996,2.0,2.0,0.1505681818181818,1
0.034343374174585,0.0132554583825309,-1.919383539617392,3.733301194209549,0.0145948750601709,0.0390422952799048,2.0,2.0,0.1297348484848484,1
0.040017920643685,0.0023816699319974,0.0722158560238736,-1.2834255115200437,0.0372930609365708,0.0372930609365708,2.0,3.0,0.1240530303030303,1
0.0375887678412358,0.0033400270814747,-0.903214910299464,0.8109495697178541,0.033098535295768,0.033098535295768,3.0,2.0,0.1584595959595959,1
0.0311741768321713,0.0108968282152794,-1.702856529777104,2.8940384079226114,0.0152628158164418,0.0152628158164418,2.0,2.0,0.139520202020202,1
0.0238855885624149,0.0133532145501457,-0.0536547164917578,-4.752343893471425,0.009887942200879,0.009887942200879,2.0,2.0,0.1306818181818181,1
0.0151485192384086,0.0130872133040229,1.0525573479495625,1.437191537160713,0.0023447836405456,0.0023447836405456,2.0,2.0,0.1287878787878787,1
0.0068738854144666,0.0070052778952886,0.3879413558830527,-2.858225062323257,0.0,0.0,2.361111111111111,2.3055555555555554,0.1363724046015712,0
0.0030581814603561,0.0046854212158935,1.6917017777211505,2.76068895380865,0.0,0.0,3.0,3.0,0.2111742424242424,0
0.0005861959101364,0.0011723918202739,1.9999999999996847,3.999999999251717,0.0,0.0,3.0,2.0,0.0991161616161616,0
0.0,0.0,0.0,-3.0,0.0,0.0,2.0,2.0,0.1325757575757575,0
0.0,0.0,0.0,-3.0,0.0,0.0,2.0,3.0,0.1335227272727272,0
0.0347375421084767,0.0694750842169535,2.0,3.999999999999993,0.0,0.1389501684339071,1.0,3.0,0.0606060606060606,1
0.0655718635357281,0.0759836785186647,0.036435335856802,-5.790010551728646,0.0,0.1233372857090055,3.0,3.0,0.1568813131313131,1
0.0876514502069229,0.0621510493917897,-1.3689256500616471,1.5956235330383317,0.0,0.0883183466847792,3.0,2.0,0.091540404040404,1
0.1086063743610779,0.0268559679802995,0.2600789033995354,-4.261467842797655,0.0838196966166198,0.0838196966166198,2.0,2.0,0.0959595959595959,1
0.0943045324753738,0.0195487771486695,1.8849209854384208,3.5898249660980035,0.081742800891091,0.081742800891091,2.0,3.0,0.1243686868686868,1
0.0730471046000638,0.0233217329218074,-1.9159880303240877,3.739846966729679,0.0383075742077653,0.0383075742077653,3.0,2.0,0.2294823232323232,1
0.0587654821703271,0.0278956486585212,-0.0512454145923679,-5.650363260333435,0.0311918569658323,0.0311918569658323,2.0,3.0,0.2351641414141414,1
0.0438239409011977,0.0259403731358728,1.7037771335262395,3.038271257756076,0.0240535315401022,0.0240535315401022,3.0,3.0,0.2537878787878788,1
0.0288979243554626,0.0074009067356904,0.672322750101557,-1.6876108134916343,0.0220387347081506,0.0220387347081506,3.0,2.0,0.0899621212121212,1
0.0243256509416081,0.0048648582287237,1.3422967513316648,1.9381034060439717,0.0200184805523475,0.0200184805523475,2.0,2.0,0.0445075757575757,1
0.0211009424030831,0.0024935498864924,0.1357738963639347,-1.4025081013219385,0.0182930228117323,0.0182930228117323,2.0,3.0,0.03125,1
0.0191031247125855,0.0025402625138097,-0.1051150699445021,-0.6195774582531506,0.0160622607781116,0.0160622607781116,3.0,2.0,0.0659722222222222,1
0.0170498070888382,0.0026913591462527,-0.2188684127015704,-1.4864808026880585,0.0138254642131618,0.0138254642131618,2.0,2.0,0.060290404040404,1
0.0143592217107462,0.0038601158435988,-0.7792347159067691,0.4041503215220281,0.0092561390399791,0.0092561390399791,2.0,3.0,0.0924873737373737,1
0.0116139863376458,0.0040308646945505,0.062226991766563,-3.53960526056378,0.0073120813193307,0.0073120813193307,3.0,2.0,0.1950757575757575,1
0.0089132284792298,0.0036589173928472,0.8939024031206655,0.7668580532298357,0.0052592293444478,0.0052592293444478,2.0,2.0,0.1704545454545454,1
0.0062585404793203,0.0026081809715224,-0.0494867822216116,-1.2750672550030302,0.0032067122135239,0.0032067122135239,2.0,2.0,0.1496212121212121,1
0.006982122321513,0.0038315677921816,0.938222306534397,0.8137750392057548,0.0032067122135239,0.0121504664087499,3.0,2.0,0.1568813131313131,1
0.0074339487459956,0.0039868606783725,0.2512748619975008,-2.356635490453545,0.0032067122135239,0.0091193870172609,2.0,2.0,0.1625631313131312,1
0.0076393890686325,0.0038564855536377,0.0483609270424268,-1.2800836444681245,0.0032067122135239,0.0060809906349955,2.0,3.0,0.1796085858585858,1
0.0075979983784847,0.0039202794620155,-0.0026812103110058,-1.2027764664232308,0.0030411494529326,0.0030411494529326,3.0,2.0,0.1281565656565656,1
0.012641771743982,0.0133550802608039,1.7955596210411409,3.330430022887409,0.0030411494529326,0.0323255598707393,3.0,2.0,0.1581439393939394,1
0.0176434347564825,0.0152132820234756,0.0037017508118305,-5.585114414768888,0.0030411494529326,0.0291260390672629,2.0,2.0,0.1392045454545454,1
0.0197680530864288,0.0135643360888866,-0.5395883285692954,-2.5169388185521875,0.0030411494529326,0.0145794639547805,2.0,2.0,0.1240530303030303,1
0.0296998656420517,0.0116424034758914,-0.5099380983577498,1.2839356271555609,0.0145794639547805,0.0427683996754242,3.0,2.0,0.1751893939393939,1
0.0318375922753846,0.0129920399971406,-0.9471556668695394,-0.6637533159924303,0.0145794639547805,0.0408764664040711,2.0,2.0,0.1505681818181818,1
0.0343059832265601,0.0132407120817522,-1.919377458296828,3.7332812738607046,0.0145794639547805,0.0389996028719649,2.0,2.0,0.1297348484848484,1
0.0399741835974278,0.0023791037394639,0.072225506806862,-1.2834329765374797,0.037252265438251,0.037252265438251,2.0,3.0,0.1240530303030303,1
0.0375476618184018,0.0033363997457308,-0.9032015306862908,0.8109271481905882,0.0330623125593205,0.0330623125593205,3.0,2.0,0.1584595959595959,1
0.0311400657713877,0.0108849292475903,-1.702854665009948,2.894031859133136,0.0152460822160146,0.0152460822160146,2.0,2.0,0.139520202020202,1
0.0238594397110157,0.0133386211062886,-0.053653450762018,-4.752345886800411,0.0098770986304767,0.0098770986304767,2.0,2.0,0.1306818181818181,1
0.0151319263082444,0.0130728955363709,1.0525614795716374,1.437200101983187,0.0023422118271659,0.0023422118271659,2.0,2.0,0.1287878787878787,1
0.0068663481684142,0.0069975973938064,0.387941936008725,-2.85822283975528,0.0,0.0,2.361111111111111,2.3055555555555554,0.1363724046015712,0
0.0030548276144106,0.004680282989465,1.691701884087316,2.7606894166472813,0.0,0.0,3.0,3.0,0.2111742424242424,0
0.0005855529567914,0.0011711059135845,1.9999999999996836,3.999999999998945,0.0,0.0,3.0,2.0,0.0991161616161616,0
0.0,0.0,0.0,-3.0,0.0,0.0,2.0,2.0,0.1325757575757575,0
0.0,0.0,0.0,-3.0,0.0,0.0,2.0,3.0,0.1335227272727272,0
0.0338556828461441,0.0677113656922883,2.000000000000001,3.999999999999997,0.0,0.1354227313845766,1.0,3.0,0.0606060606060606,1
0.0639040821978931,0.0740515364393246,0.0364986494921593,-5.789646299798742,0.0,0.1201935974069961,3.0,3.0,0.1568813131313131,1
0.0854160638674794,0.0605707488602729,-1.368219306750732,1.5929771020737356,0.0,0.086047926678345,3.0,2.0,0.091540404040404,1
0.1058313788507142,0.0261884268014041,0.2602376322944609,-4.260607795610348,0.0816612599329391,0.0816612599329391,2.0,2.0,0.0959595959595959,1
0.0918847736099489,0.0190613340671425,1.8849188126002896,3.589813250386769,0.0796363104215154,0.0796363104215154,2.0,3.0,0.1243686868686868,1
0.0711671146808765,0.0227209126752619,-1.9158428413673505,3.739418014206215,0.0373229616907068,0.0373229616907068,3.0,2.0,0.2294823232323232,1
0.0572521322565357,0.0271766477549486,-0.0512805606542539,-5.650076655092311,0.0303879969809816,0.0303879969809816,2.0,3.0,0.2351641414141414,1
0.0426947217997048,0.0252722470723961,1.7035930134393629,3.037673859159888,0.0234316181056157,0.0234316181056157,3.0,3.0,0.2537878787878788,1
0.0281527404892807,0.0072124644639549,0.6724223859754526,-1.6872487037401704,0.021468385179819,0.021468385179819,3.0,2.0,0.0899621212121212,1
0.0236970124178136,0.0047406394246524,1.3424459134862263,1.938475423115964,0.0195000494048384,0.0195000494048384,2.0,2.0,0.0445075757575757,1
0.0205547582455942,0.0024295355234222,0.1358973260131294,-1.402329763118713,0.0178189802921037,0.0178189802921037,2.0,3.0,0.03125,1
0.0186082698244247,0.0024749100595646,-0.1050576471424006,-0.6195920416715754,0.0156456644209377,0.0156456644209377,3.0,2.0,0.0659722222222222,1
0.0166078526404512,0.0026219696850156,-0.2187438129479616,-1.4867070740485104,0.013466716443925,0.013466716443925,2.0,2.0,0.060290404040404,1
0.013986780292242,0.003760282011776,-0.7790946378194076,0.4039673621540469,0.0090157600120018,0.0090157600120018,2.0,3.0,0.0924873737373737,1
0.0113125590214535,0.0039264686958109,0.0622550171117088,-3.539552301244523,0.0071220952089495,0.0071220952089495,3.0,2.0,0.1950757575757575,1
0.0086817715635899,0.0035640869017867,0.8939441651418034,0.7669260010062686,0.0051225145894836,0.0051225145894836,2.0,2.0,0.1704545454545454,1
0.0060959271339735,0.0025404893742424,-0.0494242013723855,-1.2750922074418494,0.0031233387254592,0.0031233387254592,2.0,2.0,0.1496212121212121,1
0.0068048969860969,0.0037396303590347,0.9421534449237716,0.8240379590445368,0.0031233387254592,0.0118516394204955,3.0,2.0,0.1568813131313131,1
0.0072481103187687,0.0038917200232237,0.2516031028910278,-2.3636233806682796,0.0031233387254592,0.0088949485396367,2.0,2.0,0.1625631313131312,1
0.0074503058659224,0.0037633656371597,0.0470194456243209,-1.2779330049170348,0.0031233387254592,0.0059312967780986,2.0,3.0,0.1796085858585858,1
0.0074110388416523,0.0038238951579495,-0.0026150006179467,-1.2027081590912836,0.0029662706283787,0.0029662706283787,3.0,2.0,0.1281565656565656,1
0.0123278626705204,0.0130209780384168,1.79538956973122,3.329881966571371,0.0029662706283787,0.0315189347359679,3.0,2.0,0.1581439393939394,1
0.0172038390257507,0.0148327215661655,0.0036878458053058,-5.584871657847388,0.0029662706283787,0.0283988539605578,2.0,2.0,0.1392045454545454,1
0.0192747779147524,0.0132254347479054,-0.5394513379623911,-2.517518292395806,0.0029662706283787,0.0142150523341054,2.0,2.0,0.1240530303030303,1
0.0289492360238445,0.0113382874185576,-0.5151561239997264,1.28623663819943,0.0142150523341054,0.0416641030647469,3.0,2.0,0.1751893939393939,1
0.0310245594551917,0.0126493417547321,-0.9495955561089388,-0.6510965347095805,0.0142150523341054,0.0398202284613567,2.0,2.0,0.1505681818181818,1
0.0334226272341165,0.0128925473485372,-1.9192338270329847,3.732810735335029,0.0142150523341054,0.0379911250762573,2.0,2.0,0.1297348484848484,1
0.0389410160949084,0.0023184606862735,0.0724528670608112,-1.2836155563306928,0.0362886077772728,0.0362886077772728,2.0,3.0,0.1240530303030303,1
0.0365766625440826,0.0032506958050166,-0.902882796233789,0.8103932919431625,0.0322066888614437,0.0322066888614437,3.0,2.0,0.1584595959595959,1
0.0303343139815273,0.0106038405658437,-1.7028114462206545,2.8938805200463733,0.0148508342111356,0.0148508342111356,2.0,2.0,0.139520202020202,1
0.0232417766684456,0.012993890661618,-0.0536238991843281,-4.752394479961602,0.0096209758239305,0.0096209758239305,2.0,2.0,0.1306818181818181,1
0.0147399913498943,0.0127346897542879,1.0526590336645454,1.4374025190010276,0.0022814665030678,0.0022814665030678,2.0,2.0,0.1287878787878787,1
0.0066883191345334,0.0068161839420221,0.3879554730726506,-2.858170996676371,0.0,0.0,2.361111111111111,2.3055555555555554,0.1363724046015712,0
0.0029756105817495,0.0045589191654891,1.6917043726967376,2.7607002454408516,0.0,0.0,3.0,3.0,0.2111742424242424,0
0.0005703666257669,0.0011407332515334,1.9999999999939124,4.000000000894566,0.0,0.0,3.0,2.0,0.0991161616161616,0
0.0,0.0,0.0,-3.0,0.0,0.0,2.0,2.0,0.1325757575757575,0
0.0,0.0,0.0,-3.0,0.0,0.0,2.0,3.0,0.1335227272727272,0
0.0355584170577338,0.0711168341154676,2.0000000000000004,4.0,0.0,0.1422336682309354,1.0,3.0,0.0606060606060606,1
0.0671244631398104,0.0777823596438361,0.0363763605008337,-5.790349846973644,0.0,0.1262641843283062,3.0,3.0,0.1568813131313131,1
0.0897327521394194,0.063622189788102,-1.3695845444693893,1.5980928569825803,0.0,0.0904331559984361,3.0,2.0,0.091540404040404,1
0.1111903462409827,0.0274766413015272,0.2599311138638794,-4.262268537656578,0.0858303764062532,0.0858303764062532,2.0,2.0,0.0959595959595959,1
0.0965582205792425,0.0200020695736803,1.8849229589811192,3.5898356988286224,0.0837051655839746,0.0837051655839746,2.0,3.0,0.1243686868686868,1
0.0747983479429759,0.0238814373221276,-1.916123330297159,3.7402467558717305,0.0392246937832399,0.0392246937832399,3.0,2.0,0.2294823232323232,1
0.06017523890585,0.028565462461371,-0.0512126265625987,-5.650630568933423,0.0319407198499325,0.0319407198499325,2.0,3.0,0.2351641414141414,1
0.0448758941269197,0.0265627683868149,1.703948964278978,3.0388287334454667,0.0246329972905319,0.0246329972905319,3.0,3.0,0.2537878787878788,1
0.0295921483747514,0.0075763426133674,0.6722299399720473,-1.6879478574455558,0.0225701825753016,0.0225701825753016,3.0,2.0,0.0899621212121212,1
0.0249113673330302,0.0049805203429377,1.342157409631558,1.9377559308549517,0.0205015696163552,0.0205015696163552,2.0,2.0,0.0445075757575757,1
0.0216098784366019,0.0025531719872256,0.1356586079886952,-1.4026746537962411,0.0187347642642189,0.0187347642642189,2.0,3.0,0.03125,1
0.0195642513145384,0.0026011378338947,-0.1051686614422034,-0.6195638832183903,0.016450488802278,0.016450488802278,3.0,2.0,0.0659722222222222,1
0.0174616535838657,0.002756002341412,-0.2189847142026917,-1.4862695175397906,0.0141597916526109,0.0141597916526109,2.0,2.0,0.060290404040404,1
0.0147063024779709,0.0039531369528134,-0.7793657470290122,0.4043218438343618,0.0094801651927761,0.0094801651927761,2.0,3.0,0.0924873737373737,1
0.0118948982743339,0.0041281441858477,0.0622006989932131,-3.5396550613127875,0.0074891474496707,0.0074891474496707,3.0,2.0,0.1950757575757575,1
0.0091289386731475,0.0037472869547386,0.893863452467455,0.766794600632478,0.0053866503975323,0.0053866503975323,2.0,2.0,0.1704545454545454,1
0.0064100954371843,0.0026712653873936,-0.0495453081209635,-1.2750435062185037,0.0032844187087582,0.0032844187087582,2.0,2.0,0.1496212121212121,1
0.0071470946010701,0.0039168907849645,0.9345414549492828,0.8041777196438549,0.0032844187087582,0.0124281618483193,3.0,2.0,0.1568813131313131,1
0.0076067981123027,0.0040751266339066,0.2509663705920088,-2.3500915059294005,0.0032844187087582,0.0093279614946012,2.0,2.0,0.1625631313131312,1
0.0078151618173815,0.003942933375922,0.0496155743590874,-1.2820914327559445,0.0032844187087582,0.0062201052178474,2.0,3.0,0.1796085858585858,1
0.0077717414174378,0.0040098465563744,-0.0027427573774586,-1.2028399437197574,0.0031107371089834,0.0031107371089834,3.0,2.0,0.1281565656565656,1
0.0129336258544668,0.013665826633704,1.7957178907762903,3.330940120205419,0.0031107371089834,0.0330756995964355,3.0,2.0,0.1581439393939394,1
0.0180522155714253,0.0155672374868107,0.0037146927865012,-5.585340355428774,0.0031107371089834,0.0298023203624349,2.0,2.0,0.1392045454545454,1
0.0202267856571143,0.0138795254938042,-0.5397158810196686,-2.516399218051127,0.0031107371089834,0.0149183855606035,2.0,2.0,0.1240530303030303,1
0.0303984137404511,0.011925927741477,-0.5050681801723071,1.2818185158549031,0.0149183855606035,0.0437972494423305,3.0,2.0,0.1751893939393939,1
0.0325946339413861,0.0133116882197746,-0.9448819867348538,-0.6755531016869334,0.0149183855606035,0.0418605804001756,2.0,2.0,0.1505681818181818,1
0.0351288674457775,0.0135653996897309,-1.9195112772769176,3.733719676236987,0.0149183855606035,0.0399392543800006,2.0,2.0,0.1297348484848484,1
0.0409368145564505,0.0024355644758806,0.0720131692846816,-1.2832629294952795,0.0381501740032954,0.0381501740032954,2.0,3.0,0.1240530303030303,1
0.0384523963820412,0.0034162257729341,-0.9034988403505262,0.8114253711116248,0.0338595767446935,0.0338595767446935,3.0,2.0,0.1584595959595959,1
0.0318908529136195,0.0111468148990923,-1.7028951071116532,2.894173525091059,0.0156144065264888,0.0156144065264888,2.0,2.0,0.139520202020202,1
0.0244349838244551,0.0136598149328356,-0.053681093414463,-4.752300610576139,0.010115778023343,0.010115778023343,2.0,2.0,0.1306818181818181,1
0.0154971454585877,0.0133880277866155,1.0524703253101206,1.437010994620442,0.0023988205398257,0.0023988205398257,2.0,2.0,0.1287878787878787,1
0.0070322512724143,0.0071666534342699,0.3879292708928107,-2.858271344956206,0.0,0.0,2.361111111111111,2.3055555555555554,0.1363724046015712,0
0.0031286496407921,0.00479338122486,1.691699556338526,2.7606792878076867,0.0,0.0,3.0,3.0,0.2111742424242424,0
0.0005997051349564,0.0011994102699126,2.0000000000052363,3.9999999999476294,0.0,0.0,3.0,2.0,0.0991161616161616,0
0.0,0.0,0.0,-3.0,0.0,0.0,2.0,2.0,0.1325757575757575,0
0.0,0.0,0.0,-3.0,0.0,0.0,2.0,3.0,0.1335227272727272,0
0.0348329258834115,0.069665851766823,2.0000000000000004,3.999999999999997,0.0,0.1393317035336462,1.0,3.0,0.0606060606060606,1
0.0657522646245291,0.0761926735926296,0.0364284820983709,-5.790049982465297,0.0,0.1236773549644702,3.0,3.0,0.1568813131313131,1
0.0878932683003398,0.0623219864651568,-1.3690021765992268,1.5959102974515638,0.0,0.088564014703243,3.0,2.0,0.091540404040404,1
0.1089065832265295,0.0269281230168961,0.2600617256582995,-4.261560913154389,0.0840532597047586,0.0840532597047586,2.0,2.0,0.0959595959595959,1
0.0945663443347535,0.0196014701591241,1.884921216841224,3.589826221079697,0.0819707479665424,0.0819707479665424,2.0,3.0,0.1243686868686868,1
0.0732505339054245,0.0233867477886688,-1.9160037479540275,3.7398934068361456,0.0384141132471542,0.0384141132471542,3.0,2.0,0.2294823232323232,1
0.0589292413023557,0.0279734532729914,-0.0512416207900746,-5.650394225462423,0.0312788442909679,0.0312788442909679,2.0,3.0,0.2351641414141414,1
0.0439461356084303,0.0260126709729326,1.7037970526296005,3.0383358650009455,0.024120836929057,0.024120836929057,3.0,3.0,0.2537878787878788,1
0.0289785639885723,0.007421291116018,0.6723120681009288,-1.6876495151412634,0.0221004614871104,0.0221004614871104,3.0,2.0,0.0899621212121212,1
0.0243936830845703,0.004878296267384,1.3422805698673093,1.9380630514055144,0.0200745896311459,0.0200745896311459,2.0,2.0,0.0445075757575757,1
0.0211600542069232,0.0025004761682029,0.1357605133680932,-1.4025274493552704,0.0183443287803798,0.0183443287803798,2.0,3.0,0.03125,1
0.0191566826220761,0.0025473340241315,-0.1051212653855166,-0.6195759084716581,0.0161073505896686,0.0161073505896686,3.0,2.0,0.0659722222222222,1
0.0170976406553461,0.0026988679076935,-0.2188818483633334,-1.4864563816275336,0.0138642936201902,0.0138642936201902,2.0,2.0,0.060290404040404,1
0.0143995325767298,0.0038709202069791,-0.7792499883467265,0.4041704630218135,0.0092821573166807,0.0092821573166807,2.0,3.0,0.0924873737373737,1
0.0116466117348377,0.0040421633728621,0.0622238935886872,-3.539611186087903,0.0073326454128114,0.0073326454128114,3.0,2.0,0.1950757575757575,1
0.0089382810040903,0.0036691810796159,0.8938979239598517,0.7668507165131846,0.0052740276666791,0.0052740276666791,2.0,2.0,0.1704545454545454,1
0.006276141785704,0.0026155076624623,-0.0494935847005607,-1.275064308362575,0.0032157367466451,0.0032157367466451,2.0,2.0,0.1496212121212121,1
0.0070012916161476,0.0038414945675301,0.9377954596007416,0.8126615816272587,0.0032157367466451,0.0121827566384548,3.0,2.0,0.1568813131313131,1
0.0074540401538107,0.0039971313035089,0.2512391307919731,-2.355876604380496,0.0032157367466451,0.009143639563464,2.0,2.0,0.1625631313131312,1
0.0076598248566187,0.0038665418798169,0.0485064853853484,-1.2803167553341357,0.0032157367466451,0.0060971664779111,2.0,3.0,0.1796085858585858,1
0.0076182008877523,0.0039306943264339,-0.0026883694682745,-1.2027838470567218,0.0030492408711793,0.0030492408711793,3.0,2.0,0.1281565656565656,1
0.0126757013817785,0.013391200498113,1.795578020301699,3.330489322573367,0.0030492408711793,0.0324127586145597,3.0,2.0,0.1581439393939394,1
0.0176909543338164,0.0152544248305033,0.0037032548999106,-5.5851406829187695,0.0030492408711793,0.0292046513716157,2.0,2.0,0.1392045454545454,1
0.0198213777032904,0.0136009737741492,-0.539603155281834,-2.5168761013877727,0.0030492408711793,0.014618859955807,2.0,2.0,0.1240530303030303,1
0.0297810437625324,0.0116753270242961,-0.5093725861870027,1.283688278539964,0.014618859955807,0.0428879051081474,3.0,2.0,0.1751893939393939,1
0.0319255475321703,0.0130291509029425,-0.9468914695799884,-0.6651241753789243,0.014618859955807,0.0409907736931113,2.0,2.0,0.1505681818181818,1
0.0344015706371464,0.0132784109324529,-1.9193930030109576,3.7333321964113466,0.014618859955807,0.0391087437915199,2.0,2.0,0.1297348484848484,1
0.0400859949061253,0.0023856638688063,0.0722008529943925,-1.283413532463806,0.0373565570317226,0.0373565570317226,2.0,3.0,0.1240530303030303,1
0.0376527470819434,0.0033456728645832,-0.9032358978383442,0.8109847301313131,0.0331549138114201,0.0331549138114201,3.0,2.0,0.1584595959595959,1
0.0312272688702925,0.0109153483018406,-1.702859392485999,2.894048438937066,0.0152888608465074,0.0152888608465074,2.0,2.0,0.139520202020202,1
0.0239262878386482,0.0133759284130678,-0.053656671136701,-4.75234070843074,0.0099048196649428,0.0099048196649428,2.0,2.0,0.1306818181818181,1
0.0151743452144352,0.0131094980308244,1.0525509106853208,1.437178183733387,0.0023487865348705,0.0023487865348705,2.0,2.0,0.1287878787878787,1
0.0068856167615801,0.0070172322182815,0.3879404600702513,-2.8582284933139164,0.0,0.0,2.361111111111111,2.3055555555555554,0.1363724046015712,0
0.0030634015499533,0.0046934186032638,1.691701613135521,2.760688237645873,0.0,0.0,3.0,3.0,0.2111742424242424,0
0.0005871966337176,0.0011743932674335,1.9999999999996867,4.000000000741114,0.0,0.0,3.0,2.0,0.0991161616161616,0
0.0,0.0,0.0,-3.0,0.0,0.0,2.0,2.0,0.1325757575757575,0
0.0,0.0,0.0,-3.0,0.0,0.0,2.0,3.0,0.1335227272727272,0
0.0332047687758814,0.0664095375517628,1.9999999999999991,4.000000000000007,0.0,0.1328190751035258,1.0,3.0,0.0606060606060606,1
0.062673175041198,0.0726255022184847,0.0365453600708372,-5.789377568948271,0.0,0.1178736250612663,3.0,3.0,0.1568813131313131,1
0.0837664465575888,0.05940439257924,-1.3676988650469737,1.591027656234676,0.0,0.0843730860655631,3.0,2.0,0.091540404040404,1
0.1037837349865612,0.0256952047043969,0.2603547804061988,-4.259972989509091,0.0800691537158899,0.0800691537158899,2.0,2.0,0.0959595959595959,1
0.0900996097286198,0.0187012316418212,1.8849171747549756,3.589804481760087,0.0780825740717599,0.0780825740717599,2.0,3.0,0.1243686868686868,1
0.0697803598699312,0.0222777461129278,-1.915735775268683,3.739101731834758,0.0365966256265122,0.0365966256265122,3.0,2.0,0.2294823232323232,1
0.0561358573699687,0.0266463217274822,-0.0513064241020614,-5.649865629126533,0.0297950760657131,0.0297950760657131,2.0,3.0,0.2351641414141414,1
0.0418618117409498,0.0247794283999797,1.7034574809282876,3.0372341154149254,0.0229729711998141,0.0229729711998141,3.0,3.0,0.2537878787878788,1
0.0276031142992205,0.0070733895419391,0.6724956695426856,-1.686982405078508,0.021047784304843,0.021047784304843,3.0,2.0,0.0899621212121212,1
0.0232333950089605,0.0046489754954465,1.3425556929303335,1.9387492541053213,0.0191177484654721,0.0191177484654721,2.0,2.0,0.0445075757575757,1
0.0201519817355948,0.002382310067709,0.1359881648575313,-1.4021984701312995,0.01746942297225,0.01746942297225,2.0,3.0,0.03125,1
0.0182433590865436,0.0024267024059154,-0.1050154151039949,-0.6196027463412168,0.0153384806036095,0.0153384806036095,3.0,2.0,0.0659722222222222,1
0.016281961512352,0.0025707895329238,-0.2186522043037989,-1.4868734106916222,0.0132021940080764,0.0132021940080764,2.0,2.0,0.060290404040404,1
0.0137121553571001,0.003686657855824,-0.7789915291180907,0.4038325961325686,0.0088385238444648,0.0088385238444648,2.0,3.0,0.0924873737373737,1
0.0110903041471596,0.0038494852686093,0.0622756716283973,-3.539513216556225,0.0069820181324877,0.0069820181324877,3.0,2.0,0.1950757575757575,1
0.0085111132271053,0.0034941596499823,0.8939748435066965,0.7669759534168215,0.0050217169233925,0.0050217169233925,2.0,2.0,0.1704545454545454,1
0.0059760320505567,0.00249057752037,-0.0493781698045982,-1.2751107127959536,0.003061869301882,0.003061869301882,2.0,2.0,0.1496212121212121,1
0.0066740859276207,0.0036715876537149,0.945040240105356,0.8315827865558703,0.003061869301882,0.0116307393527207,3.0,2.0,0.1568813131313131,1
0.0071108422346303,0.0038212856134266,0.2518433681009998,-2.3687543303085494,0.003061869301882,0.0087290433605262,2.0,2.0,0.1625631313131312,1
0.0073105740051429,0.0036944673500646,0.046033347325,-1.2763495515907533,0.003061869301882,0.005820644005443,2.0,3.0,0.1796085858585858,1
0.0072728369743277,0.0037526445788942,-0.0025660631912321,-1.202657665850051,0.0029109211786209,0.0029109211786209,3.0,2.0,0.1281565656565656,1
0.0120959155235803,0.0127741941449856,1.7952640204323231,3.329477343278068,0.0029109211786209,0.0309230535497313,3.0,2.0,0.1581439393939394,1
0.0168790724503216,0.0145516203808606,0.0036775808641885,-5.584692427209392,0.0029109211786209,0.0278616710674914,2.0,2.0,0.1392045454545454,1
0.0189103788297392,0.0129750913219582,-0.5393502331027251,-2.5179459250522225,0.0029109211786209,0.0139458695231135,2.0,2.0,0.1240530303030303,1
0.0283950626374828,0.0111141251313215,-0.5189991138231362,1.2879528564523568,0.0139458695231135,0.0408496564095953,3.0,2.0,0.1751893939393939,1
0.0304246127916105,0.0123968503124268,-0.9513949418888836,-0.641766025680214,0.0139458695231135,0.0390412541662419,2.0,2.0,0.1505681818181818,1
0.0327710450199428,0.0126359865852195,-1.9191278937372735,3.7324637085155743,0.0139458695231135,0.0372473999808207,2.0,2.0,0.1297348484848484,1
0.0381790649456933,0.0022737070767428,0.0726202210049885,-1.283749589480072,0.0355779492261153,0.0355779492261153,2.0,3.0,0.1240530303030303,1
0.0358605791842447,0.0031874713099543,-0.9026482922361276,0.8100006871323266,0.0315757133638009,0.0315757133638009,3.0,2.0,0.1584595959595959,1
0.0297401119966307,0.0103965316058934,-1.702779613077276,2.8937690375696477,0.0145593854157862,0.0145593854157862,2.0,2.0,0.139520202020202,1
0.0227862914279764,0.0127396544369059,-0.0536021499483876,-4.7524301435496685,0.0094321177062035,0.0094321177062035,2.0,2.0,0.1306818181818181,1
0.0144509728367965,0.0124852776401949,1.052730781456639,1.4375513915546545,0.0022366748613957,0.0022366748613957,2.0,2.0,0.1287878787878787,1
0.0065570444958463,0.006682413048758,0.3879654354854963,-2.8581328422696064,0.0,0.0,2.361111111111111,2.3055555555555554,0.1363724046015712,0
0.0029171981418998,0.0044694287055823,1.691706203819207,2.760708213264799,0.0,0.0,3.0,3.0,0.2111742424242424,0
0.0005591687153489,0.0011183374306959,2.0,3.999999999097472,0.0,0.0,3.0,2.0,0.0991161616161616,0
0.0,0.0,0.0,-3.0,0.0,0.0,2.0,2.0,0.1325757575757575,0
0.0,0.0,0.0,-3.0,0.0,0.0,2.0,3.0,0.1335227272727272,0
0.0353022180186582,0.0706044360373163,1.9999999999999991,4.000000000000007,0.0,0.1412088720746328,1.0,3.0,0.0606060606060606,1
0.0666398735768521,0.077220966594526,0.0363947696927696,-5.79024393555436,0.0,0.1253506222327759,3.0,3.0,0.1568813131313131,1
0.0890831159300722,0.0631630269189638,-1.369378771873683,1.5973216186170998,0.0,0.0897729694128803,3.0,2.0,0.091540404040404,1
0.1103837853873884,0.0272829989029884,0.2599772400466082,-4.262018643614239,0.0852026778292647,0.0852026778292647,2.0,2.0,0.0959595959595959,1
0.095854702959137,0.0198606404664161,1.8849223479713064,3.5898323667675456,0.0830925423616273,0.0830925423616273,2.0,3.0,0.1243686868686868,1
0.0742516461763149,0.0237067059156344,-1.9160810886176471,3.7401219330363418,0.0389383951014873,0.0389383951014873,3.0,2.0,0.2294823232323232,1
0.0597351375438456,0.0283563550115442,-0.0512228732599069,-5.650547053685114,0.0317069348830034,0.0317069348830034,2.0,3.0,0.2351641414141414,1
0.0445474894329641,0.0263684669600175,1.7038952771988665,3.0386545508151137,0.0244520853857386,0.0244520853857386,3.0,3.0,0.2537878787878788,1
0.0293754186740407,0.0075215858103848,0.6722589596598709,-1.6878424494781168,0.0224042593259338,0.0224042593259338,3.0,2.0,0.0899621212121212,1
0.0247285055370998,0.0049444181802843,1.3422009431306745,1.937864484531204,0.0203507425537236,0.0203507425537236,2.0,2.0,0.0445075757575757,1
0.0214509830525574,0.0025345600775963,0.1356946280475336,-1.4026226257878758,0.0185968449448336,0.0185968449448336,2.0,3.0,0.03125,1
0.0194202805611962,0.002582133987184,-0.105151909314607,-0.6195681325607794,0.016329275420294,0.016329275420294,3.0,2.0,0.0659722222222222,1
0.0173330673289605,0.0027358214491803,-0.218948355256238,-1.4863355714211028,0.0140554063969911,0.0140554063969911,2.0,2.0,0.060290404040404,1
0.0145979361056386,0.0039240951771552,-0.7793248203956912,0.4042683054757656,0.0094102176604358,0.0094102176604358,2.0,3.0,0.0924873737373737,1
0.0118071902966862,0.004097772169257,0.0622089027906607,-3.5396395387954573,0.0074338617090242,0.0074338617090242,3.0,2.0,0.1950757575757575,1
0.0090615877196732,0.0037196963959182,0.8938756360349819,0.7668144371818535,0.005346865112242,0.005346865112242,2.0,2.0,0.1704545454545454,1
0.0063627751080655,0.0026515688043669,-0.049527020272094,-1.2750508790112909,0.0032601559505602,0.0032601559505602,2.0,2.0,0.1496212121212121,1
0.0070956056615658,0.0038902875178195,0.9356924058082472,0.8071774402953853,0.0032601559505602,0.0123415398744369,3.0,2.0,0.1568813131313131,1
0.0075528651828259,0.0040476088635924,0.2510629447221838,-2.3521377938447436,0.0032601559505602,0.0092628997940646,2.0,2.0,0.1625631313131312,1
0.0077603264895798,0.0039159765748685,0.0492234082057138,-1.281464233013576,0.0032601559505602,0.0061767103392576,2.0,3.0,0.1796085858585858,1
0.0077175450329626,0.0039819078947409,-0.0027235587052025,-1.2028201428813077,0.0030890301240915,0.0030890301240915,3.0,2.0,0.1281565656565656,1
0.0128425725893872,0.0135688671691548,1.795668500215963,3.3307809351821156,0.0030890301240915,0.0328416501001354,3.0,2.0,0.1581439393939394,1
0.0179246759818064,0.0154567960177445,0.0037106537831093,-5.5852698478945415,0.0030890301240915,0.0295913133637413,2.0,2.0,0.1392045454545454,1
0.0200836575005361,0.0137811818329877,-0.5396760713202877,-2.516567636850807,0.0030890301240915,0.0148126364141765,2.0,2.0,0.1240530303030303,1
0.0301804113554294,0.0118373930577709,-0.5065892934953549,1.2824766456349224,0.0148126364141765,0.0434760455436645,3.0,2.0,0.1751893939393939,1
0.0323583335345461,0.013211857433383,-0.9455918129888806,-0.6718687585120939,0.0148126364141765,0.0415533388166021,2.0,2.0,0.1505681818181818,1
0.034871977743133,0.0134640011783195,-1.919469499894302,3.733582807722282,0.0148126364141765,0.039645890198089,2.0,2.0,0.1297348484848484,1
0.0406362787165249,0.0024179416691818,0.0720795060652634,-1.2833161555186925,0.037869840307744,0.037869840307744,2.0,3.0,0.1240530303030303,1
0.0381699331324597,0.0033913065936315,-0.9034059166515582,0.8112696285561078,0.0336106632074039,0.0336106632074039,3.0,2.0,0.1584595959595959,1
0.0316564505496133,0.0110650548057933,-1.7028824803673044,2.89412929927828,0.0154994084852165,0.0154994084852165,2.0,2.0,0.139520202020202,1
0.0242552923330266,0.0135595375256324,-0.0536724588205474,-4.752314782093277,0.0100412573317422,0.0100412573317422,2.0,2.0,0.1306818181818181,1
0.0153831187731809,0.0132896410445015,1.0524988135316016,1.4370700968508068,0.0023811460683611,0.0023811460683611,2.0,2.0,0.1287878787878787,1
0.0069804529713299,0.0071138708181724,0.3879332270991887,-2.858256193686453,0.0,0.0,2.361111111111111,2.3055555555555554,0.1363724046015712,0
0.0031056008500258,0.0047580695960443,1.691700283552202,2.760682452167636,0.0,0.0,3.0,3.0,0.2111742424242424,0
0.0005952865170902,0.0011905730341795,1.9999999999999996,3.999999999999997,0.0,0.0,3.0,2.0,0.0991161616161616,0
0.0,0.0,0.0,-3.0,0.0,0.0,2.0,2.0,0.1325757575757575,0
0.0,0.0,0.0,-3.0,0.0,0.0,2.0,3.0,0.1335227272727272,0
0.0337958298098091,0.0675916596196182,2.0,4.000000000000007,0.0,0.1351833192392366,1.0,3.0,0.0606060606060606,1
0.0637908936314241,0.0739204054325975,0.0365029455252294,-5.789621584219493,0.0,0.1199802552864601,3.0,3.0,0.1568813131313131,1
0.0852643651530461,0.0604634966084829,-1.3681714170679398,1.5927977022568136,0.0,0.085893886086488,3.0,2.0,0.091540404040404,1
0.1056430712030575,0.0261430916157419,0.2602484049566793,-4.260549422364802,0.0815148242000456,0.0815148242000456,2.0,2.0,0.0959595959595959,1
0.091720591870655,0.0190282329251331,1.884918663220078,3.5898124484235723,0.0794934019096264,0.0794934019096264,2.0,3.0,0.1243686868686868,1
0.0710395676576965,0.022680151586093,-1.9158329927258209,3.739388919133024,0.0372561584346263,0.0372561584346263,3.0,2.0,0.2294823232323232,1
0.0571494615437061,0.0271278696078658,-0.0512829410989728,-5.6500572352876475,0.0303334616305263,0.0303334616305263,2.0,3.0,0.2351641414141414,1
0.0426181130921571,0.0252269193717552,1.7035805389211376,3.037633385384666,0.0233894303938495,0.0233894303938495,3.0,3.0,0.2537878787878788,1
0.0281021867117055,0.0071996755783673,0.6724291294826619,-1.6872242021504975,0.0214296963878201,0.0214296963878201,3.0,2.0,0.0899621212121212,1
0.0236543678916353,0.0047322098683556,1.3424560198569424,1.938500630917957,0.0194648831543453,0.0194648831543453,2.0,2.0,0.0445075757575757,1
0.0205177088872833,0.0024251921637573,0.1359056885720935,-1.4023176775800383,0.0177868256131183,0.0177868256131183,2.0,3.0,0.03125,1
0.0185747030607751,0.0024704761916582,-0.1050537595369671,-0.619593026716613,0.0156174070878168,0.0156174070878168,3.0,2.0,0.0659722222222222,1
0.0165778747752391,0.0026172622349808,-0.2187353797928007,-1.4867223878470472,0.0134423832456761,0.0134423832456761,2.0,2.0,0.060290404040404,1
0.0139615179750646,0.00375350980866,-0.779085142766581,0.4039549465988568,0.0089994559536474,0.0089994559536474,2.0,3.0,0.0924873737373737,1
0.0112921139014098,0.0039193873082593,0.0622569201433741,-3.5395486988650635,0.0071092093184989,0.0071092093184989,3.0,2.0,0.1950757575757575,1
0.0086660726246304,0.0035576544956474,0.8939469890460403,0.7669305999843186,0.0051132419806995,0.0051132419806995,2.0,2.0,0.1704545454545454,1
0.0060848978119452,0.0025358980075481,-0.0494199621647821,-1.2750939170617208,0.003117683994935,0.003117683994935,2.0,2.0,0.1496212121212121,1
0.0067928685494995,0.0037333801447064,0.9424194252504156,0.8247328157254508,0.003117683994935,0.0118313389038648,3.0,2.0,0.1568813131313131,1
0.0072354916753215,0.0038852508547415,0.2516252683508897,-2.3640961531604496,0.003117683994935,0.0088797018217868,2.0,2.0,0.1625631313131312,1
0.0074374631121365,0.0037570361362584,0.0469286251352231,-1.277787258339913,0.003117683994935,0.0059211277279597,2.0,3.0,0.1796085858585858,1
0.0073983381047744,0.0038173473294062,-0.0026105029922134,-1.2027035187731396,0.0029611839654863,0.0029611839654863,3.0,2.0,0.1281565656565656,1
0.0123065433217509,0.012998291996965,1.7953780260897356,3.329844763158071,0.0029611839654863,0.031464159771771,3.0,2.0,0.1581439393939394,1
0.0171739864228964,0.0148068808834272,0.0036869019667547,-5.584855178494234,0.0029611839654863,0.0283494742263688,2.0,2.0,0.1392045454545454,1
0.0192412813960906,0.0132024220107458,-0.539442040567057,-2.517557618051393,0.0029611839654863,0.0141903076207366,2.0,2.0,0.1240530303030303,1
0.0288982828327994,0.0113176641820912,-0.5155098081904143,1.2863938233566348,0.0141903076207366,0.0415891897123212,3.0,2.0,0.1751893939393939,1
0.0309693871124418,0.0126261083016678,-0.949761073145111,-0.6502381336704417,0.0141903076207366,0.0397485768903407,2.0,2.0,0.1505681818181818,1
0.0333626972746665,0.0128689409283563,-1.9192240832456613,3.732778815346365,0.0141903076207366,0.0379227148752678,2.0,2.0,0.1297348484848484,1
0.0388709300403209,0.0023143452032023,0.0724682726678089,-1.2836278939223664,0.0362232386833542,0.0362232386833542,2.0,3.0,0.1240530303030303,1
0.0365107948282277,0.0032448809352116,-0.9028612132131456,0.8103571517385504,0.0321486488639482,0.0321486488639482,3.0,2.0,0.1584595959595959,1
0.0302796567420658,0.0105847721131431,-1.702808514825794,2.8938702533902223,0.014824024545693,0.014824024545693,2.0,2.0,0.139520202020202,1
0.023199878809203,0.0129705054452667,-0.0536218963291639,-4.752397762543891,0.0096036031438167,0.0096036031438167,2.0,2.0,0.1306818181818181,1
0.01471340568773,0.0127117478319447,1.0526656398704008,1.437416225967164,0.0022773461974621,0.0022773461974621,2.0,2.0,0.1287878787878787,1
0.0066762434717429,0.0068038786781844,0.3879563905639999,-2.8581674828283816,0.0,0.0,2.361111111111111,2.3055555555555554,0.1363724046015712,0
0.0029702373353197,0.0045506871178794,1.6917045413295693,2.7607009792128885,0.0,0.0,3.0,3.0,0.2111742424242424,0
0.0005693365493655,0.0011386730987296,2.000000000006119,3.999999999938801,0.0,0.0,3.0,2.0,0.0991161616161616,0
0.0,0.0,0.0,-3.0,0.0,0.0,2.0,2.0,0.1325757575757575,0
0.0,0.0,0.0,-3.0,0.0,0.0,2.0,3.0,0.1335227272727272,0
0.0369106989320114,0.0738213978640228,2.0000000000000004,4.0,0.0,0.1476427957280457,1.0,3.0,0.0606060606060606,1
0.0696824841469223,0.0807457723178229,0.0362791392503359,-5.790909181612313,0.0,0.1310871408596435,3.0,3.0,0.1568813131313131,1
0.0931624759623893,0.0660459591745241,-1.3706727356634816,1.602172448405808,0.0,0.093919967261868,3.0,2.0,0.091540404040404,1
0.1154489457435964,0.0284976335352419,0.2596876117880117,-4.2635876117900455,0.0891458791248286,0.0891458791248286,2.0,2.0,0.0959595959595959,1
0.1002735362126215,0.020747876528922,1.8849261084167477,3.589853018009812,0.0869411576041461,0.0869411576041461,2.0,3.0,0.1243686868686868,1
0.077685945440479,0.0248043913330103,-1.9163465169918643,3.740906349375063,0.0407367777710733,0.0407367777710733,3.0,2.0,0.2294823232323232,1
0.0624998588434084,0.0296700191676227,-0.0511583841755712,-5.651072449270494,0.0331756208735856,0.0331756208735856,2.0,3.0,0.2351641414141414,1
0.0466105816078452,0.0275890778946847,1.7042331221478242,3.039750648860977,0.025588770182576,0.025588770182576,3.0,3.0,0.2537878787878788,1
0.0307369949058056,0.0078654000983025,0.6720763139367851,-1.6885058318649335,0.0234468107959876,0.0234468107959876,3.0,2.0,0.0899621212121212,1
0.0258774175794577,0.0051711285990755,1.341926904686919,1.9371812307701433,0.0212984684656818,0.0212984684656818,2.0,2.0,0.0445075757575757,1
0.0224493844091612,0.0026514641337487,0.1354678893364629,-1.4029500513779904,0.0194634881923997,0.0194634881923997,2.0,3.0,0.03125,1
0.0203249349241502,0.0027015107880207,-0.1052573924804464,-0.6195413515064168,0.0170909722425318,0.0170909722425318,3.0,2.0,0.0659722222222222,1
0.0181410745942073,0.0028626040551488,-0.2191773624451417,-1.485919455742014,0.0147113694762161,0.0147113694762161,2.0,2.0,0.060290404040404,1
0.0152789044495645,0.0041065692648803,-0.7795824786219222,0.4046053202916067,0.0098497878871107,0.0098497878871107,2.0,3.0,0.0924873737373737,1
0.0123583575451167,0.0042886159096853,0.0621572752991577,-3.5397371670392186,0.0077813005746083,0.0077813005746083,3.0,2.0,0.1950757575757575,1
0.0094848389547338,0.0038930681054321,0.8937988602823215,0.766689478595243,0.0055968978810004,0.0055968978810004,2.0,2.0,0.1704545454545454,1
0.006660156022899,0.0027753443841217,-0.0496422048179284,-1.2750045836895474,0.0034126377488768,0.0034126377488768,2.0,2.0,0.1496212121212121,1
0.0074188708730804,0.0040569100119004,0.9284332696854464,0.7882769445082403,0.0034126377488768,0.0128846472878365,3.0,2.0,0.1568813131313131,1
0.007891255341256,0.0042199119602867,0.2504520763583484,-2.3392303421513567,0.0034126377488768,0.0096708384473106,2.0,2.0,0.1625631313131312,1
0.0081042308218968,0.0040848557077366,0.0516946190799148,-1.2854107683080525,0.0034126377488768,0.0064487998035636,2.0,3.0,0.1796085858585858,1
0.0080573553402289,0.004157077165075,-0.0028439510757628,-1.202944293220629,0.0032251358222052,0.0032251358222052,3.0,2.0,0.1281565656565656,1
0.013413685959394,0.0141772091450067,1.7959785279531233,3.331780167585393,0.0032251358222052,0.0343099697644969,3.0,2.0,0.1581439393939394,1
0.0187247523030354,0.0161497243969883,0.0037360088386583,-5.585712425081631,0.0032251358222052,0.0309151038218759,2.0,2.0,0.1392045454545454,1
0.0209815780007449,0.0143981765111279,-0.5399260379230629,-2.515510038965644,0.0032251358222052,0.0154761025944018,2.0,2.0,0.1240530303030303,1
0.031548813852362,0.012393923833494,-0.4970204741453123,1.2783841169616892,0.0154761025944018,0.0454940792286736,3.0,2.0,0.1751893939393939,1
0.0338422496130673,0.0138396349266797,-0.9411318792709484,-0.6950260738873641,0.0154761025944018,0.043483712807318,2.0,2.0,0.1505681818181818,1
0.0364857564461708,0.0141015434855817,-1.9197319727981628,3.7344427295733382,0.0154761025944018,0.0414891311542899,2.0,2.0,0.1297348484848484,1
0.042524540247105,0.002528599402435,0.0716619822767259,-1.2829807274405596,0.0396312377981388,0.0396312377981388,2.0,3.0,0.1240530303030303,1
0.0399446876348097,0.0035478319969942,-0.903990828075278,0.8122503502040797,0.0351746687794924,0.0351746687794924,3.0,2.0,0.1584595959595959,1
0.0331292679573193,0.0115787325990628,-1.702961943088094,2.8944076167285537,0.0162220340973563,0.0162220340973563,2.0,2.0,0.139520202020202,1
0.0253843691859176,0.0141895768779585,-0.0537268246490471,-4.7522254405540565,0.0105095360686831,0.0105095360686831,2.0,2.0,0.1306818181818181,1
0.0160996124856007,0.013907828602249,1.052319391079238,1.4366978760344509,0.002492210996871,0.002492210996871,2.0,2.0,0.1287878787878787,1
0.0073059452907276,0.0074455469448351,0.387908316519244,-2.858351593230511,0.0,0.0,2.361111111111111,2.3055555555555554,0.1363724046015712,0
0.0032504367663885,0.0049799634316829,1.6916957041886764,2.7606625257573363,0.0,0.0,3.0,3.0,0.2111742424242424,0
0.0006230527492177,0.0012461054984334,2.0000000000000004,3.999999999999997,0.0,0.0,3.0,2.0,0.0991161616161616,0
0.0,0.0,0.0,-3.0,0.0,0.0,2.0,2.0,0.1325757575757575,0
0.0,0.0,0.0,-3.0,0.0,0.0,2.0,3.0,0.1335227272727272,0
0.0361161724187936,0.0722323448375871,2.0,3.999999999999997,0.0,0.1444646896751744,1.0,3.0,0.0606060606060606,1
0.0681794831677088,0.0790045846808586,0.0363362718486642,-5.790580484916976,0.0,0.1282532429956609,3.0,3.0,0.1568813131313131,1
0.0911471989911594,0.0646218458636111,-1.3700329526254005,1.5997737129822145,0.0,0.0918708632938024,3.0,2.0,0.091540404040404,1
0.1129465469226911,0.0278979790247605,0.2598306876447012,-4.26281258211305,0.0871973917261267,0.0871973917261267,2.0,2.0,0.0959595959595959,1
0.0980902179857056,0.0203098222960782,1.884924273389339,3.5898428969064113,0.0850393739272326,0.0850393739272326,2.0,3.0,0.1243686868686868,1
0.0759889499752706,0.0242619758684239,-1.9162153390281016,3.7405186562469375,0.039848170953921,0.039848170953921,3.0,2.0,0.2294823232323232,1
0.0611337021502157,0.0290208718464424,-0.0511902868184459,-5.650812603736348,0.0324498719935826,0.0324498719935826,2.0,3.0,0.2351641414141414,1
0.0455911122290936,0.0269859241974924,1.7040660053620662,3.039208459554434,0.0250270320416384,0.0250270320416384,3.0,3.0,0.2537878787878788,1
0.0300641637472653,0.0076955581904793,0.6721666734495338,-1.6881776465873166,0.0229315799999194,0.0229315799999194,3.0,2.0,0.0899621212121212,1
0.0253096440203159,0.0050591270464147,1.342062483958509,1.937519243857107,0.0208300920461235,0.0208300920461235,2.0,2.0,0.0445075757575757,1
0.0219559702011082,0.0025937020842812,0.1355800664036678,-1.4027880845598109,0.0190351767167518,0.0190351767167518,2.0,3.0,0.03125,1
0.0198778418808017,0.0026425237066226,-0.1052051944994667,-0.6195546126576783,0.0167145187604124,0.0167145187604124,3.0,2.0,0.0659722222222222,1
0.0177417391088538,0.0027999540210314,-0.2190640178665858,-1.4861254291486592,0.0143871689121277,0.0143871689121277,2.0,2.0,0.060290404040404,1
0.0149423490342352,0.0040163917704847,-0.7794549993552511,0.4044386031949578,0.009632531747649,0.009632531747649,2.0,3.0,0.0924873737373737,1
0.0120859493095008,0.0041942987608499,0.0621828097485412,-3.5396889024424816,0.0076095778178141,0.0076095778178141,3.0,2.0,0.1950757575757575,1
0.0092756488264664,0.0038073842392505,0.893836872423473,0.7667513302372608,0.0054733168282748,0.0054733168282748,2.0,2.0,0.1704545454545454,1
0.006513174554759,0.0027141697103893,-0.0495851995844096,-1.275027437519725,0.0033372718252982,0.0033372718252982,2.0,2.0,0.1496212121212121,1
0.0072591890423197,0.0039747238185133,0.9320288718781704,0.7976331240290673,0.0033372718252982,0.0126165896978919,3.0,2.0,0.1568813131313131,1
0.0077241675449654,0.004134937902832,0.2507551765948499,-2.3456240723088744,0.0033372718252982,0.009469491828397,2.0,2.0,0.1625631313131312,1
0.0079344642561931,0.0040015438202603,0.0504712322786075,-1.2834587145999876,0.0033372718252982,0.0063145036731855,2.0,3.0,0.1796085858585858,1
0.0078896356334777,0.0040706207774591,-0.0027845241029929,-1.202883016653388,0.0031579573344365,0.0031579573344365,3.0,2.0,0.1281565656565656,1
0.0131317394799676,0.013876829201421,1.7958254038557169,3.3312866369236467,0.0031579573344365,0.0335850050838516,3.0,2.0,0.1581439393939394,1
0.0183297390363356,0.01580757904052,0.0037234852678168,-5.585493835204823,0.0031579573344365,0.030261490053869,2.0,2.0,0.1392045454545454,1
0.0205382409146708,0.0140935336588679,-0.5398025549732545,-2.5160325167681634,0.0031579573344365,0.0151485111865264,2.0,2.0,0.1240530303030303,1
0.0308729571694884,0.0121188145728328,-0.5017527026971084,1.2803939356111798,0.0151485111865264,0.0444968223537066,3.0,2.0,0.1751893939393939,1
0.0331091450551461,0.013529235314718,-0.9433359373482516,-0.6835795376013536,0.0151485111865264,0.0425297566264824,2.0,2.0,0.1505681818181818,1
0.0356883268981124,0.0137863436264234,-1.9196022666915815,3.7340177750998502,0.0151485111865264,0.0405782174257345,2.0,2.0,0.1297348484848484,1
0.0415913895768287,0.0024739336548315,0.0718685332170713,-1.2831468062175997,0.0387607619013914,0.0387607619013914,2.0,3.0,0.1240530303030303,1
0.0390676177334784,0.0034704917765222,-0.9037014451058372,0.811765023221259,0.0344017349803056,0.0344017349803056,3.0,2.0,0.1584595959595959,1
0.0324014023461281,0.0113248864910542,-1.702922637952006,2.894269953766514,0.0158648950770809,0.0158648950770809,2.0,2.0,0.139520202020202,1
0.0248263729704915,0.0138782213940829,-0.0536999246800288,-4.752269687234726,0.0102780999231882,0.0102780999231882,2.0,2.0,0.1306818181818181,1
0.0157455123579203,0.0136023220069962,1.052408187816192,1.4368820862456424,0.0024373194511069,0.0024373194511069,2.0,2.0,0.1287878787878787,1
0.007145078612844,0.0072816245076144,0.3879206424143178,-2.858304389574407,0.0,0.0,2.361111111111111,2.3055555555555554,0.1363724046015712,0
0.0031788548435737,0.0048702974471696,1.6916979702287904,2.7606723860971876,0.0,0.0,3.0,3.0,0.2111742424242424,0
0.0006093298627767,0.0012186597255513,2.0000000000049925,4.000000001230198,0.0,0.0,3.0,2.0,0.0991161616161616,0
0.0,0.0,0.0,-3.0,0.0,0.0,2.0,2.0,0.1325757575757575,0
0.0,0.0,0.0,-3.0,0.0,0.0,2.0,3.0,0.1335227272727272,0
0.0365374743322805,0.073074948664561,1.999999999999999,3.999999999999997,0.0,0.1461498973291221,1.0,3.0,0.0606060606060606,1
0.0689764402546883,0.0799278412284495,0.0363059806186706,-5.790754756951655,0.0,0.1297558636896313,3.0,3.0,0.1568813131313131,1
0.0922157536226181,0.0653769754562233,-1.370372053829091,1.6010450291438223,0.0,0.0929572534717194,3.0,2.0,0.091540404040404,1
0.1142733578815539,0.0282160287092218,0.2597548234453727,-4.263223541288127,0.0882304170357429,0.0882304170357429,2.0,2.0,0.0959595959595959,1
0.0992477910330056,0.020542152944962,1.8849252518267892,3.58984828290394,0.0860476299349289,0.0860476299349289,2.0,3.0,0.1243686868686868,1
0.0768886481923384,0.0245495453528258,-1.9162848807985675,3.740724179078075,0.0403192923269626,0.0403192923269626,3.0,2.0,0.2294823232323232,1
0.0618579941054988,0.0293650251009109,-0.0511733834382127,-5.650950301175618,0.032834637124361,0.032834637124361,2.0,3.0,0.2351641414141414,1
0.0461315981692767,0.0273056961631152,1.7041545595465482,3.039495760293338,0.0253248332908545,0.0253248332908545,3.0,3.0,0.2537878787878788,1
0.0304208713635576,0.0077856151141245,0.6721188066123697,-1.6883514873928238,0.0232047227120526,0.0232047227120526,3.0,2.0,0.0899621212121212,1
0.0256106466433009,0.0051185126990451,1.341990643154753,1.937340131572654,0.0210783934459357,0.0210783934459357,2.0,2.0,0.0445075757575757,1
0.0222175465370512,0.0026243268198775,0.1355206261973823,-1.4028739143437914,0.0192622366993622,0.0192622366993622,2.0,3.0,0.03125,1
0.0201148595376306,0.0026737971437279,-0.1052328463152832,-0.6195475934753478,0.0169140852931721,0.0169140852931721,3.0,2.0,0.0659722222222222,1
0.0179534373791701,0.0028331685799929,-0.2191240526662653,-1.486016335804047,0.0145590340782106,0.0145590340782106,2.0,2.0,0.060290404040404,1
0.0151207646151257,0.0040641985250309,-0.7795225596725056,0.4045269964872098,0.009747702389758,0.009747702389758,2.0,3.0,0.0924873737373737,1
0.0122303579393922,0.0042442992939141,0.0621692678887936,-3.5397145158529035,0.0077006099964281,0.0077006099964281,3.0,2.0,0.1950757575757575,1
0.0093865436609692,0.0038528076122724,0.893816746287623,0.7667185692757812,0.0055388281794802,0.0055388281794802,2.0,2.0,0.1704545454545454,1
0.006591091100102,0.0027465995381412,-0.0496154037148142,-1.2750152729683748,0.0033772238347419,0.0033772238347419,2.0,2.0,0.1496212121212121,1
0.0073438608160813,0.0040183323690336,0.9301246735920252,0.7926768170224694,0.0033772238347419,0.0127587812536752,3.0,2.0,0.1568813131313131,1
0.0078127822290997,0.0041800291554424,0.2505947830227705,-2.3422380944727497,0.0033772238347419,0.0095762956485017,2.0,2.0,0.1625631313131312,1
0.0080245103227829,0.004045746614265,0.0511192859099097,-1.2844931728903628,0.0033772238347419,0.0063857405542131,2.0,3.0,0.1796085858585858,1
0.0079786023221072,0.0041164818548808,-0.0028160458378176,-1.2029155207448738,0.0031935918320388,0.0031935918320388,3.0,2.0,0.1281565656565656,1
0.0132812823233182,0.0140361358014316,1.7959066031192246,3.3315483470705836,0.0031935918320388,0.0339695012585192,3.0,2.0,0.1581439393939394,1
0.0185392439326278,0.0159890361032685,0.0037301261564975,-5.585609750267448,0.0031935918320388,0.0306081420857404,2.0,2.0,0.1392045454545454,1
0.020773371575834,0.0142551034086323,-0.5398680304078801,-2.5157554854698265,0.0031935918320388,0.0153222511270376,2.0,2.0,0.1240530303030303,1
0.0312313533965754,0.0122646427987381,-0.4992447503263021,1.2793253449394406,0.0153222511270376,0.0450255191150048,3.0,2.0,0.1751893939393939,1
0.0334978513380292,0.0136937527837236,-0.9421674604742488,-0.6896473111940562,0.0153222511270376,0.0430354930243341,2.0,2.0,0.1505681818181818,1
0.0361110985240028,0.0139534121226148,-1.919671030702808,3.734243063608112,0.0153222511270376,0.041061130829635,2.0,2.0,0.1297348484848484,1
0.0420860946063691,0.0025029192137639,0.0717590827898339,-1.2830588789308166,0.0392222354565026,0.0392222354565026,2.0,3.0,0.1240530303030303,1
0.0395325887498654,0.0035114962671136,-0.903854755988322,0.8120221116416602,0.0348114956889899,0.0348114956889899,3.0,2.0,0.1584595959595959,1
0.0327872714011681,0.0114594631045015,-1.7029434733176056,2.894342932539878,0.0160542236295451,0.0160542236295451,2.0,2.0,0.139520202020202,1
0.0251221861443493,0.0140432850440444,-0.0537141800194497,-4.752246267752284,0.0104007898023599,0.0104007898023599,2.0,2.0,0.1306818181818181,1
0.0159332319624398,0.0137642829482118,1.0523611453067343,1.4367844968875136,0.0024664187288646,0.0024664187288646,2.0,2.0,0.1287878787878787,1
0.0072303580401924,0.007368523973608,0.3879141102393809,-2.8583294057445663,0.0,0.0,2.361111111111111,2.3055555555555554,0.1363724046015712,0
0.0032168021328061,0.0049284340316325,1.6916967694280154,2.7606671609839353,0.0,0.0,3.0,3.0,0.2111742424242424,0
0.0006166046822161,0.0012332093644321,1.9999999999999996,3.9999999987792303,0.0,0.0,3.0,2.0,0.0991161616161616,0
0.0,0.0,0.0,-3.0,0.0,0.0,2.0,2.0,0.1325757575757575,0
0.0,0.0,0.0,-3.0,0.0,0.0,2.0,3.0,0.1335227272727272,0
0.0365047652473289,0.0730095304946579,2.0000000000000013,4.0,0.0,0.1460190609893159,1.0,3.0,0.0606060606060606,1
0.0689145645031489,0.0798561598008311,0.0363083348925669,-5.7907412122833835,0.0,0.1296391970232799,3.0,3.0,0.1568813131313131,1
0.092132788078628,0.0653183473879831,-1.3703456890408463,1.600946178971988,0.0,0.0928728943019164,3.0,2.0,0.091540404040404,1
0.1141703380580208,0.0281913429349861,0.2597607186767716,-4.263191606758323,0.0881501999175711,0.0881501999175711,2.0,2.0,0.0959595959595959,1
0.0991579066833451,0.0205241196300768,1.8849251765779649,3.58984786687665,0.0859693354906132,0.0859693354906132,2.0,3.0,0.1243686868686868,1
0.0768187846164775,0.0245272150281721,-1.916279477686784,3.74070821050719,0.0402827087558096,0.0402827087558096,3.0,2.0,0.2294823232323232,1
0.0618017507380387,0.0293383005467453,-0.0511746873229265,-5.650939656605145,0.032804758788161,0.032804758788161,2.0,3.0,0.2351641414141414,1
0.0460896275014844,0.0272808650358592,1.7041476987184851,3.03947351592835,0.0253017069713539,0.0253017069713539,3.0,3.0,0.2537878787878788,1
0.0303931713876205,0.0077786227454314,0.6721224509435809,-1.6883383300289818,0.0231835110351577,0.0231835110351577,3.0,2.0,0.0899621212121212,1
0.0255872718781762,0.0051139017815646,1.3419962361391518,1.9373540759225012,0.0210591107180324,0.0210591107180324,2.0,2.0,0.0445075757575757,1
0.0221972330317605,0.002621948821659,0.1355252493202085,-1.402867229440755,0.0192446034024984,0.0192446034024984,2.0,3.0,0.03125,1
0.0200964530139599,0.0026713687205775,-0.1052307163313736,-0.6195481181284421,0.0168985869001512,0.0168985869001512,3.0,2.0,0.0659722222222222,1
0.0179369969445557,0.0028305894126049,-0.2191194346298755,-1.4860247404508051,0.0145456867575408,0.0145456867575408,2.0,2.0,0.060290404040404,1
0.0151069087637316,0.0040604860253874,-0.7795172507857988,0.4045199234418586,0.009738757994736,0.009738757994736,2.0,3.0,0.0924873737373737,1
0.0122191429711885,0.0042404163025001,0.0621703602064851,-3.5397124024383153,0.0076935402323262,0.0076935402323262,3.0,2.0,0.1950757575757575,1
0.0093779313271511,0.003849280014989,0.8938182779866889,0.7667210954292347,0.0055337403240014,0.0055337403240014,2.0,2.0,0.1704545454545454,1
0.0065850398989821,0.0027440809937382,-0.0496130448431694,-1.2750163785816166,0.0033741210448651,0.0033741210448651,2.0,2.0,0.1496212121212121,1
0.0073372869949417,0.0040149492339334,0.9302728669966388,0.7930623575724933,0.0033741210448651,0.0127477463785742,3.0,2.0,0.1568813131313131,1
0.0078059036849943,0.0041765312953425,0.2506072868179046,-2.3425016665968332,0.0033741210448651,0.0095680069925367,2.0,2.0,0.1625631313131312,1
0.0080175216292331,0.0040423170962287,0.0510688690760006,-1.284412731267853,0.0033741210448651,0.0063802121009564,2.0,3.0,0.1796085858585858,1
0.0079716979558473,0.0041129227888902,-0.002813596877307,-1.2029129985722715,0.0031908263513222,0.0031908263513222,3.0,2.0,0.1281565656565656,1
0.0132696755338828,0.0140237700381919,1.7959002936374426,3.331528011012832,0.0031908263513222,0.0339396566907162,3.0,2.0,0.1581439393939394,1
0.0185229824810826,0.015974950978687,0.0037296104460055,-5.585600741694002,0.0031908263513222,0.0305812347813359,2.0,2.0,0.1392045454545454,1
0.0207551207445655,0.0142425621749351,-0.5398629414945632,-2.5157770148896788,0.0031908263513222,0.0153087651548878,2.0,2.0,0.1240530303030303,1
0.0312035298641238,0.0122533165543176,-0.4994397767491703,1.2794081613722827,0.0153087651548878,0.0449844628295553,3.0,2.0,0.1751893939393939,1
0.0334676705225354,0.0136809734394289,-0.94225829336723,-0.6891755750934596,0.0153087651548878,0.0429962193243626,2.0,2.0,0.1505681818181818,1
0.0360782691404207,0.0139404352302073,-1.9196656899854825,3.7342255680149066,0.0153087651548878,0.0410236292528771,2.0,2.0,0.1297348484848484,1
0.0420476775095254,0.0025006686599997,0.0717675980418484,-1.2830654784699878,0.0391863986313067,0.0391863986313067,2.0,3.0,0.1240530303030303,1
0.0394964803749698,0.0035083123543745,-0.9038429566400148,0.8120023209859415,0.0347796742913328,0.0347796742913328,3.0,2.0,0.1584595959595959,1
0.032757305637877,0.0114490125026726,-1.7029418253408843,2.8943371434906986,0.0160395203759916,0.0160395203759916,2.0,2.0,0.139520202020202,1
0.0250992137369816,0.0140304667681927,-0.0537130609812289,-4.752248027392975,0.0103912616492954,0.0103912616492954,2.0,2.0,0.1306818181818181,1
0.0159186537936066,0.0137517053589828,1.052364796532984,1.436792064201832,0.0024641588578069,0.0024641588578069,2.0,2.0,0.1287878787878787,1
0.0072237352207734,0.0073617753581841,0.3879146234640265,-2.858327439478252,0.0,0.0,2.361111111111111,2.3055555555555554,0.1363724046015712,0
0.0032138551267755,0.0049239191178375,1.6916968635173606,2.7606675704046246,0.0,0.0,3.0,3.0,0.2111742424242424,0
0.0006160397144517,0.0012320794289035,1.999999999999428,3.999999999998092,0.0,0.0,3.0,2.0,0.0991161616161616,0
0.0,0.0,0.0,-3.0,0.0,0.0,2.0,2.0,0.1325757575757575,0
0.0,0.0,0.0,-3.0,0.0,0.0,2.0,3.0,0.1335227272727272,0
0.0400053717543584,0.0800107435087168,2.0000000000000004,4.000000000000007,0.0,0.1600214870174337,1.0,3.0,0.0606060606060606,1
0.0755379785481591,0.0875290234221535,0.0360563072885082,-5.792191201548001,0.0,0.1421304271752027,3.0,3.0,0.1568813131313131,1
0.1010163250145505,0.0715939503428391,-1.37317633148433,1.6115649354178243,0.0,0.1019133858655657,3.0,2.0,0.091540404040404,1
0.125203413102372,0.030827141329331,0.2591301300553927,-4.266606729437823,0.0967483523512861,0.0967483523512861,2.0,2.0,0.0959595959595959,1
0.1087885562787173,0.0224502311538162,1.8849328293503844,3.5898909279300746,0.094362059722815,0.094362059722815,2.0,3.0,0.1243686868686868,1
0.084306717751577,0.0269208794603922,-1.9168587092932396,3.74242058656726,0.0442030730666415,0.0442030730666415,3.0,2.0,0.2294823232323232,1
0.0678302644566867,0.0322031046745351,-0.0510332913766886,-5.65209022041989,0.0360075726860044,0.0360075726860044,2.0,3.0,0.2351641414141414,1
0.0505885817581858,0.0299424745889975,1.7048883231880805,3.04187624497866,0.0277816215572824,0.0277816215572824,3.0,3.0,0.2537878787878788,1
0.0333626531885409,0.0085271389744233,0.6717222315616765,-1.6897912226467735,0.0254583454442355,0.0254583454442355,3.0,2.0,0.0899621212121212,1
0.0280936946079488,0.0056076615709764,1.3413947207551002,1.9358548875003088,0.0231272387442731,0.0231272387442731,2.0,2.0,0.0445075757575757,1
0.0243757907217533,0.0028767465464438,0.1350275987470957,-1.4035853495479262,0.0211359571412225,0.0211359571412225,2.0,3.0,0.03125,1
0.0220706621303348,0.0029316321768502,-0.1054623196960421,-0.6194892712842446,0.0185611071916083,0.0185611071916083,3.0,2.0,0.0659722222222222,1
0.0197004556884251,0.003107081914928,-0.2196225873546136,-1.485109914016908,0.0159775196765965,0.0159775196765965,2.0,2.0,0.060290404040404,1
0.0165932360607621,0.004458605883967,-0.7800834303725309,0.4052612376933027,0.0106983602336213,0.0106983602336213,2.0,3.0,0.0924873737373737,1
0.0134222637287017,0.0046568781669944,0.0620568217099232,-3.5399270901817825,0.0084520678129811,0.0084520678129811,3.0,2.0,0.1950757575757575,1
0.0103018991273361,0.0042276519828094,0.8936494765025632,0.7664463763322225,0.0060796487861457,0.0060796487861457,2.0,2.0,0.1704545454545454,1
0.0072342816595687,0.0030142652563675,-0.0498664120210145,-1.274914189886232,0.0037070498055268,0.0037070498055268,2.0,2.0,0.1496212121212121,1
0.0080408632400066,0.004374805406195,0.9142414458930026,0.7514572100417389,0.0037070498055268,0.0139246865553731,3.0,2.0,0.1568813131313131,1
0.0085408727838489,0.0045483231797036,0.2492455545028018,-2.3139857608430248,0.0037070498055268,0.01045210598835,2.0,2.0,0.1625631313131312,1
0.0087634381680835,0.0044073381734826,0.0565108879414603,-1.293063250972585,0.0037070498055268,0.0069699103230842,2.0,3.0,0.1796085858585858,1
0.0087081295298506,0.0044925083383172,-0.0030746297494889,-1.203182051127305,0.0034858152525952,0.0034858152525952,3.0,2.0,0.1281565656565656,1
0.0145088431421078,0.0153449803000109,1.796574620227955,3.333701516529189,0.0034858152525952,0.0371275410044019,3.0,2.0,0.1581439393939394,1
0.0202596990789671,0.0174798522280325,0.0037847724136031,-5.5865633496391105,0.0034858152525952,0.0334555297357874,2.0,2.0,0.1392045454545454,1
0.0227046039244912,0.0155823432853082,-0.5404071743386745,-2.5134737713971926,0.0034858152525952,0.0167495297051804,2.0,2.0,0.1240530303030303,1
0.0341797506563398,0.0134693332778062,-0.4784832626611429,1.270776845213755,0.0167495297051804,0.0493864021799895,3.0,2.0,0.1751893939393939,1
0.0366997095735604,0.0150543196101006,-0.9325277139550394,-0.7397557859513242,0.0167495297051804,0.0472073766732843,2.0,2.0,0.1505681818181818,1
0.0395971033594699,0.0153344815558271,-1.9202381992829731,3.736101395505557,0.0167495297051804,0.0450451048794254,2.0,2.0,0.1297348484848484,1
0.0461670991590092,0.0027416180090598,0.070851578585331,-1.2823281173747407,0.0430295129033376,0.0430295129033376,2.0,3.0,0.1240530303030303,1
0.0433685746956711,0.0038494974526005,-0.9051256873237268,0.8141557802556374,0.0381923043266371,0.0381923043266371,3.0,2.0,0.1584595959595959,1
0.0359708957532601,0.0125695125906778,-1.7031163027862628,2.894948345766263,0.0176166609036405,0.0176166609036405,2.0,2.0,0.139520202020202,1
0.0275629500136236,0.0154049439610188,-0.0538325524405671,-4.752051478417318,0.0114133219208793,0.0114133219208793,2.0,2.0,0.1306818181818181,1
0.0174822151143543,0.0151005179412924,1.0519703910138352,1.4359739977563477,0.0027065733062605,0.0027065733062605,2.0,2.0,0.1287878787878787,1
0.007934139032695,0.0080856652780321,0.3878598556944935,-2.858537177061276,0.0,0.0,2.361111111111111,2.3055555555555554,0.1363724046015712,0
0.0035299738067849,0.0054082220129928,1.6916867946958964,2.760623757350505,0.0,0.0,3.0,3.0,0.2111742424242424,0
0.0006766433265651,0.0013532866531338,2.0,4.000000000841833,0.0,0.0,3.0,2.0,0.0991161616161616,0
0.0,0.0,0.0,-3.0,0.0,0.0,2.0,2.0,0.1325757575757575,0
0.0,0.0,0.0,-3.0,0.0,0.0,2.0,3.0,0.1335227272727272,0
0.0387968669860967,0.0775937339721934,1.9999999999999996,4.000000000000011,0.0,0.1551874679443868,1.0,3.0,0.0606060606060606,1
0.0732510910362831,0.0848798321812939,0.0361433819716572,-5.791690231138659,0.0,0.1378168962007458,3.0,3.0,0.1568813131313131,1
0.0979484786009371,0.0694271908422625,-1.3721964482944744,1.6078877192779153,0.0,0.0987895502586158,3.0,2.0,0.091540404040404,1
0.1213927295440722,0.0299186096914656,0.2593478705967006,-4.265427662515469,0.0937770037725404,0.0937770037725404,2.0,2.0,0.0959595959595959,1
0.1054612505894544,0.0217861773377565,1.8849302856608976,3.589876410740178,0.0914615521259158,0.0914615521259158,2.0,3.0,0.1243686868686868,1
0.0817191419539804,0.0260936468250218,-1.9166584550910464,3.741828469711166,0.0428484616588499,0.0428484616588499,3.0,2.0,0.2294823232323232,1
0.0657469246748736,0.0312130194402981,-0.0510823078506744,-5.651691644791118,0.0349006811421883,0.0349006811421883,2.0,3.0,0.2351641414141414,1
0.0490337634497293,0.0290226635378311,1.704631628425782,3.0410434891430356,0.0269243588719634,0.0269243588719634,3.0,3.0,0.2537878787878788,1
0.0323363557747042,0.0082686838749894,0.6718609746925543,-1.6892876120109204,0.0246719214258154,0.0246719214258154,3.0,2.0,0.0899621212121212,1
0.027227299606245,0.0054371359794184,1.3416033183912472,1.9363746832406648,0.0224122369850131,0.0224122369850131,2.0,2.0,0.0445075757575757,1
0.0236226393391945,0.0027887143019693,0.1352001732006838,-1.4033364253203455,0.0204820400739861,0.0204820400739861,2.0,3.0,0.03125,1
0.0213881171036636,0.0028416973880259,-0.1053819669107141,-0.6195097145171999,0.0179862699298398,0.0179862699298398,3.0,2.0,0.0659722222222222,1
0.0190907438603643,0.003011523671728,-0.2194479462243135,-1.485427540865258,0.0154824284526182,0.0154824284526182,2.0,2.0,0.060290404040404,1
0.0160793180560225,0.0043209801411528,-0.7798870310346832,0.4050040983834666,0.0103665337676462,0.0103665337676462,2.0,3.0,0.0924873737373737,1
0.013006248631272,0.0045128968176443,0.0620961896830301,-3.5398527088001845,0.008189762374984,0.008189762374984,3.0,2.0,0.1950757575757575,1
0.0099823966485588,0.0040968322966,0.8937081087142993,0.7665417545642441,0.0058908619989868,0.0058908619989868,2.0,2.0,0.1704545454545454,1
0.007009768137884,0.0029208410287789,-0.0497784588226463,-1.2749495374693964,0.003591914409919,0.003591914409919,2.0,2.0,0.1496212121212121,1
0.0077979613973399,0.0042510845934041,0.9198190944691528,0.7659073427033452,0.003591914409919,0.0135193068054701,3.0,2.0,0.1568813131313131,1
0.0082874150773936,0.0044205613128765,0.249721668179557,-2.323908935701194,0.003591914409919,0.0101475770951986,2.0,2.0,0.1625631313131312,1
0.0085063958528247,0.0042817880031217,0.054620350865917,-1.2900655711305422,0.003591914409919,0.0067667851007113,2.0,3.0,0.1796085858585858,1
0.0084544680209449,0.0043617683889629,-0.0029846970203104,-1.203089377338335,0.0033842030823996,0.0033842030823996,3.0,2.0,0.1281565656565656,1
0.0140817462920629,0.014889372689215,1.7963419021286426,3.3329513914951043,0.0033842030823996,0.0360284198899423,3.0,2.0,0.1581439393939394,1
0.019660974882667,0.0169609033085135,0.0037657326192737,-5.586231147504097,0.0033842030823996,0.0324644914576149,2.0,2.0,0.1392045454545454,1
0.0220324599688851,0.0151203724729023,-0.5402192542268779,-2.5142691823507413,0.0033842030823996,0.0162527254455836,2.0,2.0,0.1240530303030303,1
0.0331526295992722,0.0130486375195634,-0.4857420404340575,1.2737053383092949,0.0162527254455836,0.047864881603948,3.0,2.0,0.1751893939393939,1
0.035583454607264,0.0145788898712605,-0.9358913290754692,-0.7222611584690011,0.0162527254455836,0.0457517199219097,2.0,2.0,0.1505681818181818,1
0.0383810668528942,0.0148520088983365,-1.9200403180433976,3.735453006738908,0.0162527254455836,0.0436549404401356,2.0,2.0,0.1297348484848484,1
0.0447431275774325,0.0026584137355666,0.0711691650753309,-1.2825842744264069,0.041700968343737,0.041700968343737,2.0,3.0,0.1240530303030303,1
0.04203004214728,0.0037316126298223,-0.9046809224463278,0.8134086008760626,0.0370125398833378,0.0370125398833378,3.0,2.0,0.1584595959595959,1
0.0348599530440215,0.0121822116407414,-1.7030558159621054,2.8947364590586915,0.0170713635088758,0.0170713635088758,2.0,2.0,0.139520202020202,1
0.0267112022781853,0.0149298272781616,-0.0537910957934305,-4.752119794441295,0.0110599373767907,0.0110599373767907,2.0,2.0,0.1306818181818181,1
0.0169416491481618,0.0146342374829165,1.052107283722963,1.4362579185148263,0.0026227558236431,0.0026227558236431,2.0,2.0,0.1287878787878787,1
0.0076885141773274,0.0078353794615902,0.3878788590552886,-2.8584644041016443,0.0,0.0,2.361111111111111,2.3055555555555554,0.1363724046015712,0
0.0034206733001084,0.0052407709224475,1.6916902888283911,2.76063896159037,0.0,0.0,3.0,3.0,0.2111742424242424,0
0.0006556889559107,0.0013113779118254,1.9999999999999991,4.0,0.0,0.0,3.0,2.0,0.0991161616161616,0
0.0,0.0,0.0,-3.0,0.0,0.0,2.0,2.0,0.1325757575757575,0
0.0,0.0,0.0,-3.0,0.0,0.0,2.0,3.0,0.1335227272727272,0
0.0392178069934168,0.0784356139868337,2.0000000000000004,4.0000000000000036,0.0,0.1568712279736674,1.0,3.0,0.0606060606060606,1
0.0740476111112818,0.0858025473573625,0.0361130606151934,-5.79186467978144,0.0,0.1393192164714598,3.0,3.0,0.1568813131313131,1
0.0990169337256398,0.0701818750001143,-1.3725374374539847,1.6091671945391823,0.0,0.099877290457432,3.0,2.0,0.091540404040404,1
0.122719834727323,0.0302352349951157,0.2592720337064979,-4.26583833995695,0.0948116040067329,0.0948116040067329,2.0,2.0,0.0959595959595959,1
0.1066198947265254,0.0220175843687321,1.884931183427003,3.5898815090661955,0.0924714679704771,0.0924714679704771,2.0,3.0,0.1243686868686868,1
0.0826201279559126,0.0263816790048399,-1.916728172184216,3.742034598106819,0.0433201493890084,0.0433201493890084,3.0,2.0,0.2294823232323232,1
0.0664723264556134,0.0315577513172094,-0.0510652604243368,-5.65183030222185,0.0352860844562352,0.0352860844562352,2.0,3.0,0.2351641414141414,1
0.0495751305670372,0.0293429330412141,1.7047209146255708,3.0413331460839323,0.0272228204524281,0.0272228204524281,3.0,3.0,0.2537878787878788,1
0.0326936919683952,0.0083587020610813,0.6718127287562515,-1.6894627315006705,0.0249457135759092,0.0249457135759092,3.0,2.0,0.0899621212121212,1
0.0275289443960751,0.0054965246275387,1.3415307724099306,1.93619389652331,0.0226611590997279,0.0226611590997279,2.0,2.0,0.0445075757575757,1
0.0238848463769672,0.0028193689365079,0.1351401551125384,-1.4034230098077725,0.0207096923798039,0.0207096923798039,2.0,3.0,0.03125,1
0.0216257380687488,0.0028730128232482,-0.1054099039116188,-0.6195026135846025,0.0181863872195545,0.0181863872195545,3.0,2.0,0.0659722222222222,1
0.0193030051382605,0.0030447953260703,-0.2195086516067395,-1.4853171441283235,0.015654781853956,0.015654781853956,2.0,2.0,0.060290404040404,1
0.0162582274176533,0.0043688951018878,-0.7799553398938863,0.405093564697168,0.0104820482172989,0.0104820482172989,2.0,3.0,0.0924873737373737,1
0.0131510728691396,0.0045630227209796,0.0620824884191336,-3.539878613914519,0.0082810741857491,0.0082810741857491,3.0,2.0,0.1950757575757575,1
0.0100936211227129,0.0041423752446069,0.8936877374971645,0.7665086027092531,0.0059565802338476,0.0059565802338476,2.0,2.0,0.1704545454545454,1
0.0070879241075296,0.002953364120206,-0.0498090390713954,-1.2749371928611897,0.0036319937932231,0.0036319937932231,2.0,2.0,0.1496212121212121,1
0.0078825666425246,0.0042942396717012,0.9178815070205976,0.7608845674218827,0.0036319937932231,0.013660618357279,3.0,2.0,0.1568813131313131,1
0.0083757309265012,0.0044651335442376,0.249556554695085,-2.3204620044895243,0.0036319937932231,0.0102537313216552,2.0,2.0,0.1625631313131312,1
0.0085959836585756,0.004325574778786,0.0552774351705529,-1.291108361186749,0.0036319937932231,0.0068375911621452,2.0,3.0,0.1796085858585858,1
0.0085428910153981,0.0044073434245959,-0.0030160437811749,-1.203121682240177,0.0034196232205132,0.0034196232205132,3.0,2.0,0.1281565656565656,1
0.0142305942214956,0.0150481289534346,1.7964229705755763,3.333212698387971,0.0034196232205132,0.036411431181669,3.0,2.0,0.1581439393939394,1
0.0198696200596709,0.0171417311714642,0.0037723648829209,-5.586346872393207,0.0034196232205132,0.0328098346743565,2.0,2.0,0.1392045454545454,1
0.0222666823516223,0.0152813508759222,-0.5402847053225098,-2.513992160873805,0.0034196232205132,0.0164258403299508,2.0,2.0,0.1240530303030303,1
0.0335104333473123,0.0131950643833998,-0.4832165534466798,1.2726791075296455,0.0164258403299508,0.0483946272032732,3.0,2.0,0.1751893939393939,1
0.0359722066146658,0.0147443310577617,-0.9347202411878228,-0.7283509124344132,0.0164258403299508,0.0462585242510829,2.0,2.0,0.1505681818181818,1
0.0388044814151585,0.0150199157866937,-1.9201092147167125,3.7356787534515696,0.0164258403299508,0.0441389338763274,2.0,2.0,0.1297348484848484,1
0.0452388973407697,0.0026873923932342,0.071058706634024,-1.282495278419546,0.0421635040323953,0.0421635040323953,2.0,3.0,0.1240530303030303,1
0.0424960588349828,0.0037726618103437,-0.9048355863051036,0.8136683637793762,0.0374232731801256,0.0374232731801256,3.0,2.0,0.1584595959595959,1
0.0352467276201926,0.0123170573361014,-1.7030768602462418,2.8948101814835745,0.0172611993919222,0.0172611993919222,2.0,2.0,0.139520202020202,1
0.0270077344843982,0.0150952441573667,-0.0538055134327701,-4.752096068125642,0.0111829613331498,0.0111829613331498,2.0,2.0,0.1306818181818181,1
0.017129842259587,0.0147965737108048,1.052059691458073,1.436159209768357,0.0026519351331507,0.0026519351331507,2.0,2.0,0.1287878787878787,1
0.0077740239645556,0.0079225121051962,0.3878722501087112,-2.8584897133395,0.0,0.0,2.361111111111111,2.3055555555555554,0.1363724046015712,0
0.0034587241165751,0.005299065768947,1.6916890737613983,2.760633674393393,0.0,0.0,3.0,3.0,0.2111742424242424,0
0.0006629837832876,0.0013259675665794,2.000000000000492,4.000000000001652,0.0,0.0,3.0,2.0,0.0991161616161616,0
0.0,0.0,0.0,-3.0,0.0,0.0,2.0,2.0,0.1325757575757575,0
0.0,0.0,0.0,-3.0,0.0,0.0,2.0,3.0,0.1335227272727272,0
0.0400295694940139,0.0800591389880278,2.0000000000000004,4.0,0.0,0.1601182779760557,1.0,3.0,0.0606060606060606,1
0.0756950766165018,0.0876951895658533,0.0342012673771079,-5.8028648912435905,0.0,0.1426620284899517,3.0,3.0,0.1568813131313131,1
0.1012697023637099,0.071724218506963,-1.3801377881861092,1.6278621428391895,0.0,0.1022985029888323,3.0,2.0,0.091540404040404,1
0.1255483761696329,0.0307516179612569,0.2469033387982286,-4.331246211723322,0.0971146952236919,0.0971146952236919,2.0,2.0,0.0959595959595959,1
0.1091987264148933,0.0225319942467828,1.8849331345648348,3.5898926864565226,0.0947196789570976,0.0947196789570976,2.0,3.0,0.1243686868686868,1
0.0846257375399777,0.0270228723140547,-1.91688335751256,3.7424934747895655,0.0443700729902891,0.0443700729902891,3.0,2.0,0.2294823232323232,1
0.0680871237254736,0.03232517854978,-0.051027256152738,-5.652139293591805,0.0361440477308159,0.0361440477308159,2.0,3.0,0.2351641414141414,1
0.0507802831099264,0.0300558805278901,1.7049199492029157,3.0419788319854035,0.0278873327615032,0.0278873327615032,3.0,3.0,0.2537878787878788,1
0.0334891946527265,0.0085589894368845,0.6717051875819224,-1.6898530229541144,0.0255553251282981,0.0255553251282981,3.0,2.0,0.0899621212121212,1
0.0282005297655156,0.0056286784229122,1.341368992138323,1.9357907829590353,0.0232154134414455,0.0232154134414455,2.0,2.0,0.0445075757575757,1
0.024468668069602,0.0028875987469845,0.1350063156250315,-1.403616046416177,0.0212166009471612,0.0212166009471612,2.0,3.0,0.03125,1
0.0221548351747084,0.002942719886477,-0.1054722130441806,-0.619486770224686,0.018632001181929,0.018632001181929,3.0,2.0,0.0659722222222222,1
0.0197756489071125,0.003118863924379,-0.2196440756232698,-1.4850708185752133,0.0160385800579146,0.0160385800579146,2.0,2.0,0.060290404040404,1
0.0166566171233061,0.0044755770006396,-0.780107717588,0.4052931862425613,0.0107392863062197,0.0107392863062197,2.0,3.0,0.0924873737373737,1
0.0134735719104189,0.00467463413693,0.0620519207430365,-3.5399364008373606,0.0084844200956124,0.0084844200956124,3.0,2.0,0.1950757575757575,1
0.0103413051100125,0.0042437853642877,0.8936422802129268,0.7664346322664422,0.0061029339803036,0.0061029339803036,2.0,2.0,0.1704545454545454,1
0.0072619727953227,0.0030257874944091,-0.0498772791176539,-1.274909636919027,0.0037212507991553,0.0037212507991553,2.0,2.0,0.1496212121212121,1
0.0079371509794293,0.0041520680237821,0.7981148670775877,0.4552547805056193,0.0037212507991553,0.013439999042646,3.0,2.0,0.1568813131313131,1
0.008438406751532,0.0043561706898826,0.1293990374634197,-2.6846186559822627,0.0037212507991553,0.0104894431840231,2.0,2.0,0.1625631313131312,1
0.0086613769958933,0.004217397717417,-0.0885343457014387,-1.5312002543766994,0.0037212507991553,0.0069948149577491,2.0,3.0,0.1796085858585858,1
0.0086056327286614,0.0043050237831143,-0.1481971941347028,-1.4084129671445478,0.0034982737302275,0.0034982737302275,3.0,2.0,0.1281565656565656,1
0.0145613520633005,0.0154011237063066,1.7966095821912755,3.333814166429846,0.0034982737302275,0.0372628763812026,3.0,2.0,0.1581439393939394,1
0.0203333811013224,0.01754379524228,0.0037880066405811,-5.586611121285157,0.0034982737302275,0.0335775593361108,2.0,2.0,0.1392045454545454,1
0.0227873537001223,0.0156392479157215,-0.5404328973053927,-2.5133632782860875,0.0034982737302275,0.0168107053529484,2.0,2.0,0.1240530303030303,1
0.0343062887964722,0.0135212343275688,-0.4775887459600269,1.270420437880862,0.0168107053529484,0.0495740141156272,3.0,2.0,0.1751893939393939,1
0.0368372879034359,0.015112994136056,-0.9321137020671728,-0.7419098756799727,0.0168107053529484,0.0473868728090576,2.0,2.0,0.1505681818181818,1
0.0397470306358842,0.0153940165478841,-1.920262550833982,3.736181187663512,0.0168107053529484,0.0452165302659038,2.0,2.0,0.1297348484848484,1
0.0463426898890828,0.00275187206262,0.0708124176856697,-1.282296697353086,0.0431933423657429,0.0431933423657429,2.0,3.0,0.1240530303030303,1
0.0435336338176724,0.0038640300290786,-0.9051804111180844,0.8142477398491774,0.0383377898299854,0.0383377898299854,3.0,2.0,0.1584595959595959,1
0.0361078932407351,0.0126172690724633,-1.703123791184979,2.894974596204843,0.0176839105013083,0.0176839105013083,2.0,2.0,0.139520202020202,1
0.0276679866938981,0.0154635306951664,-0.05383767765493,-4.75204311102746,0.0114569040785559,0.0114569040785559,2.0,2.0,0.1306818181818181,1
0.0175488787047227,0.0151580176554648,1.0519535083894134,1.4359389924324084,0.0027169104090415,0.0027169104090415,2.0,2.0,0.1287878787878787,1
0.0079644312472264,0.0081165321717905,0.3878575049350629,-2.8585461800275827,0.0,0.0,2.361111111111111,2.3055555555555554,0.1363724046015712,0
0.0035434536218993,0.0054288733930664,1.6916863627352583,2.7606218777310367,0.0,0.0,3.0,3.0,0.2111742424242424,0
0.0006792276022603,0.0013584552045274,2.0000000000000013,4.000000000829079,0.0,0.0,3.0,2.0,0.0991161616161616,0
0.0,0.0,0.0,-3.0,0.0,0.0,2.0,2.0,0.1325757575757575,0
0.0,0.0,0.0,-3.0,0.0,0.0,2.0,3.0,0.1335227272727272,0
0.0419727549667763,0.0839455099335527,2.0,4.0,0.0,0.1678910198671053,1.0,3.0,0.0606060606060606,1
0.0795135443224768,0.0920991376657277,0.0319880059021636,-5.815602273378502,0.0,0.1501631574228022,3.0,3.0,0.1568813131313131,1
0.1064475697774417,0.0753195317485175,-1.3896167680782188,1.6526339625034634,0.0,0.1077361018198595,3.0,2.0,0.091540404040404,1
0.1320195318164106,0.032091602176704,0.23256067952331,-4.407124703561012,0.1022878481558756,0.1022878481558756,2.0,2.0,0.0959595959595959,1
0.1149892549352749,0.0236837903036923,1.884937281256652,3.589916944352993,0.0997699123425626,0.0997699123425626,2.0,3.0,0.1243686868686868,1
0.0891304532379732,0.0284631780688124,-1.9172321674722663,3.7435251407326504,0.0467279506335953,0.0467279506335953,3.0,2.0,0.2294823232323232,1
0.0717142612760729,0.034049111826662,-0.050941541704238,-5.652835578512838,0.0380713339722582,0.0380713339722582,2.0,3.0,0.2351641414141414,1
0.0534874341748426,0.031657315675372,1.705368784024626,3.0434348400154185,0.0293805397509546,0.0293805397509546,3.0,3.0,0.2537878787878788,1
0.0352762791923758,0.0090083634062228,0.6714627172584572,-1.6907327277636668,0.0269252924126953,0.0269252924126953,3.0,2.0,0.0899621212121212,1
0.0297095578405396,0.005925266848427,1.3410038492415963,1.9348811852980352,0.0244610652262504,0.0244610652262504,2.0,2.0,0.0445075757575757,1
0.0257807037063003,0.0030408063390746,0.134704251715656,-1.4040514821746957,0.0223559174353011,0.0223559174353011,2.0,3.0,0.03125,1
0.0233439788623292,0.0030992776450935,-0.1056128887858928,-0.6194509711260441,0.0196336403750701,0.0196336403750701,3.0,2.0,0.0659722222222222,1
0.0208379836836037,0.0032852535096448,-0.2199499747092053,-1.4845141679616098,0.0169013116977935,0.0169013116977935,2.0,2.0,0.060290404040404,1
0.0175521109651443,0.0047153051420879,-0.7804518783555622,0.4057443046106126,0.0113175743524127,0.0113175743524127,2.0,3.0,0.0924873737373737,1
0.0141985260618037,0.0049254747771449,0.0619828575329376,-3.54006692682116,0.0089415778219387,0.0089415778219387,3.0,2.0,0.1950757575757575,1
0.0108981108522649,0.004471715571025,0.8935395388271157,0.7662674745571412,0.0064319795369149,0.0064319795369149,2.0,2.0,0.1704545454545454,1
0.0076532653946835,0.0031885897097301,-0.0500315282866602,-1.2748472908484896,0.0039219298674677,0.0039219298674677,2.0,2.0,0.1496212121212121,1
0.008191973892949,0.0040733176556146,0.6347334922479626,0.0592429409637222,0.0039219298674677,0.0134724083454748,3.0,2.0,0.1568813131313131,1
0.0087107542240427,0.004324981107841,-0.0117868642832662,-3.0660319740116915,0.0039219298674677,0.0110166991463137,2.0,2.0,0.1625631313131312,1
0.0089393869614724,0.0041863126151548,-0.2566630123209324,-1.767137503915542,0.0039219298674677,0.0073465104866337,2.0,3.0,0.1796085858585858,1
0.0088774572675744,0.0042859265834073,-0.3188489976681484,-1.5941052184056232,0.0036742110918757,0.0036742110918757,3.0,2.0,0.1281565656565656,1
0.0153017147737956,0.0161917026666263,1.7970218056564948,3.3351429022382213,0.0036742110918757,0.0391694383703595,3.0,2.0,0.1581439393939394,1
0.0213717245505354,0.0184442695345691,0.0038222108716422,-5.587196860145897,0.0036742110918757,0.0352967382532728,2.0,2.0,0.1392045454545454,1
0.0239532538364001,0.0164407294106735,-0.5407628737381442,-2.511964238792782,0.0036742110918757,0.0176726276300926,2.0,2.0,0.1240530303030303,1
0.0360906574358311,0.0142549656036936,-0.4649078943536517,1.2654734824472982,0.0176726276300926,0.0522238254895996,3.0,2.0,0.1751893939393939,1
0.0387788474987269,0.0159430163328728,-0.9262561890566944,-0.7724039402033416,0.0176726276300926,0.049922198621943,2.0,2.0,0.1505681818181818,1
0.0418641611168636,0.0162359892239344,-1.9206070881094988,3.737310195119907,0.0176726276300926,0.0476379927258195,2.0,2.0,0.1297348484848484,1
0.0488228978404061,0.0028965577216457,0.0702567268582846,-1.281847885791178,0.0455075745242626,0.0455075745242626,2.0,3.0,0.1240530303030303,1
0.0458651810881065,0.0040692077482583,-0.9059582691846346,0.8155558722207061,0.0403929584804012,0.0403929584804012,3.0,2.0,0.1584595959595959,1
0.0380431377594468,0.0132917814412042,-1.7032297248671069,2.8953457492326606,0.0186340253073039,0.0186340253073039,2.0,2.0,0.139520202020202,1
0.0291518026162041,0.0162910597152872,-0.0539103367361529,-4.751923353741299,0.012072652152849,0.012072652152849,2.0,2.0,0.1306818181818181,1
0.018490648807867,0.0159702545013565,1.051713593975319,1.4354414842869936,0.0028629592909141,0.0028629592909141,2.0,2.0,0.1287878787878787,1
0.0083924091877667,0.0085526260520525,0.3878241887493697,-2.8586737616263793,0.0,0.0,2.361111111111111,2.3055555555555554,0.1363724046015712,0
0.0037339028609407,0.0057206451735616,1.691680236789134,2.760595221454317,0.0,0.0,3.0,3.0,0.2111742424242424,0
0.0007157398227285,0.0014314796454604,2.0,4.0000000000000036,0.0,0.0,3.0,2.0,0.0991161616161616,0
0.0,0.0,0.0,-3.0,0.0,0.0,2.0,2.0,0.1325757575757575,0
0.0,0.0,0.0,-3.0,0.0,0.0,2.0,3.0,0.1335227272727272,0
0.0420341344260665,0.0840682688521331,1.999999999999999,4.0,0.0,0.1681365377042663,1.0,3.0,0.0606060606060606,1
0.0800440582201536,0.092660238137491,0.0260693530764862,-5.8496777766705845,0.0,0.1520396951763482,3.0,3.0,0.1568813131313131,1
0.1073183977863331,0.0757611241273797,-1.412912013203176,1.710155666357867,0.0,0.1090973582647182,3.0,2.0,0.091540404040404,1
0.133214167201189,0.031799341742705,0.1911372171375024,-4.626106757424289,0.1035830776594235,0.1035830776594235,2.0,2.0,0.0959595959595959,1
0.1164386426758019,0.0239714025466331,1.8849382659294152,3.5899228203269686,0.1010344396027177,0.1010344396027177,2.0,3.0,0.1243686868686868,1
0.0902582720527903,0.028823810177169,-1.9173193647283568,3.743783095632054,0.0473182126843018,0.0473182126843018,3.0,2.0,0.2294823232323232,1
0.0726224099559424,0.0344807746938461,-0.0509200520595434,-5.653010016004426,0.0385539098773269,0.0385539098773269,2.0,3.0,0.2351641414141414,1
0.0541652722951531,0.0320582812547733,1.7054813017908583,3.043799831579552,0.0297545270162663,0.0297545270162663,3.0,3.0,0.2537878787878788,1
0.0357237723447954,0.0091207686710591,0.6714019495132507,-1.690953129710925,0.0272684398012868,0.0272684398012868,3.0,2.0,0.0899621212121212,1
0.0300874923590871,0.0059994719804354,1.340912239825778,1.9346530321058089,0.0247730927414685,0.0247730927414685,2.0,2.0,0.0445075757575757,1
0.0261093458214337,0.003079155422109,0.1346284716838731,-1.4041606724051938,0.0226413237267132,0.0226413237267132,2.0,3.0,0.03125,1
0.0236418580658939,0.0031384722666497,-0.1056481885975374,-0.6194419844504786,0.0198845759941074,0.0198845759941074,3.0,2.0,0.0659722222222222,1
0.0211041121266309,0.0033269171592409,-0.2200267638964274,-1.4843743789960424,0.0171174560442345,0.0171174560442345,2.0,2.0,0.060290404040404,1
0.0177764553991183,0.0047753485282455,-0.7805382848624032,0.4058576423778319,0.0114624658314184,0.0114624658314184,2.0,3.0,0.0924873737373737,1
0.0143801556228257,0.0049883088998968,0.0619655080475641,-3.5400997172206736,0.0090561246215426,0.0090561246215426,3.0,2.0,0.1950757575757575,1
0.011037619033933,0.0045288142409159,0.8935137377345294,0.7662254967253332,0.0065144296385365,0.0065144296385365,2.0,2.0,0.1704545454545454,1
0.0077513088874303,0.0032293780302073,-0.050070279204862,-1.2748315854330272,0.0039722154582238,0.0039722154582238,2.0,2.0,0.1496212121212121,1
0.0078156128338957,0.0033289339462725,0.0440457070364954,-1.1296025748726386,0.0039722154582238,0.0117196816172801,3.0,2.0,0.1568813131313131,1
0.0083385105310531,0.0037289745566622,-0.3662548841318176,-3.716615081396947,0.0039722154582238,0.0111477154101721,2.0,2.0,0.1625631313131312,1
0.0085683790173297,0.0036053404035139,-0.7126707893778447,-1.844585472805676,0.0039722154582238,0.0074339035836429,2.0,3.0,0.1796085858585858,1
0.0085048077836572,0.0037140007268685,-0.77074253280333,-1.5522466857578934,0.0037179305235338,0.0037179305235338,3.0,2.0,0.1281565656565656,1
0.0154862740974702,0.0163893068174464,1.7971463069266107,3.335544074453118,0.0037179305235338,0.0396455468725323,3.0,2.0,0.1581439393939394,1
0.0216308629651827,0.0186693199913,0.0038337924804686,-5.58736662014226,0.0037179305235338,0.035726070881022,2.0,2.0,0.1392045454545454,1
0.0242443607581252,0.0166409655098099,-0.5408541647325024,-2.511571690979423,0.0037179305235338,0.017887894755413,2.0,2.0,0.1240530303030303,1
0.0365367330761759,0.0144389060450143,-0.4617311633495284,1.2642650437698482,0.017887894755413,0.0528874197957363,3.0,2.0,0.1751893939393939,1
0.0392646367010424,0.0161512422325332,-0.924792174830812,-0.780030710386912,0.017887894755413,0.0505571613719985,2.0,2.0,0.1505681818181818,1
0.0423942378181618,0.0164471509026386,-1.920693191928721,3.737592361312,0.017887894755413,0.0482444753494995,2.0,2.0,0.1297348484848484,1
0.0494440687247657,0.0029327524233591,0.0701173537114661,-1.2817351842782578,0.0460872183818285,0.0460872183818285,2.0,3.0,0.1240530303030303,1
0.0464491470069242,0.0041205682555248,-0.906153312153733,0.8158841310301455,0.0409077329243706,0.0409077329243706,3.0,2.0,0.1584595959595959,1
0.0385278675361937,0.0134607012056344,-1.7032563086633092,2.8954388989508395,0.0188720434890762,0.0188720434890762,2.0,2.0,0.139520202020202,1
0.0295234761097229,0.0164983139508985,-0.0539285813490169,-4.751893268500769,0.0122269096436163,0.0122269096436163,2.0,2.0,0.1306818181818181,1
0.018726558517023,0.0161736963513881,1.051653348510169,1.4353165682320252,0.002899548011029,0.002899548011029,2.0,2.0,0.1287878787878787,1
0.0084996252859303,0.0086618743843376,0.3878158214178231,-2.858705803156477,0.0,0.0,2.361111111111111,2.3055555555555554,0.1363724046015712,0
0.0037816144136613,0.0057937399494919,1.6916786982040557,2.760588526488224,0.0,0.0,3.0,3.0,0.2111742424242424,0
0.0007248870027572,0.0014497740055196,1.9999999999999984,4.0000000000000036,0.0,0.0,3.0,2.0,0.0991161616161616,0
0.0,0.0,0.0,-3.0,0.0,0.0,2.0,2.0,0.1325757575757575,0
0.0,0.0,0.0,-3.0,0.0,0.0,2.0,3.0,0.1335227272727272,0
0.042712374052569,0.0854247481051381,2.0000000000000004,4.0000000000000036,0.0,0.1708494962102762,1.0,3.0,0.0606060606060606,1
0.0814112544132772,0.0942338128159425,0.0250743283085739,-5.855408366422339,0.0,0.1547955214428329,3.0,3.0,0.1568813131313131,1
0.1091855573708767,0.0770451178141655,-1.4173279517658772,1.7221384945304925,0.0,0.1110972118303978,3.0,2.0,0.091540404040404,1
0.135557074529255,0.0322398467044856,0.1840826454069144,-4.663399284820487,0.1054860686335135,0.1054860686335135,2.0,2.0,0.0959595959595959,1
0.1185677956257818,0.0243933594622484,1.8849396778377472,3.5899313345403208,0.1028923805963833,0.1028923805963833,2.0,3.0,0.1243686868686868,1
0.0919152578487375,0.0293536741012197,-1.917447748817275,3.744162932482496,0.0481853703346557,0.0481853703346557,3.0,2.0,0.2294823232323232,1
0.0739566923861775,0.035115013034137,-0.0508883645211107,-5.653267133686165,0.0392629499801575,0.0392629499801575,2.0,3.0,0.2351641414141414,1
0.0551612002734574,0.0326473968623759,1.705647201260332,3.0443379791645135,0.0303041001826333,0.0303041001826333,3.0,3.0,0.2537878787878788,1
0.0363812838838914,0.0092858328604879,0.6713123510047813,-1.6912780644892838,0.0277727150381191,0.0277727150381191,3.0,2.0,0.0899621212121212,1
0.0306428538508531,0.0061084540612306,1.3407771202803824,1.934316555448785,0.0252316502025028,0.0252316502025028,2.0,2.0,0.0445075757575757,1
0.0265923089708474,0.0031354908717295,0.1345167019450471,-1.4043216818661364,0.0230607704601344,0.0230607704601344,2.0,3.0,0.03125,1
0.0240796283246126,0.0031960553736287,-0.1057002637139466,-0.6194287199659154,0.0202533775976943,0.0202533775976943,3.0,2.0,0.0659722222222222,1
0.0214952324251368,0.0033881337324194,-0.2201400722042343,-1.4841680715921086,0.0174351314402158,0.0174351314402158,2.0,2.0,0.060290404040404,1
0.0181061764575778,0.0048635831460574,-0.7806657601230378,0.4060248678092293,0.0116754263322667,0.0116754263322667,2.0,3.0,0.0924873737373737,1
0.0146471059834559,0.0050806504501919,0.0619399136182118,-3.5401480769621223,0.0092244885636468,0.0092244885636468,3.0,2.0,0.1950757575757575,1
0.0112426665167108,0.0046127296772244,0.8934756534051823,0.7661635447816426,0.0066356197307139,0.0066356197307139,2.0,2.0,0.1704545454545454,1
0.0078954158628553,0.0032893266985224,-0.050127469830011,-1.2748084252768024,0.0040461288247941,0.0040461288247941,2.0,2.0,0.1496212121212121,1
0.007876029772508,0.0032597179448042,-0.0784961622092412,-1.315582520434187,0.0040461288247941,0.0115978819708776,3.0,2.0,0.1568813131313131,1
0.0084050361279445,0.0036942388522577,-0.4035098728886858,-3.6749158363703223,0.0040461288247941,0.0113405139853924,2.0,2.0,0.1625631313131312,1
0.008636758500921,0.0035733475556051,-0.7634732334015234,-1.7287837609499928,0.0040461288247941,0.0075625092226202,2.0,3.0,0.1796085858585858,1
0.0085707931970862,0.0036869695580607,-0.8225679248008124,-1.4208304969865004,0.0037822676094547,0.0037822676094547,3.0,2.0,0.1281565656565656,1
0.0157573396118501,0.0166790601036207,1.7972993659271774,3.3360374505950396,0.0037822676094547,0.0403440676299334,3.0,2.0,0.1581439393939394,1
0.0220112057777088,0.0189993451755563,0.0038465992969283,-5.587583507168506,0.0037822676094547,0.0363559786488269,2.0,2.0,0.1392045454545454,1
0.0246715146446097,0.0169346617525737,-0.5409761002621873,-2.511054124587364,0.0037822676094547,0.0182037446902239,2.0,2.0,0.1240530303030303,1
0.0371915752264875,0.0147093417322609,-0.4570491116722533,1.2625064689673575,0.0182037446902239,0.0538625099369658,3.0,2.0,0.1751893939393939,1
0.0399781111284073,0.0164574993714457,-0.9226368731943873,-0.7912624776630182,0.0182037446902239,0.0514902112376126,2.0,2.0,0.1505681818181818,1
0.0431730424661326,0.0167576766007853,-1.920819947881164,3.7380077572401937,0.0182037446902239,0.0491357039997281,2.0,2.0,0.1297348484848484,1
0.0503568617646856,0.0029859061086797,0.0699118145585543,-1.281568828740923,0.0469390218844362,0.0469390218844362,2.0,3.0,0.1240530303030303,1
0.0473072900728587,0.0041960200385261,-0.9064409425830332,0.8163684028824232,0.0416642231696582,0.0416642231696582,3.0,2.0,0.1584595959595959,1
0.0392402004774259,0.013708913992076,-1.7032955157504626,2.89557628317063,0.0192218528558813,0.0192218528558813,2.0,2.0,0.139520202020202,1
0.0300696796258755,0.0168028671133647,-0.0539554999056566,-4.751848847141485,0.0124536205935263,0.0124536205935263,2.0,2.0,0.1306818181818181,1
0.0190732547884019,0.0164726612556646,1.0515644469248435,1.4351322434539284,0.0029533225345419,0.0029533225345419,2.0,2.0,0.1287878787878787,1
0.0086571989959873,0.0088224340796485,0.3878034751518994,-2.858753080877097,0.0,0.0,2.361111111111111,2.3055555555555554,0.1363724046015712,0
0.003851735782017,0.0059011667135322,1.691676427852477,2.760578647317555,0.0,0.0,3.0,3.0,0.2111742424242424,0
0.0007383306336354,0.0014766612672767,1.9999999999999996,3.999999998812356,0.0,0.0,3.0,2.0,0.0991161616161616,0
0.0,0.0,0.0,-3.0,0.0,0.0,2.0,2.0,0.1325757575757575,0
0.0,0.0,0.0,-3.0,0.0,0.0,2.0,3.0,0.1335227272727272,0
0.0432194974208203,0.0864389948416406,1.9999999999999991,4.000000000000007,0.0,0.1728779896832812,1.0,3.0,0.0606060606060606,1
0.0824861796366115,0.0954653118651556,0.023701586017451,-5.8633152327341325,0.0,0.1570667288631651,3.0,3.0,0.1568813131313131,1
0.1106726849391932,0.0780483806470221,-1.423251852647271,1.737948511595496,0.0,0.1127460212103267,3.0,2.0,0.091540404040404,1
0.1374364687433575,0.0325273840794095,0.1741125730162065,-4.716076994005482,0.1070551352166572,0.1070551352166572,2.0,2.0,0.0959595959595959,1
0.1203230592424417,0.0247407590334866,1.88494080797525,3.5899382315759674,0.1044243516796178,0.1044243516796178,2.0,3.0,0.1243686868686868,1
0.0932814527423052,0.0297905713043623,-1.9175536084533429,3.7444761637422026,0.0489003028626191,0.0489003028626191,3.0,2.0,0.2294823232323232,1
0.0750568457473583,0.0356379812939167,-0.0508621949035359,-5.653479391923649,0.0398475932305392,0.0398475932305392,2.0,3.0,0.2351641414141414,1
0.0559823924250005,0.0331331421975987,1.7057842030699986,3.0447823804499414,0.030757321927226,0.030757321927226,3.0,3.0,0.2537878787878788,1
0.0369234541060895,0.009421860855478,0.6712383661692217,-1.691546334980938,0.0281885984039737,0.0281885984039737,3.0,2.0,0.0899621212121212,1
0.0311008388573661,0.0061982768665864,1.340665490988533,1.9340386091782535,0.0256098418677258,0.0256098418677258,2.0,2.0,0.0445075757575757,1
0.0269906195477169,0.0031819339954682,0.1344243654341534,-1.4044546638942157,0.0234067159919422,0.0234067159919422,2.0,3.0,0.03125,1
0.0244406803424566,0.0032435317522917,-0.1057432914116805,-0.6194177561076657,0.0205575651061847,0.0205575651061847,3.0,2.0,0.0659722222222222,1
0.0218178196890233,0.0034386109717711,-0.2202337159974411,-1.4839975334681732,0.0176971557902408,0.0176971557902408,2.0,2.0,0.060290404040404,1
0.0183781309256881,0.0049363492948308,-0.7807711094160625,0.4061631064312614,0.0118510868143848,0.0118510868143848,2.0,3.0,0.0924873737373737,1
0.014867293632665,0.0051568085480835,0.0619187577991242,-3.5401880459194537,0.0093633668198499,0.0093633668198499,3.0,2.0,0.1950757575757575,1
0.0114117993690699,0.0046819407298419,0.8934441700726033,0.7661123341413543,0.0067355880518045,0.0067355880518045,2.0,2.0,0.1704545454545454,1
0.008014285324828,0.0033387738992613,-0.0501747511719203,-1.274789266467737,0.0041070996132729,0.0041070996132729,2.0,2.0,0.1496212121212121,1
0.0078749716146619,0.003130440904186,-0.2545231168180447,-1.5330698619183103,0.0041070996132729,0.0112938319737206,3.0,2.0,0.1568813131313131,1
0.0084089024911219,0.0036137500460162,-0.4347081717507481,-3.517119445804326,0.0041070996132729,0.0114990903256897,2.0,2.0,0.1625631313131312,1
0.0086420774696837,0.0034980287098428,-0.8133904101711893,-1.4794151916432448,0.0041070996132729,0.0076682879660518,2.0,3.0,0.1796085858585858,1
0.0085740989666705,0.0036161819429768,-0.8744110528127522,-1.1625934717882878,0.0038351856012199,0.0038351856012199,3.0,2.0,0.1281565656565656,1
0.0159804361500287,0.0169176668880851,1.7974280781181762,3.3364523360308205,0.0038351856012199,0.0409191807071534,3.0,2.0,0.1581439393939394,1
0.0223243166470444,0.0192711115137863,0.0038575206714238,-5.587765030375317,0.0038351856012199,0.0368746123137525,2.0,2.0,0.1392045454545454,1
0.0250231975127651,0.0171764927450466,-0.5410776551019024,-2.5106223686397637,0.0038351856012199,0.0184638114289347,2.0,2.0,0.1240530303030303,1
0.0377310502090776,0.0149324799958455,-0.4531841963919116,1.2610749846888982,0.0184638114289347,0.0546665963864699,3.0,2.0,0.1751893939393939,1
0.0405661691279593,0.0167102912463852,-0.9208599151613904,-0.800525959009871,0.0184638114289347,0.0522596563826801,2.0,2.0,0.1505681818181818,1
0.0438151874386235,0.0170139497172145,-1.9209244485442152,3.738350229103901,0.0184638114289347,0.0498706855564095,2.0,2.0,0.1297348484848484,1
0.0511096101942862,0.0030297118994043,0.0697420353065308,-1.2814313103941366,0.0476415024515855,0.0476415024515855,2.0,3.0,0.1240530303030303,1
0.0480149888922985,0.004258224695931,-0.9066785067951232,0.816768547951428,0.0422881111785192,0.0422881111785192,3.0,2.0,0.1584595959595959,1
0.039827667122867,0.0139135978737063,-1.703327908542965,2.8956897945282414,0.019510369304954,0.019510369304954,2.0,2.0,0.139520202020202,1
0.030520148202802,0.0170540205041116,-0.0539777480094281,-4.751812116164128,0.0126406098761493,0.0126406098761493,2.0,2.0,0.1306818181818181,1
0.0193591914989721,0.0167192180115011,1.0514909640744816,1.434979895986615,0.0029976756362661,0.0029976756362661,2.0,2.0,0.1287878787878787,1
0.0087871637043423,0.0089548609482854,0.3877932700055165,-2.8587921591855157,0.0,0.0,2.361111111111111,2.3055555555555554,0.1363724046015712,0
0.0039095713781038,0.0059897713873843,1.6916745511666944,2.7605704811401104,0.0,0.0,3.0,3.0,0.2111742424242424,0
0.0007494189090665,0.0014988378181416,2.000000000000386,4.000000000001279,0.0,0.0,3.0,2.0,0.0991161616161616,0
0.0,0.0,0.0,-3.0,0.0,0.0,2.0,2.0,0.1325757575757575,0
0.0,0.0,0.0,-3.0,0.0,0.0,2.0,3.0,0.1335227272727272,0
0.0457061164616399,0.0914122329232799,2.0000000000000004,4.000000000000007,0.0,0.1828244658465597,1.0,3.0,0.0606060606060606,1
0.0876671655659994,0.1014138910761078,0.0188618321480821,-5.891200165980185,0.0,0.1678441964174381,3.0,3.0,0.1568813131313131,1
0.1178116596789769,0.0828998579875591,-1.4453003766547186,1.7992713959771134,0.0,0.1205779764519099,3.0,2.0,0.091540404040404,1
0.1464391011106256,0.0340115328417689,0.1377673551608455,-4.907890776616828,0.1145097657265947,0.1145097657265947,2.0,2.0,0.0959595959595959,1
0.1286588241192239,0.0263848263839094,1.8849457578177975,3.5899694890503824,0.1117033578809531,0.1117033578809531,2.0,3.0,0.1243686868686868,1
0.0997718173447358,0.0318663992018982,-1.9180568934669684,3.745965784542765,0.0522961693194856,0.0522961693194856,3.0,2.0,0.2294823232323232,1
0.0802836962334702,0.0381228758067276,-0.0507372581825722,-5.65449165945081,0.0426254920068476,0.0426254920068476,2.0,3.0,0.2351641414141414,1
0.0598841619969526,0.0354409646824896,1.706438148375651,3.04690353456866,0.0329116287805242,0.0329116287805242,3.0,3.0,0.2537878787878788,1
0.0394997345699403,0.01006723081113,0.6708852777628171,-1.6928261652860108,0.0301656481729039,0.0301656481729039,3.0,2.0,0.0899621212121212,1
0.0332776588730273,0.0066245763399848,1.340132090917026,1.9327109263424536,0.0274078665318338,0.0274078665318338,2.0,2.0,0.0445075757575757,1
0.0288841760854746,0.0034024978722647,0.1339831799631524,-1.405089640122501,0.0250515608566366,0.0250515608566366,2.0,3.0,0.03125,1
0.0261572741057974,0.0034690612743705,-0.1059489719997138,-0.619365290035466,0.0220040208618156,0.0220040208618156,3.0,2.0,0.0659722222222222,1
0.0233516599077624,0.0036784598754067,-0.2206816286230707,-1.4831813862207426,0.0189431913807638,0.0189431913807638,2.0,2.0,0.060290404040404,1
0.0196713212765031,0.0052822406538101,-0.7812749168123962,0.4068246134216284,0.0126865120067966,0.0126865120067966,2.0,3.0,0.0924873737373737,1
0.0159144060358098,0.0055188861154482,0.0618175527690274,-3.5403791714981097,0.0100238998938634,0.0100238998938634,3.0,2.0,0.1950757575757575,1
0.0122161725144216,0.0050110193425916,0.8932934644145968,0.7658672589403093,0.0072110867762628,0.0072110867762628,2.0,2.0,0.1704545454545454,1
0.0085796529399785,0.0035739219194218,-0.0504010861914986,-1.2746974982105623,0.0043971130829914,0.0043971130829914,2.0,2.0,0.1496212121212121,1
0.0079721687600436,0.0027561073217078,-0.8144141706959165,-1.446879174758671,0.0043971130829914,0.0102565752870571,3.0,2.0,0.1568813131313131,1
0.0085283180164723,0.0034461841993307,-0.2629662669813193,-1.807468895559884,0.0043971130829914,0.0122484969195781,2.0,2.0,0.1625631313131312,1
0.0087675946054636,0.0033562943481892,-0.6739061345178632,0.0733200314646023,0.0043971130829914,0.0081681931322281,2.0,3.0,0.1796085858585858,1
0.0086896360560051,0.0034925061145106,-0.7642002790477495,0.3001443990859691,0.0040852788851573,0.0040852788851573,3.0,2.0,0.1281565656565656,1
0.0170357696935973,0.0180472641604668,1.798034096788909,3.338405878494509,0.0040852788851573,0.0436411098374258,3.0,2.0,0.1581439393939394,1
0.023805989789452,0.0205576803983066,0.0039087217731718,-5.588621002696345,0.0040852788851573,0.0393293773029971,2.0,2.0,0.1392045454545454,1
0.0266876649204149,0.0183211980226936,-0.5415577823449188,-2.5085816776805636,0.0040852788851573,0.0196948936560794,2.0,2.0,0.1240530303030303,1
0.040288355973368,0.0159945813759309,-0.4347567131742743,1.254500203756134,0.0196948936560794,0.0584880430969697,3.0,2.0,0.1751893939393939,1
0.0433572779406752,0.0179147425746313,-0.9124145536368052,-0.8445938687024217,0.0196948936560794,0.0559167977066549,2.0,2.0,0.1505681818181818,1
0.0468660160274455,0.0182344557826419,-1.9214210687663784,3.739977881252095,0.0196948936560794,0.0533643296500782,2.0,2.0,0.1297348484848484,1
0.0546874953190386,0.0032375723990535,0.0689311154408553,-1.2807730655734773,0.0509808108224518,0.0509808108224518,2.0,3.0,0.1240530303030303,1
0.05137897794141,0.0045536668386348,-0.9078129447916204,0.8186814466945211,0.0452539735864554,0.0452539735864554,3.0,2.0,0.1584595959595959,1
0.0426203355689445,0.0148863731394515,-1.7034827004251378,2.8962322712738846,0.0208822282167929,0.0208822282167929,2.0,2.0,0.139520202020202,1
0.0326616900174733,0.0182477646072983,-0.0540841678298974,-4.75163616919675,0.0135297474441932,0.0135297474441932,2.0,2.0,0.1306818181818181,1
0.0207186322062415,0.0178912618101764,1.0511393767881092,1.4342510775105382,0.0032085795775248,0.0032085795775248,2.0,2.0,0.1287878787878787,1
0.0094051388096277,0.0095845354607274,0.3877444436704633,-2.8589791232747253,0.0,0.0,2.361111111111111,2.3055555555555554,0.1363724046015712,0
0.0041845817554295,0.0064110880755552,1.6916655712506434,2.7605314059928396,0.0,0.0,3.0,3.0,0.2111742424242424,0
0.0008021448943812,0.0016042897887744,2.0,3.999999999999997,0.0,0.0,3.0,2.0,0.0991161616161616,0
0.0,0.0,0.0,-3.0,0.0,0.0,2.0,2.0,0.1325757575757575,0
0.0,0.0,0.0,-3.0,0.0,0.0,2.0,3.0,0.1335227272727272,0
0.0426803982430632,0.0853607964861266,2.0,4.0000000000000036,0.0,0.1707215929722531,1.0,3.0,0.0606060606060606,1
0.0816141691906943,0.0944383188108798,0.0217631517681735,-5.874482226576508,0.0,0.1557350837905242,3.0,3.0,0.1568813131313131,1
0.1095589714488548,0.0772036210343883,-1.4310601454276055,1.757833242114721,0.0,0.1117792090326421,3.0,2.0,0.091540404040404,1
0.1360927377955899,0.0320082759302529,0.1594859457083279,-4.793281537897155,0.1061350653869404,0.1061350653869404,2.0,2.0,0.0959595959595959,1
0.1192938463048743,0.0245371229188206,1.884940148161577,3.589934194701339,0.1035260270093907,0.1035260270093907,2.0,3.0,0.1243686868686868,1
0.0924803475209751,0.0295343821772067,-1.9174914271497767,3.7442921698559424,0.0484810886549274,0.0484810886549274,3.0,2.0,0.2294823232323232,1
0.074411737012156,0.0353313200293886,-0.0508775657937621,-5.653354716928313,0.0395047669973657,0.0395047669973657,2.0,3.0,0.2351641414141414,1
0.0555008581277435,0.0328483101624236,1.7057037179386063,3.044521315066252,0.0304915498492902,0.0304915498492902,3.0,3.0,0.2537878787878788,1
0.0366055311982024,0.0093421065424254,0.6712817918092167,-1.6913889219496614,0.0279447192912265,0.0279447192912265,3.0,2.0,0.0899621212121212,1
0.0308322750104047,0.0061456115373695,1.3407310896554143,1.934201939806824,0.0253880639037366,0.0253880639037366,2.0,2.0,0.0445075757575757,1
0.026757044834798,0.0031547016219761,0.1344786252109329,-1.4043765196708264,0.0232038462949388,0.0232038462949388,2.0,3.0,0.03125,1
0.024228952731341,0.0032156928788974,-0.1057180201829597,-0.6194241824319935,0.0203791814354622,0.0203791814354622,3.0,2.0,0.0659722222222222,1
0.0216286471022002,0.003409011823365,-0.2201787302623619,-1.484097678325348,0.0175434967746633,0.0175434967746633,2.0,2.0,0.060290404040404,1
0.0182186494454515,0.0048936786841824,-0.7807091528867757,0.4060816898767356,0.0117480732767419,0.0117480732767419,2.0,3.0,0.0924873737373737,1
0.0147381686893295,0.005112148117179,0.0619312255452262,-3.540164450179482,0.0092819232704508,0.0092819232704508,3.0,2.0,0.1950757575757575,1
0.0113126139277953,0.0046413538121276,0.8934626415118332,0.7661424102095982,0.0066769623893254,0.0066769623893254,2.0,2.0,0.1704545454545454,1
0.0079445756676897,0.0033097765134313,-0.0501469532240614,-1.2748006786727029,0.0040713437342409,0.0040713437342409,2.0,2.0,0.1496212121212121,1
0.0076379453195297,0.0028671696486735,-0.5044849374317856,-1.705733678014374,0.0040713437342409,0.010521551884102,3.0,2.0,0.1568813131313131,1
0.0081689278344617,0.0034170495524534,-0.4207938452626236,-3.053082355026742,0.0040713437342409,0.0114058533301786,2.0,2.0,0.1625631313131312,1
0.0084012106878645,0.0033117811367595,-0.8262777809480115,-0.9310636502949308,0.0040713437342409,0.0076060938029368,2.0,3.0,0.1796085858585858,1
0.0083343926547917,0.0034288853501965,-0.8917823986307826,-0.6379170313808835,0.0038040716019497,0.0038040716019497,3.0,2.0,0.1281565656565656,1
0.0158495203692914,0.0167778797482376,1.7973648717171815,3.3362485141914036,0.0038040716019497,0.0405820627421007,3.0,2.0,0.1581439393939394,1
0.0221407069363256,0.0191118861838648,0.0038528485541976,-5.587671938422281,0.0038040716019497,0.0365705995983153,2.0,2.0,0.1392045454545454,1
0.024817024425944,0.0170347758962664,-0.5410231137186834,-2.510851204107384,0.0038040716019497,0.0183113637614103,2.0,2.0,0.1240530303030303,1
0.0374147770299027,0.0148016144199649,-0.4554549580228456,1.2619138184130527,0.0183113637614103,0.0541950820177847,3.0,2.0,0.1751893939393939,1
0.0402213743202408,0.0165620207351456,-0.9219036959247248,-0.7950842436708427,0.0183113637614103,0.0518084519034529,2.0,2.0,0.1505681818181818,1
0.043438646241366,0.0168636431002919,-1.9208630680110208,3.738149071692746,0.0183113637614103,0.0494396872828164,2.0,2.0,0.1297348484848484,1
0.0506681956143847,0.0030040279124323,0.0698417992063693,-1.2815119799230992,0.0472295612534848,0.0472295612534848,2.0,3.0,0.1240530303030303,1
0.0475999889687945,0.004221750226597,-0.906539004427064,0.8165335647237342,0.0419222554354242,0.0419222554354242,3.0,2.0,0.1584595959595959,1
0.0394831700925477,0.0137935716653414,-1.703308850833978,2.89562299786585,0.0193411763984656,0.0193411763984656,2.0,2.0,0.139520202020202,1
0.0302559869171191,0.0169067432983055,-0.0539646650373042,-4.7518336522080915,0.0125309545811019,0.0125309545811019,2.0,2.0,0.1306818181818181,1
0.0191915130524835,0.0165746345621406,1.0515341424337854,1.4350694076441606,0.0029716657949425,0.0029716657949425,2.0,2.0,0.1287878787878787,1
0.0087109491936275,0.0088772026632141,0.3877992722353515,-2.858769174343113,0.0,0.0,2.361111111111111,2.3055555555555554,0.1363724046015712,0
0.003875655094011,0.005937811344249,1.691675654730548,2.7605752831718746,0.0,0.0,3.0,3.0,0.2111742424242424,0
0.0007429164487356,0.0014858328974879,1.9999999999999996,4.000000000000007,0.0,0.0,3.0,2.0,0.0991161616161616,0
0.0,0.0,0.0,-3.0,0.0,0.0,2.0,2.0,0.1325757575757575,0
0.0,0.0,0.0,-3.0,0.0,0.0,2.0,3.0,0.1335227272727272,0
0.0423268199263903,0.0846536398527808,2.0,4.0000000000000036,0.0,0.1693072797055614,1.0,3.0,0.0606060606060606,1
0.0813168213803575,0.0940545526414735,0.0174110944931712,-5.899561347910072,0.0,0.1559600058158686,3.0,3.0,0.1568813131313131,1
0.1093024366124402,0.0768797813394562,-1.4498270315739434,1.8083446110318633,0.0,0.1119424609283311,3.0,2.0,0.091540404040404,1
0.1358750405310932,0.0314597035430549,0.1256490218872311,-4.971610377484449,0.1062904156746119,0.1062904156746119,2.0,2.0,0.0959595959595959,1
0.1194676460959759,0.0245715449722337,1.8849402580277577,3.589934865791274,0.1036777019650921,0.1036777019650921,2.0,3.0,0.1243686868686868,1
0.0926156137271297,0.0295776378350559,-1.917501734315564,3.744322667821286,0.0485518763404841,0.0485518763404841,3.0,2.0,0.2294823232323232,1
0.0745206610774281,0.0353830968903444,-0.0508750234449449,-5.6533753511123965,0.0395626503295246,0.0395626503295246,2.0,3.0,0.2351641414141414,1
0.0555821617177638,0.0328964026191464,1.7057170447791827,3.04456453576406,0.0305364182359545,0.0305364182359545,3.0,3.0,0.2537878787878788,1
0.0366592088097702,0.0093555782194914,0.6712746328634926,-1.6914148356789234,0.0279858903331176,0.0279858903331176,3.0,2.0,0.0899621212121212,1
0.0308776154685926,0.0061545065055546,1.3407202168299632,1.934174867392782,0.0254255029757741,0.0254255029757741,2.0,2.0,0.0445075757575757,1
0.0267964760512824,0.0031593002078375,0.1344696328066179,-1.4043894740389329,0.0232380926602836,0.0232380926602836,2.0,3.0,0.03125,1
0.024264694854307,0.0032203935243283,-0.1057221965620918,-0.6194231317110717,0.0204092934480527,0.0204092934480527,3.0,2.0,0.0659722222222222,1
0.0216605809854349,0.0034140092666343,-0.2201878035391634,-1.4840811503011384,0.0175694348576293,0.0175694348576293,2.0,2.0,0.060290404040404,1
0.0182455706735622,0.0049008823565125,-0.7807194584208527,0.406095326232414,0.0117654617282833,0.0117654617282833,2.0,3.0,0.0924873737373737,1
0.0147599651313499,0.0051196873965663,0.0619291305194626,-3.540168449664421,0.0092956704914344,0.0092956704914344,3.0,2.0,0.1950757575757575,1
0.0113293562616889,0.0046482052833175,0.893459606978621,0.7661374432823322,0.006686857969409,0.006686857969409,2.0,2.0,0.1704545454545454,1
0.007956342294617,0.0033146713087158,-0.050151567937297,-1.2747986614954847,0.0040773789893414,0.0040773789893414,2.0,2.0,0.1496212121212121,1
0.0072675631151589,0.0024265889287435,-0.8877878351071958,-1.0180207100247625,0.0040773789893414,0.0090103450104508,3.0,2.0,0.1568813131313131,1
0.0077989134985932,0.0031450535397272,-0.0775155187766367,-0.9748074157566168,0.0040773789893414,0.0114210720251718,2.0,2.0,0.1625631313131312,1
0.0080312603359369,0.0030689219201473,-0.5072642387857692,0.6813869768600327,0.0040773789893414,0.0076162453187839,2.0,3.0,0.1796085858585858,1
0.0079642030973829,0.0031848545886312,-0.6051213119902442,0.8224256739807192,0.0038091500351253,0.0038091500351253,3.0,2.0,0.1281565656565656,1
0.0158713785391035,0.0168016586383058,1.797398148687752,3.3363556372624465,0.0038091500351253,0.0406390467773332,3.0,2.0,0.1581439393939394,1
0.022171607233784,0.0191389497087675,0.0038568298466758,-5.5877122491295985,0.0038091500351253,0.0366219868038936,2.0,2.0,0.1392045454545454,1
0.0248518286479383,0.0170588050406829,-0.5410415512803172,-2.5107677098827796,0.0038091500351253,0.0183371309754013,2.0,2.0,0.1240530303030303,1
0.0374682131761297,0.0148236994027259,-0.4550785966088271,1.261774352448878,0.0183371309754013,0.0542746881478908,3.0,2.0,0.1751893939393939,1
0.0402796082732549,0.0165870353888671,-0.921730649844174,-0.7959863435596688,0.0183371309754013,0.0518846271658343,2.0,2.0,0.1505681818181818,1
0.0435022238983431,0.0168890041328351,-1.9208732422016204,3.738182413486147,0.0183371309754013,0.049512449304246,2.0,2.0,0.1297348484848484,1
0.050742717437898,0.0030083661294195,0.0698252658705782,-1.2814987383185183,0.0472991051336212,0.0472991051336212,2.0,3.0,0.1240530303030303,1
0.047670050031224,0.004227909253007,-0.9065620486556718,0.8165723707012109,0.0419840185211946,0.0419840185211946,3.0,2.0,0.1584595959595959,1
0.0395413276010231,0.0138138356804408,-1.7033120279453435,2.8956341449553875,0.0193697374450308,0.0193697374450308,2.0,2.0,0.139520202020202,1
0.03030058154827,0.0169316074428047,-0.0539668399273202,-4.751830127144901,0.0125494650932334,0.0125494650932334,2.0,2.0,0.1306818181818181,1
0.0192198193650556,0.0165990431451422,1.0515269929258273,1.435054591409287,0.0029760564007639,0.0029760564007639,2.0,2.0,0.1287878787878787,1
0.008723814734757,0.0088903119632347,0.387798273623651,-2.858772999003275,0.0,0.0,2.361111111111111,2.3055555555555554,0.1363724046015712,0
0.0038813803734993,0.0059465825314992,1.6916754713200195,2.7605744850821026,0.0,0.0,3.0,3.0,0.2111742424242424,0
0.0007440141001909,0.0014880282003967,1.9999999999999996,4.000000000000011,0.0,0.0,3.0,2.0,0.0991161616161616,0
0.0,0.0,0.0,-3.0,0.0,0.0,2.0,2.0,0.1325757575757575,0
0.0,0.0,0.0,-3.0,0.0,0.0,2.0,3.0,0.1335227272727272,0
0.0417362700321175,0.0834725400642352,2.0000000000000004,4.0,0.0,0.1669450801284701,1.0,3.0,0.0606060606060606,1
0.0803958693076368,0.0929690099450323,0.0151530880673777,-5.9125774807699125,0.0,0.1546383971020771,3.0,3.0,0.1568813131313131,1
0.1081416432744117,0.0759878963284863,-1.4598435802710394,1.835984910526637,0.0,0.1109830958670999,3.0,2.0,0.091540404040404,1
0.134486008888031,0.0308728815870568,0.107303388954239,-5.068026405514409,0.1053774624544773,0.1053774624544773,2.0,2.0,0.0959595959595959,1
0.1184463233982849,0.0243693538958104,1.8849395941192737,3.589930826606828,0.1027863381694853,0.1027863381694853,2.0,3.0,0.1243686868686868,1
0.0918206964913962,0.0293234326931294,-1.9174400199823147,3.744140064645837,0.0481358894745225,0.0481358894745225,3.0,2.0,0.2294823232323232,1
0.0738805427924252,0.0350788130325054,-0.0508902737126999,-5.653251645474703,0.039222481071216,0.039222481071216,2.0,3.0,0.2351641414141414,1
0.0551043579645521,0.0326137746508383,1.7056372060953802,3.0443055569387525,0.0302727231429847,0.0302727231429847,3.0,3.0,0.2537878787878788,1
0.0363437538330439,0.0092764228167917,0.6713177490045259,-1.6912584896996703,0.0277439216434524,0.0277439216434524,3.0,2.0,0.0899621212121212,1
0.0306111478270521,0.0061022394646667,1.340785262691798,1.9343368305021649,0.0252054654505554,0.0252054654505554,2.0,2.0,0.0445075757575757,1
0.0265647319543975,0.0031322767137681,0.1345234372039554,-1.4043119805869804,0.0230368175805976,0.0230368175805976,2.0,3.0,0.03125,1
0.024054629941339,0.0031927693544092,-0.1056971253679532,-0.6194295195447008,0.0202323150907507,0.0202323150907507,3.0,2.0,0.0659722222222222,1
0.0214728965238947,0.0033846396324167,-0.2201332427709383,-1.484180507702277,0.0174169879736755,0.0174169879736755,2.0,2.0,0.060290404040404,1
0.0180873457869012,0.0048585453924946,-0.7806580771381005,0.4060147878886226,0.0116632625025813,0.0116632625025813,2.0,3.0,0.0924873737373737,1
0.0146318592745845,0.0050753774974463,0.0619414562863969,-3.540145162404741,0.0092148715313305,0.0092148715313305,3.0,2.0,0.1950757575757575,1
0.011230954742944,0.0046079375469268,0.8934779492225884,0.7661672791924978,0.006628696964189,0.006628696964189,2.0,2.0,0.1704545454545454,1
0.0078871843960662,0.0032859027702844,-0.0501240222549551,-1.274809821492731,0.0040419065861641,0.0040419065861641,2.0,2.0,0.1496212121212121,1
0.0070121181764463,0.0022469100681208,-0.8255724217517396,-0.0102721219677306,0.0040419065861641,0.0081629976241019,3.0,2.0,0.1568813131313131,1
0.0075405033612499,0.0030445209427693,0.2600892488742641,0.3326683000608454,0.0040419065861641,0.0113284122705448,2.0,2.0,0.1625631313131312,1
0.0077719382294139,0.0029867417110149,-0.1717193604588735,1.310946034303324,0.0040419065861641,0.007554436436845,2.0,3.0,0.1796085858585858,1
0.0077060188051043,0.0030973685013573,-0.2910312783567172,1.3572237871085342,0.0037782288889257,0.0037782288889257,3.0,2.0,0.1281565656565656,1
0.0157413507256783,0.0166628888623359,1.7973383036826038,3.336162631825406,0.0037782288889257,0.040304325306398,3.0,2.0,0.1581439393939394,1
0.0219892822060692,0.0189808804885401,0.0038526011571646,-5.5876229936784885,0.0037782288889257,0.0363201381921082,2.0,2.0,0.1392045454545454,1
0.0246471159854441,0.0169181073770292,-0.5409886002453543,-2.5109890804647037,0.0037782288889257,0.0181857715543445,2.0,2.0,0.1240530303030303,1
0.037154270241653,0.0146938858277041,-0.4573311375215056,1.2626116395252396,0.0181857715543445,0.0538068459137617,3.0,2.0,0.1751893939393939,1
0.039937424742847,0.016439981238256,-0.9227666165771996,-0.7905862293966504,0.0181857715543445,0.0514369433111736,2.0,2.0,0.1505681818181818,1
0.0431285952188322,0.0167399198830525,-1.9208123176797676,3.7379827517084863,0.0181857715543445,0.0490848200960492,2.0,2.0,0.1297348484848484,1
0.0503047491201012,0.0029828755734918,0.0699241994898009,-1.2815788556754055,0.0468903871594204,0.0468903871594204,2.0,3.0,0.1240530303030303,1
0.0472582948271176,0.0041917149505396,-0.9064236118416604,0.816339217685238,0.0416210287418275,0.0416210287418275,3.0,2.0,0.1584595959595959,1
0.0391995279722084,0.0136947443705986,-1.7032931530858366,2.895568004088549,0.0192018758915367,0.0192018758915367,2.0,2.0,0.139520202020202,1
0.0300384912585902,0.0167854798519087,-0.0539538774421075,-4.751851525345536,0.0124406732415763,0.0124406732415763,2.0,2.0,0.1306818181818181,1
0.0190534573315518,0.0164555913544143,1.0515698056011895,1.4351433535936629,0.0029502514512669,0.0029502514512669,2.0,2.0,0.1287878787878787,1
0.0086482001460949,0.0088132647945356,0.3878042193336681,-2.858750231187157,0.0,0.0,2.361111111111111,2.3055555555555554,0.1363724046015712,0
0.0038477311732108,0.0058950316257084,1.6916765647027034,2.760579242810003,0.0,0.0,3.0,3.0,0.2111742424242424,0
0.0007375628628167,0.0014751257256481,2.0,4.000000000000011,0.0,0.0,3.0,2.0,0.0991161616161616,0
0.0,0.0,0.0,-3.0,0.0,0.0,2.0,2.0,0.1325757575757575,0
0.0,0.0,0.0,-3.0,0.0,0.0,2.0,3.0,0.1335227272727272,0
0.0433459268993054,0.0866918537986109,1.9999999999999991,4.000000000000007,0.0,0.1733837075972216,1.0,3.0,0.0606060606060606,1
0.0838180142796347,0.0968984170833402,0.0121739728260702,-5.929754751683319,0.0,0.1618883495213174,3.0,3.0,0.1568813131313131,1
0.1128800578955136,0.0791954459023517,-1.4751476334405886,1.8821143757985368,0.0,0.1162481744635156,3.0,2.0,0.091540404040404,1
0.1404771203268843,0.0317997178871907,0.0826040837250633,-5.197466017700378,0.1103882497254829,0.1103882497254829,2.0,2.0,0.0959595959595959,1
0.1240508955936805,0.0254772349317362,1.884943102746443,3.589952489602183,0.1076788086644063,0.1076788086644063,2.0,3.0,0.1243686868686868,1
0.0961835155538535,0.0307186874501676,-1.9177781303056485,3.745140613570861,0.0504188293620092,0.0504188293620092,3.0,2.0,0.2294823232323232,1
0.077393869792659,0.0367489685302113,-0.0508065654058596,-5.653930335351399,0.0410895914187377,0.0410895914187377,2.0,3.0,0.2351641414141414,1
0.0577268897943109,0.0341650055348771,1.706075403632822,3.045726944211495,0.0317203297320904,0.0317203297320904,3.0,3.0,0.2537878787878788,1
0.0380752680026536,0.0097106117020048,0.6710811248916856,-1.692116379673978,0.0290723214977774,0.0290723214977774,3.0,2.0,0.0899621212121212,1
0.0320739378954067,0.0063889802061239,1.3404280840811154,1.9334475928009685,0.0264135089330214,0.0264135089330214,2.0,2.0,0.0445075757575757,1
0.0278370122128913,0.0032805712628212,0.1342279959982285,-1.404737373301554,0.0241418886886762,0.0241418886886762,2.0,3.0,0.03125,1
0.0252079381271279,0.0033443770900025,-0.1058348194863314,-0.6193944204053494,0.0212040333890369,0.0212040333890369,3.0,2.0,0.0659722222222222,1
0.0225033663425907,0.0035458454084481,-0.2204329805844284,-1.483634540152968,0.0182540343596284,0.0182540343596284,2.0,2.0,0.060290404040404,1
0.0189560983137987,0.0050909656649958,-0.7809952610636022,0.4064573383263354,0.0122244368178533,0.0122244368178533,2.0,3.0,0.0924873737373737,1
0.0153352634167184,0.0053186468317634,0.0618737363318392,-3.5402730854653637,0.009658549100355,0.009658549100355,3.0,2.0,0.1950757575757575,1
0.0117712738221734,0.0048290231382898,0.8933771490563203,0.7660033324476849,0.0069480750108569,0.0069480750108569,2.0,2.0,0.1704545454545454,1
0.008266939507183,0.0034438650596336,-0.0502754052498306,-1.2747484647995542,0.0042366970996669,0.0042366970996669,2.0,2.0,0.1496212121212121,1
0.0070991302975273,0.0022340654568201,-0.3944547148243832,1.2310383792660635,0.0042366970996669,0.0075531999792304,3.0,2.0,0.1568813131313131,1
0.0076429373028853,0.0031441213453029,0.7238514443153186,1.6214478218626596,0.0042366970996669,0.0118337771217871,2.0,2.0,0.1625631313131312,1
0.0078788045658138,0.0031098196815443,0.2996074631777563,1.4914820139939415,0.0042366970996669,0.0078915440625712,2.0,3.0,0.1796085858585858,1
0.0078063490895301,0.0032242341704025,0.1555585424931076,1.458640174011805,0.0039468751945318,0.0039468751945318,3.0,2.0,0.1281565656565656,1
0.0164526616653085,0.0174239419685106,1.7977495279504077,3.337488185566084,0.0039468751945318,0.042138450282344,3.0,2.0,0.1581439393939394,1
0.0229877614520488,0.0198476920629339,0.0038875267330253,-5.588202769665727,0.0039468751945318,0.0379741762687484,2.0,2.0,0.1392045454545454,1
0.025768679988724,0.017689393520695,-0.5413129779948105,-2.509609735202586,0.0039468751945318,0.0190152182092719,2.0,2.0,0.1240530303030303,1
0.0388757053270892,0.015406943251944,-0.4449741520411198,1.258094624122231,0.0190152182092719,0.0563749765479925,3.0,2.0,0.1751893939393939,1
0.0418147210504271,0.0172480871593353,-0.9170917452381588,-0.8201798526619495,0.0190152182092719,0.0538945131756959,2.0,2.0,0.1505681818181818,1
0.0451792740060415,0.017559028073812,-1.921146038800267,3.739076457958628,0.0190152182092719,0.0514323880912059,2.0,2.0,0.1297348484848484,1
0.0527090149512873,0.0031227064814475,0.0693810400747815,-1.2811385711193068,0.0491341819902549,0.0491341819902549,2.0,3.0,0.1240530303030303,1
0.0495187275473379,0.0043903425493825,-0.907183570200986,0.8176197631136954,0.0436138269321951,0.0436138269321951,3.0,2.0,0.1584595959595959,1
0.041075977931515,0.0143484758371351,-1.7033968022215111,2.895931225764542,0.0201235147124044,0.0201235147124044,2.0,2.0,0.139520202020202,1
0.0314773807942943,0.0175876567445559,-0.0540250909598664,-4.751733895043904,0.0130379995423229,0.0130379995423229,2.0,2.0,0.1306818181818181,1
0.0199668192497363,0.0172431219077505,1.0513345735712536,1.4346556867449287,0.0030919358120231,0.0030919358120231,2.0,2.0,0.1287878787878787,1
0.0090633625166876,0.009236290436392,0.3877715510516957,-2.8588753257487074,0.0,0.0,2.361111111111111,2.3055555555555554,0.1363724046015712,0
0.0040324838385865,0.0061780740121162,1.6916705569135508,2.76055310058916,0.0,0.0,3.0,3.0,0.2111742424242424,0
0.0007729839530057,0.001545967906025,2.0,4.0,0.0,0.0,3.0,2.0,0.0991161616161616,0
0.0,0.0,0.0,-3.0,0.0,0.0,2.0,2.0,0.1325757575757575,0
0.0,0.0,0.0,-3.0,0.0,0.0,2.0,3.0,0.1335227272727272,0
0.0438440931910873,0.0876881863821748,2.000000000000001,3.999999999999997,0.0,0.1753763727643493,1.0,3.0,0.0606060606060606,1
0.0848087778950882,0.0980415612178795,0.0119381407092063,-5.9311147467290475,0.0,0.1638587388160036,3.0,3.0,0.1568813131313131,1
0.1142288139524767,0.0801296595281292,-1.4766168917464189,1.8869461027563812,0.0,0.1176801442295542,3.0,2.0,0.091540404040404,1
0.1421666259157269,0.0321357436296602,0.0806519337950239,-5.2076802072675665,0.1117512478530007,0.1117512478530007,2.0,2.0,0.0959595959595959,1
0.1255749584881191,0.025777759093805,1.884944003122804,3.5899581883689144,0.1090097030539182,0.1090097030539182,2.0,3.0,0.1243686868686868,1
0.0973702031956298,0.0310982314526623,-1.9178701683734152,3.74541303235997,0.0510397176460462,0.0510397176460462,3.0,2.0,0.2294823232323232,1
0.078349542904179,0.0372033076574202,-0.0507837130643037,-5.65411548148082,0.041597503063751,0.041597503063751,2.0,3.0,0.2351641414141414,1
0.0584402893500435,0.0345869663467815,1.7061950202118563,3.0461149327725003,0.0321142336364586,0.0321142336364586,3.0,3.0,0.2537878787878788,1
0.038546317955479,0.0098286001050501,0.6710165489412285,-1.6923504309261634,0.0294338174756602,0.0294338174756602,3.0,2.0,0.0899621212121212,1
0.0324719567121048,0.0064669191847984,1.3403305075667629,1.9332047204589653,0.0267422726725496,0.0267422726725496,2.0,2.0,0.0445075757575757,1
0.0281832422995873,0.003320897955401,0.1341472891784771,-1.4048535268820856,0.0244426454136808,0.0244426454136808,2.0,3.0,0.03125,1
0.025521813105601,0.0033856123574002,-0.1058724428608593,-0.6193848256910162,0.0214685168605134,0.0214685168605134,3.0,2.0,0.0659722222222222,1
0.0227838267387679,0.0035896995317902,-0.2205149128160532,-1.4834852445656723,0.0184818720083278,0.0184818720083278,2.0,2.0,0.060290404040404,1
0.0191925574034378,0.0051542102360359,-0.7810874387643332,0.4065783993911154,0.0123771953312295,0.0123771953312295,2.0,3.0,0.0924873737373737,1
0.0155267282604832,0.0053848517184042,0.0618552135005985,-3.5403080743377675,0.0097793288418622,0.0097793288418622,3.0,2.0,0.1950757575757575,1
0.0119183543508963,0.0048891946050863,0.8933495842762165,0.7659585006965806,0.0070350212221659,0.0070350212221659,2.0,2.0,0.1704545454545454,1
0.0083703180735063,0.0034868619473902,-0.0503168160844367,-1.2747316406962454,0.0042897268987678,0.0042897268987678,2.0,2.0,0.1496212121212121,1
0.0071688632740899,0.0022571284888291,-0.3486885156776342,1.2919986475273095,0.0042897268987678,0.0075713761335638,3.0,2.0,0.1568813131313131,1
0.0077167287406259,0.0031794778065816,0.7553698556595785,1.6884753699134285,0.0042897268987678,0.0119707907080063,2.0,2.0,0.1625631313131312,1
0.0079537088311732,0.0031468896417369,0.3332861009019406,1.4776340240843826,0.0042897268987678,0.0079829415843549,2.0,3.0,0.1796085858585858,1
0.0078794270429464,0.0032635509137705,0.1867759521331568,1.4403975169766952,0.0039925997458607,0.0039925997458607,3.0,2.0,0.1281565656565656,1
0.0166455836764952,0.0176304182121431,1.7978580963036377,3.33783818217211,0.0039925997458607,0.042636002667759,3.0,2.0,0.1581439393939394,1
0.0232586095980795,0.0200828622167466,0.0038965737801819,-5.588356836801307,0.0039925997458607,0.0384228943943436,2.0,2.0,0.1392045454545454,1
0.0260729380455888,0.0178986351752505,-0.541399853873467,-2.5092410276942587,0.0039925997458607,0.0192402553743921,2.0,2.0,0.1240530303030303,1
0.0393432133634639,0.0156011597940972,-0.4416036092984711,1.256894850833147,0.0192402553743921,0.0570737010173609,3.0,2.0,0.1751893939393939,1
0.0423250125522616,0.0174683482275998,-0.9155473233703856,-0.8282391198546133,0.0192402553743921,0.0545631994229498,2.0,2.0,0.1505681818181818,1
0.0457370848098002,0.0177822190365533,-1.9212368555805464,3.739374107235161,0.0192402553743921,0.052071183424498,2.0,2.0,0.1297348484848484,1
0.0533632108686071,0.0031607084704021,0.0692327005355442,-1.2810181770639293,0.04974475960962,0.04974475960962,2.0,3.0,0.1240530303030303,1
0.0501338164782787,0.0044443598365419,-0.9073910669048716,0.8179696669723509,0.0441561234560473,0.0441561234560473,3.0,2.0,0.1584595959595959,1
0.0415866059463294,0.0145263410070783,-1.7034251238678542,2.8960304842583824,0.0203743572951523,0.0203743572951523,2.0,2.0,0.139520202020202,1
0.0318689544635209,0.0178059259259286,-0.0540445616906431,-4.751701715629645,0.0132005774932642,0.0132005774932642,2.0,2.0,0.1306818181818181,1
0.0202153894220664,0.0174574250567531,1.051270253267968,1.4345223573929466,0.0031304994438021,0.0031304994438021,2.0,2.0,0.1287878787878787,1
0.0091763585580546,0.0093514256055789,0.3877626173572949,-2.858909534436963,0.0,0.0,2.361111111111111,2.3055555555555554,0.1363724046015712,0
0.0040827692342665,0.0062551113617145,1.6916689139108392,2.7605459512371873,0.0,0.0,3.0,3.0,0.2111742424242424,0
0.0007826248609505,0.0015652497219149,2.0,4.000000000000007,0.0,0.0,3.0,2.0,0.0991161616161616,0
0.0,0.0,0.0,-3.0,0.0,0.0,2.0,2.0,0.1325757575757575,0
0.0,0.0,0.0,-3.0,0.0,0.0,2.0,3.0,0.1335227272727272,0
0.0409380957258461,0.0818761914516924,2.0000000000000004,4.0,0.0,0.1637523829033845,1.0,3.0,0.0606060606060606,1
0.0799800174032344,0.0924048637671255,0.0058314073582701,-5.966341805145745,0.0,0.1561676867095531,3.0,3.0,0.1568813131313131,1
0.1080032974854423,0.075518668404768,-1.5088423201225996,1.9862132146426053,0.0,0.1120931203288317,3.0,2.0,0.091540404040404,1
0.1346117395630658,0.0295235624984347,0.025117221899286,-5.4948985057276385,0.1064337683104942,0.1064337683104942,2.0,2.0,0.0959595959595959,1
0.119628058083889,0.0246033724826026,1.8849403545012595,3.589935454745202,0.103817656986677,0.103817656986677,2.0,3.0,0.1243686868686868,1
0.0927404374274768,0.0296175520033097,-1.9175107793490704,3.7443494316026578,0.0486172040839046,0.0486172040839046,3.0,2.0,0.2294823232323232,1
0.0746211725426533,0.0354308724976299,-0.050872786309815,-5.653393493624689,0.0396160607895375,0.0396160607895375,2.0,3.0,0.2351641414141414,1
0.0556571832826544,0.0329407804293201,1.7057287535626813,3.044602517666302,0.0305778112704986,0.0305778112704986,3.0,3.0,0.2537878787878788,1
0.03670873660224,0.0093680179406813,0.6712683034071646,-1.691437793841143,0.0280238702650195,0.0280238702650195,3.0,2.0,0.0899621212121212,1
0.0309194452624447,0.0061627188188455,1.340710678722666,1.934151118549719,0.0254600387247235,0.0254600387247235,2.0,2.0,0.0445075757575757,1
0.0268328505876283,0.0031635444541302,0.1344617429401279,-1.4044008362907636,0.0232696820902718,0.0232696820902718,2.0,3.0,0.03125,1
0.0242976647157681,0.0032247314145138,-0.1057258755150377,-0.6194221920157617,0.0204370677830577,0.0204370677830577,3.0,2.0,0.0659722222222222,1
0.0216900367644983,0.0034186205080874,-0.2201958129869076,-1.484066564619237,0.0175933584599402,0.0175933584599402,2.0,2.0,0.060290404040404,1
0.0182704018205837,0.0049075279858652,-0.7807284526508357,0.4061071095721189,0.0117814989490652,0.0117814989490652,2.0,3.0,0.0924873737373737,1
0.0147800685723148,0.0051266419763868,0.0619273285820467,-3.5401718470634727,0.0093083490971964,0.0093083490971964,3.0,2.0,0.1950757575757575,1
0.0113447976226311,0.004654525089511,0.8934569114887486,0.7661330639928643,0.0066959839843227,0.0066959839843227,2.0,2.0,0.1704545454545454,1
0.007967194228453,0.0033191859114568,-0.0501556064167162,-1.274797049603153,0.0040829448832277,0.0040829448832277,2.0,2.0,0.1496212121212121,1
0.0065749491873166,0.0021469020889044,0.3301936538343925,1.312467469413452,0.0040829448832277,0.0062125187845196,3.0,2.0,0.1568813131313131,1
0.0071063182363381,0.0031002879123714,1.1772862575852516,2.192529134475368,0.0040829448832277,0.0114338252932826,2.0,2.0,0.1625631313131312,1
0.0073385102113733,0.0030940858754963,0.7376812938127278,0.8748403137946532,0.0040829448832277,0.0076247518844634,2.0,3.0,0.1796085858585858,1
0.0072711253330563,0.0031900678083006,0.6088736235143307,0.8062812280733684,0.0038134053699597,0.0038134053699597,3.0,2.0,0.1281565656565656,1
0.0158909289580602,0.016824009904023,1.7974835537978064,3.336630427066108,0.0038134053699597,0.0406917332845354,3.0,2.0,0.1581439393939394,1
0.0221998468764725,0.0191643354695438,0.0038682290327194,-5.587808951839534,0.0038134053699597,0.0366694969669317,2.0,2.0,0.1392045454545454,1
0.0248838970214259,0.0170812028999428,-0.5410808986564117,-2.5105821005044096,0.0038134053699597,0.0183609524642771,2.0,2.0,0.1240530303030303,1
0.0375175792401911,0.0148440608621966,-0.4547483572896743,1.261652120736635,0.0183609524642771,0.0543481342450204,3.0,2.0,0.1751893939393939,1
0.0403333720870605,0.0166100851186155,-0.921578825865482,-0.7967778321597478,0.0183609524642771,0.0519549046720128,2.0,2.0,0.1505681818181818,1
0.0435608915888398,0.0169123775318251,-1.9208821711751496,3.738211675963079,0.0183609524642771,0.0495795749740491,2.0,2.0,0.1297348484848484,1
0.0508114685873502,0.0030123717803718,0.069810758678027,-1.2814869604411818,0.0473632604583186,0.0473632604583186,2.0,3.0,0.1240530303030303,1
0.0477346835769657,0.0042335935946103,-0.906582362924477,0.8166065894400116,0.0420409942034825,0.0420409942034825,3.0,2.0,0.1584595959595959,1
0.0395949778876448,0.0138325315520788,-1.7033147920569889,2.895643828708721,0.0193960819147292,0.0193960819147292,2.0,2.0,0.139520202020202,1
0.0303417188303663,0.0169545462753278,-0.053968739618324,-4.7518269797722255,0.012566538744935,0.012566538744935,2.0,2.0,0.1306818181818181,1
0.0192459302528042,0.0166215602031292,1.0515207127769506,1.4350415701253263,0.0029801061480703,0.0029801061480703,2.0,2.0,0.1287878787878787,1
0.0087356817019336,0.0089024038539178,0.3877974024012265,-2.85877633503487,0.0,0.0,2.361111111111111,2.3055555555555554,0.1363724046015712,0
0.0038866612232513,0.0059546728660373,1.6916753110670568,2.760573787759764,0.0,0.0,3.0,3.0,0.2111742424242424,0
0.0007450265370175,0.001490053074052,2.0000000000000004,4.0,0.0,0.0,3.0,2.0,0.0991161616161616,0
0.0,0.0,0.0,-3.0,0.0,0.0,2.0,2.0,0.1325757575757575,0
0.0,0.0,0.0,-3.0,0.0,0.0,2.0,3.0,0.1335227272727272,0
0.0393921474702589,0.078784294940518,2.000000000000001,3.999999999999997,0.0,0.1575685898810356,1.0,3.0,0.0606060606060606,1
0.0771122226885906,0.0890833807112276,0.0048793639513969,-5.9718355955867235,0.0,0.1508803008733271,3.0,3.0,0.1568813131313131,1
0.1041762451812378,0.0728041813913605,-1.5141304136983498,2.0029900275160095,0.0,0.1082560899705888,3.0,2.0,0.091540404040404,1
0.1298718879501476,0.0283403982706657,0.0158058904108623,-5.542154814105759,0.102782571075639,0.102782571075639,2.0,2.0,0.0959595959595959,1
0.1155429629899795,0.0237938360343929,1.8849376474279729,3.589919123823968,0.1002528900403633,0.1002528900403633,2.0,3.0,0.1243686868686868,1
0.0895612448024874,0.0286009208729093,-1.917264380342378,3.743620433272543,0.0469534281233586,0.0469534281233586,3.0,2.0,0.2294823232323232,1
0.0720611347893959,0.0342139808315405,-0.0509336061445269,-5.652900000547753,0.0382556499182229,0.0382556499182229,2.0,3.0,0.2351641414141414,1
0.0537463312014283,0.0318104660262972,1.7054103354365977,3.043569626941629,0.0295233567237687,0.0295233567237687,3.0,3.0,0.2537878787878788,1
0.0354471901810412,0.0090513233453463,0.6714402780698973,-1.6908141141409845,0.0270563259588147,0.0270563259588147,3.0,2.0,0.0899621212121212,1
0.0298538858956753,0.0059536229004062,1.3409700215050595,1.93479693487261,0.024580210981895,0.024580210981895,2.0,2.0,0.0445075757575757,1
0.0259061970278386,0.0030554565000784,0.1346762690509528,-1.404091804413305,0.0224648944468763,0.0224648944468763,2.0,3.0,0.03125,1
0.0234577206039005,0.0031142491314257,-0.1056259224067025,-0.6194476541207106,0.0197294510280161,0.0197294510280161,3.0,2.0,0.0659722222222222,1
0.0209395982532787,0.0033011662801683,-0.2199783249633701,-1.4844625606494208,0.0169838365563276,0.0169838365563276,2.0,2.0,0.060290404040404,1
0.0176377685442501,0.0047382339686761,-0.7804837847378147,0.4057861589308054,0.0113728921457806,0.0113728921457806,2.0,3.0,0.0924873737373737,1
0.0142678722442253,0.0049494675319234,0.0619764499889081,-3.5400790395435955,0.0089853092467772,0.0089853092467772,3.0,2.0,0.1950757575757575,1
0.0109513735730899,0.0044935174620953,0.8935300146157852,0.7662519769726508,0.0064634563434745,0.0064634563434745,2.0,2.0,0.1704545454545454,1
0.007690696213557,0.00320416270336,-0.050045835619522,-1.274841485182602,0.0039411271181961,0.0039411271181961,2.0,2.0,0.1496212121212121,1
0.0063759458020793,0.0020666761305958,0.2503515599586621,1.3935112904939686,0.0039411271181961,0.0061138904998695,3.0,2.0,0.1568813131313131,1
0.006895552739688,0.0029944445177982,1.1438906258574462,2.189752686491426,0.0039411271181961,0.011063736997212,2.0,2.0,0.1625631313131312,1
0.0071241600642019,0.0029853523749472,0.6985516404460015,0.9604290319983272,0.0039411271181961,0.0073778856415301,2.0,3.0,0.1796085858585858,1
0.0070613548916687,0.0030759067904708,0.5720949655668888,0.8972184785346862,0.0036899064280635,0.0036899064280635,3.0,2.0,0.1281565656565656,1
0.0153707820875184,0.0162681640077993,1.7972026062768738,3.335724704231552,0.0036899064280635,0.0393515992832683,3.0,2.0,0.1581439393939394,1
0.0214700972973223,0.018531226150002,0.0038454512751682,-5.587406668123728,0.0036899064280635,0.0354609978364273,2.0,2.0,0.1392045454545454,1
0.0240643714984057,0.0165177646021266,-0.5408521128072121,-2.511550052566692,0.0036899064280635,0.0177549824458639,2.0,2.0,0.1240530303030303,1
0.0362612085609644,0.0143251690940919,-0.4637346364291934,1.2650257336971222,0.0177549824458639,0.0524772546782981,3.0,2.0,0.1751893939393939,1
0.038964479690058,0.0160224511070087,-0.925715329834377,-0.7752213024624162,0.0177549824458639,0.0501646837996429,2.0,2.0,0.1505681818181818,1
0.0420666284299782,0.0163165577001188,-1.920638898172579,3.737414437422597,0.0177549824458639,0.0478695927961081,2.0,2.0,0.1297348484848484,1
0.0490601131107243,0.0029103900811213,0.0702052601113446,-1.2818062834124009,0.0457289211688483,0.0457289211688483,2.0,3.0,0.1240530303030303,1
0.0460881817862483,0.0040888278810665,-0.9060302901352584,0.815677071757765,0.0405895293803942,0.0405895293803942,3.0,2.0,0.1584595959595959,1
0.0382282373615363,0.0133562921808119,-1.7032395422653426,2.895380149827318,0.0187249061007946,0.0187249061007946,2.0,2.0,0.139520202020202,1
0.0292937267692268,0.0163702070717053,-0.0539170735167882,-4.75191224954585,0.0121315504268703,0.0121315504268703,2.0,2.0,0.1306818181818181,1
0.0185807288281712,0.0160479417913985,1.0516913507194166,1.4353953636947754,0.0028769294046258,0.0028769294046258,2.0,2.0,0.1287878787878787,1
0.0084333464830726,0.0085943395214212,0.3878210991508558,-2.858685592877361,0.0,0.0,2.361111111111111,2.3055555555555554,0.1363724046015712,0
0.003752119957874,0.0057485540746038,1.6916796686901243,2.7605927494408924,0.0,0.0,3.0,3.0,0.2111742424242424,0
0.0007192323511564,0.00143846470233,1.9999999999999996,4.000000000000007,0.0,0.0,3.0,2.0,0.0991161616161616,0
0.0,0.0,0.0,-3.0,0.0,0.0,2.0,2.0,0.1325757575757575,0
0.0,0.0,0.0,-3.0,0.0,0.0,2.0,3.0,0.1335227272727272,0
0.0389650045117881,0.0779300090235765,2.0,3.999999999999997,0.0,0.1558600180471527,1.0,3.0,0.0606060606060606,1
0.0762708131370159,0.0881116170816809,0.0049110478831091,-5.971652754548957,0.0,0.1492232345009111,3.0,3.0,0.1568813131313131,1
0.1030343659941045,0.0720097234681796,-1.5136679804049324,2.0011270103284975,0.0,0.1070542114283544,3.0,2.0,0.091540404040404,1
0.1284441211287046,0.028044278150949,0.0160851049544102,-5.540727509585242,0.1016390205384005,0.1016390205384005,2.0,2.0,0.0959595959595959,1
0.1142632315362343,0.0235397657054111,1.8849367659675575,3.589913888598833,0.0991364596772715,0.0991364596772715,2.0,3.0,0.1243686868686868,1
0.0885654910402639,0.0282825236743994,-1.9171872603207116,3.743392300681897,0.0464322725170294,0.0464322725170294,3.0,2.0,0.2294823232323232,1
0.0712593362122841,0.0338328741240373,-0.0509526003228661,-5.6527457949259645,0.0378295921164353,0.0378295921164353,2.0,3.0,0.2351641414141414,1
0.0531478781551539,0.0314564569007733,1.7053108837857496,3.0432470162732557,0.0291931883098796,0.0291931883098796,3.0,3.0,0.2537878787878788,1
0.0350521104513052,0.0089520619919012,0.6714939974093539,-1.6906192567055562,0.0267533888618768,0.0267533888618768,3.0,2.0,0.0899621212121212,1
0.0295202299407294,0.0058880979274977,1.3410509762898903,1.9349985633895184,0.024304750474726,0.024304750474726,2.0,2.0,0.0445075757575757,1
0.0256160664427549,0.0030215964354233,0.1347432364226947,-1.403995302705713,0.0222129381245373,0.0222129381245373,2.0,3.0,0.03125,1
0.0231947515479558,0.0030796437691156,-0.1055947275356993,-0.6194555966112478,0.0195079287306833,0.0195079287306833,3.0,2.0,0.0659722222222222,1
0.0207046615981567,0.0032643823636359,-0.2199104695300881,-1.4845860748091493,0.0167930290626803,0.0167930290626803,2.0,2.0,0.060290404040404,1
0.0174397207229112,0.0046852258947042,-0.7804074457649641,0.4056860566839209,0.011244986973744,0.011244986973744,2.0,3.0,0.0924873737373737,1
0.0141075342368525,0.0048939970788011,0.0619917727484046,-3.540050084999038,0.0088841921803027,0.0088841921803027,3.0,2.0,0.1950757575757575,1
0.0108282204356891,0.0044431109498185,0.8935528139143768,0.7662890670405886,0.0063906735260294,0.0063906735260294,2.0,2.0,0.1704545454545454,1
0.0076041475817237,0.0031681557917432,-0.0500116033560884,-1.274855332068693,0.0038967376468188,0.0038967376468188,2.0,2.0,0.1496212121212121,1
0.0063042199862503,0.0020434247097262,0.2502232445210575,1.3936665448972647,0.0038967376468188,0.0060452765918504,3.0,2.0,0.1568813131313131,1
0.0068200633364097,0.0029646122835309,1.1460228185605863,2.192892019156851,0.0038967376468188,0.0109475655809404,2.0,2.0,0.1625631313131312,1
0.0070474936663211,0.0029555722798734,0.6985635664600145,0.9557825792433708,0.0038967376468188,0.007300394845675,2.0,3.0,0.1796085858585858,1
0.0069860944621773,0.0030440703095413,0.573739192106852,0.8933799189185336,0.0036511408302434,0.0036511408302434,3.0,2.0,0.1281565656565656,1
0.0152075303197594,0.0160937274807697,1.7971115322700384,3.3354311277375928,0.0036511408302434,0.038931020022179,3.0,2.0,0.1581439393939394,1
0.0212410744370265,0.0183325445273208,0.0038378892492178,-5.58727728336591,0.0036511408302434,0.0350817420500087,2.0,2.0,0.1392045454545454,1
0.0238071824943037,0.0163409421545166,-0.5407791895771241,-2.5118593054367224,0.0036511408302434,0.017564827074784,2.0,2.0,0.1240530303030303,1
0.0358672467557396,0.0141628117450048,-0.4665428773317471,1.2661002476880423,0.017564827074784,0.051891397875987,3.0,2.0,0.1751893939393939,1
0.038535519647663,0.0158386840521693,-0.9270102051032204,-0.7684767030310891,0.017564827074784,0.0496041115898725,2.0,2.0,0.1505681818181818,1
0.0415986268048978,0.016130188219224,-1.9205627399913463,3.737164866276771,0.017564827074784,0.047334170678948,2.0,2.0,0.1297348484848484,1
0.0485117191598402,0.0028784283595161,0.0703284324691835,-1.28190587646929,0.0452171964945534,0.0452171964945534,2.0,3.0,0.1240530303030303,1
0.0455726387981026,0.0040434799858021,-0.9058578970403088,0.8153869832313827,0.0401350764290365,0.0401350764290365,3.0,2.0,0.1584595959595959,1
0.0378003072592609,0.0132071608955545,-1.7032160543839951,2.8952978519351973,0.0185147854345057,0.0185147854345057,2.0,2.0,0.139520202020202,1
0.0289656080063863,0.0161872346740755,-0.0539009549755332,-4.751938834266431,0.0119953736674498,0.0119953736674498,2.0,2.0,0.1306818181818181,1
0.0183724662296713,0.0158683383291376,1.0517445793111593,1.4355057343276734,0.0028446293876935,0.0028446293876935,2.0,2.0,0.1287878787878787,1
0.0083386971224122,0.0084978959486787,0.3878284909622054,-2.8586572869561984,0.0,0.0,2.361111111111111,2.3055555555555554,0.1363724046015712,0
0.0037100007637858,0.0056840268327443,1.691681027913311,2.7605986639336386,0.0,0.0,3.0,3.0,0.2111742424242424,0
0.0007111573469233,0.0014223146938661,1.9999999999999991,4.0000000000000036,0.0,0.0,3.0,2.0,0.0991161616161616,0
0.0,0.0,0.0,-3.0,0.0,0.0,2.0,2.0,0.1325757575757575,0
0.0,0.0,0.0,-3.0,0.0,0.0,2.0,3.0,0.1335227272727272,0
0.0402380111052513,0.0804760222105028,1.9999999999999991,3.999999999999993,0.0,0.1609520444210052,1.0,3.0,0.0606060606060606,1
0.0789940877325006,0.0912466120378118,0.0036536112054354,-5.9789095751956065,0.0,0.1550243065089976,3.0,3.0,0.1568813131313131,1
0.1068098580700196,0.0745747641848087,-1.5232740479544495,2.0352664001303964,0.0,0.1112630813500757,3.0,2.0,0.091540404040404,1
0.1332208268719185,0.028792609020011,0.0036966080814682,-5.603026072620763,0.1056438752075957,0.1056438752075957,2.0,2.0,0.0959595959595959,1
0.1187444255674789,0.0244284770166124,1.8849397811096824,3.5899319616069434,0.1030464392032466,0.1030464392032466,2.0,3.0,0.1243686868686868,1
0.0920526725755711,0.0293976112186631,-1.9174573024829469,3.7441911998093578,0.0482572945413667,0.0482572945413667,3.0,2.0,0.2294823232323232,1
0.0740673378477758,0.0351676023389103,-0.0508860040330555,-5.653286281852618,0.0393217424388942,0.0393217424388942,2.0,3.0,0.2351641414141414,1
0.0552437824992758,0.0326962485342857,1.7056595582667222,3.044378063035076,0.030349653813596,0.030349653813596,3.0,3.0,0.2537878787878788,1
0.0364358001385314,0.0092995379410706,0.6713056758242898,-1.6913022724573672,0.0278145097602687,0.0278145097602687,3.0,2.0,0.0899621212121212,1
0.0306888897294905,0.006117499894406,1.340767054149017,1.9342914904649824,0.0252696529052033,0.0252696529052033,2.0,2.0,0.0445075757575757,1
0.0266323365020019,0.0031401641017329,0.1345083754028984,-1.404333674813925,0.0230955295289397,0.0230955295289397,2.0,3.0,0.03125,1
0.024115907272294,0.0032008309891351,-0.1057041441920333,-0.6194277306384457,0.0202839368947644,0.0202839368947644,3.0,2.0,0.0659722222222222,1
0.0215276430927308,0.0033932094909785,-0.2201485174930445,-1.4841526931586395,0.017461453042016,0.017461453042016,2.0,2.0,0.060290404040404,1
0.0181334973705461,0.0048708966105187,-0.780675256541555,0.406037322163721,0.0116930700164645,0.0116930700164645,2.0,3.0,0.0924873737373737,1
0.0146692241639774,0.0050883031590911,0.0619380079281352,-3.540151675522182,0.009238436702665,0.009238436702665,3.0,2.0,0.1950757575757575,1
0.0112596547429815,0.0046196835417951,0.8934728136452484,0.7661589269695117,0.0066456592107809,0.0066456592107809,2.0,2.0,0.1704545454545454,1
0.0079073544209035,0.0032942937528059,-0.0501317317283076,-1.2748067056697732,0.0040522517537039,0.0040522517537039,2.0,2.0,0.1496212121212121,1
0.0066316014842017,0.002117432277306,0.0389305867685925,1.4973954084787948,0.0040522517537039,0.0065900582696573,3.0,2.0,0.1568813131313131,1
0.0071603555806235,0.0030459003860049,1.0233250080443137,2.092596199220969,0.0040522517537039,0.011353453088352,2.0,2.0,0.1625631313131312,1
0.0073917256084567,0.0030288738311139,0.5860966893966837,1.198542234340456,0.0040522517537039,0.0075711393221139,2.0,3.0,0.1796085858585858,1
0.0073253088061629,0.0031278076322006,0.4501956514077759,1.1410768415912074,0.0037865845445285,0.0037865845445285,3.0,2.0,0.1281565656565656,1
0.0157783436106953,0.0167040346785909,1.7974417832819702,3.3364956258004703,0.0037865845445285,0.0404021974877868,3.0,2.0,0.1581439393939394,1
0.0220420791854475,0.0190276655636138,0.0038659830294707,-5.587742618437447,0.0037865845445285,0.0364083953873609,2.0,2.0,0.1392045454545454,1
0.0247068004268222,0.0169595290347458,-0.5410391693121496,-2.5107537869858447,0.0037865845445285,0.0182300242876129,2.0,2.0,0.1240530303030303,1
0.0372459908325134,0.014731732930348,-0.4567004717378104,1.2623765915847756,0.0182300242876129,0.0539433461672932,3.0,2.0,0.1751893939393939,1
0.0400373304586404,0.0164828309252873,-0.9224764991977789,-0.79209840094925,0.0182300242876129,0.0515675559922947,2.0,2.0,0.1505681818181818,1
0.0432376256523062,0.0167833698455752,-1.9208293795475488,3.738038666613299,0.0182300242876129,0.049209576162024,2.0,2.0,0.1297348484848484,1
0.0504325254022456,0.0029903188579642,0.0698965036086734,-1.281556424284311,0.0470096232873706,0.0470096232873706,2.0,3.0,0.1240530303030303,1
0.0473784192967371,0.0042022786196031,-0.906462371639925,0.8164044912705712,0.0417269217452593,0.0417269217452593,3.0,2.0,0.1584595959595959,1
0.0392992402637656,0.0137294908875749,-1.703298435653605,2.8955865143118835,0.0192508398604087,0.0192508398604087,2.0,2.0,0.139520202020202,1
0.0301149478546256,0.0168281124181714,-0.0539575054009932,-4.751845533662138,0.012472406525464,0.012472406525464,2.0,2.0,0.1306818181818181,1
0.0191019866261115,0.0164974405979808,1.0515578216342212,1.4351185070204977,0.0029577783733141,0.0029577783733141,2.0,2.0,0.1287878787878787,1
0.0086702561897967,0.0088357388520803,0.3878025553188587,-2.85875660315035,0.0,0.0,2.361111111111111,2.3055555555555554,0.1363724046015712,0
0.0038575462246945,0.0059100684130164,1.691676258690413,2.7605779112378457,0.0,0.0,3.0,3.0,0.2111742424242424,0
0.0007394445933285,0.0014788891866735,2.0,4.000000001180499,0.0,0.0,3.0,2.0,0.0991161616161616,0
0.0,0.0,0.0,-3.0,0.0,0.0,2.0,2.0,0.1325757575757575,0
0.0,0.0,0.0,-3.0,0.0,0.0,2.0,3.0,0.1335227272727272,0
0.0392864640566614,0.078572928113323,1.9999999999999996,4.0,0.0,0.1571458562266457,1.0,3.0,0.0606060606060606,1
0.0776680123289589,0.0896954691110234,0.001410155429987,-5.991859016275739,0.0,0.1535261930891902,3.0,3.0,0.1568813131313131,1
0.1052119481546385,0.0733157335728923,-1.5422607226688785,2.1047210874234548,0.0,0.1101757433027181,3.0,2.0,0.091540404040404,1
0.1313642402005229,0.0278126479632334,-0.0199277089151778,-5.717616761520463,0.1046091681835376,0.1046091681835376,2.0,2.0,0.0959595959595959,1
0.1175868293236275,0.0241991971583898,1.884939018113733,3.589927342651112,0.1020362127190641,0.1020362127190641,2.0,3.0,0.1243686868686868,1
0.0911517349580622,0.0291095071415953,-1.91738724818497,3.743983929630815,0.0477858156269292,0.0477858156269292,3.0,2.0,0.2294823232323232,1
0.0733418522214902,0.0348227436827428,-0.0509033040626242,-5.653145926170037,0.0389362123564301,0.0389362123564301,2.0,3.0,0.2351641414141414,1
0.0547022631710651,0.0323759294871354,1.7055689870668342,3.044084267838951,0.0300508119818371,0.0300508119818371,3.0,3.0,0.2537878787878788,1
0.0360782836109188,0.0092098088160659,0.67135459166352,-1.6911248825848144,0.027540294478479,0.027540294478479,3.0,2.0,0.0899621212121212,1
0.0303869033328512,0.0060582537185302,1.3408408306745472,1.934475202277973,0.0250202945146588,0.0250202945146588,2.0,2.0,0.0445075757575757,1
0.0263697092958876,0.003109534996545,0.1345694022629997,-1.404245770116912,0.0228674362085756,0.0228674362085756,2.0,3.0,0.03125,1
0.0238778514591041,0.003169522194337,-0.1056757087338785,-0.6194349752443244,0.0200833806347032,0.0200833806347032,3.0,2.0,0.0659722222222222,1
0.021314952302696,0.0033599236526152,-0.2200866403678217,-1.4842653640251005,0.0172886978528464,0.0172886978528464,2.0,2.0,0.060290404040404,1
0.0179541931537627,0.0048229169468837,-0.780605648344467,0.4059460054209225,0.0115772579189258,0.0115772579189258,2.0,3.0,0.0924873737373737,1
0.0145240531414098,0.00503808882216,0.0619519834206745,-3.540125272280497,0.0091468761591641,0.0091468761591641,3.0,2.0,0.1950757575757575,1
0.0111481460656563,0.0045740505674613,0.8934936139404082,0.7661927606370202,0.0065797523316891,0.0065797523316891,2.0,2.0,0.1704545454545454,1
0.0078289854174159,0.0032616929082317,-0.0501004983435918,-1.274819349390082,0.0040120552598847,0.0040120552598847,2.0,2.0,0.1496212121212121,1
0.0069203946108875,0.0022043291833302,-0.7800930163157933,0.2263238504876863,0.0040120552598847,0.0079428946928123,3.0,2.0,0.1568813131313131,1
0.0074456811227219,0.0030135603687823,0.3401902650470663,0.5912417857827261,0.0040120552598847,0.0112480222065016,2.0,2.0,0.1625631313131312,1
0.0076759459418501,0.0029600539094451,-0.0923317529918089,1.3937319597871003,0.0040120552598847,0.0075008116082019,2.0,3.0,0.1796085858585858,1
0.0076107825673531,0.0030684808657257,-0.2153014302845811,1.4228923705453322,0.0037514017618967,0.0037514017618967,3.0,2.0,0.1281565656565656,1
0.0156307177236513,0.0165467739563851,1.7973889982588145,3.336325258815801,0.0037514017618967,0.040022635318005,3.0,2.0,0.1581439393939394,1
0.0218352403338207,0.0188485200789099,0.0038633159432835,-5.587657815455548,0.0037514017618967,0.0360661126471795,2.0,2.0,0.1392045454545454,1
0.0244746355329206,0.0168000320715733,-0.5409852894771482,-2.5109748583168834,0.0037514017618967,0.0180583924046014,2.0,2.0,0.1240530303030303,1
0.0368900688760924,0.0145846452783929,-0.4592562306010282,1.263332123339049,0.0180583924046014,0.0534131351345838,3.0,2.0,0.1751893939393939,1
0.0396494593049039,0.016316231703557,-0.923652519559917,-0.7859691583892001,0.0180583924046014,0.0510601970332509,2.0,2.0,0.1505681818181818,1
0.0428141688940996,0.0166144603702812,-1.9207602172312237,3.7378120104770858,0.0180583924046014,0.0487249510039624,2.0,2.0,0.1297348484848484,1
0.0499361790161133,0.0029614237809763,0.0700087240855312,-1.2816472817715925,0.0465464328926564,0.0465464328926564,2.0,3.0,0.1240530303030303,1
0.0469117844753877,0.0041612555662482,-0.906305331690494,0.8161400526264266,0.0413155569716813,0.0413155569716813,3.0,2.0,0.1584595959595959,1
0.0389118885842096,0.0135945234841911,-1.7032770289135293,2.895511503294223,0.0190606134685385,0.0190606134685385,2.0,2.0,0.139520202020202,1
0.029817930945638,0.0166625068249367,-0.0539428059840869,-4.751869797726117,0.0123491204496759,0.0123491204496759,2.0,2.0,0.1306818181818181,1
0.0189134566067483,0.0163348703360696,1.0516063710883885,1.4352191658036713,0.0029285355370975,0.0029285355370975,2.0,2.0,0.1287878787878787,1
0.0085845673638279,0.0087484264256188,0.3878092974146167,-2.8587307856773414,0.0,0.0,2.361111111111111,2.3055555555555554,0.1363724046015712,0
0.0038194139966933,0.0058516494301529,1.6916774985183065,2.7605833061923803,0.0,0.0,3.0,3.0,0.2111742424242424,0
0.0007321338842743,0.001464267768564,2.0000000000057554,3.999999998714074,0.0,0.0,3.0,2.0,0.0991161616161616,0
0.0,0.0,0.0,-3.0,0.0,0.0,2.0,2.0,0.1325757575757575,0
0.0,0.0,0.0,-3.0,0.0,0.0,2.0,3.0,0.1335227272727272,0
0.0381243879461825,0.0762487758923652,1.999999999999999,3.999999999999997,0.0,0.15249755178473,1.0,3.0,0.0606060606060606,1
0.0757548184402191,0.0874778486615488,0.0004417891505626,-5.997449383368288,0.0,0.1505217219761464,3.0,3.0,0.1568813131313131,1
0.1027537931535096,0.0715123258055704,-1.5543653352437548,2.152519913488943,0.0,0.107995898853162,3.0,2.0,0.091540404040404,1
0.128387539744854,0.0268041553874605,-0.0311183569669309,-5.766859361033629,0.1025349863653777,0.1025349863653777,2.0,2.0,0.0959595959595959,1
0.1152659438581512,0.0237389195414499,1.8849374522367817,3.5899179612863037,0.100011168237919,0.100011168237919,2.0,3.0,0.1243686868686868,1
0.0893456648404606,0.0285319845600905,-1.9172471801437776,3.7435695510428495,0.0468406059053837,0.0468406059053837,3.0,2.0,0.2294823232323232,1
0.0718875407506896,0.0341314654048225,-0.0509378443032892,-5.652865596651897,0.0381634024940781,0.0381634024940781,2.0,3.0,0.2351641414141414,1
0.0536167589010865,0.0317338204455063,1.705388145650154,3.043497645717032,0.0294518589669656,0.0294518589669656,3.0,3.0,0.2537878787878788,1
0.0353616473554602,0.0090298451522985,0.6714522646717572,-1.6907706353985716,0.0269907220554135,0.0269907220554135,3.0,2.0,0.0899621212121212,1
0.0297816346974979,0.0059394425526678,1.3409880857812937,1.9348419249059052,0.0245205552735348,0.0245205552735348,2.0,2.0,0.0445075757575757,1
0.0258433658859933,0.0030481267854761,0.134691212118047,-1.404070272653529,0.0224103272480593,0.0224103272480593,2.0,3.0,0.03125,1
0.0234007693807141,0.003106757271979,-0.1056189609703888,-0.6194494269559456,0.0196814729458488,0.0196814729458488,3.0,2.0,0.0659722222222222,1
0.0208887163243397,0.0032932018982403,-0.2199631811071718,-1.4844901276711455,0.016942509829916,0.016942509829916,2.0,2.0,0.060290404040404,1
0.0175948745530994,0.004726754943832,-0.780466750077884,0.405763822839658,0.0113451881885737,0.0113451881885737,2.0,3.0,0.0924873737373737,1
0.0142331444865395,0.0049374544221402,0.0619798687110104,-3.5400725805742344,0.0089634069818195,0.0089634069818195,3.0,2.0,0.1950757575757575,1
0.0109246989934845,0.004482600643646,0.8935351036681373,0.766260254970657,0.006447690973629,0.006447690973629,2.0,2.0,0.1704545454545454,1
0.0076719495112567,0.0031963639374595,-0.0500381958883986,-1.2748445722642696,0.0039315119010046,0.0039315119010046,2.0,2.0,0.1496212121212121,1
0.0071256435210375,0.0024615666920401,-0.8167793354310856,-1.440041405170044,0.0039315119010046,0.009159964227697,3.0,2.0,0.1568813131313131,1
0.0076440929005972,0.003110504110067,-0.2289449704787905,-1.754086867069777,0.0039315119010046,0.0110372045000583,2.0,2.0,0.1625631313131312,1
0.0078722169048416,0.0030258205612063,-0.6615477370774823,0.1919089160181446,0.0039315119010046,0.0073601869906068,2.0,3.0,0.1796085858585858,1
0.0078096019984711,0.0031351657437658,-0.7436726756282336,0.38397960370364,0.0036810522755224,0.0036810522755224,3.0,2.0,0.1281565656565656,1
0.0153347832152676,0.0162308531788082,1.7972443192027474,3.335858731675728,0.0036810522755224,0.0392606890948829,3.0,2.0,0.1581439393939394,1
0.0214202365062659,0.0184886719329503,0.0038524887312452,-5.587445492402798,0.0036810522755224,0.0353790176640518,2.0,2.0,0.1392045454545454,1
0.0240086587649516,0.0164797387318232,-0.5408613969729793,-2.511495150952925,0.0036810522755224,0.0177138760253496,2.0,2.0,0.1240530303030303,1
0.0361759948052117,0.0142899919453946,-0.4643611420351675,1.2652646165431083,0.0177138760253496,0.0523503964365626,3.0,2.0,0.1751893939393939,1
0.0388716465276684,0.0159826172210662,-0.9260041192575472,-0.7737169494729432,0.0177138760253496,0.0500432959847098,2.0,2.0,0.1505681818181818,1
0.0419653038111292,0.0162761663235609,-1.9206219131608857,3.737358776939626,0.0177138760253496,0.047753646797895,2.0,2.0,0.1297348484848484,1
0.0489413609945976,0.0029034738036863,0.0702327437882165,-1.281828514448209,0.0456181047592233,0.0456181047592233,2.0,3.0,0.1240530303030303,1
0.0459765402306027,0.0040790110659819,-0.9059918224853356,0.8156123346877848,0.040491113380583,0.040491113380583,3.0,2.0,0.1584595959595959,1
0.0381355658539044,0.0133239999327997,-1.703234301644322,2.8953617876473956,0.0186793984779166,0.0186793984779166,2.0,2.0,0.139520202020202,1
0.0292226684286111,0.0163305853920153,-0.0539134766342182,-4.751918184297033,0.0121020570967216,0.0121020570967216,2.0,2.0,0.1306818181818181,1
0.0185356256817783,0.0160090476342127,1.0517032298660507,1.4354199951599291,0.0028699337718922,0.0028699337718922,2.0,2.0,0.1287878787878787,1
0.0084128473366326,0.0085734518930305,0.3878227486641429,-2.8586792763274484,0.0,0.0,2.361111111111111,2.3055555555555554,0.1363724046015712,0
0.0037429977171534,0.0057345786879543,1.6916799720147615,2.760594069321044,0.0,0.0,3.0,3.0,0.2111742424242424,0
0.000717483442973,0.0014349668859612,2.000000000000001,4.0000000000000036,0.0,0.0,3.0,2.0,0.0991161616161616,0
0.0,0.0,0.0,-3.0,0.0,0.0,2.0,2.0,0.1325757575757575,0
0.0,0.0,0.0,-3.0,0.0,0.0,2.0,3.0,0.1335227272727272,0
0.0354063170134162,0.0708126340268326,2.0000000000000004,3.999999999999993,0.0,0.1416252680536648,1.0,3.0,0.0606060606060606,1
0.0710004195912234,0.081984796224391,7.269513389546405e-05,-5.999580295916714,0.0,0.1423764103112291,3.0,3.0,0.1568813131313131,1
0.0965232414707746,0.0670433819140182,-1.5728366707250747,2.2335254890870733,0.0,0.1020912875182048,3.0,2.0,0.091540404040404,1
0.1207526227905933,0.0246279841815372,-0.0372732155401211,-5.775991427648541,0.0969175252792748,0.0969175252792748,2.0,2.0,0.0959595959595959,1
0.1089781009422754,0.0224882328500823,1.884932947606748,3.5898916092378315,0.094527180660393,0.094527180660393,2.0,3.0,0.1243686868686868,1
0.0844540534497784,0.0269679743032543,-1.9168682546106424,3.742448813148751,0.0442802203412412,0.0442802203412412,3.0,2.0,0.2294823232323232,1
0.0679488779371969,0.0322594667636729,-0.0510309570898015,-5.65210920777021,0.0360705854678787,0.0360705854678787,2.0,3.0,0.2351641414141414,1
0.0506770963732674,0.0299948420875751,1.704900563817766,3.0419159465340115,0.027830399023557,0.027830399023557,3.0,3.0,0.2537878787878788,1
0.0334210726698122,0.0085418802256695,0.6717156530368356,-1.6898150544774193,0.0255030858465722,0.0255030858465722,3.0,2.0,0.0899621212121212,1
0.0281429954481361,0.005617383242925,1.341384755996921,1.9358300594361832,0.0231679114545367,0.0231679114545367,2.0,2.0,0.0445075757575757,1
0.0244186369506936,0.0028817610396658,0.1350193564386162,-1.403597239597568,0.0211731514781087,0.0211731514781087,2.0,3.0,0.03125,1
0.0221094869920487,0.0029367533349862,-0.105466144317293,-0.6194883107431952,0.0185937991889774,0.0185937991889774,3.0,2.0,0.0659722222222222,1
0.0197351341574144,0.0031125214094523,-0.219630887213536,-1.485094811193287,0.0160056745080351,0.0160056745080351,2.0,2.0,0.060290404040404,1
0.0166224633217427,0.0044664362797398,-0.7800928575388103,0.4052736915997812,0.0107172281118498,0.0107172281118498,2.0,3.0,0.0924873737373737,1
0.0134459208318009,0.004665068456462,0.0620549074690301,-3.539930746117994,0.0084669815183414,0.0084669815183414,3.0,2.0,0.1950757575757575,1
0.0103200664729396,0.0042350927880759,0.8936467044486132,0.7664418378849049,0.0060903817535325,0.0060903817535325,2.0,2.0,0.1704545454545454,1
0.0072470466730081,0.0030195779245955,-0.0498706250571199,-1.2749123560410975,0.0037135953083087,0.0037135953083087,2.0,2.0,0.1496212121212121,1
0.0074058403864203,0.0032692752420196,0.1917910855953438,-0.8740652571295389,0.0037135953083087,0.0113524029654987,3.0,2.0,0.1568813131313131,1
0.0079051505857956,0.003619158219246,-0.307903462870616,-3.715074382597407,0.0037135953083087,0.0104642223158425,2.0,2.0,0.1625631313131312,1
0.0081270528203382,0.0034959116977639,-0.642337794337191,-1.9126084225481537,0.0037135953083087,0.0069779906917029,2.0,3.0,0.1796085858585858,1
0.0080711181818018,0.0035905738262936,-0.6973833900244002,-1.6546029611319106,0.0034898567541633,0.0034898567541633,3.0,2.0,0.1281565656565656,1
0.0145306256158535,0.015372522719897,1.7968293158375483,3.3345207572915427,0.0034898567541633,0.0371904327017054,3.0,2.0,0.1581439393939394,1
0.020292628014833,0.0175110100556987,0.0038199482988379,-5.586844962251247,0.0034898567541633,0.0335122319117607,2.0,2.0,0.1392045454545454,1
0.0227426176338571,0.0156095059000419,-0.5405163137799046,-2.512950114214634,0.0034898567541633,0.0167779491677992,2.0,2.0,0.1240530303030303,1
0.034238401815987,0.0134932328596065,-0.4781368455184819,1.2706387034757771,0.0167779491677992,0.0494729934826827,3.0,2.0,0.1751893939393939,1
0.0367633461448882,0.0150812890091043,-0.932367367652966,-0.7405900439734037,0.0167779491677992,0.0472902100173105,2.0,2.0,0.1505681818181818,1
0.0396663387672831,0.0153618634226654,-1.9202476294556137,3.736132294467808,0.0167779491677992,0.0451242024013402,2.0,2.0,0.1297348484848484,1
0.0462481264739361,0.0027463628133411,0.0708364130327124,-1.282316022646624,0.0431050999944113,0.0431050999944113,2.0,3.0,0.1240530303030303,1
0.0434447337497352,0.0038562116829025,-0.9051468370096336,0.8141913165287082,0.0382594225858788,0.0382594225858788,3.0,2.0,0.1584595959595959,1
0.0360341000236023,0.0125915538269713,-1.7031192134121746,2.8949585553879693,0.0176476751127791,0.0176476751127791,2.0,2.0,0.139520202020202,1
0.0276114044732151,0.0154319794425991,-0.0538345411200654,-4.752048262666364,0.0114334201997916,0.0114334201997916,2.0,2.0,0.1306818181818181,1
0.0175129645254,0.015127046536824,1.051963856247926,1.4359604511854194,0.0027113402031507,0.0027113402031507,2.0,2.0,0.1287878787878787,1
0.0079481088789303,0.0080999004323763,0.3878589431168137,-2.858540672391113,0.0,0.0,2.361111111111111,2.3055555555555554,0.1363724046015712,0
0.0035361901007355,0.0054177455781349,1.6916866271141282,2.760623028140806,0.0,0.0,3.0,3.0,0.2111742424242424,0
0.0006778350507876,0.0013556701015929,1.9999999999995288,4.000000000834348,0.0,0.0,3.0,2.0,0.0991161616161616,0
0.0,0.0,0.0,-3.0,0.0,0.0,2.0,2.0,0.1325757575757575,0
0.0,0.0,0.0,-3.0,0.0,0.0,2.0,3.0,0.1335227272727272,0
0.0361826753090296,0.0723653506180595,1.9999999999999996,3.999999999999997,0.0,0.1447307012361187,1.0,3.0,0.0606060606060606,1
0.0725221309421866,0.0837417350073884,4.8567728423570144e-05,-5.999719594744428,0.0,0.1453578225326279,3.0,3.0,0.1568813131313131,1
0.09858504898271,0.0684792817053082,-1.5723332653273896,2.2310738578324223,0.0,0.1042516721620935,3.0,2.0,0.091540404040404,1
0.123328220623467,0.0251692688095314,-0.0374194329206075,-5.778209611583973,0.0989726865630279,0.0989726865630279,2.0,2.0,0.0959595959595959,1
0.1112789059741806,0.0229465051370408,1.8849346393921016,3.58990140530814,0.0965334426389733,0.0965334426389733,2.0,3.0,0.1243686868686868,1
0.0862437073119081,0.0275401572789038,-1.9170067551314232,3.7428584052134752,0.045217027883538,0.045217027883538,3.0,2.0,0.2294823232323232,1
0.0693898440065491,0.0329443119252634,-0.0509969796738903,-5.652385335741856,0.0368362189406574,0.0368362189406574,2.0,3.0,0.2351641414141414,1
0.0517525472011839,0.0306310459706797,1.7050784997204254,3.042493173555375,0.0284234993415672,0.0284234993415672,3.0,3.0,0.2537878787878788,1
0.0341309894274227,0.0087205011958344,0.6716195297716177,-1.6901638396269156,0.0260472115439285,0.0260472115439285,3.0,2.0,0.0899621212121212,1
0.0287423936367014,0.0057352581222305,1.3412400557491635,1.9354695547264988,0.0236626447206527,0.0236626447206527,2.0,2.0,0.0445075757575757,1
0.0249397484557515,0.0029426357432269,0.1348996507420028,-1.403769844260534,0.0216256382168579,0.0216256382168579,2.0,3.0,0.03125,1
0.022581771123159,0.0029989529058755,-0.1055218802149626,-0.6194741358791873,0.018991590011197,0.018991590011197,3.0,2.0,0.0659722222222222,1
0.0201570412385964,0.0031786202531279,-0.2197520523486512,-1.4848743697577476,0.016348292005678,0.016348292005678,2.0,2.0,0.060290404040404,1
0.0169780988321711,0.0045616548703093,-0.7802292083222324,0.405452397142783,0.0109468750949516,0.0109468750949516,2.0,3.0,0.0924873737373737,1
0.013733819645723,0.0047646941976514,0.0620275438830011,-3.5399824787073157,0.0086485214710657,0.0086485214710657,3.0,2.0,0.1950757575757575,1
0.010541183279685,0.0043256161409165,0.8936060246073855,0.7663756398427459,0.006221044547045,0.006221044547045,2.0,2.0,0.1704545454545454,1
0.0074024311687902,0.0030842311080823,-0.0499317103220596,-1.2748876411433692,0.0037932835620987,0.0037932835620987,2.0,2.0,0.1496212121212121,1
0.0075231989227786,0.0032729649680288,0.1322065124751564,-0.9810018600056374,0.0037932835620987,0.0114299461109052,3.0,2.0,0.1568813131313131,1
0.0080295752315269,0.0036410894003394,-0.3332607014864883,-3.7262116396221927,0.0037932835620987,0.010674026706059,2.0,2.0,0.1625631313131312,1
0.0082537978785487,0.0035181338476851,-0.6735652266470203,-1.8896689778165696,0.0037932835620987,0.0071179351351322,2.0,3.0,0.1796085858585858,1
0.0081954429843396,0.003617319613713,-0.729543211580002,-1.6183639519060176,0.0035598639852623,0.0035598639852623,3.0,2.0,0.1281565656565656,1
0.0148252027650837,0.0156870584716751,1.796992844831538,3.3350478786502116,0.0035598639852623,0.0379489852338814,3.0,2.0,0.1581439393939394,1
0.0207057499515433,0.0178692654155323,0.0038334958681312,-5.587077445614087,0.0035598639852623,0.0341962154518974,2.0,2.0,0.1392045454545454,1
0.0232064792933251,0.015928382725454,-0.5406473506422557,-2.5123946386427036,0.0035598639852623,0.0171208525022596,2.0,2.0,0.1240530303030303,1
0.0349479041427222,0.0137845174162537,-0.4731075925153495,1.2686497678430335,0.0171208525022596,0.0505255633828508,3.0,2.0,0.1751893939393939,1
0.0375349748917067,0.0154106678934882,-0.9300413055958688,-0.7526949484135859,0.0171208525022596,0.0482972682298193,2.0,2.0,0.1505681818181818,1
0.04050742102654,0.0156960401198092,-1.920384455298053,3.736580643342815,0.0171208525022596,0.0460859999912304,2.0,2.0,0.1297348484848484,1
0.0472332803042557,0.0028038706311019,0.0706161664586879,-1.2821383194379905,0.0440242896131223,0.0440242896131223,2.0,3.0,0.1240530303030303,1
0.0443708141404478,0.0039377333032242,-0.9054551460352944,0.8147095788038268,0.0390756987276194,0.0390756987276194,3.0,2.0,0.1584595959595959,1
0.0368027500571265,0.0128594855908575,-1.7031611968789515,2.8951056474853623,0.0180250118965339,0.0180250118965339,2.0,2.0,0.139520202020202,1
0.0282007402570826,0.0157606802402867,-0.0538633246472507,-4.752000861571545,0.011677960791055,0.011677960791055,2.0,2.0,0.1306818181818181,1
0.0178870034012317,0.0154496574570491,1.0518688324984973,1.435763391573852,0.0027693421897185,0.0027693421897185,2.0,2.0,0.1287878787878787,1
0.0081180787193268,0.0082730943404659,0.3878457461280106,-2.858591209884773,0.0,0.0,2.361111111111111,2.3055555555555554,0.1363724046015712,0
0.0036118257451933,0.0055336209828871,1.6916842006913364,2.7606124698761114,0.0,0.0,3.0,3.0,0.2111742424242424,0
0.0006923355474296,0.0013846710948766,2.0,3.999999999999993,0.0,0.0,3.0,2.0,0.0991161616161616,0
0.0,0.0,0.0,-3.0,0.0,0.0,2.0,2.0,0.1325757575757575,0
0.0,0.0,0.0,-3.0,0.0,0.0,2.0,3.0,0.1335227272727272,0
0.0357440468420767,0.0714880936841536,1.9999999999999991,4.000000000000007,0.0,0.1429761873683069,1.0,3.0,0.0606060606060606,1
0.0715676087622181,0.082639258380322,1.2828510541458334e-05,-5.9999259346055736,0.0,0.1432942476805657,3.0,3.0,0.1568813131313131,1
0.097256676523352,0.0675742512554963,-1.569923107465775,2.219909394850962,0.0,0.1027562710445355,3.0,2.0,0.091540404040404,1
0.1216442020556488,0.0249068776451225,-0.0375587917372151,-5.781934602708967,0.0975501021291872,0.0975501021291872,2.0,2.0,0.0959595959595959,1
0.1096863298919917,0.0226293681996758,1.884933474292806,3.5898946470263553,0.0951446987136787,0.0951446987136787,2.0,3.0,0.1243686868686868,1
0.0850049125904467,0.0271440901296465,-1.9169109214079083,3.7425749872383207,0.0445685784743855,0.0445685784743855,3.0,2.0,0.2294823232323232,1
0.0683924057205984,0.0324702581180928,-0.05102049756123,-5.652194226560309,0.0363062435651422,0.0363062435651422,2.0,3.0,0.2351641414141414,1
0.0510081156533554,0.0301906644731729,1.7049553433266118,3.04209365210561,0.0280129418602154,0.0280129418602154,3.0,3.0,0.2537878787878788,1
0.0336395791392072,0.0085968706665287,0.6716860651869015,-1.6899224142057196,0.0256705526570858,0.0256705526570858,3.0,2.0,0.0899621212121212,1
0.0283274782045257,0.0056536705241146,1.3413402136849766,1.9357190815685357,0.0233201747356596,0.0233201747356596,2.0,2.0,0.0445075757575757,1
0.0245790200777378,0.0029004992824931,0.1349825079080958,-1.4036503777827356,0.0213124110579907,0.0213124110579907,2.0,3.0,0.03125,1
0.0222548404596335,0.0029558986729239,-0.105483298030857,-0.619483950901321,0.0187162233877982,0.0187162233877982,3.0,2.0,0.0659722222222222,1
0.0198649817190032,0.003132866168613,-0.2196681721373149,-1.485026981913153,0.0161111176945644,0.0161111176945644,2.0,2.0,0.060290404040404,1
0.016731913708573,0.0044957422636798,-0.7801348307093304,0.4053287139061492,0.010787902693939,0.010787902693939,2.0,3.0,0.0924873737373737,1
0.0135345235711031,0.0046957300959032,0.0620464808283036,-3.5399466841618636,0.0085228505081109,0.0085228505081109,3.0,2.0,0.1950757575757575,1
0.0103881159571331,0.0042629526476082,0.8936341902284234,0.7664214683371835,0.0061305929319181,0.0061305929319181,2.0,2.0,0.1704545454545454,1
0.0072948663098035,0.0030394753685409,-0.0498894246885024,-1.274904729356619,0.0037381191052463,0.0037381191052463,2.0,2.0,0.1496212121212121,1
0.0073362335252033,0.0031033177952009,0.0147472770193867,-1.1767154321207958,0.0037381191052463,0.0109533715555379,3.0,2.0,0.1568813131313131,1
0.0078377628055619,0.0034962412547719,-0.3766276736094546,-3.736555174655036,0.0037381191052463,0.0105289676295453,2.0,2.0,0.1625631313131312,1
0.0080604088738633,0.0033776326380643,-0.7373253141431247,-1.786257859688348,0.0037381191052463,0.0070211772051237,2.0,3.0,0.1796085858585858,1
0.008003744286285,0.0034748191010966,-0.7919403728666286,-1.506811758050654,0.0035114607549332,0.0035114607549332,3.0,2.0,0.1281565656565656,1
0.0146214122764942,0.0154693534728288,1.7968744133177563,3.334666161327384,0.0035114607549332,0.0374240435163747,3.0,2.0,0.1581439393939394,1
0.0204198893550943,0.0176213048696588,0.003823377693192,-5.58691082879658,0.0035114607549332,0.0337228759439457,2.0,2.0,0.1392045454545454,1
0.022885482558976,0.0157076920132656,-0.5405545123443075,-2.512789523474444,0.0035114607549332,0.0168835500206506,2.0,2.0,0.1240530303030303,1
0.0344568569695604,0.0135828660829578,-0.4765882394738497,1.270022964610753,0.0168835500206506,0.0497969583972707,3.0,2.0,0.1751893939393939,1
0.0370008868628751,0.0151826293336906,-0.9316507632592076,-0.7443187225789654,0.0168835500206506,0.0476001630896334,2.0,2.0,0.1505681818181818,1
0.0399252232120798,0.0154646862839779,-1.920289782940256,3.736270420622624,0.0168835500206506,0.0454202213407647,2.0,2.0,0.1297348484848484,1
0.0465513365338591,0.0027640668771321,0.0707686117950571,-1.2822613585280926,0.0433880033077678,0.0433880033077678,2.0,3.0,0.1240530303030303,1
0.0437297594143914,0.0038813050765197,-0.9052417377095392,0.8143508146714584,0.0385106499194,0.0385106499194,3.0,2.0,0.1584595959595959,1
0.0362706699755262,0.0126740190014825,-1.703132140014326,2.8950038459819964,0.0177638053341723,0.0177638053341723,2.0,2.0,0.139520202020202,1
0.0277927847313033,0.0155331469170015,-0.0538434011049693,-4.752033684602024,0.0115086803638731,0.0115086803638731,2.0,2.0,0.1306818181818181,1
0.017628081636425,0.0152263378753601,1.0519346126833056,1.4358998056348025,0.0027291909282547,0.0027291909282547,2.0,2.0,0.1287878787878787,1
0.008000419156575,0.0081532030529438,0.3878548809092421,-2.858556228665206,0.0,0.0,2.361111111111111,2.3055555555555554,0.1363724046015712,0
0.0035594678230319,0.005453407561883,1.6916858802730346,2.7606197783590396,0.0,0.0,3.0,3.0,0.2111742424242424,0
0.0006822977320636,0.0013645954641452,1.999999999992888,4.000000000071118,0.0,0.0,3.0,2.0,0.0991161616161616,0
0.0,0.0,0.0,-3.0,0.0,0.0,2.0,2.0,0.1325757575757575,0
0.0,0.0,0.0,-3.0,0.0,0.0,2.0,3.0,0.1335227272727272,0
0.0357767951173938,0.0715535902347879,1.9999999999999996,3.999999999999993,0.0,0.1431071804695754,1.0,3.0,0.0606060606060606,1
0.0714314485763899,0.08248217328927,3.038482773014053e-05,-5.9998245733717575,0.0,0.1426186138359842,3.0,3.0,0.1568813131313131,1
0.0969981426740723,0.0674380430195547,-1.5639519892146616,2.1929886976001995,0.0,0.1022667763907297,3.0,2.0,0.091540404040404,1
0.1212692586419115,0.0250245774306923,-0.0366771460826212,-5.784848724463872,0.0970844638713568,0.0970844638713568,2.0,2.0,0.0959595959595959,1
0.1091650000140982,0.0225254709187471,1.8849330884580224,3.589892420733854,0.0946901459583225,0.0946901459583225,2.0,3.0,0.1243686868686868,1
0.0845994260387606,0.0270144517898359,-1.9168796296326096,3.742482450800772,0.0443563179346336,0.0443563179346336,3.0,2.0,0.2294823232323232,1
0.0680659260750984,0.0323150954296329,-0.0510281700619415,-5.652131865138666,0.0361327765360807,0.0361327765360807,2.0,3.0,0.2351641414141414,1
0.0507644535466327,0.0300465201630862,1.7049151632152957,3.041963305936953,0.0278785737574944,0.0278785737574944,3.0,3.0,0.2537878787878788,1
0.0334787375906055,0.008556391324217,0.6717077735881355,-1.6898436383921815,0.0255472821342134,0.0255472821342134,3.0,2.0,0.0899621212121212,1
0.0281916819924894,0.0056269590317641,1.3413728832493372,1.9358004778026068,0.0232080955421693,0.0232080955421693,2.0,2.0,0.0445075757575757,1
0.0244609638276213,0.002886706014468,0.1350095346696583,-1.403611404366485,0.0212099038766081,0.0212099038766081,2.0,3.0,0.03125,1
0.0221478475609569,0.002941805807321,-0.1054707141796086,-0.619487151448606,0.018626108690837,0.018626108690837,3.0,2.0,0.0659722222222222,1
0.0197694026719267,0.0031178904735401,-0.2196408174043781,-1.4850767457881666,0.0160335025780927,0.0160335025780927,2.0,2.0,0.060290404040404,1
0.0166513488621214,0.0044741704075205,-0.7801040520954892,0.405288384083434,0.010735880302948,0.010735880302948,2.0,3.0,0.0924873737373737,1
0.0134693044698712,0.0046731604335368,0.0620526559969228,-3.539935011202397,0.0084817263076074,0.0084817263076074,3.0,2.0,0.1950757575757575,1
0.0103380258518343,0.0042424453782353,0.8936433741681786,0.7664364121544285,0.0061009942186891,0.0061009942186891,2.0,2.0,0.1704545454545454,1
0.0072596671039941,0.0030248291687081,-0.0498756371373148,-1.274910299380453,0.0037200675867323,0.0037200675867323,2.0,2.0,0.1496212121212121,1
0.0070914797956242,0.0027755467099861,-0.3231327751521691,-1.5995185721193312,0.0037200675867323,0.010063131069468,3.0,2.0,0.1568813131313131,1
0.0075914570673924,0.0032491762623027,-0.4293656239256418,-3.4311646104179516,0.0037200675867323,0.0104816353946804,2.0,2.0,0.1625631313131312,1
0.0078136099291516,0.0031419090364992,-0.8335582069348402,-1.2699574789745842,0.0037200675867323,0.0069896056657258,2.0,3.0,0.1796085858585858,1
0.0077575098241428,0.003239842027241,-0.889813650958154,-0.987499012712954,0.0034956671666972,0.0034956671666972,3.0,2.0,0.1281565656565656,1
0.0145547446634574,0.0153979797273735,1.7968262626111733,3.334511032126951,0.0034956671666972,0.0372520704267262,3.0,2.0,0.1581439393939394,1
0.0203262883435602,0.017540020068415,0.0038187417736318,-5.586846073582025,0.0034956671666972,0.0335678101150916,2.0,2.0,0.1392045454545454,1
0.0227803399422418,0.0156353667840562,-0.5405202954379843,-2.512937373057351,0.0034956671666972,0.0168058120604525,2.0,2.0,0.1240530303030303,1
0.0342960456727235,0.0135168893208219,-0.4777240382962622,1.2704742800310989,0.0168058120604525,0.049558490088624,3.0,2.0,0.1751893939393939,1
0.0368260303632827,0.0151080369354408,-0.932176312824252,-0.7415841039226443,0.0168058120604525,0.0473720091889628,2.0,2.0,0.1505681818181818,1
0.0397346589805971,0.0153890021778134,-1.9202588677445969,3.7361691191166178,0.0168058120604525,0.0452023245843493,2.0,2.0,0.1297348484848484,1
0.0463281462201539,0.0027510346622563,0.0708183408000781,-1.282301476670403,0.0431797610186797,0.0431797610186797,2.0,3.0,0.1240530303030303,1
0.0435199547509498,0.0038628337749669,-0.9051721182959752,0.8142338027837308,0.0383257242118074,0.0383257242118074,3.0,2.0,0.1584595959595959,1
0.0360965333195719,0.0126133169776143,-1.7031226624965714,2.8949706420045445,0.0176783234634515,0.0176783234634515,2.0,2.0,0.139520202020202,1
0.0276592727782232,0.0154586784057373,-0.0538369038854895,-4.752044385757726,0.0114532824189542,0.0114532824189542,2.0,2.0,0.1306818181818181,1
0.0175433453401421,0.0151532505489077,1.051956063144884,1.435944290684871,0.0027160512663553,0.0027160512663553,2.0,2.0,0.1287878787878787,1
0.0079619142871902,0.0081139677236664,0.3878578596734898,-2.858544821567751,0.0,0.0,2.361111111111111,2.3055555555555554,0.1363724046015712,0
0.0035423334213273,0.0054271572785554,1.6916864279592592,2.7606221615414093,0.0,0.0,3.0,3.0,0.2111742424242424,0
0.0006790128165888,0.0013580256331965,1.999999999999999,4.0000000000000036,0.0,0.0,3.0,2.0,0.0991161616161616,0
0.0,0.0,0.0,-3.0,0.0,0.0,2.0,2.0,0.1325757575757575,0
0.0,0.0,0.0,-3.0,0.0,0.0,2.0,3.0,0.1335227272727272,0
0.0366555473593984,0.073311094718797,2.0000000000000004,4.0,0.0,0.1466221894375936,1.0,3.0,0.0606060606060606,1
0.0729267552478555,0.0842109024187762,0.0002886236305811,-5.9983336538324465,0.0,0.1450848315538286,3.0,3.0,0.1568813131313131,1
0.0989402188819069,0.0688433288385534,-1.556438098175826,2.16079863487421,0.0,0.1040538545362056,3.0,2.0,0.091540404040404,1
0.1236363446914803,0.0257518581314856,-0.0330476823097734,-5.774247466579558,0.0987845032382936,0.0987845032382936,2.0,2.0,0.0959595959595959,1
0.1110682314764651,0.0229045456638522,1.8849344893590916,3.5899005319463093,0.0963497365775327,0.0963497365775327,2.0,3.0,0.1243686868686868,1
0.0860798356890801,0.0274877645261288,-1.9169942982108208,3.742821563731724,0.0451312484042886,0.0451312484042886,3.0,2.0,0.2294823232323232,1
0.0692579002218626,0.0328816031098816,-0.0510000383721105,-5.65236048400748,0.0367661126673355,0.0367661126673355,2.0,3.0,0.2351641414141414,1
0.0516540721204339,0.0305727911917342,1.705062482601072,3.042441214046587,0.0283691908325789,0.0283691908325789,3.0,3.0,0.2537878787878788,1
0.0340659848189699,0.0087041460446549,0.6716281828287227,-1.6901324433824634,0.0259973873716767,0.0259973873716767,3.0,2.0,0.0899621212121212,1
0.0286875085153374,0.0057244650226962,1.3412530836734546,1.935502010207239,0.0236173431897586,0.0236173431897586,2.0,2.0,0.0445075757575757,1
0.024892031603592,0.0029370617366692,0.1349104281934243,-1.40375430635995,0.0215842050203541,0.0215842050203541,2.0,3.0,0.03125,1
0.0225385251707266,0.0029932575555375,-0.1055168614271214,-0.6194754128736282,0.0189551651011171,0.0189551651011171,3.0,2.0,0.0659722222222222,1
0.0201184081185035,0.0031725678237252,-0.2197411402593577,-1.4848942247087873,0.0163169191627842,0.0163169191627842,2.0,2.0,0.060290404040404,1
0.0169455339942581,0.0045529359717323,-0.7802169308883228,0.4054363059857131,0.0109258466927773,0.0109258466927773,2.0,3.0,0.0924873737373737,1
0.0137074572701008,0.0047555717112122,0.0620300074754368,-3.5399778222716005,0.0086318981237248,0.0086318981237248,3.0,2.0,0.1950757575757575,1
0.0105209359768818,0.0043173271196465,0.893609689084318,0.7663816021483498,0.006209079928241,0.006209079928241,2.0,2.0,0.1704545454545454,1
0.0073882028384769,0.0030783109331103,-0.0499262087226149,-1.27488986464674,0.0037859866091648,0.0037859866091648,2.0,2.0,0.1496212121212121,1
0.0069553696047043,0.0024783362205774,-0.7144431028786495,-1.6381449310547378,0.0037859866091648,0.0091945137576869,3.0,2.0,0.1568813131313131,1
0.007461262162467,0.0030704356385734,-0.3180644966227124,-2.322264553561036,0.0037859866091648,0.0106554683547753,2.0,2.0,0.1625631313131312,1
0.0076853812807181,0.0029799537891304,-0.7519843248247032,-0.2135280033638871,0.0037859866091648,0.0071055564012455,2.0,3.0,0.1796085858585858,1
0.0076273025229847,0.003081808313785,-0.8228063279902305,0.0090456426862459,0.0035536715782314,0.0035536715782314,3.0,2.0,0.1281565656565656,1
0.0147985571065342,0.015658078863382,1.796949040918897,3.3349068848217485,0.0035536715782314,0.0378795320918849,3.0,2.0,0.1581439393939394,1
0.0206680874817636,0.0178362838130479,0.003828184165625,-5.587024791898423,0.0035536715782314,0.0341335898556928,2.0,2.0,0.1392045454545454,1
0.0231640624408242,0.0158990969247337,-0.5406235913029636,-2.5125026601544267,0.0035536715782314,0.017089456237488,2.0,2.0,0.1240530303030303,1
0.0348829402744384,0.0137578441008647,-0.4735602077561204,1.268827494773893,0.017089456237488,0.050429182912688,3.0,2.0,0.1751893939393939,1
0.0374643209885257,0.0153805059974005,-0.9302505033133286,-0.7516060635484099,0.017089456237488,0.0482050549482341,2.0,2.0,0.1505681818181818,1
0.0404304062552904,0.0156654394086647,-1.9203721500231905,3.7365403209765233,0.017089456237488,0.0459979309227517,2.0,2.0,0.1297348484848484,1
0.0471430726826578,0.0027986050002333,0.0706359944718397,-1.282154325508623,0.0439401219469576,0.0439401219469576,2.0,3.0,0.1240530303030303,1
0.0442860155741721,0.0039302687338136,-0.9054273896214248,0.8146629105705614,0.0390009544787453,0.0390009544787453,3.0,2.0,0.1584595959595959,1
0.0367323668310232,0.012834951944341,-1.703157417306414,2.8950924054748697,0.0179904599756382,0.0179904599756382,2.0,2.0,0.139520202020202,1
0.0281467762793194,0.0157305820990144,-0.0538607327488246,-4.752005132395041,0.0116555687159368,0.0116555687159368,2.0,2.0,0.1306818181818181,1
0.0178527535589357,0.0154201168571718,1.0518773902935452,1.435781138263872,0.0027640310654226,0.0027640310654226,2.0,2.0,0.1287878787878787,1
0.0081025149392494,0.0082572353443245,0.3878469345327157,-2.8585866589610784,0.0,0.0,2.361111111111111,2.3055555555555554,0.1363724046015712,0
0.0036048999453398,0.0055230105123638,1.691684419202175,2.7606134206978012,0.0,0.0,3.0,3.0,0.2111742424242424,0
0.0006910077663556,0.0013820155327293,2.0000000000000004,4.0,0.0,0.0,3.0,2.0,0.0991161616161616,0
0.0,0.0,0.0,-3.0,0.0,0.0,2.0,2.0,0.1325757575757575,0
0.0,0.0,0.0,-3.0,0.0,0.0,2.0,3.0,0.1335227272727272,0
0.034989912541078,0.0699798250821563,2.000000000000001,4.0,0.0,0.1399596501643123,1.0,3.0,0.0606060606060606,1
0.0702607082582757,0.0811313742491916,0.0001660800487138,-5.999041144053624,0.0,0.1410831828687905,3.0,3.0,0.1568813131313131,1
0.0955493311384232,0.0663493295452039,-1.5752524793749736,2.2451205802079297,0.0,0.1011544915205903,3.0,2.0,0.091540404040404,1
0.1195559341828406,0.0243035358174017,-0.036563002164094,-5.76814635946047,0.0960264121776695,0.0960264121776695,2.0,2.0,0.0959595959595959,1
0.1079803450320727,0.0222892833975428,1.884932197536633,3.589887301387094,0.0936572935612406,0.0936572935612406,2.0,3.0,0.1243686868686868,1
0.0836780477617009,0.0267198817969665,-1.9168081818004052,3.742271174757466,0.0438739937873035,0.0438739937873035,3.0,2.0,0.2294823232323232,1
0.0673240794920746,0.0319625298024038,-0.0510456762771747,-5.651989550563566,0.0357386184420851,0.0357386184420851,2.0,3.0,0.2351641414141414,1
0.0502107943642664,0.0297189874426113,1.7048234820118944,3.0416658857217804,0.0275732716664366,0.0275732716664366,3.0,3.0,0.2537878787878788,1
0.0331132707006035,0.0084643968875095,0.6717573082023434,-1.6896638753477546,0.025267198906589,0.025267198906589,3.0,2.0,0.0899621212121212,1
0.0278831329360523,0.0055662561602645,1.3414474141214112,1.9359861815541264,0.0229534427290987,0.0229534427290987,2.0,2.0,0.0445075757575757,1
0.0241927287076895,0.0028553626699727,0.1350711929306354,-1.4035224816960543,0.020977001528634,0.020977001528634,2.0,3.0,0.03125,1
0.0219047521298942,0.0029097826321423,-0.1054420078526123,-0.6194944512925797,0.0184213653552554,0.0184213653552554,3.0,2.0,0.0659722222222222,1
0.0195522423667705,0.0030838623058755,-0.2195784220925638,-1.4851902455095214,0.0158571598540939,0.0158571598540939,2.0,2.0,0.060290404040404,1
0.0164683031993887,0.0044251564761096,-0.7800338446809013,0.4051963992941907,0.0106176860595715,0.0106176860595715,2.0,3.0,0.0924873737373737,1
0.0133211261409093,0.0046218803965469,0.0620667411297438,-3.5399083841248373,0.0083882932947165,0.0083882932947165,3.0,2.0,0.1950757575757575,1
0.0102242216186513,0.0041958517426817,0.8936643197527202,0.7664704956187478,0.0060337472662236,0.0060337472662236,2.0,2.0,0.1704545454545454,1
0.0071796955171127,0.0029915528768976,-0.0498441922663432,-1.2749230017449715,0.0036790554479393,0.0036790554479393,2.0,2.0,0.1496212121212121,1
0.0074417026818316,0.0034097000910672,0.3389287879635448,-0.5895066516199776,0.0036790554479393,0.0116657147184471,3.0,2.0,0.1568813131313131,1
0.0079378802166717,0.0037233446371267,-0.2312383178200222,-3.6070533379087504,0.0036790554479393,0.0103730034340768,2.0,2.0,0.1625631313131312,1
0.008158729900826,0.0035968024489723,-0.5418650746210224,-1.9408051223366272,0.0036790554479393,0.006917146002841,2.0,3.0,0.1796085858585858,1
0.0081038208877068,0.0036884928988176,-0.5975393331930543,-1.7088900865474876,0.0034594193954627,0.0034594193954627,3.0,2.0,0.1281565656565656,1
0.0144026749489688,0.0152360152794523,1.7967626062256066,3.334305697808489,0.0034594193954627,0.0368611309634948,3.0,2.0,0.1581439393939394,1
0.0201132509895431,0.017355524236149,0.0038146698980326,-5.58674870629614,0.0034594193954627,0.0332153075963742,2.0,2.0,0.1392045454545454,1
0.0225412387699625,0.0154710946307655,-0.5404612036650678,-2.5131826381375415,0.0034594193954627,0.0166290971245186,2.0,2.0,0.1240530303030303,1
0.0339305459611878,0.0133670054710122,-0.4803160749323333,1.2715101692349755,0.0166290971245186,0.0490166481603638,3.0,2.0,0.1751893939393939,1
0.0364286654261222,0.0149386001979489,-0.9333763375352414,-0.7353409513910147,0.0166290971245186,0.0468536088232325,2.0,2.0,0.1505681818181818,1
0.0393016472940393,0.0152170767576329,-1.9201882749078931,3.735937806541184,0.0166290971245186,0.0447072350680423,2.0,2.0,0.1297348484848484,1
0.045821025570738,0.0027214177738255,0.070931798200751,-1.2823929791805,0.0427066102313135,0.0427066102313135,2.0,3.0,0.1240530303030303,1
0.0430432520088931,0.003820860639739,-0.9050132751191692,0.8139668776456777,0.0379055539129844,0.0379055539129844,3.0,2.0,0.1584595959595959,1
0.0357008759912003,0.012475391445663,-1.703101041082953,2.894894893731724,0.017484104752461,0.017484104752461,2.0,2.0,0.139520202020202,1
0.0273559212771721,0.0152894749881693,-0.053822083982131,-4.7520687887692254,0.0113274162119296,0.0113274162119296,2.0,2.0,0.1306818181818181,1
0.0173508181018007,0.0149871878221116,1.0520049885549,1.4360457570914669,0.0026861975298281,0.0026861975298281,2.0,2.0,0.1287878787878787,1
0.0078744296235546,0.0080248232922901,0.3878646538500533,-2.8585188033207523,0.0,0.0,2.361111111111111,2.3055555555555554,0.1363724046015712,0
0.0035034034354394,0.0053675156476061,1.6916876771369171,2.760627597171311,0.0,0.0,3.0,3.0,0.2111742424242424,0
0.000671549382457,0.0013430987649326,1.999999999999999,4.0000000000000036,0.0,0.0,3.0,2.0,0.0991161616161616,0
0.0,0.0,0.0,-3.0,0.0,0.0,2.0,2.0,0.1325757575757575,0
0.0,0.0,0.0,-3.0,0.0,0.0,2.0,3.0,0.1335227272727272,0
0.0357424650139858,0.0714849300279718,2.0,3.999999999999997,0.0,0.1429698600559433,1.0,3.0,0.0606060606060606,1
0.0715206817376887,0.082584990344035,2.596820268868873e-06,-5.999985007253079,0.0,0.1431128668948117,3.0,3.0,0.1568813131313131,1
0.0971768956412346,0.0675281135509019,-1.568652626533649,2.2140832690223284,0.0,0.1026248556141834,3.0,2.0,0.091540404040404,1
0.1215331682476659,0.024926149938695,-0.037521241882492,-5.783437923666304,0.0974250904257253,0.0974250904257253,2.0,2.0,0.0959595959595959,1
0.1095463689187606,0.022601479053851,1.8849333709135057,3.5898940499547365,0.0950226627403221,0.0950226627403221,2.0,3.0,0.1243686868686868,1
0.0848960503474504,0.0271092855359365,-1.9169025160065725,3.7425501304057143,0.0445115926095711,0.0445115926095711,3.0,2.0,0.2294823232323232,1
0.0683047544481548,0.0324286007985326,-0.0510225588180054,-5.652177473505875,0.036259672017001,0.036259672017001,2.0,3.0,0.2351641414141414,1
0.0509426985413927,0.0301519654574181,1.7049445487991075,3.0420586342109637,0.0279768667986768,0.0279768667986768,3.0,3.0,0.2537878787878788,1
0.0335963970838482,0.0085860036503017,0.6716918971667631,-1.6899012513346356,0.0256374569101442,0.0256374569101442,3.0,2.0,0.0899621212121212,1
0.0282910198152867,0.0056464994996201,1.3413489908262015,1.9357409495578413,0.0232900835353248,0.0232900835353248,2.0,2.0,0.0445075757575757,1
0.0245473242306323,0.0028967962106858,0.1349897690205981,-1.4036399073005157,0.0212848896783836,0.0212848896783836,2.0,3.0,0.03125,1
0.0222261147972144,0.0029521151272813,-0.1054799171519065,-0.6194848107612057,0.0186920290650052,0.0186920290650052,3.0,2.0,0.0659722222222222,1
0.0198393203834119,0.0031288455629085,-0.2196608226540921,-1.4850403524155382,0.0160902792549344,0.0160902792549344,2.0,2.0,0.060290404040404,1
0.0167102833594869,0.0044899506578459,-0.7801265613164543,0.4053178780368931,0.0107739354396247,0.0107739354396247,2.0,3.0,0.0924873737373737,1
0.0135170132476484,0.0046896705557048,0.0620481399651187,-3.539943547906537,0.0085118092310293,0.0085118092310293,3.0,2.0,0.1950757575757575,1
0.0103746674983978,0.0042574468017553,0.8936366577685352,0.7664254834190416,0.0061226460680031,0.0061226460680031,2.0,2.0,0.1704545454545454,1
0.0072854158112712,0.0030355430898815,-0.0498857202120849,-1.2749062260408124,0.0037332725064277,0.0037332725064277,2.0,2.0,0.1496212121212121,1
0.007280717668593,0.0030283501514037,-0.0573146325638483,-1.2857286114987598,0.0037332725064277,0.0107551428689121,3.0,2.0,0.1568813131313131,1
0.0077818281291878,0.0034380884767666,-0.3969061597015303,-3.711602321175155,0.0037332725064277,0.0105162510734087,2.0,2.0,0.1625631313131312,1
0.0080043403619931,0.0033217460773256,-0.7680056958645101,-1.7050106666879348,0.0037332725064277,0.0070126949992239,2.0,3.0,0.1796085858585858,1
0.0079478266219799,0.0034191279973775,-0.8224982063364227,-1.421128892637947,0.003507217546375,0.003507217546375,3.0,2.0,0.1281565656565656,1
0.0146035110613581,0.0154501976422663,1.796862035840333,3.3346262811617,0.003507217546375,0.0373778806264249,3.0,2.0,0.1581439393939394,1
0.0203947611375716,0.0175994885642022,0.0038222106291098,-5.586894042150909,0.003507217546375,0.0336812513782629,2.0,2.0,0.1392045454545454,1
0.0228572580344211,0.0156882792136406,-0.5405455502090514,-2.512828128278752,0.003507217546375,0.0168626825866219,2.0,2.0,0.1240530303030303,1
0.0344136874030359,0.0135651516963783,-0.4768933649401161,1.2701440522474492,0.0168626825866219,0.0497329350208339,3.0,2.0,0.1751893939393939,1
0.0369539444136449,0.0151626008183376,-0.9317919318254898,-0.7435841469166959,0.0168626825866219,0.0475389086688611,2.0,2.0,0.1505681818181818,1
0.0398740617009671,0.0154443649952512,-1.9202814788209392,3.7362432099888494,0.0168626825866219,0.0453617205275517,2.0,2.0,0.1297348484848484,1
0.0464914146577519,0.0027605682506548,0.0707819719975515,-1.2822721388407157,0.0433320944137611,0.0433320944137611,2.0,3.0,0.1240530303030303,1
0.0436734311416002,0.0038763460786213,-0.9052230339502406,0.8143193773519943,0.0384610009562269,0.0384610009562269,3.0,2.0,0.1584595959595959,1
0.03622391770033,0.0126577218662976,-1.7031295937262958,2.894994925158766,0.0177408549037806,0.0177408549037806,2.0,2.0,0.139520202020202,1
0.0277569393028389,0.0155131537050304,-0.0538416554620245,-4.752036559856636,0.011493806937587,0.011493806937587,2.0,2.0,0.1306818181818181,1
0.0176053314856118,0.0152067153794701,1.051940375932577,1.4359117576860054,0.002725663144853,0.002725663144853,2.0,2.0,0.1287878787878787,1
0.0079900812465551,0.0081426690322986,0.3878556812365614,-2.858553163838746,0.0,0.0,2.361111111111111,2.3055555555555554,0.1363724046015712,0
0.00355486752061,0.0054463597978078,1.691686027425256,2.760620418670616,0.0,0.0,3.0,3.0,0.2111742424242424,0
0.0006814157862132,0.0013628315724454,1.9999999999999991,3.999999999999997,0.0,0.0,3.0,2.0,0.0991161616161616,0
0.0,0.0,0.0,-3.0,0.0,0.0,2.0,2.0,0.1325757575757575,0
0.0,0.0,0.0,-3.0,0.0,0.0,2.0,3.0,0.1335227272727272,0
0.0347691361958077,0.0695382723916158,2.0,4.0000000000000036,0.0,0.1390765447832311,1.0,3.0,0.0606060606060606,1
0.0697439491924908,0.0805340760577582,9.037703589239595e-05,-5.999478210208925,0.0,0.1398992519867322,3.0,3.0,0.1568813131313131,1
0.0948182092281958,0.0658574497728036,-1.5730597313449302,2.2346623369734253,0.0,0.1002970401428202,3.0,2.0,0.091540404040404,1
0.1186209107950244,0.0241867594316065,-0.0371539802902248,-5.774435199102667,0.0952108062673141,0.0952108062673141,2.0,2.0,0.0959595959595959,1
0.1070670567256803,0.0221070519797822,1.884931503419131,3.5898833328780846,0.092861128505855,0.092861128505855,2.0,3.0,0.1243686868686868,1
0.0829677866130459,0.0264928137762943,-1.9167532712256403,3.7421088103229927,0.0435021715361945,0.0435021715361945,3.0,2.0,0.2294823232323232,1
0.066752223029612,0.0316907592923284,-0.0510591191432131,-5.651880244749921,0.0354347858090846,0.0354347858090846,2.0,3.0,0.2351641414141414,1
0.0497840100193122,0.0294665080384403,1.7047530786330465,3.0414374900082244,0.027337954226115,0.027337954226115,3.0,3.0,0.2537878787878788,1
0.0328315591520729,0.0083934596690815,0.67179534908307,-1.689525811673123,0.0250513250368978,0.0250513250368978,3.0,2.0,0.0899621212121212,1
0.0276453095781484,0.0055194516611882,1.3415046346725688,1.9361287637600777,0.0227571732404965,0.0227571732404965,2.0,2.0,0.0445075757575757,1
0.0239859878865023,0.002831199282318,0.1351185312752686,-1.4034542020535206,0.0207974990425002,0.0207974990425002,2.0,3.0,0.03125,1
0.0217173916979824,0.002885096626381,-0.1054199700885967,-0.6195000545210192,0.0182635694720354,0.0182635694720354,3.0,2.0,0.0659722222222222,1
0.019384873975796,0.0030576323052087,-0.2195305269709925,-1.4852773590580703,0.0157212541481521,0.0157212541481521,2.0,2.0,0.060290404040404,1
0.0163272299143297,0.0043873783310547,-0.7799799538270329,0.4051258046765422,0.0105265969946313,0.0105265969946313,2.0,3.0,0.0924873737373737,1
0.0132069271657015,0.0045823571952539,0.0620775513329455,-3.5398879476530833,0.0083162880479873,0.0083162880479873,3.0,2.0,0.1950757575757575,1
0.0101365156335236,0.0041599412378114,0.8936803957006385,0.7664966554310517,0.005981923343324,0.005981923343324,2.0,2.0,0.1704545454545454,1
0.0071180644870169,0.0029659072930526,-0.0498200598723093,-1.2749327445724514,0.003647449562125,0.003647449562125,2.0,2.0,0.1496212121212121,1
0.0072999426670312,0.003253012746843,0.2296579096041151,-0.8035794152089117,0.003647449562125,0.0112541097146886,3.0,2.0,0.1568813131313131,1
0.0077932738355264,0.0035906332928017,-0.2907962906038837,-3.7041817202701335,0.003647449562125,0.010289612721968,2.0,2.0,0.1625631313131312,1
0.0080131737865464,0.0034675489477683,-0.6219610984548405,-1.9209902576163425,0.003647449562125,0.006861523147404,2.0,3.0,0.1796085858585858,1
0.0079592099914858,0.0035586214834931,-0.6761851265405567,-1.6727272708078225,0.0034315943818828,0.0034315943818828,3.0,2.0,0.1281565656565656,1
0.0142855589928237,0.0151109358348649,1.7966929608039326,3.334081240895607,0.0034315943818828,0.0365595057200402,3.0,2.0,0.1581439393939394,1
0.0199489912742222,0.0172130624725066,0.0038086280022296,-5.5866512521525635,0.0034315943818828,0.0329433418475619,2.0,2.0,0.1392045454545454,1
0.02235680061554,0.0153442941062498,-0.5404072587204517,-2.5134124710262267,0.0034315943818828,0.0164927605126752,2.0,2.0,0.1240530303030303,1
0.0336486513146162,0.0132515152022015,-0.4823069194000308,1.2723113983293484,0.0164927605126752,0.0485989971781877,3.0,2.0,0.1751893939393939,1
0.0361222836098077,0.0148080756566043,-0.9342986495637616,-0.7305435473781099,0.0164927605126752,0.0464540349008061,2.0,2.0,0.1505681818181818,1
0.0389678572764124,0.0150846222373372,-1.920134016834097,3.735760020946717,0.0164927605126752,0.0443256365139809,2.0,2.0,0.1297348484848484,1
0.0454301484476118,0.0026985808122438,0.0710189118712307,-1.2824632071027384,0.0423419251974725,0.0423419251974725,2.0,3.0,0.1240530303030303,1
0.0426758261163738,0.0037885030759473,-0.904891305691162,0.8137619622291492,0.0375817078532357,0.0375817078532357,3.0,2.0,0.1584595959595959,1
0.0353959219535634,0.0123690789099781,-1.7030844422502276,2.8948367430937125,0.0173344182495647,0.0173344182495647,2.0,2.0,0.139520202020202,1
0.0271221154310073,0.0151590565572723,-0.0538107087690079,-4.752087516133134,0.0112304104237564,0.0112304104237564,2.0,2.0,0.1306818181818181,1
0.0172024314294503,0.0148591938748546,1.0520425408464091,1.4361236392791137,0.0026631891912444,0.0026631891912444,2.0,2.0,0.1287878787878787,1
0.0078070044661413,0.007956118736921,0.387869868522417,-2.858498833675437,0.0,0.0,2.361111111111111,2.3055555555555554,0.1363724046015712,0
0.0034733999037502,0.0053215495045785,1.6916886358927867,2.7606317690723543,0.0,0.0,3.0,3.0,0.2111742424242424,0
0.0006657972978111,0.0013315945956417,1.999999999996663,4.0000000009379235,0.0,0.0,3.0,2.0,0.0991161616161616,0
0.0,0.0,0.0,-3.0,0.0,0.0,2.0,2.0,0.1325757575757575,0
0.0,0.0,0.0,-3.0,0.0,0.0,2.0,3.0,0.1335227272727272,0
0.035246108811138,0.0704922176222763,2.0,4.0,0.0,0.1409844352445523,1.0,3.0,0.0606060606060606,1
0.0705684247863319,0.0814854931210696,1.21193997951497e-05,-5.999930028653449,0.0,0.1412892639007756,3.0,3.0,0.1568813131313131,1
0.0958943682378243,0.0666303289882657,-1.569559771742476,2.2182596261810463,0.0,0.1013037738059693,3.0,2.0,0.091540404040404,1
0.1199364719223661,0.0245700119840794,-0.037560918092507,-5.782012869509992,0.0961684147381674,0.0961684147381674,2.0,2.0,0.0959595959595959,1
0.1081393415305407,0.022320986762243,1.8849323186688185,3.5898879957156495,0.0937959136772508,0.0937959136772508,2.0,3.0,0.1243686868686868,1
0.083801707483626,0.0267594163332959,-1.916817831469416,3.742299708631617,0.0439387277131165,0.0439387277131165,3.0,2.0,0.2294823232323232,1
0.0674236437223795,0.0320098479266315,-0.051043312956098,-5.6520087650983735,0.0357915187609836,0.0357915187609836,2.0,3.0,0.2351641414141414,1
0.0502851015248246,0.0297629460271305,1.704835859292635,3.041706038567227,0.0276142459479475,0.0276142459479475,3.0,3.0,0.2537878787878788,1
0.0331623202136979,0.0084767442126807,0.6717506211305025,-1.6896881434331767,0.0253047884327442,0.0253047884327442,3.0,2.0,0.0899621212121212,1
0.0279245430777044,0.0055744034894287,1.341437353117177,1.9359611123805005,0.0229876191691426,0.0229876191691426,2.0,2.0,0.0445075757575757,1
0.0242287280855714,0.002859569366047,0.135062869569228,-1.4035344863179091,0.0210082587924513,0.0210082587924513,2.0,3.0,0.03125,1
0.0219373774374957,0.0029140805298143,-0.1054458826571854,-0.6194934662122122,0.0184488433556449,0.0184488433556449,3.0,2.0,0.0659722222222222,1
0.0195813868897882,0.0030884292519535,-0.2195868435777634,-1.4851749272321602,0.015880826241914,0.015880826241914,2.0,2.0,0.060290404040404,1
0.0164928692137895,0.0044317345786084,-0.7800433217228535,0.4052088163378435,0.0106335484651478,0.0106335484651478,2.0,3.0,0.0924873737373737,1
0.0133410126553613,0.0046287625864687,0.0620648396361751,-3.5399119793372016,0.0084008325587385,0.0084008325587385,3.0,2.0,0.1950757575757575,1
0.0102394948627857,0.0042021049594415,0.8936614931047626,0.7664658955631687,0.0060427721853428,0.0060427721853428,2.0,2.0,0.1704545454545454,1
0.0071904281779501,0.00299601877629,-0.0498484363728572,-1.2749212859457,0.0036845595025713,0.0036845595025713,2.0,2.0,0.1496212121212121,1
0.0072312987765586,0.0030590962440654,0.0149365696246909,-1.176491200198848,0.0036845595025713,0.0107970308595819,3.0,2.0,0.1568813131313131,1
0.007728031079739,0.0034488010930271,-0.3766239993077755,-3.742297836246795,0.0036845595025713,0.0103877617714601,2.0,2.0,0.1625631313131312,1
0.0079490855657102,0.0033311057052165,-0.7398597039059779,-1.77818218088772,0.0036845595025713,0.0069269901292278,2.0,3.0,0.1796085858585858,1
0.0078940316668353,0.0034255606418215,-0.7936188170528572,-1.5028020446466446,0.0034643439070715,0.0034643439070715,3.0,2.0,0.1281565656565656,1
0.0144231755799634,0.0152577066435898,1.796763120010108,3.3343074309320535,0.0034643439070715,0.0369136065120945,3.0,2.0,0.1581439393939394,1
0.0201418910611561,0.0173802402147368,0.0038140825588752,-5.5867530380164405,0.0034643439070715,0.0332626236962307,2.0,2.0,0.1392045454545454,1
0.0225733478603985,0.0154931205161821,-0.5404658602916798,-2.5131656325060856,0.0034643439070715,0.0166528173261973,2.0,2.0,0.1240530303030303,1
0.0339796040472646,0.0133871201265992,-0.4799661029761064,1.2713698236991426,0.0166528173261973,0.0490893686545359,3.0,2.0,0.1751893939393939,1
0.0364819981700755,0.0149613381330788,-0.9332142592544276,-0.7361840859116278,0.0166528173261973,0.0469231830033382,2.0,2.0,0.1505681818181818,1
0.0393597623711295,0.0152401490901984,-1.920197809488026,3.735969048396594,0.0166528173261973,0.0447736805004468,2.0,2.0,0.1297348484848484,1
0.045889085835254,0.002725392878145,0.0709164818491066,-1.2823806300810645,0.0427701111826952,0.0427701111826952,2.0,3.0,0.1240530303030303,1
0.0431072297509624,0.0038264939760862,-0.905034717940938,0.8140029066866088,0.0379619443173695,0.0379619443173695,3.0,2.0,0.1584595959595959,1
0.0357539765829046,0.0124939024001332,-1.7031039599854771,2.8949051198291365,0.0175101703311071,0.0175101703311071,2.0,2.0,0.139520202020202,1
0.0273966335484872,0.0153121836569124,-0.0538240844078635,-4.752065495919389,0.0113443083627771,0.0113443083627771,2.0,2.0,0.1306818181818181,1
0.0173766567811166,0.0150094748767256,1.05199838500453,1.436032061855025,0.002690204113213,0.002690204113213,2.0,2.0,0.1287878787878787,1
0.0078861707017743,0.0080367871290904,0.3878637367683735,-2.858522315297172,0.0,0.0,2.361111111111111,2.3055555555555554,0.1363724046015712,0
0.0035086281189975,0.0053755199838706,1.6916875085267666,2.7606268634834095,0.0,0.0,3.0,3.0,0.2111742424242424,0
0.0006725510283032,0.0013451020566239,2.00000000000048,3.999999999139103,0.0,0.0,3.0,2.0,0.0991161616161616,0
0.0,0.0,0.0,-3.0,0.0,0.0,2.0,2.0,0.1325757575757575,0
0.0,0.0,0.0,-3.0,0.0,0.0,2.0,3.0,0.1335227272727272,0
0.0358492402406731,0.0716984804813464,1.9999999999999996,4.0000000000000036,0.0,0.1433969609626924,1.0,3.0,0.0606060606060606,1
0.0717433258492772,0.0828420893518074,4.060537637696582e-06,-5.999976556479605,0.0,0.1435763424344167,3.0,3.0,0.1568813131313131,1
0.0974834935110896,0.0677387830611228,-1.5689781094366988,2.2155676386449503,0.0,0.1029606706472495,3.0,2.0,0.091540404040404,1
0.1219196295585096,0.0249944383975288,-0.0375355110375111,-5.78317195279614,0.0977445441896801,0.0977445441896801,2.0,2.0,0.0959595959595959,1
0.1099040176810173,0.0226727352516521,1.884933635229749,3.5898955773468018,0.095334513452723,0.095334513452723,2.0,3.0,0.1243686868686868,1
0.0851742351757879,0.0271982250871254,-1.916924037780864,3.7426137759694136,0.0446572124134991,0.0446572124134991,3.0,2.0,0.2294823232323232,1
0.0685287377608796,0.0325350520140011,-0.051017280562557,-5.652220372030963,0.0363786809876165,0.0363786809876165,2.0,3.0,0.2351641414141414,1
0.0511098653438269,0.0302508566605056,1.7049721902117054,3.042148304017094,0.0280690545214691,0.0280690545214691,3.0,3.0,0.2537878787878788,1
0.0337067448698276,0.0086137715548812,0.6716769633470159,-1.6899554421879994,0.025722031556726,0.025722031556726,3.0,2.0,0.0899621212121212,1
0.0283841868843077,0.0056648234909763,1.341326514792946,1.9356849515730197,0.0233669804714195,0.0233669804714195,2.0,2.0,0.0445075757575757,1
0.0246283215756087,0.0029062588581138,0.1349711751970902,-1.4036667189816685,0.0213552197528204,0.0213552197528204,2.0,3.0,0.03125,1
0.022299522247961,0.002961783515893,-0.1054885747795899,-0.6194826086680241,0.0187538572108784,0.0187538572108784,3.0,2.0,0.0659722222222222,1
0.0199048972653534,0.0031391198406129,-0.2196796432203628,-1.4850061128605905,0.0161435316262954,0.0161435316262954,2.0,2.0,0.060290404040404,1
0.0167655593299774,0.0045047507898969,-0.7801477374966385,0.4053456267939541,0.0108096287299155,0.0108096287299155,2.0,3.0,0.0924873737373737,1
0.0135617607072711,0.0047051554874889,0.0620438912332677,-3.539951579191616,0.0085400252619954,0.0085400252619954,3.0,2.0,0.1950757575757575,1
0.0104090349952049,0.0042715168382755,0.8936303387884212,0.766415201484179,0.0061429543626134,0.0061429543626134,2.0,2.0,0.1704545454545454,1
0.0073095666015111,0.0030455919887948,-0.0498952067989286,-1.2749023932126988,0.0037456580515201,0.0037456580515201,2.0,2.0,0.1496212121212121,1
0.0073137651575785,0.003052030191954,-0.043290974699248,-1.2651995450202556,0.0037456580515201,0.0108264229541855,3.0,2.0,0.1568813131313131,1
0.0078159741659115,0.0034591878865028,-0.3933634409967531,-3.717041492554712,0.0037456580515201,0.010548861295327,2.0,2.0,0.1625631313131312,1
0.0080388472593379,0.0033422069904115,-0.7619312743120857,-1.7240008091311123,0.0037456580515201,0.0070344467363191,2.0,3.0,0.1796085858585858,1
0.0079819574553223,0.0034401448437992,-0.816612935555476,-1.439927737195994,0.0035180988354577,0.0035180988354577,3.0,2.0,0.1281565656565656,1
0.014649308285737,0.0154991073940445,1.7968882006828324,3.3347106155222974,0.0035180988354577,0.0374958262758444,3.0,2.0,0.1581439393939394,1
0.0204589934468043,0.0176551960417101,0.0038244214769893,-5.586930992502663,0.0035180988354577,0.0337876019395961,2.0,2.0,0.1392045454545454,1
0.0229293815289178,0.0157378622809003,-0.5405662230129435,-2.512740308796314,0.0035180988354577,0.016915999064773,2.0,2.0,0.1240530303030303,1
0.0345239923049885,0.0136104221847458,-0.4761120502598469,1.2698342193623589,0.016915999064773,0.0498965419397405,3.0,2.0,0.1751893939393939,1
0.0370738958126927,0.015213787495307,-0.9314304759196872,-0.7454650339127475,0.016915999064773,0.0476954403066612,2.0,2.0,0.1505681818181818,1
0.040004799337814,0.0154962990545265,-1.9203027410798157,3.7363128814868247,0.016915999064773,0.0455112160400815,2.0,2.0,0.1297348484848484,1
0.0466445412443029,0.0027695081531843,0.0707477602216369,-1.282244533130786,0.0434749666907286,0.0434749666907286,2.0,3.0,0.1240530303030303,1
0.0438173749008988,0.0038890180985285,-0.9052709288604218,0.8143998812502122,0.0385878765661241,0.0385878765661241,3.0,2.0,0.1584595959595959,1
0.0363433908671322,0.0126993679889916,-1.703136114131253,2.8950177691972527,0.0177995041715947,0.0177995041715947,2.0,2.0,0.139520202020202,1
0.0278485407732266,0.0155642450842084,-0.0538461257079111,-4.752029196684271,0.011531815664459,0.011531815664459,2.0,2.0,0.1306818181818181,1
0.017663468682517,0.0152568596716386,1.0519256173063862,1.435881150770479,0.0027346783278905,0.0027346783278905,2.0,2.0,0.1287878787878787,1
0.008016499540986,0.0081695884692015,0.3878536317423695,-2.8585610123110357,0.0,0.0,2.361111111111111,2.3055555555555554,0.1363724046015712,0
0.0035666234980873,0.0054643702097558,1.6916856505963656,2.7606187789492687,0.0,0.0,3.0,3.0,0.2111742424242424,0
0.0006836695819726,0.0013673391639631,2.0,4.0,0.0,0.0,3.0,2.0,0.0991161616161616,0
0.0,0.0,0.0,-3.0,0.0,0.0,2.0,2.0,0.1325757575757575,0
0.0,0.0,0.0,-3.0,0.0,0.0,2.0,3.0,0.1335227272727272,0
0.0328823839286997,0.0657647678573997,1.9999999999999991,4.0000000000000036,0.0,0.1315295357147989,1.0,3.0,0.0606060606060606,1
0.0662650236629457,0.0765206192063528,0.0005921792529327,-5.996581148904737,0.0,0.1335305589369842,3.0,3.0,0.1568813131313131,1
0.0901868144817412,0.0625881142219225,-1.5806139357978923,2.2723782481536077,0.0,0.095687163275182,3.0,2.0,0.091540404040404,1
0.1128934098855475,0.0227757602580376,-0.0326149102812515,-5.735733040399979,0.090826381615225,0.090826381615225,2.0,2.0,0.0959595959595959,1
0.1021563794087631,0.0211253279226991,1.8849276303598947,3.589861481503185,0.0885814138076613,0.0885814138076613,2.0,3.0,0.1243686868686868,1
0.0791495216229756,0.0252722127326818,-1.9164579230992187,3.741235645411326,0.0415031277938341,0.0415031277938341,3.0,2.0,0.2294823232323232,1
0.0636781228945484,0.0302299011375188,-0.0511312506587195,-5.65129336916322,0.0338015683614733,0.0338015683614733,2.0,3.0,0.2351641414141414,1
0.0474898544182918,0.0281092795875868,1.7043752617297032,3.0402117873089267,0.0260733077101987,0.0260733077101987,3.0,3.0,0.2537878787878788,1
0.0313173121954996,0.0080118334642318,0.6719994994054547,-1.688784740542424,0.0238912449164925,0.0238912449164925,3.0,2.0,0.0899621212121212,1
0.0263671539833902,0.0052677013464353,1.341811528184042,1.9368936215699328,0.0217024949453966,0.0217024949453966,2.0,2.0,0.0445075757575757,1
0.0228750021986477,0.0027012771032961,0.1353724316246659,-1.4030878467527028,0.0198329612225031,0.0198329612225031,2.0,3.0,0.03125,1
0.0207106052057224,0.0027523834173875,-0.1053018056658882,-0.6195300751795454,0.0174157197384976,0.0174157197384976,3.0,2.0,0.0659722222222222,1
0.0184855552441142,0.0029166392348075,-0.2192738129447048,-1.4857441416427513,0.0149910450700597,0.0149910450700597,2.0,2.0,0.060290404040404,1
0.0155692343240807,0.0041843540874259,-0.7796910361648826,0.4047474268180906,0.0100372112652624,0.0100372112652624,2.0,3.0,0.0924873737373737,1
0.0125933553320517,0.0043699749904379,0.0621355056337611,-3.53977834586024,0.0079294452543873,0.0079294452543873,3.0,2.0,0.1950757575757575,1
0.0096653035284264,0.0039669816503846,0.8937665183117915,0.7666368310251137,0.0057035125239966,0.0057035125239966,2.0,2.0,0.1704545454545454,1
0.0067869565151747,0.0028281177786723,-0.0496907578666388,-1.2749849839141485,0.0034776570170525,0.0034776570170525,2.0,2.0,0.1496212121212121,1
0.0073038955122695,0.0036807122986926,0.6791061827722097,0.1639975477116966,0.0034776570170525,0.0121049672536419,3.0,2.0,0.1568813131313131,1
0.0077813299235479,0.0039058726837477,0.0096035006159527,-3.058024350424164,0.0034776570170525,0.0098391828995009,2.0,2.0,0.1625631313131312,1
0.0079957226869704,0.00377515311988,-0.2419544748840529,-1.7232308767758848,0.0034776570170525,0.0065610835776863,2.0,3.0,0.1796085858585858,1
0.0079466341899617,0.0038539391029207,-0.2972050916671883,-1.5746136686223604,0.0032813030290179,0.0032813030290179,3.0,2.0,0.1281565656565656,1
0.0136540549440505,0.0144374652812049,1.7963554503132704,3.3329932758615506,0.0032813030290179,0.0349346502699971,3.0,2.0,0.1581439393939394,1
0.0190638370475983,0.0164459631117683,0.0037813846142089,-5.5861673485794086,0.0032813030290179,0.031478311313692,2.0,2.0,0.1392045454545454,1
0.0213631638010247,0.0146613849492501,-0.5401322702566539,-2.514574792384911,0.0032813030290179,0.015758390591392,2.0,2.0,0.1240530303030303,1
0.0321313997083962,0.0126313042487597,-0.4929965274143456,1.276696835835267,0.015758390591392,0.0463542466585038,3.0,2.0,0.1751893939393939,1
0.0344743746627316,0.0141075333015896,-0.9392601389985736,-0.7047504438520509,0.015758390591392,0.0443065500873389,2.0,2.0,0.1505681818181818,1
0.0371735115643533,0.0143735554238888,-1.9198421104826944,3.7348035814869505,0.015758390591392,0.0422748589201787,2.0,2.0,0.1297348484848484,1
0.0433294373049381,0.0025757323730295,0.0714862415475591,-1.282839437214916,0.0403820935537311,0.0403820935537311,2.0,3.0,0.1240530303030303,1
0.0407012244248182,0.0036145301155001,-0.9042369428689756,0.8126632819843653,0.0358413951380242,0.0358413951380242,3.0,2.0,0.1584595959595959,1
0.0337571158225271,0.0117976838356118,-1.7029954116437154,2.894524854341263,0.0165301156781747,0.0165301156781747,2.0,2.0,0.139520202020202,1
0.0258656968778241,0.0144581385755524,-0.0537497325487148,-4.752187797796832,0.0107091831413664,0.0107091831413664,2.0,2.0,0.1306818181818181,1
0.0164050642655578,0.01417135349762,1.0522437944897491,1.4365410641916512,0.002539563104666,0.002539563104666,2.0,2.0,0.1287878787878787,1
0.0074447154810517,0.0075869527101165,0.3878978180244236,-2.8583917987822893,0.0,0.0,2.361111111111111,2.3055555555555554,0.1363724046015712,0
0.0033121865615081,0.0050745661569934,1.6916937742278146,2.76065412781233,0.0,0.0,3.0,3.0,0.2111742424242424,0
0.0006348907761665,0.0012697815523522,2.000000000004413,3.9999999999558575,0.0,0.0,3.0,2.0,0.0991161616161616,0
0.0,0.0,0.0,-3.0,0.0,0.0,2.0,2.0,0.1325757575757575,0
0.0,0.0,0.0,-3.0,0.0,0.0,2.0,3.0,0.1335227272727272,0
0.0351285231118394,0.0702570462236791,2.000000000000001,3.999999999999997,0.0,0.1405140924473578,1.0,3.0,0.0606060606060606,1
0.0702334702209048,0.0810986350146252,1.171018681810164e-06,-5.999993239120835,0.0,0.1404197884362616,3.0,3.0,0.1568813131313131,1
0.0954019781945891,0.0663099743250546,-1.5665237200301634,2.2044303362923436,0.0,0.1006740318947371,3.0,2.0,0.091540404040404,1
0.1192943281070553,0.0245367148990522,-0.0373341154614611,-5.784693844123534,0.0955693996498647,0.0955693996498647,2.0,2.0,0.0959595959595959,1
0.107468598561371,0.0221871744683844,1.884931810965488,3.589885089037338,0.0932111742646206,0.0932111742646206,2.0,3.0,0.1243686868686868,1
0.0832800636960116,0.0265926475973663,-1.916777518788044,3.742180506613344,0.0436656489748243,0.0436656489748243,3.0,2.0,0.2294823232323232,1
0.0670036483012663,0.031810247205459,-0.051053183670068,-5.65192850811819,0.0355683703157556,0.0355683703157556,2.0,3.0,0.2351641414141414,1
0.0499716520745864,0.0295775143983402,1.704784162587208,3.041538330593493,0.0274414147431454,0.0274414147431454,3.0,3.0,0.2537878787878788,1
0.0329554177206815,0.0084246485486404,0.6717785495407812,-1.6895867888099296,0.0251462368490007,0.0251462368490007,3.0,2.0,0.0899621212121212,1
0.027749871895231,0.0055400301093591,1.3414793739005593,1.9360658179380543,0.0228434656730224,0.0228434656730224,2.0,2.0,0.0445075757575757,1
0.0240768842163948,0.0028418231108284,0.1350976329137689,-1.4034843458723536,0.020876419600411,0.020876419600411,2.0,3.0,0.03125,1
0.0217997671275826,0.0028959502152313,-0.1054297002655189,-0.6194975793861115,0.0183329463878965,0.0183329463878965,3.0,2.0,0.0659722222222222,1
0.0194584595995539,0.003069164719612,-0.2195516746201776,-1.4852388963849208,0.015781006736886,0.015781006736886,2.0,2.0,0.060290404040404,1
0.0163892545254728,0.004403988008523,-0.7800037392476833,0.4051569501945362,0.010566645376698,0.010566645376698,2.0,3.0,0.0924873737373737,1
0.0132571361234791,0.0045997340834358,0.0620727827351861,-3.5398969586235847,0.0083479459924359,0.0083479459924359,3.0,2.0,0.1950757575757575,1
0.0101750766056696,0.0041757297439077,0.8936732961929252,0.7664851055968853,0.0060047083166585,0.0060047083166585,2.0,2.0,0.1704545454545454,1
0.007145161283619,0.0029771826837182,-0.0498307115506338,-1.2749284590374297,0.0036613454486837,0.0036613454486837,2.0,2.0,0.1496212121212121,1
0.0070822054788584,0.0028818508589959,-0.1524966961437454,-1.4154329693780738,0.0036613454486837,0.0103148221576555,3.0,2.0,0.1568813131313131,1
0.0075768647660252,0.0033095986285614,-0.4156239951465015,-3.6503584844640766,0.0036613454486837,0.0103265831411032,2.0,2.0,0.1625631313131312,1
0.0077972334430729,0.0031974701039801,-0.802765031974051,-1.5606777587780023,0.0036613454486837,0.0068861830248495,2.0,3.0,0.1796085858585858,1
0.007742879673098,0.003291671612964,-0.8564144795323643,-1.279495913639094,0.0034439303687839,0.0034439303687839,3.0,2.0,0.1281565656565656,1
0.0143372047874344,0.0151658452883879,1.7967096132768328,3.3341350021912284,0.0034439303687839,0.0366921226150012,3.0,2.0,0.1581439393939394,1
0.0200212885552413,0.0172756149345205,0.0038093121187875,-5.586678901724642,0.0034439303687839,0.0330629182123309,2.0,2.0,0.1392045454545454,1
0.0224379188519614,0.0154000030972606,-0.5404252808945657,-2.513339099542506,0.0034439303687839,0.0165527042117296,2.0,2.0,0.1240530303030303,1
0.0337725920900986,0.0133022914267298,-0.4814279363683864,1.2719570453441411,0.0165527042117296,0.0487826233213328,3.0,2.0,0.1751893939393939,1
0.0362569897131887,0.0148654616227593,-0.9338913707897876,-0.7326619057249495,0.0165527042117296,0.0466297131073615,2.0,2.0,0.1505681818181818,1
0.039114613038766,0.0151428570050754,-1.9201579768284331,3.735838529693744,0.0165527042117296,0.0444934115146404,2.0,2.0,0.1297348484848484,1
0.04560200295739,0.0027086215035335,0.0709804532220133,-1.2824321902796072,0.0425022638862255,0.0425022638862255,2.0,3.0,0.1240530303030303,1
0.0428373698920289,0.0038027296060039,-0.9049451620634608,0.8138524399423179,0.0377240910598883,0.0377240910598883,3.0,2.0,0.1584595959595959,1
0.0355299990657591,0.0124158207230558,-1.7030917677994295,2.894862405153077,0.0174002298022823,0.0174002298022823,2.0,2.0,0.139520202020202,1
0.0272249112434816,0.0152163968239096,-0.053815729455246,-4.752079244428323,0.0112730602255305,0.0112730602255305,2.0,2.0,0.1306818181818181,1
0.0172676715448794,0.0149154681243121,1.0520259631793354,1.4360892568705026,0.0026733050918167,0.0026733050918167,2.0,2.0,0.1287878787878787,1
0.0078366487799073,0.0079863255576067,0.3878675670407186,-2.858507647168082,0.0,0.0,2.361111111111111,2.3055555555555554,0.1363724046015712,0
0.0034865913293368,0.0053417590913883,1.691688212727701,2.760629927722402,0.0,0.0,3.0,3.0,0.2111742424242424,0
0.0006683262729541,0.0013366525459269,2.0000000000000004,4.000000000000007,0.0,0.0,3.0,2.0,0.0991161616161616,0
0.0,0.0,0.0,-3.0,0.0,0.0,2.0,2.0,0.1325757575757575,0
0.0,0.0,0.0,-3.0,0.0,0.0,2.0,3.0,0.1335227272727272,0
0.0354821633123605,0.0709643266247212,2.000000000000001,3.999999999999997,0.0,0.1419286532494421,1.0,3.0,0.0606060606060606,1
0.0707009684034397,0.081639579031167,0.0001441905624248,-5.9991675211750435,0.0,0.1408752203643167,3.0,3.0,0.1568813131313131,1
0.0959519433312045,0.0667439294782633,-1.5592923573426412,2.1726890158797705,0.0,0.1010038997110592,3.0,2.0,0.091540404040404,1
0.1199227368132558,0.024893706742586,-0.0349649272492901,-5.780755256958142,0.0958831739282054,0.0958831739282054,2.0,2.0,0.0959595959595959,1
0.1078199413436051,0.0222572606754509,1.8849320789261828,3.589886622047537,0.0935174713708391,0.0935174713708391,2.0,3.0,0.1243686868686868,1
0.083553309126324,0.0266800039834369,-1.9167987530352777,3.742243294345247,0.0438086914951924,0.0438086914951924,3.0,2.0,0.2294823232323232,1
0.0672236490832174,0.0319148017318429,-0.0510479853443235,-5.6519707768591605,0.0356852595386329,0.0356852595386329,2.0,3.0,0.2351641414141414,1
0.0501358425349929,0.0296746466970352,1.7048113892589425,3.041626655631017,0.0275319477353073,0.0275319477353073,3.0,3.0,0.2537878787878788,1
0.0330637972089947,0.0084519362422125,0.6717638425882209,-1.6896401599158717,0.0252292900668465,0.0252292900668465,3.0,2.0,0.0899621212121212,1
0.0278413685777563,0.005558035022946,1.34145724314935,1.9360106729467803,0.0229189769702385,0.0229189769702385,2.0,2.0,0.0445075757575757,1
0.0241564238112529,0.0028511188197274,0.1350793244225301,-1.40351075364954,0.0209454804726195,0.0209454804726195,2.0,3.0,0.03125,1
0.0218718509900792,0.0029054471579335,-0.1054382220592865,-0.6194954141213724,0.0183936564506124,0.0183936564506124,3.0,2.0,0.0659722222222222,1
0.0195228522362518,0.0030792558435118,-0.2195701938064554,-1.4852052119634784,0.0158332950515368,0.0158332950515368,2.0,2.0,0.060290404040404,1
0.0164435307959282,0.0044185223165073,-0.7800245875352656,0.4051842735174524,0.0106016912089441,0.0106016912089441,2.0,3.0,0.0924873737373737,1
0.0133010730750353,0.004614939961722,0.062068597828294,-3.53990487462184,0.0083756495890481,0.0083756495890481,3.0,2.0,0.1950757575757575,1
0.0102088208030606,0.0041895457910733,0.893667081894977,0.7664749899326839,0.0060246473627137,0.0060246473627137,2.0,2.0,0.1704545454545454,1
0.0071688734653175,0.0029870495732213,-0.0498400464892871,-1.2749246739701403,0.0036735057005642,0.0036735057005642,2.0,2.0,0.1496212121212121,1
0.0068609257149352,0.0025461310027343,-0.5532803064830042,-1.7139241506544476,0.0036735057005642,0.0093699002074149,3.0,2.0,0.1568813131313131,1
0.0073567545579931,0.0030771661441971,-0.3915559915708894,-2.9098266089617333,0.0036735057005642,0.0103589649612796,2.0,2.0,0.1625631313131312,1
0.0075775382879393,0.0029798735509967,-0.8195323274326682,-0.7043003457764581,0.0036735057005642,0.0069077822824987,2.0,3.0,0.1796085858585858,1
0.007522845692564,0.0030758742874573,-0.8807072627699388,-0.4524558999046864,0.003454735319063,0.003454735319063,3.0,2.0,0.1281565656565656,1
0.0143824027515538,0.0152138652893626,1.7967221420610058,3.3341754755048427,0.003454735319063,0.0368081284433739,3.0,2.0,0.1581439393939394,1
0.0200845408695941,0.0173303207954462,0.0038096225965766,-5.586700872047677,0.003454735319063,0.0331675174334411,2.0,2.0,0.1392045454545454,1
0.0225088803977213,0.0154487284140004,-0.540440217200604,-2.5132789458391507,0.003454735319063,0.0166051403950072,2.0,2.0,0.1240530303030303,1
0.0338810223208812,0.0133467278811782,-0.4806580013821449,1.2716474336209824,0.0166051403950072,0.0489433030117027,3.0,2.0,0.1751893939393939,1
0.036374850005314,0.0149156868196622,-0.9335347058394444,-0.7345171407545639,0.0166051403950072,0.046783439181105,2.0,2.0,0.1505681818181818,1
0.0392430263883766,0.0151938233590369,-1.9201789584589373,3.735907279469558,0.0166051403950072,0.0446402229656918,2.0,2.0,0.1297348484848484,1
0.0457523834694821,0.0027174063719727,0.0709467616679434,-1.2824050436341103,0.0426425687194292,0.0426425687194292,2.0,3.0,0.1240530303030303,1
0.0429787288307784,0.0038151776939335,-0.9049923238254654,0.8139316754202675,0.037848684456888,0.037848684456888,3.0,2.0,0.1584595959595959,1
0.0356473239465948,0.0124567215731983,-1.7030981900556268,2.894884905815548,0.0174578196443703,0.0174578196443703,2.0,2.0,0.139520202020202,1
0.0273148636969206,0.0152665721317054,-0.0538201299477435,-4.752072006806923,0.0113103819669949,0.0113103819669949,2.0,2.0,0.1306818181818181,1
0.0173247608345286,0.014964711132279,1.052011439785378,1.4360591366539648,0.0026821572698615,0.0026821572698615,2.0,2.0,0.1287878787878787,1
0.0078625897203066,0.0080127587042082,0.3878655496319677,-2.8585153729297907,0.0,0.0,2.361111111111111,2.3055555555555554,0.1363724046015712,0
0.0034981348092141,0.0053594439788092,1.6916878418370478,2.760628313841778,0.0,0.0,3.0,3.0,0.2111742424242424,0
0.0006705393174653,0.0013410786349474,2.0,4.000000000000007,0.0,0.0,3.0,2.0,0.0991161616161616,0
0.0,0.0,0.0,-3.0,0.0,0.0,2.0,2.0,0.1325757575757575,0
0.0,0.0,0.0,-3.0,0.0,0.0,2.0,3.0,0.1335227272727272,0
0.0360249697253781,0.0720499394507564,2.0000000000000004,4.0000000000000036,0.0,0.1440998789015125,1.0,3.0,0.0606060606060606,1
0.0713881799172249,0.0824390529078262,0.0008927867249537,-5.994845714867028,0.0,0.1414528407673873,3.0,3.0,0.1568813131313131,1
0.0967437567449369,0.0673863186024096,-1.546398381217289,2.1196664636741502,0.0,0.1014223073108482,3.0,2.0,0.091540404040404,1
0.1208140506385152,0.0254695316281977,-0.0258204192434822,-5.7442950221775675,0.0962811755743129,0.0962811755743129,2.0,2.0,0.0959595959595959,1
0.1082655788579725,0.0223461285360272,1.884932417596236,3.5898885631594553,0.0939059917793417,0.0939059917793417,2.0,3.0,0.1243686868686868,1
0.0838999005434871,0.0267908103383653,-1.9168257269687332,3.7423230556604103,0.0439901275094457,0.0439901275094457,3.0,2.0,0.2294823232323232,1
0.0675027054581983,0.0320474234986913,-0.0510413789644952,-5.652024488430414,0.0358335269696929,0.0358335269696929,2.0,3.0,0.2351641414141414,1
0.0503441085399726,0.0297978527636599,1.7048459878388076,3.0417388963934187,0.0276467879014101,0.0276467879014101,3.0,3.0,0.2537878787878788,1
0.0332012714213382,0.008486544449084,0.6717451486186496,-1.6897080040039807,0.0253346433048044,0.0253346433048044,3.0,2.0,0.0899621212121212,1
0.0279574305478582,0.0055808708720686,1.341429119916039,1.9359405977704809,0.0230147640155254,0.0230147640155254,2.0,2.0,0.0445075757575757,1
0.0242573202268234,0.0028629093853916,0.1350560583427071,-1.403544309851469,0.0210330856855537,0.0210330856855537,2.0,3.0,0.03125,1
0.0219632905580139,0.0029174932532141,-0.105449053695413,-0.619492659896002,0.0184706692261723,0.0184706692261723,3.0,2.0,0.0659722222222222,1
0.0196045359521624,0.0030920559276757,-0.219593735794848,-1.485162390499957,0.0158996248813983,0.0158996248813983,2.0,2.0,0.060290404040404,1
0.0165123821169622,0.0044369589955985,-0.7800510767822487,0.4052189762418408,0.0106461486747246,0.0106461486747246,2.0,3.0,0.0924873737373737,1
0.0133568090071819,0.0046342288194553,0.0620632838864966,-3.5399149204001183,0.0084107932464328,0.0084107932464328,3.0,2.0,0.1950757575757575,1
0.0102516270401539,0.0042070717671638,0.8936591795442804,0.7664621308431521,0.0060499413580602,0.0060499413580602,2.0,2.0,0.1704545454545454,1
0.0071989537742739,0.0029995661494684,-0.0498519095254834,-1.274919883287266,0.0036889318178783,0.0036889318178783,2.0,2.0,0.1496212121212121,1
0.0065182689907294,0.002143248907034,-0.8938023540171477,-0.726609219043695,0.0036889318178783,0.0079234095405464,3.0,2.0,0.1568813131313131,1
0.0070156029753475,0.0028447831652683,0.052182961013557,-0.5094078884079263,0.0036889318178783,0.0104001291849051,2.0,2.0,0.1625631313131312,1
0.0072369275467243,0.0027782723297399,-0.3953254957268041,0.97984054826388,0.0036889318178783,0.0069352396435676,2.0,3.0,0.1796085858585858,1
0.0071818122929328,0.0028727010048253,-0.4914537986004593,1.072157683407049,0.0034684708027122,0.0034684708027122,3.0,2.0,0.1281565656565656,1
0.0144397655397863,0.0152747251191949,1.7967331302113303,3.3342110417400015,0.0034684708027122,0.0369552225279604,3.0,2.0,0.1581439393939394,1
0.0201647704481129,0.0173996585515239,0.0038093243728897,-5.58672340255478,0.0034684708027122,0.0333001488182116,2.0,2.0,0.1392045454545454,1
0.0225988680461976,0.0155104972335063,-0.5404571623906586,-2.5132123630638397,0.0034684708027122,0.0166716300359064,2.0,2.0,0.1240530303030303,1
0.034018530461453,0.013403101908512,-0.479679726746135,1.2712550931780982,0.0166716300359064,0.0491471204637337,3.0,2.0,0.1751893939393939,1
0.0365243342745666,0.0149794108554955,-0.933081645654961,-0.7368739633503676,0.0166716300359064,0.046978437780415,2.0,2.0,0.1505681818181818,1
0.0394059100723155,0.0152584852835329,-1.9202056107357008,3.735994610726987,0.0166716300359064,0.0448264520092069,2.0,2.0,0.1297348484848484,1
0.0459431387932835,0.0027285481127031,0.0709039481765256,-1.282370523053313,0.0428205449197784,0.0428205449197784,2.0,3.0,0.1240530303030303,1
0.0431580415405443,0.0038309668279697,-0.9050522658441552,0.8140323925107982,0.0380067314527773,0.0380067314527773,3.0,2.0,0.1584595959595959,1
0.0357961505787025,0.0125086031531361,-1.7031063483856788,2.8949134872451836,0.0175308739330477,0.0175308739330477,2.0,2.0,0.139520202020202,1
0.0274289690125271,0.0153302186713422,-0.0538257213800535,-4.752062800569558,0.0113577257445053,0.0113577257445053,2.0,2.0,0.1306818181818181,1
0.0173971794199571,0.0150271757680518,1.051992980856424,1.4360208540649513,0.0026933865494982,0.0026933865494982,2.0,2.0,0.1287878787878787,1
0.0078954965567628,0.0080462898807992,0.3878629863137876,-2.85852518916165,0.0,0.0,2.361111111111111,2.3055555555555554,0.1363724046015712,0
0.0035127780735008,0.0053818778017185,1.6916873705489384,2.760626263094874,0.0,0.0,3.0,3.0,0.2111742424242424,0
0.0006733466373745,0.0013466932747683,2.000000000000001,3.999999999999997,0.0,0.0,3.0,2.0,0.0991161616161616,0
0.0,0.0,0.0,-3.0,0.0,0.0,2.0,2.0,0.1325757575757575,0
0.0,0.0,0.0,-3.0,0.0,0.0,2.0,3.0,0.1335227272727272,0
0.0373656239237258,0.0747312478474518,2.000000000000001,4.000000000000011,0.0,0.1494624956949033,1.0,3.0,0.0606060606060606,1
0.073614275124174,0.0850220109398085,0.002390964015451,-5.986197351160752,0.0,0.1449946048017928,3.0,3.0,0.1568813131313131,1
0.0996114033081344,0.0694894647792649,-1.531703661930614,2.0640649849537667,0.0,0.1039885127358415,3.0,2.0,0.091540404040404,1
0.1242919910856994,0.0266345029271959,-0.0094327510183753,-5.667579410048263,0.0987223511102601,0.0987223511102601,2.0,2.0,0.0959595959595959,1
0.1109986337241741,0.0228906555600791,1.884934442466744,3.5899002591693865,0.0962890662488022,0.0962890662488022,2.0,3.0,0.1243686868686868,1
0.086025711001009,0.0274704610991157,-1.9169904118910297,3.7428100699890585,0.0451029139091323,0.0451029139091323,3.0,2.0,0.2294823232323232,1
0.0692143227289394,0.0328608933295981,-0.0510009924852583,-5.652352731589284,0.0367429596475631,0.0367429596475631,2.0,3.0,0.2351641414141414,1
0.0516215497516742,0.0305535513978251,1.7050574861748766,3.0424250056844535,0.0283512592011994,0.0283512592011994,3.0,3.0,0.2537878787878788,1
0.0340445175521746,0.0086987400319821,0.6716308818570665,-1.6901226505742477,0.0259809374508037,0.0259809374508037,3.0,2.0,0.0899621212121212,1
0.0286693858744522,0.0057208981975894,1.3412571476171815,1.9355121344908408,0.0236023871982428,0.0236023871982428,2.0,2.0,0.0445075757575757,1
0.0248762776455932,0.0029352203818971,0.1349137901224181,-1.4037494592220376,0.0215705267321269,0.0215705267321269,2.0,3.0,0.03125,1
0.0225242480757626,0.0029913763973568,-0.105515295965649,-0.6194758110096661,0.0189431409218772,0.0189431409218772,3.0,2.0,0.0659722222222222,1
0.0201056544754114,0.0031705690282609,-0.2197377367191378,-1.484900417529694,0.0163065630493988,0.0163065630493988,2.0,2.0,0.060290404040404,1
0.0169347840905488,0.0045500572151436,-0.7802131008587183,0.4054312856136661,0.0109189056587926,0.0109189056587926,2.0,3.0,0.0924873737373737,1
0.0136987552313488,0.0047525599957071,0.0620307761644428,-3.5399763691055437,0.0086264112953267,0.0086264112953267,3.0,2.0,0.1950757575757575,1
0.0105142527334066,0.0043145907027941,0.893610831932949,0.7663834618371244,0.0062051309301085,0.0062051309301085,2.0,2.0,0.1704545454545454,1
0.0073835065292694,0.0030763567226366,-0.0499244925727849,-1.274890559155537,0.0037835782328501,0.0037835782328501,2.0,2.0,0.1496212121212121,1
0.0063473056088828,0.0019974475018624,-0.413023193351458,1.2030273062970966,0.0037835782328501,0.006774101977246,3.0,2.0,0.1568813131313131,1
0.0068531959717755,0.0028439591594342,0.7401070942364909,1.621760600062908,0.0037835782328501,0.0106499727468976,2.0,2.0,0.1625631313131312,1
0.0070773859714291,0.0028109978869427,0.2951992221992008,1.4813241175010532,0.0037835782328501,0.0071018909287229,2.0,3.0,0.1796085858585858,1
0.0070194509209666,0.0029024139575212,0.1674935854425668,1.4521564718784212,0.0035518380310002,0.0035518380310002,3.0,2.0,0.1281565656565656,1
0.0147900608733397,0.0156483064171432,1.796905548599284,3.334766965629502,0.0035518380310002,0.0378565417867382,3.0,2.0,0.1581439393939394,1
0.0206557827873981,0.0178251877863502,0.0038223315505569,-5.586975821512986,0.0035518380310002,0.0341128604031312,2.0,2.0,0.1392045454545454,1
0.0231500762330419,0.0158893138866268,-0.540603905090163,-2.5125958712533816,0.0035518380310002,0.0170790647112982,2.0,2.0,0.1240530303030303,1
0.0348614559518217,0.0137490434957847,-0.4737014041606093,1.2688829893042364,0.0170790647112982,0.0503973569061193,3.0,2.0,0.1751893939393939,1
0.0374409721527872,0.0153705607856388,-0.9303157696152,-0.7512663576908221,0.0170790647112982,0.0481746065906002,2.0,2.0,0.1505681818181818,1
0.040404970163675,0.0156553472680494,-1.920368310976809,3.736527741084153,0.0170790647112982,0.0459688524466824,2.0,2.0,0.1297348484848484,1
0.0471132870763097,0.0027968646412347,0.0706421796915482,-1.282159317563508,0.0439123323618371,0.0439123323618371,2.0,3.0,0.1240530303030303,1
0.0442580170825715,0.0039278029469711,-0.905418731710406,0.8146483535823634,0.0389762769311663,0.0389762769311663,3.0,2.0,0.1584595959595959,1
0.0367091288654662,0.0128268506999413,-1.70315623816522,2.895088274187554,0.0179790537221792,0.0179790537221792,2.0,2.0,0.139520202020202,1
0.028128959951138,0.0157206439690198,-0.053859924201307,-4.752006464223282,0.0116481767893696,0.0116481767893696,2.0,2.0,0.1306818181818181,1
0.0178414463133524,0.0154103635169218,1.0518800596798492,1.4357866738739349,0.0027622778106946,0.0027622778106946,2.0,2.0,0.1287878787878787,1
0.0080973770805608,0.0082519999924433,0.3878473052606991,-2.8585852392761772,0.0,0.0,2.361111111111111,2.3055555555555554,0.1363724046015712,0
0.003602613650016,0.0055195078516989,1.6916844873662285,2.7606137173048637,0.0,0.0,3.0,3.0,0.2111742424242424,0
0.0006905694526736,0.0013811389053673,2.0000000000000004,3.999999999999993,0.0,0.0,3.0,2.0,0.0991161616161616,0
0.0,0.0,0.0,-3.0,0.0,0.0,2.0,2.0,0.1325757575757575,0
0.0,0.0,0.0,-3.0,0.0,0.0,2.0,3.0,0.1335227272727272,0
