current_from_ka_mean,current_from_ka_std,current_from_ka_variance,current_from_ka_skewness,current_from_ka_kurtosis,current_from_ka_min,absolute_current_from_ka,current_difference_ka,absolute_current_difference_ka,current_imbalance,from_bus_degree,to_bus_degree,edge_betweenness_centrality,edge_in_operational_graph
-0.30165876805353997,-0.40189883351916045,-0.3524107989698314,-0.1281884397572661,-0.09237597470917855,-0.3704625909657889,2.4833635491797055,0.010008714646709188,-0.2229574022488396,-0.12014567606486325,-2.5449329927964377,1.5374122295716144,-1.4978475848220054,0.3952847075210472
2.8253780021226986,-0.267455057474602,-0.3245499208811565,-0.1281884397572661,-0.09237597470917855,4.214557491585004,2.109290224345045,0.010008714646709188,-0.2229574022488396,-0.12014567606486325,1.2215678365422902,1.5374122295716144,0.4077056528440038,0.3952847075210472
2.404611189810714,0.3978301836946231,-0.05739235739141098,-1.1379534921786578,-0.09237597470917855,2.8099909712106923,1.2706477466695738,0.010008714646709188,-0.2229574022488396,-0.12014567606486325,1.2215678365422902,-0.6504436355879909,-0.8855714625555504,0.3952847075210472
2.161078657609397,0.43927502293796955,-0.03363173931531589,0.11704815080322556,-1.310516945305318,2.6295453609927866,1.1629067807248081,0.010008714646709188,-0.2229574022488396,-0.12014567606486325,-0.6616825781270738,-0.6504436355879909,-0.7981034450889144,0.3952847075210472
1.7395063986044792,0.11258747100327589,-0.1982795791064767,1.6703626149248014,1.334843907991595,2.54625159456951,1.1131735074089077,0.010008714646709188,-0.2229574022488396,-0.12014567606486325,-0.6616825781270738,1.5374122295716144,-0.23580904708910844,0.3952847075210472
1.1133512844373623,0.2800973661929733,-0.12033540064375674,-1.96349993960488,1.385222196136721,0.80611343449383,0.07416698340704539,0.010008714646709188,-0.2229574022488396,-0.12014567606486325,1.2215678365422902,-0.6504436355879909,1.8446802255101753,0.3952847075210472
0.6928257404537967,0.48427371961105214,-0.0068884195730023,-0.18084044128018886,-1.778789142612876,0.5208811982235644,-0.09614027215452324,0.010008714646709188,-0.2229574022488396,-0.12014567606486325,-0.6616825781270738,1.5374122295716144,1.957139105110137,0.3952847075210472
0.25288953715778195,0.397011943498777,-0.057853056831727236,1.496953586461799,1.1487341395419304,0.23477463454409292,-0.26696957355309536,0.010008714646709188,-0.2229574022488396,-0.12014567606486325,1.2215678365422902,1.5374122295716144,2.3257543215766767,0.3952847075210472
-0.18657806719981343,-0.43053875881777226,-0.3572108684636623,0.5111225492422969,-0.44338883910242644,0.1540316630128114,-0.31517981117276206,0.010008714646709188,-0.2229574022488396,-0.12014567606486325,1.2215678365422902,-0.6504436355879909,-0.9168100402222058,0.3952847075210472
-0.3212412644113074,-0.5438209450685106,-0.3722901907721386,1.1517422416602634,0.7784086823389551,0.07308105344405107,-0.36351402588834053,0.010008714646709188,-0.2229574022488396,-0.12014567606486325,-0.6616825781270738,-0.6504436355879909,-1.8164810770218969,0.3952847075210472
-0.4162060430126407,-0.6497356165049787,-0.38074716960823574,-0.0018418860679917071,-0.34739245402847363,0.0039451740129618825,-0.4047938687304651,0.010008714646709188,-0.2229574022488396,-0.12014567606486325,-0.6616825781270738,1.5374122295716144,-2.078885129421805,0.3952847075210472
-0.4750306750743154,-0.6476579239513854,-0.3806336980041414,-0.23223422844408942,-0.08364187489602587,-0.08543430893453181,-0.4581608185652531,0.010008714646709188,-0.2229574022488396,-0.12014567606486325,1.2215678365422902,-0.6504436355879909,-1.3916364207553757,0.3952847075210472
-0.5354839754546455,-0.6409207079842834,-0.38025131852319927,-0.3409130847546068,-0.3758603192892939,-0.1750428550272941,-0.5116645380587974,0.010008714646709188,-0.2229574022488396,-0.12014567606486325,-0.6616825781270738,-0.6504436355879909,-1.5040953003553372,0.3952847075210472
-0.6146922070073642,-0.588762357348415,-0.37654451883967704,-0.8766592653996524,0.26126287417702476,-0.3580849947126712,-0.6209558470271014,0.010008714646709188,-0.2229574022488396,-0.12014567606486325,-0.6616825781270738,1.5374122295716144,-0.8668283159555569,0.3952847075210472
-0.6955059073199406,-0.5811488788745587,-0.37589285825895036,-0.0722741209109954,-1.0676044384554202,-0.435960163066873,-0.6674537687635226,0.010008714646709188,-0.2229574022488396,-0.12014567606486325,1.2215678365422902,-0.6504436355879909,1.1636792323770762,0.3952847075210472
-0.7750062436718604,-0.5977549176644678,-0.37727793113639513,0.7229049694948092,0.3835940409201748,-0.5181904149608881,-0.7165520358715104,0.010008714646709188,-0.2229574022488396,-0.12014567606486325,-0.6616825781270738,-0.6504436355879909,0.6763574207772439,0.3952847075210472
-0.8531479276561811,-0.6446596216703,-0.38046624962291115,-0.1790420005767153,-0.3045332440741159,-0.6004032048213376,-0.7656398767000147,0.010008714646709188,-0.2229574022488396,-0.12014567606486325,-0.6616825781270738,-0.6504436355879909,0.264008195577387,0.3952847075210472
-0.8316918309742279,-0.5896257339433516,-0.3766166393644562,0.76993498649999,0.40370621678639373,-0.6004032048213376,-0.5512194509979248,0.010008714646709188,-0.2229574022488396,-0.12014567606486325,1.2215678365422902,-0.6504436355879909,0.4077056528440038,0.3952847075210472
-0.8182746471007968,-0.5826471336008318,-0.3760233248456955,0.10883322669755316,-0.6719378437151061,-0.6004032048213376,-0.6238453686866811,0.010008714646709188,-0.2229574022488396,-0.12014567606486325,-0.6616825781270738,-0.6504436355879909,0.5201645324439633,0.3952847075210472
-0.8121485854831377,-0.5885443672218929,-0.3765262521655153,-0.08717108528331309,-0.3053053916711535,-0.6004032048213376,-0.6966411701907286,0.010008714646709188,-0.2229574022488396,-0.12014567606486325,-0.6616825781270738,1.5374122295716144,0.8575411712438483,0.3952847075210472
-0.8133271740379023,-0.5857894260408235,-0.3762934091811526,-0.1342869162742372,-0.280133298483627,-0.6068187926914244,-0.7694705137179612,0.010008714646709188,-0.2229574022488396,-0.12014567606486325,1.2215678365422902,-0.6504436355879909,-0.1608364606891338,0.3952847075210472
-0.6647162069508711,-0.16427891554262541,-0.2972109866253581,1.5847233378276613,1.2472065343124332,-0.6068187926914244,-0.06820553618005278,0.010008714646709188,-0.2229574022488396,-0.12014567606486325,1.2215678365422902,-0.6504436355879909,0.43269651497732925,0.3952847075210472
-0.5173383018683213,-0.08124091114675805,-0.27145058098885283,-0.12828017495310065,-1.756820049215545,-0.6068187926914244,-0.1448391399613795,0.010008714646709188,-0.2229574022488396,-0.12014567606486325,-0.6616825781270738,-0.6504436355879909,0.057833582977457124,0.3952847075210472
-0.4547457457637149,-0.15490299488292048,-0.29447017935274084,-0.6475376192365768,-0.7232532874607084,-0.6068187926914244,-0.4932034552283026,0.010008714646709188,-0.2229574022488396,-0.12014567606486325,-0.6616825781270738,-0.6504436355879909,-0.24205676262243814,0.3952847075210472
-0.16239154691462956,-0.24155033024081612,-0.31817227781633495,-0.6256022453768885,0.5587832262363522,-0.14412405522425792,0.1807362500725062,0.010008714646709188,-0.2229574022488396,-0.12014567606486325,1.2215678365422902,-0.6504436355879909,0.7700731537772121,0.3952847075210472
-0.09973049488060211,-0.18151652444994948,-0.30213847539955696,-1.040298334297302,-0.09317901636814933,-0.14412405522425792,0.13545480358367606,0.010008714646709188,-0.2229574022488396,-0.12014567606486325,-0.6616825781270738,-0.6504436355879909,0.2827513421773805,0.3952847075210472
-0.027311420258094694,-0.1703610012005413,-0.29896608011540665,-1.966742425282833,1.3829921265275091,-0.14412405522425792,0.09053662958340326,0.010008714646709188,-0.2229574022488396,-0.12014567606486325,-0.6616825781270738,-0.6504436355879909,-0.12959788302247865,0.3952847075210472
0.13942735867803852,-0.6548206355172579,-0.3810160332302747,-0.062475871486026395,-0.3074187933755517,0.7635101512094853,0.04872929673829923,0.010008714646709188,-0.2229574022488396,-0.12014567606486325,-0.6616825781270738,1.5374122295716144,-0.24205676262243814,0.3952847075210472
0.0679731252521176,-0.6121063446210029,-0.37836698887566644,-0.9949697213026242,0.3981905013126335,0.5956391244011269,-0.05150360203175611,0.010008714646709188,-0.2229574022488396,-0.12014567606486325,1.2215678365422902,-0.6504436355879909,0.4389442305106595,0.3952847075210472
-0.12067154411884157,-0.27516519082706103,-0.3263851450120289,-1.759845834456887,1.100316586871971,-0.11811895817029926,-0.4776762596778128,0.010008714646709188,-0.2229574022488396,-0.12014567606486325,-0.6616825781270738,-0.6504436355879909,0.06408129851078903,0.3952847075210472
-0.3350065499208383,-0.16564808798722175,-0.29760765363044156,-0.18306528495846483,-1.4763166764591757,-0.33319241164195473,-0.6060929144145507,0.010008714646709188,-0.2229574022488396,-0.12014567606486325,-0.6616825781270738,-0.6504436355879909,-0.11085473642248514,0.3952847075210472
-0.5919267531369514,-0.17752946804012099,-0.3010115860672389,0.8746652998303741,0.6095426741391421,-0.6350221293475942,-0.7863102402734129,0.010008714646709188,-0.2229574022488396,-0.12014567606486325,-0.6616825781270738,-0.6504436355879909,-0.14834102962247217,0.3952847075210472
-0.8352437801825427,-0.4487368664719611,-0.3600537545719511,0.2391237195452359,-0.837992646507152,-0.728844946811443,-0.8423302286178644,0.010008714646709188,-0.2229574022488396,-0.12014567606486325,-0.6616825781270738,-0.6504436355879909,-0.0639968699225005,-2.5298221281347035
-0.9474384340296059,-0.5521701039978005,-0.3731547958855963,1.4856319330841243,1.055451306151797,-0.728844946811443,-0.8423302286178644,0.010008714646709188,-0.2229574022488396,-0.12014567606486325,1.2215678365422902,1.5374122295716144,1.4823127245769672,-2.5298221281347035
-1.0201225837999812,-0.708798856841252,-0.38309533033791454,1.7803919676880267,1.4730696628774547,-0.728844946811443,-0.8423302286178644,0.010008714646709188,-0.2229574022488396,-0.12014567606486325,1.2215678365422902,-0.6504436355879909,-0.7356262897556016,-2.5298221281347035
-1.037358494378689,-0.7610696737547553,-0.3837592765353673,-0.13180275107504824,-0.8857905995964451,-0.728844946811443,-0.8423302286178644,0.010008714646709188,-0.2229574022488396,-0.12014567606486325,-0.6616825781270738,-0.6504436355879909,-0.07336844322249754,-2.5298221281347035
-1.037358494378689,-0.7610696737547553,-0.3837592765353673,-0.13180275107504824,-0.8857905995964451,-0.728844946811443,-0.8423302286178644,0.010008714646709188,-0.2229574022488396,-0.12014567606486325,-0.6616825781270738,1.5374122295716144,-0.05462529662250402,-2.5298221281347035
-0.0724505417975483,2.1651770538175144,1.6970687801085602,1.7803919676939641,1.4730696628565314,-0.728844946811443,2.2938041815846533,0.010008714646709188,-0.2229574022488396,-0.12014567606486325,-2.5449329927964377,1.5374122295716144,-1.4978475848220054,0.3952847075210472
0.7837300718424216,2.438842846228,2.1044707362105672,-0.09675972927387781,-1.8255481313757747,-0.728844946811443,1.9404196457115377,0.010008714646709188,-0.2229574022488396,-0.12014567606486325,1.2215678365422902,1.5374122295716144,0.4077056528440038,0.3952847075210472
1.3963469795456622,1.8563224554374067,1.2810017385620187,-1.4383204991035399,0.6597954574013191,-0.728844946811443,1.1487912658009847,0.010008714646709188,-0.2229574022488396,-0.12014567606486325,1.2215678365422902,-0.6504436355879909,-0.8855714625555504,0.3952847075210472
1.9776699717024138,0.3721878072992733,-0.07167527756280367,0.11737796163064779,-1.309886980826116,2.4355576956595297,1.0470800869131063,-4.448789600708762,4.34509150294982,0.967574650168803,-0.6616825781270738,-0.6504436355879909,-0.7981034450889144,0.3952847075210472
1.5796435420000634,0.06361481591449843,-0.21849082191608596,1.6703578957229963,1.33483507158032,2.3569462796981684,1.0001425644112572,0.010008714646709188,-0.2229574022488396,-0.12014567606486325,-0.6616825781270738,1.5374122295716144,-0.23580904708910844,0.3952847075210472
0.9891859981632525,0.21993306563059178,-0.14989991849996248,-1.9631987857767936,1.3849086834406252,0.717605297881223,0.021320299461129625,0.010008714646709188,-0.2229574022488396,-0.12014567606486325,1.2215678365422902,-0.6504436355879909,1.8446802255101753,0.3952847075210472
0.5928814778454709,0.41227834464982366,-0.049203909488922885,-0.18091305265819,-1.7785802280788796,0.4486407186053114,-0.13927381829612617,0.010008714646709188,-0.2229574022488396,-0.12014567606486325,-0.6616825781270738,1.5374122295716144,1.957139105110137,0.3952847075210472
0.17831826643279572,0.33010585527861924,-0.0944225600579434,1.4965730480660708,1.1482989628818667,0.17890358191379002,-0.30032921678005126,0.010008714646709188,-0.2229574022488396,-0.12014567606486325,1.2215678365422902,1.5374122295716144,2.3257543215766767,0.3952847075210472
-0.23578463885729736,-0.44943150268755544,-0.36015908070153824,0.511328331515085,-0.44312523741028087,0.10279781931603191,-0.3457706568147716,0.010008714646709188,-0.2229574022488396,-0.12014567606486325,1.2215678365422902,-0.6504436355879909,-0.9168100402222058,0.3952847075210472
-0.36274290392505537,-0.5562712392063686,-0.3735670849601446,1.15205032709729,0.7786795746402205,0.026514329720069164,-0.39131821457902777,0.010008714646709188,-0.2229574022488396,-0.12014567606486325,-0.6616825781270738,-0.6504436355879909,-1.8164810770218969,0.3952847075210472
-0.45225827533901286,-0.6561481876324167,-0.3810841570812546,-0.0015869501454032762,-0.3472625430489561,-0.038631730043535706,-0.43021580481660804,0.010008714646709188,-0.2229574022488396,-0.12014567606486325,-0.6616825781270738,1.5374122295716144,-2.078885129421805,0.3952847075210472
-0.5076922101205804,-0.6542031181901865,-0.38098405321333273,-0.23211573788562914,-0.08365245656136201,-0.12284827045068418,-0.48050005058482237,0.010008714646709188,-0.2229574022488396,-0.12014567606486325,1.2215678365422902,-0.6504436355879909,-1.3916364207553757,0.3952847075210472
-0.5646520086929746,-0.6478686714977672,-0.3806453034327689,-0.34065610337925745,-0.3760247419563369,-0.20725999630274908,-0.5309008382204073,0.010008714646709188,-0.2229574022488396,-0.12014567606486325,-0.6616825781270738,-0.6504436355879909,-1.5040953003553372,0.3952847075210472
-0.6392709716578967,-0.5987555238387172,-0.37735710839145997,-0.876370011981189,0.2611296685664695,-0.3796702643359838,-0.6338440397439288,0.010008714646709188,-0.2229574022488396,-0.12014567606486325,-0.6616825781270738,1.5374122295716144,-0.8668283159555569,0.3952847075210472
-0.7153969044107173,-0.5915972174279638,-0.37677996537163877,-0.07221619111025125,-1.0675657972007044,-0.45301943879365103,-0.6776395684784706,0.010008714646709188,-0.2229574022488396,-0.12014567606486325,1.2215678365422902,-0.6504436355879909,1.1636792323770762,0.3952847075210472
-0.7902790938031831,-0.6072452118405784,-0.37800931258214654,0.7229910013993707,0.3836434172291965,-0.5304657244041112,-0.7238814117154927,0.010008714646709188,-0.2229574022488396,-0.12014567606486325,-0.6616825781270738,-0.6504436355879909,0.6763574207772439,0.3952847075210472
-0.8638774530416788,-0.6514329836801477,-0.38083831293923953,-0.178912923778922,-0.30455152015336145,-0.6078889850027722,-0.7701095071145423,0.010008714646709188,-0.2229574022488396,-0.12014567606486325,-0.6616825781270738,-0.6504436355879909,0.264008195577387,0.3952847075210472
-0.8434124807691131,-0.5988979967208005,-0.3773683425941406,0.7780168241864216,0.41116006563283486,-0.6078889850027722,-0.5673289865969953,0.010008714646709188,-0.2229574022488396,-0.12014567606486325,1.2215678365422902,-0.6504436355879909,0.4077056528440038,0.3952847075210472
-0.8305837904431662,-0.5922484621582121,-0.3768335021710107,0.10950343678459103,-0.6770000457789647,-0.6078889850027722,-0.6359438843860975,0.010008714646709188,-0.2229574022488396,-0.12014567606486325,-0.6616825781270738,-0.6504436355879909,0.5201645324439633,0.3952847075210472
-0.8246853487305639,-0.5979302362632427,-0.3772918391323504,-0.08993487362494808,-0.30373838664137615,-0.6078889850027722,-0.7047103540286116,0.010008714646709188,-0.2229574022488396,-0.12014567606486325,-0.6616825781270738,1.5374122295716144,0.8575411712438483,0.3952847075210472
-0.8257305916443031,-0.5954862303065016,-0.3770966091534042,-0.13414891619924843,-0.2800831041602651,-0.6135787125430403,-0.7735067454314553,0.010008714646709188,-0.2229574022488396,-0.12014567606486325,1.2215678365422902,-0.6504436355879909,-0.1608364606891338,0.3952847075210472
-0.6855234368176352,-0.19783506190125189,-0.3066701751318374,1.5843697350365726,1.2468048872783566,-0.6135787125430403,-0.11162906036850724,0.010008714646709188,-0.2229574022488396,-0.12014567606486325,1.2215678365422902,-0.6504436355879909,0.43269651497732925,0.3952847075210472
-0.5464670193908845,-0.1194634634001395,-0.28372440219520006,-0.1283090830578839,-1.7566421319514944,-0.6135787125430403,-0.18398407362389727,0.010008714646709188,-0.2229574022488396,-0.12014567606486325,-0.6616825781270738,-0.6504436355879909,0.057833582977457124,0.3952847075210472
-0.48742664324377993,-0.1889453734962286,-0.3042175339003871,-0.64725297790966,-0.7236775675113706,-0.6135787125430403,-0.5128178996956018,0.010008714646709188,-0.2229574022488396,-0.12014567606486325,-0.6616825781270738,-0.6504436355879909,-0.24205676262243814,0.3952847075210472
-0.2120581490906378,-0.27195933316738297,-0.3256255715776158,-0.6363958649779997,0.5605059318334212,-0.17697451623461763,0.12149324673277116,0.010008714646709188,-0.2229574022488396,-0.12014567606486325,1.2215678365422902,-0.6504436355879909,0.7700731537772121,0.3952847075210472
-0.15346976764334483,-0.21575190060546834,-0.3114966707648538,-1.04535987924075,-0.08393259428266389,-0.17697451623461763,0.07879432520254268,4.46880703000218,4.34509150294982,2.110985514190444,-0.6616825781270738,-0.6504436355879909,0.2827513421773805,0.3952847075210472
-0.08565027257386239,-0.20515439774303484,-0.30866073041360753,-1.9664444020741345,1.3826480394049807,-0.17697451623461763,0.03644218734846832,0.010008714646709188,-0.2229574022488396,-0.12014567606486325,-0.6616825781270738,-0.6504436355879909,-0.12959788302247865,0.3952847075210472
0.07122019937031113,-0.6608998646296151,-0.38132097166930545,-0.062006127496566435,-0.30755128113726626,0.6769420544899064,-0.002959022801888848,0.010008714646709188,-0.2229574022488396,-0.12014567606486325,-0.6616825781270738,1.5374122295716144,-0.24205676262243814,0.3952847075210472
0.003873815985749234,-0.620691072081568,-0.3789705930024176,-0.9943113938484337,0.39780222844839075,0.5187792466119331,-0.0973953112587321,0.010008714646709188,-0.2229574022488396,-0.12014567606486325,1.2215678365422902,-0.6504436355879909,0.4389442305106595,0.3952847075210472
-0.17385917949893498,-0.30330598613627285,-0.3328382686632336,-1.7597565093939782,1.1002063374791757,-0.15361732330124722,-0.4988717220891715,0.010008714646709188,-0.2229574022488396,-0.12014567606486325,-0.6616825781270738,-0.6504436355879909,0.06408129851078903,0.3952847075210472
-0.3757764452687228,-0.20015744118931691,-0.30730458584510245,-0.18300427926836027,-1.4763519210551448,-0.35619495889084735,-0.6198273391910415,0.010008714646709188,-0.2229574022488396,-0.12014567606486325,-0.6616825781270738,-0.6504436355879909,-0.11085473642248514,0.3952847075210472
-0.6177956924789678,-0.21138215352858067,-0.31033391946932193,0.8748665401296987,0.6096898554199605,-0.6404776170761275,-0.7895676180331833,0.010008714646709188,-0.2229574022488396,-0.12014567606486325,-0.6616825781270738,-0.6504436355879909,-0.14834102962247217,0.3952847075210472
-0.8469930201116135,-0.46689152290393454,-0.3627294766327554,0.23915166133981067,-0.8379549291031055,-0.728844946811443,-0.8423302286178644,0.010008714646709188,-0.2229574022488396,-0.12014567606486325,-0.6616825781270738,-0.6504436355879909,-0.0639968699225005,-2.5298221281347035
-0.9526663749439316,-0.5643151152199681,-0.37435199981464906,1.4856370686532436,1.055459182284499,-0.728844946811443,-0.8423302286178644,0.010008714646709188,-0.2229574022488396,-0.12014567606486325,1.2215678365422902,1.5374122295716144,1.4823127245769672,-2.5298221281347035
-1.021124795215008,-0.7118382326342203,-0.38317029807760605,1.7803919676939648,1.4730696628565219,-0.728844946811443,-0.8423302286178644,0.010008714646709188,-0.2229574022488396,-0.12014567606486325,1.2215678365422902,-0.6504436355879909,-0.7356262897556016,-2.5298221281347035
-1.037358494378689,-0.7610696737547553,-0.3837592765353673,-0.13180275107504824,-0.8857905995964451,-0.728844946811443,-0.8423302286178644,0.010008714646709188,-0.2229574022488396,-0.12014567606486325,-0.6616825781270738,-0.6504436355879909,-0.07336844322249754,-2.5298221281347035
-1.037358494378689,-0.7610696737547553,-0.3837592765353673,-0.13180275107504824,-0.8857905995964451,-0.728844946811443,-0.8423302286178644,0.010008714646709188,-0.2229574022488396,-0.12014567606486325,-0.6616825781270738,1.5374122295716144,-0.05462529662250402,-2.5298221281347035
0.005773064055757216,2.4024033820230426,2.048123251456895,1.7803919676939652,1.4730696628565279,-0.728844946811443,2.5480457818849067,0.010008714646709188,-0.2229574022488396,-0.12014567606486325,-2.5449329927964377,1.5374122295716144,-1.4978475848220054,0.3952847075210472
0.931645390518291,2.698688890231774,2.52498739251054,-0.09693607357880459,-1.825905703920919,-0.728844946811443,2.16693097055256,0.010008714646709188,-0.2229574022488396,-0.12014567606486325,1.2215678365422902,1.5374122295716144,0.4077056528440038,0.3952847075210472
1.5945603063790728,2.068851307032457,1.5623307677532476,-1.4402835479537748,0.6623866469736751,-0.728844946811443,1.312269361017793,0.010008714646709188,-0.2229574022488396,-0.12014567606486325,1.2215678365422902,-0.6504436355879909,-0.8855714625555504,0.3952847075210472
2.223694048465442,0.4621280435243685,-0.02017287086033337,0.11693558347496195,-1.3107319254216212,2.695813122430953,1.2024741197125697,0.010008714646709188,-0.2229574022488396,-0.12014567606486325,-0.6616825781270738,-0.6504436355879909,-0.7981034450889144,0.3952847075210472
1.7941014197913707,0.1292738493259652,-0.1911267945520254,1.6703641700724676,1.3348468542939058,2.6109235412531584,1.1517880128923625,0.010008714646709188,-0.2229574022488396,-0.12014567606486325,-0.6616825781270738,1.5374122295716144,-0.23580904708910844,0.3952847075210472
1.1557652913404286,0.3006507682059869,-0.10983238371330165,-1.9636028659770017,1.3853293680609653,0.8363439706580277,0.09221711587314198,-4.448789600708762,4.34509150294982,2.0789400547708614,1.2215678365422902,-0.6504436355879909,1.8446802255101753,0.3952847075210472
0.7269676422325406,0.5088697342002215,0.008145280308876578,-0.18081555180172634,-1.7788606988026798,0.5455606892229424,-0.08140457314756402,0.010008714646709188,-0.2229574022488396,-0.12014567606486325,-0.6616825781270738,1.5374122295716144,1.957139105110137,0.3952847075210472
0.2783649562727264,0.41986795517043746,-0.04486187811170259,1.4970840017457232,1.1488832767946817,0.2538668309138459,-0.2555699519363639,0.010008714646709188,-0.2229574022488396,-0.12014567606486325,1.2215678365422902,1.5374122295716144,2.3257543215766767,0.3952847075210472
-0.16976683382644953,-0.4240907294647096,-0.3561649471732581,0.5110520196775471,-0.44347916894060874,0.171540547809298,-0.3047255576261612,-4.608032397685742,4.508236106706914,3.8391717068213915,1.2215678365422902,-0.6504436355879909,-0.9168100402222058,0.3952847075210472
-0.3070599269908857,-0.5395707425518982,-0.37183704414671054,1.1516365907864885,0.7783158053886815,0.08899588247951722,-0.35401155558132513,0.010008714646709188,-0.2229574022488396,-0.12014567606486325,-0.6616825781270738,-0.6504436355879909,-1.8164810770218969,0.3952847075210472
-0.40388519864104677,-0.64754558549587,-0.3806275029394275,-0.001929310066205961,-0.3474369768029856,0.01849716412308458,-0.39610512607283005,0.010008714646709188,-0.2229574022488396,-0.12014567606486325,-0.6616825781270738,1.5374122295716144,-2.078885129421805,0.3952847075210472
-0.4638679022693521,-0.6454222157836246,-0.38050925308189354,-0.23227489315769478,-0.08363823961338573,-0.07264601723578598,-0.4505251498518804,0.010008714646709188,-0.2229574022488396,-0.12014567606486325,1.2215678365422902,-0.6504436355879909,-1.3916364207553757,0.3952847075210472
-0.5255146519251975,-0.6385470048185321,-0.3801113405381641,-0.3410012888283447,-0.37580387020372724,-0.1640304516912605,-0.5050892216996751,0.010008714646709188,-0.2229574022488396,-0.12014567606486325,-0.6616825781270738,-0.6504436355879909,-1.5040953003553372,0.3952847075210472
-0.6062910244384621,-0.5853474268323258,-0.37625570877684894,-0.8767584953372621,0.26130857702993093,-0.3507062625911048,-0.6165501331653721,0.010008714646709188,-0.2229574022488396,-0.12014567606486325,-0.6616825781270738,1.5374122295716144,-0.8668283159555569,0.3952847075210472
-0.6887066855830465,-0.5775779995244102,-0.3755775108157181,-0.07229399027058886,-1.0676176829852015,-0.43012836664998677,-0.6639717035673132,0.010008714646709188,-0.2229574022488396,-0.12014567606486325,1.2215678365422902,-0.6504436355879909,1.1636792323770762,0.3952847075210472
-0.7697853868734066,-0.5945112766039247,-0.3770179187278626,0.7228754193228686,0.3835770876991013,-0.5139938738885171,-0.7140463534765875,0.010008714646709188,-0.2229574022488396,-0.12014567606486325,-0.6616825781270738,-0.6504436355879909,0.6763574207772439,0.3952847075210472
-0.8494799857816058,-0.6423443256078842,-0.3803339560139059,-0.17908631652044507,-0.304526984689691,-0.5978440162298683,-0.7641118292703943,0.010008714646709188,-0.2229574022488396,-0.12014567606486325,-0.6616825781270738,-0.6504436355879909,0.264008195577387,0.3952847075210472
-0.8276923822212671,-0.5864759803729808,-0.37635178067687375,0.7671532609026919,0.40114538977077024,-0.5978440162298683,-0.545736276715494,0.010008714646709188,-0.2229574022488396,-0.12014567606486325,1.2215678365422902,-0.6504436355879909,0.4077056528440038,0.3952847075210472
-0.8140794870133921,-0.5793872094508477,-0.3757380582199672,0.10860128648344931,-0.6701951370850608,-0.5978440162298683,-0.6197272044213548,0.010008714646709188,-0.2229574022488396,-0.12014567606486325,-0.6616825781270738,-0.6504436355879909,0.5201645324439633,0.3952847075210472
-0.8078792758865707,-0.5853544999030408,-0.37625631282327066,-0.08622141575188443,-0.30584238221016063,-0.5978440162298683,-0.6938944877848079,0.010008714646709188,-0.2229574022488396,-0.12014567606486325,-0.6616825781270738,1.5374122295716144,0.8575411712438483,0.3952847075210472
-0.8091052852235142,-0.582489019276033,-0.3760096078932459,-0.13433390158314548,-0.2801503835196648,-0.6045177367567729,-0.7680965928517628,0.010008714646709188,-0.2229574022488396,-0.12014567606486325,1.2215678365422902,-0.6504436355879909,-0.1608364606891338,0.3952847075210472
-0.6576288636895788,-0.15284252084848035,-0.2938621269462288,1.5848439538097678,1.2473435430922002,-0.6045177367567729,-0.053409089820469685,0.010008714646709188,-0.2229574022488396,-0.12014567606486325,1.2215678365422902,-0.6504436355879909,0.43269651497732925,0.3952847075210472
-0.5074139191968259,-0.0682142197831622,-0.2671052878809296,-0.128270312892436,-1.756880737262372,-0.6045177367567729,-0.13150005789385402,0.010008714646709188,-0.2229574022488396,-0.12014567606486325,-0.6616825781270738,-0.6504436355879909,0.057833582977457124,0.3952847075210472
-0.4436098236002914,-0.14330202654825905,-0.2910198014059159,-0.6476347708254133,-0.7231084522300272,-0.6045177367567729,-0.4865190389900553,0.010008714646709188,-0.2229574022488396,-0.12014567606486325,-0.6616825781270738,-0.6504436355879909,-0.24205676262243814,0.3952847075210472
-0.1454503251552094,-0.2311500038946304,-0.3155200032225608,-0.6219051540504243,0.5582053988018356,-0.1329289303570893,0.20097849902723983,0.010008714646709188,-0.2229574022488396,-0.12014567606486325,1.2215678365422902,-0.6504436355879909,0.7700731537772121,0.3952847075210472
-0.0813848749078869,-0.16979897466418825,-0.29880465131053496,-1.0385685822565585,-0.09634102804321286,-0.1329289303570893,0.15481581130951128,0.010008714646709188,-0.2229574022488396,-0.12014567606486325,-0.6616825781270738,-0.6504436355879909,0.2827513421773805,0.3952847075210472
-0.007382450668315644,-0.15845568805774357,-0.29551374438674305,-1.9668442530999324,1.383109699269297,-0.1329289303570893,0.10902189912319389,0.010008714646709188,-0.2229574022488396,-0.12014567606486325,-0.6616825781270738,-0.6504436355879909,-0.12959788302247865,0.3952847075210472
0.1627343351275488,-0.6527456293937995,-0.38090783779560294,-0.06263692500466046,-0.30737329894724447,0.7930932875219954,0.06639287790348532,0.010008714646709188,-0.2229574022488396,-0.12014567606486325,-0.6616825781270738,1.5374122295716144,-0.24205676262243814,0.3952847075210472
0.08987740426109811,-0.6091743225865301,-0.3781526287076122,-0.9951954002483773,0.3983237015079552,0.621905525045118,-0.03582038660823678,0.010008714646709188,-0.2229574022488396,-0.12014567606486325,1.2215678365422902,-0.6504436355879909,0.4389442305106595,0.3952847075210472
-0.10249521767325341,-0.2655499163313704,-0.32409199334067795,-1.7598764678710919,1.1003543984052777,-0.10598587884840663,-0.47043180698956744,0.010008714646709188,-0.2229574022488396,-0.12014567606486325,-0.6616825781270738,-0.6504436355879909,0.06408129851078903,0.3952847075210472
-0.3210733136387734,-0.1538560044077718,-0.29416146700494816,-0.18308621986920184,-1.4763045699406536,-0.32533015286119277,-0.6013984951126676,0.010008714646709188,-0.2229574022488396,-0.12014567606486325,-0.6616825781270738,-0.6504436355879909,-0.11085473642248514,0.3952847075210472
-0.5830855870959,-0.16596081983321959,-0.2976981282833011,0.8745962302200477,0.609492163003723,-0.6331574227956788,-0.785196856108155,0.010008714646709188,-0.2229574022488396,-0.12014567606486325,-0.6616825781270738,-0.6504436355879909,-0.14834102962247217,0.3952847075210472
-0.8312279364347487,-0.4425317282781039,-0.35910247939341605,0.23911413080527716,-0.8380055895744051,-0.728844946811443,-0.8423302286178644,0.010008714646709188,-0.2229574022488396,-0.12014567606486325,-0.6616825781270738,-0.6504436355879909,-0.0639968699225005,-2.5298221281347035
-0.9456515221758788,-0.5480189467665127,-0.3727291535742849,1.4856301704964563,1.0554486029651853,-0.728844946811443,-0.8423302286178644,0.010008714646709188,-0.2229574022488396,-0.12014567606486325,1.2215678365422902,1.5374122295716144,1.4823127245769672,-2.5298221281347035
-1.019780024108712,-0.707759986581173,-0.38306867652420906,1.7803919676936533,1.4730696625893764,-0.728844946811443,-0.8423302286178644,0.010008714646709188,-0.2229574022488396,-0.12014567606486325,1.2215678365422902,-0.6504436355879909,-0.7356262897556016,-2.5298221281347035
-1.037358494378689,-0.7610696737547553,-0.3837592765353673,-0.13180275107504824,-0.8857905995964451,-0.728844946811443,-0.8423302286178644,0.010008714646709188,-0.2229574022488396,-0.12014567606486325,-0.6616825781270738,-0.6504436355879909,-0.07336844322249754,-2.5298221281347035
-1.037358494378689,-0.7610696737547553,-0.3837592765353673,-0.13180275107504824,-0.8857905995964451,-0.728844946811443,-0.8423302286178644,0.010008714646709188,-0.2229574022488396,-0.12014567606486325,-0.6616825781270738,1.5374122295716144,-0.05462529662250402,-2.5298221281347035
0.014417241317832638,2.4286183130514774,2.0885950865202014,1.7803919676939648,1.4730696628565265,-0.728844946811443,2.576141002456949,0.010008714646709188,-0.2229574022488396,-0.12014567606486325,-2.5449329927964377,1.5374122295716144,-1.4978475848220054,0.3952847075210472
0.9479935979711467,2.7274075607221016,2.5734775050501724,-0.09695557990956395,-1.825945257214465,-0.728844946811443,2.1919705342890956,0.010008714646709188,-0.2229574022488396,-0.12014567606486325,1.2215678365422902,1.5374122295716144,0.4077056528440038,0.3952847075210472
1.616472875749008,2.092340324177558,1.5947708619427237,-1.4405012153809178,0.6626740947064745,-0.728844946811443,1.3303545958138046,0.010008714646709188,-0.2229574022488396,-0.12014567606486325,1.2215678365422902,-0.6504436355879909,-0.8855714625555504,0.3952847075210472
2.2508966035134246,0.472048251559018,-0.014251540842043579,0.11688668442399947,-1.310825307279768,2.7246088949775453,1.2196675795343355,0.010008714646709188,-0.2229574022488396,-0.12014567606486325,-0.6616825781270738,-0.6504436355879909,-0.7981034450889144,0.3952847075210472
1.817822502069683,0.13651783317558397,-0.18797946261965548,1.6703648367226163,1.3348481230163036,2.6390264650295783,1.1685677846467832,4.46880703000218,4.34509150294982,0.9018604164804143,-0.6616825781270738,1.5374122295716144,-0.23580904708910844,0.3952847075210472
1.1741954376949937,0.30958209672414133,-0.10520438327325239,-1.9636475994147466,1.3853759501107834,0.8494795286492937,0.10006013130861553,0.010008714646709188,-0.2229574022488396,-0.12014567606486325,1.2215678365422902,-0.6504436355879909,1.8446802255101753,0.3952847075210472
0.7418035728131196,0.519557890517723,0.0147697915505431,-0.18080472614381046,-1.77889181629974,0.5562850812483321,-0.07500122338144609,0.010008714646709188,-0.2229574022488396,-0.12014567606486325,-0.6616825781270738,1.5374122295716144,1.957139105110137,0.3952847075210472
0.28943516387902274,0.4297997846007364,-0.03913757097455311,1.497140732299116,1.148948149102266,0.2621640787307853,-0.25061580817304036,0.010008714646709188,-0.2229574022488396,-0.12014567606486325,1.2215678365422902,1.5374122295716144,2.3257543215766767,0.3952847075210472
-0.16246143633488325,-0.4212897592795799,-0.3557043123696337,0.5110213608541573,-0.4435184228231463,0.17914991596140703,-0.30018213496296914,0.010008714646709188,-0.2229574022488396,-0.12014567606486325,1.2215678365422902,-0.6504436355879909,-0.9168100402222058,0.3952847075210472
-0.30089697089193984,-0.5377243398432896,-0.37163744956958905,1.1515906117618124,0.7782753890415101,0.09591261787054588,-0.34988169201017005,0.010008714646709188,-0.2229574022488396,-0.12014567606486325,-0.6616825781270738,-0.6504436355879909,-1.8164810770218969,0.3952847075210472
-0.3985305243327604,-0.6465940253235117,-0.38057478178459797,-0.001967354483875028,-0.3474563517989446,0.0248217146339627,-0.39232884589407924,0.010008714646709188,-0.2229574022488396,-0.12014567606486325,-0.6616825781270738,1.5374122295716144,-2.078885129421805,0.3952847075210472
-0.4590164175102101,-0.6444507482933354,-0.3804544217314427,-0.23229257928037816,-0.08363666038484506,-0.06708785657084637,-0.44720646785017565,0.010008714646709188,-0.2229574022488396,-0.12014567606486325,1.2215678365422902,-0.6504436355879909,-1.3916364207553757,0.3952847075210472
-0.5211817704387798,-0.6375155101715497,-0.3800496594510569,-0.34103965923322066,-0.375779307818828,-0.15924407452478917,-0.502231358332044,0.010008714646709188,-0.2229574022488396,-0.12014567606486325,-0.6616825781270738,-0.6504436355879909,-1.5040953003553372,0.3952847075210472
-0.6026396227025149,-0.5838633263222324,-0.37612842751455716,-0.876801712298867,0.2613285051878257,-0.34749912814873923,-0.6146352084281178,0.010008714646709188,-0.2229574022488396,-0.12014567606486325,-0.6616825781270738,1.5374122295716144,-0.8668283159555569,0.3952847075210472
-0.6857514872155075,-0.5760260589249747,-0.37543852563774094,-0.0723026574020223,-1.067623467431399,-0.42759356436585116,-0.6624582167817827,0.010008714646709188,-0.2229574022488396,-0.12014567606486325,1.2215678365422902,-0.6504436355879909,1.1636792323770762,0.3952847075210472
-0.7675161684318431,-0.5931015264014184,-0.3769033180825642,0.7228625704624654,0.3835697110651322,-0.5121698106525777,-0.7129572367352762,0.010008714646709188,-0.2229574022488396,-0.12014567606486325,-0.6616825781270738,-0.6504436355879909,0.6763574207772439,0.3952847075210472
-0.84788570667559,-0.6413380108982386,-0.3802756439746242,-0.17910561544881368,-0.30452423178461235,-0.5967316375904311,-0.7634476471439101,0.010008714646709188,-0.2229574022488396,-0.12014567606486325,-0.6616825781270738,-0.6504436355879909,0.264008195577387,0.3952847075210472
-0.8259551757371816,-0.5851101128346418,-0.37623542786060454,0.7659411233935843,0.40003028446396416,-0.5967316375904311,-0.5433568108089656,0.010008714646709188,-0.2229574022488396,-0.12014567606486325,1.2215678365422902,-0.6504436355879909,0.4077056528440038,0.3952847075210472
-0.812258083533317,-0.5779738271312794,-0.3756127720954867,0.10850001118809074,-0.6694356885055539,-0.5967316375904311,-0.6179400613812166,0.010008714646709188,-0.2229574022488396,-0.12014567606486325,-0.6616825781270738,-0.6504436355879909,0.5201645324439633,0.3952847075210472
-0.8060262259073058,-0.5839709958609071,-0.37613769761580307,-0.085807854741084,-0.30607599790359735,-0.5967316375904311,-0.6927025139006878,0.010008714646709188,-0.2229574022488396,-0.12014567606486325,-0.6616825781270738,1.5374122295716144,0.8575411712438483,0.3952847075210472
-0.8072731387069638,-0.5810567944665698,-0.37588480404998836,-0.1343542935366929,-0.2801577977722351,-0.6035191450714832,-0.7675003509557832,0.010008714646709188,-0.2229574022488396,-0.12014567606486325,1.2215678365422902,-0.6504436355879909,-0.1608364606891338,0.3952847075210472
-0.6545524271973919,-0.14787723572865605,-0.29238837841123566,1.5848963378547272,1.2474030473333066,-0.6035191450714832,-0.046985444779104754,0.010008714646709188,-0.2229574022488396,-0.12014567606486325,1.2215678365422902,-0.6504436355879909,0.43269651497732925,0.3952847075210472
-0.5031055862192166,-0.06255849561496432,-0.2651930403124255,-0.12826602957056707,-1.7569070943107845,-0.6035191450714832,-0.12570901691981623,0.010008714646709188,-0.2229574022488396,-0.12014567606486325,-0.6616825781270738,-0.6504436355879909,0.057833582977457124,0.3952847075210472
-0.4387753383275924,-0.13826547024860367,-0.28950145827705187,-0.6476769735889835,-0.7230455320338371,-0.6035191450714832,-0.4836169700515557,0.010008714646709188,-0.2229574022488396,-0.12014567606486325,-0.6616825781270738,-0.6504436355879909,-0.24205676262243814,0.3952847075210472
-0.13809277125114255,-0.226628700677154,-0.314350593356017,-0.6202970262381075,0.5579560074502639,-0.12806851727363455,0.20977519396432442,0.010008714646709188,-0.2229574022488396,-0.12014567606486325,1.2215678365422902,-0.6504436355879909,0.7700731537772121,0.3952847075210472
-0.07341496510144976,-0.16470368406533492,-0.2973341450544656,-1.0378168164300774,-0.09771560086181084,-0.12806851727363455,0.16322972952831147,0.010008714646709188,-0.2229574022488396,-0.12014567606486325,-0.6616825781270738,-0.6504436355879909,0.2827513421773805,0.3952847075210472
0.001277409545487289,-0.15327926806872663,-0.29399118476133573,-1.9668885043390543,1.3831607935072348,-0.12806851727363455,0.11705541017749187,0.010008714646709188,-0.2229574022488396,-0.12014567606486325,-0.6616825781270738,-0.6504436355879909,-0.12959788302247865,0.3952847075210472
0.1728631649278534,-0.6518442350404068,-0.38086018512972347,-0.06270700291691422,-0.3073535159811182,0.8059499631031577,0.07406937745523479,0.010008714646709188,-0.2229574022488396,-0.12014567606486325,-0.6616825781270738,1.5374122295716144,-0.24205676262243814,0.3952847075210472
0.09939680338538165,-0.607900347632433,-0.37805818628312704,-0.9952935551552997,0.398381649372858,0.6333209092611193,-0.029004457306452236,0.010008714646709188,-0.2229574022488396,-0.12014567606486325,1.2215678365422902,-0.6504436355879909,0.4389442305106595,0.3952847075210472
-0.09459581992727005,-0.2613713851877371,-0.3230814470816152,-1.7598898084674814,1.1003708674542703,-0.10071256386740617,-0.46728320143968516,0.010008714646709188,-0.2229574022488396,-0.12014567606486325,-0.6616825781270738,-0.6504436355879909,0.06408129851078903,0.3952847075210472
-0.3150178673957442,-0.14873136838578244,-0.29264274721661154,-0.18309533629115413,-1.4762993055779379,-0.32191300877924295,-0.5993581772367319,0.010008714646709188,-0.2229574022488396,-0.12014567606486325,-0.6616825781270738,-0.6504436355879909,-0.11085473642248514,0.3952847075210472
-0.5792431163204547,-0.160933131056945,-0.2962378360383897,0.8745661642127617,0.6094701773521969,-0.6323469685266393,-0.7847129478230218,0.010008714646709188,-0.2229574022488396,-0.12014567606486325,-0.6616825781270738,-0.6504436355879909,-0.14834102962247217,0.3952847075210472
-0.8294825519213326,-0.43983483094905834,-0.3586831990617751,0.2391099541611151,-0.8380112273830235,-0.728844946811443,-0.8423302286178644,0.010008714646709188,-0.2229574022488396,-0.12014567606486325,-0.6616825781270738,-0.6504436355879909,-0.0639968699225005,-2.5298221281347035
-0.9448748826641903,-0.5462147450667206,-0.37254154727043937,1.4856294028562702,1.0554474256775608,-0.728844946811443,-0.8423302286178644,0.010008714646709188,-0.2229574022488396,-0.12014567606486325,1.2215678365422902,1.5374122295716144,1.4823127245769672,-2.5298221281347035
-1.019631137966867,-0.707308464149267,-0.3830569284931973,1.7803919676939644,1.4730696628565265,-0.728844946811443,-0.8423302286178644,0.010008714646709188,-0.2229574022488396,-0.12014567606486325,1.2215678365422902,-0.6504436355879909,-0.7356262897556016,-2.5298221281347035
-1.037358494378689,-0.7610696737547553,-0.3837592765353673,-0.13180275107504824,-0.8857905995964451,-0.728844946811443,-0.8423302286178644,0.010008714646709188,-0.2229574022488396,-0.12014567606486325,-0.6616825781270738,-0.6504436355879909,-0.07336844322249754,-2.5298221281347035
-1.037358494378689,-0.7610696737547553,-0.3837592765353673,-0.13180275107504824,-0.8857905995964451,-0.728844946811443,-0.8423302286178644,0.010008714646709188,-0.2229574022488396,-0.12014567606486325,-0.6616825781270738,1.5374122295716144,-0.05462529662250402,-2.5298221281347035
-0.11091813195949225,2.048517573990589,1.5344648940080798,1.7803919676939644,1.4730696628565279,-0.728844946811443,2.1687771954750192,0.010008714646709188,-0.2229574022488396,-0.12014567606486325,-2.5449329927964377,1.5374122295716144,-1.4978475848220054,0.3952847075210472
0.7110065204361241,2.3110843499971807,1.9097488527568125,-0.09667312056844825,-1.8253725176547118,-0.728844946811443,1.8290812548053323,0.010008714646709188,-0.2229574022488396,-0.12014567606486325,1.2215678365422902,1.5374122295716144,0.4077056528440038,0.3952847075210472
1.298925067676917,1.7518279430550574,1.1507301556256828,-1.4373594832332635,0.6585277079860392,-0.728844946811443,1.0685168956761784,0.010008714646709188,-0.2229574022488396,-0.12014567606486325,1.2215678365422902,-0.6504436355879909,-0.8855714625555504,0.3952847075210472
1.85677569938273,0.32784720603557627,-0.09561912977645023,0.1175954267957798,-1.3094715289336776,2.307787075129953,0.9707904500602357,0.010008714646709188,-0.2229574022488396,-0.12014567606486325,-0.6616825781270738,-0.6504436355879909,-0.7981034450889144,0.3952847075210472
1.4743126819417036,0.031256468755107736,-0.23120573859222326,1.670354653552895,1.334829081393834,2.232268532472906,0.9256996289380942,0.010008714646709188,-0.2229574022488396,-0.12014567606486325,-0.6616825781270738,1.5374122295716144,-0.23580904708910844,0.3952847075210472
0.9073996928953417,0.1803075090008913,-0.16841087715355021,-1.9630005474907162,1.3847023613281277,0.6592982924046941,-0.01349380925452036,0.010008714646709188,-0.2229574022488396,-0.12014567606486325,1.2215678365422902,-0.6504436355879909,1.8446802255101753,0.3952847075210472
0.5270531691313652,0.3648626490945777,-0.07569674022730218,-0.18096066928457247,-1.7784430909584994,0.40106298467456525,-0.16768166376807425,0.010008714646709188,-0.2229574022488396,-0.12014567606486325,-0.6616825781270738,1.5374122295716144,1.957139105110137,0.3952847075210472
0.1292046594768225,0.28603877448596365,-0.11732037158756779,1.4963234182782645,1.1480134874975594,0.14211860469294932,-0.32229289311024056,0.010008714646709188,-0.2229574022488396,-0.12014567606486325,1.2215678365422902,1.5374122295716144,2.3257543215766767,0.3952847075210472
-0.26819028151817675,-0.4618892273311957,-0.36200820159572095,0.5114632557658803,-0.4429523859739693,0.06906904035632644,-0.3659095298018605,0.010008714646709188,-0.2229574022488396,-0.12014567606486325,1.2215678365422902,-0.6504436355879909,-0.9168100402222058,0.3952847075210472
-0.39006851894071415,-0.5644785796458169,-0.37436762452304767,1.1522522821550896,0.7788571970785971,-0.004139799263946153,-0.4096212670220598,0.010008714646709188,-0.2229574022488396,-0.12014567606486325,-0.6616825781270738,-0.6504436355879909,-1.8164810770218969,0.3952847075210472
-0.4759920901253835,-0.6603731600449663,-0.3812952624706079,-0.0014198289407156672,-0.34717733549738566,-0.06665767901112613,-0.446949616238457,0.010008714646709188,-0.2229574022488396,-0.12014567606486325,-0.6616825781270738,1.5374122295716144,-2.078885129421805,0.3952847075210472
-0.5291922162549096,-0.6585145618409113,-0.38120346433648156,-0.23203811698956414,-0.08365937146176229,-0.14747362196144012,-0.4952034238356002,0.010008714646709188,-0.2229574022488396,-0.12014567606486325,1.2215678365422902,-0.6504436355879909,-1.3916364207553757,0.3952847075210472
-0.5838511078089139,-0.6524444379339164,-0.3808919590869593,-0.3404878927648347,-0.37613232067475183,-0.2284639029499687,-0.543561325672639,0.010008714646709188,-0.2229574022488396,-0.12014567606486325,-0.6616825781270738,-0.6504436355879909,-1.5040953003553372,0.3952847075210472
-0.6554483060306169,-0.6053347477211898,-0.3778655992107085,-0.8761804326144865,0.2610423204108808,-0.39387556802429774,-0.6423257819102773,0.010008714646709188,-0.2229574022488396,-0.12014567606486325,-0.6616825781270738,1.5374122295716144,-0.8668283159555569,0.3952847075210472
-0.7284880036815337,-0.5984751588530147,-0.3773349723794994,-0.07217817644089461,-1.0675403994585662,-0.4642456212914385,-0.6843425286930374,0.010008714646709188,-0.2229574022488396,-0.12014567606486325,1.2215678365422902,-0.6504436355879909,1.1636792323770762,0.3952847075210472
-0.8003302568486045,-0.613492047663704,-0.37846684372614436,0.7230472441796458,0.38367572746685696,-0.538543335064494,-0.7287044139155707,0.010008714646709188,-0.2229574022488396,-0.12014567606486325,-0.6616825781270738,-0.6504436355879909,0.6763574207772439,0.3952847075210472
-0.8709382198293589,-0.6558908222983165,-0.3810710172099327,-0.17882841620072315,-0.3045635944299846,-0.612814819136588,-0.7730506378354288,0.010008714646709188,-0.2229574022488396,-0.12014567606486325,-0.6616825781270738,-0.6504436355879909,0.264008195577387,0.3952847075210472
-0.8511428767288334,-0.6050474536312984,-0.3778438342733222,0.7832906387849589,0.4160350897752524,-0.612814819136588,-0.5779871509628811,0.010008714646709188,-0.2229574022488396,-0.12014567606486325,1.2215678365422902,-0.6504436355879909,0.4077056528440038,0.3952847075210472
-0.8387144628853117,-0.5986199537230954,-0.377346409322487,0.10993787245046896,-0.6803026913411506,-0.612814819136588,-0.643947819317243,0.010008714646709188,-0.2229574022488396,-0.12014567606486325,-0.6616825781270738,-0.6504436355879909,0.5201645324439633,0.3952847075210472
-0.8329745238151746,-0.6041513717120064,-0.3777756908683889,-0.09174217868965547,-0.30271028801009886,-0.612814819136588,-0.710048519970281,0.010008714646709188,-0.2229574022488396,-0.12014567606486325,-0.6616825781270738,1.5374122295716144,0.8575411712438483,0.3952847075210472
-0.8339363824758819,-0.6019018800521149,-0.3776029066421737,-0.13405764927579017,-0.2800498964732139,-0.6180506486645522,-0.7761768614669362,0.010008714646709188,-0.2229574022488396,-0.12014567606486325,1.2215678365422902,-0.6504436355879909,-0.1608364606891338,0.3952847075210472
-0.699277110245312,-0.22000020357384426,-0.31261820994830974,1.584136411003228,1.2465398724279766,-0.6180506486645522,-0.1403188986021952,0.010008714646709188,-0.2229574022488396,-0.12014567606486325,1.2215678365422902,-0.6504436355879909,0.43269651497732925,0.3952847075210472
-0.5657150541631922,-0.14471113424123982,-0.2914423902875085,-0.12832815485087948,-1.7565247323342472,-0.6180506486645522,-0.20984572817367816,0.010008714646709188,-0.2229574022488396,-0.12014567606486325,-0.6616825781270738,-0.6504436355879909,0.057833582977457124,0.3952847075210472
-0.5090188567648132,-0.211434421775674,-0.3103478824286494,-0.6470652989546907,-0.7239572620278977,-0.6180506486645522,-0.5257750925277379,0.010008714646709188,-0.2229574022488396,-0.12014567606486325,-0.6616825781270738,-0.6504436355879909,-0.24205676262243814,0.3952847075210472
-0.24483129430594497,-0.29195917152427725,-0.33028257344156425,-0.643481537786243,0.5616658431315247,-0.19867534791738267,0.08248297562784843,0.010008714646709188,-0.2229574022488396,-0.12014567606486325,1.2215678365422902,-0.6504436355879909,0.7700731537772121,0.3952847075210472
-0.18889418670654384,-0.23824792008656437,-0.3173357985410786,-1.0486920566567304,-0.07785039282635042,-0.19867534791738267,0.04148734258423885,0.010008714646709188,-0.2229574022488396,-0.12014567606486325,-0.6616825781270738,-0.6504436355879909,0.2827513421773805,0.3952847075210472
-0.12407550160293075,-0.22802465559364618,-0.3147127095024252,-1.9662481591085026,1.3824214793276592,-0.19867534791738267,0.0008273295348343425,-4.448789600708762,4.34509150294982,2.3172987271368366,-0.6616825781270738,-0.6504436355879909,-0.12959788302247865,0.3952847075210472
0.026311582646893254,-0.6649080201673582,-0.38151219847971873,-0.06169809939208321,-0.3076378745018071,0.61994922605323,-0.03698845904185404,0.010008714646709188,-0.2229574022488396,-0.12014567606486325,-0.6616825781270738,1.5374122295716144,-0.24205676262243814,0.3952847075210472
-0.0383277860650419,-0.6263468216901955,-0.37934868490155677,-0.9938798455906115,0.3975479466801024,0.468179966867067,-0.1276072696945064,0.010008714646709188,-0.2229574022488396,-0.12014567606486325,1.2215678365422902,-0.6504436355879909,0.4389442305106595,0.3952847075210472
-0.20887480663465283,-0.32183591165414194,-0.3368773183421025,-1.7596979052604451,1.1001339995255384,-0.17698292290207318,-0.5128229191719467,0.010008714646709188,-0.2229574022488396,-0.12014567606486325,-0.6616825781270738,-0.6504436355879909,0.06408129851078903,0.3952847075210472
-0.40261567133870957,-0.22287906086694148,-0.31337323361461805,-0.1829643045689904,-1.4763749329069016,-0.3713352362967945,-0.6288673380606099,0.010008714646709188,-0.2229574022488396,-0.12014567606486325,-0.6616825781270738,-0.6504436355879909,-0.11085473642248514,0.3952847075210472
-0.6348245809797772,-0.2336691617627366,-0.3161672594225513,0.8749982936990329,0.6097862224620635,-0.6440683634581145,-0.791711590852421,0.010008714646709188,-0.2229574022488396,-0.12014567606486325,-0.6616825781270738,-0.6504436355879909,-0.14834102962247217,0.3952847075210472
-0.8547264655144212,-0.4788411872905253,-0.3644032590217313,0.23916996839606897,-0.8379302161024403,-0.728844946811443,-0.8423302286178644,0.010008714646709188,-0.2229574022488396,-0.12014567606486325,-0.6616825781270738,-0.6504436355879909,-0.0639968699225005,-2.5298221281347035
-0.9561073955803149,-0.5723089651892966,-0.37510087922028984,1.4856404326206807,1.055464341403287,-0.728844946811443,-0.8423302286178644,0.010008714646709188,-0.2229574022488396,-0.12014567606486325,1.2215678365422902,1.5374122295716144,1.4823127245769672,-2.5298221281347035
-1.021784440546749,-0.7138387187823572,-0.38321719106563523,1.7803919676979891,1.4730696628423385,-0.728844946811443,-0.8423302286178644,0.010008714646709188,-0.2229574022488396,-0.12014567606486325,1.2215678365422902,-0.6504436355879909,-0.7356262897556016,-2.5298221281347035
-1.037358494378689,-0.7610696737547553,-0.3837592765353673,-0.13180275107504824,-0.8857905995964451,-0.728844946811443,-0.8423302286178644,0.010008714646709188,-0.2229574022488396,-0.12014567606486325,-0.6616825781270738,-0.6504436355879909,-0.07336844322249754,-2.5298221281347035
-1.037358494378689,-0.7610696737547553,-0.3837592765353673,-0.13180275107504824,-0.8857905995964451,-0.728844946811443,-0.8423302286178644,0.010008714646709188,-0.2229574022488396,-0.12014567606486325,-0.6616825781270738,1.5374122295716144,-0.05462529662250402,-2.5298221281347035
-0.08218992248403244,2.1356407329838363,1.655274745037004,1.780391967693964,1.4730696628565265,-0.728844946811443,2.262149341531529,0.010008714646709188,-0.2229574022488396,-0.12014567606486325,-2.5449329927964377,1.5374122295716144,-1.4978475848220054,0.3952847075210472
0.7653166368696973,2.4064949057970093,2.0544179405910743,-0.09673779480985678,-1.8255036554129587,-0.728844946811443,1.9122273191271457,0.010008714646709188,-0.2229574022488396,-0.12014567606486325,1.2215678365422902,1.5374122295716144,0.4077056528440038,0.3952847075210472
1.371678054950812,1.8298648933343629,1.2475158093356886,-1.438076921437453,0.6594740875236936,-0.728844946811443,1.1284597344832754,0.010008714646709188,-0.2229574022488396,-0.12014567606486325,1.2215678365422902,-0.6504436355879909,-0.8855714625555504,0.3952847075210472
1.9470557841152885,0.36096836802383414,-0.07782405711680568,0.1174330252206368,-1.3097817914535117,2.4031949538158774,1.0277568511599864,0.010008714646709188,-0.2229574022488396,-0.12014567606486325,-0.6616825781270738,-0.6504436355879909,-0.7981034450889144,0.3952847075210472
1.5529672642945394,0.05542650731542052,-0.2217564363592315,1.6703570843922069,1.3348335669157185,2.325366263437199,0.9812866806222337,0.010008714646709188,-0.2229574022488396,-0.12014567606486325,-0.6616825781270738,1.5374122295716144,-0.23580904708910844,0.3952847075210472
0.9684708561903258,0.20989625206658932,-0.15466075220296405,-1.9631485659387649,1.3848564118324722,0.7028376613765894,0.012502798055531478,0.010008714646709188,-0.2229574022488396,-0.12014567606486325,1.2215678365422902,-0.6504436355879909,1.8446802255101753,0.3952847075210472
0.5762079468883313,0.4002682027290517,-0.05601773349203351,-0.18092513219501258,-1.7785454517678077,0.43658958110254964,-0.14646934493549854,0.010008714646709188,-0.2229574022488396,-0.12014567606486325,-0.6616825781270738,1.5374122295716144,1.957139105110137,0.3952847075210472
0.1658781641959768,0.31894413669179383,-0.10031158074065738,1.4965097375517615,1.1482265598087245,0.16958529764368424,-0.3058930038236747,0.010008714646709188,-0.2229574022488396,-0.12014567606486325,1.2215678365422902,1.5374122295716144,2.3257543215766767,0.3952847075210472
-0.24399292323526475,-0.4525858451993178,-0.3606344162566803,0.5113625775855268,-0.4430813569417977,0.09425349198476993,-0.35087232750050756,0.010008714646709188,-0.2229574022488396,-0.12014567606486325,1.2215678365422902,-0.6504436355879909,-0.9168100402222058,0.3952847075210472
-0.3696648656498048,-0.5583495419302608,-0.3737728968779506,1.1521015489053936,0.7787246213892652,0.018748726263903656,-0.39595492265134336,0.010008714646709188,-0.2229574022488396,-0.12014567606486325,-0.6616825781270738,-0.6504436355879909,-1.8164810770218969,0.3952847075210472
-0.4582706668849589,-0.6572182237523724,-0.3811384429696977,-0.0015445627129811238,-0.3472409361034954,-0.04573166775521858,-0.43445505533802903,0.010008714646709188,-0.2229574022488396,-0.12014567606486325,-0.6616825781270738,1.5374122295716144,-2.078885129421805,0.3952847075210472
-0.5131388434494735,-0.6552951226054355,-0.3810404800795116,-0.23209603792088326,-0.08365421543860867,-0.1290868781533708,-0.48422501579304333,0.010008714646709188,-0.2229574022488396,-0.12014567606486325,1.2215678365422902,-0.6504436355879909,-1.3916364207553757,0.3952847075210472
-0.5695158422379026,-0.649027698814547,-0.38070874285862744,-0.34061339495297654,-0.37605205828915544,-0.2126318821491734,-0.5341082987362927,0.010008714646709188,-0.2229574022488396,-0.12014567606486325,-0.6616825781270738,-0.6504436355879909,-1.5040953003553372,0.3952847075210472
-0.643369355994243,-0.6004221719233588,-0.3774879088233627,-0.8763219517100379,0.2611075506599357,-0.3832691832966181,-0.6359928922691159,0.010008714646709188,-0.2229574022488396,-0.12014567606486325,-0.6616825781270738,1.5374122295716144,-0.8668283159555569,0.3952847075210472
-0.7187134797859398,-0.5933396068463762,-0.3769227397748748,-0.07220657179946165,-1.0675593817349232,-0.45586363851481215,-0.6793377911447227,0.010008714646709188,-0.2229574022488396,-0.12014567606486325,1.2215678365422902,-0.6504436355879909,1.1636792323770762,0.3952847075210472
-0.7928255539687531,-0.6088277557849917,-0.3781270150904921,0.7230052956315621,0.38365162053178603,-0.5325122484677434,-0.7251033559854512,0.010008714646709188,-0.2229574022488396,-0.12014567606486325,-0.6616825781270738,-0.6504436355879909,0.6763574207772439,0.3952847075210472
-0.8656663273041026,-0.6525623581064895,-0.3808981810489641,-0.17889148744914388,-0.3045545457633839,-0.6091369898636445,-0.7708546693218787,0.010008714646709188,-0.2229574022488396,-0.12014567606486325,-0.6616825781270738,-0.6504436355879909,0.264008195577387,0.3952847075210472
-0.8453697027658388,-0.6004524082798306,-0.3774902693389327,0.779356265222162,0.4123974129356588,-0.6091369898636445,-0.570025001285168,0.010008714646709188,-0.2229574022488396,-0.12014567606486325,1.2215678365422902,-0.6504436355879909,0.4077056528440038,0.3952847075210472
-0.8326414482353468,-0.5938587171062072,-0.3769649912881849,0.10961398674275072,-0.6778388911287966,-0.6091369898636445,-0.6379685424945174,0.010008714646709188,-0.2229574022488396,-0.12014567606486325,-0.6616825781270738,-0.6504436355879909,0.5201645324439633,0.3952847075210472
-0.8267825103592018,-0.5995030408839879,-0.37741594133712275,-0.09039360818987685,-0.3034776860922786,-0.6091369898636445,-0.7060606932822705,0.010008714646709188,-0.2229574022488396,-0.12014567606486325,-0.6616825781270738,1.5374122295716144,0.8575411712438483,0.3952847075210472
-0.8278062999545724,-0.5971090741530196,-0.3772265676000226,-0.13412582736504755,-0.28007470407740226,-0.6147099373380043,-0.7741821802728067,0.010008714646709188,-0.2229574022488396,-0.12014567606486325,1.2215678365422902,-0.6504436355879909,-0.1608364606891338,0.3952847075210472
-0.6890034080682608,-0.20344448522950861,-0.3081980360524155,1.5843106688043997,1.2467377976493623,-0.6147099373380043,-0.11888919676014717,0.010008714646709188,-0.2229574022488396,-0.12014567606486325,1.2215678365422902,-0.6504436355879909,0.43269651497732925,0.3952847075210472
-0.5513376443229788,-0.1258529810941906,-0.2857069015484528,-0.1283139113653311,-1.7566124122639546,-0.6147099373380043,-0.19052862075537305,0.010008714646709188,-0.2229574022488396,-0.12014567606486325,-0.6616825781270738,-0.6504436355879909,0.057833582977457124,0.3952847075210472
-0.49289068237880435,-0.1946365641731265,-0.30579214164583823,-0.6472054562740504,-0.7237483923890365,-0.6147099373380043,-0.51609694800004,0.010008714646709188,-0.2229574022488396,-0.12014567606486325,-0.6616825781270738,-0.6504436355879909,-0.24205676262243814,0.3952847075210472
-0.22035468820417314,-0.27702722226715015,-0.32682402855617254,-0.6381923077775642,0.560797827793019,-0.18246629800063308,0.11161164810580562,0.010008714646709188,-0.2229574022488396,-0.12014567606486325,1.2215678365422902,-0.6504436355879909,0.7700731537772121,0.3952847075210472
-0.16244017866364902,-0.2214538479578403,-0.312999953517877,-1.046203981040376,-0.08239148442182871,-0.18246629800063308,0.06934397691635025,0.010008714646709188,-0.2229574022488396,-0.12014567606486325,-0.6616825781270738,-0.6504436355879909,0.2827513421773805,0.3952847075210472
-0.09538290264830183,-0.2109506380453565,-0.31021859353009656,-1.9663946922100173,1.3825906485845976,-0.18246629800063308,0.027420283286324527,0.010008714646709188,-0.2229574022488396,-0.12014567606486325,-0.6616825781270738,-0.6504436355879909,-0.12959788302247865,0.3952847075210472
0.059844178121397106,-0.6619147778756161,-0.38137013081915155,-0.06192800771650699,-0.307573293818803,0.6625045550328851,-0.01157940506249403,4.46880703000218,4.34509150294982,2.353700396506337,-0.6616825781270738,1.5374122295716144,-0.24205676262243814,0.3952847075210472
-0.006816652873763501,-0.6221235025574159,-0.3790678223383456,-0.9942018867698373,0.39773768402918497,0.5059612199600234,-0.10504873420049712,0.010008714646709188,-0.2229574022488396,-0.12014567606486325,1.2215678365422902,-0.6504436355879909,0.4389442305106595,0.3952847075210472
-0.18272945091816206,-0.3079997729890611,-0.33387717576402326,-1.7597416614901455,1.1001880131259612,-0.15953670411400966,-0.5024060824196434,4.548428428490669,4.426663804828366,6.03372096693306,-0.6616825781270738,-0.6504436355879909,0.06408129851078903,0.3952847075210472
-0.38257554016351664,-0.20591315494862508,-0.30886559140225023,-0.18299414368964012,-1.4763577746313956,-0.36003058508375524,-0.6221175255276772,0.010008714646709188,-0.2229574022488396,-0.12014567606486325,-0.6616825781270738,-0.6504436355879909,-0.11085473642248514,0.3952847075210472
-0.6221096321102945,-0.2170279403702491,-0.3118344630674889,0.8748999732522732,0.6097143098139371,-0.641387298110755,-0.7901107729110107,0.010008714646709188,-0.2229574022488396,-0.12014567606486325,-0.6616825781270738,-0.6504436355879909,-0.14834102962247217,0.3952847075210472
-0.8489521982132846,-0.469918821918745,-0.3631600723204451,0.23915630268806876,-0.8379486638908021,-0.728844946811443,-0.8423302286178644,0.010008714646709188,-0.2229574022488396,-0.12014567606486325,-0.6616825781270738,-0.6504436355879909,-0.0639968699225005,-2.5298221281347035
-0.9535381212126245,-0.566340270768791,-0.37454465764877104,1.4856379217000317,1.0554604905528504,-0.728844946811443,-0.8423302286178644,0.010008714646709188,-0.2229574022488396,-0.12014567606486325,1.2215678365422902,1.5374122295716144,1.4823127245769672,-2.5298221281347035
-1.02129191001066,-0.7123450365449447,-0.3831823619201499,1.7803919676939648,1.4730696628565279,-0.728844946811443,-0.8423302286178644,0.010008714646709188,-0.2229574022488396,-0.12014567606486325,1.2215678365422902,-0.6504436355879909,-0.7356262897556016,-2.5298221281347035
-1.037358494378689,-0.7610696737547553,-0.3837592765353673,-0.13180275107504824,-0.8857905995964451,-0.728844946811443,-0.8423302286178644,0.010008714646709188,-0.2229574022488396,-0.12014567606486325,-0.6616825781270738,-0.6504436355879909,-0.07336844322249754,-2.5298221281347035
-1.037358494378689,-0.7610696737547553,-0.3837592765353673,-0.13180275107504824,-0.8857905995964451,-0.728844946811443,-0.8423302286178644,0.010008714646709188,-0.2229574022488396,-0.12014567606486325,-0.6616825781270738,1.5374122295716144,-0.05462529662250402,-2.5298221281347035
-0.019185674674333863,2.3267117812461087,1.933141430049213,1.7803919676939648,1.4730696628565256,-0.728844946811443,2.4669251328558373,0.010008714646709188,-0.2229574022488396,-0.12014567606486325,-2.5449329927964377,1.5374122295716144,-1.4978475848220054,0.3952847075210472
0.8844454406671117,2.6157727415977767,2.38723673922019,-0.09687977407405954,-1.825791544971721,-0.728844946811443,2.09464280323584,0.010008714646709188,-0.2229574022488396,-0.12014567606486325,1.2215678365422902,1.5374122295716144,0.4077056528440038,0.3952847075210472
1.5313009805925841,2.0010340682377765,1.4701747925863689,-1.4396559015626618,0.6615579344339735,-0.728844946811443,1.2600733340886048,0.010008714646709188,-0.2229574022488396,-0.12014567606486325,1.2215678365422902,-0.6504436355879909,-0.8855714625555504,0.3952847075210472
2.1451681046613147,0.4334639797700692,-0.03701357009504031,0.1170767566075549,-1.3104623115440694,2.6127100505614393,1.1528547068302812,0.010008714646709188,-0.2229574022488396,-0.12014567606486325,-0.6616825781270738,-0.6504436355879909,-0.7981034450889144,0.3952847075210472
1.7256352922855045,0.10834480164492054,-0.20007666457464657,1.6703622150494393,1.3348431534267509,2.5298220019207114,1.103363680614435,0.010008714646709188,-0.2229574022488396,-0.12014567606486325,-0.6616825781270738,1.5374122295716144,-0.23580904708910844,0.3952847075210472
1.1025758630743019,0.2748758454179216,-0.12297095122087001,-1.9634737952422359,1.385194975099458,0.79843299844774,0.06958112732839955,0.010008714646709188,-0.2229574022488396,-0.12014567606486325,1.2215678365422902,-0.6504436355879909,1.8446802255101753,0.3952847075210472
0.6841520073529136,0.4780252557169266,-0.010660802731147462,-0.18084675617356877,-1.7787709818362571,0.5146115048896451,-0.09988379805774793,0.010008714646709188,-0.2229574022488396,-0.12014567606486325,-0.6616825781270738,1.5374122295716144,1.957139105110137,0.3952847075210472
0.246417614402811,0.39120540742716986,-0.06111300336722777,1.4969204914501675,1.1486962939973415,0.22992476864328446,-0.2698653449504969,0.010008714646709188,-0.2229574022488396,-0.12014567606486325,1.2215678365422902,1.5374122295716144,2.3257543215766767,0.3952847075210472
-0.1908488066078715,-0.43217735918855926,-0.3574734423932412,0.5111404376006635,-0.4433659313932319,0.1495841018568539,-0.31783537333613426,0.010008714646709188,-0.2229574022488396,-0.12014567606486325,1.2215678365422902,-0.6504436355879909,-0.9168100402222058,0.3952847075210472
-0.3248437021044952,-0.5449009454323243,-0.3724039389934744,1.1517690537814356,0.7784322535464535,0.06903848436871311,-0.36592777425578144,0.010008714646709188,-0.2229574022488396,-0.12014567606486325,-0.6616825781270738,-0.6504436355879909,-1.8164810770218969,0.3952847075210472
-0.41933573591186935,-0.6502920389181485,-0.3807772020296281,-0.0018197022154943388,-0.3473811477581754,0.0002488433283577018,-0.4070008841182576,0.010008714646709188,-0.2229574022488396,-0.12014567606486325,-0.6616825781270738,1.5374122295716144,-2.078885129421805,0.3952847075210472
-0.477866142412804,-0.6482259200060116,-0.38066492705493,-0.23222392754394705,-0.08364279480835574,-0.08868257270630846,-0.460100300916705,0.010008714646709188,-0.2229574022488396,-0.12014567606486325,1.2215678365422902,-0.6504436355879909,-1.3916364207553757,0.3952847075210472
-0.538016250778622,-0.6415237278230025,-0.38028644258462363,-0.34089071970079554,-0.37587463659195514,-0.17784000561142607,-0.5133346684956832,0.010008714646709188,-0.2229574022488396,-0.12014567606486325,-0.6616825781270738,-0.6504436355879909,-1.5040953003553372,0.3952847075210472
-0.6168261298799563,-0.589629823141073,-0.37661698008582983,-0.8766340735196321,0.2612512630287261,-0.3599591521359674,-0.6220748741448829,0.010008714646709188,-0.2229574022488396,-0.12014567606486325,-0.6616825781270738,1.5374122295716144,-0.8668283159555569,0.3952847075210472
-0.6972328996930088,-0.5820559268945862,-0.37597197344375105,-0.07226907098040498,-1.0676010677384238,-0.43744138792327647,-0.6683381826133115,0.010008714646709188,-0.2229574022488396,-0.12014567606486325,1.2215678365422902,-0.6504436355879909,1.1636792323770762,0.3952847075210472
-0.7763323152405209,-0.5985788280601699,-0.3773431619571039,0.7229124561870311,0.38359833912292446,-0.5192562863793543,-0.7171884493373729,0.010008714646709188,-0.2229574022488396,-0.12014567606486325,-0.6616825781270738,-0.6504436355879909,0.6763574207772439,0.3952847075210472
-0.8540795525968082,-0.6452477036614687,-0.3804994371044608,-0.17903075759984882,-0.3045348454708137,-0.6010532049075435,-0.7660279805561707,0.010008714646709188,-0.2229574022488396,-0.12014567606486325,-0.6616825781270738,-0.6504436355879909,0.264008195577387,0.3952847075210472
-0.8327082487023963,-0.5904273655560912,-0.37668327779562255,0.7706399934050225,0.4043556198979114,-0.6010532049075435,-0.5526140708062124,0.010008714646709188,-0.2229574022488396,-0.12014567606486325,1.2215678365422902,-0.6504436355879909,0.4077056528440038,0.3952847075210472
-0.8193412171870312,-0.5834769364389132,-0.37609511383908456,0.10889191003106798,-0.6723794968372059,-0.6010532049075435,-0.6248927872411811,0.010008714646709188,-0.2229574022488396,-0.12014567606486325,-0.6616825781270738,-0.6504436355879909,0.5201645324439633,0.3952847075210472
-0.8132342858712915,-0.5893560846406578,-0.3765941536264426,-0.08741190160688665,-0.30516910438468736,-0.6010532049075435,-0.6973397607771822,0.010008714646709188,-0.2229574022488396,-0.12014567606486325,-0.6616825781270738,1.5374122295716144,0.8575411712438483,0.3952847075210472
-0.814400978853764,-0.58662887538502,-0.3763647487657022,-0.13427496694384916,-0.2801289530262451,-0.6074040398246066,-0.7698199547011434,0.010008714646709188,-0.2229574022488396,-0.12014567606486325,1.2215678365422902,-0.6504436355879909,-0.1608364606891338,0.3952847075210472
-0.666518415451528,-0.16718649500010754,-0.2980522631146488,1.5846926808393944,1.2471717111384986,-0.6074040398246066,-0.07196760653562473,0.010008714646709188,-0.2229574022488396,-0.12014567606486325,1.2215678365422902,-0.6504436355879909,0.43269651497732925,0.3952847075210472
-0.5198617188498158,-0.08455281269788659,-0.2725421774069768,-0.1282826814708924,-1.7568046240420765,-0.6074040398246066,-0.14823062328146644,-4.608032397685742,4.508236106706914,2.946485861098225,-0.6616825781270738,-0.6504436355879909,0.057833582977457124,0.3952847075210472
-0.4575771098925797,-0.15785250799102582,-0.29533699911958927,-0.6475129308974649,-0.7232900913300111,-0.6074040398246066,-0.49490293262763657,0.010008714646709188,-0.2229574022488396,-0.12014567606486325,-0.6616825781270738,-0.6504436355879909,-0.24205676262243814,0.3952847075210472
-0.1666975149807838,-0.24419152301994806,-0.3188374602450665,-0.6265406939080365,0.5589308919132921,-0.14697035638450148,0.17559406576412673,4.787292623956142,4.6713807104640095,2.0430271642063365,1.2215678365422902,-0.6504436355879909,0.7700731537772121,0.3952847075210472
-0.10439218241996097,-0.18449153802542684,-0.30297429089449857,-1.0407377247882592,-0.09237597470917855,-0.14697035638450148,0.13053657726804094,0.010008714646709188,-0.2229574022488396,-0.12014567606486325,-0.6616825781270738,-0.6504436355879909,0.2827513421773805,0.3952847075210472
-0.03237437464816289,-0.1733839499588605,-0.29983171702746764,-1.9667165574069383,1.3829622593585742,-0.14697035638450148,0.08584095266140673,0.010008714646709188,-0.2229574022488396,-0.12014567606486325,-0.6616825781270738,-0.6504436355879909,-0.12959788302247865,0.3952847075210472
0.13350678417363976,-0.6553479290785054,-0.3810431940444983,-0.06243500543907893,-0.3074303317020668,0.755995437836691,0.04424239081354332,4.787292623956142,4.6713807104640095,2.3635156276694493,-0.6616825781270738,1.5374122295716144,-0.24205676262243814,0.3952847075210472
0.06240895260090158,-0.6128512720131208,-0.37842078492274817,-0.9949124505998406,0.398156705899599,0.5889670001316295,-0.05548741251531993,0.010008714646709188,-0.2229574022488396,-0.12014567606486325,1.2215678365422902,-0.6504436355879909,0.4389442305106595,0.3952847075210472
-0.12528866701865168,-0.27760777353233035,-0.3269605207505431,-1.7598380619593863,1.1003069934082752,-0.12120083312838126,-0.4795163941344158,0.010008714646709188,-0.2229574022488396,-0.12014567606486325,-0.6616825781270738,-0.6504436355879909,0.06408129851078903,0.3952847075210472
-0.33854580553189006,-0.16864358629779597,-0.29847231119091694,-0.18305997356173032,-1.4763197482042414,-0.3351894600025125,-0.6072853175943513,0.010008714646709188,-0.2229574022488396,-0.12014567606486325,-0.6616825781270738,-0.6504436355879909,-0.11085473642248514,0.3952847075210472
-0.5941725144406383,-0.1804681309998114,-0.3018429093732493,0.874682825614146,0.6095554909342434,-0.635495771131157,-0.7865930436245792,0.010008714646709188,-0.2229574022488396,-0.12014567606486325,-0.6616825781270738,-0.6504436355879909,-0.14834102962247217,0.3952847075210472
-0.8362638253929839,-0.45031300797349777,-0.36029240374377647,0.2391261534446736,-0.8379893610783224,-0.728844946811443,-0.8423302286178644,0.010008714646709188,-0.2229574022488396,-0.12014567606486325,-0.6616825781270738,-0.6504436355879909,-0.0639968699225005,-2.5298221281347035
-0.9478923171631862,-0.5532245163258754,-0.3732615771112867,1.485632380390881,1.0554519921593228,-0.728844946811443,-0.8423302286178644,0.010008714646709188,-0.2229574022488396,-0.12014567606486325,1.2215678365422902,1.5374122295716144,1.4823127245769672,-2.5298221281347035
-1.0202095951224779,-0.7090627334078969,-0.3831020169606361,1.780391967699668,1.4730696625403585,-0.728844946811443,-0.8423302286178644,0.010008714646709188,-0.2229574022488396,-0.12014567606486325,1.2215678365422902,-0.6504436355879909,-0.7356262897556016,-2.5298221281347035
-1.037358494378689,-0.7610696737547553,-0.3837592765353673,-0.13180275107504824,-0.8857905995964451,-0.728844946811443,-0.8423302286178644,0.010008714646709188,-0.2229574022488396,-0.12014567606486325,-0.6616825781270738,-0.6504436355879909,-0.07336844322249754,-2.5298221281347035
-1.037358494378689,-0.7610696737547553,-0.3837592765353673,-0.13180275107504824,-0.8857905995964451,-0.728844946811443,-0.8423302286178644,0.010008714646709188,-0.2229574022488396,-0.12014567606486325,-0.6616825781270738,1.5374122295716144,-0.05462529662250402,-2.5298221281347035
-0.03744594863356304,2.2713344089539325,1.8507823957914653,1.7803919676939641,1.4730696628565279,-0.728844946811443,2.407575768649568,0.010008714646709188,-0.2229574022488396,-0.12014567606486325,-2.5449329927964377,1.5374122295716144,-1.4978475848220054,0.3952847075210472
0.8499159006135584,2.555114091936675,2.2885793599060564,-0.09683860427174068,-1.8257080650545794,-0.728844946811443,2.04176459336031,0.010008714646709188,-0.2229574022488396,-0.12014567606486325,1.2215678365422902,1.5374122295716144,0.4077056528440038,0.3952847075210472
1.4850285469922162,1.9514211980862353,1.4041722553434077,-1.4391974765449882,0.6609527899689307,-0.728844946811443,1.2219066960906622,0.010008714646709188,-0.2229574022488396,-0.12014567606486325,1.2215678365422902,-0.6504436355879909,-0.8855714625555504,0.3952847075210472
2.0877332789712186,0.4124731423075488,-0.0490928154049038,0.1171800273008288,-1.310265067726074,2.5519481273249456,1.1165748090025873,0.010008714646709188,-0.2229574022488396,-0.12014567606486325,-0.6616825781270738,-0.6504436355879909,-0.7981034450889144,0.3952847075210472
1.6755675401542538,0.09302039473936416,-0.206494822820634,1.6703607567596224,1.3348404108747414,2.470525410185961,1.0679587069882024,0.010008714646709188,-0.2229574022488396,-0.12014567606486325,-0.6616825781270738,1.5374122295716144,-0.23580904708910844,0.3952847075210472
1.063684756180074,0.2560305649880172,-0.13237284945961658,-1.9633794486792977,1.3850967491255,0.7707115714349035,0.05302914072078109,0.010008714646709188,-0.2229574022488396,-0.12014567606486325,1.2215678365422902,-0.6504436355879909,1.8446802255101753,0.3952847075210472
0.6528468493696502,0.45547382003406595,-0.024117947624250225,-0.18086952986979044,-1.77870547765571,0.4919833846058204,-0.1133946589423631,0.010008714646709188,-0.2229574022488396,-0.12014567606486325,-0.6616825781270738,1.5374122295716144,1.957139105110137,0.3952847075210472
0.22305953173829293,0.3702485781466639,-0.07274243941806312,1.4968011494289744,1.1485598176719576,0.21242235256176203,-0.28031573613880695,0.010008714646709188,-0.2229574022488396,-0.12014567606486325,1.2215678365422902,1.5374122295716144,2.3257543215766767,0.3952847075210472
-0.2062622236355498,-0.4380929929593313,-0.3584105207726367,0.5112049773459184,-0.4432832627864109,0.13353390029408807,-0.32741867224760307,0.010008714646709188,-0.2229574022488396,-0.12014567606486325,1.2215678365422902,-0.6504436355879909,-0.9168100402222058,0.3952847075210472
-0.3378444960535319,-0.5487996766904122,-0.37280984579779974,1.1518656964357796,0.7785172223034633,0.05445005045670443,-0.3746382768798304,0.010008714646709188,-0.2229574022488396,-0.12014567606486325,-0.6616825781270738,-0.6504436355879909,-1.8164810770218969,0.3952847075210472
-0.4306300091648117,-0.6523004270531495,-0.38088435130360193,-0.0017397323216964825,-0.3473404051598452,-0.013089916869910146,-0.41496522809166597,0.010008714646709188,-0.2229574022488396,-0.12014567606486325,-0.6616825781270738,1.5374122295716144,-2.078885129421805,0.3952847075210472
-0.4880984382881848,-0.6502759792505834,-0.3807763373316821,-0.2321867487105261,-0.08364611658851094,-0.10040416803046248,-0.4670990635971213,0.010008714646709188,-0.2229574022488396,-0.12014567606486325,1.2215678365422902,-0.6504436355879909,-1.3916364207553757,0.3952847075210472
-0.5471542776826149,-0.6437000867074243,-0.38041173891768204,-0.34081007861620904,-0.37592623808271447,-0.18793360874034387,-0.51936138507615,0.010008714646709188,-0.2229574022488396,-0.12014567606486325,-0.6616825781270738,-0.6504436355879909,-1.5040953003553372,0.3952847075210472
-0.6245265365176303,-0.5927603540414014,-0.3768754385222578,-0.8765433270504001,0.2612094726826911,-0.3667219720072661,-0.626112837410181,0.010008714646709188,-0.2229574022488396,-0.12014567606486325,-0.6616825781270738,1.5374122295716144,-0.8668283159555569,0.3952847075210472
-0.7034647735912147,-0.5853291895858257,-0.37625415118788796,-0.07225089941075559,-1.067588950408186,-0.4427862635788399,-0.6715295158094454,0.010008714646709188,-0.2229574022488396,-0.12014567606486325,1.2215678365422902,-0.6504436355879909,1.1636792323770762,0.3952847075210472
-0.781117397951172,-0.6015520196141866,-0.3775758127510634,0.7229394611724315,0.38361383533395543,-0.5231023462115616,-0.71948486542033,0.010008714646709188,-0.2229574022488396,-0.12014567606486325,-0.6616825781270738,-0.6504436355879909,0.6763574207772439,0.3952847075210472
-0.8574412420291343,-0.6473698055753392,-0.38061779699737186,-0.17899025026032656,-0.3045405732725688,-0.6033986378935798,-0.7674283981954201,0.010008714646709188,-0.2229574022488396,-0.12014567606486325,-0.6616825781270738,-0.6504436355879909,0.264008195577387,0.3952847075210472
-0.8363779061200257,-0.5933254591863111,-0.37692158643273377,0.7731787342062288,0.40669544553323783,-0.6033986378935798,-0.5576529886116476,0.010008714646709188,-0.2229574022488396,-0.12014567606486325,1.2215678365422902,-0.6504436355879909,0.4077056528440038,0.3952847075210472
-0.8231933405384239,-0.5864773190414799,-0.37635189426795673,0.10910287828088908,-0.6739697917947807,-0.6033986378935798,-0.6286771694344051,0.010008714646709188,-0.2229574022488396,-0.12014567606486325,-0.6616825781270738,-0.6504436355879909,0.5201645324439633,0.3952847075210472
-0.8171564415691928,-0.5922902229258051,-0.37683692816089065,-0.08827952603811069,-0.3046776859213873,-0.6033986378935798,-0.6998637953092668,0.010008714646709188,-0.2229574022488396,-0.12014567606486325,-0.6616825781270738,1.5374122295716144,0.8575411712438483,0.3952847075210472
-0.8182807124579169,-0.5896619212352907,-0.37661965429071664,-0.13423179666943397,-0.28011325252386743,-0.6095185502643816,-0.7710824924653292,0.010008714646709188,-0.2229574022488396,-0.12014567606486325,1.2215678365422902,-0.6504436355879909,-0.1608364606891338,0.3952847075210472
-0.6730285658958582,-0.1776878100718106,-0.30105648669153334,1.5845819855618775,1.2470459739957152,-0.6095185502643816,-0.08555587948273656,0.010008714646709188,-0.2229574022488396,-0.12014567606486325,1.2215678365422902,-0.6504436355879909,0.43269651497732925,0.3952847075210472
-0.5289763970794414,-0.09651444077308839,-0.27644031112907763,-0.12829173161159294,-1.7567489272725976,-0.6095185502643816,-0.16048021626287826,0.010008714646709188,-0.2229574022488396,-0.12014567606486325,-0.6616825781270738,-0.6504436355879909,0.057833582977457124,0.3952847075210472
-0.4678037533902716,-0.16850558731975043,-0.2984325732890835,-0.6474238033095879,-0.7234229510904762,-0.6095185502643816,-0.5010410658214686,0.010008714646709188,-0.2229574022488396,-0.12014567606486325,-0.6616825781270738,-0.6504436355879909,-0.24205676262243814,0.3952847075210472
-0.18224551425542188,-0.25372072013523256,-0.3212091992067693,-0.6299250105569604,0.5594667599473212,-0.15725056113343266,0.15703610938890014,0.010008714646709188,-0.2229574022488396,-0.12014567606486325,1.2215678365422902,-0.6504436355879909,0.7700731537772121,0.3952847075210472
-0.12122044820435124,-0.19522279673044735,-0.3059534430239779,-1.0423233737225694,-0.0894785759253984,-0.15725056113343266,0.11278719460603032,0.010008714646709188,-0.2229574022488396,-0.12014567606486325,-0.6616825781270738,-0.6504436355879909,0.2827513421773805,0.3952847075210472
-0.05064758214554528,-0.18428899962033538,-0.3029175251764312,-1.9666232015372325,1.3828544718390494,-0.15725056113343266,0.06889502422672943,0.010008714646709188,-0.2229574022488396,-0.12014567606486325,-0.6616825781270738,-0.6504436355879909,-0.12959788302247865,0.3952847075210472
0.11214014927119294,-0.6572515022626925,-0.381140122358146,-0.06228766543373505,-0.30747191649671235,0.7288763156753195,0.02805003005889899,0.010008714646709188,-0.2229574022488396,-0.12014567606486325,-0.6616825781270738,1.5374122295716144,-0.24205676262243814,0.3952847075210472
0.04232880002644028,-0.6155400231424683,-0.3786127136195794,-0.9947059627453129,0.39803488762255,0.5648888578104464,-0.06986405658389583,0.010008714646709188,-0.2229574022488396,-0.12014567606486325,1.2215678365422902,-0.6504436355879909,0.4389442305106595,0.3952847075210472
-0.14195085010256378,-0.28642294676855323,-0.3290129108697975,-1.7598100431751684,1.1002724108477016,-0.1323221245882332,-0.48615672571682866,0.010008714646709188,-0.2229574022488396,-0.12014567606486325,-0.6616825781270738,-0.6504436355879909,0.06408129851078903,0.3952847075210472
-0.3513180519347353,-0.17945399552867716,-0.30155649316411953,-0.18304083244475441,-1.4763308126031383,-0.3423959887595949,-0.6115882117931027,0.010008714646709188,-0.2229574022488396,-0.12014567606486325,-0.6616825781270738,-0.6504436355879909,-0.11085473642248514,0.3952847075210472
-0.6022767745965241,-0.1910731651266932,-0.304808082240909,0.8747459736540566,0.6096016741787524,-0.6372049435499577,-0.7876135610378062,0.010008714646709188,-0.2229574022488396,-0.12014567606486325,-0.6616825781270738,-0.6504436355879909,-0.14834102962247217,0.3952847075210472
-0.8399447616798198,-0.4560006883967608,-0.3611435560380502,0.2391349205843258,-0.8379775268313326,-0.728844946811443,-0.8423302286178644,0.010008714646709188,-0.2229574022488396,-0.12014567606486325,-0.6616825781270738,-0.6504436355879909,-0.0639968699225005,-2.5298221281347035
-0.9495301940929977,-0.5570294584886262,-0.37364241376603363,1.4856339918348527,1.0554544635444463,-0.728844946811443,-0.8423302286178644,0.010008714646709188,-0.2229574022488396,-0.12014567606486325,1.2215678365422902,1.5374122295716144,1.4823127245769672,-2.5298221281347035
-1.0205235821010206,-0.7100149520791721,-0.38312586475112986,1.780391967693626,1.473069663173262,-0.728844946811443,-0.8423302286178644,0.010008714646709188,-0.2229574022488396,-0.12014567606486325,1.2215678365422902,-0.6504436355879909,-0.7356262897556016,-2.5298221281347035
-1.037358494378689,-0.7610696737547553,-0.3837592765353673,-0.13180275107504824,-0.8857905995964451,-0.728844946811443,-0.8423302286178644,0.010008714646709188,-0.2229574022488396,-0.12014567606486325,-0.6616825781270738,-0.6504436355879909,-0.07336844322249754,-2.5298221281347035
-1.037358494378689,-0.7610696737547553,-0.3837592765353673,-0.13180275107504824,-0.8857905995964451,-0.728844946811443,-0.8423302286178644,0.010008714646709188,-0.2229574022488396,-0.12014567606486325,-0.6616825781270738,1.5374122295716144,-0.05462529662250402,-2.5298221281347035
-0.02295460516021195,2.3152818614581685,1.9160204155302747,1.780391967693964,1.473069662856529,-0.728844946811443,2.454675391774522,0.010008714646709188,-0.2229574022488396,-0.12014567606486325,-2.5449329927964377,1.5374122295716144,-1.4978475848220054,0.3952847075210472
0.8773183303067051,2.603252463722139,2.3667268549823364,-0.09687127530300761,-1.8257743120037029,-0.728844946811443,2.0837280797826954,0.010008714646709188,-0.2229574022488396,-0.12014567606486325,1.2215678365422902,1.5374122295716144,0.4077056528440038,0.3952847075210472
1.52174968574799,1.9907937049427245,1.456453537148597,-1.439561230152759,0.6614329539365399,-0.728844946811443,1.2521942733375755,4.46880703000218,4.34509150294982,0.861055560403011,1.2215678365422902,-0.6504436355879909,-0.8855714625555504,0.3952847075210472
2.1333124062736792,0.42913281824695476,-0.03952348517329999,0.11709807267864228,-1.3104215996496071,2.600166145091839,1.1453649569251299,0.010008714646709188,-0.2229574022488396,-0.12014567606486325,-0.6616825781270738,-0.6504436355879909,-0.7981034450889144,0.3952847075210472
1.7152996698012641,0.10518268665140075,-0.20141036514729127,1.6703619159555403,1.3348425897407201,2.517580474440548,1.0960544753987498,0.010008714646709188,-0.2229574022488396,-0.12014567606486325,-0.6616825781270738,1.5374122295716144,-0.23580904708910844,0.3952847075210472
1.0945471115297503,0.2709853308394988,-0.12492606485527141,-1.9634543163378946,1.3851746944850687,0.7927102508248988,0.06616417328890563,0.010008714646709188,-0.2229574022488396,-0.12014567606486325,1.2215678365422902,-0.6504436355879909,1.8446802255101753,0.3952847075210472
0.6776892559695752,0.4733695940450902,-0.013459227553543937,-0.18085146120300627,-1.778757451142174,0.5099400214355405,-0.10267306036860398,0.010008714646709188,-0.2229574022488396,-0.12014567606486325,-0.6616825781270738,1.5374122295716144,1.957139105110137,0.3952847075210472
0.24159544539426206,0.38687899339174064,-0.06353131616799107,1.496895838157226,1.1486681009530262,0.22631129130404146,-0.2720228900328041,0.010008714646709188,-0.2229574022488396,-0.12014567606486325,1.2215678365422902,1.5374122295716144,2.3257543215766767,0.3952847075210472
-0.1940308719121409,-0.4333983965219923,-0.35766825634319527,0.5111537741866489,-0.4433488475643137,0.14627039688803817,-0.31981392949920767,0.010008714646709188,-0.2229574022488396,-0.12014567606486325,1.2215678365422902,-0.6504436355879909,-0.9168100402222058,0.3952847075210472
-0.327527773369762,-0.545705711008689,-0.37248833024077505,1.1517890188452926,0.7784498062323334,0.06602654239818305,-0.3677261529300125,0.010008714646709188,-0.2229574022488396,-0.12014567606486325,-0.6616825781270738,-0.6504436355879909,-1.8164810770218969,0.3952847075210472
-0.4216675444643975,-0.6507066381846421,-0.3807994818386687,-0.0018031814717979551,-0.34737273170920485,-0.0025051156615710315,-0.40864522559815775,0.010008714646709188,-0.2229574022488396,-0.12014567606486325,-0.6616825781270738,1.5374122295716144,-2.078885129421805,0.3952847075210472
-0.4799787202408294,-0.648649135075217,-0.3806880939478496,-0.23221624478780872,-0.0836434818574435,-0.09110267855795746,-0.4615453044378789,0.010008714646709188,-0.2229574022488396,-0.12014567606486325,1.2215678365422902,-0.6504436355879909,-1.3916364207553757,0.3952847075210472
-0.5399029223337001,-0.6419730310767257,-0.38031249822958574,-0.34087405282168326,-0.3758853020703697,-0.17992400107845025,-0.5145789862952159,0.010008714646709188,-0.2229574022488396,-0.12014567606486325,-0.6616825781270738,-0.6504436355879909,-1.5040953003553372,0.3952847075210472
-0.618415999649299,-0.5902761425765206,-0.37667073075773727,-0.8766153296765837,0.26124263504111267,-0.36135546842552785,-0.6229085905518379,0.010008714646709188,-0.2229574022488396,-0.12014567606486325,-0.6616825781270738,1.5374122295716144,-0.8668283159555569,0.3952847075210472
-0.6985195800086905,-0.5827317282344288,-0.3760306587269373,-0.07226532036229144,-1.0675985685039238,-0.4385449502812491,-0.668997100689981,0.010008714646709188,-0.2229574022488396,-0.12014567606486325,1.2215678365422902,-0.6504436355879909,1.1636792323770762,0.3952847075210472
-0.7773202879273055,-0.5991926828644446,-0.3773915477382027,0.7229180399085231,0.3836015418809173,-0.5200503921880557,-0.7176625962384171,0.010008714646709188,-0.2229574022488396,-0.12014567606486325,-0.6616825781270738,-0.6504436355879909,0.6763574207772439,0.3952847075210472
-0.8547736442907933,-0.6456858489635002,-0.38052405388122174,-0.17902238850618749,-0.3045360230819913,-0.6015374738839012,-0.7663171292211167,0.010008714646709188,-0.2229574022488396,-0.12014567606486325,-0.6616825781270738,-0.6504436355879909,0.264008195577387,0.3952847075210472
-0.8334656706846112,-0.5910250370061664,-0.37673275809463524,0.7711648259720785,0.4048391671300439,-0.6015374738839012,-0.5536536226978781,0.010008714646709188,-0.2229574022488396,-0.12014567606486325,1.2215678365422902,-0.6504436355879909,0.4077056528440038,0.3952847075210472
-0.8201361215479123,-0.5840956462539378,-0.3761484226926947,0.1089355664005245,-0.6727082671127963,-0.6015374738839012,-0.6256735301791773,0.010008714646709188,-0.2229574022488396,-0.12014567606486325,-0.6616825781270738,-0.6504436355879909,0.5201645324439633,0.3952847075210472
-0.8140435215893358,-0.5899612429538612,-0.3766445677273201,-0.08759120903152087,-0.3050675961444154,-0.6015374738839012,-0.69786048731541,0.010008714646709188,-0.2229574022488396,-0.12014567606486325,-0.6616825781270738,1.5374122295716144,0.8575411712438483,0.3952847075210472
-0.8152013913163465,-0.5872546039584821,-0.37641770276230097,-0.1342660602132168,-0.28012571392243,-0.6078402798510132,-0.7700804261073032,0.010008714646709188,-0.2229574022488396,-0.12014567606486325,1.2215678365422902,-0.6504436355879909,-0.1608364606891338,0.3952847075210472
-0.6678616727860306,-0.16935348939938175,-0.2986765871562418,1.5846698347925332,1.2471457604864828,-0.6078402798510132,-0.07477150753195785,4.62804982697916,4.508236106706914,2.652994350536657,1.2215678365422902,-0.6504436355879909,0.43269651497732925,0.3952847075210472
-0.5217424661766895,-0.08702114660964709,-0.2733522684651412,-0.12828454935316766,-1.7567931289950862,-0.6078402798510132,-0.15075831094689773,0.010008714646709188,-0.2229574022488396,-0.12014567606486325,-0.6616825781270738,-0.6504436355879909,0.057833582977457124,0.3952847075210472
-0.45968734819805995,-0.16005077959577207,-0.2959802898460532,-0.6474945340971496,-0.7233175157062347,-0.6078402798510132,-0.4961695485047576,0.010008714646709188,-0.2229574022488396,-0.12014567606486325,-0.6616825781270738,-0.6504436355879909,-0.24205676262243814,0.3952847075210472
-0.16990641235626247,-0.24615919718970214,-0.31933081376839845,-0.62723970152676,0.5590411428302563,-0.14909169688720286,0.17176274337132189,0.010008714646709188,-0.2229574022488396,-0.12014567606486325,1.2215678365422902,-0.6504436355879909,0.7700731537772121,0.3952847075210472
-0.1078658429283208,-0.1867077239699406,-0.303594121797694,-1.0410650911463482,-0.09177771638509673,-0.14909169688720286,0.12687214572123895,0.010008714646709188,-0.2229574022488396,-0.12014567606486325,-0.6616825781270738,-0.6504436355879909,0.2827513421773805,0.3952847075210472
-0.036146757869116114,-0.1756359136955174,-0.3004736917874566,-1.9666972839496941,1.382940006205663,-0.14909169688720286,0.08234235935097586,0.010008714646709188,-0.2229574022488396,-0.12014567606486325,-0.6616825781270738,-0.6504436355879909,-0.12959788302247865,0.3952847075210472
0.12909554067739068,-0.6557408494211406,-0.3810633454505614,-0.0624045681622701,-0.30743893074921386,0.7503964933675429,0.04089935750478815,0.010008714646709188,-0.2229574022488396,-0.12014567606486325,-0.6616825781270738,1.5374122295716144,-0.24205676262243814,0.3952847075210472
0.0582632749525298,-0.6134063269728344,-0.37846069370508023,-0.9948697853147864,0.3981315315909967,0.5839958588040945,-0.0584555953812249,0.010008714646709188,-0.2229574022488396,-0.12014567606486325,1.2215678365422902,-0.6504436355879909,0.4389442305106595,0.3952847075210472
-0.12872871175408282,-0.27942768432469334,-0.32738733457654623,-1.7598322761309797,1.1002998526457,-0.12349698098940962,-0.4808873844743884,0.010008714646709188,-0.2229574022488396,-0.12014567606486325,-0.6616825781270738,-0.6504436355879909,0.06408129851078903,0.3952847075210472
-0.3411827598233587,-0.17087544452664374,-0.2991137071989589,-0.1830560196577868,-1.4763220367836056,-0.33667735518639863,-0.6081737141817932,0.010008714646709188,-0.2229574022488396,-0.12014567606486325,-0.6616825781270738,-0.6504436355879909,-0.11085473642248514,0.3952847075210472
-0.5958457307442268,-0.18265762163769833,-0.3024595695962059,0.8746958741781634,0.609565034071893,-0.6358486560488147,-0.786803745130977,0.010008714646709188,-0.2229574022488396,-0.12014567606486325,-0.6616825781270738,-0.6504436355879909,-0.14834102962247217,0.3952847075210472
-0.8370238081174506,-0.4514873103749495,-0.3604694241642479,0.2391279643859372,-0.8379869166317618,-0.728844946811443,-0.8423302286178644,0.010008714646709188,-0.2229574022488396,-0.12014567606486325,-0.6616825781270738,-0.6504436355879909,-0.0639968699225005,-2.5298221281347035
-0.9482304813974607,-0.5540101032535694,-0.37334078290398265,1.485632713281388,1.0554525026956676,-0.728844946811443,-0.8423302286178644,0.010008714646709188,-0.2229574022488396,-0.12014567606486325,1.2215678365422902,1.5374122295716144,1.4823127245769672,-2.5298221281347035
-1.020274422560512,-0.7092593335892593,-0.3831069768030191,1.7803919676939648,1.4730696625574928,-0.728844946811443,-0.8423302286178644,0.010008714646709188,-0.2229574022488396,-0.12014567606486325,1.2215678365422902,-0.6504436355879909,-0.7356262897556016,-2.5298221281347035
-1.037358494378689,-0.7610696737547553,-0.3837592765353673,-0.13180275107504824,-0.8857905995964451,-0.728844946811443,-0.8423302286178644,0.010008714646709188,-0.2229574022488396,-0.12014567606486325,-0.6616825781270738,-0.6504436355879909,-0.07336844322249754,-2.5298221281347035
-1.037358494378689,-0.7610696737547553,-0.3837592765353673,-0.13180275107504824,-0.8857905995964451,-0.728844946811443,-0.8423302286178644,0.010008714646709188,-0.2229574022488396,-0.12014567606486325,-0.6616825781270738,1.5374122295716144,-0.05462529662250402,-2.5298221281347035
-0.05743244606941681,2.210721971714868,1.7623460271102371,1.7803919676939648,1.4730696628565256,-0.728844946811443,2.3426158497471152,5.105778217910103,4.997669917978198,0.6173057375035333,-2.5449329927964377,1.5374122295716144,-1.4978475848220054,0.3952847075210472
0.8121248532264538,2.4887253055857346,2.182651910573659,-0.09679356166747762,-1.8256167326674202,-0.728844946811443,1.9838964188770098,0.010008714646709188,-0.2229574022488396,-0.12014567606486325,1.2215678365422902,1.5374122295716144,0.4077056528440038,0.3952847075210472
1.4343907195903063,1.897121559925509,1.3333058024427809,-1.4386964589544948,0.6602915534073315,-0.728844946811443,1.18015221706812,0.010008714646709188,-0.2229574022488396,-0.12014567606486325,1.2215678365422902,-0.6504436355879909,-0.8855714625555504,0.3952847075210472
2.024884538070495,0.3894789509033138,-0.06207912242864247,0.11729304687107117,-1.3100491880557246,2.4854786302226923,1.0768870171244065,0.010008714646709188,-0.2229574022488396,-0.12014567606486325,-0.6616825781270738,-0.6504436355879909,-0.7981034450889144,0.3952847075210472
1.620789195294142,0.07623540997454753,-0.21339373069917403,1.6703591337179702,1.3348373754510925,2.405660708029341,1.0292291105317724,-4.448789600708762,4.34509150294982,0.977949350496077,-0.6616825781270738,1.5374122295716144,-0.23580904708910844,0.3952847075210472
1.0211395631075655,0.23541546789353196,-0.14246002890843987,-1.9632762641802137,1.3849893324146851,0.7403839440931707,0.03492103678483428,0.010008714646709188,-0.2229574022488396,-0.12014567606486325,1.2215678365422902,-0.6504436355879909,1.8446802255101753,0.3952847075210472
0.6186011558694292,0.43080493744107917,-0.03855556986252938,-0.18089440143761773,-1.7786339127789144,0.4672304908746191,-0.12817418545623743,0.010008714646709188,-0.2229574022488396,-0.12014567606486325,-0.6616825781270738,1.5374122295716144,1.957139105110137,0.3952847075210472
0.19750796625690326,0.3473233738026128,-0.08521970931418656,1.4966708025983506,1.148410754848029,0.1932789066358131,-0.29174595798284303,0.010008714646709188,-0.2229574022488396,-0.12014567606486325,1.2215678365422902,1.5374122295716144,2.3257543215766767,0.3952847075210472
-0.22312255983547566,-0.4445671833809095,-0.35941658610770877,0.5112754671201553,-0.44319296408083897,0.11597947018184235,-0.337900120117791,0.010008714646709188,-0.2229574022488396,-0.12014567606486325,1.2215678365422902,-0.6504436355879909,-0.9168100402222058,0.3952847075210472
-0.35206452040525277,-0.5530660577922321,-0.3732455643816698,1.1519712160484352,0.7786100056071307,0.038494828648782044,-0.384164865015572,0.010008714646709188,-0.2229574022488396,-0.12014567606486325,-0.6616825781270738,-0.6504436355879909,-1.8164810770218969,0.3952847075210472
-0.4429826905070313,-0.6544977413777209,-0.380999334290623,-0.0016524153144028058,-0.3472959097046044,-0.02767802229342332,-0.4236755345808921,4.62804982697916,4.508236106706914,4.964109370403469,-0.6616825781270738,1.5374122295716144,-2.078885129421805,0.3952847075210472
-0.4992892804347743,-0.6525186970320228,-0.38089587809575504,-0.23214616216603218,-0.08364974091448683,-0.11322320038532065,-0.4747530870267949,0.010008714646709188,-0.2229574022488396,-0.12014567606486325,1.2215678365422902,-0.6504436355879909,-1.3916364207553757,0.3952847075210472
-0.5571480824573886,-0.6460807695338466,-0.38054616217034654,-0.3407220659029461,-0.375982546997585,-0.19897202576931158,-0.5259522337632749,0.010008714646709188,-0.2229574022488396,-0.12014567606486325,-0.6616825781270738,-0.6504436355879909,-1.5040953003553372,0.3952847075210472
-0.6329478810079472,-0.5961843668163159,-0.37715267328011065,-0.8764442658014168,0.2611638571447115,-0.37411758487756536,-0.630528630476232,0.010008714646709188,-0.2229574022488396,-0.12014567606486325,-0.6616825781270738,1.5374122295716144,-0.8668283159555569,0.3952847075210472
-0.7102799257163992,-0.5889091169138373,-0.3765568036782398,-0.07223106145535524,-1.0675757181563108,-0.4486311411701037,-0.6750193915495714,0.010008714646709188,-0.2229574022488396,-0.12014567606486325,1.2215678365422902,-0.6504436355879909,1.1636792323770762,0.3952847075210472
-0.786350233103199,-0.604803670792622,-0.3778253342170556,0.7229689252265861,0.38363074548391185,-0.527308115236675,-0.7219960576668971,0.010008714646709188,-0.2229574022488396,-0.12014567606486325,-0.6616825781270738,-0.6504436355879909,0.6763574207772439,0.3952847075210472
-0.8611174097590479,-0.6496905287096688,-0.3807447294427769,-0.1789460470043346,-0.3045468294697651,-0.6059634136414619,-0.7689597816199036,0.010008714646709188,-0.2229574022488396,-0.12014567606486325,-0.6616825781270738,-0.6504436355879909,0.264008195577387,0.3952847075210472
-0.8403944352209977,-0.596504473027237,-0.37717830032884303,0.7759457210520359,0.4092479393224891,-0.6059634136414619,-0.5631750208840598,0.010008714646709188,-0.2229574022488396,-0.12014567606486325,1.2215678365422902,-0.6504436355879909,0.4077056528440038,0.3952847075210472
-0.8274120839537054,-0.5897693263215091,-0.3766285989443963,0.10933220288148593,-0.6757029063952519,-0.6059634136414619,-0.6328242801653376,0.010008714646709188,-0.2229574022488396,-0.12014567606486325,-0.6616825781270738,-0.6504436355879909,0.5201645324439633,0.3952847075210472
-0.8214535635901119,-0.5955080250055221,-0.3770983629673199,-0.08922593978574454,-0.3041409353452843,-0.6059634136414619,-0.7026297329349158,0.010008714646709188,-0.2229574022488396,-0.12014567606486325,-0.6616825781270738,1.5374122295716144,0.8575411712438483,0.3952847075210472
-0.8225323433534131,-0.5929858034431346,-0.3768938678967609,-0.13418449449894454,-0.2800960469444598,-0.6118356973455247,-0.7724660210779509,0.010008714646709188,-0.2229574022488396,-0.12014567606486325,1.2215678365422902,-0.6504436355879909,-0.1608364606891338,0.3952847075210472
-0.6801603191645628,-0.18918860548905914,-0.30428515201750517,1.5844608053150562,1.2469083294021848,-0.6118356973455247,-0.10043885738322231,0.010008714646709188,-0.2229574022488396,-0.12014567606486325,1.2215678365422902,-0.6504436355879909,0.43269651497732925,0.3952847075210472
-0.5389600954596512,-0.10961457539666787,-0.2806296874180335,-0.12830163832674849,-1.7566879546853877,-0.6118356973455247,-0.17389669116091316,0.010008714646709188,-0.2229574022488396,-0.12014567606486325,-0.6616825781270738,-0.6504436355879909,0.057833582977457124,0.3952847075210472
-0.4790048040113876,-0.18017315208133494,-0.3017596517934779,-0.6473262625398623,-0.7235683407349237,-0.6118356973455247,-0.5077636298194367,0.010008714646709188,-0.2229574022488396,-0.12014567606486325,-0.6616825781270738,-0.6504436355879909,-0.24205676262243814,0.3952847075210472
-0.19926637995541013,-0.26413898309764167,-0.32375171868104247,-0.6336223689926923,0.5600581817530448,-0.16850957623697435,0.136737074606974,4.46880703000218,4.34509150294982,1.9789436797038757,1.2215678365422902,-0.6504436355879909,0.7700731537772121,0.3952847075210472
-0.13963540339462896,-0.20695108131700943,-0.3091453736320607,-1.0440576299328197,-0.08631066382781803,-0.16850957623697435,0.09337316065018911,4.787292623956142,4.6713807104640095,2.2331066102100783,-0.6616825781270738,-0.6504436355879909,0.2827513421773805,0.3952847075210472
-0.07063728265888775,-0.19620879558440682,-0.3062243630408483,-1.9665210867446485,1.3827365743309354,-0.16850957623697435,0.05036032744882211,0.010008714646709188,-0.2229574022488396,-0.12014567606486325,-0.6616825781270738,-0.6504436355879909,-0.12959788302247865,0.3952847075210472
0.08876983083602911,-0.6593347208989007,-0.3812441798245088,-0.062126770144811515,-0.3075172869451648,0.6992150759404974,0.010339814685469595,0.010008714646709188,-0.2229574022488396,-0.12014567606486325,-0.6616825781270738,1.5374122295716144,-0.24205676262243814,0.3952847075210472
0.020366090164546824,-0.618481626512783,-0.3788186667338192,-0.994480474453255,0.3979019085776395,0.5385540852202015,-0.08558809571891471,0.010008714646709188,-0.2229574022488396,-0.12014567606486325,1.2215678365422902,-0.6504436355879909,0.4389442305106595,0.3952847075210472
-0.1601747424800676,-0.2960651064423498,-0.33121459670496245,-1.759779448330862,1.1002346492827197,-0.14448487009799296,-0.49341889157489205,0.010008714646709188,-0.2229574022488396,-0.12014567606486325,-0.6616825781270738,-0.6504436355879909,0.06408129851078903,0.3952847075210472
-0.3652871460116218,-0.19127819481245356,-0.3048648700527536,-0.18301993919507936,-1.476342880994494,-0.35027729609718344,-0.616294004660183,0.010008714646709188,-0.2229574022488396,-0.12014567606486325,-0.6616825781270738,-0.6504436355879909,-0.11085473642248514,0.3952847075210472
-0.6111402754093,-0.202672263403323,-0.3079886106424205,0.8748148913654813,0.6096520791348506,-0.6390741416240971,-0.7887296270136239,0.010008714646709188,-0.2229574022488396,-0.12014567606486325,-0.6616825781270738,-0.6504436355879909,-0.14834102962247217,0.3952847075210472
-0.8439703797925677,-0.46222098684809315,-0.36205641413928324,0.23914448961166304,-0.8379646100113056,-0.728844946811443,-0.8423302286178644,0.010008714646709188,-0.2229574022488396,-0.12014567606486325,-0.6616825781270738,-0.6504436355879909,-0.0639968699225005,-2.5298221281347035
-0.9513214304245933,-0.5611906745630685,-0.37405085454280934,1.4856357505790938,1.0554571608298562,-0.728844946811443,-0.8423302286178644,0.010008714646709188,-0.2229574022488396,-0.12014567606486325,1.2215678365422902,1.5374122295716144,1.4823127245769672,-2.5298221281347035
-1.02086696691647,-0.7110563246679448,-0.3831514408575646,1.7803919676936113,1.4730696628561126,-0.728844946811443,-0.8423302286178644,0.010008714646709188,-0.2229574022488396,-0.12014567606486325,1.2215678365422902,-0.6504436355879909,-0.7356262897556016,-2.5298221281347035
-1.037358494378689,-0.7610696737547553,-0.3837592765353673,-0.13180275107504824,-0.8857905995964451,-0.728844946811443,-0.8423302286178644,0.010008714646709188,-0.2229574022488396,-0.12014567606486325,-0.6616825781270738,-0.6504436355879909,-0.07336844322249754,-2.5298221281347035
-1.037358494378689,-0.7610696737547553,-0.3837592765353673,-0.13180275107504824,-0.8857905995964451,-0.728844946811443,-0.8423302286178644,0.010008714646709188,-0.2229574022488396,-0.12014567606486325,-0.6616825781270738,1.5374122295716144,-0.05462529662250402,-2.5298221281347035
0.02062379069609287,2.4474407248256433,2.117860002728489,1.7803919676939648,1.4730696628565256,-0.728844946811443,2.5963134686716978,0.010008714646709188,-0.2229574022488396,-0.12014567606486325,-2.5449329927964377,1.5374122295716144,-1.4978475848220054,0.3952847075210472
0.9597319968280181,2.74802817297633,2.6085416647655073,-0.09696958747456703,-1.8259736606228372,-0.728844946811443,2.20995009747492,0.010008714646709188,-0.2229574022488396,-0.12014567606486325,1.2215678365422902,1.5374122295716144,0.4077056528440038,0.3952847075210472
1.6322072597032093,2.1092059271367907,1.6182289145083852,-1.4406575862001474,0.6628806108542517,-0.728844946811443,1.3433423075772613,0.010008714646709188,-0.2229574022488396,-0.12014567606486325,1.2215678365422902,-0.6504436355879909,-0.8855714625555504,0.3952847075210472
2.2704300285572887,0.47916869231483306,-0.009971894594568416,0.11685157329032562,-1.31089235656761,2.745288785202391,1.2320151858061976,0.010008714646709188,-0.2229574022488396,-0.12014567606486325,-0.6616825781270738,-0.6504436355879909,-0.7981034450889144,0.3952847075210472
1.8348570514715747,0.14171759492205532,-0.18570457117631237,1.6703653122532705,1.3348490300228915,2.6592090016345833,1.1806184296384397,0.010008714646709188,-0.2229574022488396,-0.12014567606486325,-0.6616825781270738,1.5374122295716144,-0.23580904708910844,0.3952847075210472
1.1874310670311623,0.31599624659992315,-0.10185680599813098,-1.963679727593184,1.3854094072954783,0.8589126432643006,0.10569248157339181,0.010008714646709188,-0.2229574022488396,-0.12014567606486325,1.2215678365422902,-0.6504436355879909,1.8446802255101753,0.3952847075210472
0.7524581086282393,0.5272337765612662,0.0195615539295847,-0.18079694343213776,-1.77891418106916,0.5639869728012271,-0.07040255658922731,0.010008714646709188,-0.2229574022488396,-0.12014567606486325,-0.6616825781270738,1.5374122295716144,1.957139105110137,0.3952847075210472
0.29738538638352313,0.4369324204601199,-0.03499702926013972,1.4971815051852548,1.1489947750916594,0.26812317466114793,-0.24705773462988534,0.010008714646709188,-0.2229574022488396,-0.12014567606486325,1.2215678365422902,1.5374122295716144,2.3257543215766767,0.3952847075210472
-0.1572149033900724,-0.41927857669403246,-0.35537121061250304,0.510999303878832,-0.44354667145725374,0.1846150536289438,-0.29691899539082617,0.010008714646709188,-0.2229574022488396,-0.12014567606486325,1.2215678365422902,-0.6504436355879909,-0.9168100402222058,0.3952847075210472
-0.2964707596026005,-0.5363985060580809,-0.3714931060119928,1.151557570264799,0.7782463462183413,0.10088035256890124,-0.34691554318387385,0.010008714646709188,-0.2229574022488396,-0.12014567606486325,-0.6616825781270738,-0.6504436355879909,-1.8164810770218969,0.3952847075210472
-0.3946847228373955,-0.6459106887385752,-0.3805366500664117,-0.0019946947181576323,-0.3474702734884133,0.029364174493033857,-0.3896166213495717,0.010008714646709188,-0.2229574022488396,-0.12014567606486325,-0.6616825781270738,1.5374122295716144,-2.078885129421805,0.3952847075210472
-0.4555319722584644,-0.6437530927435927,-0.380414761841033,-0.2323052983553077,-0.08363552176300093,-0.06309578528529522,-0.44482287084326455,0.010008714646709188,-0.2229574022488396,-0.12014567606486325,1.2215678365422902,-0.6504436355879909,-1.3916364207553757,0.3952847075210472
-0.5180697668139419,-0.636774720207564,-0.3800050428194868,-0.3410672641844178,-0.3757616366657825,-0.15580630423177916,-0.5001787249007411,0.010008714646709188,-0.2229574022488396,-0.12014567606486325,-0.6616825781270738,-0.6504436355879909,-1.5040953003553372,0.3952847075210472
-0.6000170532260837,-0.5827974377780358,-0.3760363529765663,-0.8768327464913561,0.2613427936537418,-0.3451956037662061,-0.6132598136942048,0.010008714646709188,-0.2229574022488396,-0.12014567606486325,-0.6616825781270738,1.5374122295716144,-0.8668283159555569,0.3952847075210472
-0.6836289358081484,-0.574911424456804,-0.37533798145920555,-0.07230886681360345,-1.0676276029431722,-0.4257729278655675,-0.661371146085311,0.010008714646709188,-0.2229574022488396,-0.12014567606486325,1.2215678365422902,-0.6504436355879909,1.1636792323770762,0.3952847075210472
-0.7658863043212052,-0.5920890053275888,-0.3768204127781402,0.7228533164528621,0.3835644047187157,-0.5108596580330669,-0.7121749671716626,0.010008714646709188,-0.2229574022488396,-0.12014567606486325,-0.6616825781270738,-0.6504436355879909,0.6763574207772439,0.3952847075210472
-0.8467406067471452,-0.6406152322535803,-0.3802334580566829,-0.1791194819316708,-0.304522283511152,-0.5959326568856605,-0.7629705895263862,0.010008714646709188,-0.2229574022488396,-0.12014567606486325,-0.6616825781270738,-0.6504436355879909,0.264008195577387,0.3952847075210472
-0.8247078503542583,-0.5841302542629021,-0.3761513990700491,0.7650694064149061,0.39922862201114023,-0.5959326568856605,-0.541649163900613,0.010008714646709188,-0.2229574022488396,-0.12014567606486325,1.2215678365422902,-0.6504436355879909,0.4077056528440038,0.3952847075210472
-0.8109506070443887,-0.5769599792762569,-0.37552230381712337,0.10842710794515127,-0.6688895161084217,-0.5959326568856605,-0.6166574881470557,0.010008714646709188,-0.2229574022488396,-0.12014567606486325,-0.6616825781270738,-0.6504436355879909,0.5201645324439633,0.3952847075210472
-0.8046962358954615,-0.5829783955797844,-0.3760520235488743,-0.08551053401721723,-0.3062438645216872,-0.5959326568856605,-0.691847071104629,0.010008714646709188,-0.2229574022488396,-0.12014567606486325,-0.6616825781270738,1.5374122295716144,0.8575411712438483,0.3952847075210472
-0.8059582714958823,-0.580028948933776,-0.3757946232984634,-0.13436892885065504,-0.28016311872160476,-0.6028024845765286,-0.767072445317693,0.010008714646709188,-0.2229574022488396,-0.12014567606486325,1.2215678365422902,-0.6504436355879909,-0.1608364606891338,0.3952847075210472
-0.6523442829698565,-0.14431296421697967,-0.2913230776234439,1.5849339469986874,1.2474457686983165,-0.6028024845765286,-0.04237447763004665,0.010008714646709188,-0.2229574022488396,-0.12014567606486325,1.2215678365422902,-0.6504436355879909,0.43269651497732925,0.3952847075210472
-0.5000130826607366,-0.05849860525206993,-0.26381077232959815,-0.12826295424614795,-1.7569260172582624,-0.6028024845765286,-0.12155210761936312,-4.608032397685742,4.508236106706914,2.832979156259509,-0.6616825781270738,-0.6504436355879909,0.057833582977457124,0.3952847075210472
-0.43530508881329194,-0.13465010513167772,-0.28840395274915936,-0.647707276421901,-0.7230003520098273,-0.6028024845765286,-0.48153378103660915,0.010008714646709188,-0.2229574022488396,-0.12014567606486325,-0.6616825781270738,-0.6504436355879909,-0.24205676262243814,0.3952847075210472
-0.13281039336353131,-0.22338095546928108,-0.31350445070464167,-0.6191416060382909,0.5577775511948049,-0.12457957219406315,0.21609286155540364,0.010008714646709188,-0.2229574022488396,-0.12014567606486325,1.2215678365422902,-0.6504436355879909,0.7700731537772121,0.3952847075210472
-0.06769203943345892,-0.1610431282596321,-0.29626991617579923,-1.0372769159458732,-0.09870291074281332,-0.12457957219406315,0.1692725607735212,0.010008714646709188,-0.2229574022488396,-0.12014567606486325,-0.6616825781270738,-0.6504436355879909,0.2827513421773805,0.3952847075210472
0.0074965464877947835,-0.14956062081887064,-0.29288936723290593,-1.966920284949324,1.3831974892818468,-0.12457957219406315,0.12282510051882198,0.010008714646709188,-0.2229574022488396,-0.12014567606486325,-0.6616825781270738,-0.6504436355879909,-0.12959788302247865,0.3952847075210472
0.1801376635990515,-0.6511969947049701,-0.38082572487099287,-0.06275736182493098,-0.3073392641084586,0.8151837169873313,0.07958269286133257,0.010008714646709188,-0.2229574022488396,-0.12014567606486325,-0.6616825781270738,1.5374122295716144,-0.24205676262243814,0.3952847075210472
0.10623366867498073,-0.6069854664470312,-0.37798987760277747,-0.9953641417690796,0.3984233292920831,0.6415195645206344,-0.024109181461051593,0.010008714646709188,-0.2229574022488396,-0.12014567606486325,1.2215678365422902,-0.6504436355879909,0.4389442305106595,0.3952847075210472
-0.0889223959809423,-0.25837041510729614,-0.32235044944338476,-1.7598993826056017,1.1003826840921587,-0.09692510652400722,-0.46502177589345195,0.010008714646709188,-0.2229574022488396,-0.12014567606486325,-0.6616825781270738,-0.6504436355879909,0.06408129851078903,0.3952847075210472
-0.3106687554312895,-0.1450508724758372,-0.2915441327964823,-0.1831018838313422,-1.476295510519569,-0.31945870173733243,-0.5978927527739193,0.010008714646709188,-0.2229574022488396,-0.12014567606486325,-0.6616825781270738,-0.6504436355879909,-0.11085473642248514,0.3952847075210472
-0.5764833745534719,-0.15732220745363687,-0.2951814631201839,0.8745445499002876,0.6094543709608441,-0.6317648718461147,-0.7843653879208595,0.010008714646709188,-0.2229574022488396,-0.12014567606486325,-0.6616825781270738,-0.6504436355879909,-0.14834102962247217,0.3952847075210472
-0.8282289607128022,-0.43789783558232814,-0.3583798777474234,0.23910695488078348,-0.8380152757825285,-0.728844946811443,-0.8423302286178644,0.010008714646709188,-0.2229574022488396,-0.12014567606486325,-0.6616825781270738,-0.6504436355879909,-0.0639968699225005,-2.5298221281347035
-0.9443170739727074,-0.5449189072061843,-0.37240582597808,1.4856288514702192,1.0554465800451274,-0.728844946811443,-0.8423302286178644,0.010008714646709188,-0.2229574022488396,-0.12014567606486325,1.2215678365422902,1.5374122295716144,1.4823127245769672,-2.5298221281347035
-1.0195242027180114,-0.7069841649027722,-0.3830484295057555,1.7803919676936635,1.47306966260437,-0.728844946811443,-0.8423302286178644,0.010008714646709188,-0.2229574022488396,-0.12014567606486325,1.2215678365422902,-0.6504436355879909,-0.7356262897556016,-2.5298221281347035
-1.037358494378689,-0.7610696737547553,-0.3837592765353673,-0.13180275107504824,-0.8857905995964451,-0.728844946811443,-0.8423302286178644,0.010008714646709188,-0.2229574022488396,-0.12014567606486325,-0.6616825781270738,-0.6504436355879909,-0.07336844322249754,-2.5298221281347035
-1.037358494378689,-0.7610696737547553,-0.3837592765353673,-0.13180275107504824,-0.8857905995964451,-0.728844946811443,-0.8423302286178644,0.010008714646709188,-0.2229574022488396,-0.12014567606486325,-0.6616825781270738,1.5374122295716144,-0.05462529662250402,-2.5298221281347035
0.01948862247255487,2.4439981350008977,2.112494628873991,1.7803919676939648,1.473069662856524,-0.728844946811443,2.5926239559905313,0.010008714646709188,-0.2229574022488396,-0.12014567606486325,-2.5449329927964377,1.5374122295716144,-1.4978475848220054,0.3952847075210472
0.9575850369711271,2.7442566566246045,2.6021129770014784,-0.09696702267407223,-1.825968459924616,-0.728844946811443,2.2066615821830453,0.010008714646709188,-0.2229574022488396,-0.12014567606486325,1.2215678365422902,1.5374122295716144,0.4077056528440038,0.3952847075210472
1.6293293832421087,2.106121203826057,1.6139281002241257,-1.440628950292708,0.6628427908718195,-0.728844946811443,1.3409666895638346,0.010008714646709188,-0.2229574022488396,-0.12014567606486325,1.2215678365422902,-0.6504436355879909,-0.8855714625555504,0.3952847075210472
2.2668572517078243,0.4778665494506595,-0.010756371314705561,0.11685800169686568,-1.3108800805589682,2.741506129682377,1.229756627346003,0.010008714646709188,-0.2229574022488396,-0.12014567606486325,-0.6616825781270738,-0.6504436355879909,-0.7981034450889144,0.3952847075210472
1.8317412519813967,0.14076667586494693,-0.18612157928603043,1.6703652257510677,1.3348488645534238,2.6555173035736317,1.17841418031044,0.010008714646709188,-0.2229574022488396,-0.12014567606486325,-0.6616825781270738,1.5374122295716144,-0.23580904708910844,0.3952847075210472
1.1850100787872953,0.31482301892141507,-0.10247061364478867,-1.9636738474802302,1.385403283951103,0.8571871763760045,0.10466223501307798,0.010008714646709188,-0.2229574022488396,-0.12014567606486325,1.2215678365422902,-0.6504436355879909,1.8446802255101753,0.3952847075210472
0.7505092312117221,0.525829745331759,0.018682931009352456,-0.18079835664737545,-1.7789101104344225,0.5625781764948061,-0.07124372459929929,0.010008714646709188,-0.2229574022488396,-0.12014567606486325,-0.6616825781270738,1.5374122295716144,1.957139105110137,0.3952847075210472
0.29593116226596433,0.4356277584537201,-0.035756241771740284,1.4971740672690932,1.1489862752368025,0.26703313964205083,-0.24770857576550132,0.010008714646709188,-0.2229574022488396,-0.12014567606486325,1.2215678365422902,1.5374122295716144,2.3257543215766767,0.3952847075210472
-0.1581745860098984,-0.4196464397779354,-0.35543228477043143,0.5110032549511798,-0.44354164232107857,0.1836153674845079,-0.29751589076951146,0.010008714646709188,-0.2229574022488396,-0.12014567606486325,1.2215678365422902,-0.6504436355879909,-0.9168100402222058,0.3952847075210472
-0.2972803972327529,-0.5366410072942471,-0.37151957096726923,1.1515636283835582,0.7782516713179544,0.09997164807987018,-0.34745811498314527,0.010008714646709188,-0.2229574022488396,-0.12014567606486325,-0.6616825781270738,-0.6504436355879909,-1.8164810770218969,0.3952847075210472
-0.3953881997647607,-0.646035679038519,-0.3805436417650038,-0.0019896872881446396,-0.34746771968469814,0.028533258664353425,-0.3901127468795456,0.010008714646709188,-0.2229574022488396,-0.12014567606486325,-0.6616825781270738,1.5374122295716144,-2.078885129421805,0.3952847075210472
-0.456169352893081,-0.6438807030530341,-0.3804220338298681,-0.2323029918805044,-0.0836357222287389,-0.06382602843955786,-0.44525888645328576,0.010008714646709188,-0.2229574022488396,-0.12014567606486325,1.2215678365422902,-0.6504436355879909,-1.3916364207553757,0.3952847075210472
-0.5186390234259206,-0.6369102192009789,-0.3800132236442189,-0.3410622625116981,-0.37576484373946545,-0.15643516066507437,-0.5005542042459132,0.010008714646709188,-0.2229574022488396,-0.12014567606486325,-0.6616825781270738,-0.6504436355879909,-1.5040953003553372,0.3952847075210472
-0.6004967838454398,-0.5829924081014789,-0.37605323634045007,-0.8768270052942463,0.2613401033828148,-0.34561697799058266,-0.6135114089860145,0.010008714646709188,-0.2229574022488396,-0.12014567606486325,-0.6616825781270738,1.5374122295716144,-0.8668283159555569,0.3952847075210472
-0.6840172033408429,-0.5751153158786275,-0.37535641834865086,-0.07230768856459593,-1.0676268005327998,-0.42610596895503566,-0.6615699991836782,0.010008714646709188,-0.2229574022488396,-0.12014567606486325,1.2215678365422902,-0.6504436355879909,1.1636792323770762,0.3952847075210472
-0.7661844489987844,-0.5922742202064019,-0.37683561542228766,0.7228549760960846,0.38356536841281497,-0.5110993219315096,-0.7123180663575565,0.010008714646709188,-0.2229574022488396,-0.12014567606486325,-0.6616825781270738,-0.6504436355879909,0.6763574207772439,0.3952847075210472
-0.8469500757113123,-0.6407474465066219,-0.3802411938879817,-0.17911693288156724,-0.3045226985139769,-0.5960788115066535,-0.7630578559332777,0.010008714646709188,-0.2229574022488396,-0.12014567606486325,-0.6616825781270738,-0.6504436355879909,0.264008195577387,0.3952847075210472
-0.8249359855566534,-0.5843094045705187,-0.37616679714923507,0.7652291187181297,0.39937545610605196,-0.5960788115066535,-0.5419614280177307,0.010008714646709188,-0.2229574022488396,-0.12014567606486325,1.2215678365422902,-0.6504436355879909,0.4077056528440038,0.3952847075210472
-0.8111897207075027,-0.5771453365298821,-0.37553888104388355,0.10844048096046857,-0.6689896030476339,-0.5960788115066535,-0.6168920233313147,0.010008714646709188,-0.2229574022488396,-0.12014567606486325,-0.6616825781270738,-0.6504436355879909,0.5201645324439633,0.3952847075210472
-0.8049394508413796,-0.5831598828965354,-0.37606772399144967,-0.0855649964323972,-0.30621312162400527,-0.5960788115066535,-0.6920035002398575,0.010008714646709188,-0.2229574022488396,-0.12014567606486325,-0.6616825781270738,1.5374122295716144,0.8575411712438483,0.3952847075210472
-0.8061987118279682,-0.5802169026261135,-0.37581115227460016,-0.1343662491733554,-0.2801621458679372,-0.6029335357258698,-0.7671506937017969,0.010008714646709188,-0.2229574022488396,-0.12014567606486325,1.2215678365422902,-0.6504436355879909,-0.1608364606891338,0.3952847075210472
-0.652748092819545,-0.14496480235100836,-0.29151836240313017,1.5849270612198318,1.2474379468647498,-0.6029335357258698,-0.04321772375882313,0.010008714646709188,-0.2229574022488396,-0.12014567606486325,1.2215678365422902,-0.6504436355879909,0.43269651497732925,0.3952847075210472
-0.5005786296573035,-0.05924108256228501,-0.2640641615963809,-0.12826351689875767,-1.7569225520096878,-0.6029335357258698,-0.12231231929988906,0.010008714646709188,-0.2229574022488396,-0.12014567606486325,-0.6616825781270738,-0.6504436355879909,0.057833582977457124,0.3952847075210472
-0.43593972258088354,-0.13531128230218045,-0.28860513896313567,-0.6477017271748511,-0.7230086245606123,-0.6029335357258698,-0.48191475532074884,0.010008714646709188,-0.2229574022488396,-0.12014567606486325,-0.6616825781270738,-0.6504436355879909,-0.24205676262243814,0.3952847075210472
-0.13377650585877415,-0.22397507332793334,-0.3136596207322391,-0.6193532203644496,0.557810188661241,-0.12521763160420576,0.21493724424583782,0.010008714646709188,-0.2229574022488396,-0.12014567606486325,1.2215678365422902,-0.6504436355879909,0.7700731537772121,0.3952847075210472
-0.06873879472771836,-0.16171280165844165,-0.29646509621499684,-1.0373757830950863,-0.09852210442601925,-0.12521763160420576,0.168167210206438,0.010008714646709188,-0.2229574022488396,-0.12014567606486325,-0.6616825781270738,-0.6504436355879909,0.2827513421773805,0.3952847075210472
0.006358972750048747,-0.15024090634074855,-0.2930914348828737,-1.9669144706147912,1.3831907765219464,-0.12521763160420576,0.12176971161964317,0.010008714646709188,-0.2229574022488396,-0.12014567606486325,-0.6616825781270738,-0.6504436355879909,-0.12959788302247865,0.3952847075210472
0.17880701760538367,-0.6513153798954724,-0.38083204312914026,-0.06274813473679978,-0.30734177967031406,0.8134946784054121,0.0785741970153311,0.010008714646709188,-0.2229574022488396,-0.12014567606486325,-0.6616825781270738,1.5374122295716144,-0.24205676262243814,0.3952847075210472
0.10498306834230114,-0.6071528049563019,-0.37800240216176617,-0.9953513495562551,0.3984157736849844,0.6400198500442258,-0.025004635144488297,0.010008714646709188,-0.2229574022488396,-0.12014567606486325,1.2215678365422902,-0.6504436355879909,0.4389442305106595,0.3952847075210472
-0.08996018317179506,-0.2589193456876271,-0.32248448894264686,-1.759897599706648,1.1003804772808359,-0.09761792063095591,-0.4654354432639836,0.010008714646709188,-0.2229574022488396,-0.12014567606486325,-0.6616825781270738,-0.6504436355879909,0.06408129851078903,0.3952847075210472
-0.31146430216640153,-0.1457241063071085,-0.2917455825903874,-0.1831006736704803,-1.4762961822316456,-0.3199076534484175,-0.59816081410806,0.010008714646709188,-0.2229574022488396,-0.12014567606486325,-0.6616825781270738,-0.6504436355879909,-0.11085473642248514,0.3952847075210472
-0.5769881941043021,-0.15798272361870352,-0.29537517018056475,0.8745485001332434,0.6094572571350426,-0.6318713515363432,-0.7844289651099352,0.010008714646709188,-0.2229574022488396,-0.12014567606486325,-0.6616825781270738,-0.6504436355879909,-0.14834102962247217,0.3952847075210472
-0.8284582721803377,-0.43825215725509975,-0.3584354985680083,0.23910750953740698,-0.8380145268214884,-0.728844946811443,-0.8423302286178644,0.010008714646709188,-0.2229574022488396,-0.12014567606486325,-0.6616825781270738,-0.6504436355879909,-0.0639968699225005,-2.5298221281347035
-0.9444191106224736,-0.5451559470645119,-0.37243071364980024,1.4856289531666291,1.0554467360125066,-0.728844946811443,-0.8423302286178644,0.010008714646709188,-0.2229574022488396,-0.12014567606486325,1.2215678365422902,1.5374122295716144,1.4823127245769672,-2.5298221281347035
-1.019543763785021,-0.7070434871501894,-0.38304998799779016,1.7803919676936624,1.473069662856171,-0.728844946811443,-0.8423302286178644,0.010008714646709188,-0.2229574022488396,-0.12014567606486325,1.2215678365422902,-0.6504436355879909,-0.7356262897556016,-2.5298221281347035
-1.037358494378689,-0.7610696737547553,-0.3837592765353673,-0.13180275107504824,-0.8857905995964451,-0.728844946811443,-0.8423302286178644,0.010008714646709188,-0.2229574022488396,-0.12014567606486325,-0.6616825781270738,-0.6504436355879909,-0.07336844322249754,-2.5298221281347035
-1.037358494378689,-0.7610696737547553,-0.3837592765353673,-0.13180275107504824,-0.8857905995964451,-0.728844946811443,-0.8423302286178644,0.010008714646709188,-0.2229574022488396,-0.12014567606486325,-0.6616825781270738,1.5374122295716144,-0.05462529662250402,-2.5298221281347035
-0.007340864079901975,2.362633174730277,1.9873618504714532,1.7803919676939657,1.4730696628565256,-0.728844946811443,2.5054230206472696,0.010008714646709188,-0.2229574022488396,-0.12014567606486325,-2.5449329927964377,1.5374122295716144,-1.4978475848220054,0.3952847075210472
0.9068448351190476,2.6551218761456488,2.4521918434282632,-0.09690648867449408,-1.8258457142956195,-0.728844946811443,2.128947208679223,0.010008714646709188,-0.2229574022488396,-0.12014567606486325,1.2215678365422902,1.5374122295716144,0.4077056528440038,0.3952847075210472
1.561320495321595,2.033217796528165,1.513630165559372,-1.4399536173183232,0.6619509964661465,-0.728844946811443,1.2848401746425568,0.010008714646709188,-0.2229574022488396,-0.12014567606486325,1.2215678365422902,-0.6504436355879909,-0.8855714625555504,0.3952847075210472
2.1824314165337415,0.4470711244776538,-0.02906889306560408,0.11700976197416199,-1.3105902618255432,2.652141298131915,1.1763984256080335,-4.448789600708762,4.34509150294982,0.8978960591240343,-0.6616825781270738,-0.6504436355879909,-0.7981034450889144,0.3952847075210472
1.758123056070653,0.11827964836708582,-0.19585477725451425,1.6703631483062682,1.3348449165926126,2.5683031789251993,1.1263401286208363,0.010008714646709188,-0.2229574022488396,-0.12014567606486325,-0.6616825781270738,1.5374122295716144,-0.23580904708910844,0.3952847075210472
1.1278136910982057,0.2871056055097491,-0.11677718030727083,-1.963535032702082,1.3852587355136632,0.8164216851319602,0.08032186231826806,0.010008714646709188,-0.2229574022488396,-0.12014567606486325,1.2215678365422902,-0.6504436355879909,1.8446802255101753,0.3952847075210472
0.704467416042904,0.4926603483244727,-0.0017953366848981003,-0.18083195970433744,-1.7788135301895227,0.5292963050924727,-0.09111575678122182,0.010008714646709188,-0.2229574022488396,-0.12014567606486325,-0.6616825781270738,1.5374122295716144,1.957139105110137,0.3952847075210472
0.261576055966866,0.40480535122132627,-0.05345187074194903,1.4969980305402208,1.1487849638354606,0.2412843235048633,-0.26308275039465767,0.010008714646709188,-0.2229574022488396,-0.12014567606486325,1.2215678365422902,1.5374122295716144,2.3257543215766767,0.3952847075210472
-0.18084589125190706,-0.4283397758962795,-0.3568564465973735,0.5110985165471114,-0.4434196185634536,0.1600014297166771,-0.3116153662945371,0.010008714646709188,-0.2229574022488396,-0.12014567606486325,1.2215678365422902,-0.6504436355879909,-0.9168100402222058,0.3952847075210472
-0.31640595336275096,-0.5423715464459203,-0.3721366457621132,1.1517062419256545,0.7783770336448225,0.07850726484456516,-0.3602741285197878,0.010008714646709188,-0.2229574022488396,-0.12014567606486325,-0.6616825781270738,-0.6504436355879909,-1.8164810770218969,0.3952847075210472
-0.4120051829211801,-0.6489888294619658,-0.3807066259227822,-0.001871676526479825,-0.3474076232702888,0.008906678818551908,-0.4018314396658381,4.62804982697916,4.508236106706914,4.711984074567084,-0.6616825781270738,1.5374122295716144,-2.078885129421805,0.3952847075210472
-0.4712247059799325,-0.6468955831310497,-0.38059153721546196,-0.23224809009104672,-0.08364063654962649,-0.08107418937235687,-0.45555746627147264,0.010008714646709188,-0.2229574022488396,-0.12014567606486325,1.2215678365422902,-0.6504436355879909,-1.3916364207553757,0.3952847075210472
-0.5320849455092624,-0.6401113369971579,-0.38020389734830823,-0.34094313301629275,-0.3758410926709942,-0.17128824123461,-0.5094227228310132,0.010008714646709188,-0.2229574022488396,-0.12014567606486325,-0.6616825781270738,-0.6504436355879909,-1.5040953003553372,0.3952847075210472
-0.611827857244732,-0.5875980045423667,-0.3764466831067133,-0.8766930770048124,0.26127844972813274,-0.35556928815370675,-0.6194537619701742,0.010008714646709188,-0.2229574022488396,-0.12014567606486325,-0.6616825781270738,1.5374122295716144,-0.8668283159555569,0.3952847075210472
-0.6931877597683314,-0.5799313770420558,-0.3757860358858794,-0.07228089360610619,-1.067608954299411,-0.43397188268765036,-0.6662666007943613,0.010008714646709188,-0.2229574022488396,-0.12014567606486325,1.2215678365422902,-0.6504436355879909,1.1636792323770762,0.3952847075210472
-0.7732262418005156,-0.5966489994184339,-0.3771898544980534,0.7228949046542172,0.3835882654570649,-0.5167596645026916,-0.715697759415542,0.010008714646709188,-0.2229574022488396,-0.12014567606486325,-0.6616825781270738,-0.6504436355879909,0.6763574207772439,0.3952847075210472
-0.8518973873159915,-0.6438702373864124,-0.3804214377323181,-0.17905709949687412,-0.3045311069877457,-0.5995306884011711,-0.7651189121733748,0.010008714646709188,-0.2229574022488396,-0.12014567606486325,-0.6616825781270738,-0.6504436355879909,0.264008195577387,0.3952847075210472
-0.8303278490391821,-0.5885507194349754,-0.376526784781479,0.7689876697515858,0.40283385521811527,-0.5995306884011711,-0.5493486591765517,0.010008714646709188,-0.2229574022488396,-0.12014567606486325,1.2215678365422902,-0.6504436355879909,0.4077056528440038,0.3952847075210472
-0.8168436269453593,-0.5815344244246029,-0.3759265354451736,0.1087543112120117,-0.671344382554194,-0.5995306884011711,-0.6224403137478829,0.010008714646709188,-0.2229574022488396,-0.12014567606486325,-0.6616825781270738,-0.6504436355879909,0.5201645324439633,0.3952847075210472
-0.8106920753939499,-0.5874557488177,-0.37643468478082126,-0.08684758327391165,-0.3054883990274445,-0.5995306884011711,-0.6957040466008556,0.010008714646709188,-0.2229574022488396,-0.12014567606486325,-0.6616825781270738,1.5374122295716144,0.8575411712438483,0.3952847075210472
-0.8118867264506537,-0.584663363306414,-0.3761971742657975,-0.13430294626065595,-0.2801391276606566,-0.6060337116974648,-0.7690017553783599,0.010008714646709188,-0.2229574022488396,-0.12014567606486325,1.2215678365422902,-0.6504436355879909,-0.1608364606891338,0.3952847075210472
-0.6622983914044407,-0.16037781393459577,-0.2960757907795461,1.5847644756114567,1.247253262826823,-0.6060337116974648,-0.06315811255663324,0.010008714646709188,-0.2229574022488396,-0.12014567606486325,1.2215678365422902,-0.6504436355879909,0.43269651497732925,0.3952847075210472
-0.5139527906486954,-0.07679733434315425,-0.26997761213506966,-0.12827681143877817,-1.7568407477731791,-0.6060337116974648,-0.14028888999004768,0.010008714646709188,-0.2229574022488396,-0.12014567606486325,-0.6616825781270738,-0.6504436355879909,0.057833582977457124,0.3952847075210472
-0.45094701473104676,-0.1509456898105042,-0.293300542031555,-0.6475707508173294,-0.7232038956781613,-0.6060337116974648,-0.4909232886350014,0.010008714646709188,-0.2229574022488396,-0.12014567606486325,-0.6616825781270738,-0.6504436355879909,-0.24205676262243814,0.3952847075210472
-0.15661349142753284,-0.23800474448950348,-0.31727399420619257,-0.6243421609019442,0.5585855834490764,-0.14030521019424733,0.18763818943613367,0.010008714646709188,-0.2229574022488396,-0.12014567606486325,1.2215678365422902,-0.6504436355879909,0.7700731537772121,0.3952847075210472
-0.0934743211861844,-0.17752237018563743,-0.3010095730623349,-1.0397085547540665,-0.09425702179478028,-0.14030521019424733,0.14205620233821256,0.010008714646709188,-0.2229574022488396,-0.12014567606486325,-0.6616825781270738,-0.6504436355879909,0.2827513421773805,0.3952847075210472
-0.020516049980459243,-0.16630265842278624,-0.29779696926676386,-1.9667771451427059,1.3830322144319223,-0.14030521019424733,0.09683937102708619,0.010008714646709188,-0.2229574022488396,-0.12014567606486325,-0.6616825781270738,-0.6504436355879909,-0.12959788302247865,0.3952847075210472
0.14737416340826484,-0.6541130029540967,-0.3809793708251389,-0.06253075619836998,-0.3074033054158765,0.7735967721120588,0.054751844351674704,0.010008714646709188,-0.2229574022488396,-0.12014567606486325,-0.6616825781270738,1.5374122295716144,-0.24205676262243814,0.3952847075210472
0.07544160624563537,-0.6111065524697098,-0.3782943635017897,-0.9950466083878734,0.3982358747867108,0.6045948277540397,-0.046156305808853236,0.010008714646709188,-0.2229574022488396,-0.12014567606486325,1.2215678365422902,-0.6504436355879909,0.4389442305106595,0.3952847075210472
-0.11447419321178275,-0.27188670363221457,-0.32560830538179913,-1.7598562783363285,1.1003294790297042,-0.1139822048574619,-0.4752062755243491,0.010008714646709188,-0.2229574022488396,-0.12014567606486325,-0.6616825781270738,-0.6504436355879909,0.06408129851078903,0.3952847075210472
-0.33025594274037545,-0.1616274256533864,-0.2964402250254687,-0.18307241948508535,-1.4763125571569256,-0.33051179654711704,-0.6044923653111662,0.010008714646709188,-0.2229574022488396,-0.12014567606486325,-0.6616825781270738,-0.6504436355879909,-0.11085473642248514,0.3952847075210472
-0.5889123345467093,-0.17358504317119625,-0.2998891435544164,0.8746417713438699,0.6095254676293037,-0.6343863642288851,-0.7859306358711724,0.010008714646709188,-0.2229574022488396,-0.12014567606486325,-0.6616825781270738,-0.6504436355879909,-0.14834102962247217,0.3952847075210472
-0.8338745872030067,-0.4466212354785015,-0.35973152141456816,0.23912045228848006,-0.8379970567388139,-0.728844946811443,-0.8423302286178644,0.010008714646709188,-0.2229574022488396,-0.12014567606486325,-0.6616825781270738,-0.6504436355879909,-0.0639968699225005,-2.5298221281347035
-0.9468291916901542,-0.5507547784982092,-0.3730106152605806,1.4856313325195256,1.0554503850997698,-0.728844946811443,-0.8423302286178644,0.010008714646709188,-0.2229574022488396,-0.12014567606486325,1.2215678365422902,1.5374122295716144,1.4823127245769672,-2.5298221281347035
-1.020005789282066,-0.7084446576921669,-0.3830863017451935,1.7803919676881446,1.4730696631579776,-0.728844946811443,-0.8423302286178644,0.010008714646709188,-0.2229574022488396,-0.12014567606486325,1.2215678365422902,-0.6504436355879909,-0.7356262897556016,-2.5298221281347035
-1.037358494378689,-0.7610696737547553,-0.3837592765353673,-0.13180275107504824,-0.8857905995964451,-0.728844946811443,-0.8423302286178644,0.010008714646709188,-0.2229574022488396,-0.12014567606486325,-0.6616825781270738,-0.6504436355879909,-0.07336844322249754,-2.5298221281347035
-1.037358494378689,-0.7610696737547553,-0.3837592765353673,-0.13180275107504824,-0.8857905995964451,-0.728844946811443,-0.8423302286178644,0.010008714646709188,-0.2229574022488396,-0.12014567606486325,-0.6616825781270738,1.5374122295716144,-0.05462529662250402,-2.5298221281347035
0.04446273609028474,2.519736362727599,2.231865385997139,1.7803919676939652,1.4730696628565265,-0.728844946811443,2.673794576329347,0.010008714646709188,-0.2229574022488396,-0.12014567606486325,-2.5449329927964377,1.5374122295716144,-1.4978475848220054,0.3952847075210472
1.00482097583159,2.827234533333627,2.745148923988683,-0.09702340885618228,-1.8260827956489964,-0.728844946811443,2.2790167493167472,0.010008714646709188,-0.2229574022488396,-0.12014567606486325,1.2215678365422902,1.5374122295716144,0.4077056528440038,0.3952847075210472
1.6926504420489465,2.1739887678531327,1.7096195116774784,-1.4412589174960635,0.6636749037471354,-0.728844946811443,1.3932463894265223,0.010008714646709188,-0.2229574022488396,-0.12014567606486325,1.2215678365422902,-0.6504436355879909,-0.8855714625555504,0.3952847075210472
2.3454714271948025,0.5064998372550796,0.006683940041478957,0.11671670051208034,-1.3111498987425485,2.8247534456963446,1.2794621659225465,0.010008714646709188,-0.2229574022488396,-0.12014567606486325,-0.6616825781270738,-0.6504436355879909,-0.7981034450889144,0.3952847075210472
1.900306948639433,0.1616782440297016,-0.17684976251266993,1.6703671126500304,1.33485248126939,2.736764250285579,1.2269253328302339,0.010008714646709188,-0.2229574022488396,-0.12014567606486325,-0.6616825781270738,1.5374122295716144,-0.23580904708910844,0.3952847075210472
1.2382895097868176,0.3406436505349485,-0.08880716016806335,-1.9638032074272087,1.3855380049111807,0.8951582862045118,0.12733413069387525,0.010008714646709188,-0.2229574022488396,-0.12014567606486325,1.2215678365422902,-0.6504436355879909,1.8446802255101753,0.3952847075210472
0.7933993509774331,0.5567300124069333,0.03824136627160913,-0.1807670080986937,-1.7790001880964683,0.5935830264392057,-0.05273126271148637,0.010008714646709188,-0.2229574022488396,-0.12014567606486325,-0.6616825781270738,1.5374122295716144,1.957139105110137,0.3952847075210472
0.32793554905288597,0.4643404833910171,-0.018856418855359495,1.4973383541980476,1.149174133415515,0.29102451245735506,-0.23338374027440567,0.010008714646709188,-0.2229574022488396,-0.12014567606486325,1.2215678365422902,1.5374122295716144,2.3257543215766767,0.3952847075210472
-0.13705367161292917,-0.41155312272217665,-0.3540734048927022,0.5109145194314314,-0.4436552194053079,0.2056186764001133,-0.28437809399138203,0.010008714646709188,-0.2229574022488396,-0.12014567606486325,1.2215678365422902,-0.6504436355879909,-0.9168100402222058,0.3952847075210472
-0.27946069434088056,-0.5313052106825827,-0.3709306539005131,1.151430404152034,0.7781345791157305,0.11997277813632401,-0.33551578471716137,0.010008714646709188,-0.2229574022488396,-0.12014567606486325,-0.6616825781270738,-0.6504436355879909,-1.8164810770218969,0.3952847075210472
-0.37990444509937804,-0.643285155193832,-0.3803880282764735,-0.002099914199278853,-0.34752384454373325,0.046822491231974794,-0.37919256111916927,0.010008714646709188,-0.2229574022488396,-0.12014567606486325,-0.6616825781270738,1.5374122295716144,-2.078885129421805,0.3952847075210472
-0.4421401415500478,-0.6410723649135243,-0.3802601687097437,-0.2323542305699421,-0.08363114771301641,-0.04775238947432459,-0.43566159347247924,0.010008714646709188,-0.2229574022488396,-0.12014567606486325,1.2215678365422902,-0.6504436355879909,-1.3916364207553757,0.3952847075210472
-0.5061090988994271,-0.6339280591043723,-0.379831111208064,-0.34117345806981264,-0.37569364486228035,-0.14259314457307676,-0.49228937484621843,0.010008714646709188,-0.2229574022488396,-0.12014567606486325,-0.6616825781270738,-0.6504436355879909,-1.5040953003553372,0.3952847075210472
-0.5899372771592591,-0.5787011004184619,-0.3756773608710371,-0.8769522838042202,0.261397902978056,-0.3363417189297227,-0.6079733115537843,0.010008714646709188,-0.2229574022488396,-0.12014567606486325,-0.6616825781270738,1.5374122295716144,-0.8668283159555569,0.3952847075210472
-0.6754708021748989,-0.5706275578640398,-0.37494594091136335,-0.07233282701576668,-1.0676435823910675,-0.41877497563437766,-0.6571927893377391,0.010008714646709188,-0.2229574022488396,-0.12014567606486325,1.2215678365422902,-0.6504436355879909,1.1636792323770762,0.3952847075210472
-0.7596217308938177,-0.5881975005984412,-0.37649713856021183,0.7228177354794039,0.38354398615417834,-0.5058237625273482,-0.7091681207012618,0.010008714646709188,-0.2229574022488396,-0.12014567606486325,-0.6616825781270738,-0.6504436355879909,0.6763574207772439,0.3952847075210472
-0.8423392019838934,-0.6378371969859224,-0.3800689510941499,-0.1791728893393932,-0.30451469564767675,-0.5928615626943565,-0.7611368920799431,0.010008714646709188,-0.2229574022488396,-0.12014567606486325,-0.6616825781270738,-0.6504436355879909,0.264008195577387,0.3952847075210472
-0.8199169062716007,-0.5803732311840828,-0.37582488700237765,0.7617098662373157,0.39614135100024794,-0.5928615626943565,-0.5350965848660703,0.010008714646709188,-0.2229574022488396,-0.12014567606486325,1.2215678365422902,-0.6504436355879909,0.4077056528440038,0.3952847075210472
-0.8059309907184675,-0.5730733965548548,-0.3751708656960929,0.10814553314228487,-0.6667844108973322,-0.5928615626943565,-0.6117359031062186,0.010008714646709188,-0.2229574022488396,-0.12014567606486325,-0.6616825781270738,-0.6504436355879909,0.5201645324439633,0.3952847075210472
-0.7995917805267586,-0.5791718181757325,-0.37571902804472257,-0.08436543144597916,-0.30688970619651346,-0.5928615626943565,-0.6885644816053859,0.010008714646709188,-0.2229574022488396,-0.12014567606486325,-0.6616825781270738,1.5374122295716144,0.8575411712438483,0.3952847075210472
-0.8009127929446703,-0.576084937705322,-0.37544381993251624,-0.1344250941610688,-0.28018353644970073,-0.6000524277424905,-0.7654304337478661,0.010008714646709188,-0.2229574022488396,-0.12014567606486325,1.2215678365422902,-0.6504436355879909,-0.1608364606891338,0.3952847075210472
-0.6438687894352167,-0.13062925734670805,-0.28717589484359574,1.5850783824956787,1.2476098394780981,-0.6000524277424905,-0.024673697372509032,0.010008714646709188,-0.2229574022488396,-0.12014567606486325,1.2215678365422902,-0.6504436355879909,0.43269651497732925,0.3952847075210472
-0.4881419746876654,-0.04291218891566614,-0.25842966450332694,-0.1282511431109498,-1.7569986895017276,-0.6000524277424905,-0.10559412967114891,0.010008714646709188,-0.2229574022488396,-0.12014567606486325,-0.6616825781270738,-0.6504436355879909,0.057833582977457124,0.3952847075210472
-0.42198334670314325,-0.1207707685806333,-0.284131639144836,-0.647823679735836,-0.7228267899635337,-0.6000524277424905,-0.473536354622878,0.010008714646709188,-0.2229574022488396,-0.12014567606486325,-0.6616825781270738,-0.6504436355879909,-0.24205676262243814,0.3952847075210472
-0.1125240366578754,-0.21089535551439598,-0.3102038122951114,-0.6146971044469293,0.5570967644157678,-0.1111854052052659,0.24037119551052574,0.010008714646709188,-0.2229574022488396,-0.12014567606486325,1.2215678365422902,-0.6504436355879909,0.7700731537772121,0.3952847075210472
-0.045706730468494085,-0.14696659098396514,-0.2921167892413086,-1.0352019235222283,-0.1024983966517656,-0.1111854052052659,0.19249525908288645,0.010008714646709188,-0.2229574022488396,-0.12014567606486325,-0.6616825781270738,-0.6504436355879909,0.2827513421773805,0.3952847075210472
0.03139421594217076,-0.13526221560631596,-0.2885902160080674,-1.9670424145882905,1.3833385093711432,-0.1111854052052659,0.14499861386553065,0.010008714646709188,-0.2229574022488396,-0.12014567606486325,-0.6616825781270738,-0.6504436355879909,-0.12959788302247865,0.3952847075210472
0.20809388397197767,-0.648710698076265,-0.38069145666875637,-0.06295115008105472,-0.3072844772116578,0.8506704029794021,0.10077118186002422,0.010008714646709188,-0.2229574022488396,-0.12014567606486325,-0.6616825781270738,1.5374122295716144,-0.24205676262243814,0.3952847075210472
0.13250850788295992,-0.6034702210059003,-0.37772363104495105,-0.9956356065411501,0.3985836648635953,0.6730286383796699,-0.005295656158341963,0.010008714646709188,-0.2229574022488396,-0.12014567606486325,1.2215678365422902,-0.6504436355879909,0.4389442305106595,0.3952847075210472
-0.06711840512777398,-0.24683787388137576,-0.31950054144495305,-1.7599362662932962,1.1004282158806482,-0.08236834661735182,-0.45633018527246016,0.010008714646709188,-0.2229574022488396,-0.12014567606486325,-0.6616825781270738,-0.6504436355879909,0.06408129851078903,0.3952847075210472
-0.2939540783569656,-0.1309065928713259,-0.28726085167835813,-0.18312710273748936,-1.4762809250478928,-0.3100257125514109,-0.5922604774006895,0.010008714646709188,-0.2229574022488396,-0.12014567606486325,-0.6616825781270738,-0.6504436355879909,-0.11085473642248514,0.3952847075210472
-0.5658768493564827,-0.14344484659208984,-0.29106267682979037,0.8744613477845107,0.6093935317288545,-0.629527605199293,-0.7830295545397454,0.010008714646709188,-0.2229574022488396,-0.12014567606486325,-0.6616825781270738,-0.6504436355879909,-0.14834102962247217,0.3952847075210472
-0.8234108737031614,-0.43045315881886564,-0.3571971158138026,0.23909540045352495,-0.8380308721059151,-0.728844946811443,-0.8423302286178644,0.010008714646709188,-0.2229574022488396,-0.12014567606486325,-0.6616825781270738,-0.6504436355879909,-0.0639968699225005,-2.5298221281347035
-0.9421731660044644,-0.5399384289056331,-0.3718765929041439,1.4856267276121577,1.0554433227957603,-0.728844946811443,-0.8423302286178644,0.010008714646709188,-0.2229574022488396,-0.12014567606486325,1.2215678365422902,1.5374122295716144,1.4823127245769672,-2.5298221281347035
-1.019113201120451,-0.705737732974614,-0.38301528821141373,1.7803919676989712,1.4730696628388786,-0.728844946811443,-0.8423302286178644,0.010008714646709188,-0.2229574022488396,-0.12014567606486325,1.2215678365422902,-0.6504436355879909,-0.7356262897556016,-2.5298221281347035
-1.037358494378689,-0.7610696737547553,-0.3837592765353673,-0.13180275107504824,-0.8857905995964451,-0.728844946811443,-0.8423302286178644,0.010008714646709188,-0.2229574022488396,-0.12014567606486325,-0.6616825781270738,-0.6504436355879909,-0.07336844322249754,-2.5298221281347035
-1.037358494378689,-0.7610696737547553,-0.3837592765353673,-0.13180275107504824,-0.8857905995964451,-0.728844946811443,-0.8423302286178644,0.010008714646709188,-0.2229574022488396,-0.12014567606486325,-0.6616825781270738,1.5374122295716144,-0.05462529662250402,-2.5298221281347035
0.022390556847169896,2.452798742296782,2.126222083468089,1.7803919676939652,1.4730696628565256,-0.728844946811443,2.6020557947727005,0.010008714646709188,-0.2229574022488396,-0.12014567606486325,-2.5449329927964377,1.5374122295716144,-1.4978475848220054,0.3952847075210472
0.963073518855677,2.7538981474022433,2.618561004092525,-0.09697357553441006,-1.825981747295731,-0.728844946811443,2.2150683536557314,-4.448789600708762,4.34509150294982,0.5520434586578974,1.2215678365422902,1.5374122295716144,0.4077056528440038,0.3952847075210472
1.6366864021708531,2.1140069792424776,1.624931886322914,-1.4407021171132108,0.6629394247545423,-0.728844946811443,1.3470397904283944,0.010008714646709188,-0.2229574022488396,-0.12014567606486325,1.2215678365422902,-0.6504436355879909,-0.8855714625555504,0.3952847075210472
2.275990738265824,0.4811952504899152,-0.008749354191009669,0.11684157810382986,-1.3109114434112696,2.751176242401337,1.235530485096698,0.010008714646709188,-0.2229574022488396,-0.12014567606486325,-0.6616825781270738,-0.6504436355879909,-0.7981034450889144,0.3952847075210472
1.83970655671939,0.1431975426059943,-0.18505469304408403,1.670365446994677,1.334849287457202,2.664954898919444,1.184049205942406,0.010008714646709188,-0.2229574022488396,-0.12014567606486325,-0.6616825781270738,1.5374122295716144,-0.23580904708910844,0.3952847075210472
1.191199165919083,0.3178223252082171,-0.10090010976989233,-1.9636888750647115,1.3854189333399212,0.8615981666915978,0.1072959613575489,0.010008714646709188,-0.2229574022488396,-0.12014567606486325,1.2215678365422902,-0.6504436355879909,1.8446802255101753,0.3952847075210472
0.7554914019710129,0.5294190762123427,0.020930989667327413,-0.1807947294030208,-1.7789205450647498,0.566179675541103,-0.06909333154940128,0.010008714646709188,-0.2229574022488396,-0.12014567606486325,-0.6616825781270738,1.5374122295716144,1.957139105110137,0.3952847075210472
0.29964878637506176,0.438963047252787,-0.03381371551555287,1.4971931118712178,1.149008046588601,0.2698197558962407,-0.24604473519558534,0.010008714646709188,-0.2229574022488396,-0.12014567606486325,1.2215678365422902,1.5374122295716144,2.3257543215766767,0.3952847075210472
-0.1557212240682332,-0.41870605486259793,-0.3552760273273944,0.5109930419185863,-0.4435546840044216,0.1861710149332384,-0.29598995769522946,0.010008714646709188,-0.2229574022488396,-0.12014567606486325,1.2215678365422902,-0.6504436355879909,-0.9168100402222058,0.3952847075210472
-0.2952106027171165,-0.5360210753343455,-0.37145185890066146,1.151548157328217,0.778238072610374,0.10229470828968841,-0.3460710557432368,0.010008714646709188,-0.2229574022488396,-0.12014567606486325,-0.6616825781270738,-0.6504436355879909,-1.8164810770218969,0.3952847075210472
-0.3935897956270931,-0.6457161515014903,-0.3805257529509887,-0.0020024827351293505,-0.3474742395856958,0.030657457757327807,-0.3888444241874076,0.010008714646709188,-0.2229574022488396,-0.12014567606486325,-0.6616825781270738,1.5374122295716144,-2.078885129421805,0.3952847075210472
-0.4545399191797525,-0.6435544757393555,-0.38040342772620506,-0.2323089153252986,-0.08363519998331347,-0.0619591942419653,-0.4441442319074398,0.010008714646709188,-0.2229574022488396,-0.12014567606486325,1.2215678365422902,-0.6504436355879909,-1.3916364207553757,0.3952847075210472
-0.5171837458275597,-0.6365638203466446,-0.37999229187394623,-0.34107510831243126,-0.37575661432957413,-0.15482752332063301,-0.4995943116767905,0.010008714646709188,-0.2229574022488396,-0.12014567606486325,-0.6616825781270738,-0.6504436355879909,-1.5040953003553372,0.3952847075210472
-0.5992703751847605,-0.5824939744881252,-0.3760100379590794,-0.876841607233761,0.2613468906661677,-0.34453975439989254,-0.6128682173336418,0.010008714646709188,-0.2229574022488396,-0.12014567606486325,-0.6616825781270738,1.5374122295716144,-0.8668283159555569,0.3952847075210472
-0.6830246156427636,-0.574594078221327,-0.3753092452179347,-0.0723106507242819,-1.067628797316141,-0.42525456258125355,-0.6610616391021442,0.010008714646709188,-0.2229574022488396,-0.12014567606486325,1.2215678365422902,-0.6504436355879909,1.1636792323770762,0.3952847075210472
-0.7654222566540876,-0.5918007294228745,-0.3767967176007249,0.7228506935822583,0.38356289608576283,-0.5104866333206145,-0.7119522405406719,0.010008714646709188,-0.2229574022488396,-0.12014567606486325,-0.6616825781270738,-0.6504436355879909,0.6763574207772439,0.3952847075210472
-0.846414577550667,-0.6404094470419095,-0.3802214007000607,-0.17912343671372774,-0.3045217055549658,-0.595705172618705,-0.7628347625886767,0.010008714646709188,-0.2229574022488396,-0.12014567606486325,-0.6616825781270738,-0.6504436355879909,0.264008195577387,0.3952847075210472
-0.8243527832764407,-0.5838514563942361,-0.3761274051960752,0.7648210114920004,0.39900024312950316,-0.595705172618705,-0.5411631889015287,0.010008714646709188,-0.2229574022488396,-0.12014567606486325,1.2215678365422902,-0.6504436355879909,0.4077056528440038,0.3952847075210472
-0.8105784642646444,-0.5766715256612593,-0.3754964730660674,0.10840631844921587,-0.6687338735902848,-0.595705172618705,-0.6162924818841421,0.010008714646709188,-0.2229574022488396,-0.12014567606486325,-0.6616825781270738,-0.6504436355879909,0.5201645324439633,0.3952847075210472
-0.8043177170541601,-0.5826959582007314,-0.37602755808962407,-0.08542582848509347,-0.30629167533237384,-0.595705172618705,-0.6916036210605895,-4.608032397685742,4.508236106706914,14.001747208064671,-0.6616825781270738,1.5374122295716144,0.8575411712438483,0.3952847075210472
-0.8055840752596714,-0.5797364376211956,-0.3757688651902933,-0.13437309402471542,-0.2801646329940877,-0.6025985301942794,-0.7669506676688732,0.010008714646709188,-0.2229574022488396,-0.12014567606486325,1.2215678365422902,-0.6504436355879909,-0.1608364606891338,0.3952847075210472
-0.6517158252005792,-0.14329848109139684,-0.2910187369126514,1.584944652704266,1.2474579296751473,-0.6025985301942794,-0.04106210427772141,0.010008714646709188,-0.2229574022488396,-0.12014567606486325,1.2215678365422902,-0.6504436355879909,0.43269651497732925,0.3952847075210472
-0.4991329047944881,-0.05734305699164235,-0.26341587912267955,-0.12826207884411597,-1.7569314038518198,-0.6025985301942794,-0.1203689631539999,0.010008714646709188,-0.2229574022488396,-0.12014567606486325,-0.6616825781270738,-0.6504436355879909,0.057833582977457124,0.3952847075210472
-0.43431738650968443,-0.13362108981164975,-0.28809041630748716,-0.6477159029555576,-0.7229874901281964,-0.6025985301942794,-0.4809408561156739,0.010008714646709188,-0.2229574022488396,-0.12014567606486325,-0.6616825781270738,-0.6504436355879909,-0.24205676262243814,0.3952847075210472
-0.13130676109924222,-0.2224562237096674,-0.3132625905636664,-0.6188125356712985,0.5577268371154832,-0.12358653581060976,0.2178915097270721,0.010008714646709188,-0.2229574022488396,-0.12014567606486325,1.2215678365422902,-0.6504436355879909,0.7700731537772121,0.3952847075210472
-0.06606286390752392,-0.1600007782635796,-0.2959656838198702,-1.0371231847641897,-0.09898405667347804,-0.12358653581060976,0.17099297360957214,0.010008714646709188,-0.2229574022488396,-0.12014567606486325,-0.6616825781270738,-0.6504436355879909,0.2827513421773805,0.3952847075210472
0.009267102489623813,-0.1485017595060274,-0.29257440236069515,-1.9669293328749229,1.383207936404971,-0.12358653581060976,0.12446775842709115,0.010008714646709188,-0.2229574022488396,-0.12014567606486325,-0.6616825781270738,-0.6504436355879909,-0.12959788302247865,0.3952847075210472
0.18220873954815414,-0.6510127439272893,-0.3808158777937555,-0.06277170618180064,-0.3073352274056385,0.8178126186781961,0.08115236478189386,0.010008714646709188,-0.2229574022488396,-0.12014567606486325,-0.6616825781270738,1.5374122295716144,-0.24205676262243814,0.3952847075210472
0.10818015860996255,-0.6067250116681675,-0.3779703566205905,-0.9953842078995832,0.3984351776495288,0.6438537801093556,-0.022715461536535586,0.010008714646709188,-0.2229574022488396,-0.12014567606486325,1.2215678365422902,-0.6504436355879909,0.4389442305106595,0.3952847075210472
-0.08730713583268741,-0.25751603495185355,-0.3221415330069753,-1.7599021196340168,1.1003860643437857,-0.09584677527522116,-0.4643779228775081,0.010008714646709188,-0.2229574022488396,-0.12014567606486325,-0.6616825781270738,-0.6504436355879909,0.06408129851078903,0.3952847075210472
-0.3094305298651059,-0.14400302242017157,-0.2912301494398896,-0.18310375266221093,-1.4762944372244398,-0.3187599313057215,-0.597475528984521,0.010008714646709188,-0.2229574022488396,-0.12014567606486325,-0.6616825781270738,-0.6504436355879909,-0.11085473642248514,0.3952847075210472
-0.5756976509055998,-0.15629415457247212,-0.2948795481258757,0.8745383952489445,0.6094498711224031,-0.6315991417231217,-0.7842664333188837,0.010008714646709188,-0.2229574022488396,-0.12014567606486325,-0.6616825781270738,-0.6504436355879909,-0.14834102962247217,0.3952847075210472
-0.827872048864089,-0.4373463513166832,-0.35829318528452136,0.23910609839652958,-0.8380164319578897,-0.728844946811443,-0.8423302286178644,0.010008714646709188,-0.2229574022488396,-0.12014567606486325,-0.6616825781270738,-0.6504436355879909,-0.0639968699225005,-2.5298221281347035
-0.9441582591485821,-0.5445499667564735,-0.37236703525772424,1.4856286941103334,1.0554463387125679,-0.728844946811443,-0.8423302286178644,0.010008714646709188,-0.2229574022488396,-0.12014567606486325,1.2215678365422902,1.5374122295716144,1.4823127245769672,-2.5298221281347035
-1.0194937569303315,-0.7068918328972127,-0.38304600039094355,1.7803919676936653,1.4730696631062672,-0.728844946811443,-0.8423302286178644,0.010008714646709188,-0.2229574022488396,-0.12014567606486325,1.2215678365422902,-0.6504436355879909,-0.7356262897556016,-2.5298221281347035
-1.037358494378689,-0.7610696737547553,-0.3837592765353673,-0.13180275107504824,-0.8857905995964451,-0.728844946811443,-0.8423302286178644,0.010008714646709188,-0.2229574022488396,-0.12014567606486325,-0.6616825781270738,-0.6504436355879909,-0.07336844322249754,-2.5298221281347035
-1.037358494378689,-0.7610696737547553,-0.3837592765353673,-0.13180275107504824,-0.8857905995964451,-0.728844946811443,-0.8423302286178644,0.010008714646709188,-0.2229574022488396,-0.12014567606486325,-0.6616825781270738,1.5374122295716144,-0.05462529662250402,-2.5298221281347035
-0.027144126392671355,2.3025764290241333,1.8970633126062375,1.7803919676939641,1.473069662856529,-0.728844946811443,2.4410586507535306,0.010008714646709188,-0.2229574022488396,-0.12014567606486325,-2.5449329927964377,1.5374122295716144,-1.4978475848220054,0.3952847075210472
0.8693959944497089,2.5893351782681004,2.344017896956276,-0.09686182881356482,-1.8257551573635522,-0.728844946811443,2.0715957221214296,4.46880703000218,4.34509150294982,0.5851399537288402,1.2215678365422902,1.5374122295716144,0.4077056528440038,0.3952847075210472
1.5111329117435284,1.9794107229274351,1.4412610780685322,-1.4394560243796464,0.6612940721342091,-0.728844946811443,1.2434368367677722,0.010008714646709188,-0.2229574022488396,-0.12014567606486325,1.2215678365422902,-0.6504436355879909,-0.8855714625555504,0.3952847075210472
2.1201343631783125,0.42431749584226774,-0.04230326954969505,0.11712176697445148,-1.3103763448417407,2.586224004855365,1.1370403451232627,0.010008714646709188,-0.2229574022488396,-0.12014567606486325,-0.6616825781270738,-0.6504436355879909,-0.7981034450889144,0.3952847075210472
1.7038116342896268,0.1016671792458106,-0.2028874131643499,1.6703615823666884,1.3348419617404645,2.5039744968658515,1.0879305805323114,0.010008714646709188,-0.2229574022488396,-0.12014567606486325,-0.6616825781270738,1.5374122295716144,-0.23580904708910844,0.3952847075210472
1.0856233766784213,0.26666116994176275,-0.1270904683584861,-1.9634326670878666,1.385152154668271,0.7863495034846906,0.0623662806068002,0.010008714646709188,-0.2229574022488396,-0.12014567606486325,1.2215678365422902,-0.6504436355879909,1.8446802255101753,0.3952847075210472
0.670506121608261,0.46819501808507374,-0.01655720035793067,-0.18085668767849075,-1.7787424186516627,0.5047478538377619,-0.10577321421361154,0.010008714646709188,-0.2229574022488396,-0.12014567606486325,-0.6616825781270738,1.5374122295716144,1.957139105110137,0.3952847075210472
0.23623578890240896,0.382070333620152,-0.06620851274973856,1.4968684482642711,1.1486367789717957,0.2222951616786256,-0.2744208518600781,0.010008714646709188,-0.2229574022488396,-0.12014567606486325,1.2215678365422902,1.5374122295716144,2.3257543215766767,0.3952847075210472
-0.19756759402803148,-0.43475566672364563,-0.3578839555775115,0.5111685827722291,-0.4433298812304622,0.1425874714447525,-0.3220129408482949,0.010008714646709188,-0.2229574022488396,-0.12014567606486325,1.2215678365422902,-0.6504436355879909,-0.9168100402222058,0.3952847075210472
-0.33051094445102025,-0.5466002438564116,-0.3725817654919329,1.1518112017622801,0.778469309221883,0.06267902243821669,-0.3697248994418873,0.010008714646709188,-0.2229574022488396,-0.12014567606486325,-0.6616825781270738,-0.6504436355879909,-1.8164810770218969,0.3952847075210472
-0.42425916427653915,-0.6511674635660646,-0.38082414772252204,-0.0017848257472176364,-0.34736338015446755,-0.005565893502952404,-0.4104727633297464,0.010008714646709188,-0.2229574022488396,-0.12014567606486325,-0.6616825781270738,1.5374122295716144,-2.078885129421805,0.3952847075210472
-0.4823266676568236,-0.6491195286014028,-0.380713741254274,-0.2322077121506456,-0.0836442438096036,-0.09379238967821468,-0.4631512846213754,0.010008714646709188,-0.2229574022488396,-0.12014567606486325,1.2215678365422902,-0.6504436355879909,-1.3916364207553757,0.3952847075210472
-0.5419997834118265,-0.6424724116149937,-0.38034134279309134,-0.340855546233512,-0.3758971447992265,-0.18224015059551715,-0.5159619192795094,0.010008714646709188,-0.2229574022488396,-0.12014567606486325,-0.6616825781270738,-0.6504436355879909,-1.5040953003553372,0.3952847075210472
-0.6201829840989532,-0.5909944799097326,-0.37673023253078997,-0.8765944950477537,0.2612330362691622,-0.3629073214517623,-0.623835175265364,0.010008714646709188,-0.2229574022488396,-0.12014567606486325,-0.6616825781270738,1.5374122295716144,-0.8668283159555569,0.3952847075210472
-0.6999495917474087,-0.5834828244006662,-0.3760956220304604,-0.07226114587724096,-1.0675957835396828,-0.4397714340188219,-0.6697294130052658,0.010008714646709188,-0.2229574022488396,-0.12014567606486325,1.2215678365422902,-0.6504436355879909,1.1636792323770762,0.3952847075210472
-0.7784183123942601,-0.5998749269036479,-0.37744510927514024,0.7229242361578817,0.3836050984222459,-0.520932947193361,-0.7181895546313432,0.010008714646709188,-0.2229574022488396,-0.12014567606486325,-0.6616825781270738,-0.6504436355879909,0.6763574207772439,0.3952847075210472
-0.8555450481907304,-0.6461728020817238,-0.3805513034101198,-0.17901308883646436,-0.3045373429226656,-0.6020756806749834,-0.7666384832262332,0.010008714646709188,-0.2229574022488396,-0.12014567606486325,-0.6616825781270738,-0.6504436355879909,0.264008195577387,0.3952847075210472
-0.8343076150678528,-0.5916897078492985,-0.37678758127921985,0.7717477270017826,0.40537631147576475,-0.6020756806749834,-0.5548094774017865,0.010008714646709188,-0.2229574022488396,-0.12014567606486325,1.2215678365422902,-0.6504436355879909,0.4077056528440038,0.3952847075210472
-0.821019840060966,-0.5847837484378626,-0.3762074919697719,0.1089840281448179,-0.6730734101563484,-0.6020756806749834,-0.626541616363467,0.010008714646709188,-0.2229574022488396,-0.12014567606486325,-0.6616825781270738,-0.6504436355879909,0.5201645324439633,0.3952847075210472
-0.8149432458923094,-0.5906342074627782,-0.37670042156303285,-0.08779038925398591,-0.3049548068661853,-0.6020756806749834,-0.6984394675705154,0.010008714646709188,-0.2229574022488396,-0.12014567606486325,-0.6616825781270738,1.5374122295716144,0.8575411712438483,0.3952847075210472
-0.8160913487745175,-0.5879503393476697,-0.3764763578619536,-0.13425615731619903,-0.28012211244633284,-0.6083253213107622,-0.7703700360087772,0.010008714646709188,-0.2229574022488396,-0.12014567606486325,1.2215678365422902,-0.6504436355879909,-0.1608364606891338,0.3952847075210472
-0.6693550988922655,-0.17176260204202365,-0.2993679879427841,1.5846444382583087,1.2471169128542752,-0.6083253213107622,-0.0778887501460826,0.010008714646709188,-0.2229574022488396,-0.12014567606486325,1.2215678365422902,-0.6504436355879909,0.43269651497732925,0.3952847075210472
-0.5238334154154124,-0.08976526910967221,-0.2742493956918313,-0.12828662572187463,-1.7567803506260673,-0.6083253213107622,-0.15356846098471091,0.010008714646709188,-0.2229574022488396,-0.12014567606486325,-0.6616825781270738,-0.6504436355879909,0.057833582977457124,0.3952847075210472
-0.46203340999691833,-0.1624946884865098,-0.2966927056833881,-0.6474740847279818,-0.7233479993467539,-0.6083253213107622,-0.49757769311297145,0.010008714646709188,-0.2229574022488396,-0.12014567606486325,-0.6616825781270738,-0.6504436355879909,-0.24205676262243814,0.3952847075210472
-0.17347353707449106,-0.24834593858599294,-0.31987688625265615,-0.6280164333242477,0.5591639147402944,-0.1514500710754802,0.1675044466865953,0.010008714646709188,-0.2229574022488396,-0.12014567606486325,1.2215678365422902,-0.6504436355879909,0.7700731537772121,0.3952847075210472
-0.11172696265662375,-0.18917046248865507,-0.304280109283884,-1.0414289427467858,-0.09111282651223294,-0.1514500710754802,0.12279936339469083,0.010008714646709188,-0.2229574022488396,-0.12014567606486325,-0.6616825781270738,-0.6504436355879909,0.2827513421773805,0.3952847075210472
-0.040339639752315415,-0.17813847917446057,-0.3011842150219437,-1.9666758625984053,1.3829152733212913,-0.1514500710754802,0.07845391919524214,0.010008714646709188,-0.2229574022488396,-0.12014567606486325,-0.6616825781270738,-0.6504436355879909,-0.12959788302247865,0.3952847075210472
0.12419273414321126,-0.6561776043122547,-0.38108565690943813,-0.06237074953425948,-0.30744847191157965,0.7441736798368718,0.03718382272464565,0.010008714646709188,-0.2229574022488396,-0.12014567606486325,-0.6616825781270738,1.5374122295716144,-0.24205676262243814,0.3952847075210472
0.05365564822055203,-0.6140232642108028,-0.3785048761567508,-0.9948223997349441,0.3981035748028353,0.5784708188888997,-0.06175450155371435,0.010008714646709188,-0.2229574022488396,-0.12014567606486325,1.2215678365422902,-0.6504436355879909,0.4389442305106595,0.3952847075210472
-0.13255205987846364,-0.281450409549122,-0.3278598245974055,-1.7598258427520035,1.1002919116605174,-0.12604893477310172,-0.48241111212489407,0.010008714646709188,-0.2229574022488396,-0.12014567606486325,-0.6616825781270738,-0.6504436355879909,0.06408129851078903,0.3952847075210472
-0.34411352257878036,-0.1733560093439043,-0.2998237364239768,-0.183051625098034,-1.4763245750741694,-0.33833100848194686,-0.6091610820827633,0.010008714646709188,-0.2229574022488396,-0.12014567606486325,-0.6616825781270738,-0.6504436355879909,-0.11085473642248514,0.3952847075210472
-0.5977053683580886,-0.1850910779893318,-0.30314220793137736,0.8747103692184321,0.6095756347080067,-0.6362408534261638,-0.7870379194299558,0.010008714646709188,-0.2229574022488396,-0.12014567606486325,-0.6616825781270738,-0.6504436355879909,-0.14834102962247217,0.3952847075210472
-0.8378684570910635,-0.45279243755161297,-0.3606653794328008,0.2391299773250949,-0.8379841994653918,-0.728844946811443,-0.8423302286178644,0.010008714646709188,-0.2229574022488396,-0.12014567606486325,-0.6616825781270738,-0.6504436355879909,-0.0639968699225005,-2.5298221281347035
-0.9486063185361073,-0.5548832080707786,-0.37342846065347934,1.4856330832508835,1.0554530700973825,-0.728844946811443,-0.8423302286178644,0.010008714646709188,-0.2229574022488396,-0.12014567606486325,1.2215678365422902,1.5374122295716144,1.4823127245769672,-2.5298221281347035
-1.0203464719735205,-0.7094778356325171,-0.38311246714634895,1.7803919676939648,1.4730696625523927,-0.728844946811443,-0.8423302286178644,0.010008714646709188,-0.2229574022488396,-0.12014567606486325,1.2215678365422902,-0.6504436355879909,-0.7356262897556016,-2.5298221281347035
-1.037358494378689,-0.7610696737547553,-0.3837592765353673,-0.13180275107504824,-0.8857905995964451,-0.728844946811443,-0.8423302286178644,0.010008714646709188,-0.2229574022488396,-0.12014567606486325,-0.6616825781270738,-0.6504436355879909,-0.07336844322249754,-2.5298221281347035
-1.037358494378689,-0.7610696737547553,-0.3837592765353673,-0.13180275107504824,-0.8857905995964451,-0.728844946811443,-0.8423302286178644,0.010008714646709188,-0.2229574022488396,-0.12014567606486325,-0.6616825781270738,1.5374122295716144,-0.05462529662250402,-2.5298221281347035
0.036668194526532874,2.4960980957998093,2.1943099228966774,1.7803919676939641,1.473069662856529,-0.728844946811443,2.6484608334117445,0.010008714646709188,-0.2229574022488396,-0.12014567606486325,-2.5449329927964377,1.5374122295716144,-1.4978475848220054,0.3952847075210472
0.9900779326747251,2.8013359999143046,2.700146216527343,-0.09700580787638396,-1.826047105614955,-0.728844946811443,2.2564327972545803,0.010008714646709188,-0.2229574022488396,-0.12014567606486325,1.2215678365422902,1.5374122295716144,0.4077056528440038,0.3952847075210472
1.6728860570873743,2.1528063807076188,1.679512616409597,-1.441062178860675,0.6634150118138196,-0.728844946811443,1.376926073299983,0.010008714646709188,-0.2229574022488396,-0.12014567606486325,1.2215678365422902,-0.6504436355879909,-0.8855714625555504,0.3952847075210472
2.3209328023829396,0.4975666056518066,0.0012000134471155783,0.11676080163358585,-1.3110656894387918,2.7987651097765776,1.2639449781565961,0.010008714646709188,-0.2229574022488396,-0.12014567606486325,-0.6616825781270738,-0.6504436355879909,-0.7981034450889144,0.3952847075210472
1.8789032878352017,0.1551537484638089,-0.179765418050521,1.6703665284651619,1.3348513584313235,2.7114000728311773,1.2117808193337203,0.010008714646709188,-0.2229574022488396,-0.12014567606486325,-0.6616825781270738,1.5374122295716144,-0.23580904708910844,0.3952847075210472
1.221656779006128,0.3325828325821248,-0.09310747573658475,-1.9637628202689712,1.3854959421074315,0.8833047842410854,0.12025660883105184,0.010008714646709188,-0.2229574022488396,-0.12014567606486325,1.2215678365422902,-0.6504436355879909,1.8446802255101753,0.3952847075210472
0.780009806774674,0.5470833374361195,0.03208564626775523,-0.1807768049389325,-1.778972045124962,0.583903727367517,-0.058510605475173776,0.010008714646709188,-0.2229574022488396,-0.12014567606486325,-0.6616825781270738,1.5374122295716144,1.957139105110137,0.3952847075210472
0.31794423899175467,0.4553768490861064,-0.024175279517131314,1.4972870241225198,1.1491154373462078,0.2835342941805986,-0.23785602059921013,0.010008714646709188,-0.2229574022488396,-0.12014567606486325,1.2215678365422902,1.5374122295716144,2.3257543215766767,0.3952847075210472
-0.14364740696175923,-0.4140791976241065,-0.35450095403473664,0.5109422650783298,-0.4436196990244882,0.19874902701814784,-0.2884798433175143,0.010008714646709188,-0.2229574022488396,-0.12014567606486325,1.2215678365422902,-0.6504436355879909,-0.9168100402222058,0.3952847075210472
-0.285024040222054,-0.5329706981109326,-0.3711159608204063,1.151472026415584,0.7781711595376241,0.11372814972204995,-0.3392443447885732,0.010008714646709188,-0.2229574022488396,-0.12014567606486325,-0.6616825781270738,-0.6504436355879909,-1.8164810770218969,0.3952847075210472
-0.38473864229110805,-0.6441437713881797,-0.38043700004191233,-0.0020654755161385804,-0.3475063121435236,0.04111227659486804,-0.3826020319287438,0.010008714646709188,-0.2229574022488396,-0.12014567606486325,-0.6616825781270738,1.5374122295716144,-2.078885129421805,0.3952847075210472
-0.44652027515608894,-0.6419490621931531,-0.3803111107221047,-0.2323382139049831,-0.083632579656574,-0.05277093532492146,-0.43865808076262974,0.010008714646709188,-0.2229574022488396,-0.12014567606486325,1.2215678365422902,-0.6504436355879909,-1.3916364207553757,0.3952847075210472
-0.5100211780079286,-0.6348590565802704,-0.3798884287491403,-0.3411386953771182,-0.3757159037016815,-0.1469149626997536,-0.4948698580125502,0.010008714646709188,-0.2229574022488396,-0.12014567606486325,-0.6616825781270738,-0.6504436355879909,-1.5040953003553372,0.3952847075210472
-0.5932341911379563,-0.5800408736813563,-0.3757956724916943,-0.8769131539581734,0.2613798616199689,-0.33923772671731367,-0.6097024679241821,0.010008714646709188,-0.2229574022488396,-0.12014567606486325,-0.6616825781270738,1.5374122295716144,-0.8668283159555569,0.3952847075210472
-0.6781392098305806,-0.5720286986292366,-0.3750751486456689,-0.07232498338669009,-1.0676383516125956,-0.4210639475265677,-0.658559495030314,4.62804982697916,4.508236106706914,11.462469209819206,1.2215678365422902,-0.6504436355879909,1.1636792323770762,0.3952847075210472
-0.7616708010546891,-0.5894703254233051,-0.37660368434516267,0.7228293841561442,0.3835506706753306,-0.5074709756909477,-0.7101516433103672,0.010008714646709188,-0.2229574022488396,-0.12014567606486325,-0.6616825781270738,-0.6504436355879909,0.6763574207772439,0.3952847075210472
-0.8437788649641206,-0.6387458520082644,-0.38012317170706256,-0.17915540437538024,-0.3045171801316666,-0.5938661033027085,-0.7617366859754214,0.010008714646709188,-0.2229574022488396,-0.12014567606486325,-0.6616825781270738,-0.6504436355879909,0.264008195577387,0.3952847075210472
-0.8214833941104617,-0.5816005096551372,-0.3759323007000249,0.762810287314353,0.39715219697787,-0.5938661033027085,-0.537237946154221,0.010008714646709188,-0.2229574022488396,-0.12014567606486325,1.2215678365422902,-0.6504436355879909,0.4077056528440038,0.3952847075210472
-0.8075718339549551,-0.5743428634550655,-0.3752864625851022,0.10823786741313003,-0.6674739690757666,-0.5938661033027085,-0.613344277986471,0.010008714646709188,-0.2229574022488396,-0.12014567606486325,-0.6616825781270738,-0.6504436355879909,0.5201645324439633,0.3952847075210472
-0.8012600781255884,-0.5804154060930038,-0.37582859037472094,-0.08474038046965963,-0.3066783524038143,-0.5938661033027085,-0.689637236115025,0.010008714646709188,-0.2229574022488396,-0.12014567606486325,-0.6616825781270738,1.5374122295716144,0.8575411712438483,0.3952847075210472
-0.8025616514763854,-0.5773738214257306,-0.3755592923672743,-0.13440673836122105,-0.28017686396241753,-0.6009511527609261,-0.765967046977127,0.010008714646709188,-0.2229574022488396,-0.12014567606486325,1.2215678365422902,-0.6504436355879909,-0.1608364606891338,0.3952847075210472
-0.6466389733583845,-0.1351022516882535,-0.2885415570754542,1.5850311603113711,1.247556197302977,-0.6009511527609261,-0.030459579504087127,0.010008714646709188,-0.2229574022488396,-0.12014567606486325,1.2215678365422902,-0.6504436355879909,0.43269651497732925,0.3952847075210472
-0.49202221028845167,-0.048007143477367606,-0.2602016535343357,-0.12825500479142732,-1.7569749298701984,-0.6009511527609261,-0.11081038368014635,0.010008714646709188,-0.2229574022488396,-0.12014567606486325,-0.6616825781270738,-0.6504436355879909,0.057833582977457124,0.3952847075210472
-0.4263378453359925,-0.12530761952555433,-0.2855384646904676,-0.64778561778738,-0.7228835437369643,-0.6009511527609261,-0.4761505542106315,0.010008714646709188,-0.2229574022488396,-0.12014567606486325,-0.6616825781270738,-0.6504436355879909,-0.24205676262243814,0.3952847075210472
-0.11915649186605945,-0.2149796926246422,-0.31129186808562426,-0.6161514368784198,0.5573185410137143,-0.11556369192013907,0.23243079005243436,0.010008714646709188,-0.2229574022488396,-0.12014567606486325,1.2215678365422902,-0.6504436355879909,0.7700731537772121,0.3952847075210472
-0.052895880549975835,-0.1515720469311261,-0.29348617770721785,-1.0358805865293252,-0.10125684655057009,-0.11556369192013907,0.1849000127073234,0.010008714646709188,-0.2229574022488396,-0.12014567606486325,-0.6616825781270738,-0.6504436355879909,0.2827513421773805,0.3952847075210472
0.023578661786358323,-0.13993999481944452,-0.2900076361246977,-1.9670024713430898,1.3832923874139265,-0.11556369192013907,0.13774642744770135,0.010008714646709188,-0.2229574022488396,-0.12014567606486325,-0.6616825781270738,-0.6504436355879909,-0.12959788302247865,0.3952847075210472
0.1989504496166054,-0.6495236843588561,-0.3807356911822305,-0.0628877256603104,-0.30730241331902314,0.8390638667903724,0.09384111900746242,0.010008714646709188,-0.2229574022488396,-0.12014567606486325,-0.6616825781270738,1.5374122295716144,-0.24205676262243814,0.3952847075210472
0.12391490992474993,-0.6046198080888604,-0.3778113622396363,-0.9955467624379426,0.39853118273139787,0.6627229775749329,-0.011448988724651695,0.010008714646709188,-0.2229574022488396,-0.12014567606486325,1.2215678365422902,-0.6504436355879909,0.4389442305106595,0.3952847075210472
-0.07424980958377929,-0.25060968137217604,-0.3204397392937086,-1.7599241938963666,1.1004133126645996,-0.08712956137274948,-0.45917302459782566,0.010008714646709188,-0.2229574022488396,-0.12014567606486325,-0.6616825781270738,-0.6504436355879909,0.06408129851078903,0.3952847075210472
-0.29942097161170067,-0.135532652607631,-0.28867245112352646,-0.1831188472250473,-1.4762857005662695,-0.31311106089740603,-0.5941026857573914,0.010008714646709188,-0.2229574022488396,-0.12014567606486325,-0.6616825781270738,-0.6504436355879909,-0.11085473642248514,0.3952847075210472
-0.569345971418716,-0.14798368499022999,-0.2924200993516181,0.8744885852978421,0.6094134480006588,-0.6302593737876974,-0.7834664809602192,0.010008714646709188,-0.2229574022488396,-0.12014567606486325,-0.6616825781270738,-0.6504436355879909,-0.14834102962247217,0.3952847075210472
-0.8249867734886986,-0.4328881593031792,-0.35758693719532636,0.23909918297199617,-0.8380257664304656,-0.728844946811443,-0.8423302286178644,0.010008714646709188,-0.2229574022488396,-0.12014567606486325,-0.6616825781270738,-0.6504436355879909,-0.0639968699225005,-2.5298221281347035
-0.9428743971967061,-0.5415674469351545,-0.37205102150135555,1.485627422899233,1.0554443891218945,-0.728844946811443,-0.8423302286178644,0.010008714646709188,-0.2229574022488396,-0.12014567606486325,1.2215678365422902,1.5374122295716144,1.4823127245769672,-2.5298221281347035
-1.019247632150078,-0.706145417831506,-0.38302621121058145,1.7803919676939644,1.4730696628565256,-0.728844946811443,-0.8423302286178644,0.010008714646709188,-0.2229574022488396,-0.12014567606486325,1.2215678365422902,-0.6504436355879909,-0.7356262897556016,-2.5298221281347035
-1.037358494378689,-0.7610696737547553,-0.3837592765353673,-0.13180275107504824,-0.8857905995964451,-0.728844946811443,-0.8423302286178644,0.010008714646709188,-0.2229574022488396,-0.12014567606486325,-0.6616825781270738,-0.6504436355879909,-0.07336844322249754,-2.5298221281347035
-1.037358494378689,-0.7610696737547553,-0.3837592765353673,-0.13180275107504824,-0.8857905995964451,-0.728844946811443,-0.8423302286178644,0.010008714646709188,-0.2229574022488396,-0.12014567606486325,-0.6616825781270738,1.5374122295716144,-0.05462529662250402,-2.5298221281347035
-0.009161819307186108,2.3571108197111825,1.9789855107365557,1.7803919676939648,1.473069662856529,-0.728844946811443,2.4995045697396487,0.010008714646709188,-0.2229574022488396,-0.12014567606486325,-2.5449329927964377,1.5374122295716144,-1.4978475848220054,0.3952847075210472
0.903401211797635,2.649072458960657,2.4421568899799695,-0.09690238124861994,-1.8258373856387975,-0.728844946811443,2.1236732286765507,0.010008714646709188,-0.2229574022488396,-0.12014567606486325,1.2215678365422902,1.5374122295716144,0.4077056528440038,0.3952847075210472
1.5567052479768568,2.0282699689220087,1.5069167229639635,-1.4399078301190638,0.6618905423091139,-0.728844946811443,1.2810321736767252,0.010008714646709188,-0.2229574022488396,-0.12014567606486325,1.2215678365422902,-0.6504436355879909,-0.8855714625555504,0.3952847075210472
2.1767023872925377,0.44497969348757194,-0.030295850025042904,0.11702006168806253,-1.3105705912070706,2.646078482066039,1.1727784225583937,5.105778217910103,4.997669917978198,1.045420696956802,-0.6616825781270738,-0.6504436355879909,-0.7981034450889144,0.3952847075210472
1.7531280280035968,0.1167526058901588,-0.19650682531369115,1.6703630054842424,1.3348446463470245,2.562386398883123,1.1228073211657466,0.010008714646709188,-0.2229574022488396,-0.12014567606486325,-0.6616825781270738,1.5374122295716144,-0.23580904708910844,0.3952847075210472
1.1239332293404396,0.2852251895848529,-0.11773424745112136,-1.9635256164419221,1.3852489310548082,0.8136558584705655,0.07867043485613921,0.010008714646709188,-0.2229574022488396,-0.12014567606486325,1.2215678365422902,-0.6504436355879909,1.8446802255101753,0.3952847075210472
0.7013437855194724,0.49041008449611057,-0.003165246100526708,-0.18083423564124734,-1.778806986103019,0.5270384012846703,-0.09246391225571204,0.010008714646709188,-0.2229574022488396,-0.12014567606486325,-0.6616825781270738,1.5374122295716144,1.957139105110137,0.3952847075210472
0.25924532999193495,0.4027142655349038,-0.05463567116837275,1.496986103686286,1.1487713249811689,0.2395376437046215,-0.26412566281933236,0.010008714646709188,-0.2229574022488396,-0.12014567606486325,1.2215678365422902,1.5374122295716144,2.3257543215766767,0.3952847075210472
-0.1823839279359489,-0.42892976072276306,-0.35695176829518355,0.5111049639965471,-0.44341136201684694,0.15839961419620668,-0.31257178275283937,0.010008714646709188,-0.2229574022488396,-0.12014567606486325,1.2215678365422902,-0.6504436355879909,-0.9168100402222058,0.3952847075210472
-0.3177033607728747,-0.5427604239814207,-0.3721779425180464,1.1517159046000092,0.7783855281708834,0.07705129160460966,-0.36114346506431827,0.010008714646709188,-0.2229574022488396,-0.12014567606486325,-0.6616825781270738,-0.6504436355879909,-1.8164810770218969,0.3952847075210472
-0.41313236421080013,-0.6491892000322317,-0.3807175308120964,-0.0018636811059365432,-0.34740355068501305,0.0075753923866564024,-0.4026263278648271,0.010008714646709188,-0.2229574022488396,-0.12014567606486325,-0.6616825781270738,1.5374122295716144,-2.078885129421805,0.3952847075210472
-0.47224593359800415,-0.6471001290838218,-0.3806028772286894,-0.23224437316175742,-0.08364096849014017,-0.0822441156590564,-0.45625600910696174,0.010008714646709188,-0.2229574022488396,-0.12014567606486325,1.2215678365422902,-0.6504436355879909,-1.3916364207553757,0.3952847075210472
-0.5329969852937649,-0.6403285040108855,-0.38021665245030994,-0.34093507009891216,-0.37584625311539926,-0.17229569824228502,-0.5100242580582967,0.010008714646709188,-0.2229574022488396,-0.12014567606486325,-0.6616825781270738,-0.6504436355879909,-1.5040953003553372,0.3952847075210472
-0.6125964322633831,-0.5879104240298143,-0.37647299909757964,-0.8766839988098777,0.2612742659338793,-0.3562443181137912,-0.6198568107329195,0.010008714646709188,-0.2229574022488396,-0.12014567606486325,-0.6616825781270738,1.5374122295716144,-0.8668283159555569,0.3952847075210472
-0.6938097774719555,-0.5802580600182445,-0.3758147694361442,-0.07227907412255619,-1.0676077403694455,-0.4345053917028567,-0.6665851498384148,0.010008714646709188,-0.2229574022488396,-0.12014567606486325,1.2215678365422902,-0.6504436355879909,1.1636792323770762,0.3952847075210472
-0.7737038627653254,-0.596945743180349,-0.3772135458721765,0.7228976045816012,0.3835898152208606,-0.5171435743612894,-0.7159269853798151,0.010008714646709188,-0.2229574022488396,-0.12014567606486325,-0.6616825781270738,-0.6504436355879909,0.6763574207772439,0.3952847075210472
-0.8522329409124444,-0.6440820491712552,-0.380433491625235,-0.17905304640167863,-0.3045316830955141,-0.5997648087923685,-0.7652587014265715,0.010008714646709188,-0.2229574022488396,-0.12014567606486325,-0.6616825781270738,-0.6504436355879909,0.264008195577387,0.3952847075210472
-0.830693799471095,-0.5888390582109155,-0.37655094056319033,0.7692419728395383,0.4030680080485021,-0.5997648087923685,-0.5498505034372408,0.010008714646709188,-0.2229574022488396,-0.12014567606486325,1.2215678365422902,-0.6504436355879909,0.4077056528440038,0.3952847075210472
-0.8172275336968532,-0.5818328641297923,-0.3759525543808958,0.10877550354965525,-0.6715036974463313,-0.5997648087923685,-0.6228172242465914,0.010008714646709188,-0.2229574022488396,-0.12014567606486325,-0.6616825781270738,-0.6504436355879909,0.5201645324439633,0.3952847075210472
-0.8110828004276519,-0.5877477452911537,-0.3764593021196217,-0.08693441650371607,-0.30543928534042153,-0.5997648087923685,-0.6959554332794168,0.010008714646709188,-0.2229574022488396,-0.12014567606486325,-0.6616825781270738,1.5374122295716144,0.8575411712438483,0.3952847075210472
-0.8122731307940979,-0.5849654318064802,-0.3762230499519023,-0.13429864609256884,-0.2801375639660744,-0.6062443126272813,-0.769127501566255,0.010008714646709188,-0.2229574022488396,-0.12014567606486325,1.2215678365422902,-0.6504436355879909,-0.1608364606891338,0.3952847075210472
-0.6629470064449013,-0.1614243805128845,-0.2963810609879806,1.5847534387663158,1.2472407260192142,-0.6062443126272813,-0.0645121914656446,0.010008714646709188,-0.2229574022488396,-0.12014567606486325,1.2215678365422902,-0.6504436355879909,0.43269651497732925,0.3952847075210472
-0.5148610194795823,-0.07798943279591994,-0.27037371405888844,-0.12827771384032455,-1.7568351945601353,-0.6062443126272813,-0.1415095946966277,0.010008714646709188,-0.2229574022488396,-0.12014567606486325,-0.6616825781270738,-0.6504436355879909,0.057833582977457124,0.3952847075210472
-0.4519661052315124,-0.1520073277184377,-0.29361507111904944,-0.6475618616022013,-0.7232171476390555,-0.6062443126272813,-0.4915349968300406,0.010008714646709188,-0.2229574022488396,-0.12014567606486325,-0.6616825781270738,-0.6504436355879909,-0.24205676262243814,0.3952847075210472
-0.15816367977655948,-0.23895614846483956,-0.3175156347048467,-0.6246803174227168,0.5586385517092447,-0.1413297049865599,0.1857862742042345,0.010008714646709188,-0.2229574022488396,-0.12014567606486325,1.2215678365422902,-0.6504436355879909,0.7700731537772121,0.3952847075210472
-0.09515287205150116,-0.17859419029700405,-0.3013132719857941,-1.0398668051552842,-0.093967757780427,-0.1413297049865599,0.14028492083154595,0.010008714646709188,-0.2229574022488396,-0.12014567606486325,-0.6616825781270738,-0.6504436355879909,0.2827513421773805,0.3952847075210472
-0.02233934549917954,-0.16739168448521594,-0.29811147725147613,-1.9667678291333752,1.3830214580329456,-0.1413297049865599,0.09514821866068542,0.010008714646709188,-0.2229574022488396,-0.12014567606486325,-0.6616825781270738,-0.6504436355879909,-0.12959788302247865,0.3952847075210472
0.1452418811503267,-0.6543028609795694,-0.3809892312474831,-0.06251602693819974,-0.30740746293798127,0.7708903234537267,0.05313587047247373,0.010008714646709188,-0.2229574022488396,-0.12014567606486325,-0.6616825781270738,1.5374122295716144,-0.24205676262243814,0.3952847075210472
0.07343766177030527,-0.6113748076612532,-0.3783138973724075,-0.9950259729188288,0.3982236962592056,0.6021918225426338,-0.047591098832271944,0.010008714646709188,-0.2229574022488396,-0.12014567606486325,1.2215678365422902,-0.6504436355879909,0.4389442305106595,0.3952847075210472
-0.11613707269126777,-0.27276638135556386,-0.3258172583620385,-1.7598534756374433,1.1003260193715296,-0.11509219397797517,-0.47586903091023997,0.010008714646709188,-0.2229574022488396,-0.12014567606486325,-0.6616825781270738,-0.6504436355879909,0.06408129851078903,0.3952847075210472
-0.33153063372468594,-0.16270624700312783,-0.29675423989360017,-0.1830705045605516,-1.4763136633216285,-0.3312310701972027,-0.6049218312191773,0.010008714646709188,-0.2229574022488396,-0.12014567606486325,-0.6616825781270738,-0.6504436355879909,-0.11085473642248514,0.3952847075210472
-0.5897211707136489,-0.1746434142059624,-0.30019106043110816,0.8746480875198439,0.6095300866032662,-0.6345569554809583,-0.786032492969596,0.010008714646709188,-0.2229574022488396,-0.12014567606486325,-0.6616825781270738,-0.6504436355879909,-0.14834102962247217,0.3952847075210472
-0.8342419744339269,-0.4471889095655353,-0.35981819776718743,0.2391213294995363,-0.8379958726421867,-0.728844946811443,-0.8423302286178644,0.010008714646709188,-0.2229574022488396,-0.12014567606486325,-0.6616825781270738,-0.6504436355879909,-0.0639968699225005,-2.5298221281347035
-0.9469926661230813,-0.5511345444400769,-0.37304939796356523,1.4856314937489308,1.0554506323662984,-0.728844946811443,-0.8423302286178644,0.010008714646709188,-0.2229574022488396,-0.12014567606486325,1.2215678365422902,1.5374122295716144,1.4823127245769672,-2.5298221281347035
-1.0200371280933025,-0.708539697943028,-0.3830887303216532,1.7803919676998154,1.4730696628359037,-0.728844946811443,-0.8423302286178644,0.010008714646709188,-0.2229574022488396,-0.12014567606486325,1.2215678365422902,-0.6504436355879909,-0.7356262897556016,-2.5298221281347035
-1.037358494378689,-0.7610696737547553,-0.3837592765353673,-0.13180275107504824,-0.8857905995964451,-0.728844946811443,-0.8423302286178644,0.010008714646709188,-0.2229574022488396,-0.12014567606486325,-0.6616825781270738,-0.6504436355879909,-0.07336844322249754,-2.5298221281347035
-1.037358494378689,-0.7610696737547553,-0.3837592765353673,-0.13180275107504824,-0.8857905995964451,-0.728844946811443,-0.8423302286178644,0.010008714646709188,-0.2229574022488396,-0.12014567606486325,-0.6616825781270738,1.5374122295716144,-0.05462529662250402,-2.5298221281347035
0.08560425368924382,2.6445049802099874,2.4345920040385485,1.7803919676939652,1.4730696628565265,-0.728844946811443,2.8075123352978597,0.010008714646709188,-0.2229574022488396,-0.12014567606486325,-2.5449329927964377,1.5374122295716144,-1.4978475848220054,0.3952847075210472
1.0826456278397536,2.963944530485899,2.988105730002368,-0.09711636183705928,-1.8262712802565064,-0.728844946811443,2.3982439147547043,0.010008714646709188,-0.2229574022488396,-0.12014567606486325,1.2215678365422902,1.5374122295716144,0.4077056528440038,0.3952847075210472
1.7969955831813484,2.285803605126454,1.8721576198557168,-1.4422993342232406,0.6650496446178921,-0.728844946811443,1.4794430243443282,-4.448789600708762,4.34509150294982,0.7650183046339624,1.2215678365422902,-0.6504436355879909,-0.8855714625555504,0.3952847075210472
2.4750340943549287,0.5536008861872375,0.03623965762213423,0.11648388882033858,-1.311594400393501,2.962023787787334,1.3614239229006835,0.010008714646709188,-0.2229574022488396,-0.12014567606486325,-0.6616825781270738,-0.6504436355879909,-0.7981034450889144,0.3952847075210472
2.013340870356387,0.19608427448986962,-0.16113224107436785,1.6703701238171182,1.3348583174877167,2.870742644911513,1.3069215246760513,0.010008714646709188,-0.2229574022488396,-0.12014567606486325,-0.6616825781270738,1.5374122295716144,-0.23580904708910844,0.3952847075210472
1.3261411223255852,0.3832219391773133,-0.06556838569166329,-1.964016595636666,1.385760274754664,0.9577624533244179,0.1647140006143512,0.010008714646709188,-0.2229574022488396,-0.12014567606486325,1.2215678365422902,-0.6504436355879909,1.8446802255101753,0.3952847075210472
0.8641230616853363,0.6076861095754864,0.07150780278628718,-0.18071514709569,-1.7791490929490221,0.6447111057544931,-0.022203567160026243,0.010008714646709188,-0.2229574022488396,-0.12014567606486325,-0.6616825781270738,1.5374122295716144,1.957139105110137,0.3952847075210472
0.3807112882554215,0.5116868321226199,0.009885927210492694,1.4976100367860996,1.1494848005067992,0.33059596903229066,-0.20975630511498913,0.010008714646709188,-0.2229574022488396,-0.12014567606486325,1.2215678365422902,1.5374122295716144,2.3257543215766767,0.3952847075210472
-0.10222311993476269,-0.39821814299113684,-0.35176500457630794,0.5107676379847846,-0.4438432456460701,0.24191333997134026,-0.262707175496429,0.010008714646709188,-0.2229574022488396,-0.12014567606486325,1.2215678365422902,-0.6504436355879909,-0.9168100402222058,0.3952847075210472
-0.2500698003483779,-0.522511952024233,-0.36992994239641,1.1512100189831396,0.7779409166596043,0.15296644061957504,-0.3158158371168384,0.010008714646709188,-0.2229574022488396,-0.12014567606486325,-0.6616825781270738,-0.6504436355879909,-1.8164810770218969,0.3952847075210472
-0.35436350544659256,-0.6387506807383436,-0.3801234587717072,-0.0022822597990635293,-0.3476166480311567,0.07699353659134929,-0.36117794958798893,0.010008714646709188,-0.2229574022488396,-0.12014567606486325,-0.6616825781270738,1.5374122295716144,-2.078885129421805,0.3952847075210472
-0.41899727562292594,-0.6364418973471323,-0.37998491058329,-0.23243906608130166,-0.08362355497587078,-0.021234727324727646,-0.41982835413158104,0.010008714646709188,-0.2229574022488396,-0.12014567606486325,1.2215678365422902,-0.6504436355879909,-1.3916364207553757,0.3952847075210472
-0.4854385478954036,-0.629010242524416,-0.3795213525962628,-0.3413576485457091,-0.3755756810245406,-0.11975640367345772,-0.4786539501851028,0.010008714646709188,-0.2229574022488396,-0.12014567606486325,-0.6616825781270738,-0.6504436355879909,-1.5040953003553372,0.3952847075210472
-0.5725165644072661,-0.571622865540863,-0.37503782245827716,-0.8771595003078966,0.2614934288852468,-0.32103838848404453,-0.5988359565225467,0.010008714646709188,-0.2229574022488396,-0.12014567606486325,-0.6616825781270738,1.5374122295716144,-0.8668283159555569,0.3952847075210472
-0.6613706222434793,-0.5632245764630917,-0.3742474286079186,-0.07237434429498776,-1.0676712503818386,-0.4066790846618112,-0.6499705411723604,0.010008714646709188,-0.2229574022488396,-0.12014567606486325,1.2215678365422902,-0.6504436355879909,1.1636792323770762,0.3952847075210472
-0.7487939012993557,-0.5814722338574608,-0.3759211080209603,0.7227559790617608,0.3835085621261295,-0.49711897582404047,-0.7039706424881593,0.010008714646709188,-0.2229574022488396,-0.12014567606486325,-0.6616825781270738,-0.6504436355879909,0.6763574207772439,0.3952847075210472
-0.8347314153355047,-0.6330357599565102,-0.3797757808075374,-0.17926553201549442,-0.3045015795324097,-0.5875529645740627,-0.75796721957529,0.010008714646709188,-0.2229574022488396,-0.12014567606486325,-0.6616825781270738,-0.6504436355879909,0.264008195577387,0.3952847075210472
-0.8116484464995843,-0.5739137770946467,-0.37524747786675494,0.7558698464359304,0.39078310719887627,-0.5875529645740627,-0.5238119164964292,0.010008714646709188,-0.2229574022488396,-0.12014567606486325,1.2215678365422902,-0.6504436355879909,0.4077056528440038,0.3952847075210472
-0.7972767283832681,-0.5663940698006483,-0.37454974849881495,0.10765381778353543,-0.6631244155201863,-0.5875529645740627,-0.6032597232153311,0.010008714646709188,-0.2229574022488396,-0.12014567606486325,-0.6616825781270738,-0.6504436355879909,0.5201645324439633,0.3952847075210472
-0.7907972105759242,-0.5726245688680229,-0.3751298083085922,-0.08237766227835379,-0.30800825601531556,-0.5875529645740627,-0.6829109769493134,0.010008714646709188,-0.2229574022488396,-0.12014567606486325,-0.6616825781270738,1.5374122295716144,0.8575411712438483,0.3952847075210472
-0.7922233396180145,-0.5692928036657832,-0.3748219676962115,-0.13452184518880378,-0.28021870014841677,-0.5953160267102293,-0.7626024102692048,0.010008714646709188,-0.2229574022488396,-0.12014567606486325,1.2215678365422902,-0.6504436355879909,-0.1608364606891338,0.3952847075210472
-0.6292635494840627,-0.10703784118060927,-0.27981224632533036,1.5853275770122062,1.247892918675698,-0.5953160267102293,0.005838402947372552,0.010008714646709188,-0.2229574022488396,-0.12014567606486325,1.2215678365422902,-0.6504436355879909,0.43269651497732925,0.3952847075210472
-0.4676808694212323,-0.01604054038333945,-0.24887515615947967,-0.12823076288976987,-1.7571240695472976,-0.5953160267102293,-0.07808527348442168,0.010008714646709188,-0.2229574022488396,-0.12014567606486325,-0.6616825781270738,-0.6504436355879909,0.057833582977457124,0.3952847075210472
-0.39901971531850544,-0.09684403717270046,-0.27654673771704996,-0.6480246101962277,-0.7225271543619692,-0.5953160267102293,-0.4597491640014857,0.010008714646709188,-0.2229574022488396,-0.12014567606486325,-0.6616825781270738,-0.6504436355879909,-0.24205676262243814,0.3952847075210472
-0.0775245240930038,-0.18930546863548073,-0.30431762956508246,-0.6070027139654167,0.5559394405479657,-0.0880944852097728,0.28231812253379013,0.010008714646709188,-0.2229574022488396,-0.12014567606486325,1.2215678365422902,-0.6504436355879909,0.7700731537772121,0.3952847075210472
-0.007749553721871098,-0.12261102504098526,-0.2847034874998624,-1.03161645567858,-0.10906039955397238,-0.0880944852097728,0.23262033066017823,0.010008714646709188,-0.2229574022488396,-0.12014567606486325,-0.6616825781270738,-0.6504436355879909,0.2827513421773805,0.3952847075210472
0.07267589970306346,-0.11052849645630539,-0.28091884377187665,-1.9672534209933812,1.3835821639115364,-0.0880944852097728,0.18331275030362126,0.010008714646709188,-0.2229574022488396,-0.12014567606486325,-0.6616825781270738,-0.6504436355879909,-0.12959788302247865,0.3952847075210472
0.2563984909380934,-0.6444187529631321,-0.38045260805625064,-0.06328691905201131,-0.3071893807526776,0.9119902543062284,0.13738420894094625,0.010008714646709188,-0.2229574022488396,-0.12014567606486325,-0.6616825781270738,1.5374122295716144,-0.24205676262243814,0.3952847075210472
0.17790963911630267,-0.5973988807992485,-0.37724964081761625,-0.9961059947056349,0.39886166634910186,0.7274768318577157,0.027214422375505587,0.010008714646709188,-0.2229574022488396,-0.12014567606486325,1.2215678365422902,-0.6504436355879909,0.4389442305106595,0.3952847075210472
-0.029441146203920455,-0.22691237783038393,-0.314424256989926,-1.760000167993883,1.100507100089428,-0.05721100198614679,-0.44130916809227927,0.010008714646709188,-0.2229574022488396,-0.12014567606486325,-0.6616825781270738,-0.6504436355879909,0.06408129851078903,0.3952847075210472
-0.2650701930518627,-0.1064672852295389,-0.279630807249358,-0.1831708262501166,-1.4762555942510331,-0.29372311648292104,-0.5825264780769857,0.010008714646709188,-0.2229574022488396,-0.12014567606486325,-0.6616825781270738,-0.6504436355879909,-0.11085473642248514,0.3952847075210472
-0.5475475289195811,-0.11946507197318669,-0.283724903790109,0.8743170399649232,0.6092880170160073,-0.6256610000190835,-0.7807208711833605,0.010008714646709188,-0.2229574022488396,-0.12014567606486325,-0.6616825781270738,-0.6504436355879909,-0.14834102962247217,0.3952847075210472
-0.8150840688517824,-0.41758706987693595,-0.355089533130129,0.23907536603229032,-0.838057914172399,-0.728844946811443,-0.8423302286178644,0.010008714646709188,-0.2229574022488396,-0.12014567606486325,-0.6616825781270738,-0.6504436355879909,-0.0639968699225005,-2.5298221281347035
-0.9384679420667942,-0.5313309024590694,-0.37093352267903434,1.4856230445818586,1.0554376743194047,-0.728844946811443,-0.8423302286178644,0.010008714646709188,-0.2229574022488396,-0.12014567606486325,1.2215678365422902,1.5374122295716144,1.4823127245769672,-2.5298221281347035
-1.018402878589848,-0.7035835596412338,-0.38295623091437353,1.7803919676939652,1.4730696628565256,-0.728844946811443,-0.8423302286178644,0.010008714646709188,-0.2229574022488396,-0.12014567606486325,1.2215678365422902,-0.6504436355879909,-0.7356262897556016,-2.5298221281347035
-1.037358494378689,-0.7610696737547553,-0.3837592765353673,-0.13180275107504824,-0.8857905995964451,-0.728844946811443,-0.8423302286178644,0.010008714646709188,-0.2229574022488396,-0.12014567606486325,-0.6616825781270738,-0.6504436355879909,-0.07336844322249754,-2.5298221281347035
-1.037358494378689,-0.7610696737547553,-0.3837592765353673,-0.13180275107504824,-0.8857905995964451,-0.728844946811443,-0.8423302286178644,0.010008714646709188,-0.2229574022488396,-0.12014567606486325,-0.6616825781270738,1.5374122295716144,-0.05462529662250402,-2.5298221281347035
0.06143175892453222,2.571197797371165,2.314564251617442,1.7803919676939648,1.4730696628565256,-0.728844946811443,2.7289471287315057,0.010008714646709188,-0.2229574022488396,-0.12014567606486325,-2.5449329927964377,1.5374122295716144,-1.4978475848220054,0.3952847075210472
1.036918666313631,2.883618979144202,2.8442530339449923,-0.09706173751066283,-1.826160516031788,-0.728844946811443,2.3281877972533427,0.010008714646709188,-0.2229574022488396,-0.12014567606486325,1.2215678365422902,1.5374122295716144,0.4077056528440038,0.3952847075210472
1.7356832528486479,2.2201055238607403,1.775920252258852,-1.4416876393499523,0.664241318664913,-0.728844946811443,1.428787610758755,0.010008714646709188,-0.2229574022488396,-0.12014567606486325,1.2215678365422902,-0.6504436355879909,-0.8855714625555504,0.3952847075210472
2.398901679147568,0.5259372512369387,0.018750172815981993,0.11662068326911108,-1.3113332308638883,2.8813513967555697,1.313255827681631,0.010008714646709188,-0.2229574022488396,-0.12014567606486325,-0.6616825781270738,-0.6504436355879909,-0.7981034450889144,0.3952847075210472
1.9469160909036758,0.17587568408654614,-0.1704337429807043,1.6703683693522584,1.3348549068779132,2.792003908112906,1.259907981095201,0.010008714646709188,-0.2229574022488396,-0.12014567606486325,-0.6616825781270738,1.5374122295716144,-0.23580904708910844,0.3952847075210472
1.2745121164761042,0.35819889150329726,-0.07933244582243044,-1.9638911767319032,1.3856296299098125,0.9209718450430612,0.14274696207491472,0.010008714646709188,-0.2229574022488396,-0.12014567606486325,1.2215678365422902,-0.6504436355879909,1.8446802255101753,0.3952847075210472
0.8225594197368344,0.5777392414902622,0.05180424891724378,-0.18074564912829988,-1.7790615301911834,0.61466323504336,-0.04014463323024793,-4.448789600708762,4.34509150294982,2.4417921749479405,-0.6616825781270738,1.5374122295716144,1.957139105110137,0.3952847075210472
0.34969518267468597,0.4838617705139681,-0.0071377097400417595,1.4974502568685277,1.149302093533952,0.3073385648564337,-0.22364290057302602,0.010008714646709188,-0.2229574022488396,-0.12014567606486325,1.2215678365422902,1.5374122295716144,2.3257543215766767,0.3952847075210472
-0.12269318277946467,-0.406053395549333,-0.3531318260452024,0.5108540304763189,-0.443732653758914,0.2205814595189895,-0.2754440739035396,0.010008714646709188,-0.2229574022488396,-0.12014567606486325,1.2215678365422902,-0.6504436355879909,-0.9168100402222058,0.3952847075210472
-0.26734361457304506,-0.5276788773329205,-0.37052251439206385,1.1513396459666938,0.7780548203223225,0.133574451893429,-0.3273944595860796,0.010008714646709188,-0.2229574022488396,-0.12014567606486325,-0.6616825781270738,-0.6504436355879909,-1.8164810770218969,0.3952847075210472
-0.3693750276080009,-0.6414153955408175,-0.38028014558325735,-0.0021750076013254266,-0.3475620684466939,0.05926033961513135,-0.3717661360736524,0.010008714646709188,-0.2229574022488396,-0.12014567606486325,-0.6616825781270738,1.5374122295716144,-2.078885129421805,0.3952847075210472
-0.43259953315604627,-0.6391631260847775,-0.38014793653893686,-0.2323891597295218,-0.0836280237191201,-0.03682086995774529,-0.4291345714488454,0.010008714646709188,-0.2229574022488396,-0.12014567606486325,1.2215678365422902,-0.6504436355879909,-1.3916364207553757,0.3952847075210472
-0.4975878402959518,-0.6319004528758001,-0.37970482239080605,-0.34124928009345135,-0.3756450899508345,-0.1331791410728794,-0.4866684354989335,0.010008714646709188,-0.2229574022488396,-0.12014567606486325,-0.6616825781270738,-0.6504436355879909,-1.5040953003553372,0.3952847075210472
-0.5827558501702231,-0.5757829898159056,-0.3754166513798695,-0.8770376177176561,0.26143724855176725,-0.3300333515761241,-0.6042066940595135,0.010008714646709188,-0.2229574022488396,-0.12014567606486325,-0.6616825781270738,1.5374122295716144,-0.8668283159555569,0.3952847075210472
-0.6696583087331619,-0.5675756738522214,-0.3746612056167234,-0.07234993087535885,-1.0676549861762206,-0.4137888485711818,-0.6542156587471787,0.010008714646709188,-0.2229574022488396,-0.12014567606486325,1.2215678365422902,-0.6504436355879909,1.1636792323770762,0.3952847075210472
-0.7551582544030602,-0.5854250552800415,-0.37626233698317835,0.7227923223695403,0.3835294048947757,-0.5022355493344663,-0.7070256604056081,0.010008714646709188,-0.2229574022488396,-0.12014567606486325,-0.6616825781270738,-0.6504436355879909,0.6763574207772439,0.3952847075210472
-0.8392031462469561,-0.6358579080647236,-0.37994945534855307,-0.179211029462256,-0.3045092808169598,-0.5906733076984028,-0.7598303227114069,0.010008714646709188,-0.2229574022488396,-0.12014567606486325,-0.6616825781270738,-0.6504436355879909,0.264008195577387,0.3952847075210472
-0.8165065703681639,-0.5777052416998079,-0.37558885416096777,0.759307592197791,0.39393595292459843,-0.5906733076984028,-0.5304385046515505,0.010008714646709188,-0.2229574022488396,-0.12014567606486325,1.2215678365422902,-0.6504436355879909,0.4077056528440038,0.3952847075210472
-0.8023601696704875,-0.5703141458854349,-0.37491690870035776,0.10794361111928337,-0.6652789749483886,-0.5906733076984028,-0.6082371652651619,0.010008714646709188,-0.2229574022488396,-0.12014567606486325,-0.6616825781270738,-0.6504436355879909,0.5201645324439633,0.3952847075210472
-0.7959621501373191,-0.5764679646932532,-0.37547822003393194,-0.08354733916858954,-0.307350452883583,-0.5906733076984028,-0.6862308797620861,0.010008714646709188,-0.2229574022488396,-0.12014567606486325,-0.6616825781270738,1.5374122295716144,0.8575411712438483,0.3952847075210472
-0.7973260060060284,-0.5732812635277922,-0.3751898475612524,-0.13446502721706227,-0.28019805116849045,-0.5980973889288455,-0.764263113744973,0.010008714646709188,-0.2229574022488396,-0.12014567606486325,1.2215678365422902,-0.6504436355879909,-0.1608364606891338,0.3952847075210472
-0.637841425344066,-0.12089515561834317,-0.2841703435151956,1.5851811754670178,1.2477266086947985,-0.5980973889288455,-0.012083277116371695,0.010008714646709188,-0.2229574022488396,-0.12014567606486325,1.2215678365422902,-0.6504436355879909,0.43269651497732925,0.3952847075210472
-0.47969866361997054,-0.03182460283236611,-0.254529879608624,-0.1282427366427815,-1.757050409122415,-0.5980973889288455,-0.09424310454600024,0.010008714646709188,-0.2229574022488396,-0.12014567606486325,-0.6616825781270738,-0.6504436355879909,0.057833582977457124,0.3952847075210472
-0.41250770245782326,-0.11089801076554959,-0.28103563951151544,-0.6479065484739868,-0.7227032189514516,-0.5980973889288455,-0.4678474735609922,0.010008714646709188,-0.2229574022488396,-0.12014567606486325,-0.6616825781270738,-0.6504436355879909,-0.24205676262243814,0.3952847075210472
-0.09808663480507156,-0.2019969802064824,-0.30780523731342097,-0.6115271851877929,0.5566167093118258,-0.10165761226534252,0.25766517166366015,0.010008714646709188,-0.2229574022488396,-0.12014567606486325,1.2215678365422902,-0.6504436355879909,0.7700731537772121,0.3952847075210472
-0.030053360823999484,-0.13693057305393927,-0.2890969672976506,-1.03372374978622,-0.10520314532714434,-0.10165761226534252,0.20903780598801197,0.010008714646709188,-0.2229574022488396,-0.12014567606486325,-0.6616825781270738,-0.6504436355879909,0.2827513421773805,0.3952847075210472
0.04841508366358155,-0.12506949245938845,-0.28546487296275097,-1.9671294093273826,1.3834389627371277,-0.10165761226534252,0.1607942678938147,0.010008714646709188,-0.2229574022488396,-0.12014567606486325,-0.6616825781270738,-0.6504436355879909,-0.12959788302247865,0.3952847075210472
0.22800852620225617,-0.6469406272416636,-0.38059403620367904,-0.06308943624336869,-0.30724534598519143,0.8759503127736759,0.11586538058806467,0.010008714646709188,-0.2229574022488396,-0.12014567606486325,-0.6616825781270738,1.5374122295716144,-0.24205676262243814,0.3952847075210472
0.15122586299868282,-0.6009667879669865,-0.3775303582602722,-0.9958293164127017,0.39869812084423445,0.6954753841033162,0.00810690910030688,0.010008714646709188,-0.2229574022488396,-0.12014567606486325,1.2215678365422902,-0.6504436355879909,0.4389442305106595,0.3952847075210472
-0.05158556477678409,-0.2386229644144264,-0.31743106165249463,-1.759962588457059,1.1004607104193185,-0.07199747620997415,-0.4501379171755554,0.010008714646709188,-0.2229574022488396,-0.12014567606486325,-0.6616825781270738,-0.6504436355879909,0.06408129851078903,0.3952847075210472
-0.28204654358482334,-0.12083093012031705,-0.28415035999671706,-0.18314510726077068,-1.476270504499144,-0.30330516830459936,-0.588247756182636,0.010008714646709188,-0.2229574022488396,-0.12014567606486325,-0.6616825781270738,-0.6504436355879909,-0.11085473642248514,0.3952847075210472
-0.558320591039148,-0.13355889229515397,-0.2880714485048638,0.8744019382906466,0.6093500921798813,-0.627933651229027,-0.7820778320776662,0.010008714646709188,-0.2229574022488396,-0.12014567606486325,-0.6616825781270738,-0.6504436355879909,-0.14834102962247217,0.3952847075210472
-0.8199782402409906,-0.4251492417345216,-0.35633803253307395,0.23908715078802237,-0.8380420074825954,-0.728844946811443,-0.8423302286178644,0.010008714646709188,-0.2229574022488396,-0.12014567606486325,-0.6616825781270738,-0.6504436355879909,-0.0639968699225005,-2.5298221281347035
-0.9406457342810289,-0.5363900818849119,-0.3714921861406726,1.485625211136828,1.0554409970570975,-0.728844946811443,-0.8423302286178644,0.010008714646709188,-0.2229574022488396,-0.12014567606486325,1.2215678365422902,1.5374122295716144,1.4823127245769672,-2.5298221281347035
-1.018820380580195,-0.7048497051111139,-0.38299121589328705,1.780391967698738,1.4730696632710787,-0.728844946811443,-0.8423302286178644,0.010008714646709188,-0.2229574022488396,-0.12014567606486325,1.2215678365422902,-0.6504436355879909,-0.7356262897556016,-2.5298221281347035
-1.037358494378689,-0.7610696737547553,-0.3837592765353673,-0.13180275107504824,-0.8857905995964451,-0.728844946811443,-0.8423302286178644,0.010008714646709188,-0.2229574022488396,-0.12014567606486325,-0.6616825781270738,-0.6504436355879909,-0.07336844322249754,-2.5298221281347035
-1.037358494378689,-0.7610696737547553,-0.3837592765353673,-0.13180275107504824,-0.8857905995964451,-0.728844946811443,-0.8423302286178644,0.010008714646709188,-0.2229574022488396,-0.12014567606486325,-0.6616825781270738,1.5374122295716144,-0.05462529662250402,-2.5298221281347035
0.07424935296161565,2.6100693213398882,2.3778843286451194,1.780391967693964,1.4730696628565256,-0.728844946811443,2.770606747774106,0.010008714646709188,-0.2229574022488396,-0.12014567606486325,-2.5449329927964377,1.5374122295716144,-1.4978475848220054,0.3952847075210472
1.061165108304209,2.9262112245982115,2.920139705058311,-0.09709069887567222,-1.826219242228568,-0.728844946811443,2.3653337273288995,3.831835842094255,3.6925130879214394,0.42902570406820706,1.2215678365422902,1.5374122295716144,0.4077056528440038,0.3952847075210472
1.7681927170452982,2.2549416320281277,1.826688421001127,-1.442011853115365,0.6646697268327174,-0.728844946811443,1.4556440048877661,0.010008714646709188,-0.2229574022488396,-0.12014567606486325,1.2215678365422902,-0.6504436355879909,-0.8855714625555504,0.3952847075210472
2.439268275382326,0.5406097171539078,0.027980069724073364,0.1165481497084613,-1.3114717159021143,2.924121302159416,1.338793001548105,0.010008714646709188,-0.2229574022488396,-0.12014567606486325,-0.6616825781270738,-0.6504436355879909,-0.7981034450889144,0.3952847075210472
1.982133831230939,0.18659370612448234,-0.16552522756872304,1.670369304833721,1.3348567218515626,2.8337483006951674,1.2848328389188912,0.010008714646709188,-0.2229574022488396,-0.12014567606486325,-0.6616825781270738,1.5374122295716144,-0.23580904708910844,0.3952847075210472
1.3018843313488508,0.3714652258679856,-0.07207312926632232,-1.9639576654350124,1.385698887001155,0.9404774819051491,0.15439344188870102,0.010008714646709188,-0.2229574022488396,-0.12014567606486325,1.2215678365422902,-0.6504436355879909,1.8446802255101753,0.3952847075210472
0.8445951142113926,0.5936159335390402,0.06219604056633672,-0.18072948785109424,-1.7791079314794311,0.6305935013136073,-0.0306329456162289,0.010008714646709188,-0.2229574022488396,-0.12014567606486325,-0.6616825781270738,1.5374122295716144,1.957139105110137,0.3952847075210472
0.3661388045578172,0.49861368977699017,0.0018407901910049902,1.4975349232904733,1.1493989081477196,0.3196683027046304,-0.21628102646588504,0.010008714646709188,-0.2229574022488396,-0.12014567606486325,1.2215678365422902,1.5374122295716144,2.3257543215766767,0.3952847075210472
-0.11184079101668061,-0.40189883351916045,-0.3524107989698314,0.5108082651197041,-0.4437912346400717,0.23189027049480904,-0.2686917776478967,0.010008714646709188,-0.2229574022488396,-0.12014567606486325,1.2215678365422902,-0.6504436355879909,-0.9168100402222058,0.3952847075210472
-0.25818597891554895,-0.5249392614592172,-0.3702099358210835,1.1512709591639267,0.777994463057992,0.1438547686318021,-0.32125625952528064,0.010008714646709188,-0.2229574022488396,-0.12014567606486325,-0.6616825781270738,-0.6504436355879909,-1.8164810770218969,0.3952847075210472
-0.36141688838172525,-0.6400025961852264,-0.38019750194618723,-0.002231838225596247,-0.3475909913705177,0.06866120703516948,-0.3661530400535804,0.010008714646709188,-0.2229574022488396,-0.12014567606486325,-0.6616825781270738,1.5374122295716144,-2.078885129421805,0.3952847075210472
-0.425388561623281,-0.637720400427586,-0.38006195258895825,-0.23241559755760613,-0.0836256583947952,-0.028558302091835845,-0.42420113448696956,0.010008714646709188,-0.2229574022488396,-0.12014567606486325,1.2215678365422902,-0.6504436355879909,-1.3916364207553757,0.3952847075210472
-0.4911471800463718,-0.6303681781774767,-0.37960805962197347,-0.34130667920689606,-0.37560832767147684,-0.12606348105259105,-0.48241979745783836,0.010008714646709188,-0.2229574022488396,-0.12014567606486325,-0.6616825781270738,-0.6504436355879909,-1.5040953003553372,0.3952847075210472
-0.5773277749288417,-0.5735775388723899,-0.37521686634999524,-0.8771022119585823,0.2614670353267045,-0.32526499070204995,-0.601359587909768,0.010008714646709188,-0.2229574022488396,-0.12014567606486325,-0.6616825781270738,1.5374122295716144,-0.8668283159555569,0.3952847075210472
-0.6652648532701191,-0.5652690181532625,-0.37444299517464047,-0.0723628782117047,-1.0676636173842249,-0.4100198821849919,-0.6519652738330148,0.010008714646709188,-0.2229574022488396,-0.12014567606486325,1.2215678365422902,-0.6504436355879909,1.1636792323770762,0.3952847075210472
-0.751784415063708,-0.5833295559758167,-0.3760823879071748,0.7227730798241995,0.38351836510474796,-0.49952321085848633,-0.7054061698177333,0.010008714646709188,-0.2229574022488396,-0.12014567606486325,-0.6616825781270738,-0.6504436355879909,0.6763574207772439,0.3952847075210472
-0.8368326309110232,-0.6343618350747791,-0.3798578693550744,-0.17923990755157834,-0.30450518160598977,-0.5890191917259341,-0.7588426785540167,0.010008714646709188,-0.2229574022488396,-0.12014567606486325,-0.6616825781270738,-0.6504436355879909,0.264008195577387,0.3952847075210472
-0.8139305354921444,-0.5756934649163117,-0.375408587625944,0.7574869932446631,0.39226577640368687,-0.5890191917259341,-0.5269234208984414,0.010008714646709188,-0.2229574022488396,-0.12014567606486325,1.2215678365422902,-0.6504436355879909,0.4077056528440038,0.3952847075210472
-0.7996641765819273,-0.5682339681666608,-0.3747230061923338,0.10779025924855598,-0.6641379680102198,-0.5890191917259341,-0.605596893339365,0.010008714646709188,-0.2229574022488396,-0.12014567606486325,-0.6616825781270738,-0.6504436355879909,0.5201645324439633,0.3952847075210472
-0.7932226089929846,-0.5744287738996284,-0.37529425724257953,-0.08292773680296199,-0.30769904467705883,-0.5890191917259341,-0.6844698497083471,0.010008714646709188,-0.2229574022488396,-0.12014567606486325,-0.6616825781270738,1.5374122295716144,0.8575411712438483,0.3952847075210472
-0.7946193036123969,-0.5711655717718797,-0.37499566729971934,-0.1344951650644914,-0.2802090043984581,-0.5966220290539453,-0.763382201774624,0.010008714646709188,-0.2229574022488396,-0.12014567606486325,1.2215678365422902,-0.6504436355879909,-0.1608364606891338,0.3952847075210472
-0.6332917677330788,-0.11354592443465947,-0.28187064802561773,1.5852588098684415,1.2478147997899256,-0.5966220290539453,-0.0025782383026288977,0.010008714646709188,-0.2229574022488396,-0.12014567606486325,1.2215678365422902,-0.6504436355879909,0.43269651497732925,0.3952847075210472
-0.47332473408514025,-0.02345351272083151,-0.25154597207767987,-0.1282363873066499,-1.7570894701845645,-0.5966220290539453,-0.08567360181778985,0.010008714646709188,-0.2229574022488396,-0.12014567606486325,-0.6616825781270738,-0.6504436355879909,0.057833582977457124,0.3952847075210472
-0.40535414045399293,-0.10344437454941356,-0.27866686986243794,-0.647969149364137,-0.7226098649341512,-0.5966220290539453,-0.4635524896655505,4.548428428490669,4.426663804828366,5.402480934126415,-0.6616825781270738,-0.6504436355879909,-0.24205676262243814,0.3952847075210472
-0.08718286912975527,-0.19526954176254357,-0.30596629768875827,-0.609129338548603,0.5562566155871982,-0.09446433176063282,0.27073495900597616,0.010008714646709188,-0.2229574022488396,-0.12014567606486325,1.2215678365422902,-0.6504436355879909,0.7700731537772121,0.3952847075210472
-0.01822744887305815,-0.12934095081985594,-0.28678075476925036,-1.032606572132484,-0.10724786389991402,-0.09446433176063282,0.22153999562685192,0.010008714646709188,-0.2229574022488396,-0.12014567606486325,-0.6616825781270738,-0.6504436355879909,0.2827513421773805,0.3952847075210472
0.06127739189809965,-0.1173621846520579,-0.2830680950724674,-1.9671951544169368,1.3835148804670885,-0.09446433176063282,0.17273225570791742,0.010008714646709188,-0.2229574022488396,-0.12014567606486325,-0.6616825781270738,-0.6504436355879909,-0.12959788302247865,0.3952847075210472
0.24305932002436703,-0.6456034474037389,-0.38051943135141225,-0.06319408150783387,-0.30721571624479455,0.8950565051532371,0.1272733589811915,0.010008714646709188,-0.2229574022488396,-0.12014567606486325,-0.6616825781270738,1.5374122295716144,-0.24205676262243814,0.3952847075210472
0.16537203593611924,-0.5990751432962365,-0.37738229711130145,-0.9959758965426104,0.39878475450978035,0.7124405316030922,0.018236506472135438,0.010008714646709188,-0.2229574022488396,-0.12014567606486325,1.2215678365422902,-0.6504436355879909,0.4389442305106595,0.3952847075210472
-0.0398459720034191,-0.2324145923565478,-0.31584530396841276,-1.7599825090950907,1.1004853028091028,-0.06415878706677258,-0.4454575708983065,0.010008714646709188,-0.2229574022488396,-0.12014567606486325,-0.6616825781270738,-0.6504436355879909,0.06408129851078903,0.3952847075210472
-0.27304679055273,-0.11321611112657173,-0.281766828563451,-0.18315873675314812,-1.4762626126010727,-0.29822549167195955,-0.5852147687554176,0.010008714646709188,-0.2229574022488396,-0.12014567606486325,-0.6616825781270738,-0.6504436355879909,-0.11085473642248514,0.3952847075210472
-0.5526094522892225,-0.12608720939161297,-0.28577919941712493,0.8743569610715753,0.6093172065143202,-0.6267288662683569,-0.78135847572834,0.010008714646709188,-0.2229574022488396,-0.12014567606486325,-0.6616825781270738,-0.6504436355879909,-0.14834102962247217,0.3952847075210472
-0.8173837182498135,-0.42114034150513285,-0.35567963267655717,0.2390809053928142,-0.8380504374325536,-0.728844946811443,-0.8423302286178644,0.010008714646709188,-0.2229574022488396,-0.12014567606486325,-0.6616825781270738,-0.6504436355879909,-0.0639968699225005,-2.5298221281347035
-0.9394912345443363,-0.5337080888010145,-0.3711975744587936,1.4856240630543778,1.0554392362982379,-0.728844946811443,-0.8423302286178644,0.010008714646709188,-0.2229574022488396,-0.12014567606486325,1.2215678365422902,1.5374122295716144,1.4823127245769672,-2.5298221281347035
-1.0185990531205222,-0.7041784921182624,-0.3829727665850605,1.7803919676939644,1.4730696624451516,-0.728844946811443,-0.8423302286178644,0.010008714646709188,-0.2229574022488396,-0.12014567606486325,1.2215678365422902,-0.6504436355879909,-0.7356262897556016,-2.5298221281347035
-1.037358494378689,-0.7610696737547553,-0.3837592765353673,-0.13180275107504824,-0.8857905995964451,-0.728844946811443,-0.8423302286178644,0.010008714646709188,-0.2229574022488396,-0.12014567606486325,-0.6616825781270738,-0.6504436355879909,-0.07336844322249754,-2.5298221281347035
-1.037358494378689,-0.7610696737547553,-0.3837592765353673,-0.13180275107504824,-0.8857905995964451,-0.728844946811443,-0.8423302286178644,0.010008714646709188,-0.2229574022488396,-0.12014567606486325,-0.6616825781270738,1.5374122295716144,-0.05462529662250402,-2.5298221281347035
0.07325421916608135,2.6070514096262527,2.372941983617485,1.7803919676939661,1.4730696628565265,-0.728844946811443,2.76737237362414,0.010008714646709188,-0.2229574022488396,-0.12014567606486325,-2.5449329927964377,1.5374122295716144,-1.4978475848220054,0.3952847075210472
1.05928261444747,2.922904372382993,2.9142163122795908,-0.09708844796061669,-1.826214677945746,-0.728844946811443,2.3624496383183944,0.010008714646709188,-0.2229574022488396,-0.12014567606486325,1.2215678365422902,1.5374122295716144,0.4077056528440038,0.3952847075210472
1.7656685921175725,2.2522369655088417,1.8227256751120742,-1.4419866458109434,0.6646364162981065,-0.728844946811443,1.4535585818430095,0.010008714646709188,-0.2229574022488396,-0.12014567606486325,1.2215678365422902,-0.6504436355879909,-0.8855714625555504,0.3952847075210472
2.4361340235938873,0.539470897658706,0.027259935899384403,0.11655378612363472,-1.3114609546030633,2.920800107098618,1.336809973180115,0.010008714646709188,-0.2229574022488396,-0.12014567606486325,-0.6616825781270738,-0.6504436355879909,-0.7981034450889144,0.3952847075210472
1.9793992101258508,0.18576178202284016,-0.1659082211054963,1.6703692328885187,1.3348565816586706,2.8305067092783283,1.282897340515651,0.010008714646709188,-0.2229574022488396,-0.12014567606486325,-0.6616825781270738,1.5374122295716144,-0.23580904708910844,0.3952847075210472
1.2997588177333237,0.37043506943833476,-0.07263989230152819,-1.963952499534104,1.3856935059115394,0.9389628279436407,0.15348906809602234,0.010008714646709188,-0.2229574022488396,-0.12014567606486325,1.2215678365422902,-0.6504436355879909,1.8446802255101753,0.3952847075210472
0.8428839787327629,0.5923830597796931,0.06138469892212443,-0.18073073449182606,-1.779104344471674,0.6293564613292014,-0.03137156088468143,0.010008714646709188,-0.2229574022488396,-0.12014567606486325,-0.6616825781270738,1.5374122295716144,1.957139105110137,0.3952847075210472
0.36486189846267375,0.49746816476582506,0.0011397986698437868,1.4975283636708792,1.1493914122407718,0.3187108135819802,-0.21685272672964517,-4.608032397685742,4.508236106706914,3.2829306137450596,1.2215678365422902,1.5374122295716144,2.3257543215766767,0.3952847075210472
-0.11268352881357357,-0.4022214098219861,-0.3524670826870625,0.510811749455152,-0.4437868008711109,0.2310120525016904,-0.2692161464855448,0.010008714646709188,-0.2229574022488396,-0.12014567606486325,1.2215678365422902,-0.6504436355879909,-0.9168100402222058,0.3952847075210472
-0.25889712747787297,-0.5251519751730924,-0.37023433617171075,1.1512763066015415,0.7779991620255264,0.14305641408939634,-0.32173294327204127,0.010008714646709188,-0.2229574022488396,-0.12014567606486325,-0.6616825781270738,-0.6504436355879909,-1.8164810770218969,0.3952847075210472
-0.36203490186790044,-0.6401122994785047,-0.38020395392931977,-0.002227418070070004,-0.3475887386916418,0.06793114318116503,-0.36658894860650565,0.010008714646709188,-0.2229574022488396,-0.12014567606486325,-0.6616825781270738,1.5374122295716144,-2.078885129421805,0.3952847075210472
-0.42594855753237226,-0.6378324299551944,-0.3800686655811828,-0.23241356108561462,-0.0836258351924146,-0.029199975434439418,-0.42458426658793685,0.010008714646709188,-0.2229574022488396,-0.12014567606486325,1.2215678365422902,-0.6504436355879909,-1.3916364207553757,0.3952847075210472
-0.49164736010711857,-0.6304871619320391,-0.37961561428000473,-0.34130226391449825,-0.37561115986965654,-0.12661609446595867,-0.48274975340898824,0.010008714646709188,-0.2229574022488396,-0.12014567606486325,-0.6616825781270738,-0.6504436355879909,-1.5040953003553372,0.3952847075210472
-0.5777493222148197,-0.5737488062156614,-0.3752324655929506,-0.8770971361460207,0.2614646518516169,-0.3256353116665263,-0.6015807001794103,0.010008714646709188,-0.2229574022488396,-0.12014567606486325,-0.6616825781270738,1.5374122295716144,-0.8668283159555569,0.3952847075210472
-0.6656060549237838,-0.5654481507289614,-0.37446003379056303,-0.07236183384964424,-1.0676629052056978,-0.4103125886066556,-0.6521400437959428,0.010008714646709188,-0.2229574022488396,-0.12014567606486325,1.2215678365422902,-0.6504436355879909,1.1636792323770762,0.3952847075210472
-0.7520464347580375,-0.5834922932883757,-0.37609643925706915,0.7227745442776318,0.3835192163680335,-0.4997338611644479,-0.705531945487274,0.010008714646709188,-0.2229574022488396,-0.12014567606486325,-0.6616825781270738,-0.6504436355879909,0.6763574207772439,0.3952847075210472
-0.8370167312839594,-0.6344780221320812,-0.3798650210072008,-0.17923765224062763,-0.30450555417558145,-0.5891476552091454,-0.7589193818872432,0.010008714646709188,-0.2229574022488396,-0.12014567606486325,-0.6616825781270738,-0.6504436355879909,0.264008195577387,0.3952847075210472
-0.8141305359382436,-0.5758495378095587,-0.3754226430167572,0.7576286805674923,0.39239569587268913,-0.5891476552091454,-0.527196211430702,0.010008714646709188,-0.2229574022488396,-0.12014567606486325,1.2215678365422902,-0.6504436355879909,0.4077056528440038,0.3952847075210472
-0.7998734478505515,-0.5683953336249697,-0.37473812301742837,0.107802214094066,-0.6642267865544758,-0.5891476552091454,-0.6058017952391802,0.010008714646709188,-0.2229574022488396,-0.12014567606486325,-0.6616825781270738,-0.6504436355879909,0.5201645324439633,0.3952847075210472
-0.7934352314233684,-0.5745869865593407,-0.3753086024967766,-0.082975940204731,-0.30767193745608945,-0.5891476552091454,-0.6846065172911399,0.010008714646709188,-0.2229574022488396,-0.12014567606486325,-0.6616825781270738,1.5374122295716144,0.8575411712438483,0.3952847075210472
-0.7948293604884036,-0.5713297608184174,-0.37501081459359864,-0.13449282361981396,-0.28020815447664,-0.5967365270701548,-0.7634505665680388,0.010008714646709188,-0.2229574022488396,-0.12014567606486325,1.2215678365422902,-0.6504436355879909,-0.1608364606891338,0.3952847075210472
-0.633644890067192,-0.11411638951774579,-0.2820500956569024,1.5852527773895706,1.247807946944422,-0.5967365270701548,-0.0033160187905417744,0.010008714646709188,-0.2229574022488396,-0.12014567606486325,1.2215678365422902,-0.6504436355879909,0.43269651497732925,0.3952847075210472
-0.4738194688055097,-0.02410329645103183,-0.2517788092051268,-0.12823688037608952,-1.7570864344751467,-0.5967365270701548,-0.0863387709133187,0.010008714646709188,-0.2229574022488396,-0.12014567606486325,-0.6616825781270738,-0.6504436355879909,0.057833582977457124,0.3952847075210472
-0.40590939961268696,-0.1040229345448136,-0.2788517031295327,-0.6479642838675524,-0.7226171199188604,-0.5967365270701548,-0.4638858731870789,0.010008714646709188,-0.2229574022488396,-0.12014567606486325,-0.6616825781270738,-0.6504436355879909,-0.24205676262243814,0.3952847075210472
-0.08802936598207331,-0.19579205111672987,-0.30610991303304663,-0.6093158027965174,0.5562845230718424,-0.09502268570197052,0.2697200163031445,0.010008714646709188,-0.2229574022488396,-0.12014567606486325,1.2215678365422902,-0.6504436355879909,0.7700731537772121,0.3952847075210472
-0.019145663170984928,-0.12993049548147942,-0.2869616757564698,-1.0326934172216085,-0.10708889825104805,-0.09502268570197052,0.22056911979717406,0.010008714646709188,-0.2229574022488396,-0.12014567606486325,-0.6616825781270738,-0.6504436355879909,0.2827513421773805,0.3952847075210472
0.060278598164265465,-0.11796084272612489,-0.28325529674186917,-1.967190048171205,1.3835089848014341,-0.09502268570197052,0.17180518811623444,0.010008714646709188,-0.2229574022488396,-0.12014567606486325,-0.6616825781270738,-0.6504436355879909,-0.12959788302247865,0.3952847075210472
0.24189052696726843,-0.6457072713501624,-0.38052525508523777,-0.0631859400978683,-0.3072179401577519,0.8935727683954491,0.12638744531834986,0.010008714646709188,-0.2229574022488396,-0.12014567606486325,-0.6616825781270738,1.5374122295716144,-0.24205676262243814,0.3952847075210472
0.16427348291289634,-0.5992220255395758,-0.3773938560250322,-0.9959646152168513,0.3987780854538743,0.7111230438755961,0.01744985724188048,0.010008714646709188,-0.2229574022488396,-0.12014567606486325,1.2215678365422902,-0.6504436355879909,0.4389442305106595,0.3952847075210472
-0.0407576436018168,-0.2328967060219208,-0.3159691174927435,-1.7599809334688992,1.1004833520150932,-0.06476753958983085,-0.4458210465449371,0.010008714646709188,-0.2229574022488396,-0.12014567606486325,-0.6616825781270738,-0.6504436355879909,0.06408129851078903,0.3952847075210472
-0.2737456978737452,-0.1138074518030038,-0.2819529346869831,-0.18315766684366017,-1.4762632055648586,-0.29861998172118537,-0.585450311969286,0.010008714646709188,-0.2229574022488396,-0.12014567606486325,-0.6616825781270738,-0.6504436355879909,-0.11085473642248514,0.3952847075210472
-0.5530529751974418,-0.12666744656302445,-0.28595818296675957,0.8743604519993513,0.6093197565481828,-0.6268224307439444,-0.7814143414651995,0.010008714646709188,-0.2229574022488396,-0.12014567606486325,-0.6616825781270738,-0.6504436355879909,-0.14834102962247217,0.3952847075210472
-0.8175852094084723,-0.4214516728304936,-0.35573104377059916,0.2390813960855426,-0.8380497748400573,-0.728844946811443,-0.8423302286178644,0.010008714646709188,-0.2229574022488396,-0.12014567606486325,-0.6616825781270738,-0.6504436355879909,-0.0639968699225005,-2.5298221281347035
-0.9395808935886364,-0.533916373613142,-0.37122057934166913,1.4856241530129521,1.0554393742648371,-0.728844946811443,-0.8423302286178644,0.010008714646709188,-0.2229574022488396,-0.12014567606486325,1.2215678365422902,1.5374122295716144,1.4823127245769672,-2.5298221281347035
-1.018616241571883,-0.7042306190070529,-0.3829742072137503,1.780391967693418,1.4730696628558837,-0.728844946811443,-0.8423302286178644,0.010008714646709188,-0.2229574022488396,-0.12014567606486325,1.2215678365422902,-0.6504436355879909,-0.7356262897556016,-2.5298221281347035
-1.037358494378689,-0.7610696737547553,-0.3837592765353673,-0.13180275107504824,-0.8857905995964451,-0.728844946811443,-0.8423302286178644,0.010008714646709188,-0.2229574022488396,-0.12014567606486325,-0.6616825781270738,-0.6504436355879909,-0.07336844322249754,-2.5298221281347035
-1.037358494378689,-0.7610696737547553,-0.3837592765353673,-0.13180275107504824,-0.8857905995964451,-0.728844946811443,-0.8423302286178644,0.010008714646709188,-0.2229574022488396,-0.12014567606486325,-0.6616825781270738,1.5374122295716144,-0.05462529662250402,-2.5298221281347035
0.1797558790311311,2.930035724168841,2.926996960352408,1.7803919676939652,1.473069662856529,-0.728844946811443,3.1135230290861435,0.010008714646709188,-0.2229574022488396,-0.12014567606486325,-2.5449329927964377,1.5374122295716144,-1.4978475848220054,0.3952847075210472
1.2607918638734081,3.276873690604729,3.578425814912142,-0.09732941088734923,-1.8267032953825018,-0.728844946811443,2.671242378657265,0.010008714646709188,-0.2229574022488396,-0.12014567606486325,1.2215678365422902,1.5374122295716144,0.4077056528440038,0.3952847075210472
2.035939308705786,2.541746985364745,2.267079079081814,-1.4446930155765199,0.6682147252433565,-0.728844946811443,1.6770464313179452,0.010008714646709188,-0.2229574022488396,-0.12014567606486325,1.2215678365422902,-0.6504436355879909,-0.8855714625555504,0.3952847075210472
2.771801800957462,0.6610671890385614,0.10771082243712557,0.11595088200787647,-1.3126117827716457,3.276785737667989,1.5493628618521311,0.010008714646709188,-0.2229574022488396,-0.12014567606486325,-0.6616825781270738,-0.6504436355879909,-0.7981034450889144,0.3952847075210472
2.272399913125791,0.27461835715893795,-0.12310057500014861,1.670376549684021,1.334871092374068,3.1779870838155255,1.4903718873016698,0.010008714646709188,-0.2229574022488396,-0.12014567606486325,-0.6616825781270738,1.5374122295716144,-0.23580904708910844,0.3952847075210472
1.5275700002370425,0.48086108623472607,-0.008951079369485014,-1.964506301343508,1.3862705424604644,1.1012759960355163,0.2504034651525958,0.010008714646709188,-0.2229574022488396,-0.12014567606486325,1.2215678365422902,-0.6504436355879909,1.8446802255101753,0.3952847075210472
1.0262941153093688,0.7245439861298738,0.15256330235528323,-0.18059554620100032,-1.7794920615091052,0.7619611963359177,0.04780444246181394,0.010008714646709188,-0.2229574022488396,-0.12014567606486325,-0.6616825781270738,1.5374122295716144,1.957139105110137,0.3952847075210472
0.5017370642470791,0.6202551925814519,0.07990749431954178,1.4982364727705548,1.1502010839662316,0.42138565732727795,-0.15554734595597344,0.010008714646709188,-0.2229574022488396,-0.12014567606486325,1.2215678365422902,1.5374122295716144,2.3257543215766767,0.3952847075210472
-0.022340686765484237,-0.36769039345960947,-0.3461549967055488,0.5104291007609387,-0.4442763966799281,0.3251960493311779,-0.21298050416266612,0.010008714646709188,-0.2229574022488396,-0.12014567606486325,1.2215678365422902,-0.6504436355879909,-0.9168100402222058,0.3952847075210472
-0.1826422897781093,-0.502373541377174,-0.36749651908983527,1.1507011993312206,0.7774939654548065,0.22868223489162015,-0.2706072404527573,0.010008714646709188,-0.2229574022488396,-0.12014567606486325,-0.6616825781270738,-0.6504436355879909,-1.8164810770218969,0.3952847075210472
-0.2957549559127961,-0.6283578123172979,-0.37947937483540584,-0.002703220468919361,-0.3478307308322811,0.14623805370642143,-0.3198332410558862,0.010008714646709188,-0.2229574022488396,-0.12014567606486325,-0.6616825781270738,1.5374122295716144,-2.078885129421805,0.3952847075210472
-0.3658856663183989,-0.6258257942685038,-0.3793145038717993,-0.23263499645099875,-0.08360600498065054,0.039632641671537766,-0.3834854964568789,0.010008714646709188,-0.2229574022488396,-0.12014567606486325,1.2215678365422902,-0.6504436355879909,-1.3916364207553757,0.3952847075210472
-0.4379962905143247,-0.6177318377961122,-0.37876657045721157,-0.34178332690598745,-0.375302881623662,-0.0673345280492772,-0.4473537511413849,0.010008714646709188,-0.2229574022488396,-0.12014567606486325,-0.6616825781270738,-0.6504436355879909,-1.5040953003553372,0.3952847075210472
-0.5325296370206656,-0.5553824932109128,-0.3734784326795706,-0.8776384589538326,0.26171445995586284,-0.2859053102808953,-0.5778586006442341,0.010008714646709188,-0.2229574022488396,-0.12014567606486325,-0.6616825781270738,1.5374122295716144,-0.8668283159555569,0.3952847075210472
-0.6290025813725726,-0.5462356728959468,-0.3725437324778289,-0.07247038770639556,-1.0677352506895408,-0.37890759536126084,-0.633388663234999,0.010008714646709188,-0.2229574022488396,-0.12014567606486325,1.2215678365422902,-0.6504436355879909,1.1636792323770762,0.3952847075210472
-0.7239358475829415,-0.5660370022662057,-0.37451593389481597,0.722613153624399,0.38342664151642214,-0.47713184641444567,-0.692036671767274,0.010008714646709188,-0.2229574022488396,-0.12014567606486325,-0.6616825781270738,-0.6504436355879909,0.6763574207772439,0.3952847075210472
-0.81726434694218,-0.6220137136343559,-0.3790604054632818,-0.17947989593032002,-0.30447111862517934,-0.5753635480172208,-0.7506891288943844,0.010008714646709188,-0.2229574022488396,-0.12014567606486325,-0.6616825781270738,-0.6504436355879909,0.264008195577387,0.3952847075210472
-0.7927250915415194,-0.559248428987639,-0.37386126230653466,0.7423010811831247,0.378375591697862,-0.5753635480172208,-0.49810135223841484,0.010008714646709188,-0.2229574022488396,-0.12014567606486325,1.2215678365422902,-0.6504436355879909,0.4077056528440038,0.3952847075210472
-0.7775129143771802,-0.551243599106718,-0.37306052196059697,0.10650026542340765,-0.6546174955644024,-0.5753635480172208,-0.5839461934827744,0.010008714646709188,-0.2229574022488396,-0.12014567606486325,-0.6616825781270738,-0.6504436355879909,0.5201645324439633,0.3952847075210472
-0.7707416355139635,-0.5577476071269901,-0.37371350392232777,-0.0777728403377443,-0.3105869899105264,-0.5753635480172208,-0.6700287272921482,0.010008714646709188,-0.2229574022488396,-0.12014567606486325,-0.6616825781270738,1.5374122295716144,0.8575411712438483,0.3952847075210472
-0.772424333002199,-0.5538184840945466,-0.37332149080616245,-0.13474239645961963,-0.28029881981672283,-0.5845232276619163,-0.7561582158479121,0.010008714646709188,-0.2229574022488396,-0.12014567606486325,1.2215678365422902,-0.6504436355879909,-0.1608364606891338,0.3952847075210472
-0.5959447352905975,-0.053165495733577206,-0.2619828392846333,1.5858974992621224,1.2485403749148158,-0.5845232276619163,0.07549091384409375,0.010008714646709188,-0.2229574022488396,-0.12014567606486325,1.2215678365422902,-0.6504436355879909,0.43269651497732925,0.3952847075210472
-0.4209819962079869,0.04532174425235783,-0.22574144152997316,-0.128184140164531,-1.7574108141365807,-0.5845232276619163,-0.015284006512020436,0.010008714646709188,-0.2229574022488396,-0.12014567606486325,-0.6616825781270738,-0.6504436355879909,0.057833582977457124,0.3952847075210472
-0.3465987646915217,-0.0422153188213645,-0.25818631722868096,-0.6484846234526976,-0.7218409728404062,-0.5845232276619163,-0.42826907418033994,0.010008714646709188,-0.2229574022488396,-0.12014567606486325,-0.6616825781270738,-0.6504436355879909,-0.24205676262243814,0.3952847075210472
0.002518501611548207,-0.13969401108857868,-0.28993336517763574,-0.5892793350150501,0.5533759418291253,-0.035371326774352306,0.37853931578717853,0.010008714646709188,-0.2229574022488396,-0.12014567606486325,1.2215678365422902,-0.6504436355879909,0.7700731537772121,0.3952847075210472
0.07918516121376266,-0.06657443551396079,-0.2665524633782313,-1.0233900359403318,-0.12413341960234933,-0.035371326774352306,0.3246721426344832,0.010008714646709188,-0.2229574022488396,-0.12014567606486325,-0.6616825781270738,-0.6504436355879909,0.2827513421773805,0.3952847075210472
0.16733481381321785,-0.05364983033201795,-0.26214941653330237,-1.9677374227987585,1.3841411012195644,-0.035371326774352306,0.27121913404666576,0.010008714646709188,-0.2229574022488396,-0.12014567606486325,-0.6616825781270738,-0.6504436355879909,-0.12959788302247865,0.3952847075210472
0.36721887863234426,-0.6345916460736016,-0.37987200854673714,-0.06406174388138942,-0.30696946418822946,1.0526875861456573,0.22139216247290247,0.010008714646709188,-0.2229574022488396,-0.12014567606486325,-0.6616825781270738,1.5374122295716144,-0.24205676262243814,0.3952847075210472
0.2820772039197046,-0.583482262321204,-0.37609557351797623,-0.9971910306363498,0.39950375823931666,0.8524147067512309,0.10181267559905714,0.010008714646709188,-0.2229574022488396,-0.12014567606486325,1.2215678365422902,-0.6504436355879909,0.4389442305106595,0.3952847075210472
0.05701189454162955,-0.1812050988472009,-0.30205073319095305,-1.7601477508936978,1.100689314980829,0.0005301356444547124,-0.40683292932117204,0.010008714646709188,-0.2229574022488396,-0.12014567606486325,-0.6616825781270738,-0.6504436355879909,0.06408129851078903,0.3952847075210472
-0.19878954316021014,-0.05039921481779731,-0.26102924687778173,-0.18327191231240242,-1.4761969724836725,-0.2563040571007964,-0.5601842022094478,0.010008714646709188,-0.2229574022488396,-0.12014567606486325,-0.6616825781270738,-0.6504436355879909,-0.11085473642248514,0.3952847075210472
-0.5054835395507815,-0.06444318535730478,-0.2658319967409664,0.8739833619239663,0.6090440844867115,-0.6167858489367298,-0.7754216713338113,0.010008714646709188,-0.2229574022488396,-0.12014567606486325,-0.6616825781270738,-0.6504436355879909,-0.14834102962247217,0.3952847075210472
-0.7959720446633977,-0.3880567326827079,-0.3499479576791974,0.23902903276571277,-0.8381204522186484,-0.728844946811443,-0.8423302286178644,0.010008714646709188,-0.2229574022488396,-0.12014567606486325,-0.6616825781270738,-0.6504436355879909,-0.0639968699225005,-2.5298221281347035
-0.9299633704343649,-0.5115742111466351,-0.3686327359623838,1.4856145262393383,1.0554246101402172,-0.728844946811443,-0.8423302286178644,0.010008714646709188,-0.2229574022488396,-0.12014567606486325,1.2215678365422902,1.5374122295716144,1.4823127245769672,-2.5298221281347035
-1.0167724509970402,-0.6986390119302476,-0.3828121452317393,1.7803919676939648,1.4730696631402076,-0.728844946811443,-0.8423302286178644,0.010008714646709188,-0.2229574022488396,-0.12014567606486325,1.2215678365422902,-0.6504436355879909,-0.7356262897556016,-2.5298221281347035
-1.037358494378689,-0.7610696737547553,-0.3837592765353673,-0.13180275107504824,-0.8857905995964451,-0.728844946811443,-0.8423302286178644,0.010008714646709188,-0.2229574022488396,-0.12014567606486325,-0.6616825781270738,-0.6504436355879909,-0.07336844322249754,-2.5298221281347035
-1.037358494378689,-0.7610696737547553,-0.3837592765353673,-0.13180275107504824,-0.8857905995964451,-0.728844946811443,-0.8423302286178644,0.010008714646709188,-0.2229574022488396,-0.12014567606486325,-0.6616825781270738,1.5374122295716144,-0.05462529662250402,-2.5298221281347035
0.14298860355579754,2.8185327364966617,2.729991842302155,1.7803919676939644,1.47306966285653,-0.728844946811443,2.9940223891762505,0.010008714646709188,-0.2229574022488396,-0.12014567606486325,-2.5449329927964377,1.5374122295716144,-1.4978475848220054,0.3952847075210472
1.191216115942196,3.154659552097149,3.3422129901682034,-0.09724615901272123,-1.8265344783551787,-0.728844946811443,2.564608601684218,0.010008714646709188,-0.2229574022488396,-0.12014567606486325,1.2215678365422902,1.5374122295716144,0.4077056528440038,0.3952847075210472
1.9426038439499598,2.4417886880429713,2.1090541777524225,-1.4437561518461937,0.666975576810659,-0.728844946811443,1.599822831583878,0.010008714646709188,-0.2229574022488396,-0.12014567606486325,1.2215678365422902,-0.6504436355879909,-0.8855714625555504,0.3952847075210472
2.6558664270831307,0.6191542422810551,0.07916868094866625,0.1161590631644519,-1.3122144607559436,3.15376426234516,1.4759088578050077,-4.448789600708762,4.34509150294982,0.7663677411986066,-0.6616825781270738,-0.6504436355879909,-0.7981034450889144,0.3952847075210472
2.171170718106776,0.24398381337791827,-0.1382925322670085,1.6703741176692195,1.3348662003708724,3.057898607388353,1.4186691263784514,0.010008714646709188,-0.2229574022488396,-0.12014567606486325,-0.6616825781270738,1.5374122295716144,-0.23580904708910844,0.3952847075210472
1.4488461799741028,0.442698675640184,-0.031631606195927774,-1.9643148388295857,1.3860710109000973,1.0451915988470843,0.21691643756453446,0.010008714646709188,-0.2229574022488396,-0.12014567606486325,1.2215678365422902,-0.6504436355879909,1.8446802255101753,0.3952847075210472
0.9629110574362731,0.6788687581262935,0.12009176337710839,-0.18064241072234447,-1.7793577494787778,0.7161330388061461,0.020441238924948268,0.010008714646709188,-0.2229574022488396,-0.12014567606486325,-0.6616825781270738,1.5374122295716144,1.957139105110137,0.3952847075210472
0.4544336240270297,0.5778218969120997,0.051858032243383624,1.4979910475861533,1.1499204618735201,0.38589277674048644,-0.1767395336404798,-4.608032397685742,4.508236106706914,3.0778372934210583,1.2215678365422902,1.5374122295716144,2.3257543215766767,0.3952847075210472
-0.05356452693984491,-0.3796136049035504,-0.34840000000858357,0.5105617527020037,-0.44410668994897623,0.2926360717952577,-0.23242150595053787,0.010008714646709188,-0.2229574022488396,-0.12014567606486325,1.2215678365422902,-0.6504436355879909,-0.9168100402222058,0.3952847075210472
-0.20900129516616048,-0.5102403340587753,-0.36847056161532427,1.1509006389803147,0.7776691262428805,0.19907932262754835,-0.28828262949800854,0.010008714646709188,-0.2229574022488396,-0.12014567606486325,-0.6616825781270738,-0.6504436355879909,-1.8164810770218969,0.3952847075210472
-0.3186686630692839,-0.6324189705883213,-0.37973730825208785,-0.0025382224895465354,-0.34774684833673797,0.1191642048400732,-0.3359985699058396,0.010008714646709188,-0.2229574022488396,-0.12014567606486325,-0.6616825781270738,1.5374122295716144,-2.078885129421805,0.3952847075210472
-0.38665126168798575,-0.6299747218991328,-0.37958302883284534,-0.23255817136512744,-0.08361289394205833,0.015832900194168616,-0.397695912176668,0.010008714646709188,-0.2229574022488396,-0.12014567606486325,1.2215678365422902,-0.6504436355879909,-1.3916364207553757,0.3952847075210472
-0.4565460251381488,-0.6221401901226117,-0.3790689491667541,-0.34161635298246756,-0.37540991553092784,-0.08783257840555904,-0.45959278395965797,0.010008714646709188,-0.2229574022488396,-0.12014567606486325,-0.6616825781270738,-0.6504436355879909,-1.5040953003553372,0.3952847075210472
-0.5481649620505978,-0.5617315296017495,-0.37410332373472266,-0.8774506820655316,0.2616278091415933,-0.2996437796370048,-0.5860616040713739,0.010008714646709188,-0.2229574022488396,-0.12014567606486325,-0.6616825781270738,1.5374122295716144,-0.8668283159555569,0.3952847075210472
-0.6416593305148178,-0.552877910081614,-0.37322653562091973,-0.07243274809126374,-1.067710185648781,-0.38976771530761395,-0.6398730538050058,0.010008714646709188,-0.2229574022488396,-0.12014567606486325,1.2215678365422902,-0.6504436355879909,1.1636792323770762,0.3952847075210472
-0.7336563186648668,-0.5720720574193875,-0.37507913180431873,0.7226692117272148,0.38345878207662487,-0.48494810508024944,-0.6967036251928015,0.010008714646709188,-0.2229574022488396,-0.12014567606486325,-0.6616825781270738,-0.6504436355879909,0.6763574207772439,0.3952847075210472
-0.8240948954981383,-0.6263236182250007,-0.3793471654886131,-0.17939580410961078,-0.3044830300550794,-0.5801304495954693,-0.7535353637237266,0.010008714646709188,-0.2229574022488396,-0.12014567606486325,-0.6616825781270738,-0.6504436355879909,0.264008195577387,0.3952847075210472
-0.8001150822120888,-0.5649559944957415,-0.3744131837573756,0.7476338562583567,0.38324499794395295,-0.5801304495954693,-0.5081226489664368,0.010008714646709188,-0.2229574022488396,-0.12014567606486325,1.2215678365422902,-0.6504436355879909,0.4077056528440038,0.3952847075210472
-0.7852240542579044,-0.557137589033745,-0.3736531337313991,0.10695547645252014,-0.6579614074001607,-0.5801304495954693,-0.5914743800812825,0.010008714646709188,-0.2229574022488396,-0.12014567606486325,-0.6616825781270738,-0.6504436355879909,0.5201645324439633,0.3952847075210472
-0.7785618327214033,-0.5635395656966398,-0.3742776921288227,-0.07958037784348976,-0.30957683164496197,-0.5801304495954693,-0.6750501377765924,0.010008714646709188,-0.2229574022488396,-0.12014567606486325,-0.6616825781270738,1.5374122295716144,0.8575411712438483,0.3952847075210472
-0.7801416733225353,-0.5598498607775209,-0.3739201670111796,-0.13465641201472983,-0.2802675905998411,-0.588730232917925,-0.7586701462266546,0.010008714646709188,-0.2229574022488396,-0.12014567606486325,1.2215678365422902,-0.6504436355879909,-0.1608364606891338,0.3952847075210472
-0.6089386331656016,-0.07418386948935415,-0.2691068119265443,1.5856749981018887,1.2482875977527055,-0.588730232917925,0.04831980124986702,0.010008714646709188,-0.2229574022488396,-0.12014567606486325,1.2215678365422902,-0.6504436355879909,0.43269651497732925,0.3952847075210472
-0.43919744561062124,0.021381269835012647,-0.23498475913207617,-0.12820234406161254,-1.7572988686486686,-0.588730232917925,-0.039783228924513934,0.010008714646709188,-0.2229574022488396,-0.12014567606486325,-0.6616825781270738,-0.6504436355879909,0.057833582977457124,0.3952847075210472
-0.3670479202297298,-0.06352724375265563,-0.2655216855088709,-0.6483049535300336,-0.7221090104533555,-0.588730232917925,-0.44055045454617237,0.010008714646709188,-0.2229574022488396,-0.12014567606486325,-0.6616825781270738,-0.6504436355879909,-0.24205676262243814,0.3952847075210472
-0.028730396898004284,-0.15910180954209996,-0.2957028762975095,-0.5962194332760928,0.5543627855422592,-0.055940301212236566,0.3409261662059495,0.010008714646709188,-0.2229574022488396,-0.12014567606486325,1.2215678365422902,-0.6504436355879909,0.7700731537772121,0.3952847075210472
0.04522447282892291,-0.08850725601293433,-0.2738385717857526,-1.0266059794749607,-0.1182380793774251,-0.055940301212236566,0.2886871970540394,0.010008714646709188,-0.2229574022488396,-0.12014567606486325,-0.6616825781270738,-0.6504436355879909,0.2827513421773805,0.3952847075210472
0.13033839443653486,-0.07590755913590137,-0.2696815138694477,-1.9675482290681288,1.3839226071486688,-0.055940301212236566,0.23685320839250834,0.010008714646709188,-0.2229574022488396,-0.12014567606486325,-0.6616825781270738,-0.6504436355879909,-0.12959788302247865,0.3952847075210472
0.32389628960840156,-0.638430077383612,-0.380104374523874,-0.06375810027692433,-0.3070557840011041,0.9976824235325327,0.18854952726149246,0.010008714646709188,-0.2229574022488396,-0.12014567606486325,-0.6616825781270738,1.5374122295716144,-0.24205676262243814,0.3952847075210472
0.24135399269879662,-0.5889205983072016,-0.3765577643125238,-0.9967657921115218,0.3992519737039733,0.8035694237082824,0.07264799838392513,0.010008714646709188,-0.2229574022488396,-0.12014567606486325,1.2215678365422902,-0.6504436355879909,0.4389442305106595,0.3952847075210472
0.02321282506287038,-0.19907230722747848,-0.3070084830797677,-1.7600899196008433,1.1006179133901672,-0.02204657934398537,-0.42031309698929537,0.010008714646709188,-0.2229574022488396,-0.12014567606486325,-0.6616825781270738,-0.6504436355879909,0.06408129851078903,0.3952847075210472
-0.2247029234354048,-0.07231759322340116,-0.2684829415366409,-0.18323227572154618,-1.4762199936199938,-0.27093508635163466,-0.5689201377766684,0.010008714646709188,-0.2229574022488396,-0.12014567606486325,-0.6616825781270738,-0.6504436355879909,-0.11085473642248514,0.3952847075210472
-0.5219295961271058,-0.08595392555771389,-0.27300237685456663,0.8741142446816825,0.6091397601145488,-0.6202561083479602,-0.7774937034580252,0.010008714646709188,-0.2229574022488396,-0.12014567606486325,-0.6616825781270738,-0.6504436355879909,-0.14834102962247217,0.3952847075210472
-0.8034448796559145,-0.3996030736811735,-0.35200876977798884,0.23904720182878836,-0.8380959291839832,-0.728844946811443,-0.8423302286178644,0.010008714646709188,-0.2229574022488396,-0.12014567606486325,-0.6616825781270738,-0.6504436355879909,-0.0639968699225005,-2.5298221281347035
-0.9332887043048709,-0.5192991690347295,-0.3695549401983742,1.4856178669701898,1.055429733665537,-0.728844946811443,-0.8423302286178644,0.010008714646709188,-0.2229574022488396,-0.12014567606486325,1.2215678365422902,1.5374122295716144,1.4823127245769672,-2.5298221281347035
-1.0174099620259545,-0.7005723720576505,-0.38286989865845855,1.7803919676939641,1.4730696628565265,-0.728844946811443,-0.8423302286178644,0.010008714646709188,-0.2229574022488396,-0.12014567606486325,1.2215678365422902,-0.6504436355879909,-0.7356262897556016,-2.5298221281347035
-1.037358494378689,-0.7610696737547553,-0.3837592765353673,-0.13180275107504824,-0.8857905995964451,-0.728844946811443,-0.8423302286178644,0.010008714646709188,-0.2229574022488396,-0.12014567606486325,-0.6616825781270738,-0.6504436355879909,-0.07336844322249754,-2.5298221281347035
-1.037358494378689,-0.7610696737547553,-0.3837592765353673,-0.13180275107504824,-0.8857905995964451,-0.728844946811443,-0.8423302286178644,0.010008714646709188,-0.2229574022488396,-0.12014567606486325,-0.6616825781270738,1.5374122295716144,-0.05462529662250402,-2.5298221281347035
0.1557951870415945,2.857370869104494,2.797925826688453,1.7803919676939652,1.4730696628565279,-0.728844946811443,3.035646221832523,0.010008714646709188,-0.2229574022488396,-0.12014567606486325,-2.5449329927964377,1.5374122295716144,-1.4978475848220054,0.3952847075210472
1.2154492623792057,3.1972268226632794,3.423662213238347,-0.09727514918156922,-1.8265932640653637,-0.728844946811443,2.6017471050676497,0.010008714646709188,-0.2229574022488396,-0.12014567606486325,1.2215678365422902,1.5374122295716144,0.4077056528440038,0.3952847075210472
1.9751102807755931,2.4766042471368666,2.1635432543487574,-1.4440821706811802,0.6674067344321725,-0.728844946811443,1.6267125992596023,0.010008714646709188,-0.2229574022488396,-0.12014567606486325,1.2215678365422902,-0.6504436355879909,-0.8855714625555504,0.3952847075210472
2.6962419747340594,0.6337609977762689,0.0890187574388428,0.11608655571398513,-1.3123528508555715,3.196599373678154,1.5014849650086974,0.010008714646709188,-0.2229574022488396,-0.12014567606486325,-0.6616825781270738,-0.6504436355879909,-0.7981034450889144,0.3952847075210472
2.206421045026748,0.254659226499888,-0.13305027233109315,1.6703749760210223,1.334867918404965,3.0997117214869623,1.4436350166359235,0.010008714646709188,-0.2229574022488396,-0.12014567606486325,-0.6616825781270738,1.5374122295716144,-0.23580904708910844,0.3952847075210472
1.4762575741220214,0.4559863553576768,-0.023814846723767418,-1.964381495158269,1.3861404720545931,1.0647206843508354,0.22857691815838874,0.010008714646709188,-0.2229574022488396,-0.12014567606486325,1.2215678365422902,-0.6504436355879909,1.8446802255101753,0.3952847075210472
0.984980516989272,0.6947721435455904,0.13128277891715304,-0.18062611172303883,-1.7794044742649846,0.7320897275055149,0.029968702916307426,0.010008714646709188,-0.2229574022488396,-0.12014567606486325,-0.6616825781270738,1.5374122295716144,1.957139105110137,0.3952847075210472
0.4709040546435154,0.5925967688966166,0.06152528578432607,1.498076413886001,1.1500180704803238,0.3982498540011592,-0.1693613356410315,0.010008714646709188,-0.2229574022488396,-0.12014567606486325,1.2215678365422902,1.5374122295716144,2.3257543215766767,0.3952847075210472
-0.04269301148058688,-0.37546082993828706,-0.3476259218238125,0.5105156248897036,-0.44416570172119807,0.3039717711734058,-0.22565315509297867,0.010008714646709188,-0.2229574022488396,-0.12014567606486325,1.2215678365422902,-0.6504436355879909,-0.9168100402222058,0.3952847075210472
-0.19982412236994965,-0.5075005799952682,-0.36813474697821696,1.1508312779591439,0.777608204728088,0.2093853385597551,-0.28212908489120314,0.010008714646709188,-0.2229574022488396,-0.12014567606486325,-0.6616825781270738,-0.6504436355879909,-1.8164810770218969,0.3952847075210472
-0.31069133551332645,-0.6310047919161224,-0.37964840018112134,-0.002595605625137661,-0.3477760255805574,0.1285895959647227,-0.33037083120412974,0.010008714646709188,-0.2229574022488396,-0.12014567606486325,-0.6616825781270738,1.5374122295716144,-2.078885129421805,0.3952847075210472
-0.3794219352414142,-0.628530058758679,-0.3794904773762873,-0.23258488185792153,-0.08361050106952539,0.02411827081490566,-0.3927488600826292,0.010008714646709188,-0.2229574022488396,-0.12014567606486325,1.2215678365422902,-0.6504436355879909,-1.3916364207553757,0.3952847075210472
-0.4500882360734177,-0.6206052814646597,-0.3789647381264669,-0.3416743932383055,-0.37537271403437655,-0.08069670418967206,-0.4553320763705314,0.010008714646709188,-0.2229574022488396,-0.12014567606486325,-0.6616825781270738,-0.6504436355879909,-1.5040953003553372,0.3952847075210472
-0.542721864135761,-0.559521086823012,-0.3738879884139389,-0.8775159919854383,0.26165795750333876,-0.29486118424613394,-0.5832059987368181,0.010008714646709188,-0.2229574022488396,-0.12014567606486325,-0.6616825781270738,1.5374122295716144,-0.8668283159555569,0.3952847075210472
-0.6372532306887969,-0.5505654707233101,-0.3729912564707355,-0.0724458478334954,-1.0677189151551807,-0.38598717143098016,-0.6376157561707035,0.010008714646709188,-0.2229574022488396,-0.12014567606486325,1.2215678365422902,-0.6504436355879909,1.1636792323770762,0.3952847075210472
-0.730272450443391,-0.5699710418075613,-0.3748850712912023,0.7226497348603047,0.383447610563287,-0.48222720108870204,-0.69507902028311,0.010008714646709188,-0.2229574022488396,-0.12014567606486325,-0.6616825781270738,-0.6504436355879909,0.6763574207772439,0.3952847075210472
-0.8217170959714265,-0.6248232427371683,-0.3792483621719965,-0.17942504180468913,-0.304478870168543,-0.5784710600174949,-0.7525445707873192,0.010008714646709188,-0.2229574022488396,-0.12014567606486325,-0.6616825781270738,-0.6504436355879909,0.264008195577387,0.3952847075210472
-0.7975410713864316,-0.562965137574972,-0.3742224660357982,0.7457813340152164,0.3815524229412854,-0.5784710600174949,-0.5046293195830301,0.010008714646709188,-0.2229574022488396,-0.12014567606486325,1.2215678365422902,-0.6504436355879909,0.4077056528440038,0.3952847075210472
-0.7825371528585432,-0.5550813551261506,-0.3734483071272728,0.10679761188601769,-0.6567998603912155,-0.5784710600174949,-0.5888501666061157,0.010008714646709188,-0.2229574022488396,-0.12014567606486325,-0.6616825781270738,-0.6504436355879909,0.5201645324439633,0.3952847075210472
-0.7758362336010854,-0.5615195669199184,-0.37408277784450256,-0.07895214127493438,-0.3099282310772002,-0.5784710600174949,-0.673299757911931,0.010008714646709188,-0.2229574022488396,-0.12014567606486325,-0.6616825781270738,1.5374122295716144,0.8575411712438483,0.3952847075210472
-0.7774515121574361,-0.5577473648793644,-0.37371347998428683,-0.13468638257001764,-0.28027847670687495,-0.5872637480773235,-0.7577945333864256,0.010008714646709188,-0.2229574022488396,-0.12014567606486325,1.2215678365422902,-0.6504436355879909,-0.1608364606891338,0.3952847075210472
-0.6044101174583306,-0.06686002673877021,-0.26664883943104106,1.5857525074299315,1.248375652959261,-0.5872637480773235,0.05778813262432439,0.010008714646709188,-0.2229574022488396,-0.12014567606486325,1.2215678365422902,-0.6504436355879909,0.43269651497732925,0.3952847075210472
-0.43284967198078567,0.02972333331002095,-0.23179554357805168,-0.12819600297185274,-1.7573378656261398,-0.5872637480773235,-0.03124608110495652,0.010008714646709188,-0.2229574022488396,-0.12014567606486325,-0.6616825781270738,-0.6504436355879909,0.057833582977457124,0.3952847075210472
-0.35992199148310633,-0.05610088791244103,-0.2629906606487304,-0.6483675311497361,-0.7220156597456712,-0.5872637480773235,-0.43627092251553684,0.010008714646709188,-0.2229574022488396,-0.12014567606486325,-0.6616825781270738,-0.6504436355879909,-0.24205676262243814,0.3952847075210472
-0.01784465667107903,-0.15234675436068326,-0.29371551672798657,-0.5938048218363011,0.5540169662556561,-0.048772899639922915,0.354021881624571,0.010008714646709188,-0.2229574022488396,-0.12014567606486325,1.2215678365422902,-0.6504436355879909,0.7700731537772121,0.3952847075210472
0.057051775892269535,-0.08087502026865669,-0.2713296570510837,-1.0254863054379746,-0.12029020489701453,-0.048772899639922915,0.3012157867699935,0.010008714646709188,-0.2229574022488396,-0.12014567606486325,-0.6616825781270738,-0.6504436355879909,0.2827513421773805,0.3952847075210472
0.14322026322173778,-0.06816157409957568,-0.2670875596166896,-1.9676141009955554,1.3839986792843655,-0.048772899639922915,0.2488178954289318,0.010008714646709188,-0.2229574022488396,-0.12014567606486325,-0.6616825781270738,-0.6504436355879909,-0.12959788302247865,0.3952847075210472
0.3389794766505005,-0.6370932159191287,-0.38002425800647904,-0.0638637093009796,-0.3070257941233754,1.016832590973414,0.19998376240632618,0.010008714646709188,-0.2229574022488396,-0.12014567606486325,-0.6616825781270738,1.5374122295716144,-0.24205676262243814,0.3952847075210472
0.25553197890361484,-0.587026891972797,-0.3763984540352714,-0.9969136658184895,0.3993395086168713,0.8205748388576468,0.0828016388757705,0.010008714646709188,-0.2229574022488396,-0.12014567606486325,1.2215678365422902,-0.6504436355879909,0.4389442305106595,0.3952847075210472
0.03497996720612635,-0.19285152171539494,-0.30529996017057737,-1.7601100399853362,1.1006427563756684,-0.014186885409509836,-0.4156202091129541,0.010008714646709188,-0.2229574022488396,-0.12014567606486325,-0.6616825781270738,-0.6504436355879909,0.06408129851078903,0.3952847075210472
-0.2156812947257222,-0.06468647883842979,-0.2659143534379837,-0.18324606038844735,-1.4762119983252553,-0.26584157806398145,-0.5658788917064719,0.010008714646709188,-0.2229574022488396,-0.12014567606486325,-0.6616825781270738,-0.6504436355879909,-0.11085473642248514,0.3952847075210472
-0.5162040515102787,-0.07846492969590463,-0.2705315160713592,0.8740687418428941,0.6091064972374627,-0.6190480098669526,-0.776772368662776,0.010008714646709188,-0.2229574022488396,-0.12014567606486325,-0.6616825781270738,-0.6504436355879909,-0.14834102962247217,0.3952847075210472
-0.8008433492479058,-0.395583416357099,-0.3512986859987727,0.23904088303241736,-0.8381044578919048,-0.728844946811443,-0.8423302286178644,0.010008714646709188,-0.2229574022488396,-0.12014567606486325,-0.6616825781270738,-0.6504436355879909,-0.0639968699225005,-2.5298221281347035
-0.9321310548790395,-0.5166098749080977,-0.36923718355556145,1.4856167052478464,1.0554279519857015,-0.728844946811443,-0.8423302286178644,0.010008714646709188,-0.2229574022488396,-0.12014567606486325,1.2215678365422902,1.5374122295716144,1.4823127245769672,-2.5298221281347035
-1.0171880258493209,-0.6998993130276409,-0.3828499991370154,1.7803919676944353,1.4730696628570832,-0.728844946811443,-0.8423302286178644,0.010008714646709188,-0.2229574022488396,-0.12014567606486325,1.2215678365422902,-0.6504436355879909,-0.7356262897556016,-2.5298221281347035
-1.037358494378689,-0.7610696737547553,-0.3837592765353673,-0.13180275107504824,-0.8857905995964451,-0.728844946811443,-0.8423302286178644,0.010008714646709188,-0.2229574022488396,-0.12014567606486325,-0.6616825781270738,-0.6504436355879909,-0.07336844322249754,-2.5298221281347035
-1.037358494378689,-0.7610696737547553,-0.3837592765353673,-0.13180275107504824,-0.8857905995964451,-0.728844946811443,-0.8423302286178644,0.010008714646709188,-0.2229574022488396,-0.12014567606486325,-0.6616825781270738,1.5374122295716144,-0.05462529662250402,-2.5298221281347035
0.18049206558426642,2.9322683345294793,2.9310032746336625,1.7803919676939652,1.4730696628565265,-0.728844946811443,3.115915775436135,0.010008714646709188,-0.2229574022488396,-0.12014567606486325,-2.5449329927964377,1.5374122295716144,-1.4978475848220054,0.3952847075210472
1.2655713799391224,3.284539370525522,3.593483813521022,-0.09910300964819191,-1.830300115736313,-0.728844946811443,2.6843839687770994,3.831835842094255,3.6925130879214394,0.37934397786662877,1.2215678365422902,1.5374122295716144,0.4077056528440038,0.3952847075210472
2.0436480038143316,2.547756597357952,2.2767344761150894,-1.4513488459465607,0.6737065588112439,-0.728844946811443,1.686566820454848,-5.0857607886166845,4.997669917978198,0.8086161101048106,1.2215678365422902,-0.6504436355879909,-0.8855714625555504,0.3952847075210472
2.7822968792193716,0.6575830980359911,0.10530566850089941,0.10426087917315628,-1.3343939979357593,3.2919532750480665,1.558419137182739,4.46880703000218,4.34509150294982,0.7358995618707097,-0.6616825781270738,-0.6504436355879909,-0.7981034450889144,0.3952847075210472
2.2848788364900985,0.2783903030322701,-0.12119849472128617,1.670376841498751,1.3348716849623765,3.192793440134661,1.4992125076416138,0.010008714646709188,-0.2229574022488396,-0.12014567606486325,-0.6616825781270738,1.5374122295716144,-0.23580904708910844,0.3952847075210472
1.5372757860562267,0.48556628401435015,-0.0061056914397198655,-1.9645298674409137,1.3862951043363496,1.1081902225025435,0.2545318306884422,0.010008714646709188,-0.2229574022488396,-0.12014567606486325,1.2215678365422902,-0.6504436355879909,1.8446802255101753,0.3952847075210472
1.0341087435523875,0.7301755740904685,0.15663713736314103,-0.18058977593931788,-1.7795085981884171,0.7676116142900936,0.05117820970192245,0.010008714646709188,-0.2229574022488396,-0.12014567606486325,-0.6616825781270738,1.5374122295716144,1.957139105110137,0.3952847075210472
0.5075693427730286,0.6254869059095185,0.08342638468513691,1.4982667103198266,1.1502356537396103,0.4257623731372034,-0.15293408432850766,0.010008714646709188,-0.2229574022488396,-0.12014567606486325,1.2215678365422902,1.5374122295716144,2.3257543215766767,0.3952847075210472
-0.018490817906914283,-0.36622104810970546,-0.3458735539967351,0.5104128050569023,-0.4442972221498129,0.32921125774363535,-0.21058309237578304,0.010008714646709188,-0.2229574022488396,-0.12014567606486325,1.2215678365422902,-0.6504436355879909,-0.9168100402222058,0.3952847075210472
-0.17939196113078487,-0.5014039788881173,-0.3673743888724946,1.1506766002686593,0.7774723635040847,0.23233289419490233,-0.26842749466012816,0.010008714646709188,-0.2229574022488396,-0.12014567606486325,-0.6616825781270738,-0.6504436355879909,-1.8164810770218969,0.3952847075210472
-0.2929292765084166,-0.627857171850299,-0.37944702303965927,-0.0027235692057244036,-0.3478410750640952,0.14957691473847667,-0.3178396646407295,0.010008714646709188,-0.2229574022488396,-0.12014567606486325,-0.6616825781270738,1.5374122295716144,-2.078885129421805,0.3952847075210472
-0.36332480467237227,-0.6253142891498239,-0.3792808191931497,-0.23264445545502943,-0.08360516217350672,0.04256783525439785,-0.38173294292304494,0.010008714646709188,-0.2229574022488396,-0.12014567606486325,1.2215678365422902,-0.6504436355879909,-1.3916364207553757,0.3952847075210472
-0.4357086290520259,-0.6171883028059862,-0.3787286341285931,-0.34180387178290733,-0.3752897072402539,-0.06480647117730354,-0.4458442919252764,0.010008714646709188,-0.2229574022488396,-0.12014567606486325,-0.6616825781270738,-0.6504436355879909,-1.5040953003553372,0.3952847075210472
-0.5306013459227111,-0.5545995710980568,-0.3734000182746446,-0.8776616798964094,0.26172522597918985,-0.2842108655879237,-0.5768468769024359,0.010008714646709188,-0.2229574022488396,-0.12014567606486325,-0.6616825781270738,1.5374122295716144,-0.8668283159555569,0.3952847075210472
-0.6274415928677045,-0.5454165434440686,-0.3724580430924919,-0.07247507350789437,-1.0677383881946065,-0.3775681276300653,-0.632588890123109,0.010008714646709188,-0.2229574022488396,-0.12014567606486325,1.2215678365422902,-0.6504436355879909,1.1636792323770762,0.3952847075210472
-0.7227369688871432,-0.5652927270745268,-0.37444525119985933,0.7226062732708802,0.3834226840006952,-0.4761677794722586,-0.6914610440007618,0.010008714646709188,-0.2229574022488396,-0.12014567606486325,-0.6616825781270738,-0.6504436355879909,0.6763574207772439,0.3952847075210472
-0.8164218780970163,-0.6214821625805043,-0.37902441328194,-0.17949028593272115,-0.30446958436611987,-0.5747755903471835,-0.7503380694963311,0.010008714646709188,-0.2229574022488396,-0.12014567606486325,-0.6616825781270738,-0.6504436355879909,0.264008195577387,0.3952847075210472
-0.7958804098778302,-0.5695238884883255,-0.374843493046282,0.6312727658233498,0.27856128588717927,-0.5747755903471835,-0.510083197376381,0.010008714646709188,-0.2229574022488396,-0.12014567606486325,1.2215678365422902,-0.6504436355879909,0.4077056528440038,0.3952847075210472
-0.7806303177470311,-0.5601080973140804,-0.37394540495512524,-0.00808467304937583,-0.7795133824646664,-0.5747755903471835,-0.5830231895169329,0.010008714646709188,-0.2229574022488396,-0.12014567606486325,-0.6616825781270738,-0.6504436355879909,0.5201645324439633,0.3952847075210472
-0.7738467215109762,-0.56651005841694,-0.3745607193875408,-0.21645020521502883,-0.39083440624618265,-0.5747755903471835,-0.6694130657206473,0.010008714646709188,-0.2229574022488396,-0.12014567606486325,-0.6616825781270738,1.5374122295716144,0.8575411712438483,0.3952847075210472
-0.775542672477255,-0.562467638237969,-0.3741745063627074,-0.2734936970554307,-0.34945754159099385,-0.5840074146369603,-0.755850232774849,0.010008714646709188,-0.2229574022488396,-0.12014567606486325,1.2215678365422902,-0.6504436355879909,-0.1608364606891338,0.3952847075210472
-0.5943472157597631,-0.05057545318493748,-0.26109011069389204,1.585930926302932,1.248578335682563,-0.5840074146369603,0.07883650762139255,-4.767275194662724,4.6713807104640095,2.2702425612260297,1.2215678365422902,-0.6504436355879909,0.43269651497732925,0.3952847075210472
-0.418740311040775,0.04827160316752636,-0.2245832375011657,-0.1281810479286577,-1.7574269122276565,-0.5840074146369603,-0.01226734168173399,0.010008714646709188,-0.2229574022488396,-0.12014567606486325,-0.6616825781270738,-0.6504436355879909,0.057833582977457124,0.3952847075210472
-0.34408120425150207,-0.039590159008138906,-0.25726749131824844,-0.6485092171132524,-0.7218037388676832,-0.5840074146369603,-0.42675676548964,0.010008714646709188,-0.2229574022488396,-0.12014567606486325,-0.6616825781270738,-0.6504436355879909,-0.24205676262243814,0.3952847075210472
0.006368269339876156,-0.13729967957088987,-0.28920889793482785,-0.5884240899591879,0.5532558396727241,-0.032838497574815606,0.38317722598667386,0.010008714646709188,-0.2229574022488396,-0.12014567606486325,1.2215678365422902,-0.6504436355879909,0.7700731537772121,0.3952847075210472
0.08337081317543822,-0.06386762577845338,-0.265637050910505,-1.0229942002675887,-0.1248593048398732,-0.032838497574815606,0.32910942406886173,0.010008714646709188,-0.2229574022488396,-0.12014567606486325,-0.6616825781270738,-0.6504436355879909,0.2827513421773805,0.3952847075210472
0.17189616732870305,-0.05090332503897581,-0.2612033008805476,-1.9677607052523751,1.384167989583944,-0.032838497574815606,0.2754569004003795,0.010008714646709188,-0.2229574022488396,-0.12014567606486325,-0.6616825781270738,-0.6504436355879909,-0.12959788302247865,0.3952847075210472
0.3725610112519923,-0.6341185996952421,-0.379842876263811,-0.06409918551414671,-0.3069588762681542,1.0594705473608486,0.225442151787733,0.010008714646709188,-0.2229574022488396,-0.12014567606486325,-0.6616825781270738,1.5374122295716144,-0.24205676262243814,0.3952847075210472
0.2870989252796192,-0.5828118364617291,-0.3760376004556502,-0.9972433519116308,0.3995347467865956,0.8584381808693523,0.10540918824930115,0.010008714646709188,-0.2229574022488396,-0.12014567606486325,1.2215678365422902,-0.6504436355879909,0.4389442305106595,0.3952847075210472
0.061179875085609514,-0.17900196711795888,-0.30142866843584426,-1.7601549105319363,1.1006981608546058,0.003314441995832751,-0.40517046795444017,0.010008714646709188,-0.2229574022488396,-0.12014567606486325,-0.6616825781270738,-0.6504436355879909,0.06408129851078903,0.3952847075210472
-0.1955939309788681,-0.04769645514858663,-0.26009395954463876,-0.18327681251632108,-1.4761941528403244,-0.254499643652479,-0.5591068180178862,0.010008714646709188,-0.2229574022488396,-0.12014567606486325,-0.6616825781270738,-0.6504436355879909,-0.11085473642248514,0.3952847075210472
-0.5034553815694313,-0.061790572769875395,-0.2649322004776119,0.8739672204913371,0.609032288391338,-0.6163578662881174,-0.7751661302657111,0.010008714646709188,-0.2229574022488396,-0.12014567606486325,-0.6616825781270738,-0.6504436355879909,-0.14834102962247217,0.3952847075210472
-0.7950504411863705,-0.38663276193612495,-0.349689316637286,0.23902678521082854,-0.838123486038572,-0.728844946811443,-0.8423302286178644,0.010008714646709188,-0.2229574022488396,-0.12014567606486325,-0.6616825781270738,-0.6504436355879909,-0.0639968699225005,-2.5298221281347035
-0.9295532635910294,-0.5106215088329024,-0.3685169935393512,1.4856141132429128,1.0554239767459783,-0.728844946811443,-0.8423302286178644,0.010008714646709188,-0.2229574022488396,-0.12014567606486325,1.2215678365422902,1.5374122295716144,1.4823127245769672,-2.5298221281347035
-1.0166938275783453,-0.6984005731017634,-0.3828048967378453,1.7803919676939661,1.4730696631359097,-0.728844946811443,-0.8423302286178644,0.010008714646709188,-0.2229574022488396,-0.12014567606486325,1.2215678365422902,-0.6504436355879909,-0.7356262897556016,-2.5298221281347035
-1.037358494378689,-0.7610696737547553,-0.3837592765353673,-0.13180275107504824,-0.8857905995964451,-0.728844946811443,-0.8423302286178644,0.010008714646709188,-0.2229574022488396,-0.12014567606486325,-0.6616825781270738,-0.6504436355879909,-0.07336844322249754,-2.5298221281347035
-1.037358494378689,-0.7610696737547553,-0.3837592765353673,-0.13180275107504824,-0.8857905995964451,-0.728844946811443,-0.8423302286178644,0.010008714646709188,-0.2229574022488396,-0.12014567606486325,-0.6616825781270738,1.5374122295716144,-0.05462529662250402,-2.5298221281347035
0.23961110048843795,3.111556816879322,3.2606365175821908,1.7803919676939648,1.4730696628565265,-0.728844946811443,3.3080638856936724,0.010008714646709188,-0.2229574022488396,-0.12014567606486325,-2.5449329927964377,1.5374122295716144,-1.4978475848220054,0.3952847075210472
1.3817435769600657,3.4877050441684725,4.002978971389857,-0.10121910310001361,-1.8345923592457019,-0.728844946811443,2.8698175994634694,5.105778217910103,4.997669917978198,0.512572395061693,1.2215678365422902,1.5374122295716144,0.4077056528440038,0.3952847075210472
2.2011782697885938,2.7136178246277893,2.5501441635414923,-1.4604116735910653,0.6820541675304876,-0.728844946811443,1.8209884125218123,4.46880703000218,4.34509150294982,0.6515044191164422,1.2215678365422902,-0.6504436355879909,-0.8855714625555504,0.3952847075210472
2.979173853607372,0.7194000835290753,0.1488557233825185,0.09054790051385492,-1.3599635349601578,3.5061351150180196,1.6863034248543718,-4.448789600708762,4.34509150294982,0.6926055383908174,-0.6616825781270738,-0.6504436355879909,-0.7981034450889144,0.3952847075210472
2.4610485652722867,0.33152567531515115,-0.09366910963031119,1.6703808061398477,1.3348798593892386,3.4018860946446803,1.624058130329027,0.010008714646709188,-0.2229574022488396,-0.12014567606486325,-0.6616825781270738,1.5374122295716144,-0.23580904708910844,0.3952847075210472
1.6743262366262268,0.5520113651735745,0.035224660301877604,-1.9648633637223163,1.386642755164531,1.2058124228681069,0.31282036512459643,0.010008714646709188,-0.2229574022488396,-0.12014567606486325,1.2215678365422902,-0.6504436355879909,1.8446802255101753,0.3952847075210472
1.1444599552415513,0.8097051365581142,0.21581386385256782,-0.18050782458144593,-1.7797432323072129,0.8474062228687037,0.09882219613673818,0.010008714646709188,-0.2229574022488396,-0.12014567606486325,-0.6616825781270738,1.5374122295716144,1.957139105110137,0.3952847075210472
0.5899310938981696,0.6993653084599338,0.13453780965833484,1.4986958401076638,1.1507262993801552,0.4875849839606752,-0.11602086821144847,0.010008714646709188,-0.2229574022488396,-0.12014567606486325,1.2215678365422902,1.5374122295716144,2.3257543215766767,0.3952847075210472
0.03587903754802661,-0.34549024857988675,-0.3417908788084956,0.5101809798209082,-0.44459366510951887,0.3859314277284365,-0.17671645580128256,0.010008714646709188,-0.2229574022488396,-0.12014567606486325,1.2215678365422902,-0.6504436355879909,-0.9168100402222058,0.3952847075210472
-0.133481632606202,-0.4877215771209087,-0.36560217921819727,1.1503274881093009,0.7771658472501771,0.2839060826795407,-0.23763403209001446,0.010008714646709188,-0.2229574022488396,-0.12014567606486325,-0.6616825781270738,-0.6504436355879909,-1.8164810770218969,0.3952847075210472
-0.25301220133019553,-0.6207893038944784,-0.37897729254885215,-0.0030123717118436637,-0.34798780822232667,0.19674754838044453,-0.28967489173949346,0.010008714646709188,-0.2229574022488396,-0.12014567606486325,-0.6616825781270738,1.5374122295716144,-2.078885129421805,0.3952847075210472
-0.32714656633128875,-0.618091869227514,-0.3787916199999654,-0.2327789551602099,-0.08359309859190414,0.08403827469149784,-0.3569716578038811,0.010008714646709188,-0.2229574022488396,-0.12014567606486325,1.2215678365422902,-0.6504436355879909,-1.3916364207553757,0.3952847075210472
-0.403388396314789,-0.6095123149398574,-0.3781775523899997,-0.34209634109120846,-0.3751021270956112,-0.029087161802168367,-0.42451690751116056,0.010008714646709188,-0.2229574022488396,-0.12014567606486325,-0.6616825781270738,-0.6504436355879909,-1.5040953003553372,0.3952847075210472
-0.5033570440101183,-0.5435402833308134,-0.37226053800670517,-0.8779907310974794,0.2618772438637697,-0.2602682527578092,-0.5625511551586763,0.010008714646709188,-0.2229574022488396,-0.12014567606486325,-0.6616825781270738,1.5374122295716144,-0.8668283159555569,0.3952847075210472
-0.6053857518888632,-0.5338446069701255,-0.37121265515694124,-0.07254110466070054,-1.0677823728455211,-0.3586406216652039,-0.6212876023105828,0.010008714646709188,-0.2229574022488396,-0.12014567606486325,1.2215678365422902,-0.6504436355879909,1.1636792323770762,0.3952847075210472
-0.7057968370405073,-0.5547777089714113,-0.3734178860447214,0.7225080425032068,0.38336635518954765,-0.46254444691804464,-0.683326786774968,0.010008714646709188,-0.2229574022488396,-0.12014567606486325,-0.6616825781270738,-0.6504436355879909,0.6763574207772439,0.3952847075210472
-0.8045172806390753,-0.6139716694965374,-0.3785011882483169,-0.17963776315589533,-0.3044485749849326,-0.5664669606472565,-0.7453771298067122,0.010008714646709188,-0.2229574022488396,-0.12014567606486325,-0.6616825781270738,-0.6504436355879909,0.264008195577387,0.3952847075210472
-0.7881277352464489,-0.5731568494668703,-0.3751784889195357,0.4750642647761349,0.14511320135056732,-0.5664669606472565,-0.5092820146817016,0.010008714646709188,-0.2229574022488396,-0.12014567606486325,1.2215678365422902,-0.6504436355879909,0.4077056528440038,0.3952847075210472
-0.7723444799003049,-0.5615469545173033,-0.3740854337976177,-0.14307214089170261,-0.9080420566746603,-0.5664669606472565,-0.5699890198254345,0.010008714646709188,-0.2229574022488396,-0.12014567606486325,-0.6616825781270738,-0.6504436355879909,0.5201645324439633,0.3952847075210472
-0.765388609257073,-0.5679440956939779,-0.3746958189580179,-0.3771975794067648,-0.47034054944184356,-0.5664669606472565,-0.6607188838980118,0.010008714646709188,-0.2229574022488396,-0.12014567606486325,-0.6616825781270738,1.5374122295716144,0.8575411712438483,0.3952847075210472
-0.767272744243918,-0.5633486421361024,-0.37425935433993157,-0.43665343578796156,-0.4120321233831629,-0.5767231552440403,-0.7515009269522375,0.010008714646709188,-0.2229574022488396,-0.12014567606486325,1.2215678365422902,-0.6504436355879909,-0.1608364606891338,0.3952847075210472
-0.5718225882669048,-0.014103972731778543,-0.2481730313717543,1.5863250520695045,1.2490260931250878,-0.5767231552440403,0.1259681747268188,0.010008714646709188,-0.2229574022488396,-0.12014567606486325,1.2215678365422902,-0.6504436355879909,0.43269651497732925,0.3952847075210472
-0.3871499850132363,0.08981284344606001,-0.2078237626671685,-0.1281483453536604,-1.7576242945309102,-0.5767231552440403,0.030232072908073115,0.010008714646709188,-0.2229574022488396,-0.12014567606486325,-0.6616825781270738,-0.6504436355879909,0.057833582977457124,0.3952847075210472
-0.30861012245435365,-0.002615716044352429,-0.24397035424249094,-0.6488247067092653,-0.7213322904867745,-0.5767231552440403,-0.40544938913988093,0.010008714646709188,-0.2229574022488396,-0.12014567606486325,-0.6616825781270738,-0.6504436355879909,-0.24205676262243814,0.3952847075210472
0.06065549685923639,-0.10345073185258048,-0.2786689017218452,-0.5762999612235857,0.5515888144452442,0.0028473021009170793,0.4486825849944166,0.010008714646709188,-0.2229574022488396,-0.12014567606486325,1.2215678365422902,-0.6504436355879909,0.7700731537772121,0.3952847075210472
0.14244038275150347,-0.02557652539975089,-0.2523059515728573,-1.01739384754571,-0.1351351958462806,0.0028473021009170793,0.39178461265244924,0.010008714646709188,-0.2229574022488396,-0.12014567606486325,-0.6616825781270738,-0.6504436355879909,0.2827513421773805,0.3952847075210472
0.23630726578333347,-0.012060917717328245,-0.24743032260122275,-1.9680901164317062,1.3845484425589298,0.0028473021009170793,0.3353173000192251,0.010008714646709188,-0.2229574022488396,-0.12014567606486325,-0.6616825781270738,-0.6504436355879909,-0.12959788302247865,0.3952847075210472
0.44801829646699703,-0.6274438708574366,-0.37942022340124615,-0.06463048004684381,-0.306807635731195,1.1552857123728277,0.28265173653784953,0.010008714646709188,-0.2229574022488396,-0.12014567606486325,-0.6616825781270738,1.5374122295716144,-0.24205676262243814,0.3952847075210472
0.358033391594649,-0.5733464502699943,-0.3751957959177175,-0.9979870599550353,0.3999755612821995,0.9435274501728236,0.15621452541000863,0.010008714646709188,-0.2229574022488396,-0.12014567606486325,1.2215678365422902,-0.6504436355879909,0.4389442305106595,0.3952847075210472
0.1200573162015009,-0.1478849428779013,-0.29239067525861,-1.7602561934456886,1.1008232320158355,0.042651639252232344,-0.3816829049993414,0.010008714646709188,-0.2229574022488396,-0.12014567606486325,-0.6616825781270738,-0.6504436355879909,0.06408129851078903,0.3952847075210472
-0.15045065128078036,-0.009520371548344354,-0.24650393185538697,-0.18334628167201358,-1.4761537970255438,-0.2290060892884519,-0.5438850557969668,0.010008714646709188,-0.2229574022488396,-0.12014567606486325,-0.6616825781270738,-0.6504436355879909,-0.11085473642248514,0.3952847075210472
-0.47480318115937764,-0.024319957265137946,-0.2518563996978935,0.8737378389535433,0.608864638077843,-0.6103110668497286,-0.7715556904684805,0.010008714646709188,-0.2229574022488396,-0.12014567606486325,-0.6616825781270738,-0.6504436355879909,-0.14834102962247217,0.3952847075210472
-0.782029737213605,-0.3665146077377309,-0.3459298671432953,0.23899493169366257,-0.838166478490518,-0.728844946811443,-0.8423302286178644,0.010008714646709188,-0.2229574022488396,-0.12014567606486325,-0.6616825781270738,-0.6504436355879909,-0.0639968699225005,-2.5298221281347035
-0.9237590790583736,-0.4971613115303954,-0.3668345906938378,1.4856082562419994,1.05541499411285,-0.728844946811443,-0.8423302286178644,0.010008714646709188,-0.2229574022488396,-0.12014567606486325,1.2215678365422902,1.5374122295716144,1.4823127245769672,-2.5298221281347035
-1.0155829880488485,-0.6950317641607644,-0.3826995325810075,1.7803919676939648,1.4730696628565279,-0.728844946811443,-0.8423302286178644,0.010008714646709188,-0.2229574022488396,-0.12014567606486325,1.2215678365422902,-0.6504436355879909,-0.7356262897556016,-2.5298221281347035
-1.037358494378689,-0.7610696737547553,-0.3837592765353673,-0.13180275107504824,-0.8857905995964451,-0.728844946811443,-0.8423302286178644,0.010008714646709188,-0.2229574022488396,-0.12014567606486325,-0.6616825781270738,-0.6504436355879909,-0.07336844322249754,-2.5298221281347035
-1.037358494378689,-0.7610696737547553,-0.3837592765353673,-0.13180275107504824,-0.8857905995964451,-0.728844946811443,-0.8423302286178644,0.010008714646709188,-0.2229574022488396,-0.12014567606486325,-0.6616825781270738,1.5374122295716144,-0.05462529662250402,-2.5298221281347035
0.24147849526214332,3.117220007685267,3.2713031799140073,1.780391967693964,1.4730696628565265,-0.728844946811443,3.314133273961836,3.831835842094255,3.6925130879214394,0.3036658819067119,-2.5449329927964377,1.5374122295716144,-1.4978475848220054,0.3952847075210472
1.397883811679563,3.513590080218379,4.056592910124935,-0.10687791143775743,-1.8460751236226702,-0.728844946811443,2.916207044555682,0.010008714646709188,-0.2229574022488396,-0.12014567606486325,1.2215678365422902,1.5374122295716144,0.4077056528440038,0.3952847075210472
2.227672143983729,2.7339896389844784,2.5846474945554747,-1.4826841959412518,0.701437833452022,-0.728844946811443,1.8546397104964283,0.010008714646709188,-0.2229574022488396,-0.12014567606486325,1.2215678365422902,-0.6504436355879909,-0.8855714625555504,0.3952847075210472
3.0155191700995094,0.705917343359117,0.1391987747161388,0.050943037510220834,-1.4337561156813605,3.5597609486034485,1.7183224864603055,0.010008714646709188,-0.2229574022488396,-0.12014567606486325,-0.6616825781270738,-0.6504436355879909,-0.7981034450889144,0.3952847075210472
2.505144409762151,0.34479398224335805,-0.08658071000625939,1.6703817475828764,1.3348818394751691,3.454240776368318,1.6553182090520493,0.010008714646709188,-0.2229574022488396,-0.12014567606486325,-0.6616825781270738,1.5374122295716144,-0.23580904708910844,0.3952847075210472
1.7086387409205128,0.5686482699621744,0.04590908087902125,-1.9649467327886097,1.3867296808162035,1.2302507902896922,0.3274120933962627,0.010008714646709188,-0.2229574022488396,-0.12014567606486325,1.2215678365422902,-0.6504436355879909,1.8446802255101753,0.3952847075210472
1.1720892650814703,0.8296188765044603,0.23111259093700723,-0.1804872783888993,-1.7798020142596684,0.8673861068249179,0.11075184072220248,0.010008714646709188,-0.2229574022488396,-0.12014567606486325,-0.6616825781270738,1.5374122295716144,1.957139105110137,0.3952847075210472
0.6105534874142383,0.7178629020280833,0.1477502622587849,1.4988034180468421,1.1508492942511217,0.5030690188732054,-0.10677561765542834,0.010008714646709188,-0.2229574022488396,-0.12014567606486325,1.2215678365422902,1.5374122295716144,2.3257543215766767,0.3952847075210472
0.04949346790894501,-0.34030469896995097,-0.34073699129329915,0.5101228799401805,-0.44466793616596956,0.4001386124053425,-0.16823359052904313,0.010008714646709188,-0.2229574022488396,-0.12014567606486325,1.2215678365422902,-0.6504436355879909,-0.9168100402222058,0.3952847075210472
-0.12198343837477935,-0.4842982998046569,-0.3651445503513098,1.1502399005887423,0.7770889641789065,0.29682482453905396,-0.22992047383246414,0.010008714646709188,-0.2229574022488396,-0.12014567606486325,-0.6616825781270738,-0.6504436355879909,-1.8164810770218969,0.3952847075210472
-0.2430136680209009,-0.6190201601371994,-0.37885591613938846,-0.003084824800125375,-0.3480246031502939,0.2085641030879893,-0.28261943044679355,0.010008714646709188,-0.2229574022488396,-0.12014567606486325,-0.6616825781270738,1.5374122295716144,-2.078885129421805,0.3952847075210472
-0.3180839568791226,-0.6162837185610988,-0.3786651798425824,-0.2328127052169101,-0.08359007026163515,0.09442765488264566,-0.3507683378338916,0.010008714646709188,-0.2229574022488396,-0.12014567606486325,1.2215678365422902,-0.6504436355879909,-1.3916364207553757,0.3952847075210472
-0.3952917648131383,-0.6075902615358091,-0.378035079590393,-0.3421697590303408,-0.37505502100475313,-0.02013822980137112,-0.4191736543459791,0.010008714646709188,-0.2229574022488396,-0.12014567606486325,-0.6616825781270738,-0.6504436355879909,-1.5040953003553372,0.3952847075210472
-0.4965316397403905,-0.5407703244848269,-0.3719658300268424,-0.8780733441305038,0.26191543642881665,-0.2542693727756725,-0.5589693272434301,0.010008714646709188,-0.2229574022488396,-0.12014567606486325,-0.6616825781270738,1.5374122295716144,-0.8668283159555569,0.3952847075210472
-0.5998598952435764,-0.5309459041273246,-0.37089049962903736,-0.07255769245785283,-1.0677934225555785,-0.3538980894757531,-0.6184559180235639,0.010008714646709188,-0.2229574022488396,-0.12014567606486325,1.2215678365422902,-0.6504436355879909,1.1636792323770762,0.3952847075210472
-0.7015524717047942,-0.5521435976082842,-0.3731521045987933,0.7224833741467157,0.38335220949821114,-0.4591308005977976,-0.6812885573523011,0.010008714646709188,-0.2229574022488396,-0.12014567606486325,-0.6616825781270738,-0.6504436355879909,0.6763574207772439,0.3952847075210472
-0.8015344276118833,-0.6120899973199849,-0.3783658053067058,-0.17967481280646178,-0.3044432825734413,-0.5643850078240348,-0.7441340316346123,4.62804982697916,4.508236106706914,21.55628584129363,-0.6616825781270738,-0.6504436355879909,0.264008195577387,0.3952847075210472
-0.7995780589024364,-0.6074972218617309,-0.3780281374365831,-0.08969076688523142,-0.2555040051496893,-0.5643850078240348,-0.5526107567576862,0.010008714646709188,-0.2229574022488396,-0.12014567606486325,1.2215678365422902,-0.6504436355879909,0.4077056528440038,0.3952847075210472
-0.7836695377433042,-0.5890422995394905,-0.37656794296856744,-0.4819780786551575,-1.1272755765938394,-0.5643850078240348,-0.5667501978156129,0.010008714646709188,-0.2229574022488396,-0.12014567606486325,-0.6616825781270738,-0.6504436355879909,0.5201645324439633,0.3952847075210472
-0.7766760709569162,-0.5947458672110456,-0.37703689520143585,-0.8131854109096774,-0.49643896890221945,-0.5643850078240348,-0.6585584598577888,0.010008714646709188,-0.2229574022488396,-0.12014567606486325,-0.6616825781270738,1.5374122295716144,0.8575411712438483,0.3952847075210472
-0.7786101477782312,-0.5897330815714447,-0.3766255811225048,-0.8687076514536385,-0.39792663348211715,-0.5749130582997344,-0.7504201492431113,0.010008714646709188,-0.2229574022488396,-0.12014567606486325,1.2215678365422902,-0.6504436355879909,-0.1608364606891338,0.3952847075210472
-0.5662075971859463,-0.004987975107475537,-0.2448434380419588,1.5864440874051022,1.2491612801531051,-0.5749130582997344,0.13773794017797755,0.010008714646709188,-0.2229574022488396,-0.12014567606486325,1.2215678365422902,-0.6504436355879909,0.43269651497732925,0.3952847075210472
-0.3792660165525383,0.1001950111302548,-0.20350416346420425,-0.12813727220804402,-1.7576815002608492,-0.5749130582997344,0.040845503052833944,0.010008714646709188,-0.2229574022488396,-0.12014567606486325,-0.6616825781270738,-0.6504436355879909,0.057833582977457124,0.3952847075210472
-0.2997535513716938,0.006621700257134752,-0.24054456436437832,-0.6489119897879067,-0.7212000097099109,-0.5749130582997344,-0.4001278215501327,0.010008714646709188,-0.2229574022488396,-0.12014567606486325,-0.6616825781270738,-0.6504436355879909,-0.24205676262243814,0.3952847075210472
0.07422680115370277,-0.09496507697572867,-0.2759393145465445,-0.5732626970990685,0.5511815947344088,0.011759914890561317,0.46508714257385414,0.010008714646709188,-0.2229574022488396,-0.12014567606486325,1.2215678365422902,-0.6504436355879909,0.7700731537772121,0.3952847075210472
0.15721992346458474,-0.01597051864966651,-0.2488498007381403,-1.0159941074102425,-0.1377052651486928,0.011759914890561317,0.4074813763192816,0.010008714646709188,-0.2229574022488396,-0.12014567606486325,-0.6616825781270738,-0.6504436355879909,0.2827513421773805,0.3952847075210472
0.25243419933918554,-0.002319475781911651,-0.24386113418008737,-1.9681724400658973,1.384643526932921,0.011759914890561317,0.3503100132313204,0.010008714646709188,-0.2229574022488396,-0.12014567606486325,-0.6616825781270738,-0.6504436355879909,-0.12959788302247865,0.3952847075210472
0.46691665882543176,-0.6257741143595982,-0.37931110631569276,-0.06476373434448608,-0.30676965757114566,1.1792844592817733,0.29698097497325016,0.010008714646709188,-0.2229574022488396,-0.12014567606486325,-0.6616825781270738,1.5374122295716144,-0.24205676262243814,0.3952847075210472
0.3757998385042959,-0.5709770553950321,-0.3749782595254842,-0.9981735400227568,0.4000861779481119,0.9648404364742619,0.16894014244503397,0.010008714646709188,-0.2229574022488396,-0.12014567606486325,1.2215678365422902,-0.6504436355879909,0.4389442305106595,0.3952847075210472
0.13480462519092704,-0.14009223121241896,-0.29005358679489324,-1.76028161014304,1.10085462161136,0.052506204308899795,-0.3757989139347279,0.010008714646709188,-0.2229574022488396,-0.12014567606486325,-0.6616825781270738,-0.6504436355879909,0.06408129851078903,0.3952847075210472
-0.1391429410573929,4.080979130972772e-05,-0.2429894028700825,-0.18336372529819586,-1.476143658900062,-0.22261943232415804,-0.5400716929245759,0.010008714646709188,-0.2229574022488396,-0.12014567606486325,-0.6616825781270738,-0.6504436355879909,-0.11085473642248514,0.3952847075210472
-0.4676259175757836,-0.014934651268907712,-0.24847442662501346,0.8736802384233984,0.6088225438609562,-0.6087961997079512,-0.7706511893895349,0.010008714646709188,-0.2229574022488396,-0.12014567606486325,-0.6616825781270738,-0.6504436355879909,-0.14834102962247217,0.3952847075210472
-0.778767818915805,-0.3614746957043207,-0.3449572546728804,0.23898693171006577,-0.8381772758465316,-0.728844946811443,-0.8423302286178644,0.010008714646709188,-0.2229574022488396,-0.12014567606486325,-0.6616825781270738,-0.6504436355879909,-0.0639968699225005,-2.5298221281347035
-0.9223075135798547,-0.49378925785154215,-0.36639932174769346,1.485606785204869,1.0554127380429248,-0.728844946811443,-0.8423302286178644,0.010008714646709188,-0.2229574022488396,-0.12014567606486325,1.2215678365422902,1.5374122295716144,1.4823127245769672,-2.5298221281347035
-1.015304696314492,-0.6941877973607469,-0.382672272363987,1.7803919676939635,1.4730696628565279,-0.728844946811443,-0.8423302286178644,0.010008714646709188,-0.2229574022488396,-0.12014567606486325,1.2215678365422902,-0.6504436355879909,-0.7356262897556016,-2.5298221281347035
-1.037358494378689,-0.7610696737547553,-0.3837592765353673,-0.13180275107504824,-0.8857905995964451,-0.728844946811443,-0.8423302286178644,0.010008714646709188,-0.2229574022488396,-0.12014567606486325,-0.6616825781270738,-0.6504436355879909,-0.07336844322249754,-2.5298221281347035
-1.037358494378689,-0.7610696737547553,-0.3837592765353673,-0.13180275107504824,-0.8857905995964451,-0.728844946811443,-0.8423302286178644,0.010008714646709188,-0.2229574022488396,-0.12014567606486325,-0.6616825781270738,1.5374122295716144,-0.05462529662250402,-2.5298221281347035
0.2621131041117003,3.179797952513297,3.3902069320387813,1.7803919676939652,1.4730696628565279,-0.728844946811443,3.3811996782556912,0.010008714646709188,-0.2229574022488396,-0.12014567606486325,-2.5449329927964377,1.5374122295716144,-1.4978475848220054,0.3952847075210472
1.4394790791386298,3.586183206278199,4.20868738210116,-0.10782925199088057,-1.848006217972075,-0.728844946811443,2.984333172597175,0.010008714646709188,-0.2229574022488396,-0.12014567606486325,1.2215678365422902,1.5374122295716144,0.4077056528440038,0.3952847075210472
2.2844781844762867,2.7932236345750643,2.6861167741244962,-1.4869062631402545,0.705475807338909,-0.728844946811443,1.9040776165562736,0.010008714646709188,-0.2229574022488396,-0.12014567606486325,1.2215678365422902,-0.6504436355879909,-0.8855714625555504,0.3952847075210472
3.0867992522361205,0.7262389923144643,0.1537878316027499,0.04419818010701707,-1.446322952961551,3.6385496706110843,1.7653658753485433,0.010008714646709188,-0.2229574022488396,-0.12014567606486325,-0.6616825781270738,-0.6504436355879909,-0.7981034450889144,0.3952847075210472
2.569921277091878,0.36425996119341175,-0.07602645075828716,1.6703830975047043,1.3348847085951039,3.5311643132897217,1.7012479280504307,0.010008714646709188,-0.2229574022488396,-0.12014567606486325,-0.6616825781270738,1.5374122295716144,-0.23580904708910844,0.3952847075210472
1.7590505016502085,0.5930922821593044,0.06185134068693343,-1.9650694804770112,1.3868576782523068,1.2661533478849532,0.3488488921664284,0.010008714646709188,-0.2229574022488396,-0.12014567606486325,1.2215678365422902,-0.6504436355879909,1.8446802255101753,0.3952847075210472
1.2126831716697875,0.858877954207729,0.2539404950860275,-0.1804569820170784,-1.779888657785701,0.896742191175712,0.12827985307169174,0.010008714646709188,-0.2229574022488396,-0.12014567606486325,-0.6616825781270738,1.5374122295716144,1.957139105110137,0.3952847075210472
0.6408533747573198,0.7450403497540391,0.1674642061111265,1.4989620340915293,1.151030639244479,0.5258227618059337,-0.09318974965082245,0.010008714646709188,-0.2229574022488396,-0.12014567606486325,1.2215678365422902,1.5374122295716144,2.3257543215766767,0.3952847075210472
0.06949745011989308,-0.3326898550891645,-0.33916569868364943,0.5100372150428281,-0.4447774326997637,0.42101690452079216,-0.1557675219054889,0.010008714646709188,-0.2229574022488396,-0.12014567606486325,1.2215678365422902,-0.6504436355879909,-0.9168100402222058,0.3952847075210472
-0.10508724607797665,-0.479270670650626,-0.36446212453379745,1.1501107131481885,0.7769755782624069,0.31581028312181764,-0.21858458350993898,0.010008714646709188,-0.2229574022488396,-0.12014567606486325,-0.6616825781270738,-0.6504436355879909,-1.8164810770218969,0.3952847075210472
-0.22832010650151202,-0.616421258126421,-0.3786748535302978,-0.0031916875522759944,-0.34807886012447903,0.22593027693037296,-0.2722503871528965,0.010008714646709188,-0.2229574022488396,-0.12014567606486325,-0.6616825781270738,1.5374122295716144,-2.078885129421805,0.3952847075210472
-0.3047653336349875,-0.6136272588448328,-0.3784765371775735,-0.2328624940981986,-0.08358560039512972,0.1096969900590113,-0.3416512807924409,0.010008714646709188,-0.2229574022488396,-0.12014567606486325,1.2215678365422902,-0.6504436355879909,-1.3916364207553757,0.3952847075210472
-0.3833924093973995,-0.6047661804962805,-0.37782248661184437,-0.34227809280423127,-0.37498549952804033,-0.006985651148387653,-0.41132047616655043,0.010008714646709188,-0.2229574022488396,-0.12014567606486325,-0.6616825781270738,-0.6504436355879909,-1.5040953003553372,0.3952847075210472
-0.4865002809036054,-0.5366998302010967,-0.371525986196829,-0.8781952228905833,0.2619717880609588,-0.2454522601732508,-0.5537047811706189,0.010008714646709188,-0.2229574022488396,-0.12014567606486325,-0.6616825781270738,1.5374122295716144,-0.8668283159555569,0.3952847075210472
-0.5917382579068466,-0.526685946279167,-0.37040964661498366,-0.07258216322417152,-1.067809718823065,-0.34692738913551585,-0.6142938329107052,0.010008714646709188,-0.2229574022488396,-0.12014567606486325,1.2215678365422902,-0.6504436355879909,1.1636792323770762,0.3952847075210472
-0.6953141535096091,-0.5482723584928312,-0.3727553773773871,0.7224469618199931,0.38333133292990346,-0.45411321900510987,-0.6782926458039402,0.010008714646709188,-0.2229574022488396,-0.12014567606486325,-0.6616825781270738,-0.6504436355879909,0.6763574207772439,0.3952847075210472
-0.7971501496160345,-0.609324408056437,-0.3781637029194612,-0.1797294926121483,-0.30443547806312826,-0.5613248042967214,-0.7423068368160618,0.010008714646709188,-0.2229574022488396,-0.12014567606486325,-0.6616825781270738,-0.6504436355879909,0.264008195577387,0.3952847075210472
-0.7977399476399298,-0.6106903375039384,-0.378263986232233,-0.20685272448512165,-0.3181755341780184,-0.5613248042967214,-0.55562173695159,0.010008714646709188,-0.2229574022488396,-0.12014567606486325,1.2215678365422902,-0.6504436355879909,0.4077056528440038,0.3952847075210472
-0.7816455780442577,-0.5906447486657651,-0.37670129469728914,-0.5175974750294986,-1.1132237634413258,-0.5613248042967214,-0.5619840699281572,0.010008714646709188,-0.2229574022488396,-0.12014567606486325,-0.6616825781270738,-0.6504436355879909,0.5201645324439633,0.3952847075210472
-0.7745957090286147,-0.5962217811750029,-0.377155671167361,-0.8617574934909958,-0.4574161036993051,-0.5613248042967214,-0.6553792303343684,0.010008714646709188,-0.2229574022488396,-0.12014567606486325,-0.6616825781270738,1.5374122295716144,0.8575411712438483,0.3952847075210472
-0.7766026224985523,-0.5909801002682249,-0.3767290438870668,-0.9182577718914984,-0.353642001262709,-0.5722493374274759,-0.7488296873890501,0.010008714646709188,-0.2229574022488396,-0.12014567606486325,1.2215678365422902,-0.6504436355879909,-0.1608364606891338,0.3952847075210472
-0.5579607613431682,0.008379103759221162,-0.2398881179698816,1.5865904267113742,1.2493275380639082,-0.5722493374274759,0.1550059062820419,0.010008714646709188,-0.2229574022488396,-0.12014567606486325,1.2215678365422902,-0.6504436355879909,0.43269651497732925,0.3952847075210472
-0.36769455293032605,0.11541993825427836,-0.19707494909782328,-0.1281250276446448,-1.7577545868590856,-0.5722493374274759,0.05641730370140939,0.010008714646709188,-0.2229574022488396,-0.12014567606486325,-0.6616825781270738,-0.6504436355879909,0.057833582977457124,0.3952847075210472
-0.2867579182329638,0.020170678050313785,-0.23544476466344277,-0.6490285720258536,-0.7210256001677097,-0.5722493374274759,-0.3923197701636888,0.010008714646709188,-0.2229574022488396,-0.12014567606486325,-0.6616825781270738,-0.6504436355879909,-0.24205676262243814,0.3952847075210472
0.09414957048459918,-0.0824891696011352,-0.2718626305583,-0.5687861998539241,0.5505889901315307,0.024836914754864912,0.4891921148724651,0.010008714646709188,-0.2229574022488396,-0.12014567606486325,1.2215678365422902,-0.6504436355879909,0.7700731537772121,0.3952847075210472
0.17892650791874753,-0.0018420737806419923,-0.2436850323100518,-1.0139334292069797,-0.14149014650651087,0.024836914754864912,0.43054708092736155,0.010008714646709188,-0.2229574022488396,-0.12014567606486325,-0.6616825781270738,-0.6504436355879909,0.2827513421773805,0.3952847075210472
0.2761283756349069,0.012005888917372805,-0.2385286525395859,-1.9682936310973145,1.384783507068378,0.024836914754864912,0.3723418654848984,0.010008714646709188,-0.2229574022488396,-0.12014567606486325,-0.6616825781270738,-0.6504436355879909,-0.12959788302247865,0.3952847075210472
0.49468726762408444,-0.6233219954790252,-0.3791484064257146,-0.06496024978583519,-0.30671359907593737,1.2145513156598924,0.3180382074957005,0.010008714646709188,-0.2229574022488396,-0.12014567606486325,-0.6616825781270738,1.5374122295716144,-0.24205676262243814,0.3952847075210472
0.40190778886666345,-0.5674962667995765,-0.3746537366591504,-0.9984485427166894,0.4002493678950494,0.9961610787941523,0.1876411585211826,0.010008714646709188,-0.2229574022488396,-0.12014567606486325,1.2215678365422902,-0.6504436355879909,0.4389442305106595,0.3952847075210472
0.15647648132941044,-0.1286415245236549,-0.2865658939441288,-1.7603190959355366,1.1009009173508961,0.06698921202261413,-0.36715135947786565,0.010008714646709188,-0.2229574022488396,-0.12014567606486325,-0.6616825781270738,-0.6504436355879909,0.06408129851078903,0.3952847075210472
-0.12252536893737166,0.014090645758791027,-0.2377443080511253,-0.18338946205911752,-1.476128689788745,-0.2132330157558463,-0.5344672252591746,0.010008714646709188,-0.2229574022488396,-0.12014567606486325,-0.6616825781270738,-0.6504436355879909,-0.11085473642248514,0.3952847075210472
-0.4570781087041693,-0.0011426163049471918,-0.24342681959838208,0.8735952398524237,0.6087604300903222,-0.6065697960928856,-0.7693218421375824,0.010008714646709188,-0.2229574022488396,-0.12014567606486325,-0.6616825781270738,-0.6504436355879909,-0.14834102962247217,0.3952847075210472
-0.7739738320342561,-0.35406765594863504,-0.3435054252662834,0.23897512747781785,-0.8381932074945988,-0.728844946811443,-0.8423302286178644,0.010008714646709188,-0.2229574022488396,-0.12014567606486325,-0.6616825781270738,-0.6504436355879909,-0.0639968699225005,-2.5298221281347035
-0.9201741569438276,-0.4888333795376828,-0.36574958138353497,1.4856046145277197,1.0554094089596222,-0.728844946811443,-0.8423302286178644,0.010008714646709188,-0.2229574022488396,-0.12014567606486325,1.2215678365422902,1.5374122295716144,1.4823127245769672,-2.5298221281347035
-1.0148956903321669,-0.6929474174735608,-0.3826315797028837,1.7803919676939644,1.4730696624563144,-0.728844946811443,-0.8423302286178644,0.010008714646709188,-0.2229574022488396,-0.12014567606486325,1.2215678365422902,-0.6504436355879909,-0.7356262897556016,-2.5298221281347035
-1.037358494378689,-0.7610696737547553,-0.3837592765353673,-0.13180275107504824,-0.8857905995964451,-0.728844946811443,-0.8423302286178644,0.010008714646709188,-0.2229574022488396,-0.12014567606486325,-0.6616825781270738,-0.6504436355879909,-0.07336844322249754,-2.5298221281347035
-1.037358494378689,-0.7610696737547553,-0.3837592765353673,-0.13180275107504824,-0.8857905995964451,-0.728844946811443,-0.8423302286178644,0.010008714646709188,-0.2229574022488396,-0.12014567606486325,-0.6616825781270738,1.5374122295716144,-0.05462529662250402,-2.5298221281347035
0.27754171065935496,3.226587813971376,3.4803554265552856,1.7803919676939641,1.473069662856529,-0.728844946811443,3.43134558467727,0.010008714646709188,-0.2229574022488396,-0.12014567606486325,-2.5449329927964377,1.5374122295716144,-1.4978475848220054,0.3952847075210472
1.4721823607802609,3.642995486588943,4.329504925628047,-0.10914172727053861,-1.8506706740782777,-0.728844946811443,3.0404791529908195,0.010008714646709188,-0.2229574022488396,-0.12014567606486325,1.2215678365422902,1.5374122295716144,0.4077056528440038,0.3952847075210472
2.3297222169428724,2.8395067797565576,2.766587683581323,-1.4925700891302107,0.7108034674822432,-0.728844946811443,1.944837442492737,4.46880703000218,4.34509150294982,0.6172158083954772,1.2215678365422902,-0.6504436355879909,-0.8855714625555504,0.3952847075210472
3.1439775163285715,0.739503845384737,0.1634190277038081,0.034665820221388866,-1.4640742893777705,3.703513063771631,1.8041543985036075,0.010008714646709188,-0.2229574022488396,-0.12014567606486325,-0.6616825781270738,-0.6504436355879909,-0.7981034450889144,0.3952847075210472
2.623323019989751,0.38028641434709315,-0.06719884273901414,1.6703841780261866,1.3348870327584346,3.5945918573212534,1.739119422143354,-4.448789600708762,4.34509150294982,0.675976795770988,-0.6616825781270738,1.5374122295716144,-0.23580904708910844,0.3952847075210472
1.8006153057982714,0.6132474957486107,0.07521490639070313,-1.9651706925955215,1.3869632309339468,1.2957533937952397,0.3665225697612034,0.010008714646709188,-0.2229574022488396,-0.12014567606486325,1.2215678365422902,-0.6504436355879909,1.8446802255101753,0.3952847075210472
1.2461539884658444,0.8830038513305982,0.27307647688008135,-0.18043196131481903,-1.7799601845745265,0.9209479258087896,0.14273268031210556,0.010008714646709188,-0.2229574022488396,-0.12014567606486325,-0.6616825781270738,1.5374122295716144,1.957139105110137,0.3952847075210472
0.6658371388655874,0.7674490557631483,0.18398902317160012,1.4990930211599822,1.1511803936063045,0.5445873080012228,-0.08198576230995991,0.010008714646709188,-0.2229574022488396,-0.12014567606486325,1.2215678365422902,1.5374122295716144,2.3257543215766767,0.3952847075210472
0.085992314217743,-0.326414526994982,-0.3378496282235267,0.5099664783369151,-0.44486783450009976,0.4382355457787135,-0.1454865677767375,0.010008714646709188,-0.2229574022488396,-0.12014567606486325,1.2215678365422902,-0.6504436355879909,-0.9168100402222058,0.3952847075210472
-0.09115361392337898,-0.47512690911103583,-0.36389043543132654,1.1500039846770211,0.7768819159177421,0.3314683910070159,-0.20923539698009558,0.010008714646709188,-0.2229574022488396,-0.12014567606486325,-0.6616825781270738,-0.6504436355879909,-1.8164810770218969,0.3952847075210472
-0.21620199568465132,-0.6142787150476946,-0.378523116317792,-0.0032799702465162537,-0.3481236724132872,0.2402533119350043,-0.2636983496453277,0.010008714646709188,-0.2229574022488396,-0.12014567606486325,-0.6616825781270738,1.5374122295716144,-2.078885129421805,0.3952847075210472
-0.29378076878292664,-0.611437049007103,-0.3783184246788615,-0.23290363276638235,-0.08358190579376565,0.12229113547060805,-0.3341315334832341,4.62804982697916,4.508236106706914,4.068270159555362,1.2215678365422902,-0.6504436355879909,-1.3916364207553757,0.3952847075210472
-0.37357808751167854,-0.6024375330862857,-0.3776442734191997,-0.34236762538763904,-0.37492803158464255,0.0038628310327867687,-0.40484303430568813,0.010008714646709188,-0.2229574022488396,-0.12014567606486325,-0.6616825781270738,-0.6504436355879909,-1.5040953003553372,0.3952847075210472
-0.4782263997337846,-0.5333429369546998,-0.37115719286044235,-0.8782959470714573,0.26201837171699416,-0.2381794643051839,-0.5493623200212544,0.010008714646709188,-0.2229574022488396,-0.12014567606486325,-0.6616825781270738,1.5374122295716144,-0.8668283159555569,0.3952847075210472
-0.5850393187157487,-0.5231725735257611,-0.3700064295931442,-0.07260239024693678,-1.0678231875638051,-0.3411774720471683,-0.6108606564513123,0.010008714646709188,-0.2229574022488396,-0.12014567606486325,1.2215678365422902,-0.6504436355879909,1.1636792323770762,0.3952847075210472
-0.6901684938995434,-0.5450794711540878,-0.3724226871513923,0.7224168606888497,0.38331407596641903,-0.4499742733310539,-0.6758213526293532,0.010008714646709188,-0.2229574022488396,-0.12014567606486325,-0.6616825781270738,-0.6504436355879909,0.6763574207772439,0.3952847075210472
-0.7935336920159197,-0.6070432790285623,-0.3779942061615438,-0.17977469817829592,-0.30442902192693105,-0.5588004567987834,-0.7407995924033014,0.010008714646709188,-0.2229574022488396,-0.12014567606486325,-0.6616825781270738,-0.6504436355879909,0.264008195577387,0.3952847075210472
-0.7977721407946826,-0.6166542263709558,-0.3786912181094999,-0.37515163096709503,-0.3914644266656524,-0.5588004567987834,-0.5631380848757119,0.010008714646709188,-0.2229574022488396,-0.12014567606486325,1.2215678365422902,-0.6504436355879909,0.4077056528440038,0.3952847075210472
-0.7815279486862573,-0.5943579083511024,-0.37700549802374256,-0.5474260861888051,-1.060049529832092,-0.5588004567987834,-0.558063941800042,0.010008714646709188,-0.2229574022488396,-0.12014567606486325,-0.6616825781270738,-0.6504436355879909,0.5201645324439633,0.3952847075210472
-0.7744338859271436,-0.5996964370270425,-0.37743111826209197,-0.909483174388403,-0.37338387386467115,-0.5588004567987834,-0.6527642990860784,0.010008714646709188,-0.2229574022488396,-0.12014567606486325,-0.6616825781270738,1.5374122295716144,0.8575411712438483,0.3952847075210472
-0.7765020485131151,-0.5942457185675205,-0.37699640496544523,-0.9678248496859468,-0.26662127882926173,-0.5700583964302993,-0.7475215142554464,0.010008714646709188,-0.2229574022488396,-0.12014567606486325,1.2215678365422902,-0.6504436355879909,-0.1608364606891338,0.3952847075210472
-0.5511733227726077,0.019386660388435374,-0.23574229883266282,1.5867134880973086,1.249467346173613,-0.5700583964302993,0.16922314037024305,0.010008714646709188,-0.2229574022488396,-0.12014567606486325,1.2215678365422902,-0.6504436355879909,0.43269651497732925,0.3952847075210472
-0.3581685387270538,0.12795723204789738,-0.19169609330410034,-0.1281145857473288,-1.7578157565561225,-0.5700583964302993,0.0692383236231114,0.010008714646709188,-0.2229574022488396,-0.12014567606486325,-0.6616825781270738,-0.6504436355879909,0.057833582977457124,0.3952847075210472
-0.27605839826994044,0.03132697584930481,-0.23117858667918365,-0.6491256683399379,-0.7208801070322993,-0.5700583964302993,-0.38589072194819823,0.010008714646709188,-0.2229574022488396,-0.12014567606486325,-0.6616825781270738,-0.6504436355879909,-0.24205676262243814,0.3952847075210472
0.11056243522279241,-0.07219521640082925,-0.268441973515582,-0.5650909645601445,0.5501066085057045,0.03560434679143364,0.5090697454334154,0.010008714646709188,-0.2229574022488396,-0.12014567606486325,1.2215678365422902,-0.6504436355879909,0.7700731537772121,0.3952847075210472
0.19681745136624565,0.009819878267569547,-0.23934882289845155,-1.0122344843238944,-0.14461175479809166,0.03560434679143364,0.44956835201083917,0.010008714646709188,-0.2229574022488396,-0.12014567606486325,-0.6616825781270738,-0.6504436355879909,0.2827513421773805,0.3952847075210472
0.2956648489023095,0.02382843976382846,-0.23405269849484717,-1.968393543905312,1.3848989132498506,0.03560434679143364,0.39051117036727157,0.010008714646709188,-0.2229574022488396,-0.12014567606486325,-0.6616825781270738,-0.6504436355879909,-0.12959788302247865,0.3952847075210472
0.5175887154309966,-0.621301119487712,-0.3790121232113205,-0.06512257528037313,-0.3066672581382813,1.2436358183582614,0.3354040631181305,0.010008714646709188,-0.2229574022488396,-0.12014567606486325,-0.6616825781270738,1.5374122295716144,-0.24205676262243814,0.3952847075210472
0.4234386575328571,-0.564626602843783,-0.37438176208103535,-0.9986756772325529,0.40038420879540537,1.021991647390282,0.20306414613550464,0.010008714646709188,-0.2229574022488396,-0.12014567606486325,1.2215678365422902,-0.6504436355879909,0.4389442305106595,0.3952847075210472
0.17434943355331556,-0.11919892035298824,-0.28364189368548703,-1.7603500665989111,1.1009391684124397,0.07893453525857397,-0.36001901271470205,0.010008714646709188,-0.2229574022488396,-0.12014567606486325,-0.6616825781270738,-0.6504436355879909,0.06408129851078903,0.3952847075210472
-0.1088204149348637,0.02567701023485296,-0.23334669845829922,-0.18341073341238476,-1.4761163121826182,-0.20549117840213216,-0.5298447075172956,0.010008714646709188,-0.2229574022488396,-0.12014567606486325,-0.6616825781270738,-0.6504436355879909,-0.11085473642248514,0.3952847075210472
-0.4483788349551983,0.010231693349649205,-0.23919449135397514,0.8735249830932326,0.6087090920350748,-0.6047334635776483,-0.7682253996209231,0.010008714646709188,-0.2229574022488396,-0.12014567606486325,-0.6616825781270738,-0.6504436355879909,-0.14834102962247217,0.3952847075210472
-0.7700198151700669,-0.34795845725580543,-0.3422879156970204,0.23896537036430904,-0.8382063761044348,-0.728844946811443,-0.8423302286178644,0.010008714646709188,-0.2229574022488396,-0.12014567606486325,-0.6616825781270738,-0.6504436355879909,-0.0639968699225005,-2.5298221281347035
-0.918414579861925,-0.48474581359847724,-0.3652046982771263,1.4856028202333986,1.055406657120841,-0.728844946811443,-0.8423302286178644,0.010008714646709188,-0.2229574022488396,-0.12014567606486325,1.2215678365422902,1.5374122295716144,1.4823127245769672,-2.5298221281347035
-1.014558343150734,-0.6919243550320046,-0.38259745377917176,1.7803919676943338,1.4730696628569575,-0.728844946811443,-0.8423302286178644,0.010008714646709188,-0.2229574022488396,-0.12014567606486325,1.2215678365422902,-0.6504436355879909,-0.7356262897556016,-2.5298221281347035
-1.037358494378689,-0.7610696737547553,-0.3837592765353673,-0.13180275107504824,-0.8857905995964451,-0.728844946811443,-0.8423302286178644,0.010008714646709188,-0.2229574022488396,-0.12014567606486325,-0.6616825781270738,-0.6504436355879909,-0.07336844322249754,-2.5298221281347035
-1.037358494378689,-0.7610696737547553,-0.3837592765353673,-0.13180275107504824,-0.8857905995964451,-0.728844946811443,-0.8423302286178644,0.010008714646709188,-0.2229574022488396,-0.12014567606486325,-0.6616825781270738,1.5374122295716144,-0.05462529662250402,-2.5298221281347035
0.3531940454097839,3.4560163272347,3.937787604494517,1.7803919676939652,1.473069662856529,-0.728844946811443,3.6772300647339633,0.010008714646709188,-0.2229574022488396,-0.12014567606486325,-2.5449329927964377,1.5374122295716144,-1.4978475848220054,0.3952847075210472
1.629807503768841,3.9174190436345,4.93518555577786,-0.11376900316511317,-1.86006733992903,-0.728844946811443,3.306906374290952,0.010008714646709188,-0.2229574022488396,-0.12014567606486325,1.2215678365422902,1.5374122295716144,0.4077056528440038,0.3952847075210472
2.5469167682284444,3.063318150758368,3.170410477407915,-1.5136506247120574,0.7314680553603568,-0.728844946811443,2.13844935195608,0.010008714646709188,-0.2229574022488396,-0.12014567606486325,1.2215678365422902,-0.6504436355879909,-0.8855714625555504,0.3952847075210472
3.417871565357944,0.8079715194474033,0.21449113235158535,-8.374659637639063e-05,-1.52871170503387,4.012153944844633,1.9884385526966202,0.010008714646709188,-0.2229574022488396,-0.12014567606486325,-0.6616825781270738,-0.6504436355879909,-0.7981034450889144,0.3952847075210472
2.876928443461188,0.4561315522070409,-0.023728957638277603,1.6703889105575755,1.334897565903335,3.8959614402028078,1.9190620094239166,-4.448789600708762,4.34509150294982,0.6240984995347323,-0.6616825781270738,1.5374122295716144,-0.23580904708910844,0.3952847075210472
1.9980766891043265,0.7090108797861607,0.14140669548812193,-1.9656518820680664,1.387465203407171,1.4363510013971648,0.45047097966855276,0.010008714646709188,-0.2229574022488396,-0.12014567606486325,1.2215678365422902,-0.6504436355879909,1.8446802255101753,0.3952847075210472
1.4051745043448858,0.9976385509632518,0.36786690945717093,-0.1803125096458155,-1.7803012985237825,1.035960081637104,0.21140445763807406,0.010008714646709188,-0.2229574022488396,-0.12014567606486325,-0.6616825781270738,1.5374122295716144,1.957139105110137,0.3952847075210472
0.7845436929982487,0.8739149584391083,0.26583421178248506,1.4997182565398985,1.1518951802007593,0.6337811539493485,-0.02872965313016398,0.010008714646709188,-0.2229574022488396,-0.12014567606486325,1.2215678365422902,1.5374122295716144,2.3257543215766767,0.3952847075210472
0.1643724878039593,-0.29664191868638295,-0.3313448733468037,0.5096288914439224,-0.4452991117642882,0.5200904924181691,-0.09661238897215342,0.010008714646709188,-0.2229574022488396,-0.12014567606486325,1.2215678365422902,-0.6504436355879909,-0.9168100402222058,0.3952847075210472
-0.024926534578745985,-0.4554605965836263,-0.3610634077544658,1.1494940022771578,0.776434513305955,0.4059112377425458,-0.16478685536537555,0.010008714646709188,-0.2229574022488396,-0.12014567606486325,-0.6616825781270738,-0.6504436355879909,-1.8164810770218969,0.3952847075210472
-0.15859286026353256,-0.6041035250603423,-0.377772041349078,-0.0037017865103391185,-0.3483376467265021,0.3083541209007781,-0.22303652955044156,0.010008714646709188,-0.2229574022488396,-0.12014567606486325,-0.6616825781270738,1.5374122295716144,-2.078885129421805,0.3952847075210472
-0.2415555087479384,-0.6010327807822302,-0.3775354921981477,-0.23310028343347763,-0.08356422577478868,0.1821781249405636,-0.298374043538063,0.010008714646709188,-0.2229574022488396,-0.12014567606486325,1.2215678365422902,-0.6504436355879909,-1.3916364207553757,0.3952847075210472
-0.3269128799439464,-0.5913726742426858,-0.37676145858889754,-0.34279587346623847,-0.37465300625460335,0.05545191006154229,-0.37404008376537384,0.010008714646709188,-0.2229574022488396,-0.12014567606486325,-0.6616825781270738,-0.6504436355879909,-1.5040953003553372,0.3952847075210472
-0.43888266926687924,-0.5173860615872745,-0.3693292556303118,-0.8787776359927303,0.2622412863674101,-0.20359071210440954,-0.5287099718237266,0.010008714646709188,-0.2229574022488396,-0.12014567606486325,-0.6616825781270738,1.5374122295716144,-0.8668283159555569,0.3952847075210472
-0.5531822080189986,-0.5064689859229127,-0.3680073579610405,-0.07269915210896877,-1.0678875930684666,-0.31382970347975014,-0.5945317748657233,0.010008714646709188,-0.2229574022488396,-0.12014567606486325,1.2215678365422902,-0.6504436355879909,1.1636792323770762,0.3952847075210472
-0.6656964274279761,-0.5298982118557126,-0.37077305666093435,0.7222727714071854,0.3832314905159822,-0.43028740285903516,-0.6640666613485657,0.010008714646709188,-0.2229574022488396,-0.12014567606486325,-0.6616825781270738,-0.6504436355879909,0.6763574207772439,0.3952847075210472
-0.7763330756865606,-0.5961952842660726,-0.3771535481290901,-0.17999109649285097,-0.30439809785618765,-0.5467931530568161,-0.7336302381475259,0.010008714646709188,-0.2229574022488396,-0.12014567606486325,-0.6616825781270738,-0.6504436355879909,0.264008195577387,0.3952847075210472
-0.7948150368481212,-0.6339232160880534,-0.3798308119428524,-0.9104619891227368,-0.3624198856750254,-0.5467931530568161,-0.5887798616113953,0.010008714646709188,-0.2229574022488396,-0.12014567606486325,1.2215678365422902,-0.6504436355879909,0.4077056528440038,0.3952847075210472
-0.777894877777563,-0.6020881602408515,-0.3776173082826214,-0.3832241045430888,-0.4839314233103102,-0.5467931530568161,-0.5395380389914066,0.010008714646709188,-0.2229574022488396,-0.12014567606486325,-0.6616825781270738,-0.6504436355879909,0.5201645324439633,0.3952847075210472
-0.7706151810040902,-0.6062350147783399,-0.37793354219102604,-0.7761226267605973,0.14985689983535022,-0.5467931530568161,-0.6404062619435655,0.010008714646709188,-0.2229574022488396,-0.12014567606486325,-0.6616825781270738,1.5374122295716144,0.8575411712438483,0.3952847075210472
-0.7729869742637236,-0.5999512088307691,-0.37745108394725996,-0.8624526199135045,0.22629218374078833,-0.5597038910792989,-0.7413390174518398,0.010008714646709188,-0.2229574022488396,-0.12014567606486325,1.2215678365422902,-0.6504436355879909,-0.1608364606891338,0.3952847075210472
-0.5190660939607937,0.0714979445325906,-0.21531613058989338,1.587292900948134,1.2501256509862715,-0.5597038910792989,0.23651130534057882,0.010008714646709188,-0.2229574022488396,-0.12014567606486325,1.2215678365422902,-0.6504436355879909,0.43269651497732925,0.3952847075210472
-0.3130904504794895,0.18731002826252152,-0.1651951842941521,-0.12806563250914996,-1.7581042021409559,-0.5597038910792989,0.12992198717726308,0.010008714646709188,-0.2229574022488396,-0.12014567606486325,-0.6616825781270738,-0.6504436355879909,0.057833582977457124,0.3952847075210472
-0.22541901867957218,0.08413523189174689,-0.2101638292927508,-0.6495847167291545,-0.7201924349163559,-0.5597038910792989,-0.355457429960221,0.010008714646709188,-0.2229574022488396,-0.12014567606486325,-0.6616825781270738,-0.6504436355879909,-0.24205676262243814,0.3952847075210472
0.1883653268452791,-0.023197694752399453,-0.2514542484798461,-0.5474724965156592,0.5478910385804715,0.08657431810694553,0.6035388239342666,0.010008714646709188,-0.2229574022488396,-0.12014567606486325,1.2215678365422902,-0.6504436355879909,0.7700731537772121,0.3952847075210472
0.2817335140031898,0.06538437628702712,-0.21778081396601515,-1.0041598964711909,-0.15946176065853795,0.08657431810694553,0.5399756759894841,0.010008714646709188,-0.2229574022488396,-0.12014567606486325,-0.6616825781270738,-0.6504436355879909,0.2827513421773805,0.3952847075210472
0.38848256720935964,0.08013358490732739,-0.2118037233142198,-1.9688683611883389,1.385447399531775,0.08657431810694553,0.476876718062076,-4.448789600708762,4.34509150294982,1.4377220214535558,-0.6616825781270738,-0.6504436355879909,-0.12959788302247865,0.3952847075210472
0.6264414824664862,-0.6117119695982767,-0.37833839930792196,-0.06589789362261791,-0.3064454427739357,1.381891775697087,0.4179543139849442,0.010008714646709188,-0.2229574022488396,-0.12014567606486325,-0.6616825781270738,1.5374122295716144,-0.24205676262243814,0.3952847075210472
0.5257838987871337,-0.5509970821083668,-0.37303536804037646,-0.9997603104053894,0.4010288174855738,1.144785981127743,0.27638252785419254,0.010008714646709188,-0.2229574022488396,-0.12014567606486325,1.2215678365422902,-0.6504436355879909,0.4389442305106595,0.3952847075210472
0.25931294612256667,-0.07432224658520242,-0.2691530020702853,-1.7604980627087108,1.1011219722465257,0.1357330234859077,-0.32610561366650453,0.010008714646709188,-0.2229574022488396,-0.12014567606486325,-0.6616825781270738,-0.6504436355879909,0.06408129851078903,0.3952847075210472
-0.043666631590490175,0.08074755588641112,-0.21155262051196483,-0.18351248112172164,-1.4760570215669544,-0.16867859566844054,-0.5078645484108484,0.010008714646709188,-0.2229574022488396,-0.12014567606486325,-0.6616825781270738,-0.6504436355879909,-0.11085473642248514,0.3952847075210472
-0.40701951864199004,0.06430114705272555,-0.21821562312741763,0.8731888314171388,0.6084634947576807,-0.5960014978329907,-0.7630116932703506,0.010008714646709188,-0.2229574022488396,-0.12014567606486325,-0.6616825781270738,-0.6504436355879909,-0.14834102962247217,0.3952847075210472
-0.7512186804706908,-0.31890992089823034,-0.3362506220669498,0.23891868763429625,-0.8382693792702266,-0.728844946811443,-0.8423302286178644,0.010008714646709188,-0.2229574022488396,-0.12014567606486325,-0.6616825781270738,-0.6504436355879909,-0.0639968699225005,-2.5298221281347035
-0.9100477264019643,-0.46530937001920364,-0.3625026628370481,1.485594234559375,1.0553934895762485,-0.728844946811443,-0.8423302286178644,0.010008714646709188,-0.2229574022488396,-0.12014567606486325,1.2215678365422902,1.5374122295716144,1.4823127245769672,-2.5298221281347035
-1.0129542197101928,-0.6870595791162302,-0.3824282208277549,1.7803919676939648,1.4730696628565256,-0.728844946811443,-0.8423302286178644,0.010008714646709188,-0.2229574022488396,-0.12014567606486325,1.2215678365422902,-0.6504436355879909,-0.7356262897556016,-2.5298221281347035
-1.037358494378689,-0.7610696737547553,-0.3837592765353673,-0.13180275107504824,-0.8857905995964451,-0.728844946811443,-0.8423302286178644,0.010008714646709188,-0.2229574022488396,-0.12014567606486325,-0.6616825781270738,-0.6504436355879909,-0.07336844322249754,-2.5298221281347035
-1.037358494378689,-0.7610696737547553,-0.3837592765353673,-0.13180275107504824,-0.8857905995964451,-0.728844946811443,-0.8423302286178644,0.010008714646709188,-0.2229574022488396,-0.12014567606486325,-0.6616825781270738,1.5374122295716144,-0.05462529662250402,-2.5298221281347035
0.2611402793223223,3.176847696637802,3.3845584305689975,1.7803919676939648,1.4730696628565279,-0.728844946811443,3.3780378126198,0.010008714646709188,-0.2229574022488396,-0.12014567606486325,-2.5449329927964377,1.5374122295716144,-1.4978475848220054,0.3952847075210472
1.4456525123887454,3.595617604069273,4.2286420448965405,-0.1109950591376133,-1.8544337280819687,-0.728844946811443,3.0075598707313183,0.010008714646709188,-0.2229574022488396,-0.12014567606486325,1.2215678365422902,1.5374122295716144,0.4077056528440038,0.3952847075210472
2.295838849847212,2.800535803742558,2.6987609435169237,-1.5000355772387897,0.7175042247181554,-0.728844946811443,1.920937107769158,0.010008714646709188,-0.2229574022488396,-0.12014567606486325,1.2215678365422902,-0.6504436355879909,-0.8855714625555504,0.3952847075210472
3.1030961501819023,0.7155560252866859,0.14609343118906973,0.020681340475624813,-1.4900906794730382,3.665419805827602,1.7814095702868573,0.010008714646709188,-0.2229574022488396,-0.12014567606486325,-0.6616825781270738,-0.6504436355879909,-0.7981034450889144,0.3952847075210472
2.592010478581454,0.3708921464138878,-0.07238848508406483,1.670383547180076,1.334885672412271,3.557398904922217,1.7169121508610503,0.010008714646709188,-0.2229574022488396,-0.12014567606486325,-0.6616825781270738,1.5374122295716144,-0.23580904708910844,0.3952847075210472
1.7762426619073095,0.6014288195475783,0.06735479512348135,-1.9651112412153788,1.3869012286672564,1.2783968471162588,0.35615927468076,0.010008714646709188,-0.2229574022488396,-0.12014567606486325,1.2215678365422902,-0.6504436355879909,1.8446802255101753,0.3952847075210472
1.2265273463526787,0.8688567630872497,0.26182109990302277,-0.1804466573823757,-1.779918171589924,0.9067540377924009,0.13425775424684516,0.010008714646709188,-0.2229574022488396,-0.12014567606486325,-0.6616825781270738,1.5374122295716144,1.957139105110137,0.3952847075210472
0.6511870484207352,0.7543090071092843,0.1742695819573042,1.4990160695383885,1.1510924197835206,0.5335836602430463,-0.08855585086434611,0.010008714646709188,-0.2229574022488396,-0.12014567606486325,1.2215678365422902,1.5374122295716144,2.3257543215766767,0.3952847075210472
0.0763198996429809,-0.33009380258356674,-0.33862357205279586,0.5100079974766438,-0.4448147894509182,0.4281383231017134,-0.15151544552702279,0.010008714646709188,-0.2229574022488396,-0.12014567606486325,1.2215678365422902,-0.6504436355879909,-0.9168100402222058,0.3952847075210472
-0.09932433960297084,-0.4775564988440039,-0.3642266429207886,1.1500667033892056,0.7769369550790817,0.3222862127465434,-0.21471791746959748,0.010008714646709188,-0.2229574022488396,-0.12014567606486325,-0.6616825781270738,-0.6504436355879909,-1.8164810770218969,0.3952847075210472
-0.22330821987134933,-0.6155350158441497,-0.37861235945368843,-0.0032280926172165783,-0.34809733936995957,0.2318539845716059,-0.2687134433476684,0.010008714646709188,-0.2229574022488396,-0.12014567606486325,-0.6616825781270738,1.5374122295716144,-2.078885129421805,0.3952847075210472
-0.3002223216903421,-0.6127213292343779,-0.37841142032957625,-0.232879471011334,-0.08358407133677857,0.1149055925885786,-0.3385413139327304,0.010008714646709188,-0.2229574022488396,-0.12014567606486325,1.2215678365422902,-0.6504436355879909,-1.3916364207553757,0.3952847075210472
-0.37933343146626697,-0.6038030194155534,-0.37774909474265694,-0.34231505367152604,-0.37496177840236805,-0.0024990475189976564,-0.4086416024147422,0.010008714646709188,-0.2229574022488396,-0.12014567606486325,-0.6616825781270738,-0.6504436355879909,-1.5040953003553372,0.3952847075210472
-0.4830784281833763,-0.5353114441124897,-0.3713741201577806,-0.8782367105974095,0.26199093596339745,-0.2424444897787024,-0.5519088932725572,0.010008714646709188,-0.2229574022488396,-0.12014567606486325,-0.6616825781270738,1.5374122295716144,-0.8668283159555569,0.3952847075210472
-0.5889677867590994,-0.5252328763095646,-0.3702436105537812,-0.07259046986781119,-1.067815236270465,-0.3445494445159234,-0.6128740031350256,0.010008714646709188,-0.2229574022488396,-0.12014567606486325,1.2215678365422902,-0.6504436355879909,1.1636792323770762,0.3952847075210472
-0.6931860893102187,-0.5469518520930803,-0.3726183850080898,0.7224345211831215,0.38332421100102354,-0.4524015265794767,-0.6772706237380371,0.010008714646709188,-0.2229574022488396,-0.12014567606486325,-0.6616825781270738,-0.6504436355879909,0.6763574207772439,0.3952847075210472
-0.7956545228430763,-0.608381004472285,-0.3780939110396467,-0.17974812063375173,-0.30443286761218835,-0.5602808421771419,-0.7416835050152084,0.010008714646709188,-0.2229574022488396,-0.12014567606486325,-0.6616825781270738,-0.6504436355879909,0.264008195577387,0.3952847075210472
-0.8049833751372317,-0.6287996197234679,-0.37950782360840285,-0.6141394676028364,-0.449648685887437,-0.5602808421771419,-0.5822294379515952,0.010008714646709188,-0.2229574022488396,-0.12014567606486325,1.2215678365422902,-0.6504436355879909,0.4077056528440038,0.3952847075210472
-0.7888288833124527,-0.6034322178966047,-0.3777207198552678,-0.5341226353758953,-0.9036782935835883,-0.5602808421771419,-0.5603688314702082,0.010008714646709188,-0.2229574022488396,-0.12014567606486325,-0.6616825781270738,-0.6504436355879909,0.5201645324439633,0.3952847075210472
-0.7817619623672075,-0.6082885259417398,-0.3780870463084192,-0.9218047555575318,-0.1886003509016175,-0.5602808421771419,-0.6543017862532976,0.010008714646709188,-0.2229574022488396,-0.12014567606486325,-0.6616825781270738,1.5374122295716144,0.8575411712438483,0.3952847075210472
-0.7837948190784321,-0.6028862015115235,-0.3776788153330068,-0.9844335475515209,-0.08981579226893313,-0.5713465960447077,-0.7482906760578224,0.010008714646709188,-0.2229574022488396,-0.12014567606486325,1.2215678365422902,-0.6504436355879909,-0.1608364606891338,0.3952847075210472
-0.555156274847642,0.012937913084953595,-0.2381782597644885,1.5866530566242214,1.2493986622825244,-0.5713465960447077,0.16088932704841735,0.010008714646709188,-0.2229574022488396,-0.12014567606486325,1.2215678365422902,-0.6504436355879909,0.43269651497732925,0.3952847075210472
-0.36375463899842864,0.12061175006652597,-0.19485678140125948,-0.12811905274627153,-1.757784386426298,-0.5713465960447077,0.06172289733154939,0.010008714646709188,-0.2229574022488396,-0.12014567606486325,-0.6616825781270738,-0.6504436355879909,0.057833582977457124,0.3952847075210472
-0.2823309615877128,0.024789206012778713,-0.23368597304239144,-0.6490735214674651,-0.7209572200167578,-0.5713465960447077,-0.38965934460910423,0.010008714646709188,-0.2229574022488396,-0.12014567606486325,-0.6616825781270738,-0.6504436355879909,-0.24205676262243814,0.3952847075210472
0.10094021162088705,-0.07823238856487288,-0.2704543569346031,-0.5672620337592722,0.5503892787255207,0.029292621165390578,0.4974135504674582,0.010008714646709188,-0.2229574022488396,-0.12014567606486325,1.2215678365422902,-0.6504436355879909,0.7700731537772121,0.3952847075210472
0.18632749219456166,0.0029797707971303,-0.24190016301693934,-1.0132324403554946,-0.14277800535911814,0.029292621165390578,0.4384142330090136,0.010008714646709188,-0.2229574022488396,-0.12014567606486325,-0.6616825781270738,-0.6504436355879909,0.2827513421773805,0.3952847075210472
0.2842090447623789,0.01689440139926561,-0.23668612521148483,-1.9683348581396072,1.3848311272178975,0.029292621165390578,0.37985656418633834,0.010008714646709188,-0.2229574022488396,-0.12014567606486325,-0.6616825781270738,-0.6504436355879909,-0.12959788302247865,0.3952847075210472
0.5041592181842365,-0.6224859891538991,-0.3790922687981185,-0.06502719127917564,-0.30669444215917563,1.226580392987067,0.3252205623841846,0.010008714646709188,-0.2229574022488396,-0.12014567606486325,-0.6616825781270738,1.5374122295716144,-0.24205676262243814,0.3952847075210472
0.4108127938123014,-0.5663092657555513,-0.37454172309322015,-0.9985422993868236,0.4003050241385268,1.0068442784168725,0.19401991301314647,0.010008714646709188,-0.2229574022488396,-0.12014567606486325,1.2215678365422902,-0.6504436355879909,0.4389442305106595,0.3952847075210472
0.1638685338938107,-0.12473604407112641,-0.28536177644327504,-1.760331845573673,1.1009166592706428,0.07192951366021715,-0.36420159045964967,4.62804982697916,4.508236106706914,4.331684286316712,-0.6616825781270738,-0.6504436355879909,0.06408129851078903,0.3952847075210472
-0.1168571980868175,0.018882726548653087,-0.23593338366183178,-0.1833982248172842,-1.4761235693995203,-0.21003118971894164,-0.5325554700793914,0.010008714646709188,-0.2229574022488396,-0.12014567606486325,-0.6616825781270738,-0.6504436355879909,-0.11085473642248514,0.3952847075210472
-0.45348024605032383,0.0035616797117080097,-0.24168399764035076,0.8735662658085456,0.6087392556767907,-0.6058103379219884,-0.7688683827443152,0.010008714646709188,-0.2229574022488396,-0.12014567606486325,-0.6616825781270738,-0.6504436355879909,-0.14834102962247217,0.3952847075210472
-0.7723385481897963,-0.35154103757752103,-0.34300409207779126,0.2389711090804047,-0.8381986306713802,-0.728844946811443,-0.8423302286178644,0.010008714646709188,-0.2229574022488396,-0.12014567606486325,-0.6616825781270738,-0.6504436355879909,-0.0639968699225005,-2.5298221281347035
-0.9194464412108325,-0.48714286663513784,-0.3655252163582596,1.485603875347885,1.055408275309685,-0.728844946811443,-0.8423302286178644,0.010008714646709188,-0.2229574022488396,-0.12014567606486325,1.2215678365422902,1.5374122295716144,1.4823127245769672,-2.5298221281347035
-1.0147561725317444,-0.692524306122563,-0.38261752781638125,1.7803919676939644,1.473069662856529,-0.728844946811443,-0.8423302286178644,0.010008714646709188,-0.2229574022488396,-0.12014567606486325,1.2215678365422902,-0.6504436355879909,-0.7356262897556016,-2.5298221281347035
-1.037358494378689,-0.7610696737547553,-0.3837592765353673,-0.13180275107504824,-0.8857905995964451,-0.728844946811443,-0.8423302286178644,0.010008714646709188,-0.2229574022488396,-0.12014567606486325,-0.6616825781270738,-0.6504436355879909,-0.07336844322249754,-2.5298221281347035
-1.037358494378689,-0.7610696737547553,-0.3837592765353673,-0.13180275107504824,-0.8857905995964451,-0.728844946811443,-0.8423302286178644,0.010008714646709188,-0.2229574022488396,-0.12014567606486325,-0.6616825781270738,1.5374122295716144,-0.05462529662250402,-2.5298221281347035
0.25038309266271436,3.1442247068734863,3.3223811085484924,1.7803919676939648,1.4730696628565279,-0.728844946811443,3.3430749095263748,0.010008714646709188,-0.2229574022488396,-0.12014567606486325,-2.5449329927964377,1.5374122295716144,-1.4978475848220054,0.3952847075210472
1.4366060699238428,3.57791346438356,4.191231657009782,-0.11515604960613314,-1.8628848913292515,-0.728844946811443,3.0131201148164837,-3.811818412800837,3.6925130879214394,0.33675484335183686,1.2215678365422902,1.5374122295716144,0.4077056528440038,0.3952847075210472
2.2880340920612396,2.7855962294603165,2.6729551905852547,-1.517978547527173,0.734525547709691,-0.728844946811443,1.92497281919407,0.010008714646709188,-0.2229574022488396,-0.12014567606486325,1.2215678365422902,-0.6504436355879909,-0.8855714625555504,0.3952847075210472
3.096472977891495,0.6902489426282454,0.12808734977640185,-0.011670053039420538,-1.550183938523298,3.671851707395085,1.7852499479325392,0.010008714646709188,-0.2229574022488396,-0.12014567606486325,-0.6616825781270738,-0.6504436355879909,-0.7981034450889144,0.3952847075210472
2.59729812407927,0.37248012599749036,-0.07151425545481135,1.6703836522228412,1.3348858985561827,3.563678638290891,1.7206616714961018,0.010008714646709188,-0.2229574022488396,-0.12014567606486325,-0.6616825781270738,1.5374122295716144,-0.23580904708910844,0.3952847075210472
1.7803579703403438,0.6034243164668205,0.06867715394096914,-1.9651210958693706,1.3869115058727615,1.281327639408407,0.35790920027971584,0.010008714646709188,-0.2229574022488396,-0.12014567606486325,1.2215678365422902,-0.6504436355879909,1.8446802255101753,0.3952847075210472
1.2298412274551196,0.8712453654496394,0.26371463899467046,-0.18044422664938495,-1.7799251248980499,0.9091505566558307,0.1356886743836053,0.010008714646709188,-0.2229574022488396,-0.12014567606486325,-0.6616825781270738,1.5374122295716144,1.957139105110137,0.3952847075210472
0.6536606104371345,0.7565276382433592,0.175904772583338,1.4990288112954726,1.1511069842958885,0.5354413268804381,-0.08744667011079793,0.010008714646709188,-0.2229574022488396,-0.12014567606486325,1.2215678365422902,1.5374122295716144,2.3257543215766767,0.3952847075210472
0.07795297514520666,-0.32947231879580546,-0.338493303349364,0.5100011528275411,-0.4448235218603765,0.4298429101536166,-0.15049766595739394,0.010008714646709188,-0.2229574022488396,-0.12014567606486325,1.2215678365422902,-0.6504436355879909,-0.9168100402222058,0.3952847075210472
-0.09794491176772102,-0.47714615063771837,-0.3641700601419953,1.1500563079095028,0.7769278322159827,0.32383628664555236,-0.21379239504229477,0.010008714646709188,-0.2229574022488396,-0.12014567606486325,-0.6616825781270738,-0.6504436355879909,-1.8164810770218969,0.3952847075210472
-0.2221085734678892,-0.6153228710201989,-0.378597343269155,-0.0032366902312366786,-0.3481017047334098,0.2332718721999031,-0.2678668470658891,0.010008714646709188,-0.2229574022488396,-0.12014567606486325,-0.6616825781270738,1.5374122295716144,-2.078885129421805,0.3952847075210472
-0.2991349114329093,-0.612504476134871,-0.37839577409082614,-0.23288346403639396,-0.08358371726480295,0.11615230737671252,-0.3377969220056064,0.010008714646709188,-0.2229574022488396,-0.12014567606486325,1.2215678365422902,-0.6504436355879909,-1.3916364207553757,0.3952847075210472
-0.3783618822322692,-0.6035724742535137,-0.37773146056629303,-0.34232372860751686,-0.3749562087881503,-0.001425144155269778,-0.4080003932127026,0.010008714646709188,-0.2229574022488396,-0.12014567606486325,-0.6616825781270738,-0.6504436355879909,-1.5040953003553372,0.3952847075210472
-0.4822593828340524,-0.5349791198188203,-0.3713376305226514,-0.8782465636913276,0.26199553114304525,-0.24172456315094015,-0.551479037482822,0.010008714646709188,-0.2229574022488396,-0.12014567606486325,-0.6616825781270738,1.5374122295716144,-0.8668283159555569,0.3952847075210472
-0.5883046567415829,-0.5248850695823356,-0.3702037159661021,-0.0725924729164116,-1.0678165840170495,-0.34398027420077126,-0.6125341613429891,0.010008714646709188,-0.2229574022488396,-0.12014567606486325,1.2215678365422902,-0.6504436355879909,1.1636792323770762,0.3952847075210472
-0.6926767243341488,-0.5466357757615311,-0.37258546882030685,0.7224316198739303,0.3833225372456872,-0.45199182410640854,-0.6770259974479045,0.010008714646709188,-0.2229574022488396,-0.12014567606486325,-0.6616825781270738,-0.6504436355879909,0.6763574207772439,0.3952847075210472
-0.7952965376492951,-0.6081551947309423,-0.37807714174443624,-0.17975253274889058,-0.30443218786373377,-0.5600309670895388,-0.74153430890414,0.010008714646709188,-0.2229574022488396,-0.12014567606486325,-0.6616825781270738,-0.6504436355879909,0.264008195577387,0.3952847075210472
-0.8162517994719163,-0.6491247636008962,-0.380714026077538,-0.9806143559147259,-0.21790314414968173,-0.5600309670895388,-0.6195876249402369,0.010008714646709188,-0.2229574022488396,-0.12014567606486325,1.2215678365422902,-0.6504436355879909,0.4077056528440038,0.3952847075210472
-0.8000861156991053,-0.6159801071769736,-0.378643793136153,-0.20591513388871074,-0.20334112662699383,-0.5600309670895388,-0.5599926137178992,0.010008714646709188,-0.2229574022488396,-0.12014567606486325,-0.6616825781270738,-0.6504436355879909,0.5201645324439633,0.3952847075210472
-0.7930172481209276,-0.6194922584164309,-0.37888845438948643,-0.616796750288314,0.35476332189312765,-0.5600309670895388,-0.6540508330358087,0.010008714646709188,-0.2229574022488396,-0.12014567606486325,-0.6616825781270738,1.5374122295716144,0.8575411712438483,0.3952847075210472
-0.7950573823655581,-0.6141439804268632,-0.3785134997059543,-0.7103576395762089,0.40229054733686015,-0.5711363358463387,-0.748165133314806,0.010008714646709188,-0.2229574022488396,-0.12014567606486325,1.2215678365422902,-0.6504436355879909,-0.1608364606891338,0.3952847075210472
-0.5544912668377653,0.01403489563552581,-0.23776531031233258,1.5866848726479121,1.2494347606190208,-0.5711363358463387,0.16229801587898077,0.010008714646709188,-0.2229574022488396,-0.12014567606486325,1.2215678365422902,-0.6504436355879909,0.43269651497732925,0.3952847075210472
-0.3628145353440948,0.12186026143480624,-0.19432140911677467,-0.12811524624304618,-1.7577979703299615,-0.5711363358463387,0.06299322826260159,0.010008714646709188,-0.2229574022488396,-0.12014567606486325,-0.6616825781270738,-0.6504436355879909,0.057833582977457124,0.3952847075210472
-0.28127208581711094,0.025897733452641476,-0.23326228957292894,-0.6490911495714566,-0.7209290841298202,-0.5711363358463387,-0.38902235941850194,0.010008714646709188,-0.2229574022488396,-0.12014567606486325,-0.6616825781270738,-0.6504436355879909,-0.24205676262243814,0.3952847075210472
0.10256594083624986,-0.0772135504000545,-0.2701159878958335,-0.5669021956051549,0.5503422814796841,0.030359450113971953,0.49938147474427175,0.010008714646709188,-0.2229574022488396,-0.12014567606486325,1.2215678365422902,-0.6504436355879909,0.7700731537772121,0.3952847075210472
0.18809918879743615,0.004133762365382159,-0.24147132206060512,-1.013066991454828,-0.14308199501347743,0.030359450113971953,0.44029734361787254,0.010008714646709188,-0.2229574022488396,-0.12014567606486325,-0.6616825781270738,-0.6504436355879909,0.2827513421773805,0.3952847075210472
0.2861433170048589,0.018064372330818305,-0.2362434294486297,-1.968344585656373,1.3848423627366881,0.030359450113971953,0.3816552968745184,0.010008714646709188,-0.2229574022488396,-0.12014567606486325,-0.6616825781270738,-0.6504436355879909,-0.12959788302247865,0.3952847075210472
0.5064264532717562,-0.6222858558288404,-0.37907877950164487,-0.06504299875786733,-0.30668998000276754,1.2294596885349711,0.32693974016410976,0.010008714646709188,-0.2229574022488396,-0.12014567606486325,-0.6616825781270738,1.5374122295716144,-0.24205676262243814,0.3952847075210472
0.4129443157144824,-0.5660251337173903,-0.3745148088689366,-0.9985643319129445,0.4003181009782719,1.0094014290609656,0.19554674361948912,0.010008714646709188,-0.2229574022488396,-0.12014567606486325,1.2215678365422902,-0.6504436355879909,0.4389442305106595,0.3952847075210472
0.16563790476534634,-0.12380121191938105,-0.2850724542709815,-1.7603348832014598,1.100920415617293,0.07311201446485113,-0.3634955395960799,0.010008714646709188,-0.2229574022488396,-0.12014567606486325,-0.6616825781270738,-0.6504436355879909,0.06408129851078903,0.3952847075210472
-0.1155004611244931,0.020029774731823036,-0.235498259397246,-0.18340030422388545,-1.4761223815235942,-0.2092648068961092,-0.532097876095721,0.010008714646709188,-0.2229574022488396,-0.12014567606486325,-0.6616825781270738,-0.6504436355879909,-0.11085473642248514,0.3952847075210472
-0.4526190612049167,0.004687711648444901,-0.2412652361059416,0.8735594301828659,0.6087342629014074,-0.6056285555456044,-0.7687598436183166,0.010008714646709188,-0.2229574022488396,-0.12014567606486325,-0.6616825781270738,-0.6504436355879909,-0.14834102962247217,0.3952847075210472
-0.7719471298791114,-0.35093627119306964,-0.3428836337644022,0.23897015431039478,-0.838199919505505,-0.728844946811443,-0.8423302286178644,0.010008714646709188,-0.2229574022488396,-0.12014567606486325,-0.6616825781270738,-0.6504436355879909,-0.0639968699225005,-2.5298221281347035
-0.9192722566038305,-0.48673822876795086,-0.3654713067702337,1.485603699989563,1.0554080063693636,-0.728844946811443,-0.8423302286178644,0.010008714646709188,-0.2229574022488396,-0.12014567606486325,1.2215678365422902,1.5374122295716144,1.4823127245769672,-2.5298221281347035
-1.0147227778323664,-0.6924230310429749,-0.38261415147986244,1.7803919676939644,1.47306966285653,-0.728844946811443,-0.8423302286178644,0.010008714646709188,-0.2229574022488396,-0.12014567606486325,1.2215678365422902,-0.6504436355879909,-0.7356262897556016,-2.5298221281347035
-1.037358494378689,-0.7610696737547553,-0.3837592765353673,-0.13180275107504824,-0.8857905995964451,-0.728844946811443,-0.8423302286178644,0.010008714646709188,-0.2229574022488396,-0.12014567606486325,-0.6616825781270738,-0.6504436355879909,-0.07336844322249754,-2.5298221281347035
-1.037358494378689,-0.7610696737547553,-0.3837592765353673,-0.13180275107504824,-0.8857905995964451,-0.728844946811443,-0.8423302286178644,0.010008714646709188,-0.2229574022488396,-0.12014567606486325,-0.6616825781270738,1.5374122295716144,-0.05462529662250402,-2.5298221281347035
0.23241633637437253,3.089737476611564,3.219685344456459,1.7803919676939652,1.4730696628565265,-0.728844946811443,3.284679533589357,0.010008714646709188,-0.2229574022488396,-0.12014567606486325,-2.5449329927964377,1.5374122295716144,-1.4978475848220054,0.3952847075210472
1.4085872325583877,3.5278345333450787,4.086235397201375,-0.11731492358730757,-1.8672710682683782,-0.728844946811443,2.9804489390056217,0.010008714646709188,-0.2229574022488396,-0.12014567606486325,1.2215678365422902,1.5374122295716144,0.4077056528440038,0.3952847075210472
2.252718378337896,2.7444512352513897,2.6024444742677613,-1.527555343286613,0.7438397768697654,-0.728844946811443,1.901256582871473,0.010008714646709188,-0.2229574022488396,-0.12014567606486325,1.2215678365422902,-0.6504436355879909,-0.8855714625555504,0.3952847075210472
3.0542133936468394,0.6631773070650954,0.10917035747839371,-0.029210264242891713,-1.5826742152637874,3.6340530953961196,1.7626810477347343,4.46880703000218,4.34509150294982,0.6687760830537397,-0.6616825781270738,-0.6504436355879909,-0.7981034450889144,0.3952847075210472
2.5662256335426963,0.36315252146752225,-0.07663183402868362,1.670383017461693,1.3348845374316565,3.526773884008849,1.6986264783456575,-4.448789600708762,4.34509150294982,0.6886638829942537,-0.6616825781270738,1.5374122295716144,-0.23580904708910844,0.3952847075210472
1.7561735883222702,0.5916971667067059,0.060933639498384276,-1.965062090958315,1.386849972247852,1.2641047129797889,0.3476256875493473,0.010008714646709188,-0.2229574022488396,-0.12014567606486325,1.2215678365422902,-0.6504436355879909,1.8446802255101753,0.3952847075210472
1.2103664136690289,0.857207953210767,0.2526263657848518,-0.1804588073901154,-1.7798834385676219,0.8950666742342462,0.12727943076431422,4.787292623956142,4.6713807104640095,2.150815776419252,-0.6616825781270738,1.5374122295716144,1.957139105110137,0.3952847075210472
0.6391240172197559,0.7434892689734555,0.16632942594796618,1.4989524777407122,1.1510197136016265,0.5245236716431553,-0.09396541401205609,0.010008714646709188,-0.2229574022488396,-0.12014567606486325,1.2215678365422902,1.5374122295716144,2.3257543215766767,0.3952847075210472
0.06835564434936384,-0.3331239650793805,-0.3392560330461451,0.5100423760561299,-0.4447708363864259,0.41982478390701167,-0.15647931659141265,0.010008714646709188,-0.2229574022488396,-0.12014567606486325,1.2215678365422902,-0.6504436355879909,-0.9168100402222058,0.3952847075210472
-0.10605186296814889,-0.4795573662856994,-0.36450136949148826,1.1501184980862418,0.776982410550655,0.3147261670276731,-0.2192318905574108,0.010008714646709188,-0.2229574022488396,-0.12014567606486325,-0.6616825781270738,-0.6504436355879909,-1.8164810770218969,0.3952847075210472
-0.2291591034068033,-0.6165695356611725,-0.37868527216219544,-0.003185247989019006,-0.3480755909870653,0.22493856609579588,-0.2728425206114284,0.010008714646709188,-0.2229574022488396,-0.12014567606486325,-0.6616825781270738,1.5374122295716144,-2.078885129421805,0.3952847075210472
-0.30552587878830156,-0.6137788515278512,-0.37848739447328644,-0.23285949353388144,-0.0835858698372188,0.10882494808563474,-0.34217196203507416,0.010008714646709188,-0.2229574022488396,-0.12014567606486325,1.2215678365422902,-0.6504436355879909,-1.3916364207553757,0.3952847075210472
-0.38407195180014847,-0.6049273724914461,-0.37783472523231726,-0.34227156320109087,-0.37498969024891116,-0.007736837339474142,-0.41176899650314547,0.010008714646709188,-0.2229574022488396,-0.12014567606486325,-0.6616825781270738,-0.6504436355879909,-1.5040953003553372,0.3952847075210472
-0.4870731809651812,-0.536932234982675,-0.3715513158282948,-0.8781878772089726,0.2619683913289348,-0.24595587401518687,-0.5540054803216142,0.010008714646709188,-0.2229574022488396,-0.12014567606486325,-0.6616825781270738,1.5374122295716144,-0.8668283159555569,0.3952847075210472
-0.5922021203258369,-0.5269292014157745,-0.37043734206078555,-0.07258068828319333,-1.0678087366754094,-0.34732555901441914,-0.6145315732874943,0.010008714646709188,-0.2229574022488396,-0.12014567606486325,1.2215678365422902,-0.6504436355879909,1.1636792323770762,0.3952847075210472
-0.6956704698632533,-0.5484934320291258,-0.3727782292376661,0.7224491568449527,0.38333259135181347,-0.45439983934891626,-0.6784637818746034,0.010008714646709188,-0.2229574022488396,-0.12014567606486325,-0.6616825781270738,-0.6504436355879909,0.6763574207772439,0.3952847075210472
-0.7974005818980985,-0.6094823628440963,-0.37817534595333924,-0.17972619639474105,-0.30443594856002426,-0.5614996158382358,-0.7424112137766226,0.010008714646709188,-0.2229574022488396,-0.12014567606486325,-0.6616825781270738,-0.6504436355879909,0.264008195577387,0.3952847075210472
-0.8240233984569457,-0.6574138205856617,-0.3811483059807192,-0.9211303634925586,0.12168801283757852,-0.5614996158382358,-0.6405346988686905,0.010008714646709188,-0.2229574022488396,-0.12014567606486325,1.2215678365422902,-0.6504436355879909,0.4077056528440038,0.3952847075210472
-0.8079479272159816,-0.6206179394858079,-0.37896560221213377,0.11686789297793539,0.2372520891107299,-0.5614996158382358,-0.5622832335529676,0.010008714646709188,-0.2229574022488396,-0.12014567606486325,-0.6616825781270738,-0.6504436355879909,0.5201645324439633,0.3952847075210472
-0.8009068051816658,-0.6232834469522309,-0.37914582537138886,-0.29598317816497344,0.5669121566746029,-0.5614996158382358,-0.6555787957583799,0.010008714646709188,-0.2229574022488396,-0.12014567606486325,-0.6616825781270738,1.5374122295716144,0.8575411712438483,0.3952847075210472
-0.8029123228233153,-0.6181799430341189,-0.3787977382316299,-0.41005698781020283,0.5825068355500076,-0.5724165508474859,-0.7489295276421273,0.010008714646709188,-0.2229574022488396,-0.12014567606486325,1.2215678365422902,-0.6504436355879909,-0.1608364606891338,0.3952847075210472
-0.5584472035963237,0.007633081995394567,-0.24016696429993942,1.5866276549965177,1.2493697216396105,-0.5724165508474859,0.15402344572029797,0.010008714646709188,-0.2229574022488396,-0.12014567606486325,1.2215678365422902,-0.6504436355879909,0.43269651497732925,0.3952847075210472
-0.3683615507105962,0.11456811382511228,-0.19743763450756505,-0.12811928928192148,-1.7577678930246998,-0.5724165508474859,0.0555313002645533,0.010008714646709188,-0.2229574022488396,-0.12014567606486325,-0.6616825781270738,-0.6504436355879909,0.057833582977457124,0.3952847075210472
-0.2875002175157882,0.01940698129845318,-0.2357345908323677,-0.649040523226752,-0.7210036815968168,-0.5724165508474859,-0.3927640797963816,0.010008714646709188,-0.2229574022488396,-0.12014567606486325,-0.6616825781270738,-0.6504436355879909,-0.24205676262243814,0.3952847075210472
0.09301461207149658,-0.0832021910059817,-0.27209765878607106,-0.5690558440236724,0.550624430510069,0.024092780691336524,0.48781605774643133,0.010008714646709188,-0.2229574022488396,-0.12014567606486325,1.2215678365422902,-0.6504436355879909,0.7700731537772121,0.3952847075210472
0.17768867453548085,-0.0026502311997891022,-0.24398307677240835,-1.0140574765126842,-0.1412622643403555,0.024092780691336524,0.4292302571416165,0.010008714646709188,-0.2229574022488396,-0.12014567606486325,-0.6616825781270738,-0.6504436355879909,0.2827513421773805,0.3952847075210472
0.27477612264548373,0.011186724967649053,-0.23883626713051778,-1.9682863358819078,1.3847750807033659,0.024092780691336524,0.3710839765608256,0.010008714646709188,-0.2229574022488396,-0.12014567606486325,-0.6616825781270738,-0.6504436355879909,-0.12959788302247865,0.3952847075210472
0.4931018043230676,-0.6234618020137493,-0.379157761249662,-0.06494840858577415,-0.3067169779526952,1.2125377129253758,0.31683591998433436,0.010008714646709188,-0.2229574022488396,-0.12014567606486325,-0.6616825781270738,1.5374122295716144,-0.24205676262243814,0.3952847075210472
0.4004171686023051,-0.5676948717969639,-0.3746724115179106,-0.9984319728406267,0.4002395330662077,0.9943727183589384,0.18657335930725508,0.010008714646709188,-0.2229574022488396,-0.12014567606486325,1.2215678365422902,-0.6504436355879909,0.4389442305106595,0.3952847075210472
0.15523907023855088,-0.1292952063172264,-0.2867667095162813,-1.7603168369981266,1.1008981274655059,0.06616211430552907,-0.3676452052791675,0.010008714646709188,-0.2229574022488396,-0.12014567606486325,-0.6616825781270738,-0.6504436355879909,0.06408129851078903,0.3952847075210472
-0.12347423676290284,0.013288525795884321,-0.23804633827809757,-0.18338791082600253,-1.4761295922900466,-0.21376906943524504,-0.5347872936783892,0.010008714646709188,-0.2229574022488396,-0.12014567606486325,-0.6616825781270738,-0.6504436355879909,-0.11085473642248514,0.3952847075210472
-0.45768042204941634,-0.0019300956094001822,-0.24371750972900974,0.8736003632687279,0.6087641739856264,-0.6066969468412132,-0.7693977616594199,0.010008714646709188,-0.2229574022488396,-0.12014567606486325,-0.6616825781270738,-0.6504436355879909,-0.14834102962247217,0.3952847075210472
-0.7742476110061263,-0.3544906591140992,-0.3435890546209099,0.2389758389880418,-0.838192247205976,-0.728844946811443,-0.8423302286178644,0.010008714646709188,-0.2229574022488396,-0.12014567606486325,-0.6616825781270738,-0.6504436355879909,-0.0639968699225005,-2.5298221281347035
-0.9202959922555413,-0.48911640722609184,-0.3657870091097269,1.48560474536986,1.0554096096286898,-0.728844946811443,-0.8423302286178644,0.010008714646709188,-0.2229574022488396,-0.12014567606486325,1.2215678365422902,1.5374122295716144,1.4823127245769672,-2.5298221281347035
-1.0149190488177389,-0.6930182560353028,-0.3826339238086485,1.7803919676939648,1.47306966285653,-0.728844946811443,-0.8423302286178644,0.010008714646709188,-0.2229574022488396,-0.12014567606486325,1.2215678365422902,-0.6504436355879909,-0.7356262897556016,-2.5298221281347035
-1.037358494378689,-0.7610696737547553,-0.3837592765353673,-0.13180275107504824,-0.8857905995964451,-0.728844946811443,-0.8423302286178644,0.010008714646709188,-0.2229574022488396,-0.12014567606486325,-0.6616825781270738,-0.6504436355879909,-0.07336844322249754,-2.5298221281347035
-1.037358494378689,-0.7610696737547553,-0.3837592765353673,-0.13180275107504824,-0.8857905995964451,-0.728844946811443,-0.8423302286178644,0.010008714646709188,-0.2229574022488396,-0.12014567606486325,-0.6616825781270738,1.5374122295716144,-0.05462529662250402,-2.5298221281347035
0.2813881724903255,3.2382528606895673,3.502995789961042,1.7803919676939641,1.473069662856529,-0.728844946811443,3.4438473173797193,-3.811818412800837,3.6925130879214394,0.29083992986177426,-2.5449329927964377,1.5374122295716144,-1.4978475848220054,0.3952847075210472
1.5127017964445992,3.7091083881151907,4.472076143063995,-0.12016324780282381,-1.87305946566481,-0.728844946811443,3.159673294624353,3.831835842094255,3.6925130879214394,0.3200231689664184,1.2215678365422902,1.5374122295716144,0.4077056528440038,0.3952847075210472
2.3968788320372187,2.892423907757704,2.859868496584498,-1.542187508109899,0.7593844858066352,-0.728844946811443,2.0314133431034884,0.010008714646709188,-0.2229574022488396,-0.12014567606486325,1.2215678365422902,-0.6504436355879909,-0.8855714625555504,0.3952847075210472
3.2364856117305005,0.7059346958905481,0.1392111466043636,-0.05282520475113854,-1.626292780631331,3.841512579287498,1.8865515323747741,0.010008714646709188,-0.2229574022488396,-0.12014567606486325,-0.6616825781270738,-0.6504436355879909,-0.7981034450889144,0.3952847075210472
2.736737869192297,0.41426197868082,-0.048071770747532695,1.6703863720508645,1.3348918374286434,3.729334748985743,1.8195720820035295,-5.0857607886166845,4.997669917978198,0.7622093759730147,-0.6616825781270738,1.5374122295716144,-0.23580904708910844,0.3952847075210472
1.8889070077767374,0.6560639272108274,0.10425879444858716,-1.965385357345635,1.3871871372621205,1.3586242974677534,0.40406170348308745,0.010008714646709188,-0.2229574022488396,-0.12014567606486325,1.2215678365422902,-0.6504436355879909,1.8446802255101753,0.3952847075210472
1.3172550789395245,0.93425660571182,0.314667532200276,-0.18037877409898684,-1.7801121435077172,0.9723698459945924,0.17343582318636372,0.010008714646709188,-0.2229574022488396,-0.12014567606486325,-0.6616825781270738,1.5374122295716144,1.957139105110137,0.3952847075210472
0.7189113318914774,0.8150516172083224,0.21990237057981807,1.4993714372491491,1.1514986927380877,0.5844583085796295,-0.05817947458528586,0.010008714646709188,-0.2229574022488396,-0.12014567606486325,1.2215678365422902,1.5374122295716144,2.3257543215766767,0.3952847075210472
0.12103483944683581,-0.31309369329776776,-0.33499253139741814,0.5098161403666766,-0.4450599281821332,0.47482395534945426,-0.12364025860482752,0.010008714646709188,-0.2229574022488396,-0.12014567606486325,1.2215678365422902,-0.6504436355879909,-0.9168100402222058,0.3952847075210472
-0.061548269090620424,-0.46632926400613517,-0.36264901184097686,1.1497770005597394,0.7766827551967654,0.36474227504345863,-0.18936813391677548,0.010008714646709188,-0.2229574022488396,-0.12014567606486325,-0.6616825781270738,-0.6504436355879909,-1.8164810770218969,0.3952847075210472
-0.19045153685482738,-0.6097283192633657,-0.3781934515502035,-0.0034677185456678844,-0.3482189398399717,0.2706913529027382,-0.24552431963501167,0.010008714646709188,-0.2229574022488396,-0.12014567606486325,-0.6616825781270738,1.5374122295716144,-2.078885129421805,0.3952847075210472
-0.2704378916421267,-0.6067847891472854,-0.37797483983397634,-0.23299114251686565,-0.08357404212792419,0.1490565855005287,-0.31815034426678485,0.010008714646709188,-0.2229574022488396,-0.12014567606486325,1.2215678365422902,-0.6504436355879909,-1.3916364207553757,0.3952847075210472
-0.35272117132494213,-0.5974905273380057,-0.37725692884431883,-0.34255814173307647,-0.3748057100836749,0.02691903644462318,-0.39107657116428834,0.010008714646709188,-0.2229574022488396,-0.12014567606486325,-0.6616825781270738,-0.6504436355879909,-1.5040953003553372,0.3952847075210472
-0.46064245076435884,-0.5262100783722619,-0.37035538423592423,-0.8785102578697717,0.2621175219920279,-0.22272181367239718,-0.5401328230642378,0.010008714646709188,-0.2229574022488396,-0.12014567606486325,-0.6616825781270738,1.5374122295716144,-0.8668283159555569,0.3952847075210472
-0.5708019119497229,-0.5157065491359678,-0.369129661435269,-0.07264543515292358,-1.0678518441931744,-0.3289561662412289,-0.6035635252490171,0.010008714646709188,-0.2229574022488396,-0.12014567606486325,1.2215678365422902,-0.6504436355879909,1.1636792323770762,0.3952847075210472
-0.6792319245200017,-0.5382941739808089,-0.37169922492907687,0.7223527820721583,0.3832773445715995,-0.44117676657722743,-0.6705685128710558,0.010008714646709188,-0.2229574022488396,-0.12014567606486325,-0.6616825781270738,-0.6504436355879909,0.6763574207772439,0.3952847075210472
-0.7858469983705128,-0.602195148236202,-0.3776255720832368,-0.17987093327639725,-0.30441527257925705,-0.553434787456464,-0.7375958436549467,0.010008714646709188,-0.2229574022488396,-0.12014567606486325,-0.6616825781270738,-0.6504436355879909,0.264008195577387,0.3952847075210472
-0.8213761613839139,-0.6580063761854116,-0.3811780722311785,-0.5089398623154097,0.5399848720841467,-0.553434787456464,-0.6556093619340472,0.010008714646709188,-0.2229574022488396,-0.12014567606486325,1.2215678365422902,-0.6504436355879909,0.4077056528440038,0.3952847075210472
-0.8048315001657598,-0.6160231117501166,-0.37864682514710685,0.560269703421489,0.6715450606880788,-0.553434787456464,-0.5497902288298072,0.010008714646709188,-0.2229574022488396,-0.12014567606486325,-0.6616825781270738,-0.6504436355879909,0.5201645324439633,0.3952847075210472
-0.7976555279565817,-0.6176055374432778,-0.3787577680590288,0.1546511533210953,0.6277491778796336,-0.553434787456464,-0.6472452380325942,0.010008714646709188,-0.2229574022488396,-0.12014567606486325,-0.6616825781270738,1.5374122295716144,0.8575411712438483,0.3952847075210472
-0.7998598969637898,-0.6123272970607327,-0.37838297342044924,0.01692636063231448,0.6166821334111049,-0.565434159931855,-0.7447604622880543,0.010008714646709188,-0.2229574022488396,-0.12014567606486325,1.2215678365422902,-0.6504436355879909,-0.1608364606891338,0.3952847075210472
-0.5368064406032078,0.042742457375738445,-0.22675068219465047,1.5870208254330798,1.2498164067888435,-0.565434159931855,0.1993644145886964,0.010008714646709188,-0.2229574022488396,-0.12014567606486325,1.2215678365422902,-0.6504436355879909,0.43269651497732925,0.3952847075210472
-0.3379840441773448,0.1545564046585682,-0.1800313242529073,-0.12808589703106607,-1.757963265958617,-0.565434159931855,0.09642038357328889,0.010008714646709188,-0.2229574022488396,-0.12014567606486325,-0.6616825781270738,-0.6504436355879909,0.057833582977457124,0.3952847075210472
-0.2533780081916788,0.05498843353078174,-0.2219302281305809,-0.64935065993645,-0.7205388697786723,-0.565434159931855,-0.37225952560717596,0.010008714646709188,-0.2229574022488396,-0.12014567606486325,-0.6616825781270738,-0.6504436355879909,-0.24205676262243814,0.3952847075210472
0.14538716339388494,-0.05030698228498476,-0.26099738840978004,-0.5572413628359228,0.5491022864902055,0.058434006059727435,0.5513022065442148,0.010008714646709188,-0.2229574022488396,-0.12014567606486325,1.2215678365422902,-0.6504436355879909,0.7700731537772121,0.3952847075210472
0.23480311239484147,0.03462981391146348,-0.2299039735631645,-1.0086317470105803,-0.15123472461785803,0.058434006059727435,0.489983259352792,0.010008714646709188,-0.2229574022488396,-0.12014567606486325,-0.6616825781270738,-0.6504436355879909,0.2827513421773805,0.3952847075210472
0.3371655098128993,0.04897433362880872,-0.22430670047977017,-1.9686054057639883,1.3851436378765452,0.058434006059727435,0.4291176486283184,0.010008714646709188,-0.2229574022488396,-0.12014567606486325,-0.6616825781270738,-0.6504436355879909,-0.12959788302247865,0.3952847075210472
0.566248643667609,-0.61701103557267,-0.3787162306130973,-0.06546772186819903,-0.30656861084647336,1.3054365913624257,0.3723042402494063,0.010008714646709188,-0.2229574022488396,-0.12014567606486325,-0.6616825781270738,1.5374122295716144,-0.24205676262243814,0.3952847075210472
0.46918806194130414,-0.5585316598317388,-0.3737908317673685,-0.9991585670212201,0.40067105131270114,1.0768796901606699,0.23583685110603758,0.010008714646709188,-0.2229574022488396,-0.12014567606486325,1.2215678365422902,-0.6504436355879909,0.4389442305106595,0.3952847075210472
0.21232775898964373,-0.09913685958642145,-0.2772856283289514,-1.7604159356630475,1.1010205259195005,0.10432033251963012,-0.34486159040400527,0.010008714646709188,-0.2229574022488396,-0.12014567606486325,-0.6616825781270738,-0.6504436355879909,0.06408129851078903,0.3952847075210472
-0.07969778727987427,0.050295049278784865,-0.22378632581495825,-0.1834559978822843,-1.476089953226592,-0.18903822388834035,-0.5200209317556101,0.010008714646709188,-0.2229574022488396,-0.12014567606486325,-0.6616825781270738,-0.6504436355879909,-0.11085473642248514,0.3952847075210472
-0.4298925058272302,0.03440075383624109,-0.22999254226329224,0.8733754585460635,0.6085998399926558,-0.6008308498053153,-0.7658952161543774,0.010008714646709188,-0.2229574022488396,-0.12014567606486325,-0.6616825781270738,-0.6504436355879909,-0.14834102962247217,0.3952847075210472
-0.7616168050321206,-0.33497537702018715,-0.3396402668656635,0.23894460492991237,-0.8382344015760174,-0.728844946811443,-0.8423302286178644,0.010008714646709188,-0.2229574022488396,-0.12014567606486325,-0.6616825781270738,-0.6504436355879909,-0.0639968699225005,-2.5298221281347035
-0.9146751189904394,-0.47605891976258413,-0.36401974657191477,1.4855990013385154,1.05540080022213,-0.728844946811443,-0.8423302286178644,0.010008714646709188,-0.2229574022488396,-0.12014567606486325,1.2215678365422902,1.5374122295716144,1.4823127245769672,-2.5298221281347035
-1.0138414055888347,-0.6897501204959627,-0.3825232393364723,1.7803919676939648,1.4730696628565265,-0.728844946811443,-0.8423302286178644,0.010008714646709188,-0.2229574022488396,-0.12014567606486325,1.2215678365422902,-0.6504436355879909,-0.7356262897556016,-2.5298221281347035
-1.037358494378689,-0.7610696737547553,-0.3837592765353673,-0.13180275107504824,-0.8857905995964451,-0.728844946811443,-0.8423302286178644,0.010008714646709188,-0.2229574022488396,-0.12014567606486325,-0.6616825781270738,-0.6504436355879909,-0.07336844322249754,-2.5298221281347035
-1.037358494378689,-0.7610696737547553,-0.3837592765353673,-0.13180275107504824,-0.8857905995964451,-0.728844946811443,-0.8423302286178644,0.010008714646709188,-0.2229574022488396,-0.12014567606486325,-0.6616825781270738,1.5374122295716144,-0.05462529662250402,-2.5298221281347035
0.29654427097127417,3.284216295299061,3.592848607602184,1.7803919676939657,1.4730696628565256,-0.728844946811443,3.4931075207425133,0.010008714646709188,-0.2229574022488396,-0.12014567606486325,-2.5449329927964377,1.5374122295716144,-1.4978475848220054,0.3952847075210472
1.5428445643814717,3.761844624532529,4.587323904717082,-0.12038872626701544,-1.8735177568463104,-0.728844946811443,3.2083828214235908,0.010008714646709188,-0.2229574022488396,-0.12014567606486325,1.2215678365422902,1.5374122295716144,0.4077056528440038,0.3952847075210472
2.4379130809684133,2.9355216319595225,2.936845500824606,-1.543592262096357,0.7610126813380469,-0.728844946811443,2.066812728332925,4.46880703000218,4.34509150294982,0.5862995311541118,1.2215678365422902,-0.6504436355879909,-0.8855714625555504,0.3952847075210472
3.2878867472770668,0.7214364444992875,0.15032193681185266,-0.054691650144371856,-1.6297347586146456,3.897944208248471,1.920245886073651,0.010008714646709188,-0.2229574022488396,-0.12014567606486325,-0.6616825781270738,-0.6504436355879909,-0.7981034450889144,0.3952847075210472
2.7831056136590053,0.4281259462953412,-0.0401056630106657,1.6703872328983258,1.33489375779927,3.7844372006024245,1.8524728068033007,-4.448789600708762,4.34509150294982,0.6424889425506211,-0.6616825781270738,1.5374122295716144,-0.23580904708910844,0.3952847075210472
1.9250105239350739,0.6735732872657693,0.11639268523662334,-1.9654733546991896,1.3872789369558884,1.3843306697390052,0.41941053561092817,0.010008714646709188,-0.2229574022488396,-0.12014567606486325,1.2215678365422902,-0.6504436355879909,1.8446802255101753,0.3952847075210472
1.3463302613288886,0.9552164609935794,0.3320440311604226,-0.1803569250355695,-1.7801745340573512,0.9933986947638465,0.18599178659478252,0.010008714646709188,-0.2229574022488396,-0.12014567606486325,-0.6616825781270738,1.5374122295716144,1.957139105110137,0.3952847075210472
0.7406156384680495,0.834517775904409,0.2349057078285931,1.4994858023445023,1.1516294371379223,0.6007669435871231,-0.04844186951511484,0.010008714646709188,-0.2229574022488396,-0.12014567606486325,1.2215678365422902,1.5374122295716144,2.3257543215766767,0.3952847075210472
0.13536595657025927,-0.30765057888244624,-0.33380025497069454,0.5097543994709648,-0.44513879878187,0.48979081882704184,-0.11470380220507685,0.010008714646709188,-0.2229574022488396,-0.12014567606486325,1.2215678365422902,-0.6504436355879909,-0.9168100402222058,0.3952847075210472
-0.04943903471916242,-0.46273373455248423,-0.36213082334288876,1.1496837079120292,0.7766009120658511,0.3783539396454229,-0.18124084342430619,0.010008714646709188,-0.2229574022488396,-0.12014567606486325,-0.6616825781270738,-0.6504436355879909,-1.8164810770218969,0.3952847075210472
-0.1799179110804657,-0.6078679431921761,-0.3780557737872966,-0.0035448821229165112,-0.34825808127789426,0.2831434550519068,-0.23808938391130965,0.010008714646709188,-0.2229574022488396,-0.12014567606486325,-0.6616825781270738,1.5374122295716144,-2.078885129421805,0.3952847075210472
-0.2608886303554424,-0.6048824981373302,-0.3778313193824699,-0.23302711412590288,-0.08357080890072842,0.1600068816361902,-0.3116121110472973,0.010008714646709188,-0.2229574022488396,-0.12014567606486325,1.2215678365422902,-0.6504436355879909,-1.3916364207553757,0.3952847075210472
-0.344188507725277,-0.595467421636312,-0.3770950954388917,-0.3426364769233814,-0.3747554004510704,0.03635210124138853,-0.3854442506451261,0.010008714646709188,-0.2229574022488396,-0.12014567606486325,-0.6616825781270738,-0.6504436355879909,-1.5040953003553372,0.3952847075210472
-0.45344847295332164,-0.5232924404736709,-0.3700202851338505,-0.8785983887260347,0.2621583171541765,-0.21639721822840016,-0.5363565160566957,0.010008714646709188,-0.2229574022488396,-0.12014567606486325,-0.6616825781270738,1.5374122295716144,-0.8668283159555569,0.3952847075210472
-0.5649768288888857,-0.5126523441163363,-0.36876318471308833,-0.07266314478296115,-1.0678636347447088,-0.3239555742219654,-0.6005777578823268,0.010008714646709188,-0.2229574022488396,-0.12014567606486325,1.2215678365422902,-0.6504436355879909,1.1636792323770762,0.3952847075210472
-0.6747571798118024,-0.5355183064391037,-0.37139680680337434,0.7223264274586889,0.3832622371664315,-0.43757696974912225,-0.6684191361863218,0.010008714646709188,-0.2229574022488396,-0.12014567606486325,-0.6616825781270738,-0.6504436355879909,0.6763574207772439,0.3952847075210472
-0.7827018322726403,-0.6002115890598645,-0.3774714565520228,-0.17991052606601404,-0.3044096031922933,-0.5512392173479512,-0.7362849065586939,0.010008714646709188,-0.2229574022488396,-0.12014567606486325,-0.6616825781270738,-0.6504436355879909,0.264008195577387,0.3952847075210472
-0.8192546210918719,-0.6569424180441948,-0.38112450381511465,-0.4651829201621374,0.5605272655684219,-0.5512392173479512,-0.6551600335302655,0.010008714646709188,-0.2229574022488396,-0.12014567606486325,1.2215678365422902,-0.6504436355879909,0.4077056528440038,0.3952847075210472
-0.8025864861696361,-0.6143920254815198,-0.3785311969597799,0.5904043732797305,0.6941320063433097,-0.5512392173479512,-0.5464031484351856,0.010008714646709188,-0.2229574022488396,-0.12014567606486325,-0.6616825781270738,-0.6504436355879909,0.5201645324439633,0.3952847075210472
-0.7953766575449176,-0.6158954029767383,-0.37863781848996914,0.18685120991685536,0.6230826817207039,-0.5512392173479512,-0.6449858215565135,0.010008714646709188,-0.2229574022488396,-0.12014567606486325,-0.6616825781270738,1.5374122295716144,0.8575411712438483,0.3952847075210472
-0.7976365898532226,-0.6105135125949179,-0.3782510552601229,0.04677324355598994,0.6105347221594365,-0.563541045874759,-0.7436301164907315,0.010008714646709188,-0.2229574022488396,-0.12014567606486325,1.2215678365422902,-0.6504436355879909,-0.1608364606891338,0.3952847075210472
-0.5309370250106161,0.05226774790540186,-0.22300748480924973,1.5871246273489157,1.2499343486582646,-0.563541045874759,0.21166428919558516,0.010008714646709188,-0.2229574022488396,-0.12014567606486325,1.2215678365422902,-0.6504436355879909,0.43269651497732925,0.3952847075210472
-0.3297438215000127,0.16540542050447152,-0.1751748830456194,-0.12807724717316943,-1.7580151835077413,-0.563541045874759,0.10751303801620898,0.010008714646709188,-0.2229574022488396,-0.12014567606486325,-0.6616825781270738,-0.6504436355879909,0.057833582977457124,0.3952847075210472
-0.24412132995082372,0.06464129971763498,-0.21807914697209463,-0.6494337217346278,-0.720414622708692,-0.563541045874759,-0.3666964351788997,0.010008714646709188,-0.2229574022488396,-0.12014567606486325,-0.6616825781270738,-0.6504436355879909,-0.24205676262243814,0.3952847075210472
0.15961052205306944,-0.04134726393129103,-0.2578828620577015,-0.5540187958199838,0.5486979868422666,0.06775112363172249,0.5685752085635459,0.010008714646709188,-0.2229574022488396,-0.12014567606486325,1.2215678365422902,-0.6504436355879909,0.7700731537772121,0.3952847075210472
0.2503281055213955,0.044791034547226535,-0.22594936537656948,-1.0071551293410268,-0.15395053677861026,0.06775112363172249,0.5065136936018689,0.010008714646709188,-0.2229574022488396,-0.12014567606486325,-0.6616825781270738,-0.6504436355879909,0.2827513421773805,0.3952847075210472
0.3541362194232665,0.05927071797939822,-0.22022736831473025,-1.9686922354478011,1.385243939740911,0.06775112363172249,0.4449091566770742,0.010008714646709188,-0.2229574022488396,-0.12014567606486325,-0.6616825781270738,-0.6504436355879909,-0.12959788302247865,0.3952847075210472
0.586151752152264,-0.6152579041754236,-0.3785927403653064,-0.06560954890995613,-0.3065280404531783,1.3307160755907972,0.3873981848793762,0.010008714646709188,-0.2229574022488396,-0.12014567606486325,-0.6616825781270738,1.5374122295716144,-0.24205676262243814,0.3952847075210472
0.4879013883258231,-0.5560397007338518,-0.3735440260097324,-0.9993569540718861,0.40078896192810987,1.09933216137322,0.24924283495549762,0.010008714646709188,-0.2229574022488396,-0.12014567606486325,1.2215678365422902,-0.6504436355879909,0.4389442305106595,0.3952847075210472
0.22786299011091501,-0.09093147290846343,-0.274629550826243,-1.7604430139143294,1.1010539740504763,0.11470586076904947,-0.33866057036207764,0.010008714646709188,-0.2229574022488396,-0.12014567606486325,-0.6616825781270738,-0.6504436355879909,0.06408129851078903,0.3952847075210472
-0.06778463861596787,0.06036437894921058,-0.2197910428925155,-0.1834746137965652,-1.4760791094063688,-0.18230707846742705,-0.5160018807590905,0.010008714646709188,-0.2229574022488396,-0.12014567606486325,-0.6616825781270738,-0.6504436355879909,-0.11085473642248514,0.3952847075210472
-0.4223300631782388,0.044287120033917375,-0.22614666458843655,0.8733139620739374,0.6085549106626259,-0.5992342162399389,-0.76494189375221,0.010008714646709188,-0.2229574022488396,-0.12014567606486325,-0.6616825781270738,-0.6504436355879909,-0.14834102962247217,0.3952847075210472
-0.7581790390508258,-0.3296638897643499,-0.33853347839541287,0.23893606344828622,-0.8382459292210683,-0.728844946811443,-0.8423302286178644,0.010008714646709188,-0.2229574022488396,-0.12014567606486325,-0.6616825781270738,-0.6504436355879909,-0.0639968699225005,-2.5298221281347035
-0.9131452474964177,-0.47250498482242154,-0.3635243940992038,1.4855974304679613,1.055398391033234,-0.728844946811443,-0.8423302286178644,0.010008714646709188,-0.2229574022488396,-0.12014567606486325,1.2215678365422902,1.5374122295716144,1.4823127245769672,-2.5298221281347035
-1.0135480927881342,-0.6888605997692215,-0.38249221454178817,1.7803919676939648,1.473069662856529,-0.728844946811443,-0.8423302286178644,0.010008714646709188,-0.2229574022488396,-0.12014567606486325,1.2215678365422902,-0.6504436355879909,-0.7356262897556016,-2.5298221281347035
-1.037358494378689,-0.7610696737547553,-0.3837592765353673,-0.13180275107504824,-0.8857905995964451,-0.728844946811443,-0.8423302286178644,0.010008714646709188,-0.2229574022488396,-0.12014567606486325,-0.6616825781270738,-0.6504436355879909,-0.07336844322249754,-2.5298221281347035
-1.037358494378689,-0.7610696737547553,-0.3837592765353673,-0.13180275107504824,-0.8857905995964451,-0.728844946811443,-0.8423302286178644,0.010008714646709188,-0.2229574022488396,-0.12014567606486325,-0.6616825781270738,1.5374122295716144,-0.05462529662250402,-2.5298221281347035
0.20813286197962455,3.0160937292555277,3.083176999826279,1.7803919676939652,1.4730696628565265,-0.728844946811443,3.205753622112598,-3.811818412800837,3.6925130879214394,0.3150126197687137,-2.5449329927964377,1.5374122295716144,-1.4978475848220054,0.3952847075210472
1.39593544836386,3.5018089908844856,4.032151152501071,-0.12622735789831083,-1.885388572312347,-0.728844946811443,3.0182541449717917,0.010008714646709188,-0.2229574022488396,-0.12014567606486325,1.2215678365422902,1.5374122295716144,0.4077056528440038,0.3952847075210472
2.248509377374493,2.7228045207460503,2.5656785156803688,-1.5744029090718579,0.7944637164233165,-0.728844946811443,1.928697234529675,0.010008714646709188,-0.2229574022488396,-0.12014567606486325,1.2215678365422902,-0.6504436355879909,-0.8855714625555504,0.3952847075210472
3.0580385952398403,0.6009296793950465,0.06702433178244316,-0.1077882415420662,-1.726521591598477,3.6777868753130485,1.7887937344716163,0.010008714646709188,-0.2229574022488396,-0.12014567606486325,-0.6616825781270738,-0.6504436355879909,-0.7981034450889144,0.3952847075210472
2.602178462083754,0.3739484125071928,-0.07070482991903775,1.6703837444609018,1.3348860970218992,3.569473136236158,1.7241214664173197,0.010008714646709188,-0.2229574022488396,-0.12014567606486325,-0.6616825781270738,1.5374122295716144,-0.23580904708910844,0.3952847075210472
1.784155578340777,0.6052656617091526,0.06989907765958936,-1.9651297438020219,1.3869205247328116,1.2840323760497383,0.3595241519430527,0.010008714646709188,-0.2229574022488396,-0.12014567606486325,1.2215678365422902,-0.6504436355879909,1.8446802255101753,0.3952847075210472
1.2328991655182684,0.8734493794883462,0.265464307396016,-0.18044208773039466,-1.7799312385625226,0.9113618871053976,0.1370090217080523,0.010008714646709188,-0.2229574022488396,-0.12014567606486325,-0.6616825781270738,1.5374122295716144,1.957139105110137,0.3952847075210472
0.6559430495431804,0.7585749029917782,0.17741578384883416,1.4990400060324571,1.1511197834387301,0.5371551049992791,-0.08642340271340346,0.010008714646709188,-0.2229574022488396,-0.12014567606486325,1.2215678365422902,1.5374122295716144,2.3257543215766767,0.3952847075210472
0.07945979749067539,-0.3288984418385479,-0.33837284677569973,0.5099951012510595,-0.444831258302742,0.43141537704244076,-0.14955877306155968,0.010008714646709188,-0.2229574022488396,-0.12014567606486325,1.2215678365422902,-0.6504436355879909,-0.9168100402222058,0.3952847075210472
-0.09667229158944167,-0.47676729509172305,-0.36411774721880025,1.1500471885503023,0.776919829329957,0.32526615549955523,-0.21293864497700601,0.010008714646709188,-0.2229574022488396,-0.12014567606486325,-0.6616825781270738,-0.6504436355879909,-1.8164810770218969,0.3952847075210472
-0.22100192280895897,-0.6151270728096825,-0.37858346473227444,-0.0032442337117536656,-0.3481055335854577,0.2345797558691413,-0.2670859322534038,0.010008714646709188,-0.2229574022488396,-0.12014567606486325,-0.6616825781270738,1.5374122295716144,-2.078885129421805,0.3952847075210472
-0.29813184383188734,-0.6123043578860318,-0.3783813150165835,-0.23288698147359085,-0.08358340060624214,0.11730223629884107,-0.33711031925207674,0.010008714646709188,-0.2229574022488396,-0.12014567606486325,1.2215678365422902,-0.6504436355879909,-1.3916364207553757,0.3952847075210472
-0.37746572627855923,-0.603359745593933,-0.37771516624235657,-0.3423313864193553,-0.37495129370451624,-0.0004346454731642649,-0.4074089835095339,0.010008714646709188,-0.2229574022488396,-0.12014567606486325,-0.6616825781270738,-0.6504436355879909,-1.5040953003553372,0.3952847075210472
-0.4815039256386115,-0.5346725395109685,-0.37130392001165125,-0.878255163050864,0.2619995018933008,-0.24106058095282992,-0.5510825851484696,0.010008714646709188,-0.2229574022488396,-0.12014567606486325,-0.6616825781270738,1.5374122295716144,-0.8668283159555569,0.3952847075210472
-0.5876930342048993,-0.5245642365792911,-0.37016686322450804,-0.07259419574401674,-1.0678177288727093,-0.3434553473049386,-0.6122207365345989,0.010008714646709188,-0.2229574022488396,-0.12014567606486325,1.2215678365422902,-0.6504436355879909,1.1636792323770762,0.3952847075210472
-0.6922069398646241,-0.5463442265303693,-0.372555063835732,0.7224290427231811,0.3833210615125581,-0.45161398361117616,-0.6768003953959608,0.010008714646709188,-0.2229574022488396,-0.12014567606486325,-0.6616825781270738,-0.6504436355879909,0.6763574207772439,0.3952847075210472
-0.7949663808710458,-0.6079469242685516,-0.37806165299855565,-0.17975639392839923,-0.30443164468819545,-0.5598005247636937,-0.7413967157604157,0.010008714646709188,-0.2229574022488396,-0.12014567606486325,-0.6616825781270738,-0.6504436355879909,0.264008195577387,0.3952847075210472
-0.8373237288112271,-0.6620274509024562,-0.3813755574666395,0.18389452944153623,0.5674248499350575,-0.5598005247636937,-0.6887520240258038,0.010008714646709188,-0.2229574022488396,-0.12014567606486325,1.2215678365422902,-0.6504436355879909,0.4077056528440038,0.3952847075210472
-0.8211574771608168,-0.6180452629489159,-0.3787883808717663,0.9937975310418788,0.8639880628240219,-0.5598005247636937,-0.5596773431992782,0.010008714646709188,-0.2229574022488396,-0.12014567606486325,-0.6616825781270738,-0.6504436355879909,0.5201645324439633,0.3952847075210472
-0.8140933210784533,-0.6183313791726117,-0.378808249246663,0.5734923860066471,0.4199532346265565,-0.5598005247636937,-0.6538405442415828,0.010008714646709188,-0.2229574022488396,-0.12014567606486325,-0.6616825781270738,1.5374122295716144,0.8575411712438483,0.3952847075210472
-0.8161434233610588,-0.6139034809336897,-0.37849631225305175,0.4503397125658795,0.39685019134969285,-0.5709601540368179,-0.7480599381908197,0.010008714646709188,-0.2229574022488396,-0.12014567606486325,1.2215678365422902,-0.6504436355879909,-0.1608364606891338,0.3952847075210472
-0.55389646931746,0.015066018131346488,-0.23737662006591553,1.5867665282481132,1.2495273592973613,-0.5709601540368179,0.16360046653756113,0.010008714646709188,-0.2229574022488396,-0.12014567606486325,1.2215678365422902,-0.6504436355879909,0.43269651497732925,0.3952847075210472
-0.3619553788481327,0.12303137314459306,-0.19381853787413197,-0.12810434751137073,-1.7578305572127813,-0.5709601540368179,0.06416771574382235,0.010008714646709188,-0.2229574022488396,-0.12014567606486325,-0.6616825781270738,-0.6504436355879909,0.057833582977457124,0.3952847075210472
-0.2802964448821062,0.02693100543076204,-0.23286683124776822,-0.6491287694938394,-0.7208665374745379,-0.5709601540368179,-0.388433474037363,0.010008714646709188,-0.2229574022488396,-0.12014567606486325,-0.6616825781270738,-0.6504436355879909,-0.24205676262243814,0.3952847075210472
0.10406784279323518,-0.0762742228839477,-0.2698035783764858,-0.5665864546641479,0.5503010918327095,0.03134572103716471,0.501197118305715,0.010008714646709188,-0.2229574022488396,-0.12014567606486325,1.2215678365422902,-0.6504436355879909,0.7700731537772121,0.3952847075210472
0.18973488689702933,0.005197106838436859,-0.24107559400035208,-1.0129218329497094,-0.14334871087160758,0.03134572103716471,0.4420346571933254,0.010008714646709188,-0.2229574022488396,-0.12014567606486325,-0.6616825781270738,-0.6504436355879909,0.2827513421773805,0.3952847075210472
0.28792820953870996,0.01914264851469623,-0.23583484021474252,-1.9683531226243867,1.3848522236072616,0.03134572103716471,0.38331469464987594,-4.448789600708762,4.34509150294982,1.5566449018266704,-0.6616825781270738,-0.6504436355879909,-0.12959788302247865,0.3952847075210472
0.5085181226780678,-0.6221010646470084,-0.3790663070043481,-0.06505686904635762,-0.3066860110932211,1.2321158840249737,0.32852570874203973,0.010008714646709188,-0.2229574022488396,-0.12014567606486325,-0.6616825781270738,1.5374122295716144,-0.24205676262243814,0.3952847075210472
0.4149107120776931,-0.5657629001340554,-0.37448993414511006,-0.9985837543317071,0.4003296320101559,1.0117603688846941,0.1969552259588886,0.010008714646709188,-0.2229574022488396,-0.12014567606486325,1.2215678365422902,-0.6504436355879909,0.4389442305106595,0.3952847075210472
0.16727014893959816,-0.12293872233741145,-0.2848051447770668,-1.760337525961305,1.1009236788488543,0.07420274328478083,-0.3628442842039365,0.010008714646709188,-0.2229574022488396,-0.12014567606486325,-0.6616825781270738,-0.6504436355879909,0.06408129851078903,0.3952847075210472
-0.114248909767094,0.021088003225085975,-0.2350962611303335,-0.18340212051343782,-1.476121320921832,-0.20855791379157632,-0.5316758023982224,0.010008714646709188,-0.2229574022488396,-0.12014567606486325,-0.6616825781270738,-0.6504436355879909,-0.11085473642248514,0.3952847075210472
-0.4518246694673159,0.005726482576403102,-0.2408783797330717,0.8735534257491083,0.6087298749886502,-0.6054608855886421,-0.7686597307748886,0.010008714646709188,-0.2229574022488396,-0.12014567606486325,-0.6616825781270738,-0.6504436355879909,-0.14834102962247217,0.3952847075210472
-0.7715860919563018,-0.35037844056915307,-0.34277236659288757,0.2389693213369353,-0.8382010436815569,-0.728844946811443,-0.8423302286178644,0.010008714646709188,-0.2229574022488396,-0.12014567606486325,-0.6616825781270738,-0.6504436355879909,-0.0639968699225005,-2.5298221281347035
-0.919111593226511,-0.4863650004216684,-0.3654215112987411,1.4856035467721285,1.0554077713856558,-0.728844946811443,-0.8423302286178644,0.010008714646709188,-0.2229574022488396,-0.12014567606486325,1.2215678365422902,1.5374122295716144,1.4823127245769672,-2.5298221281347035
-1.0146919756835602,-0.692329618311741,-0.3826110328411225,1.7803919676939652,1.4730696628565265,-0.728844946811443,-0.8423302286178644,0.010008714646709188,-0.2229574022488396,-0.12014567606486325,1.2215678365422902,-0.6504436355879909,-0.7356262897556016,-2.5298221281347035
-1.037358494378689,-0.7610696737547553,-0.3837592765353673,-0.13180275107504824,-0.8857905995964451,-0.728844946811443,-0.8423302286178644,0.010008714646709188,-0.2229574022488396,-0.12014567606486325,-0.6616825781270738,-0.6504436355879909,-0.07336844322249754,-2.5298221281347035
-1.037358494378689,-0.7610696737547553,-0.3837592765353673,-0.13180275107504824,-0.8857905995964451,-0.728844946811443,-0.8423302286178644,0.010008714646709188,-0.2229574022488396,-0.12014567606486325,-0.6616825781270738,1.5374122295716144,-0.05462529662250402,-2.5298221281347035
0.16109928223997294,2.8734564357903865,2.8262766946316313,1.7803919676939657,1.4730696628565256,-0.728844946811443,3.0528855402795547,0.010008714646709188,-0.2229574022488396,-0.12014567606486325,-2.5449329927964377,1.5374122295716144,-1.4978475848220054,0.3952847075210472
1.3086863112076372,3.348580268101765,3.7203977984568244,-0.12713760408564173,-1.8872398700211284,-0.728844946811443,2.887545932750929,0.010008714646709188,-0.2229574022488396,-0.12014567606486325,1.2215678365422902,1.5374122295716144,0.4077056528440038,0.3952847075210472
2.132076004480489,2.597578117035774,2.3574566070813168,-1.5794588413758108,0.8001171674544141,-0.728844946811443,1.833842916366073,0.010008714646709188,-0.2229574022488396,-0.12014567606486325,1.2215678365422902,-0.6504436355879909,-0.8855714625555504,0.3952847075210472
2.9138344228268203,0.546347211138487,0.03161776788934764,-0.11669078099050191,-1.7424460241675301,3.5266179166322957,1.6985333529114313,0.010008714646709188,-0.2229574022488396,-0.12014567606486325,-0.6616825781270738,-0.6504436355879909,-0.7981034450889144,0.3952847075210472
2.4778944537742564,0.33660237342836363,-0.09096706330754376,1.6703811562352806,1.3348805938274495,3.4218826138536604,1.6359977075373997,0.010008714646709188,-0.2229574022488396,-0.12014567606486325,-0.6616825781270738,1.5374122295716144,-0.23580904708910844,0.3952847075210472
1.687432541657796,0.5583658019083338,0.03928967834350723,-1.964894162362368,1.3866748668481967,1.215147771013116,0.318394340714024,0.010008714646709188,-0.2229574022488396,-0.12014567606486325,1.2215678365422902,-0.6504436355879909,1.8446802255101753,0.3952847075210472
1.1550131564819468,0.8173109760637928,0.2216343005500978,-0.1805002374137609,-1.7797649412469538,0.8550373772072741,0.10337862695663062,0.010008714646709188,-0.2229574022488396,-0.12014567606486325,-0.6616825781270738,1.5374122295716144,1.957139105110137,0.3952847075210472
0.5978077184231295,0.7064305357307231,0.13956472890996233,1.4987355673029283,1.1507717198836034,0.49349797404955503,-0.11249032367213593,0.010008714646709188,-0.2229574022488396,-0.12014567606486325,1.2215678365422902,1.5374122295716144,2.3257543215766767,0.3952847075210472
0.041078794774521414,-0.3435083939408789,-0.34138963858472443,0.5101595257719793,-0.44462109069399885,0.3913565536378292,-0.17347720656078236,0.010008714646709188,-0.2229574022488396,-0.12014567606486325,1.2215678365422902,-0.6504436355879909,-0.9168100402222058,0.3952847075210472
-0.12909062853128528,-0.48641343808939447,-0.3654279775904038,1.1502951454997241,0.7771374565386584,0.2888390234804613,-0.23468865810060174,0.010008714646709188,-0.2229574022488396,-0.12014567606486325,-0.6616825781270738,-0.6504436355879909,-1.8164810770218969,0.3952847075210472
-0.24919422092623736,-0.6201134535525091,-0.3789311037493747,-0.0030391258636749264,-0.3480013960118051,0.20125947701653654,-0.28698089686237027,0.010008714646709188,-0.2229574022488396,-0.12014567606486325,-0.6616825781270738,1.5374122295716144,-2.078885129421805,0.3952847075210472
-0.32368611333579783,-0.6174011953055838,-0.3787435101850708,-0.2327914165706493,-0.08359198082732248,0.0880050822082503,-0.35460314535818765,0.010008714646709188,-0.2229574022488396,-0.12014567606486325,1.2215678365422902,-0.6504436355879909,-1.3916364207553757,0.3952847075210472
-0.400296897651592,-0.6087782171099977,-0.37812334908092216,-0.3421234466943533,-0.3750847364616148,-0.025670420353422353,-0.42247683004057607,0.010008714646709188,-0.2229574022488396,-0.12014567606486325,-0.6616825781270738,-0.6504436355879909,-1.5040953003553372,0.3952847075210472
-0.5007510172154841,-0.5424825164375644,-0.3721484376876789,-0.8780212367052985,0.2618913479341575,-0.25797795380049354,-0.5611836570983716,0.010008714646709188,-0.2229574022488396,-0.12014567606486325,-0.6616825781270738,1.5374122295716144,-0.8668283159555569,0.3952847075210472
-0.6032759793342004,-0.5327377582796826,-0.3710901243549999,-0.07254723089662729,-1.0677864545911815,-0.3568300281723756,-0.6202065281208862,0.010008714646709188,-0.2229574022488396,-0.12014567606486325,1.2215678365422902,-0.6504436355879909,1.1636792323770762,0.3952847075210472
-0.7041763840803129,-0.5537719305685928,-0.3733168011317267,0.7224989364299035,0.38336113281294504,-0.4612412261484882,-0.6825486560995709,0.010008714646709188,-0.2229574022488396,-0.12014567606486325,-0.6616825781270738,-0.6504436355879909,0.6763574207772439,0.3952847075210472
-0.803378493879658,-0.6132532464657241,-0.378449702078555,-0.17965144235906433,-0.30444661859142413,-0.5656721450797922,-0.7449025591209353,0.010008714646709188,-0.2229574022488396,-0.12014567606486325,-0.6616825781270738,-0.6504436355879909,0.264008195577387,0.3952847075210472
-0.8433781627511676,-0.665728484723423,-0.38155037966111865,0.10755771431922054,0.5947349998013688,-0.5656721450797922,-0.691190190477115,0.010008714646709188,-0.2229574022488396,-0.12014567606486325,1.2215678365422902,-0.6504436355879909,0.4077056528440038,0.3952847075210472
-0.8275697589155475,-0.622928096277432,-0.37912199850538625,0.9618680557319467,0.8630524552782948,-0.5656721450797922,-0.5688262082606904,0.010008714646709188,-0.2229574022488396,-0.12014567606486325,-0.6616825781270738,-0.6504436355879909,0.5201645324439633,0.3952847075210472
-0.8206146614291127,-0.6233475406680763,-0.37915011643097213,0.536080627749089,0.44879492409583244,-0.5656721450797922,-0.6599432661292907,0.010008714646709188,-0.2229574022488396,-0.12014567606486325,-0.6616825781270738,1.5374122295716144,0.8575411712438483,0.3952847075210472
-0.8225254317797547,-0.6191700280330567,-0.37886625716253075,0.41517573482062425,0.4274942294196836,-0.5760733279476662,-0.751112926265914,0.010008714646709188,-0.2229574022488396,-0.12014567606486325,1.2215678365422902,-0.6504436355879909,-0.1608364606891338,0.3952847075210472
-0.5697212999504009,-0.01057661057065341,-0.24688946232152673,1.5864979150652239,1.2492221487826143,-0.5760733279476662,0.13047133148524895,0.010008714646709188,-0.2229574022488396,-0.12014567606486325,1.2215678365422902,-0.6504436355879909,0.43269651497732925,0.3952847075210472
-0.3841571148356683,0.09382438012893772,-0.20616093506152508,-0.12812612526521816,-1.757694995631146,-0.5760733279476662,0.03429269513601213,0.010008714646709188,-0.2229574022488396,-0.12014567606486325,-0.6616825781270738,-0.6504436355879909,0.057833582977457124,0.3952847075210472
-0.3052295038615024,0.0009381193349130471,-0.24265728654082497,-0.648910027947555,-0.7211927179967775,-0.5760733279476662,-0.4034135152561379,0.010008714646709188,-0.2229574022488396,-0.12014567606486325,-0.6616825781270738,-0.6504436355879909,-0.24205676262243814,0.3952847075210472
0.0658443056791006,-0.10021206075669183,-0.2776312453198013,-0.5751782124201342,0.5514379320546223,0.006257003341827035,0.4549475479090596,0.010008714646709188,-0.2229574022488396,-0.12014567606486325,1.2215678365422902,-0.6504436355879909,0.7700731537772121,0.3952847075210472
0.14808801451515607,-0.021911990979271188,-0.25099277744349796,-1.0168767334714535,-0.1360845906859757,0.006257003341827035,0.39777903126477343,0.010008714646709188,-0.2229574022488396,-0.12014567606486325,-0.6616825781270738,-0.6504436355879909,0.2827513421773805,0.3952847075210472
0.242467085480812,-0.008344082648618904,-0.24607394466406698,-1.9681205299490194,1.3845835701339988,0.006257003341827035,0.34104263047085265,0.010008714646709188,-0.2229574022488396,-0.12014567606486325,-0.6616825781270738,-0.6504436355879909,-0.12959788302247865,0.3952847075210472
0.45523528014782283,-0.6268057478443584,-0.379378682608258,-0.06467968726768925,-0.3067936165600349,1.1644500329003729,0.28812359448259417,0.010008714646709188,-0.2229574022488396,-0.12014567606486325,-0.6616825781270738,1.5374122295716144,-0.24205676262243814,0.3952847075210472
0.36481791434962735,-0.5724413220966955,-0.3751130173068609,-0.998055918995747,0.4000164031067418,0.951665991135555,0.1610739080441821,4.787292623956142,4.6713807104640095,2.074330207447094,1.2215678365422902,-0.6504436355879909,0.4389442305106595,0.3952847075210472
0.1256887445906402,-0.14490889330320783,-0.2915016206570106,-1.7602655798342177,1.100834824329513,0.04641433790486065,-0.37943626244093454,0.010008714646709188,-0.2229574022488396,-0.12014567606486325,-0.6616825781270738,-0.6504436355879909,0.06408129851078903,0.3952847075210472
-0.14613278297952845,-0.005869096460838173,-0.24516702844140317,-0.18335272269018976,-1.476150055133345,-0.226567549220855,-0.5424290455229532,0.010008714646709188,-0.2229574022488396,-0.12014567606486325,-0.6616825781270738,-0.6504436355879909,-0.11085473642248514,0.3952847075210472
-0.4720626070149231,-0.020736038868068785,-0.2505699955592572,0.8737165722353109,0.608849096358948,-0.609732668202214,-0.7712103385981351,0.010008714646709188,-0.2229574022488396,-0.12014567606486325,-0.6616825781270738,-0.6504436355879909,-0.14834102962247217,0.3952847075210472
-0.780784270209042,-0.3645902560169379,-0.3455599587533782,0.23899197773668185,-0.8381704653859173,-0.728844946811443,-0.8423302286178644,0.010008714646709188,-0.2229574022488396,-0.12014567606486325,-0.6616825781270738,-0.6504436355879909,-0.0639968699225005,-2.5298221281347035
-0.9232048462254565,-0.49587380074410004,-0.36666904936887457,1.4856077130840366,1.0554141610936734,-0.728844946811443,-0.8423302286178644,0.010008714646709188,-0.2229574022488396,-0.12014567606486325,1.2215678365422902,1.5374122295716144,1.4823127245769672,-2.5298221281347035
-1.015476732154634,-0.6947095251715294,-0.38268916508169826,1.7803919676939644,1.473069662856529,-0.728844946811443,-0.8423302286178644,0.010008714646709188,-0.2229574022488396,-0.12014567606486325,1.2215678365422902,-0.6504436355879909,-0.7356262897556016,-2.5298221281347035
-1.037358494378689,-0.7610696737547553,-0.3837592765353673,-0.13180275107504824,-0.8857905995964451,-0.728844946811443,-0.8423302286178644,0.010008714646709188,-0.2229574022488396,-0.12014567606486325,-0.6616825781270738,-0.6504436355879909,-0.07336844322249754,-2.5298221281347035
-1.037358494378689,-0.7610696737547553,-0.3837592765353673,-0.13180275107504824,-0.8857905995964451,-0.728844946811443,-0.8423302286178644,0.010008714646709188,-0.2229574022488396,-0.12014567606486325,-0.6616825781270738,1.5374122295716144,-0.05462529662250402,-2.5298221281347035
0.14810398157265794,2.83404598637931,2.7570390191804592,1.7803919676939648,1.4730696628565256,-0.728844946811443,3.01064834088176,0.010008714646709188,-0.2229574022488396,-0.12014567606486325,-2.5449329927964377,1.5374122295716144,-1.4978475848220054,0.3952847075210472
1.2830874574978401,3.3037502637644742,3.631346000616573,-0.12710731116219678,-1.8871782562413666,-0.728844946811443,2.8465819876599836,0.010008714646709188,-0.2229574022488396,-0.12014567606486325,1.2215678365422902,1.5374122295716144,0.4077056528440038,0.3952847075210472
2.0973357306019933,2.560927689854621,2.2979573204883175,-1.5790167101250832,0.7994893678527156,-0.728844946811443,1.804131561751899,0.010008714646709188,-0.2229574022488396,-0.12014567606486325,1.2215678365422902,-0.6504436355879909,-0.8855714625555504,0.3952847075210472
2.8703963682843923,0.5326864135457109,0.02298282236036766,-0.11642382470271401,-1.7419650510366922,3.4792719824650296,1.6702639110858393,0.010008714646709188,-0.2229574022488396,-0.12014567606486325,-0.6616825781270738,-0.6504436355879909,-0.7981034450889144,0.3952847075210472
2.4389601937448333,0.32488144294288723,-0.09718654359719692,1.670380313473305,1.3348788296610872,3.3756595246660797,1.6083986971097861,0.010008714646709188,-0.2229574022488396,-0.12014567606486325,-0.6616825781270738,1.5374122295716144,-0.23580904708910844,0.3952847075210472
1.657137954625316,0.5436773042570703,0.0299229975889951,-1.9648204281132973,1.3865979907192476,1.1935705881736507,0.30551097647654846,0.010008714646709188,-0.2229574022488396,-0.12014567606486325,1.2215678365422902,-0.6504436355879909,1.8446802255101753,0.3952847075210472
1.130619418091652,0.799729524329168,0.2082225569116308,-0.18051839769751468,-1.779712977030742,0.8373974881267281,0.09284615300837844,0.010008714646709188,-0.2229574022488396,-0.12014567606486325,-0.6616825781270738,1.5374122295716144,1.957139105110137,0.3952847075210472
0.5796005184274912,0.6900991665066245,0.12798171005551626,1.4986404818421661,1.150663006528479,0.47982815231535064,-0.1206523387865928,0.010008714646709188,-0.2229574022488396,-0.12014567606486325,1.2215678365422902,1.5374122295716144,2.3257543215766767,0.3952847075210472
0.029058978519416478,-0.34808758045308136,-0.3423138364545282,0.5102108866905817,-0.44455542762810235,0.3788141784813447,-0.18096604274232989,0.010008714646709188,-0.2229574022488396,-0.12014567606486325,1.2215678365422902,-0.6504436355879909,-0.9168100402222058,0.3952847075210472
-0.13924170176794864,-0.48943627690572183,-0.36582926197659593,1.1503725461557304,0.777205401323846,0.27743424982734444,-0.24149825201803965,0.010008714646709188,-0.2229574022488396,-0.12014567606486325,-0.6616825781270738,-0.6504436355879909,-1.8164810770218969,0.3952847075210472
-0.2580210881639528,-0.6216755071210885,-0.3790375208435665,-0.0029750985363875865,-0.34796887686276257,0.1908278370828124,-0.2932094493967888,0.010008714646709188,-0.2229574022488396,-0.12014567606486325,-0.6616825781270738,1.5374122295716144,-2.078885129421805,0.3952847075210472
-0.33168662436010643,-0.6189976314092677,-0.37885436069256745,-0.23276159123685677,-0.08359465728808152,0.07883348920508697,-0.360079345572866,0.010008714646709188,-0.2229574022488396,-0.12014567606486325,1.2215678365422902,-0.6504436355879909,-1.3916364207553757,0.3952847075210472
-0.40744455725954604,-0.6104751556324439,-0.37824824826041314,-0.34205857029377246,-0.37512635826779106,-0.03357034146636402,-0.42719373687232415,0.010008714646709188,-0.2229574022488396,-0.12014567606486325,-0.6616825781270738,-0.6504436355879909,-1.5040953003553372,0.3952847075210472
-0.5067763792957107,-0.5449279178848074,-0.3724067725411066,-0.877948249214938,0.2618576154752492,-0.26327355697472804,-0.5643455705445518,0.010008714646709188,-0.2229574022488396,-0.12014567606486325,-0.6616825781270738,1.5374122295716144,-0.8668283159555569,0.3952847075210472
-0.6081540665714741,-0.5352967557338518,-0.37137250848865405,-0.0725325808467342,-1.0677766974876708,-0.36101653486061497,-0.6227062191578719,0.010008714646709188,-0.2229574022488396,-0.12014567606486325,1.2215678365422902,-0.6504436355879909,1.1636792323770762,0.3952847075210472
-0.7079231672518679,-0.5560973151531657,-0.3735497662732304,0.7225207347790827,0.38337363142542935,-0.4642546220335405,-0.6843479028811217,0.010008714646709188,-0.2229574022488396,-0.12014567606486325,-0.6616825781270738,-0.6504436355879909,0.6763574207772439,0.3952847075210472
-0.8060116298607475,-0.6149143397139933,-0.37856836470055394,-0.17961871298238968,-0.3044512847156183,-0.5675099833922331,-0.7459999007231698,0.010008714646709188,-0.2229574022488396,-0.12014567606486325,-0.6616825781270738,-0.6504436355879909,0.264008195577387,0.3952847075210472
-0.8455603327338903,-0.6668011337367624,-0.38159980305537333,0.1074350322681585,0.5947873174360125,-0.5675099833922331,-0.6928863786367189,0.010008714646709188,-0.2229574022488396,-0.12014567606486325,1.2215678365422902,-0.6504436355879909,0.4077056528440038,0.3952847075210472
-0.8298664314307864,-0.6243043354686619,-0.3792139362614064,0.9639066395451178,0.8641103477175937,-0.5675099833922331,-0.57169805431134,0.010008714646709188,-0.2229574022488396,-0.12014567606486325,-0.6616825781270738,-0.6504436355879909,0.5201645324439633,0.3952847075210472
-0.8229471425616773,-0.6247213745415936,-0.37924161424489544,0.5360920301795948,0.4472291622722565,-0.5675099833922331,-0.6618588977293899,0.010008714646709188,-0.2229574022488396,-0.12014567606486325,-0.6616825781270738,1.5374122295716144,0.8575411712438483,0.3952847075210472
-0.8248151380483384,-0.6206387283782417,-0.3789670211736751,0.416747775473713,0.4262007114563124,-0.577678323426727,-0.7520712414227203,0.010008714646709188,-0.2229574022488396,-0.12014567606486325,1.2215678365422902,-0.6504436355879909,-0.1608364606891338,0.3952847075210472
-0.5746880347740161,-0.018623824960604156,-0.24980891824128015,1.5864108394477798,1.2491232193646726,-0.577678323426727,0.120074291243262,0.010008714646709188,-0.2229574022488396,-0.12014567606486325,1.2215678365422902,-0.6504436355879909,0.43269651497732925,0.3952847075210472
-0.3911248544886582,0.08465867590239354,-0.20994874385223272,-0.12813335529826092,-1.7576513955506052,-0.577678323426727,0.024917202718273957,0.010008714646709188,-0.2229574022488396,-0.12014567606486325,-0.6616825781270738,-0.6504436355879909,0.057833582977457124,0.3952847075210472
-0.3130541638970987,-0.007219163827643988,-0.24566210651838558,-0.6488403062398301,-0.7212969300405153,-0.577678323426727,-0.40811430112044117,0.010008714646709188,-0.2229574022488396,-0.12014567606486325,-0.6616825781270738,-0.6504436355879909,-0.24205676262243814,0.3952847075210472
0.05385850090623664,-0.10770203099478455,-0.28002326205519174,-0.5778631641315813,0.5518000218195697,-0.001615918219158042,0.4404647207389938,0.010008714646709188,-0.2229574022488396,-0.12014567606486325,1.2215678365422902,-0.6504436355879909,0.7700731537772121,0.3952847075210472
0.1350374312979019,-0.030389647083096036,-0.25402080270235255,-1.018114760296727,-0.13381179531672993,-0.001615918219158042,0.38392125851481146,0.010008714646709188,-0.2229574022488396,-0.12014567606486325,-0.6616825781270738,-0.6504436355879909,0.2827513421773805,0.3952847075210472
0.2282287099905892,-0.016941795490320776,-0.24920129501459268,-1.968047715313047,1.384499469639921,-0.001615918219158042,0.3278065872000898,0.010008714646709188,-0.2229574022488396,-0.12014567606486325,-0.6616825781270738,-0.6504436355879909,-0.12959788302247865,0.3952847075210472
0.43855106673742444,-0.628280225870313,-0.37947436911205257,-0.06456192250161032,-0.30682717743207955,1.1432633149093696,0.2754733700809395,0.010008714646709188,-0.2229574022488396,-0.12014567606486325,-0.6616825781270738,1.5374122295716144,-0.24205676262243814,0.3952847075210472
0.34913315119242894,-0.5745333394140533,-0.3753037396351885,-0.9978910944128896,0.3999186490642451,0.9328504698127627,0.14983948433266073,0.010008714646709188,-0.2229574022488396,-0.12014567606486325,1.2215678365422902,-0.6504436355879909,0.4389442305106595,0.3952847075210472
0.11266949603841606,-0.15178871053616363,-0.2935503466810919,-1.760243123132884,1.1008070915827406,0.03771480175902475,-0.3846306056366038,0.010008714646709188,-0.2229574022488396,-0.12014567606486325,-0.6616825781270738,-0.6504436355879909,0.06408129851078903,0.3952847075210472
-0.15611539393714588,-0.014310092943876744,-0.24824784929091842,-0.1833373117954587,-1.4761590136534832,-0.23220561739246737,-0.5457954389206003,0.010008714646709188,-0.2229574022488396,-0.12014567606486325,-0.6616825781270738,-0.6504436355879909,-0.11085473642248514,0.3952847075210472
-0.4783987411629651,-0.02902161752869892,-0.25353453727594516,0.8737674639513198,0.6088862890589601,-0.6110699719990109,-0.7720088196620664,0.010008714646709188,-0.2229574022488396,-0.12014567606486325,-0.6616825781270738,-0.6504436355879909,-0.14834102962247217,0.3952847075210472
-0.7836638609300375,-0.36903945091669654,-0.3464124751706894,0.2389990450279943,-0.8381609268555427,-0.728844946811443,-0.8423302286178644,0.010008714646709188,-0.2229574022488396,-0.12014567606486325,-0.6616825781270738,-0.6504436355879909,-0.0639968699225005,-2.5298221281347035
-0.9244862710510015,-0.4988506116109404,-0.3670505699572338,1.4856090126337362,1.0554161541596607,-0.728844946811443,-0.8423302286178644,0.010008714646709188,-0.2229574022488396,-0.12014567606486325,1.2215678365422902,1.5374122295716144,1.4823127245769672,-2.5298221281347035
-1.015722404255316,-0.6954545674096523,-0.3827130590188526,1.7803919676939641,1.4730696628565279,-0.728844946811443,-0.8423302286178644,0.010008714646709188,-0.2229574022488396,-0.12014567606486325,1.2215678365422902,-0.6504436355879909,-0.7356262897556016,-2.5298221281347035
-1.037358494378689,-0.7610696737547553,-0.3837592765353673,-0.13180275107504824,-0.8857905995964451,-0.728844946811443,-0.8423302286178644,0.010008714646709188,-0.2229574022488396,-0.12014567606486325,-0.6616825781270738,-0.6504436355879909,-0.07336844322249754,-2.5298221281347035
-1.037358494378689,-0.7610696737547553,-0.3837592765353673,-0.13180275107504824,-0.8857905995964451,-0.728844946811443,-0.8423302286178644,0.010008714646709188,-0.2229574022488396,-0.12014567606486325,-0.6616825781270738,1.5374122295716144,-0.05462529662250402,-2.5298221281347035
0.18683364597530727,2.951500250711006,2.965614356870375,1.7803919676939641,1.473069662856524,-0.728844946811443,3.1365271181307466,-5.0857607886166845,4.997669917978198,0.47016023825100894,-2.5449329927964377,1.5374122295716144,-1.4978475848220054,0.3952847075210472
1.3659397472667796,3.448375801505882,3.9221422141581592,-0.12830954304931383,-1.8896236599349563,-0.728844946811443,2.989988913998972,3.831835842094255,3.6925130879214394,0.33951261393231497,1.2215678365422902,1.5374122295716144,0.4077056528440038,0.3952847075210472
2.2122004467832777,2.679259744024471,2.492409524626693,-1.5882010459432456,0.8109936607081573,-0.728844946811443,1.908178037643475,0.010008714646709188,-0.2229574022488396,-0.12014567606486325,1.2215678365422902,-0.6504436355879909,-0.8855714625555504,0.3952847075210472
3.015721782414096,0.5672088787684805,0.044979370758973305,-0.12826843384967707,-1.7629584231441795,3.6450832687550725,1.769266974268479,0.010008714646709188,-0.2229574022488396,-0.12014567606486325,-0.6616825781270738,-0.6504436355879909,-0.7981034450889144,0.3952847075210472
2.575295026450691,0.3658800260595846,-0.07513976656037841,1.670383196242729,1.3348849199040378,3.537542735948737,1.7050563743609635,0.010008714646709188,-0.2229574022488396,-0.12014567606486325,-0.6616825781270738,1.5374122295716144,-0.23580904708910844,0.3952847075210472
1.763231176189976,0.5951192165965138,0.06318633534162497,-1.9650786147115327,1.3868672037771728,1.2691311950767312,0.35062691343550023,-4.448789600708762,4.34509150294982,1.6025900160829294,1.2215678365422902,-0.6504436355879909,1.8446802255101753,0.3952847075210472
1.2160494241443491,0.8613040367337669,0.2558520022818215,-0.18045472516068198,-1.7798951103355503,0.8991763502183033,0.1297332475111313,0.010008714646709188,-0.2229574022488396,-0.12014567606486325,-0.6616825781270738,1.5374122295716144,1.957139105110137,0.3952847075210472
0.6433658376997695,0.7472940054754638,0.169115078045999,1.4989738485927089,1.151044146708684,0.5277087993201551,-0.09206362913536688,0.010008714646709188,-0.2229574022488396,-0.12014567606486325,1.2215678365422902,1.5374122295716144,2.3257543215766767,0.3952847075210472
0.07115604030908652,-0.3320576037851597,-0.33903396907026195,0.5100308329203868,-0.44478559030175613,0.4227473135398921,-0.15473432448399319,0.010008714646709188,-0.2229574022488396,-0.12014567606486325,1.2215678365422902,-0.6504436355879909,-0.9168100402222058,0.3952847075210472
-0.10368666092840799,-0.47885336264674777,-0.36440492902554905,1.1501010889465708,0.7769671318632253,0.31738369278028455,-0.21764512770258884,0.010008714646709188,-0.2229574022488396,-0.12014567606486325,-0.6616825781270738,-0.6504436355879909,-1.8164810770218969,0.3952847075210472
-0.22710231795552896,-0.6162056697724718,-0.37865968628157987,-0.0031996485372371873,-0.34808290150847454,0.22736939180092808,-0.2713911164503737,0.010008714646709188,-0.2229574022488396,-0.12014567606486325,-0.6616825781270738,1.5374122295716144,-2.078885129421805,0.3952847075210472
-0.3036615911439456,-0.6134069471791606,-0.3784607382145373,-0.2328662042130504,-0.08358526701152187,0.11096222357529548,-0.3408958316516969,0.010008714646709188,-0.2229574022488396,-0.12014567606486325,1.2215678365422902,-0.6504436355879909,-1.3916364207553757,0.3952847075210472
-0.3824063545839939,-0.6045320224445683,-0.3778046854940101,-0.34228616732256195,-0.37498031730295334,-0.005895869118274087,-0.41066978608629917,0.010008714646709188,-0.2229574022488396,-0.12014567606486325,-0.6616825781270738,-0.6504436355879909,-1.5040953003553372,0.3952847075210472
-0.48566907563265893,-0.5363624409085239,-0.37148916766257867,-0.8782043023912512,0.26197598492980234,-0.2447217662568959,-0.5532686158348715,0.010008714646709188,-0.2229574022488396,-0.12014567606486325,-0.6616825781270738,1.5374122295716144,-0.8668283159555569,0.3952847075210472
-0.5910653393900113,-0.5263329067511254,-0.37036940067704244,-0.07258398524942156,-1.067810931465969,-0.3463499002968448,-0.6139490242715501,0.010008714646709188,-0.2229574022488396,-0.12014567606486325,1.2215678365422902,-0.6504436355879909,1.1636792323770762,0.3952847075210472
-0.694797307559526,-0.5479515584861353,-0.37272217478024056,0.7224442467330191,0.38332977681939845,-0.45369755870252837,-0.6780444621964203,0.010008714646709188,-0.2229574022488396,-0.12014567606486325,-0.6616825781270738,-0.6504436355879909,0.6763574207772439,0.3952847075210472
-0.7967869336287549,-0.6090952648179966,-0.37814679094611536,-0.17973356740185562,-0.3044348985898871,-0.5610712992878615,-0.7421554733415312,0.010008714646709188,-0.2229574022488396,-0.12014567606486325,-0.6616825781270738,-0.6504436355879909,0.264008195577387,0.3952847075210472
-0.8356001521563489,-0.6633869705856447,-0.3814405493621205,-0.09458131986630755,0.629741873774852,-0.5610712992878615,-0.6794189598852916,0.010008714646709188,-0.2229574022488396,-0.12014567606486325,1.2215678365422902,-0.6504436355879909,0.4077056528440038,0.3952847075210472
-0.8195134572318308,-0.6205543021522478,-0.37896125729232766,0.846595586908249,0.8303126585551808,-0.5610712992878615,-0.5616642054302794,0.010008714646709188,-0.2229574022488396,-0.12014567606486325,-0.6616825781270738,-0.6504436355879909,0.5201645324439633,0.3952847075210472
-0.8124743078850599,-0.6213397817754858,-0.3790147491299238,0.4285627460011223,0.5290343199487284,-0.5610712992878615,-0.6551658876899975,0.010008714646709188,-0.2229574022488396,-0.12014567606486325,-0.6616825781270738,1.5374122295716144,0.8575411712438483,0.3952847075210472
-0.814494957641899,-0.6167757061124663,-0.37869974084712643,0.2986281224423141,0.5096696297455204,-0.5720706052095696,-0.7487229694601439,0.010008714646709188,-0.2229574022488396,-0.12014567606486325,1.2215678365422902,-0.6504436355879909,-0.1608364606891338,0.3952847075210472
-0.5573217404374122,0.00953124638958303,-0.23945694125930492,1.586726591568222,1.2494819339618126,-0.5720706052095696,0.15644292072207255,0.010008714646709188,-0.2229574022488396,-0.12014567606486325,1.2215678365422902,-0.6504436355879909,0.43269651497732925,0.3952847075210472
-0.3667552673627367,0.11672643201556862,-0.19651799169491452,-0.128106494909146,-1.7578082041804588,-0.5720706052095696,0.05771308547267471,0.010008714646709188,-0.2229574022488396,-0.12014567606486325,-0.6616825781270738,-0.6504436355879909,0.057833582977457124,0.3952847075210472
-0.2856843915833043,0.021317870982562014,-0.23500886735672347,-0.6490888721779814,-0.720924392391489,-0.5720706052095696,-0.39167011846453226,0.010008714646709188,-0.2229574022488396,-0.12014567606486325,-0.6616825781270738,-0.6504436355879909,-0.24205676262243814,0.3952847075210472
0.09580509856314307,-0.08145620492038251,-0.2715217034112547,-0.5684528661332272,0.5505452240462787,0.02592495769429327,0.491190448165333,-4.448789600708762,4.34509150294982,1.4210002007774112,1.2215678365422902,-0.6504436355879909,0.7700731537772121,0.3952847075210472
0.18072818341505267,-0.0006734627788916288,-0.2432534929895095,-1.0137800960523085,-0.14177183596684678,0.02592495769429327,0.43245910227823287,0.010008714646709188,-0.2229574022488396,-0.12014567606486325,-0.6616825781270738,-0.6504436355879909,0.2827513421773805,0.3952847075210472
0.27809323987001866,0.013191185670974923,-0.2380829694499464,-1.9683026486886397,1.384793922910086,0.02592495769429327,0.3741680417023463,0.010008714646709188,-0.2229574022488396,-0.12014567606486325,-0.6616825781270738,-0.6504436355879909,-0.12959788302247865,0.3952847075210472
0.4969892410036646,-0.6231184237836574,-0.37913476792018036,-0.06497488854458598,-0.30670941902168314,1.2174743953722422,0.31978352804609683,-4.448789600708762,4.34509150294982,1.6483127254728651,-0.6616825781270738,1.5374122295716144,-0.24205676262243814,0.3952847075210472
0.40407180827094386,-0.56720754204358,-0.3746265536337412,-0.9984690309813978,0.4002615289614406,0.9987569611239002,0.18919111514993206,4.46880703000218,4.34509150294982,1.8722026098764695,1.2215678365422902,-0.6504436355879909,0.4389442305106595,0.3952847075210472
0.1582726944229499,-0.12769225837866252,-0.28627390305147005,-1.7603218876472206,1.100904365041259,0.06818934858271293,-0.3664347786084584,0.010008714646709188,-0.2229574022488396,-0.12014567606486325,-0.6616825781270738,-0.6504436355879909,0.06408129851078903,0.3952847075210472
-0.12114813859418538,0.015255277866404028,-0.23730522089972586,-0.1833913795079131,-1.4761275732123504,-0.21245522984448553,-0.5340028226877458,0.010008714646709188,-0.2229574022488396,-0.12014567606486325,-0.6616825781270738,-0.6504436355879909,-0.11085473642248514,0.3952847075210472
-0.45620397777831373,5.197311571769737e-07,-0.2430043060324553,0.8735889054295545,0.6087558011864697,-0.6063853129045187,-0.7692116904032663,0.010008714646709188,-0.2229574022488396,-0.12014567606486325,-0.6616825781270738,-0.6504436355879909,-0.14834102962247217,0.3952847075210472
-0.7735765829258262,-0.3534538719092978,-0.343383923159095,0.2389742480278766,-0.8381943944303717,-0.728844946811443,-0.8423302286178644,0.010008714646709188,-0.2229574022488396,-0.12014567606486325,-0.6616825781270738,-0.6504436355879909,-0.0639968699225005,-2.5298221281347035
-0.9199973813512378,-0.48842272079891924,-0.3656952064377014,1.4856044527923171,1.0554091609154543,-0.728844946811443,-0.8423302286178644,0.010008714646709188,-0.2229574022488396,-0.12014567606486325,1.2215678365422902,1.5374122295716144,1.4823127245769672,-2.5298221281347035
-1.014861799474654,-0.692844637709856,-0.3826281743004217,1.7803919676939648,1.4730696632543312,-0.728844946811443,-0.8423302286178644,0.010008714646709188,-0.2229574022488396,-0.12014567606486325,1.2215678365422902,-0.6504436355879909,-0.7356262897556016,-2.5298221281347035
-1.037358494378689,-0.7610696737547553,-0.3837592765353673,-0.13180275107504824,-0.8857905995964451,-0.728844946811443,-0.8423302286178644,0.010008714646709188,-0.2229574022488396,-0.12014567606486325,-0.6616825781270738,-0.6504436355879909,-0.07336844322249754,-2.5298221281347035
-1.037358494378689,-0.7610696737547553,-0.3837592765353673,-0.13180275107504824,-0.8857905995964451,-0.728844946811443,-0.8423302286178644,0.010008714646709188,-0.2229574022488396,-0.12014567606486325,-0.6616825781270738,1.5374122295716144,-0.05462529662250402,-2.5298221281347035
0.15788399399042635,2.86370552981716,2.809075678440224,1.7803919676939644,1.4730696628565265,-0.728844946811443,3.042435241791345,5.105778217910103,4.997669917978198,0.48445788066489986,-2.5449329927964377,1.5374122295716144,-1.4978475848220054,0.3952847075210472
1.3255955294005874,3.376817510969613,3.776990559313452,-0.13045450519211596,-1.8939873630756565,-0.728844946811443,2.9529544071798375,0.010008714646709188,-0.2229574022488396,-0.12014567606486325,1.2215678365422902,1.5374122295716144,0.4077056528440038,0.3952847075210472
2.1635859972696934,2.6211773605344413,2.3961137671322117,-1.6063541555012035,0.8343985038362562,-0.728844946811443,1.8812982114586545,0.010008714646709188,-0.2229574022488396,-0.12014567606486325,1.2215678365422902,-0.6504436355879909,-0.8855714625555504,0.3952847075210472
2.959237409837543,0.5220007056181755,0.016291641253708262,-0.15085558094743284,-1.8015731977859815,3.6022437360469124,1.7436882271378291,0.010008714646709188,-0.2229574022488396,-0.12014567606486325,-0.6616825781270738,-0.6504436355879909,-0.7981034450889144,0.3952847075210472
2.5400765803967995,0.3553027449944687,-0.0809058376984619,1.6703824667443166,1.3348833634081285,3.4957167605706516,1.6800828048550331,0.010008714646709188,-0.2229574022488396,-0.12014567606486325,-0.6616825781270738,1.5374122295716144,-0.23580904708910844,0.3952847075210472
1.7358212540787976,0.5818282200703674,0.05446890057597831,-1.9650116359822236,1.386797357864636,1.2496107550810334,0.3389715949255982,0.010008714646709188,-0.2229574022488396,-0.12014567606486325,1.2215678365422902,-0.6504436355879909,1.8446802255101753,0.3952847075210472
1.1939774136934467,0.8453948026549477,0.2433692639810736,-0.18047126567326988,-1.7798478132723716,0.883214412980335,0.12020264970777285,0.010008714646709188,-0.2229574022488396,-0.12014567606486325,-0.6616825781270738,1.5374122295716144,1.957139105110137,0.3952847075210472
0.626890776253236,0.7325168479070502,0.15833532775639533,1.4988872537076596,1.1509451435924785,0.515335978677659,-0.09945122723694483,0.010008714646709188,-0.2229574022488396,-0.12014567606486325,1.2215678365422902,1.5374122295716144,2.3257543215766767,0.3952847075210472
0.06027903841142362,-0.33619704360451,-0.33989289382178206,0.5100776012251068,-0.4447258134558524,0.41139409542097494,-0.16151313547993043,0.010008714646709188,-0.2229574022488396,-0.12014567606486325,1.2215678365422902,-0.6504436355879909,-0.9168100402222058,0.3952847075210472
-0.11287422669284526,-0.48158654409203294,-0.3647779959683283,1.1501716264878146,0.7770290390768548,0.30705961390635444,-0.22380945738078903,0.010008714646709188,-0.2229574022488396,-0.12014567606486325,-0.6616825781270738,-0.6504436355879909,-1.8164810770218969,0.3952847075210472
-0.23509242861798904,-0.6176186707087813,-0.37875868373222565,-0.003141300917442792,-0.3480532793803792,0.21792574153949706,-0.27702975736816843,0.010008714646709188,-0.2229574022488396,-0.12014567606486325,-0.6616825781270738,1.5374122295716144,-2.078885129421805,0.3952847075210472
-0.3109041473108089,-0.614851303979434,-0.37856388612979264,-0.23283901714659574,-0.08358770829908252,0.10265867845290769,-0.34585373542764164,0.010008714646709188,-0.2229574022488396,-0.12014567606486325,1.2215678365422902,-0.6504436355879909,-1.3916364207553757,0.3952847075210472
-0.38887721102879236,-0.6060675854486016,-0.3779209361482557,-0.3422270067665301,-0.37501828513575775,-0.01304837838404662,-0.41494042617719756,0.010008714646709188,-0.2229574022488396,-0.12014567606486325,-0.6616825781270738,-0.6504436355879909,-1.5040953003553372,0.3952847075210472
-0.49112418653126694,-0.5385758686016988,-0.3717297049755301,-0.8781377501778239,0.26194521301039037,-0.24951668503598323,-0.5561315792522785,0.010008714646709188,-0.2229574022488396,-0.12014567606486325,-0.6616825781270738,1.5374122295716144,-0.8668283159555569,0.3952847075210472
-0.595481989715236,-0.5286494257830895,-0.3706323748271897,-0.07257062331790863,-1.067802034100596,-0.3501407423486365,-0.6162124707688678,0.010008714646709188,-0.2229574022488396,-0.12014567606486325,1.2215678365422902,-0.6504436355879909,1.1636792323770762,0.3952847075210472
-0.6981898223139386,-0.5500567272484835,-0.372939145589964,0.7224641338402956,0.383341178089944,-0.4564262730505498,-0.6796737305354402,0.010008714646709188,-0.2229574022488396,-0.12014567606486325,-0.6616825781270738,-0.6504436355879909,0.6763574207772439,0.3952847075210472
-0.7991712144488466,-0.6105992272623849,-0.37825732535831325,-0.1797037052452042,-0.3044391592712308,-0.5627355375424423,-0.7431491613392288,0.010008714646709188,-0.2229574022488396,-0.12014567606486325,-0.6616825781270738,-0.6504436355879909,0.264008195577387,0.3952847075210472
-0.8268139754501429,-0.659378188454357,-0.38124632857963026,-0.877647624048873,0.20141613250636434,-0.5627355375424423,-0.6459758112717849,0.010008714646709188,-0.2229574022488396,-0.12014567606486325,1.2215678365422902,-0.6504436355879909,0.4077056528440038,0.3952847075210472
-0.810832777534083,-0.6220462319469795,-0.37906260287347926,0.1934522630247672,0.32438619202405783,-0.5627355375424423,-0.5642705372748589,0.010008714646709188,-0.2229574022488396,-0.12014567606486325,-0.6616825781270738,-0.6504436355879909,0.5201645324439633,0.3952847075210472
-0.803827252806744,-0.6245146252179632,-0.3792279033035281,-0.22008089629785926,0.5948093609480419,-0.5627355375424423,-0.6569044424389316,0.010008714646709188,-0.2229574022488396,-0.12014567606486325,-0.6616825781270738,1.5374122295716144,0.8575411712438483,0.3952847075210472
-0.8058097685600578,-0.6195126054134085,-0.3788898543229664,-0.33765188004184366,0.6046358372586704,-0.5735272629225983,-0.7495927146917574,0.010008714646709188,-0.2229574022488396,-0.12014567606486325,1.2215678365422902,-0.6504436355879909,-0.1608364606891338,0.3952847075210472
-0.5618130770037085,0.002276396913625528,-0.24216123006751566,1.5866761239469678,1.2494245236889312,-0.5735272629225983,0.14705985427382143,0.010008714646709188,-0.2229574022488396,-0.12014567606486325,1.2215678365422902,-0.6504436355879909,0.43269651497732925,0.3952847075210472
-0.37304808575823467,0.10846198106052697,-0.20002714786605863,-0.12810904490320682,-1.757779627268439,-0.5735272629225983,0.049251594968871694,0.010008714646709188,-0.2229574022488396,-0.12014567606486325,-0.6616825781270738,-0.6504436355879909,0.057833582977457124,0.3952847075210472
-0.29274772375538977,0.013959857847059713,-0.23779357626383177,-0.6490373578100125,-0.7209988890169111,-0.5735272629225983,-0.3959129895701041,0.010008714646709188,-0.2229574022488396,-0.12014567606486325,-0.6616825781270738,-0.6504436355879909,-0.24205676262243814,0.3952847075210472
0.08497660953841733,-0.08824174399039789,-0.2737517663720134,-0.5708964204335732,0.5508672191726599,0.018818956193310536,0.4780832268783219,0.010008714646709188,-0.2229574022488396,-0.12014567606486325,1.2215678365422902,-0.6504436355879909,0.7700731537772121,0.3952847075210472
0.16892767924420182,-0.008359121724825258,-0.2460794463755747,-1.014904486015131,-0.13970640357915576,0.018818956193310536,0.41991680168868717,0.010008714646709188,-0.2229574022488396,-0.12014567606486325,-0.6616825781270738,-0.6504436355879909,0.2827513421773805,0.3952847075210472
0.26521008732502005,0.00539894867032508,-0.24100041566918107,-1.9682365227806322,1.3847175443168067,0.018818956193310536,0.3621877380192888,0.010008714646709188,-0.2229574022488396,-0.12014567606486325,-0.6616825781270738,-0.6504436355879909,-0.12959788302247865,0.3952847075210472
0.4818885109201897,-0.6244514294522254,-0.3792237082207856,-0.06486759484299337,-0.3067400361811538,1.198297121416334,0.30833310806801134,0.010008714646709188,-0.2229574022488396,-0.12014567606486325,-0.6616825781270738,1.5374122295716144,-0.24205676262243814,0.3952847075210472
0.38987501610800135,-0.5691000430632847,-0.3748039923602416,-0.9983188855004289,0.40017241841722206,0.9817254012108692,0.17902186407000736,0.010008714646709188,-0.2229574022488396,-0.12014567606486325,1.2215678365422902,-0.6504436355879909,0.4389442305106595,0.3952847075210472
0.1464879946169626,-0.13391865860102017,-0.28818113709996473,-1.7603014207195613,1.1008790878257155,0.0603134865782996,-0.37113732016088774,0.010008714646709188,-0.2229574022488396,-0.12014567606486325,-0.6616825781270738,-0.6504436355879909,0.06408129851078903,0.3952847075210472
-0.13018451379135318,0.007615457608411469,-0.24017354863295765,-0.1833773254342245,-1.4761357497175398,-0.2175595905508341,-0.537050548550228,0.010008714646709188,-0.2229574022488396,-0.12014567606486325,-0.6616825781270738,-0.6504436355879909,-0.11085473642248514,0.3952847075210472
-0.4619397724059736,-0.007499272733799769,-0.24576471322918267,0.8736353234344835,0.6087897211869976,-0.607596041554709,-0.7699345956272337,0.010008714646709188,-0.2229574022488396,-0.12014567606486325,-0.6616825781270738,-0.6504436355879909,-0.14834102962247217,0.3952847075210472
-0.7761835603679463,-0.3574818230879134,-0.3441779376132556,0.23898069412782755,-0.8381856944573491,-0.728844946811443,-0.8423302286178644,0.010008714646709188,-0.2229574022488396,-0.12014567606486325,-0.6616825781270738,-0.6504436355879909,-0.0639968699225005,-2.5298221281347035
-0.9211575076231638,-0.491117741661526,-0.36605055563719846,1.4856056381884921,1.0554109789074357,-0.728844946811443,-0.8423302286178644,0.010008714646709188,-0.2229574022488396,-0.12014567606486325,1.2215678365422902,1.5374122295716144,1.4823127245769672,-2.5298221281347035
-1.0150842188318423,-0.6935191620667431,-0.382650429603497,1.7803919676994675,1.4730696624231951,-0.728844946811443,-0.8423302286178644,0.010008714646709188,-0.2229574022488396,-0.12014567606486325,1.2215678365422902,-0.6504436355879909,-0.7356262897556016,-2.5298221281347035
-1.037358494378689,-0.7610696737547553,-0.3837592765353673,-0.13180275107504824,-0.8857905995964451,-0.728844946811443,-0.8423302286178644,0.010008714646709188,-0.2229574022488396,-0.12014567606486325,-0.6616825781270738,-0.6504436355879909,-0.07336844322249754,-2.5298221281347035
-1.037358494378689,-0.7610696737547553,-0.3837592765353673,-0.13180275107504824,-0.8857905995964451,-0.728844946811443,-0.8423302286178644,0.010008714646709188,-0.2229574022488396,-0.12014567606486325,-0.6616825781270738,1.5374122295716144,-0.05462529662250402,-2.5298221281347035
0.12252925348845987,2.7564862935974785,2.622983977490222,1.780391967693964,1.4730696628565256,-0.728844946811443,2.9275256092658775,0.010008714646709188,-0.2229574022488396,-0.12014567606486325,-2.5449329927964377,1.5374122295716144,-1.4978475848220054,0.3952847075210472
1.2673889516589032,3.2745128647103305,3.573794103244618,-0.13138035763479064,-1.8958712051881048,-0.728844946811443,2.878681588811908,0.010008714646709188,-0.2229574022488396,-0.12014567606486325,1.2215678365422902,1.5374122295716144,0.4077056528440038,0.3952847075210472
2.08879964601882,2.537981431429071,2.2610380627944258,-1.6179273436204153,0.8505057540359393,-0.728844946811443,1.8274107934138208,0.010008714646709188,-0.2229574022488396,-0.12014567606486325,1.2215678365422902,-0.6504436355879909,-0.8855714625555504,0.3952847075210472
2.868674949071622,0.4754762986828034,-0.012194234573280201,-0.16155492999951535,-1.8181669708161947,3.5163672726851027,1.6924128699631744,0.010008714646709188,-0.2229574022488396,-0.12014567606486325,-0.6616825781270738,-0.6504436355879909,-0.7981034450889144,0.3952847075210472
2.4694664864220717,0.3340689316098301,-0.09231704034141781,1.6703809696134981,1.3348802020754638,3.411874709373149,1.6300221601438598,4.46880703000218,4.34509150294982,0.7111072139119702,-0.6616825781270738,1.5374122295716144,-0.23580904708910844,0.3952847075210472
1.6808737856983946,0.5551855890369125,0.037252800639102183,-1.9648777172979055,1.386657720552527,1.210476640939806,0.31560528940075394,0.010008714646709188,-0.2229574022488396,-0.12014567606486325,1.2215678365422902,-0.6504436355879909,1.8446802255101753,0.3952847075210472
1.1497317707484251,0.8135043230617794,0.21871771092304332,-0.18050428950616218,-1.7797533478208385,0.851218096529739,0.10109820024569599,0.010008714646709188,-0.2229574022488396,-0.12014567606486325,-0.6616825781270738,1.5374122295716144,1.957139105110137,0.3952847075210472
0.5938656400914964,0.702894674112921,0.13704592580221223,1.4987143517067043,1.1507474636478399,0.49053778298105943,-0.11425780277409714,0.010008714646709188,-0.2229574022488396,-0.12014567606486325,1.2215678365422902,1.5374122295716144,2.3257543215766767,0.3952847075210472
0.03847625921514665,-0.34449923930513604,-0.3415904807192965,0.5101709861303656,-0.4446064392257504,0.38864038326284106,-0.17509898510955607,0.010008714646709188,-0.2229574022488396,-0.12014567606486325,1.2215678365422902,-0.6504436355879909,-0.9168100402222058,0.3952847075210472
-0.13128878262763397,-0.4870676147135117,-0.3655151966266607,1.1503124167065308,0.7771526172817651,0.28636912368264,-0.23616339272940592,0.010008714646709188,-0.2229574022488396,-0.12014567606486325,-0.6616825781270738,-0.6504436355879909,-1.8164810770218969,0.3952847075210472
-0.25110578136135153,-0.6204515925066966,-0.37895424050893695,-0.0030248388366850747,-0.3479941402385885,0.19900025460462578,-0.2883298396526625,0.010008714646709188,-0.2229574022488396,-0.12014567606486325,-0.6616825781270738,1.5374122295716144,-2.078885129421805,0.3952847075210472
-0.3254187844567926,-0.6177468144266107,-0.37876761372687234,-0.23278476075977222,-0.08359257823740647,0.08601866617695704,-0.3557892001573111,0.010008714646709188,-0.2229574022488396,-0.12014567606486325,1.2215678365422902,-0.6504436355879909,-1.3916364207553757,0.3952847075210472
-0.4018449179384358,-0.60914563493211,-0.37815051071304884,-0.3421089676934312,-0.37509402599762914,-0.02738145314499216,-0.4234984582503412,0.010008714646709188,-0.2229574022488396,-0.12014567606486325,-0.6616825781270738,-0.6504436355879909,-1.5040953003553372,0.3952847075210472
-0.5020560142914517,-0.543012073953304,-0.37220462725642817,-0.8780049499119208,0.2618838211173252,-0.25912496890072534,-0.5618685200590331,0.010008714646709188,-0.2229574022488396,-0.12014567606486325,-0.6616825781270738,1.5374122295716144,-0.8668283159555569,0.3952847075210472
-0.6043325287719913,-0.5332919545341117,-0.37115154963507924,-0.07254396226545282,-1.067784278047444,-0.35773683828791747,-0.620747968822375,0.010008714646709188,-0.2229574022488396,-0.12014567606486325,1.2215678365422902,-0.6504436355879909,1.1636792323770762,0.3952847075210472
-0.7049879254513506,-0.5542755520291528,-0.3733674786384261,0.722503802059419,0.3833639223330235,-0.46189395301846126,-0.6829383880713494,0.010008714646709188,-0.2229574022488396,-0.12014567606486325,-0.6616825781270738,-0.6504436355879909,0.6763574207772439,0.3952847075210472
-0.8039488393063629,-0.6136130239862185,-0.37847551708199306,-0.17964413803231083,-0.30444765887632025,-0.5660702398078591,-0.7451402546264545,0.010008714646709188,-0.2229574022488396,-0.12014567606486325,-0.6616825781270738,-0.6504436355879909,0.264008195577387,0.3952847075210472
-0.8205695290741872,-0.6475111476632152,-0.3806256025876137,-0.9127233168805413,-0.3601156938226795,-0.5660702398078591,-0.6158889237283551,0.010008714646709188,-0.2229574022488396,-0.12014567606486325,1.2215678365422902,-0.6504436355879909,0.4077056528440038,0.3952847075210472
-0.8047963425225895,-0.6175739629608541,-0.37875556629036994,-0.35069643279418367,-0.4659427453482464,-0.5660702398078591,-0.5694821118349962,0.010008714646709188,-0.2229574022488396,-0.12014567606486325,-0.6616825781270738,-0.6504436355879909,0.5201645324439633,0.3952847075210472
-0.7978559494626146,-0.6214806371224434,-0.3790243097931003,-0.7643067956016248,0.18981898659848934,-0.5660702398078591,-0.6603807902844329,0.010008714646709188,-0.2229574022488396,-0.12014567606486325,-0.6616825781270738,1.5374122295716144,0.8575411712438483,0.3952847075210472
-0.7997609311985971,-0.6164362571319195,-0.37867590791218536,-0.8428262324896131,0.254542974136108,-0.5764399126412734,-0.7513318076725722,0.010008714646709188,-0.2229574022488396,-0.12014567606486325,1.2215678365422902,-0.6504436355879909,-0.1608364606891338,0.3952847075210472
-0.5708165214899488,-0.012297856946461058,-0.2475165607603557,1.5865377966835037,1.2492673133557777,-0.5764399126412734,0.1282239622626165,0.010008714646709188,-0.2229574022488396,-0.12014567606486325,1.2215678365422902,-0.6504436355879909,0.43269651497732925,0.3952847075210472
-0.385674068254748,0.09186124251296457,-0.20697565513491012,-0.12811939677204615,-1.7577080786381627,-0.5764399126412734,0.03226608272287135,0.010008714646709188,-0.2229574022488396,-0.12014567606486325,-0.6616825781270738,-0.6504436355879909,0.057833582977457124,0.3952847075210472
-0.30692449545126427,-0.0008161137715738165,-0.24330620605975087,-0.6489189045139291,-0.7211742172489118,-0.5764399126412734,-0.40442969733602524,0.010008714646709188,-0.2229574022488396,-0.12014567606486325,-0.6616825781270738,-0.6504436355879909,-0.24205676262243814,0.3952847075210472
0.06325178166568356,-0.10183487486572482,-0.2781518252519742,-0.5757772127756456,0.5515184308050193,0.004555091781169803,0.45181151537874503,4.46880703000218,4.34509150294982,1.467895116722477,1.2215678365422902,-0.6504436355879909,0.7700731537772121,0.3952847075210472
0.14526367939918097,-0.023749632588071064,-0.25165210621504486,-1.0171528442763647,-0.13557765375918,0.004555091781169803,0.3947782318590264,0.010008714646709188,-0.2229574022488396,-0.12014567606486325,-0.6616825781270738,-0.6504436355879909,0.2827513421773805,0.3952847075210472
0.2393844082159031,-0.010207442761329111,-0.2467547765814016,-1.96810429062419,1.3845648136623603,0.004555091781169803,0.3381763569266062,0.010008714646709188,-0.2229574022488396,-0.12014567606486325,-0.6616825781270738,-0.6504436355879909,-0.12959788302247865,0.3952847075210472
0.45162239265116083,-0.6271248138579255,-0.37939947803606994,-0.06465341019680584,-0.30680110797531507,1.1598619484529393,0.2853841282821935,0.010008714646709188,-0.2229574022488396,-0.12014567606486325,-0.6616825781270738,1.5374122295716144,-0.24205676262243814,0.3952847075210472
0.3614213569352773,-0.5728941975176723,-0.37515448485617037,-0.9980191401772341,0.3999945880064727,0.9475913155560051,0.1586409894360646,0.010008714646709188,-0.2229574022488396,-0.12014567606486325,1.2215678365422902,-0.6504436355879909,0.4389442305106595,0.3952847075210472
0.12286932762241638,-0.14639861937900583,-0.2919471942589328,-1.7602605692902986,1.1008286366414344,0.04453020524370714,-0.3805612456014316,0.010008714646709188,-0.2229574022488396,-0.12014567606486325,-0.6616825781270738,-0.6504436355879909,0.06408129851078903,0.3952847075210472
-0.14829464584747176,-0.007696948438774378,-0.24583710087805402,-0.18334928372026255,-1.4761520550260212,-0.22778864896426101,-0.5431581431480526,0.010008714646709188,-0.2229574022488396,-0.12014567606486325,-0.6616825781270738,-0.6504436355879909,-0.11085473642248514,0.3952847075210472
-0.473434814929847,-0.022530328325215784,-0.25121481436146625,0.8737279298560394,0.608857396670999,-0.6100223053945178,-0.7713832759770753,0.010008714646709188,-0.2229574022488396,-0.12014567606486325,-0.6616825781270738,-0.6504436355879909,-0.14834102962247217,0.3952847075210472
-0.7814079315995162,-0.3655538570850162,-0.34574541187758573,0.23899355483197993,-0.838168336834691,-0.728844946811443,-0.8423302286178644,0.010008714646709188,-0.2229574022488396,-0.12014567606486325,-0.6616825781270738,-0.6504436355879909,-0.0639968699225005,-2.5298221281347035
-0.9234823792119494,-0.49651852197574836,-0.36675204491970265,1.4856080030919212,1.0554146058669363,-0.728844946811443,-0.8423302286178644,0.010008714646709188,-0.2229574022488396,-0.12014567606486325,1.2215678365422902,1.5374122295716144,1.4823127245769672,-2.5298221281347035
-1.0155299405412692,-0.6948708886124081,-0.3826943629881736,1.7803919676939657,1.4730696628565279,-0.728844946811443,-0.8423302286178644,0.010008714646709188,-0.2229574022488396,-0.12014567606486325,1.2215678365422902,-0.6504436355879909,-0.7356262897556016,-2.5298221281347035
-1.037358494378689,-0.7610696737547553,-0.3837592765353673,-0.13180275107504824,-0.8857905995964451,-0.728844946811443,-0.8423302286178644,0.010008714646709188,-0.2229574022488396,-0.12014567606486325,-0.6616825781270738,-0.6504436355879909,-0.07336844322249754,-2.5298221281347035
-1.037358494378689,-0.7610696737547553,-0.3837592765353673,-0.13180275107504824,-0.8857905995964451,-0.728844946811443,-0.8423302286178644,0.010008714646709188,-0.2229574022488396,-0.12014567606486325,-0.6616825781270738,1.5374122295716144,-0.05462529662250402,-2.5298221281347035
0.039835278776004096,2.5057028149817624,2.2095367339974734,1.7803919676939652,1.473069662856524,-0.728844946811443,2.658754459729372,0.010008714646709188,-0.2229574022488396,-0.12014567606486325,-2.5449329927964377,1.5374122295716144,-1.4978475848220054,0.3952847075210472
1.1227421974288205,3.0211039521977052,3.092380543399659,-0.1317332474494907,-1.8965892801785684,-0.728844946811443,2.6773232694684115,5.105778217910103,4.997669917978198,0.547176549331164,1.2215678365422902,1.5374122295716144,0.4077056528440038,0.3952847075210472
1.899242752162351,2.3318173314875557,1.9408096103394235,-1.6355877386984108,0.8778030159381621,-0.728844946811443,1.6814442959126337,0.010008714646709188,-0.2229574022488396,-0.12014567606486325,1.2215678365422902,-0.6504436355879909,-0.8855714625555504,0.3952847075210472
2.6363919641295155,0.3750838147145186,-0.07007819586709063,-0.1674395740287276,-1.8212442949664789,3.283789932105061,1.5535449457133226,-4.448789600708762,4.34509150294982,0.7376411083462346,-0.6616825781270738,-0.6504436355879909,-0.7981034450889144,0.3952847075210472
2.2781665770587307,0.2763714750536963,-0.1222173897646739,1.670376662748618,1.3348713219611816,3.184823515425347,1.4944538028681833,0.010008714646709188,-0.2229574022488396,-0.12014567606486325,-0.6616825781270738,1.5374122295716144,-0.23580904708910844,0.3952847075210472
1.5320525081636875,0.4830336948255177,-0.0076385685510597925,-1.9645154275962713,1.3862800542549536,1.1044700916748762,0.25231060464515,0.010008714646709188,-0.2229574022488396,-0.12014567606486325,1.2215678365422902,-0.6504436355879909,1.8446802255101753,0.3952847075210472
1.02990278498742,0.7271441170914383,0.15444229595894277,-0.18059331439547155,-1.7794984598671282,0.7645700876137107,0.04936216650938072,0.010008714646709188,-0.2229574022488396,-0.12014567606486325,-0.6616825781270738,1.5374122295716144,1.957139105110137,0.3952847075210472
0.5044300128574346,0.6226710426060736,0.08153076042065484,1.498248176004274,1.1502144625978425,0.42340516991712823,-0.15434152977177626,0.010008714646709188,-0.2229574022488396,-0.12014567606486325,1.2215678365422902,1.5374122295716144,2.3257543215766767,0.3952847075210472
-0.020563345692914296,-0.36701034088590645,-0.3460248678804342,0.5104228110507096,-0.44428442753111264,0.32704841708815147,-0.21187448727935004,0.010008714646709188,-0.2229574022488396,-0.12014567606486325,1.2215678365422902,-0.6504436355879909,-0.9168100402222058,0.3952847075210472
-0.18114237217750342,-0.50192505515854,-0.36744008264615335,1.1506916720522387,0.7774855988928266,0.230366189732125,-0.2696017800211942,0.010008714646709188,-0.2229574022488396,-0.12014567606486325,-0.6616825781270738,-0.6504436355879909,-1.8164810770218969,0.3952847075210472
-0.2944514119435049,-0.6281264805962327,-0.3794644411298066,-0.0027111009182918277,-0.34783473754165517,0.14777799494055502,-0.31891376866826,-4.608032397685742,4.508236106706914,3.9464965778904477,-0.6616825781270738,1.5374122295716144,-2.078885129421805,0.3952847075210472
-0.3647044675152034,-0.6255895418152648,-0.37929896149561354,-0.23263865316127735,-0.08360568129749171,0.040986174466836625,-0.3826773253374634,0.010008714646709188,-0.2229574022488396,-0.12014567606486325,1.2215678365422902,-0.6504436355879909,-1.3916364207553757,0.3952847075210472
-0.4369412406246777,-0.6174808996505563,-0.37874907393129215,-0.3417912623791864,-0.37529779227359195,-0.06616884559592318,-0.4466577422256925,0.010008714646709188,-0.2229574022488396,-0.12014567606486325,-0.6616825781270738,-0.6504436355879909,-1.5040953003553372,0.3952847075210472
-0.5316404334493724,-0.5550212565214712,-0.3734422896474872,-0.8776474722426189,0.2617186566737349,-0.2851241315822784,-0.5773921722979706,0.010008714646709188,-0.2229574022488396,-0.12014567606486325,-0.6616825781270738,1.5374122295716144,-0.8668283159555569,0.3952847075210472
-0.6282828430236311,-0.54585783336667,-0.37250424708558316,-0.07247221790705868,-1.0677364826670623,-0.37829012959198766,-0.6330199850591266,0.010008714646709188,-0.2229574022488396,-0.12014567606486325,1.2215678365422902,-0.6504436355879909,1.1636792323770762,0.3952847075210472
-0.7233831283732189,-0.5656937384083829,-0.37448336809301225,0.7226105032709373,0.3834251121502749,-0.47668747395274236,-0.6917713446240681,0.010008714646709188,-0.2229574022488396,-0.12014567606486325,-0.6616825781270738,-0.6504436355879909,0.6763574207772439,0.3952847075210472
-0.8168759870631802,-0.6217686263184055,-0.37904382726584007,-0.17948392400301538,-0.30447050065597714,-0.5750925473629325,-0.7505273190713057,0.010008714646709188,-0.2229574022488396,-0.12014567606486325,-0.6616825781270738,-0.6504436355879909,0.264008195577387,0.3952847075210472
-0.8120448830757501,-0.6102494343227614,-0.3782317152710484,0.05156819941614783,-0.16939303023568694,-0.5750925473629325,-0.5616901652684714,0.010008714646709188,-0.2229574022488396,-0.12014567606486325,1.2215678365422902,-0.6504436355879909,0.4077056528440038,0.3952847075210472
-0.7968539826091497,-0.5941084151389908,-0.3769852681047077,-0.42618843887098967,-1.1267563918546046,-0.5750925473629325,-0.5836466686222326,0.010008714646709188,-0.2229574022488396,-0.12014567606486325,-0.6616825781270738,-0.6504436355879909,0.5201645324439633,0.3952847075210472
-0.7901028792620316,-0.5997941003453573,-0.377438775565525,-0.7459402200737048,-0.5193613450568432,-0.5750925473629325,-0.6698289744144597,0.010008714646709188,-0.2229574022488396,-0.12014567606486325,-0.6616825781270738,1.5374122295716144,0.8575411712438483,0.3952847075210472
-0.7918046220417801,-0.5954270881383423,-0.37709184883488683,-0.7985691687559927,-0.43241865499532617,-0.584355899099733,-0.7560583068454265,0.010008714646709188,-0.2229574022488396,-0.12014567606486325,1.2215678365422902,-0.6504436355879909,-0.1608364606891338,0.3952847075210472
-0.5952820302407082,-0.05189489168397996,-0.2615452984428305,1.5861410130619014,1.24881644269763,-0.584355899099733,0.07704564458868093,0.010008714646709188,-0.2229574022488396,-0.12014567606486325,1.2215678365422902,-0.6504436355879909,0.43269651497732925,0.3952847075210472
-0.4199801737180081,0.04675913654297883,-0.2251776060388857,-0.12815050859354402,-1.7575057119651771,-0.584355899099733,-0.013882285457407087,-4.767275194662724,4.6713807104640095,2.537771556917234,-0.6616825781270738,-0.6504436355879909,0.057833582977457124,0.3952847075210472
-0.34544224420372444,-0.04096223617935208,-0.25774814657278255,-0.6485889713842624,-0.721664510823394,-0.584355899099733,-0.42756652337995565,0.010008714646709188,-0.2229574022488396,-0.12014567606486325,-0.6616825781270738,-0.6504436355879909,-0.24205676262243814,0.3952847075210472
0.004302891214576709,-0.1385914607119334,-0.2896001059998003,-0.5889481264997065,0.5533293908210821,-0.03419468790934155,0.3806799188601297,0.010008714646709188,-0.2229574022488396,-0.12014567606486325,1.2215678365422902,-0.6504436355879909,0.7700731537772121,0.3952847075210472
0.08112122585311077,-0.0653302664202132,-0.26613214166169297,-1.0232367292643323,-0.12441454790190876,-0.03419468790934155,0.3267198461018111,0.010008714646709188,-0.2229574022488396,-0.12014567606486325,-0.6616825781270738,-0.6504436355879909,0.2827513421773805,0.3952847075210472
0.16944121618627309,-0.05238663301550925,-0.26171472586747246,-1.9677464389619188,1.3841515135530222,-0.03419468790934155,0.2731744851409152,0.010008714646709188,-0.2229574022488396,-0.12014567606486325,-0.6616825781270738,-0.6504436355879909,-0.12959788302247865,0.3952847075210472
0.36968403531784844,-0.6343727558105348,-0.3798585418375544,-0.06407624362620168,-0.3069653885062952,1.0558170861732752,0.22326073303825214,0.010008714646709188,-0.2229574022488396,-0.12014567606486325,-0.6616825781270738,1.5374122295716144,-0.24205676262243814,0.3952847075210472
0.2843942497388479,-0.5831725172716793,-0.3760688163934949,-0.9972112517951972,0.3995157332539484,0.8551935753538836,0.10347189017968253,0.010008714646709188,-0.2229574022488396,-0.12014567606486325,1.2215678365422902,-0.6504436355879909,0.4389442305106595,0.3952847075210472
0.058934806953660504,-0.18018827882163788,-0.3017639223333259,-1.7601505337354462,1.1006927554195343,0.001814203690692542,-0.40606623440699036,0.010008714646709188,-0.2229574022488396,-0.12014567606486325,-0.6616825781270738,-0.6504436355879909,0.06408129851078903,0.3952847075210472
-0.19731537565123816,-0.04915199716151297,-0.2605980895758007,-0.1832738136836194,-1.4761958888397952,-0.2554719366485119,-0.5596873574194677,0.010008714646709188,-0.2229574022488396,-0.12014567606486325,-0.6616825781270738,-0.6504436355879909,-0.11085473642248514,0.3952847075210472
-0.5045480264305083,-0.06321935168357633,-0.2654172833984228,0.8739771140515364,0.6090395195627323,-0.616588487142042,-0.7753038300054768,0.010008714646709188,-0.2229574022488396,-0.12014567606486325,-0.6616825781270738,-0.6504436355879909,-0.14834102962247217,0.3952847075210472
-0.7955470292241784,-0.38740002768615417,-0.3498288003783146,0.23902816025260282,-0.838121630075028,-0.728844946811443,-0.8423302286178644,0.010008714646709188,-0.2229574022488396,-0.12014567606486325,-0.6616825781270738,-0.6504436355879909,-0.0639968699225005,-2.5298221281347035
-0.9297742473145232,-0.5111348641144501,-0.3685794151358397,1.4856143660148522,1.0554243644111054,-0.728844946811443,-0.8423302286178644,0.010008714646709188,-0.2229574022488396,-0.12014567606486325,1.2215678365422902,1.5374122295716144,1.4823127245769672,-2.5298221281347035
-1.01673619424909,-0.698529057203079,-0.382808806062503,1.7803919676935145,1.4730696631376852,-0.728844946811443,-0.8423302286178644,0.010008714646709188,-0.2229574022488396,-0.12014567606486325,1.2215678365422902,-0.6504436355879909,-0.7356262897556016,-2.5298221281347035
-1.037358494378689,-0.7610696737547553,-0.3837592765353673,-0.13180275107504824,-0.8857905995964451,-0.728844946811443,-0.8423302286178644,0.010008714646709188,-0.2229574022488396,-0.12014567606486325,-0.6616825781270738,-0.6504436355879909,-0.07336844322249754,-2.5298221281347035
-1.037358494378689,-0.7610696737547553,-0.3837592765353673,-0.13180275107504824,-0.8857905995964451,-0.728844946811443,-0.8423302286178644,0.010008714646709188,-0.2229574022488396,-0.12014567606486325,-0.6616825781270738,1.5374122295716144,-0.05462529662250402,-2.5298221281347035
0.06345502780143528,2.5773337027849577,2.3245105728388618,1.7803919676939644,1.4730696628565256,-0.728844946811443,2.735523137488591,0.010008714646709188,-0.2229574022488396,-0.12014567606486325,-2.5449329927964377,1.5374122295716144,-1.4978475848220054,0.3952847075210472
1.1690383990692017,3.102156145207716,3.2429646939957797,-0.13175631559815118,-1.896636221102754,-0.728844946811443,2.7510260544406204,0.010008714646709188,-0.2229574022488396,-0.12014567606486325,1.2215678365422902,1.5374122295716144,0.4077056528440038,0.3952847075210472
1.9619707171313934,2.398059153998935,2.0414486896016872,-1.635106434126984,0.8769768651460501,-0.728844946811443,1.7348506527132657,0.010008714646709188,-0.2229574022488396,-0.12014567606486325,1.2215678365422902,-0.6504436355879909,-0.8855714625555504,0.3952847075210472
2.714751369505426,0.4000546939313176,-0.056138231190122845,-0.16757937208010676,-1.821991778672208,3.3688788964097456,1.6043501007645073,-4.448789600708762,4.34509150294982,0.7198292243594817,-0.6616825781270738,-0.6504436355879909,-0.7981034450889144,0.3952847075210472
2.348165748468514,0.2975127773080246,-0.11144921199908046,1.6703782802601272,1.3348746230413215,3.267887922696349,1.5440501297846423,0.010008714646709188,-0.2229574022488396,-0.12014567606486325,-0.6616825781270738,1.5374122295716144,-0.23580904708910844,0.3952847075210472
1.5865005321041012,0.5094299958396404,0.00849115117796913,-1.9646478475784634,1.3864180786042812,1.1432563339795594,0.27546920188798624,0.010008714646709188,-0.2229574022488396,-0.12014567606486325,1.2215678365422902,-0.6504436355879909,1.8446802255101753,0.3952847075210472
1.0737424104600506,0.758737820159741,0.17753611455471138,-0.18056082867784012,-1.7795915094813664,0.7962692830738196,0.06828921014551993,0.010008714646709188,-0.2229574022488396,-0.12014567606486325,-0.6616825781270738,1.5374122295716144,1.957139105110137,0.3952847075210472
0.5371492853738825,0.6520207959532788,0.10147810189531817,1.4984183000509466,1.1504089765811436,0.4479610489068812,-0.13967963736672492,0.010008714646709188,-0.2229574022488396,-0.12014567606486325,1.2215678365422902,1.5374122295716144,2.3257543215766767,0.3952847075210472
0.0010350010220640676,-0.3587700871619028,-0.3444302238707887,0.5103309078506594,-0.444401961163867,0.34957662078954704,-0.19842328486518374,0.010008714646709188,-0.2229574022488396,-0.12014567606486325,1.2215678365422902,-0.6504436355879909,-0.9168100402222058,0.3952847075210472
-0.1629064173867782,-0.49648717789101127,-0.36674801463909446,1.1505533245274553,0.7773641160022406,0.25084941971201663,-0.25737159619440403,0.010008714646709188,-0.2229574022488396,-0.12014567606486325,-0.6616825781270738,-0.6504436355879909,-1.8164810770218969,0.3952847075210472
-0.27859723348843046,-0.625318170898587,-0.37928107530082084,-0.002825551218727186,-0.347892901867453,0.1665121100030295,-0.3077279512326685,4.46880703000218,4.34509150294982,3.724112776056457,-0.6616825781270738,1.5374122295716144,-2.078885129421805,0.3952847075210472
-0.3503358020310466,-0.6227201125137733,-0.37910802436947155,-0.2326919421058622,-0.08360090465128686,0.05745573787295649,-0.3728436326922331,0.010008714646709188,-0.2229574022488396,-0.12014567606486325,1.2215678365422902,-0.6504436355879909,-1.3916364207553757,0.3952847075210472
-0.424105235102643,-0.6144315866709695,-0.3785340167643856,-0.34190710804491947,-0.3752235079103788,-0.05198359976749939,-0.4381879762620166,0.010008714646709188,-0.2229574022488396,-0.12014567606486325,-0.6616825781270738,-0.6504436355879909,-1.5040953003553372,0.3952847075210472
-0.5208206591926768,-0.5506285732614353,-0.3729977113304686,-0.8777778368665987,0.2617788768743159,-0.2756161556865166,-0.5717151236518335,0.010008714646709188,-0.2229574022488396,-0.12014567606486325,-0.6616825781270738,1.5374122295716144,-0.8668283159555569,0.3952847075210472
-0.6195238746864838,-0.5412618366923451,-0.3720183962871922,-0.0724983801594043,-1.0677539155169515,-0.3707739085151567,-0.6285321789102585,0.010008714646709188,-0.2229574022488396,-0.12014567606486325,1.2215678365422902,-0.6504436355879909,1.1636792323770762,0.3952847075210472
-0.7166559207035892,-0.5615176587763809,-0.37408259278585243,0.7225716093821594,0.3834028047315462,-0.47127769815508236,-0.6885412606708998,0.010008714646709188,-0.2229574022488396,-0.12014567606486325,-0.6616825781270738,-0.6504436355879909,0.6763574207772439,0.3952847075210472
-0.812148604341113,-0.6187860054340605,-0.3788397373976128,-0.17954232746352153,-0.304462172228814,-0.5717932486481098,-0.7485573646343645,0.010008714646709188,-0.2229574022488396,-0.12014567606486325,-0.6616825781270738,-0.6504436355879909,0.264008195577387,0.3952847075210472
-0.8084743935344684,-0.610079217586956,-0.37821923134471863,-0.005400453604116386,-0.2054285306822788,-0.5717932486481098,-0.559773239547518,0.010008714646709188,-0.2229574022488396,-0.12014567606486325,1.2215678365422902,-0.6504436355879909,0.4077056528440038,0.3952847075210472
-0.7930685153560054,-0.5930966722483892,-0.37690292181276047,-0.450432427752908,-1.1305094251443892,-0.5717932486481098,-0.5784601440123961,0.010008714646709188,-0.2229574022488396,-0.12014567606486325,-0.6616825781270738,-0.6504436355879909,0.5201645324439633,0.3952847075210472
-0.7862468163049399,-0.5987689342997664,-0.37735816624722707,-0.7757966856454911,-0.5116312101111189,-0.5717932486481098,-0.6663694409933194,0.010008714646709188,-0.2229574022488396,-0.12014567606486325,-0.6616825781270738,1.5374122295716144,0.8575411712438483,0.3952847075210472
-0.7880221923953512,-0.5941932348333206,-0.3769921490228658,-0.8293170892235805,-0.4202068323076653,-0.5814574196299493,-0.7543276746761627,-4.568221698441497,4.4674499557676395,23.858624478714837,1.2215678365422902,-0.6504436355879909,-0.1608364606891338,0.3952847075210472
-0.5863198817420605,-0.03738453269573215,-0.25649291613474107,1.5862973627012376,1.2489940720728376,-0.5814574196299493,0.09579764197026469,0.010008714646709188,-0.2229574022488396,-0.12014567606486325,1.2215678365422902,-0.6504436355879909,0.43269651497732925,0.3952847075210472
-0.4074114454425052,0.06328639569003065,-0.21862242787201044,-0.1281375557983166,-1.7575840542175034,-0.5814574196299493,0.003026309543781091,0.010008714646709188,-0.2229574022488396,-0.12014567606486325,-0.6616825781270738,-0.6504436355879909,0.057833582977457124,0.3952847075210472
-0.3313298220900435,-0.026251612081438086,-0.2525471548041298,-0.6487142553823383,-0.7214773266443383,-0.5814574196299493,-0.41908969131205365,0.010008714646709188,-0.2229574022488396,-0.12014567606486325,-0.6616825781270738,-0.6504436355879909,-0.24205676262243814,0.3952847075210472
0.0258886293784281,-0.12515374032310678,-0.28549091240512203,-0.5841396709837351,0.5526591592169885,-0.019997607701322456,0.40670024991784287,0.010008714646709188,-0.2229574022488396,-0.12014567606486325,1.2215678365422902,-0.6504436355879909,0.7700731537772121,0.3952847075210472
0.10459708415673184,-0.050135154803996176,-0.2609380256548995,-1.0210127874737773,-0.12849365905401394,-0.019997607701322456,0.35161509351453196,0.010008714646709188,-0.2229574022488396,-0.12014567606486325,-0.6616825781270738,-0.6504436355879909,0.2827513421773805,0.3952847075210472
0.19503011242868962,-0.03697018571611165,-0.2563471413355619,-1.9678772577885704,1.3843025981737325,-0.019997607701322456,0.2969508554280161,0.010008714646709188,-0.2229574022488396,-0.12014567606486325,-0.6616825781270738,-0.6504436355879909,-0.12959788302247865,0.3952847075210472
0.3996561324218103,-0.6317197693833236,-0.3796934716170543,-0.06428682079404,-0.30690550607238726,1.0938739011172125,0.24598380176732518,0.010008714646709188,-0.2229574022488396,-0.12014567606486325,-0.6616825781270738,1.5374122295716144,-0.24205676262243814,0.3952847075210472
0.3125691098898849,-0.5794117111646329,-0.37574022155855746,-0.9975060252405059,0.39969037729484924,0.8889895075935625,0.12365085923362483,0.010008714646709188,-0.2229574022488396,-0.12014567606486325,1.2215678365422902,-0.6504436355879909,0.4389442305106595,0.3952847075210472
0.08232004155836885,-0.16782788399731283,-0.29823728890073736,-1.7601906740171693,1.1007423225200288,0.01743691728381879,-0.39673818119932736,0.010008714646709188,-0.2229574022488396,-0.12014567606486325,-0.6616825781270738,-0.6504436355879909,0.06408129851078903,0.3952847075210472
-0.17938555718300384,-0.03398816746263872,-0.2552955519534677,-0.18330133353795508,-1.4761799156170863,-0.24534732705920556,-0.5536421274155446,0.010008714646709188,-0.2229574022488396,-0.12014567606486325,-0.6616825781270738,-0.6504436355879909,-0.11085473642248514,0.3952847075210472
-0.4931683523511339,-0.048336464000596165,-0.2603157547896548,0.8738862620956288,0.6089731144074378,-0.6141870556808307,-0.7738699766411935,0.010008714646709188,-0.2229574022488396,-0.12014567606486325,-0.6616825781270738,-0.6504436355879909,-0.14834102962247217,0.3952847075210472
-0.7903759052795493,-0.3794101385662342,-0.34836226910427676,0.23901554264645639,-0.8381386602015364,-0.728844946811443,-0.8423302286178644,0.010008714646709188,-0.2229574022488396,-0.12014567606486325,-0.6616825781270738,-0.6504436355879909,-0.0639968699225005,-2.5298221281347035
-0.9274731255907469,-0.5057892278509796,-0.3679231336185765,1.4856120461184281,1.0554208064866728,-0.728844946811443,-0.8423302286178644,0.010008714646709188,-0.2229574022488396,-0.12014567606486325,1.2215678365422902,1.5374122295716144,1.4823127245769672,-2.5298221281347035
-1.0162950344220316,-0.6971911653380578,-0.3827677054677993,1.7803919676939648,1.473069662856524,-0.728844946811443,-0.8423302286178644,0.010008714646709188,-0.2229574022488396,-0.12014567606486325,1.2215678365422902,-0.6504436355879909,-0.7356262897556016,-2.5298221281347035
-1.037358494378689,-0.7610696737547553,-0.3837592765353673,-0.13180275107504824,-0.8857905995964451,-0.728844946811443,-0.8423302286178644,0.010008714646709188,-0.2229574022488396,-0.12014567606486325,-0.6616825781270738,-0.6504436355879909,-0.07336844322249754,-2.5298221281347035
-1.037358494378689,-0.7610696737547553,-0.3837592765353673,-0.13180275107504824,-0.8857905995964451,-0.728844946811443,-0.8423302286178644,0.010008714646709188,-0.2229574022488396,-0.12014567606486325,-0.6616825781270738,1.5374122295716144,-0.05462529662250402,-2.5298221281347035
0.05011029462427331,2.536863540127949,2.2592459747546734,1.7803919676939641,1.473069662856529,-0.728844946811443,2.692150215957659,0.010008714646709188,-0.2229574022488396,-0.12014567606486325,-2.5449329927964377,1.5374122295716144,-1.4978475848220054,0.3952847075210472
1.1399982323608004,3.0512960075462527,3.1481001993503646,-0.13179048576999472,-1.8967057535168994,-0.728844946811443,2.7000129095611642,0.010008714646709188,-0.2229574022488396,-0.12014567606486325,1.2215678365422902,1.5374122295716144,0.4077056528440038,0.3952847075210472
1.921556614159079,2.3563077262269636,1.9777686083831059,-1.6328020885597945,0.8732146639919653,-0.728844946811443,1.6978831960752607,-4.448789600708762,4.34509150294982,0.6889005456860682,1.2215678365422902,-0.6504436355879909,-0.8855714625555504,0.3952847075210472
2.6635171698442948,0.3879499014891424,-0.06293356352359002,-0.16771261267667223,-1.8232470263211704,3.30998024107384,1.5691827281081427,0.010008714646709188,-0.2229574022488396,-0.12014567606486325,-0.6616825781270738,-0.6504436355879909,-0.7981034450889144,0.3952847075210472
2.2997135742884396,0.28288241880796416,-0.11892423306380129,1.6703771663117675,1.3348723456352722,3.210390351473158,1.5097193203203185,0.010008714646709188,-0.2229574022488396,-0.12014567606486325,-0.6616825781270738,1.5374122295716144,-0.23580904708910844,0.3952847075210472
1.5488117219499842,0.4911583796984337,-0.0027099741248808127,-1.9645562212084706,1.3863225724043873,1.1164088602241133,0.25943903771776644,0.010008714646709188,-0.2229574022488396,-0.12014567606486325,1.2215678365422902,-0.6504436355879909,1.8446802255101753,0.3952847075210472
1.043396573859055,0.7368684749965757,0.16149876026504856,-0.1805833140678239,-1.7795271095022032,0.7743269391001035,0.055187814484159034,0.010008714646709188,-0.2229574022488396,-0.12014567606486325,-0.6616825781270738,1.5374122295716144,1.957139105110137,0.3952847075210472
0.5145008684951398,0.631704842728623,0.08762591677570253,1.49830055054803,1.1502743458280225,0.4309629129688742,-0.14982893156684277,0.010008714646709188,-0.2229574022488396,-0.12014567606486325,1.2215678365422902,1.5374122295716144,2.3257543215766767,0.3952847075210472
-0.013915554335877147,-0.36447348765609644,-0.34553745504520794,0.5103945221855178,-0.44432060561638054,0.3339819738725557,-0.2077345799439348,0.010008714646709188,-0.2229574022488396,-0.12014567606486325,1.2215678365422902,-0.6504436355879909,-0.9168100402222058,0.3952847075210472
-0.17552971056228964,-0.5002510277267075,-0.367228563567956,1.1506490852654077,0.7774482015668258,0.23667028128678902,-0.2658377155328227,0.010008714646709188,-0.2229574022488396,-0.12014567606486325,-0.6616825781270738,-0.6504436355879909,-1.8164810770218969,0.3952847075210472
-0.2895719519955633,-0.6272620363201973,-0.37940840642398616,-0.0027463317010195925,-0.3478526440492853,0.1535436998102115,-0.31547116559656946,0.010008714646709188,-0.2229574022488396,-0.12014567606486325,-0.6616825781270738,1.5374122295716144,-2.078885129421805,0.3952847075210472
-0.36028226652407924,-0.6247063171743238,-0.3792406163907709,-0.23265505378151957,-0.08360421211781348,0.04605485124945355,-0.37965090573123705,0.010008714646709188,-0.2229574022488396,-0.12014567606486325,1.2215678365422902,-0.6504436355879909,-1.3916364207553757,0.3952847075210472
-0.43299078780718253,-0.6165423425635405,-0.3786833622556589,-0.34182691039635626,-0.37527493516022925,-0.061803226407934654,-0.4440511062000619,0.010008714646709188,-0.2229574022488396,-0.12014567606486325,-0.6616825781270738,-0.6504436355879909,-1.5040953003553372,0.3952847075210472
-0.5283105396589989,-0.5536692946377447,-0.3733064581488108,-0.8776876026801181,0.26173719809259777,-0.28219802206465733,-0.5756450427030309,0.010008714646709188,-0.2229574022488396,-0.12014567606486325,-0.6616825781270738,1.5374122295716144,-0.8668283159555569,0.3952847075210472
-0.6255872133419386,-0.5444433315399464,-0.3723558112146276,-0.07248027459600577,-1.067741853469683,-0.37597700968562464,-0.6316388610032038,0.010008714646709188,-0.2229574022488396,-0.12014567606486325,1.2215678365422902,-0.6504436355879909,1.1636792323770762,0.3952847075210472
-0.7213128062718874,-0.5644084900355332,-0.3743609266146305,0.7225985384580591,0.38341824801932006,-0.47502262771933473,-0.6907772936126845,0.010008714646709188,-0.2229574022488396,-0.12014567606486325,-0.6616825781270738,-0.6504436355879909,0.6763574207772439,0.3952847075210472
-0.8154211332592388,-0.6208507050551973,-0.3789814778116732,-0.1795018982809376,-0.3044679306155556,-0.5740771990792065,-0.749921072099008,0.010008714646709188,-0.2229574022488396,-0.12014567606486325,-0.6616825781270738,-0.6504436355879909,0.264008195577387,0.3952847075210472
-0.8141625864630688,-0.6179054865091955,-0.3787786601029566,-0.1177029184587008,-0.27138009755158893,-0.5740771990792065,-0.57155452618925,0.010008714646709188,-0.2229574022488396,-0.12014567606486325,1.2215678365422902,-0.6504436355879909,0.4077056528440038,0.3952847075210472
-0.798904173179012,-0.5997788970164315,-0.377437583851461,-0.4918954752841776,-1.1339949899675696,-0.5740771990792065,-0.5820461150659193,0.010008714646709188,-0.2229574022488396,-0.12014567606486325,-0.6616825781270738,-0.6504436355879909,0.5201645324439633,0.3952847075210472
-0.7921304396020131,-0.6052506235142859,-0.3778592302496398,-0.8367575369346416,-0.4767837276470486,-0.5740771990792065,-0.6687613708507837,0.010008714646709188,-0.2229574022488396,-0.12014567606486325,-0.6616825781270738,1.5374122295716144,0.8575411712438483,0.3952847075210472
-0.7938543901861588,-0.6007671571374918,-0.3775148150130595,-0.8889748503628133,-0.3826159698398271,-0.5834614378888876,-0.7555242394622398,0.010008714646709188,-0.2229574022488396,-0.12014567606486325,1.2215678365422902,-0.6504436355879909,-0.1608364606891338,0.3952847075210472
-0.5925199574306327,-0.04742783514684581,-0.2600008098970435,1.586184130643643,1.2488654409550792,-0.5834614378888876,0.08282068217562547,0.010008714646709188,-0.2229574022488396,-0.12014567606486325,1.2215678365422902,-0.6504436355879909,0.43269651497732925,0.3952847075210472
-0.4161084035126843,0.05184732552008483,-0.2231736303291345,-0.12814722975865775,-1.757527907676093,-0.5834614378888876,-0.008675004257450731,0.010008714646709188,-0.2229574022488396,-0.12014567606486325,-0.6616825781270738,-0.6504436355879909,0.057833582977457124,0.3952847075210472
-0.34109575406519976,-0.03643265331799982,-0.2561579033297955,-0.6486254929308203,-0.7216103949497437,-0.5834614378888876,-0.4249559897225411,0.010008714646709188,-0.2229574022488396,-0.12014567606486325,-0.6616825781270738,-0.6504436355879909,-0.24205676262243814,0.3952847075210472
0.010949121350674957,-0.13445644508732257,-0.2883449846975441,-0.5874675083497067,0.5531218991152602,-0.029822540930001824,0.38868857873850665,0.010008714646709188,-0.2229574022488396,-0.12014567606486325,1.2215678365422902,-0.6504436355879909,0.7700731537772121,0.3952847075210472
0.08834811088013085,-0.060655171517900834,-0.26454601435858793,-1.0225515856957368,-0.12567103815821132,-0.029822540930001824,0.33438212254816313,0.010008714646709188,-0.2229574022488396,-0.12014567606486325,-0.6616825781270738,-0.6504436355879909,0.2827513421773805,0.3952847075210472
0.17731745792573292,-0.04764314480658931,-0.2600754758491377,-1.9677867417972743,1.384198059309851,-0.029822540930001824,0.28049229919008045,0.010008714646709188,-0.2229574022488396,-0.12014567606486325,-0.6616825781270738,-0.6504436355879909,-0.12959788302247865,0.3952847075210472
0.3789088295370031,-0.6335560209252125,-0.3798080886017583,-0.06414106821048692,-0.30694696778958297,1.0675300111500967,0.23025431880361033,0.010008714646709188,-0.2229574022488396,-0.12014567606486325,-0.6616825781270738,1.5374122295716144,-0.24205676262243814,0.3952847075210472
0.2930658060331839,-0.5820148932255713,-0.37596840301135687,-0.9973019861037806,0.39956948094407246,0.8655950332751369,0.10968242155429644,0.010008714646709188,-0.2229574022488396,-0.12014567606486325,1.2215678365422902,-0.6504436355879909,0.4389442305106595,0.3952847075210472
0.06613215761375228,-0.17638394408569286,-0.3006863899647516,-1.760162892825629,1.1007080174456076,0.006622293615769324,-0.403195406725167,0.010008714646709188,-0.2229574022488396,-0.12014567606486325,-0.6616825781270738,-0.6504436355879909,0.06408129851078903,0.3952847075210472
-0.19179710374196943,-0.044484876291422386,-0.25897798011441814,-0.18328228469179023,-1.4761909763231276,-0.2523559722394311,-0.5578268687388152,0.010008714646709188,-0.2229574022488396,-0.12014567606486325,-0.6616825781270738,-0.6504436355879909,-0.11085473642248514,0.3952847075210472
-0.501045729506129,-0.0586387818805007,-0.2638586316859069,0.8739491543566238,0.6090190832228115,-0.6158494211995321,-0.7748625464605527,0.010008714646709188,-0.2229574022488396,-0.12014567606486325,-0.6616825781270738,-0.6504436355879909,-0.14834102962247217,0.3952847075210472
-0.7939555531796774,-0.3849410380321118,-0.34938076175377564,0.23902427638667034,-0.8381268722288551,-0.728844946811443,-0.8423302286178644,0.010008714646709188,-0.2229574022488396,-0.12014567606486325,-0.6616825781270738,-0.6504436355879909,-0.0639968699225005,-2.5298221281347035
-0.9290660511612377,-0.5094896832932153,-0.36837891636943376,1.4856136519620546,1.055423269299524,-0.728844946811443,-0.8423302286178644,0.010008714646709188,-0.2229574022488396,-0.12014567606486325,1.2215678365422902,1.5374122295716144,1.4823127245769672,-2.5298221281347035
-1.0166004226442584,-0.698117306824936,-0.38279624958670216,1.7803919676871651,1.473069662880492,-0.728844946811443,-0.8423302286178644,0.010008714646709188,-0.2229574022488396,-0.12014567606486325,1.2215678365422902,-0.6504436355879909,-0.7356262897556016,-2.5298221281347035
-1.037358494378689,-0.7610696737547553,-0.3837592765353673,-0.13180275107504824,-0.8857905995964451,-0.728844946811443,-0.8423302286178644,0.010008714646709188,-0.2229574022488396,-0.12014567606486325,-0.6616825781270738,-0.6504436355879909,-0.07336844322249754,-2.5298221281347035
-1.037358494378689,-0.7610696737547553,-0.3837592765353673,-0.13180275107504824,-0.8857905995964451,-0.728844946811443,-0.8423302286178644,0.010008714646709188,-0.2229574022488396,-0.12014567606486325,-0.6616825781270738,1.5374122295716144,-0.05462529662250402,-2.5298221281347035
0.05110662073861529,2.53988506775024,2.264091173947273,1.7803919676939644,1.473069662856524,-0.728844946811443,2.6953884653705855,0.010008714646709188,-0.2229574022488396,-0.12014567606486325,-2.5449329927964377,1.5374122295716144,-1.4978475848220054,0.3952847075210472
1.1358557256925654,3.044049260395951,3.1346858686988104,-0.13177370022149013,-1.8966715968045276,-0.728844946811443,2.6833107254050352,-3.811818412800837,3.6925130879214394,0.3794960279278513,1.2215678365422902,1.5374122295716144,0.4077056528440038,0.3952847075210472
1.9136910388582566,2.35002408314507,1.9682580223359056,-1.6270931181673323,0.864142926423058,-0.728844946811443,1.6857825147419134,0.010008714646709188,-0.2229574022488396,-0.12014567606486325,1.2215678365422902,-0.6504436355879909,-0.8855714625555504,0.3952847075210472
2.6521099763084597,0.39337970122352184,-0.05989421511413503,-0.1668696735944022,-1.8242290271793984,3.29070161928749,1.5576717950860706,0.010008714646709188,-0.2229574022488396,-0.12014567606486325,-0.6616825781270738,-0.6504436355879909,-0.7981034450889144,0.3952847075210472
2.2838527521076526,0.2780893648048636,-0.12135050276413126,1.6703767974161496,1.3348715954191417,3.191570698008069,1.4984824293778023,0.010008714646709188,-0.2229574022488396,-0.12014567606486325,-0.6616825781270738,1.5374122295716144,-0.23580904708910844,0.3952847075210472
1.5364752908998776,0.48517782315229147,-0.006341013996189358,-1.9645263032247373,1.3862913894721929,1.107620727811819,0.2541917952173384,0.010008714646709188,-0.2229574022488396,-0.12014567606486325,1.2215678365422902,-0.6504436355879909,1.8446802255101753,0.3952847075210472
1.0334638310363236,0.7297104133186676,0.15630006067034113,-0.18059064972549405,-1.779506094948,0.7671449578315099,0.05089957716798905,0.010008714646709188,-0.2229574022488396,-0.12014567606486325,-0.6616825781270738,1.5374122295716144,1.957139105110137,0.3952847075210472
0.5070877477230473,0.6250550877368697,0.08313543681116912,1.498262134449701,1.1502304217712214,0.42539972783761487,-0.1531506135908478,4.62804982697916,4.508236106706914,2.96837825562695,1.2215678365422902,1.5374122295716144,2.3257543215766767,0.3952847075210472
-0.01880896119750184,-0.3663409058596885,-0.3458965512061063,0.510415277530614,-0.44429405973978087,0.32887825709692875,-0.21078192132647391,0.010008714646709188,-0.2229574022488396,-0.12014567606486325,1.2215678365422902,-0.6504436355879909,-0.9168100402222058,0.3952847075210472
-0.17966114377428036,-0.5014832989102741,-0.3673843975195843,1.1506803205496252,0.7774756304728349,0.23202991433866418,-0.2686083987138953,0.010008714646709188,-0.2229574022488396,-0.12014567606486325,-0.6616825781270738,-0.6504436355879909,-1.8164810770218969,0.3952847075210472
-0.29316366862226856,-0.6278983559421604,-0.3794496889875043,-0.0027204914856569784,-0.3478395107860159,0.14929963878853378,-0.3180052213347606,0.010008714646709188,-0.2229574022488396,-0.12014567606486325,-0.6616825781270738,1.5374122295716144,-2.078885129421805,0.3952847075210472
-0.36353739425121706,-0.6253564580181393,-0.37928360099289316,-0.23264302239457008,-0.08360529063835757,0.04232387096402498,-0.3818786097988922,4.62804982697916,4.508236106706914,4.502592670333321,1.2215678365422902,-0.6504436355879909,-1.3916364207553757,0.3952847075210472
-0.435898663097229,-0.6172332106457151,-0.3787317739378045,-0.34180075660842874,-0.3752917045926972,-0.06501669190437681,-0.4459698111006619,0.010008714646709188,-0.2229574022488396,-0.12014567606486325,-0.6616825781270738,-0.6504436355879909,-1.5040953003553372,0.3952847075210472
-0.530761626308309,-0.5546644609269338,-0.3734065287074418,-0.8776581753286989,0.2617236077474271,-0.2843518828857379,-0.5769310759021403,0.010008714646709188,-0.2229574022488396,-0.12014567606486325,-0.6616825781270738,1.5374122295716144,-0.8668283159555569,0.3952847075210472
-0.6275714245128189,-0.5454845292458627,-0.372465167517783,-0.07247437053359519,-1.0677379199153643,-0.377679657383576,-0.6326554826179905,0.010008714646709188,-0.2229574022488396,-0.12014567606486325,1.2215678365422902,-0.6504436355879909,1.1636792323770762,0.3952847075210472
-0.7228367362955633,-0.5653545441447634,-0.37445113212576364,0.7226073191986079,0.3834232837874155,-0.4762480905933762,-0.6915089963879375,0.010008714646709188,-0.2229574022488396,-0.12014567606486325,-0.6616825781270738,-0.6504436355879909,0.6763574207772439,0.3952847075210472
-0.8164920259280106,-0.6215263726579615,-0.3790274120533944,-0.17948871603965477,-0.30446980760239606,-0.5748245783854564,-0.7503673194102353,0.010008714646709188,-0.2229574022488396,-0.12014567606486325,-0.6616825781270738,-0.6504436355879909,0.264008195577387,0.3952847075210472
-0.8216089185218112,-0.6330264261338575,-0.3797751999833349,-0.44074914412862465,-0.41385631552057267,-0.5748245783854564,-0.5935619502708418,0.010008714646709188,-0.2229574022488396,-0.12014567606486325,1.2215678365422902,-0.6504436355879909,0.4077056528440038,0.3952847075210472
-0.8063977231957483,-0.6111766529595652,-0.37829947147151805,-0.5423180903208356,-1.0310844661808627,-0.5748245783854564,-0.5832162040269369,0.010008714646709188,-0.2229574022488396,-0.12014567606486325,-0.6616825781270738,-0.6504436355879909,0.5201645324439633,0.3952847075210472
-0.7996389948229319,-0.6161251713562285,-0.378654017199075,-0.928765551618733,-0.3028008059963289,-0.5748245783854564,-0.669541843394226,0.010008714646709188,-0.2229574022488396,-0.12014567606486325,-0.6616825781270738,1.5374122295716144,0.8575411712438483,0.3952847075210472
-0.8013457717171768,-0.6116072656986903,-0.3783307962728429,-0.9825512331004262,-0.20761794144518997,-0.5841153330728226,-0.7559146690141625,0.010008714646709188,-0.2229574022488396,-0.12014567606486325,1.2215678365422902,-0.6504436355879909,-0.1608364606891338,0.3952847075210472
-0.5945482377967355,-0.0507204931770937,-0.2611401888459937,1.5861380938802265,1.248813165511301,-0.5841153330728226,0.07856937618164161,0.010008714646709188,-0.2229574022488396,-0.12014567606486325,1.2215678365422902,-0.6504436355879909,0.43269651497732925,0.3952847075210472
-0.4189560994971977,0.04809744449807614,-0.22465173494537272,-0.12815166214910756,-1.7575060864614644,-0.5841153330728226,-0.012508349864120612,0.010008714646709188,-0.2229574022488396,-0.12014567606486325,-0.6616825781270738,-0.6504436355879909,0.057833582977457124,0.3952847075210472
-0.3442945892334088,-0.039769205788753856,-0.2573302654822839,-0.6485927782370384,-0.7216602173077351,-0.5841153330728226,-0.4268777314137892,0.010008714646709188,-0.2229574022488396,-0.12014567606486325,-0.6616825781270738,-0.6504436355879909,-0.24205676262243814,0.3952847075210472
0.006056634861893869,-0.1375001261253673,-0.289269655113482,-0.5885534426046074,0.5532739834025296,-0.03304109247274764,0.382793460194105,0.010008714646709188,-0.2229574022488396,-0.12014567606486325,1.2215678365422902,-0.6504436355879909,0.7700731537772121,0.3952847075210472
0.08302831632241983,-0.06409631444133726,-0.2657145285473507,-1.0230540622471012,-0.12474952626087442,-0.03304109247274764,0.32874198403896826,0.010008714646709188,-0.2229574022488396,-0.12014567606486325,-0.6616825781270738,-0.6504436355879909,0.2827513421773805,0.3952847075210472
0.17151977488907624,-0.05113465107874855,-0.2612831294198637,-1.9677571838603398,1.384163922724559,-0.03304109247274764,0.2751057251132186,0.010008714646709188,-0.2229574022488396,-0.12014567606486325,-0.6616825781270738,-0.6504436355879909,-0.12959788302247865,0.3952847075210472
0.37211853796105115,-0.6341572311698058,-0.37984525943856867,-0.06409352244010152,-0.3069604868026829,1.0589082446527323,0.22510641052557298,0.010008714646709188,-0.2229574022488396,-0.12014567606486325,-0.6616825781270738,1.5374122295716144,-0.24205676262243814,0.3952847075210472
0.2866827564504647,-0.582867022800655,-0.37604238077922336,-0.9972354231663103,0.3995300502737589,0.8579386332364841,0.1051109169617057,0.010008714646709188,-0.2229574022488396,-0.12014567606486325,1.2215678365422902,-0.6504436355879909,0.4389442305106595,0.3952847075210472
0.060834263415920894,-0.17918428761631372,-0.3014802370298806,-1.7601538313959302,1.100696828368041,0.0030831242552132824,-0.4053085837932484,0.010008714646709188,-0.2229574022488396,-0.12014567606486325,-0.6616825781270738,-0.6504436355879909,0.06408129851078903,0.3952847075210472
-0.19585904117661165,-0.04792030398336327,-0.2601715570578923,-0.18327607271740226,-1.4761945823989773,-0.25464958967715795,-0.5591963482066172,0.010008714646709188,-0.2229574022488396,-0.12014567606486325,-0.6616825781270738,-0.6504436355879909,-0.11085473642248514,0.3952847075210472
-0.5036237274007291,-0.062010491895404696,-0.26500692954468424,0.8739696630862966,0.6090340737966515,-0.6163934370055772,-0.7751873689284517,0.010008714646709188,-0.2229574022488396,-0.12014567606486325,-0.6616825781270738,-0.6504436355879909,-0.14834102962247217,0.3952847075210472
-0.7951270166086956,-0.3867510666524475,-0.34971084229389965,0.23902712437530185,-0.838123028264727,-0.728844946811443,-0.8423302286178644,0.010008714646709188,-0.2229574022488396,-0.12014567606486325,-0.6616825781270738,-0.6504436355879909,-0.0639968699225005,-2.5298221281347035
-0.929587344319629,-0.510700677695198,-0.36852662845504297,1.4856141756034078,1.0554240723844082,-0.728844946811443,-0.8423302286178644,0.010008714646709188,-0.2229574022488396,-0.12014567606486325,1.2215678365422902,1.5374122295716144,1.4823127245769672,-2.5298221281347035
-1.0167003621689894,-0.6984203903536568,-0.38280550023125076,1.780391967693964,1.4730696628565279,-0.728844946811443,-0.8423302286178644,0.010008714646709188,-0.2229574022488396,-0.12014567606486325,1.2215678365422902,-0.6504436355879909,-0.7356262897556016,-2.5298221281347035
-1.037358494378689,-0.7610696737547553,-0.3837592765353673,-0.13180275107504824,-0.8857905995964451,-0.728844946811443,-0.8423302286178644,0.010008714646709188,-0.2229574022488396,-0.12014567606486325,-0.6616825781270738,-0.6504436355879909,-0.07336844322249754,-2.5298221281347035
-1.037358494378689,-0.7610696737547553,-0.3837592765353673,-0.13180275107504824,-0.8857905995964451,-0.728844946811443,-0.8423302286178644,0.010008714646709188,-0.2229574022488396,-0.12014567606486325,-0.6616825781270738,1.5374122295716144,-0.05462529662250402,-2.5298221281347035
0.07784158000801325,2.620963358031272,2.395762000414127,1.7803919676939652,1.4730696628565265,-0.728844946811443,2.782282169061007,0.010008714646709188,-0.2229574022488396,-0.12014567606486325,-2.5449329927964377,1.5374122295716144,-1.4978475848220054,0.3952847075210472
1.1813485973416857,3.123800068120577,3.2837163498314723,-0.1315267987839937,-1.8961691866822712,-0.728844946811443,2.7442775091487657,0.010008714646709188,-0.2229574022488396,-0.12014567606486325,1.2215678365422902,1.5374122295716144,0.4077056528440038,0.3952847075210472
1.972776325737392,2.4148536028403407,2.067302839349002,-1.6199091067863987,0.853295517878743,-0.728844946811443,1.7299604500637014,0.010008714646709188,-0.2229574022488396,-0.12014567606486325,1.2215678365422902,-0.6504436355879909,-0.8855714625555504,0.3952847075210472
2.7241256663942335,0.42693106698743755,-0.040795908234240785,-0.16339955286520066,-1.8206566149000663,3.361087622640802,1.5996980653905661,0.010008714646709188,-0.2229574022488396,-0.12014567606486325,-0.6616825781270738,-0.6504436355879909,-0.7981034450889144,0.3952847075210472
2.3417562352447683,0.29557707678596157,-0.11244418183263455,1.6703781368139625,1.334874328735819,3.2602820191460795,1.539508775775536,0.010008714646709188,-0.2229574022488396,-0.12014567606486325,-0.6616825781270738,1.5374122295716144,-0.23580904708910844,0.3952847075210472
1.5815149389501966,0.5070129807726725,0.007000126188070832,-1.9646359375495692,1.3864056637603797,1.1397048428602847,0.2733486677099985,0.010008714646709188,-0.2229574022488396,-0.12014567606486325,1.2215678365422902,-0.6504436355879909,1.8446802255101753,0.3952847075210472
1.0697281826255962,0.7558448980744972,0.1754013199569901,-0.18056375309113162,-1.7795831349429845,0.7933667030012096,0.06655612957693534,0.010008714646709188,-0.2229574022488396,-0.12014567606486325,-0.6616825781270738,1.5374122295716144,1.957139105110137,0.3952847075210472
0.5341533018109886,0.6493333502479761,0.09963418729482526,1.498402986125428,1.1503914672639242,0.4457125369193904,-0.1410221851470677,0.010008714646709188,-0.2229574022488396,-0.12014567606486325,1.2215678365422902,1.5374122295716144,2.3257543215766767,0.3952847075210472
-0.0009426844690641045,-0.35952459317141044,-0.3445776074676164,0.5103391810157081,-0.4443913812562343,0.3475137718794597,-0.19965497641978863,0.010008714646709188,-0.2229574022488396,-0.12014567606486325,1.2215678365422902,-0.6504436355879909,-0.9168100402222058,0.3952847075210472
-0.16457622989367454,-0.49698509187361334,-0.366811980890605,1.1505657804914684,0.7773750528513573,0.24897381978919386,-0.258491484603808,0.010008714646709188,-0.2229574022488396,-0.12014567606486325,-0.6616825781270738,-0.6504436355879909,-1.8164810770218969,0.3952847075210472
-0.28004896019587866,-0.6255753144369538,-0.37929802465091805,-0.002815246925882194,-0.3478876659051316,0.16479666907573523,-0.30875221146435095,0.010008714646709188,-0.2229574022488396,-0.12014567606486325,-0.6616825781270738,1.5374122295716144,-2.078885129421805,0.3952847075210472
-0.35165150709736775,-0.6229828539589065,-0.3791256741006876,-0.23268714365605989,-0.08360133497292142,0.05594765288804962,-0.37374408426212413,0.010008714646709188,-0.2229574022488396,-0.12014567606486325,1.2215678365422902,-0.6504436355879909,-1.3916364207553757,0.3952847075210472
-0.42528060040216964,-0.6147108011096708,-0.3785538967149262,-0.3418966750251606,-0.3752301986325246,-0.05328251617383231,-0.4389635368762694,0.010008714646709188,-0.2229574022488396,-0.12014567606486325,-0.6616825781270738,-0.6504436355879909,-1.5040953003553372,0.3952847075210472
-0.5218114044489649,-0.551030798915019,-0.3730388101546458,-0.8777660984444577,0.2617734544756032,-0.27648678563470536,-0.5722349617985473,0.010008714646709188,-0.2229574022488396,-0.12014567606486325,-0.6616825781270738,1.5374122295716144,-0.8668283159555569,0.3952847075210472
-0.6203259176342165,-0.5416826809122784,-0.37206331144177807,-0.07249602472518193,-1.0677523463910696,-0.37146215786069275,-0.6289431207403721,0.010008714646709188,-0.2229574022488396,-0.12014567606486325,1.2215678365422902,-0.6504436355879909,1.1636792323770762,0.3952847075210472
-0.7172719200602724,-0.5619000530625915,-0.37411964340838927,0.7225751129788781,0.38340481390951214,-0.47177306415403375,-0.6888370351769062,0.010008714646709188,-0.2229574022488396,-0.12014567606486325,-0.6616825781270738,-0.6504436355879909,0.6763574207772439,0.3952847075210472
-0.8125814838414029,-0.619059118629083,-0.378858605361276,-0.17953706739882008,-0.30446292150506327,-0.5720953612718896,-0.7487377508785676,0.010008714646709188,-0.2229574022488396,-0.12014567606486325,-0.6616825781270738,-0.6504436355879909,0.264008195577387,0.3952847075210472
-0.8257499041562746,-0.6467375253396341,-0.38058276057547047,-0.8148799151677985,-0.4268726274028549,-0.5720953612718896,-0.6150348329852301,0.010008714646709188,-0.2229574022488396,-0.12014567606486325,1.2215678365422902,-0.6504436355879909,0.4077056528440038,0.3952847075210472
-0.8103587435082807,-0.6194224266162438,-0.37888364822512594,-0.4359033764099859,-0.657407283444917,-0.5720953612718896,-0.5789189206164108,0.010008714646709188,-0.2229574022488396,-0.12014567606486325,-0.6616825781270738,-0.6504436355879909,0.5201645324439633,0.3952847075210472
-0.8035401941930972,-0.6235965915876864,-0.3791667713812811,-0.8507729783384881,0.05319483830397168,-0.5720953612718896,-0.6666754527401457,0.010008714646709188,-0.2229574022488396,-0.12014567606486325,-0.6616825781270738,1.5374122295716144,0.8575411712438483,0.3952847075210472
-0.8053071691698865,-0.6188977752879158,-0.3788474633750112,-0.9184857085513698,0.12819771389496193,-0.5817138012117637,-0.7544807557028596,0.010008714646709188,-0.2229574022488396,-0.12014567606486325,1.2215678365422902,-0.6504436355879909,-0.1608364606891338,0.3952847075210472
-0.5871305432254407,-0.03872143801506234,-0.2569626947912166,1.5862554818960308,1.2489465599672358,-0.5817138012117637,0.09408070730639245,0.010008714646709188,-0.2229574022488396,-0.12014567606486325,1.2215678365422902,-0.6504436355879909,0.43269651497732925,0.3952847075210472
-0.4085572798966493,0.06176486788484202,-0.2192314570004186,-0.1281426343030566,-1.7575663109664248,-0.5817138012117637,0.0014781570213975317,0.010008714646709188,-0.2229574022488396,-0.12014567606486325,-0.6616825781270738,-0.6504436355879909,0.057833582977457124,0.3952847075210472
-0.33262030280774924,-0.02760264286031637,-0.2530292024269583,-0.6486915391407804,-0.7215137277374087,-0.5817138012117637,-0.4198658309329968,0.010008714646709188,-0.2229574022488396,-0.12014567606486325,-0.6616825781270738,-0.6504436355879909,-0.24205676262243814,0.3952847075210472
0.023912183356978457,-0.12638425030333372,-0.285870846937196,-0.5845724152202533,0.552719049644813,-0.02129749383365192,0.4043176511557714,0.010008714646709188,-0.2229574022488396,-0.12014567606486325,1.2215678365422902,-0.6504436355879909,0.7700731537772121,0.3952847075210472
0.1024475258017409,-0.05152660215942276,-0.2614183288540139,-1.0212128008590298,-0.12812672659132107,-0.02129749383365192,0.34933551083372205,0.010008714646709188,-0.2229574022488396,-0.12014567606486325,-0.6616825781270738,-0.6504436355879909,0.2827513421773805,0.3952847075210472
0.19268703246362107,-0.03838187676074565,-0.25684345776977063,-1.9678654927477683,1.3842890103412275,-0.02129749383365192,0.2947737208572915,0.010008714646709188,-0.2229574022488396,-0.12014567606486325,-0.6616825781270738,-0.6504436355879909,-0.12959788302247865,0.3952847075210472
0.3969116761644839,-0.6319626867425461,-0.3797087283301957,-0.06426786328302371,-0.3069108997986691,1.0903891432062336,0.24390311283862723,0.010008714646709188,-0.2229574022488396,-0.12014567606486325,-0.6616825781270738,1.5374122295716144,-0.24205676262243814,0.3952847075210472
0.30998921750712105,-0.579756071324736,-0.3757705954067474,-0.9974794874064993,0.39967465103185373,0.8858949034013238,0.12180312437054955,0.010008714646709188,-0.2229574022488396,-0.12014567606486325,1.2215678365422902,-0.6504436355879909,0.4389442305106595,0.3952847075210472
0.08017871822151096,-0.1689596854419268,-0.2985632995692453,-1.7601870603778464,1.1007378602268365,0.016006378869634783,-0.39759233104746805,0.010008714646709188,-0.2229574022488396,-0.12014567606486325,-0.6616825781270738,-0.6504436355879909,0.06408129851078903,0.3952847075210472
-0.18102734502552784,-0.035376673641256406,-0.2557857373172316,-0.18329885543071409,-1.476181354799348,-0.24627441657548962,-0.5541956765979331,0.010008714646709188,-0.2229574022488396,-0.12014567606486325,-0.6616825781270738,-0.6504436355879909,-0.11085473642248514,0.3952847075210472
-0.49421036179930106,-0.04969924933270754,-0.26078736517286655,0.8738944441808763,0.6089790946877062,-0.6144069498902069,-0.7740012716862503,0.010008714646709188,-0.2229574022488396,-0.12014567606486325,-0.6616825781270738,-0.6504436355879909,-0.14834102962247217,0.3952847075210472
-0.7908494142011288,-0.38014175564284336,-0.34849784666075073,0.2390166788770568,-0.8381371266310991,-0.728844946811443,-0.8423302286178644,0.010008714646709188,-0.2229574022488396,-0.12014567606486325,-0.6616825781270738,-0.6504436355879909,-0.0639968699225005,-2.5298221281347035
-0.9276838345575529,-0.5062787166784244,-0.3679838055851483,1.485612255036064,1.0554211268946014,-0.728844946811443,-0.8423302286178644,0.010008714646709188,-0.2229574022488396,-0.12014567606486325,1.2215678365422902,1.5374122295716144,1.4823127245769672,-2.5298221281347035
-1.0163354305328298,-0.6973136733831848,-0.38277150514789704,1.7803919676939652,1.4730696628565265,-0.728844946811443,-0.8423302286178644,0.010008714646709188,-0.2229574022488396,-0.12014567606486325,1.2215678365422902,-0.6504436355879909,-0.7356262897556016,-2.5298221281347035
-1.037358494378689,-0.7610696737547553,-0.3837592765353673,-0.13180275107504824,-0.8857905995964451,-0.728844946811443,-0.8423302286178644,0.010008714646709188,-0.2229574022488396,-0.12014567606486325,-0.6616825781270738,-0.6504436355879909,-0.07336844322249754,-2.5298221281347035
-1.037358494378689,-0.7610696737547553,-0.3837592765353673,-0.13180275107504824,-0.8857905995964451,-0.728844946811443,-0.8423302286178644,0.010008714646709188,-0.2229574022488396,-0.12014567606486325,-0.6616825781270738,1.5374122295716144,-0.05462529662250402,-2.5298221281347035
0.027166683379693638,2.467283154617041,2.148897267879433,1.7803919676939657,1.4730696628565265,-0.728844946811443,2.6175791146148297,5.105778217910103,4.997669917978198,0.5586995678751902,-2.5449329927964377,1.5374122295716144,-1.4978475848220054,0.3952847075210472
1.1002373872989986,2.981733358684574,3.0203873510054877,-0.13164396237902654,-1.8964075967635299,-0.728844946811443,2.645353700340701,0.010008714646709188,-0.2229574022488396,-0.12014567606486325,1.2215678365422902,1.5374122295716144,0.4077056528440038,0.3952847075210472
1.8696127246951502,2.299798875807375,1.8929295228995076,-1.6378974869693572,0.8817103301788063,-0.728844946811443,1.6582859840631525,0.010008714646709188,-0.2229574022488396,-0.12014567606486325,1.2215678365422902,-0.6504436355879909,-0.8855714625555504,0.3952847075210472
2.5999841808464383,0.36011616092590515,-0.07828860670437726,-0.16676054089530853,-1.8186006635943255,3.2468955571996223,1.5315159499098778,0.010008714646709188,-0.2229574022488396,-0.12014567606486325,-0.6616825781270738,-0.6504436355879909,-0.7981034450889144,0.3952847075210472
2.247811077129399,0.26719341513349965,-0.12682455026503991,1.6703759456085618,1.3348698703014785,3.148807951627982,1.4729495300411108,0.010008714646709188,-0.2229574022488396,-0.12014567606486325,-0.6616825781270738,1.5374122295716144,-0.23580904708910844,0.3952847075210472
1.5084434867901018,0.4715885369756407,-0.014526999380607234,-1.964457992141033,1.386220193663198,1.0876512672736611,0.242268374275267,0.010008714646709188,-0.2229574022488396,-0.12014567606486325,1.2215678365422902,-0.6504436355879909,1.8446802255101753,0.3952847075210472
1.010894058541587,0.713445636455972,0.1445799858027674,-0.1806073873716513,-1.7794581377771468,0.7508257987195075,0.0411556883362784,0.010008714646709188,-0.2229574022488396,-0.12014567606486325,-0.6616825781270738,1.5374122295716144,1.957139105110137,0.3952847075210472
0.490243346102034,0.6099451445026864,0.07301181533513296,1.4981744782932238,1.1501301970959612,0.4127594358403258,-0.16069791423156282,0.010008714646709188,-0.2229574022488396,-0.12014567606486325,1.2215678365422902,1.5374122295716144,2.3257543215766767,0.3952847075210472
-0.029927843120611485,-0.37058485044786743,-0.34670634011810836,0.5104626374444563,-0.44423348318233,0.31728209092443665,-0.21770579242076965,0.010008714646709188,-0.2229574022488396,-0.12014567606486325,1.2215678365422902,-0.6504436355879909,-0.9168100402222058,0.3952847075210472
-0.18904837041468067,-0.504283681544354,-0.36773579179515864,1.1507515793196077,0.7775382089299847,0.2214866327515949,-0.2749036105566592,0.010008714646709188,-0.2229574022488396,-0.12014567606486325,-0.6616825781270738,-0.6504436355879909,-1.8164810770218969,0.3952847075210472
-0.3013243931851326,-0.6293443066105601,-0.37954276640236406,-0.0026615401851525122,-0.34780954562120014,0.1396568824122288,-0.3237627450844298,0.010008714646709188,-0.2229574022488396,-0.12014567606486325,-0.6616825781270738,1.5374122295716144,-2.078885129421805,0.3952847075210472
-0.37093327461131986,-0.6268337710585797,-0.3793805110295606,-0.23261557635113125,-0.08360775054005354,0.033846970143321456,-0.3869400212764985,0.010008714646709188,-0.2229574022488396,-0.12014567606486325,1.2215678365422902,-0.6504436355879909,-1.3916364207553757,0.3952847075210472
-0.4425054990582241,-0.6188030192469134,-0.37884091385187374,-0.3417411006155651,-0.3753299517330548,-0.07231773434145658,-0.45032913778987743,0.010008714646709188,-0.2229574022488396,-0.12014567606486325,-0.6616825781270738,-0.6504436355879909,-1.5040953003553372,0.3952847075210472
-0.5363305661114499,-0.5569256021046123,-0.37363211218713605,-0.8775910502050023,0.26169261070969907,-0.2892454286308758,-0.5798529277822685,0.010008714646709188,-0.2229574022488396,-0.12014567606486325,-0.6616825781270738,1.5374122295716144,-0.8668283159555569,0.3952847075210472
-0.6320795684469576,-0.5478502118159605,-0.37271167506768094,-0.07246090377529846,-1.06772894712177,-0.38154802448527353,-0.6349652179873494,0.010008714646709188,-0.2229574022488396,-0.12014567606486325,1.2215678365422902,-0.6504436355879909,1.1636792323770762,0.3952847075210472
-0.7262990905217008,-0.567504030728175,-0.37465446706261674,0.7226273452166788,0.38343476923449976,-0.4790322874265738,-0.6931713923632501,0.010008714646709188,-0.2229574022488396,-0.12014567606486325,-0.6616825781270738,-0.6504436355879909,0.6763574207772439,0.3952847075210472
-0.8189250633824654,-0.6230614952544817,-0.3791309503281696,-0.17945865168155264,-0.3044740880456678,-0.5765225864403004,-0.7513811707740338,0.010008714646709188,-0.2229574022488396,-0.12014567606486325,-0.6616825781270738,-0.6504436355879909,0.264008195577387,0.3952847075210472
-0.8109538167190474,-0.6037712678217123,-0.37774666762781506,0.19224616811628825,-0.07350246068203906,-0.5765225864403004,-0.5539448596743366,0.010008714646709188,-0.2229574022488396,-0.12014567606486325,1.2215678365422902,-0.6504436355879909,0.4077056528440038,0.3952847075210472
-0.7958582237290599,-0.5893020224901352,-0.3765896411946245,-0.3528890961312867,-1.0903554561653577,-0.5765225864403004,-0.5859016689807635,0.010008714646709188,-0.2229574022488396,-0.12014567606486325,-0.6616825781270738,-0.6504436355879909,0.5201645324439633,0.3952847075210472
-0.7891391429366676,-0.5951397454418146,-0.377068696595834,-0.6498785180628964,-0.5288630700087498,-0.5765225864403004,-0.6713331015484746,0.010008714646709188,-0.2229574022488396,-0.12014567606486325,-0.6616825781270738,1.5374122295716144,0.8575411712438483,0.3952847075210472
-0.7908096823209154,-0.5909098245646869,-0.37672323334149094,-0.7031085296693063,-0.4507123325532698,-0.5856160840538183,-0.7568107415766359,0.010008714646709188,-0.2229574022488396,-0.12014567606486325,1.2215678365422902,-0.6504436355879909,-0.1608364606891338,0.3952847075210472
-0.5991747723631651,-0.058192337854159205,-0.26370617273809643,1.5860772321780783,1.2487439719449671,-0.5856160840538183,0.0689050543582822,0.010008714646709188,-0.2229574022488396,-0.12014567606486325,1.2215678365422902,-0.6504436355879909,0.43269651497732925,0.3952847075210472
-0.4254374997261347,0.039586167980601404,-0.22798129712983514,-0.12815555525861572,-1.7574732756298161,-0.5856160840538183,-0.021222481091167485,0.010008714646709188,-0.2229574022488396,-0.12014567606486325,-0.6616825781270738,-0.6504436355879909,0.057833582977457124,0.3952847075210472
-0.35156894916854836,-0.0473475109656552,-0.2599729489830425,-0.6485362807489916,-0.7217428667436534,-0.5856160840538183,-0.43124625946604334,0.010008714646709188,-0.2229574022488396,-0.12014567606486325,-0.6616825781270738,-0.6504436355879909,-0.24205676262243814,0.3952847075210472
-0.005063245616126552,-0.14441466113445495,-0.2913535586910429,-0.5910316819877829,0.5536230573852909,-0.04035754544150192,0.3693987142945421,4.787292623956142,4.6713807104640095,1.6970480828756551,1.2215678365422902,-0.6504436355879909,0.7700731537772121,0.3952847075210472
0.07093897543398169,-0.07191287542973475,-0.2683474266174832,-1.0242014027044744,-0.12264570848668963,-0.04035754544150192,0.3159267314513845,0.010008714646709188,-0.2229574022488396,-0.12014567606486325,-0.6616825781270738,-0.6504436355879909,0.2827513421773805,0.3952847075210472
0.15834592536706774,-0.059066021525261005,-0.26400444170315895,-1.9676896902355758,1.3840859750042165,-0.04035754544150192,0.26286673450988307,0.010008714646709188,-0.2229574022488396,-0.12014567606486325,-0.6616825781270738,-0.6504436355879909,-0.12959788302247865,0.3952847075210472
0.356690014130629,-0.6355235358929298,-0.37992908028044114,-0.06398504611891552,-0.3069913213219661,1.039318584816686,0.21340976204121115,0.010008714646709188,-0.2229574022488396,-0.12014567606486325,-0.6616825781270738,1.5374122295716144,-0.24205676262243814,0.3952847075210472
0.27217966014720696,-0.5848033535884147,-0.3762091715779469,-0.9970835536244098,0.3994401018307298,0.8405425019250039,0.09472398657898547,0.010008714646709188,-0.2229574022488396,-0.12014567606486325,1.2215678365422902,-0.6504436355879909,0.4389442305106595,0.3952847075210472
0.04879687443068961,-0.1855471540661357,-0.3032698271167451,-1.7601331592194636,1.100671302712226,-0.004958030031516462,-0.4101098185205268,0.010008714646709188,-0.2229574022488396,-0.12014567606486325,-0.6616825781270738,-0.6504436355879909,0.06408129851078903,0.3952847075210472
-0.20508813856862662,-0.05572610131187228,-0.2628622166906942,-0.18326190344693485,-1.4762028057267074,-0.2598607744544052,-0.5623078568819421,0.010008714646709188,-0.2229574022488396,-0.12014567606486325,-0.6616825781270738,-0.6504436355879909,-0.11085473642248514,0.3952847075210472
-0.5094811325136485,-0.06967140092325567,-0.2675954543014443,0.8740164405416198,0.6090682659501505,-0.6176294585002433,-0.7759253760742227,0.010008714646709188,-0.2229574022488396,-0.12014567606486325,-0.6616825781270738,-0.6504436355879909,-0.14834102962247217,0.3952847075210472
-0.7977886302094294,-0.3908635330215676,-0.35045488148257137,0.23903362026957337,-0.8381142606348778,-0.728844946811443,-0.8423302286178644,0.010008714646709188,-0.2229574022488396,-0.12014567606486325,-0.6616825781270738,-0.6504436355879909,-0.0639968699225005,-2.5298221281347035
-0.9307717413968951,-0.5134521025199646,-0.3688595865611431,1.485615369938868,1.0554259040831764,-0.728844946811443,-0.8423302286178644,0.010008714646709188,-0.2229574022488396,-0.12014567606486325,1.2215678365422902,1.5374122295716144,1.4823127245769672,-2.5298221281347035
-1.0169274279993632,-0.6991090059271011,-0.38282635204702453,1.780391967693964,1.4730696628565279,-0.728844946811443,-0.8423302286178644,0.010008714646709188,-0.2229574022488396,-0.12014567606486325,1.2215678365422902,-0.6504436355879909,-0.7356262897556016,-2.5298221281347035
-1.037358494378689,-0.7610696737547553,-0.3837592765353673,-0.13180275107504824,-0.8857905995964451,-0.728844946811443,-0.8423302286178644,0.010008714646709188,-0.2229574022488396,-0.12014567606486325,-0.6616825781270738,-0.6504436355879909,-0.07336844322249754,-2.5298221281347035
-1.037358494378689,-0.7610696737547553,-0.3837592765353673,-0.13180275107504824,-0.8857905995964451,-0.728844946811443,-0.8423302286178644,0.010008714646709188,-0.2229574022488396,-0.12014567606486325,-0.6616825781270738,1.5374122295716144,-0.05462529662250402,-2.5298221281347035
0.05006216944454691,2.536717592372713,2.2590120511891287,1.7803919676939648,1.4730696628565256,-0.728844946811443,2.6919937999682033,5.105778217910103,4.997669917978198,0.544406579657495,-2.5449329927964377,1.5374122295716144,-1.4978475848220054,0.3952847075210472
1.1385705351903608,3.048792480733609,3.1434630777348147,-0.13180026826204638,-1.8967256598198705,-0.728844946811443,2.6955290381412484,-5.0857607886166845,4.997669917978198,0.5437425197949877,1.2215678365422902,1.5374122295716144,0.4077056528440038,0.3952847075210472
1.91912937866319,2.354179272934217,1.9745449461706621,-1.6315873850954403,0.8712513758917918,-0.728844946811443,1.6946345063651458,4.46880703000218,4.34509150294982,0.689936563192838,1.2215678365422902,-0.6504436355879909,-0.8855714625555504,0.3952847075210472
2.6601391024072467,0.38883898292641284,-0.06243687826617441,-0.1676767113597262,-1.8237536154737382,3.3048044349424046,1.566092343412886,0.010008714646709188,-0.2229574022488396,-0.12014567606486325,-0.6616825781270738,-0.6504436355879909,-0.7981034450889144,0.3952847075210472
2.2954554333247215,0.28159581938164857,-0.11957661290034148,1.6703770674710912,1.3348721444340557,3.205337748223517,1.5067024979437886,-4.448789600708762,4.34509150294982,0.7547463738298855,-0.6616825781270738,1.5374122295716144,-0.23580904708910844,0.3952847075210472
1.5454997217144664,0.48955275252785846,-0.0036865228722263773,-1.9645481848264488,1.3863141961480037,1.1140494988175917,0.2580303036585424,0.010008714646709188,-0.2229574022488396,-0.12014567606486325,1.2215678365422902,-0.6504436355879909,1.8446802255101753,0.3952847075210472
1.040729891389665,0.7349467136136819,0.16010059349452507,-0.1805852848299839,-1.779521464057292,0.7723987571959738,0.05403653027936584,0.010008714646709188,-0.2229574022488396,-0.12014567606486325,-0.6616825781270738,1.5374122295716144,1.957139105110137,0.3952847075210472
0.5125106330906136,0.6299195556573772,0.08641822878582281,1.4982902299287875,1.1502625454965716,0.42946931261360605,-0.15072073461385346,0.010008714646709188,-0.2229574022488396,-0.12014567606486325,1.2215678365422902,1.5374122295716144,2.3257543215766767,0.3952847075210472
-0.015229315412102842,-0.3649748116095532,-0.3456340238202722,0.5104000981260635,-0.4443134741512892,0.33261172480625945,-0.20855273206084907,0.010008714646709188,-0.2229574022488396,-0.12014567606486325,1.2215678365422902,-0.6504436355879909,-0.9168100402222058,0.3952847075210472
-0.17663891234265616,-0.5005818458901135,-0.3672704715527323,1.1506574770669558,0.7774555706426819,0.23542442817958334,-0.2665815929651057,0.010008714646709188,-0.2229574022488396,-0.12014567606486325,-0.6616825781270738,-0.6504436355879909,-1.8164810770218969,0.3952847075210472
-0.29053625927225546,-0.6274328687326636,-0.3794195088570752,-0.0027393893705299557,-0.34784911570579424,0.15240424389231508,-0.31615151509965456,0.010008714646709188,-0.2229574022488396,-0.12014567606486325,-0.6616825781270738,1.5374122295716144,-2.078885129421805,0.3952847075210472
-0.36115620957429456,-0.6248808620558266,-0.37925217674314293,-0.23265182133208256,-0.08360450187342965,0.04505314404292717,-0.3802490078512867,0.010008714646709188,-0.2229574022488396,-0.12014567606486325,1.2215678365422902,-0.6504436355879909,-1.3916364207553757,0.3952847075210472
-0.4337715024717241,-0.6167278236473049,-0.37869638238049685,-0.34181988357485404,-0.3752794407526243,-0.06266599141808726,-0.44456624832773645,0.010008714646709188,-0.2229574022488396,-0.12014567606486325,-0.6616825781270738,-0.6504436355879909,-1.5040953003553372,0.3952847075210472
-0.5289686165026841,-0.5539364766012997,-0.3733333723294738,-0.8776796963354255,0.2617335466209696,-0.28277630232576345,-0.5759903238868908,0.010008714646709188,-0.2229574022488396,-0.12014567606486325,-0.6616825781270738,1.5374122295716144,-0.8668283159555569,0.3952847075210472
-0.6261199434585497,-0.5447228740182989,-0.37238522311466793,-0.07247868829967799,-1.0677407966142456,-0.3764341469618576,-0.6319118097973098,0.010008714646709188,-0.2229574022488396,-0.12014567606486325,1.2215678365422902,-0.6504436355879909,1.1636792323770762,0.3952847075210472
-0.721721959135844,-0.5646624891418602,-0.3743851879442044,0.7226008976666441,0.3834196010217551,-0.4753516483297087,-0.6909737461522316,0.010008714646709188,-0.2229574022488396,-0.12014567606486325,-0.6616825781270738,-0.6504436355879909,0.6763574207772439,0.3952847075210472
-0.8157086530870804,-0.621032111380765,-0.37899383223509375,-0.17949835644081694,-0.3044684349682512,-0.5742778607387731,-0.7500408837198265,0.010008714646709188,-0.2229574022488396,-0.12014567606486325,-0.6616825781270738,-0.6504436355879909,0.264008195577387,0.3952847075210472
-0.8158515883163061,-0.621363940493682,-0.37901638960627615,-0.18660111992343686,-0.3081153628256371,-0.5742778607387731,-0.5764548905739005,0.010008714646709188,-0.2229574022488396,-0.12014567606486325,1.2215678365422902,-0.6504436355879909,0.4077056528440038,0.3952847075210472
-0.8006059171099261,-0.6024616371509015,-0.377646131620586,-0.5112836822891267,-1.1255863764663552,-0.5742778607387731,-0.5823604780365262,0.010008714646709188,-0.2229574022488396,-0.12014567606486325,-0.6616825781270738,-0.6504436355879909,0.5201645324439633,0.3952847075210472
-0.7938362553137616,-0.6078288171038947,-0.3780528601877307,-0.8660909688833668,-0.4494050455035455,-0.5742778607387731,-0.6689710574526685,0.010008714646709188,-0.2229574022488396,-0.12014567606486325,-0.6616825781270738,1.5374122295716144,0.8575411712438483,0.3952847075210472
-0.795555616545737,-0.6033363337822695,-0.377713371630229,-0.918191114251795,-0.3537425546405213,-0.5836371176393773,-0.7556291348154259,0.010008714646709188,-0.2229574022488396,-0.12014567606486325,1.2215678365422902,-0.6504436355879909,-0.1608364606891338,0.3952847075210472
-0.5930645799472645,-0.04831154384008214,-0.26030712242594223,1.5861722965701628,1.248852002135352,-0.5836371176393773,0.08167950031313571,0.010008714646709188,-0.2229574022488396,-0.12014567606486325,1.2215678365422902,-0.6504436355879909,0.43269651497732925,0.3952847075210472
-0.41687289871379973,0.05084088214382949,-0.2235710148392625,-0.12814834558554497,-1.7575222509116053,-0.5836371176393773,-0.009703995281255333,0.010008714646709188,-0.2229574022488396,-0.12014567606486325,-0.6616825781270738,-0.6504436355879909,0.057833582977457124,0.3952847075210472
-0.34195445061048774,-0.037328216667899615,-0.2564731080321383,-0.6486169242569675,-0.7216234039981467,-0.5836371176393773,-0.4254718486138746,0.010008714646709188,-0.2229574022488396,-0.12014567606486325,-0.6616825781270738,-0.6504436355879909,-0.24205676262243814,0.3952847075210472
0.009635740231922773,-0.13527365618994622,-0.28859369560751985,-0.587759238002285,0.5531627032316141,-0.03068650638285221,0.38710587202225727,0.010008714646709188,-0.2229574022488396,-0.12014567606486325,1.2215678365422902,-0.6504436355879909,0.7700731537772121,0.3952847075210472
0.08691994443208588,-0.061579139448830006,-0.26486033274547105,-1.0226865565891872,-0.1254235008239981,-0.03068650638285221,0.33286786652869205,0.010008714646709188,-0.2229574022488396,-0.12014567606486325,-0.6616825781270738,-0.6504436355879909,0.2827513421773805,0.3952847075210472
0.17576093169413123,-0.04858061914094188,-0.26040031436303823,-1.9677788022507237,1.3841888898694614,-0.03068650638285221,0.27904611445051625,0.010008714646709188,-0.2229574022488396,-0.12014567606486325,-0.6616825781270738,-0.6504436355879909,-0.12959788302247865,0.3952847075210472
0.37708577994407416,-0.6337174217385204,-0.3798180847289287,-0.06412829455616118,-0.3069506005397349,1.0652152391056553,0.22887220828449661,0.010008714646709188,-0.2229574022488396,-0.12014567606486325,-0.6616825781270738,1.5374122295716144,-0.24205676262243814,0.3952847075210472
0.29135208741398244,-0.582243664801842,-0.3759882985070594,-0.9972841034889048,0.3995588871949808,0.8635394384716546,0.10845506130180392,0.010008714646709188,-0.2229574022488396,-0.12014567606486325,1.2215678365422902,-0.6504436355879909,0.4389442305106595,0.3952847075210472
0.06470977697746408,-0.17713577366524327,-0.3008998943985422,-1.760160458326367,1.100705011306261,0.005672086754724113,-0.4037627588759493,0.010008714646709188,-0.2229574022488396,-0.12014567606486325,-0.6616825781270738,-0.6504436355879909,0.06408129851078903,0.3952847075210472
-0.19288765694249807,-0.045407215584773876,-0.259298993411707,-0.18328061568718026,-1.4761919452265346,-0.25297177035140955,-0.5581945511852399,0.010008714646709188,-0.2229574022488396,-0.12014567606486325,-0.6616825781270738,-0.6504436355879909,-0.11085473642248514,0.3952847075210472
-0.5017378749440469,-0.05954401906895928,-0.2641674694263113,0.8739546645840336,0.609023110825474,-0.6159954805080228,-0.7749497559579909,0.010008714646709188,-0.2229574022488396,-0.12014567606486325,-0.6616825781270738,-0.6504436355879909,-0.14834102962247217,0.3952847075210472
-0.794270071413716,-0.38542700002621705,-0.34946953914231144,0.239025041577507,-0.8381258394435196,-0.728844946811443,-0.8423302286178644,0.010008714646709188,-0.2229574022488396,-0.12014567606486325,-0.6616825781270738,-0.6504436355879909,-0.0639968699225005,-2.5298221281347035
-0.9292060097206559,-0.5098148151302719,-0.3684186445960732,1.485613792653905,1.055423485071743,-0.728844946811443,-0.8423302286178644,0.010008714646709188,-0.2229574022488396,-0.12014567606486325,1.2215678365422902,1.5374122295716144,1.4823127245769672,-2.5298221281347035
-1.0166272547651467,-0.6981986797742297,-0.3827987376169243,1.7803919676939641,1.4730696628565256,-0.728844946811443,-0.8423302286178644,0.010008714646709188,-0.2229574022488396,-0.12014567606486325,1.2215678365422902,-0.6504436355879909,-0.7356262897556016,-2.5298221281347035
-1.037358494378689,-0.7610696737547553,-0.3837592765353673,-0.13180275107504824,-0.8857905995964451,-0.728844946811443,-0.8423302286178644,0.010008714646709188,-0.2229574022488396,-0.12014567606486325,-0.6616825781270738,-0.6504436355879909,-0.07336844322249754,-2.5298221281347035
-1.037358494378689,-0.7610696737547553,-0.3837592765353673,-0.13180275107504824,-0.8857905995964451,-0.728844946811443,-0.8423302286178644,0.010008714646709188,-0.2229574022488396,-0.12014567606486325,-0.6616825781270738,1.5374122295716144,-0.05462529662250402,-2.5298221281347035
0.020449833832905127,2.4469131711867007,2.117037421722188,1.7803919676939648,1.4730696628565279,-0.728844946811443,2.5957480757727427,0.010008714646709188,-0.2229574022488396,-0.12014567606486325,-2.5449329927964377,1.5374122295716144,-1.4978475848220054,0.3952847075210472
1.084515626471014,2.954178426910572,2.970448446678802,-0.13171634182968253,-1.89655487933293,-0.728844946811443,2.616086025580395,0.010008714646709188,-0.2229574022488396,-0.12014567606486325,1.2215678365422902,1.5374122295716144,0.4077056528440038,0.3952847075210472
1.8473692372176047,2.277107172125877,1.8592982517512033,-1.635801006368037,0.8781861109815292,-0.728844946811443,1.63708913175728,0.010008714646709188,-0.2229574022488396,-0.12014567606486325,1.2215678365422902,-0.6504436355879909,-0.8855714625555504,0.3952847075210472
2.571537240976133,0.35472896004441706,-0.08121707449566344,-0.16732557352115618,-1.8207198770127424,3.2131273742635442,1.5113535494871737,0.010008714646709188,-0.2229574022488396,-0.12014567606486325,-0.6616825781270738,-0.6504436355879909,-0.7981034450889144,0.3952847075210472
2.220025400455711,0.25878660199478476,-0.13100863981562091,1.670375281964651,1.3348685329931638,3.1158446701016644,1.4532677223869044,0.010008714646709188,-0.2229574022488396,-0.12014567606486325,-0.6616825781270738,1.5374122295716144,-0.23580904708910844,0.3952847075210472
1.4868346623999522,0.46111329377648613,-0.02077587423485724,-1.9644054922854979,1.3861654800899816,1.07225686951889,0.23307664452227364,0.010008714646709188,-0.2229574022488396,-0.12014567606486325,1.2215678365422902,-0.6504436355879909,1.8446802255101753,0.3952847075210472
0.9934960269906195,0.7009081502041856,0.1356334733147998,-0.1806202400603732,-1.7794213038999664,0.738246346066154,0.033644713819957005,4.787292623956142,4.6713807104640095,2.3935633283002162,-0.6616825781270738,1.5374122295716144,1.957139105110137,0.3952847075210472
0.47725895581116123,0.5982976075503696,0.06528373126515068,1.4981071658086156,1.1500532322998438,0.40301668842770977,-0.1665151409068115,0.010008714646709188,-0.2229574022488396,-0.12014567606486325,1.2215678365422902,1.5374122295716144,2.3257543215766767,0.3952847075210472
-0.0384985714962271,-0.3738573703417084,-0.34732479369076114,0.5104990082300678,-0.4441869584800762,0.30834435735691623,-0.22304235919431842,0.010008714646709188,-0.2229574022488396,-0.12014567606486325,1.2215678365422902,-0.6504436355879909,-0.9168100402222058,0.3952847075210472
-0.1962838544145485,-0.5064428958149828,-0.3680041294519888,1.1508062877374718,0.777586256287092,0.21336057099586098,-0.27975554207127085,0.010008714646709188,-0.2229574022488396,-0.12014567606486325,-0.6616825781270738,-0.6504436355879909,-1.8164810770218969,0.3952847075210472
-0.3076142291247294,-0.6304590270430063,-0.37961382852729936,-0.0026162801188510843,-0.3477865367446991,0.13222501769388004,-0.3282001835045653,0.010008714646709188,-0.2229574022488396,-0.12014567606486325,-0.6616825781270738,1.5374122295716144,-2.078885129421805,0.3952847075210472
-0.37663348597514196,-0.6279726012346645,-0.37945449298584105,-0.23259450610314922,-0.08360963871618315,0.02731381462853237,-0.3908408559101631,0.010008714646709188,-0.2229574022488396,-0.12014567606486325,1.2215678365422902,-0.6504436355879909,-1.3916364207553757,0.3952847075210472
-0.44759747709458236,-0.6200130779565693,-0.3789242249713553,-0.3416953082163034,-0.37535930725991096,-0.07794458020173213,-0.4536888305387135,0.010008714646709188,-0.2229574022488396,-0.12014567606486325,-0.6616825781270738,-0.6504436355879909,-1.5040953003553372,0.3952847075210472
-0.5406225477984028,-0.558668406995814,-0.3738042879709334,-0.8775395253019237,0.26166882173279704,-0.2930167502573175,-0.582104718969821,0.010008714646709188,-0.2229574022488396,-0.12014567606486325,-0.6616825781270738,1.5374122295716144,-0.8668283159555569,0.3952847075210472
-0.6355539322150918,-0.5496735207272184,-0.3728998104708837,-0.0724505681685629,-1.067722060438752,-0.38452922694229047,-0.6367452426275058,0.010008714646709188,-0.2229574022488396,-0.12014567606486325,1.2215678365422902,-0.6504436355879909,1.1636792323770762,0.3952847075210472
-0.7289674375574052,-0.5691606764804357,-0.374809648502078,0.7226427153880332,0.38344358456903077,-0.4811779311580866,-0.6944525192797063,0.010008714646709188,-0.2229574022488396,-0.12014567606486325,-0.6616825781270738,-0.6504436355879909,0.6763574207772439,0.3952847075210472
-0.820800111889407,-0.6242445932837216,-0.3792099643797596,-0.1794355787633412,-0.3044773711840372,-0.5778311514230737,-0.7521624923870963,0.010008714646709188,-0.2229574022488396,-0.12014567606486325,-0.6616825781270738,-0.6504436355879909,0.264008195577387,0.3952847075210472
-0.8152666913161835,-0.6109996658678978,-0.37828657046378156,0.0877725698592119,-0.1456407085825285,-0.5778311514230737,-0.5641200494276224,0.010008714646709188,-0.2229574022488396,-0.12014567606486325,1.2215678365422902,-0.6504436355879909,0.4077056528440038,0.3952847075210472
-0.8002576955314822,-0.5954243447923937,-0.37709162798332063,-0.40983231664023106,-1.1230857820951583,-0.5778311514230737,-0.5879631510123728,0.010008714646709188,-0.2229574022488396,-0.12014567606486325,-0.6616825781270738,-0.6504436355879909,0.5201645324439633,0.3952847075210472
-0.7935675092049572,-0.6011025483739312,-0.37754091749463176,-0.7264581149476084,-0.5221858561523839,-0.5778311514230737,-0.6727081409758939,0.010008714646709188,-0.2229574022488396,-0.12014567606486325,-0.6616825781270738,1.5374122295716144,0.8575411712438483,0.3952847075210472
-0.7952092914889788,-0.5969011334954434,-0.37720998706554487,-0.7783015650155529,-0.4385261855494548,-0.5867681111993247,-0.7574985971432056,0.010008714646709188,-0.2229574022488396,-0.12014567606486325,1.2215678365422902,-0.6504436355879909,-0.1608364606891338,0.3952847075210472
-0.6027378816989584,-0.06396258060956542,-0.26566922382856,1.5860106443743225,1.2486683344460485,-0.5867681111993247,0.061448648195804555,0.010008714646709188,-0.2229574022488396,-0.12014567606486325,1.2215678365422902,-0.6504436355879909,0.43269651497732925,0.3952847075210472
-0.4304349001181831,0.033014033268206344,-0.23052818915990694,-0.12816133189923862,-1.75744043552886,-0.5867681111993247,-0.027945681915478332,0.010008714646709188,-0.2229574022488396,-0.12014567606486325,-0.6616825781270738,-0.6504436355879909,0.057833582977457124,0.3952847075210472
-0.35718025382361257,-0.05319715165107706,-0.26199373018990313,-0.648484704129892,-0.7218203158390997,-0.5867681111993247,-0.43461660453755413,0.010008714646709188,-0.2229574022488396,-0.12014567606486325,-0.6616825781270738,-0.6504436355879909,-0.24205676262243814,0.3952847075210472
-0.013639544525089852,-0.14974253006706117,-0.29294342242036575,-0.5929351231262937,0.5538930555955534,-0.04600223191466255,0.35907406334160713,0.010008714646709188,-0.2229574022488396,-0.12014567606486325,1.2215678365422902,-0.6504436355879909,0.7700731537772121,0.3952847075210472
0.06161768441642839,-0.0779343147763903,-0.27035541506731936,-1.0250832227994713,-0.12102907910255052,-0.04600223191466255,0.30604895920851166,0.010008714646709188,-0.2229574022488396,-0.12014567606486325,-0.6616825781270738,-0.6504436355879909,0.2827513421773805,0.3952847075210472
0.1481907734377482,-0.06517649586161785,-0.2660801406139597,-1.9676378142344941,1.3840260648079274,-0.04600223191466255,0.25343332708845057,0.010008714646709188,-0.2229574022488396,-0.12014567606486325,-0.6616825781270738,-0.6504436355879909,-0.12959788302247865,0.3952847075210472
0.3447980570275894,-0.6365770648125455,-0.3799930932667304,-0.06390175696860359,-0.30701498672983507,1.0242196862181867,0.20439446974487935,0.010008714646709188,-0.2229574022488396,-0.12014567606486325,-0.6616825781270738,1.5374122295716144,-0.24205676262243814,0.3952847075210472
0.26100117797501093,-0.5862960928523886,-0.3763365086186741,-0.9969669389763665,0.3993710494259851,0.8271344419172524,0.08671826488292404,0.010008714646709188,-0.2229574022488396,-0.12014567606486325,1.2215678365422902,-0.6504436355879909,0.4389442305106595,0.3952847075210472
0.03951902182838757,-0.19045163010429084,-0.3046358086023603,-1.760117289119326,1.1006517071080486,-0.011155436338517724,-0.413810183085019,0.010008714646709188,-0.2229574022488396,-0.12014567606486325,-0.6616825781270738,-0.6504436355879909,0.06408129851078903,0.3952847075210472
-0.21220139470087138,-0.06174264550534299,-0.26491591155416366,-0.18325102763570542,-1.4762091164744993,-0.2638770636441975,-0.5647059139823568,0.010008714646709188,-0.2229574022488396,-0.12014567606486325,-0.6616825781270738,-0.6504436355879909,-0.11085473642248514,0.3952847075210472
-0.5139956150398719,-0.07557609732906262,-0.2695711120628723,0.8740523441883703,0.6090945106926638,-0.6185820629094132,-0.776494159759696,0.010008714646709188,-0.2229574022488396,-0.12014567606486325,-0.6616825781270738,-0.6504436355879909,-0.14834102962247217,0.3952847075210472
-0.7998399579341419,-0.39403305431413255,-0.3510227117038752,0.23903860600405036,-0.8381075312630508,-0.728844946811443,-0.8423302286178644,0.010008714646709188,-0.2229574022488396,-0.12014567606486325,-0.6616825781270738,-0.6504436355879909,-0.0639968699225005,-2.5298221281347035
-0.9316845620524862,-0.5155726412277749,-0.3691136887357803,1.485616286602823,1.0554273099305462,-0.728844946811443,-0.8423302286178644,0.010008714646709188,-0.2229574022488396,-0.12014567606486325,1.2215678365422902,1.5374122295716144,1.4823127245769672,-2.5298221281347035
-1.0171024281204115,-0.6996397234221041,-0.38284226533262244,1.7803919676907742,1.4730696631725881,-0.728844946811443,-0.8423302286178644,0.010008714646709188,-0.2229574022488396,-0.12014567606486325,1.2215678365422902,-0.6504436355879909,-0.7356262897556016,-2.5298221281347035
-1.037358494378689,-0.7610696737547553,-0.3837592765353673,-0.13180275107504824,-0.8857905995964451,-0.728844946811443,-0.8423302286178644,0.010008714646709188,-0.2229574022488396,-0.12014567606486325,-0.6616825781270738,-0.6504436355879909,-0.07336844322249754,-2.5298221281347035
-1.037358494378689,-0.7610696737547553,-0.3837592765353673,-0.13180275107504824,-0.8857905995964451,-0.728844946811443,-0.8423302286178644,0.010008714646709188,-0.2229574022488396,-0.12014567606486325,-0.6616825781270738,1.5374122295716144,-0.05462529662250402,-2.5298221281347035
0.034961140699541975,2.4909211660609243,2.1861212893187085,1.7803919676939648,1.4730696628565265,-0.728844946811443,2.6429125837237133,0.010008714646709188,-0.2229574022488396,-0.12014567606486325,-2.5449329927964377,1.5374122295716144,-1.4978475848220054,0.3952847075210472
1.109599285284415,2.9980697907957574,3.050168761047259,-0.1317911637489068,-1.8967071331293062,-0.728844946811443,2.6504481806940823,0.010008714646709188,-0.2229574022488396,-0.12014567606486325,1.2215678365422902,1.5374122295716144,0.4077056528440038,0.3952847075210472
1.8801100552941328,2.312762116937436,1.9122546013719297,-1.6324547042341784,0.8726587248837219,-0.728844946811443,1.6619763560621934,0.010008714646709188,-0.2229574022488396,-0.12014567606486325,1.2215678365422902,-0.6504436355879909,-0.8855714625555504,0.3952847075210472
2.611561574883551,0.37240940523421345,-0.0715532153970829,-0.16771464567935193,-1.8232734006707143,3.2527748285234352,1.535026361555326,4.46880703000218,4.34509150294982,0.7443228973427226,-0.6616825781270738,-0.6504436355879909,-0.7981034450889144,0.3952847075210472
2.2526483506034576,0.26865597447797684,-0.12609312357555255,1.6703760614227243,1.3348701042763413,3.154547181048246,1.4763763250779707,0.010008714646709188,-0.2229574022488396,-0.12014567606486325,-0.6616825781270738,1.5374122295716144,-0.23580904708910844,0.3952847075210472
1.512205682174538,0.4734123688018498,-0.013433564453932588,-1.9644672181640928,1.3862298090091794,1.0903314183383723,0.24386864631425528,0.010008714646709188,-0.2229574022488396,-0.12014567606486325,1.2215678365422902,-0.6504436355879909,1.8446802255101753,0.3952847075210472
1.0139231781439657,0.7156285456016351,0.14614547691576918,-0.18060512780661053,-1.7794646126918066,0.753016008014537,0.04246342458313262,0.010008714646709188,-0.2229574022488396,-0.12014567606486325,-0.6616825781270738,1.5374122295716144,1.957139105110137,0.3952847075210472
0.4925040503324054,0.6119730692723923,0.07436407274529272,1.4981863121786563,1.1501437278033253,0.4144558765062984,-0.1596849987286634,0.010008714646709188,-0.2229574022488396,-0.12014567606486325,1.2215678365422902,1.5374122295716144,2.3257543215766767,0.3952847075210472
-0.028435571838581798,-0.37001523596122826,-0.3465981603269289,0.5104562439527273,-0.44424166104266544,0.31883839401098024,-0.21677655065287882,0.010008714646709188,-0.2229574022488396,-0.12014567606486325,1.2215678365422902,-0.6504436355879909,-0.9168100402222058,0.3952847075210472
-0.18778851763992876,-0.5039078238865213,-0.36768885031680354,1.1507419600200266,0.7775297611189163,0.22290162529254334,-0.2740587428816721,0.010008714646709188,-0.2229574022488396,-0.12014567606486325,-0.6616825781270738,-0.6504436355879909,-1.8164810770218969,0.3952847075210472
-0.3002291562623787,-0.6291502406900804,-0.37953033320580004,-0.002669498129015338,-0.3478135909391229,0.1409510135474531,-0.3229900416731366,0.010008714646709188,-0.2229574022488396,-0.12014567606486325,-0.6616825781270738,1.5374122295716144,-2.078885129421805,0.3952847075210472
-0.3699406896389185,-0.6266354977692543,-0.3793675661555777,-0.23261928104155172,-0.08360741858763436,0.03498463005001081,-0.38626074414077144,0.010008714646709188,-0.2229574022488396,-0.12014567606486325,1.2215678365422902,-0.6504436355879909,-1.3916364207553757,0.3952847075210472
-0.4416188126879831,-0.618592334049135,-0.3788263356852451,-0.34174915237532655,-0.3753247897793752,-0.07133788500098638,-0.4497440866251796,0.010008714646709188,-0.2229574022488396,-0.12014567606486325,-0.6616825781270738,-0.6504436355879909,-1.5040953003553372,0.3952847075210472
-0.5355831752508377,-0.5566221369875961,-0.3736019812574172,-0.8776001111797876,0.2616967950055347,-0.28858868423201123,-0.579460797013185,0.010008714646709188,-0.2229574022488396,-0.12014567606486325,-0.6616825781270738,1.5374122295716144,-0.8668283159555569,0.3952847075210472
-0.6314745456333922,-0.5475327183487598,-0.37267874981117316,-0.07246272178827838,-1.0677301586365673,-0.38102886669595076,-0.6346552378130917,0.010008714646709188,-0.2229574022488396,-0.12014567606486325,1.2215678365422902,-0.6504436355879909,1.1636792323770762,0.3952847075210472
-0.7258344207998767,-0.567215553442197,-0.374627308442029,0.7226246426660307,0.38343321910759826,-0.4786586325573151,-0.692948289476484,0.010008714646709188,-0.2229574022488396,-0.12014567606486325,-0.6616825781270738,-0.6504436355879909,0.6763574207772439,0.3952847075210472
-0.8185985353389231,-0.6228554716052692,-0.37911712134486636,-0.17946270946058362,-0.3044735098555649,-0.5762947044186724,-0.7512451063438601,0.010008714646709188,-0.2229574022488396,-0.12014567606486325,-0.6616825781270738,-0.6504436355879909,0.264008195577387,0.3952847075210472
-0.8173550974995822,-0.619945542618448,-0.3789195939931254,-0.11752193629861846,-0.27130453587012376,-0.5762947044186724,-0.5754193874834203,0.010008714646709188,-0.2229574022488396,-0.12014567606486325,1.2215678365422902,-0.6504436355879909,0.4077056528440038,0.3952847075210472
-0.8022426263632039,-0.6019674360727587,-0.3776079768135979,-0.4918919622940446,-1.135930152286072,-0.5762947044186724,-0.5855368316198304,0.010008714646709188,-0.2229574022488396,-0.12014567606486325,-0.6616825781270738,-0.6504436355879909,0.5201645324439633,0.3952847075210472
-0.7955173147266995,-0.6073970329269748,-0.37802065713638755,-0.8391806602945566,-0.4740623851020293,-0.5762947044186724,-0.6710897472329868,0.010008714646709188,-0.2229574022488396,-0.12014567606486325,-0.6616825781270738,1.5374122295716144,0.8575411712438483,0.3952847075210472
-0.7971922620823779,-0.6030395790267337,-0.37769060106360947,-0.8905796064171408,-0.38126477646660667,-0.585412196604297,-0.7566890038921951,0.010008714646709188,-0.2229574022488396,-0.12014567606486325,1.2215678365422902,-0.6504436355879909,-0.1608364606891338,0.3952847075210472
-0.598551065806938,-0.05719165834856842,-0.26336409257223403,1.5860777234060832,1.248744555973011,-0.585412196604297,0.07020228995924452,0.010008714646709188,-0.2229574022488396,-0.12014567606486325,1.2215678365422902,-0.6504436355879909,0.43269651497732925,0.3952847075210472
-0.42456616067122716,0.04072638088176574,-0.22753729478372,-0.12815611681203318,-1.7574747353330855,-0.585412196604297,-0.020052790999868644,-4.448789600708762,4.34509150294982,2.3791928218869347,-0.6616825781270738,-0.6504436355879909,0.057833582977457124,0.3952847075210472
-0.35059206947032356,-0.046331399116295864,-0.2596202338887638,-0.6485407329373989,-0.7217371361853278,-0.585412196604297,-0.4306598779817002,0.010008714646709188,-0.2229574022488396,-0.12014567606486325,-0.6616825781270738,-0.6504436355879909,-0.24205676262243814,0.3952847075210472
-0.003570713511621369,-0.143486719328659,-0.2910752453942538,-0.5906970747245758,0.553575763741364,-0.03937546806884291,0.3711964203972306,0.010008714646709188,-0.2229574022488396,-0.12014567606486325,1.2215678365422902,-0.6504436355879909,0.7700731537772121,0.3952847075210472
0.0725615587619787,-0.0708639148600024,-0.26799582415398787,-1.0240464400881748,-0.12292982798905767,-0.03937546806884291,0.31764665826967,0.010008714646709188,-0.2229574022488396,-0.12014567606486325,-0.6616825781270738,-0.6504436355879909,0.2827513421773805,0.3952847075210472
0.16011400531574602,-0.058001634324985486,-0.2636410186770507,-1.9676988062224638,1.384096502885824,-0.03937546806884291,0.2645093162977167,0.010008714646709188,-0.2229574022488396,-0.12014567606486325,-0.6616825781270738,-0.6504436355879909,-0.12959788302247865,0.3952847075210472
0.35876066421005176,-0.6353401539073666,-0.3799178827719077,-0.06399969004227815,-0.30698715992197534,1.0419476875679616,0.21497955401148086,0.010008714646709188,-0.2229574022488396,-0.12014567606486325,-0.6616825781270738,1.5374122295716144,-0.24205676262243814,0.3952847075210472
0.27412610448795655,-0.584543473011287,-0.3761868919720101,-0.9971040550496808,0.3994522428982937,0.8428772097378567,0.09611800040205264,0.010008714646709188,-0.2229574022488396,-0.12014567606486325,1.2215678365422902,-0.6504436355879909,0.4389442305106595,0.3952847075210472
0.05041239481122014,-0.18469319519799657,-0.3030307898212902,-1.760135949974459,1.1006747487029154,-0.0038788480186339844,-0.4094654575279941,0.010008714646709188,-0.2229574022488396,-0.12014567606486325,-0.6616825781270738,-0.6504436355879909,0.06408129851078903,0.3952847075210472
-0.2038495176430163,-0.05467849087730384,-0.26250282565925437,-0.18326381604869532,-1.476201696102046,-0.25916139595216553,-0.5618902700240445,0.010008714646709188,-0.2229574022488396,-0.12014567606486325,-0.6616825781270738,-0.6504436355879909,-0.11085473642248514,0.3952847075210472
-0.5086950223837786,-0.06864324065399645,-0.26724970906084333,0.8740101269045484,0.609063650928861,-0.6174635756406757,-0.7758263302758688,0.010008714646709188,-0.2229574022488396,-0.12014567606486325,-0.6616825781270738,-0.6504436355879909,-0.14834102962247217,0.3952847075210472
-0.7974314223037443,-0.3903116098590407,-0.3503555035033433,0.23903274345020095,-0.8381154441008235,-0.728844946811443,-0.8423302286178644,0.010008714646709188,-0.2229574022488396,-0.12014567606486325,-0.6616825781270738,-0.6504436355879909,-0.0639968699225005,-2.5298221281347035
-0.9306127868071433,-0.5130828414995434,-0.3688151149427004,1.4856152087311483,1.0554256568449998,-0.728844946811443,-0.8423302286178644,0.010008714646709188,-0.2229574022488396,-0.12014567606486325,1.2215678365422902,1.5374122295716144,1.4823127245769672,-2.5298221281347035
-1.0168969541529018,-0.6990165888284579,-0.3828235669746031,1.7803919676944238,1.4730696625664215,-0.728844946811443,-0.8423302286178644,0.010008714646709188,-0.2229574022488396,-0.12014567606486325,1.2215678365422902,-0.6504436355879909,-0.7356262897556016,-2.5298221281347035
-1.037358494378689,-0.7610696737547553,-0.3837592765353673,-0.13180275107504824,-0.8857905995964451,-0.728844946811443,-0.8423302286178644,0.010008714646709188,-0.2229574022488396,-0.12014567606486325,-0.6616825781270738,-0.6504436355879909,-0.07336844322249754,-2.5298221281347035
-1.037358494378689,-0.7610696737547553,-0.3837592765353673,-0.13180275107504824,-0.8857905995964451,-0.728844946811443,-0.8423302286178644,0.010008714646709188,-0.2229574022488396,-0.12014567606486325,-0.6616825781270738,1.5374122295716144,-0.05462529662250402,-2.5298221281347035
0.053310674768361155,2.546569234747392,2.2748253979375272,1.7803919676939644,1.4730696628565279,-0.728844946811443,2.702552060267007,0.010008714646709188,-0.2229574022488396,-0.12014567606486325,-2.5449329927964377,1.5374122295716144,-1.4978475848220054,0.3952847075210472
1.1453442092367694,3.060653132113334,3.1654587680902253,-0.1317988688057352,-1.8967228120779085,-0.728844946811443,2.706986507118604,0.010008714646709188,-0.2229574022488396,-0.12014567606486325,1.2215678365422902,1.5374122295716144,0.4077056528440038,0.3952847075210472
1.9284572428447475,2.3638980098469613,1.989282445738697,-1.6318985784395712,0.8717515788228768,-0.728844946811443,1.7029361102141074,0.010008714646709188,-0.2229574022488396,-0.12014567606486325,1.2215678365422902,-0.6504436355879909,-0.8855714625555504,0.3952847075210472
2.671896713837102,0.3919893085947384,-0.060673856800609334,-0.16769035406116062,-1.8236639885999384,3.318030642604563,1.5739894842055386,0.010008714646709188,-0.2229574022488396,-0.12014567606486325,-0.6616825781270738,-0.6504436355879909,-0.7981034450889144,0.3952847075210472
2.3063364582992603,0.28488305463038116,-0.11790819761249317,1.6703773201831535,1.334872659134691,3.2182491699915508,1.5144116855007945,0.010008714646709188,-0.2229574022488396,-0.12014567606486325,-0.6616825781270738,1.5374122295716144,-0.23580904708910844,0.3952847075210472
1.5539631539533436,0.49365576723670795,-0.0011885631988104493,-1.9645687617380183,1.3863356434324454,1.120078533325218,0.26163013632159,0.010008714646709188,-0.2229574022488396,-0.12014567606486325,1.2215678365422902,-0.6504436355879909,1.8446802255101753,0.3952847075210472
1.0475443089882617,0.7398575873138931,0.1636770393522169,-0.1805802383038875,-1.7795359200038845,0.7773260347447933,0.05697852283849037,0.010008714646709188,-0.2229574022488396,-0.12014567606486325,-0.6616825781270738,1.5374122295716144,1.957139105110137,0.3952847075210472
0.5175964780428595,0.6344816661629954,0.08950742492952707,1.498316657810382,1.1502927624312034,0.4332861215015582,-0.1484417837659058,0.010008714646709188,-0.2229574022488396,-0.12014567606486325,1.2215678365422902,1.5374122295716144,2.3257543215766767,0.3952847075210472
-0.01187211935317982,-0.3636938053597956,-0.34538702409359034,0.5103858199404375,-0.4443317353870875,0.33611333275351424,-0.2064619822657085,0.010008714646709188,-0.2229574022488396,-0.12014567606486325,1.2215678365422902,-0.6504436355879909,-0.9168100402222058,0.3952847075210472
-0.17380441852692083,-0.49973651212066766,-0.3671632791328065,1.1506359877909107,0.7774367004396572,0.23860815916080952,-0.26468064203140684,0.010008714646709188,-0.2229574022488396,-0.12014567606486325,-0.6616825781270738,-0.6504436355879909,-1.8164810770218969,0.3952847075210472
-0.28807201438574037,-0.626996331994365,-0.3793911100600117,-0.0027571668760867055,-0.34785815070711434,0.1553160899068382,-0.31441290199674626,0.010008714646709188,-0.2229574022488396,-0.12014567606486325,-0.6616825781270738,1.5374122295716144,-2.078885129421805,0.3952847075210472
-0.35892287791154537,-0.6244348339372405,-0.3792226062499034,-0.2326600988670492,-0.08360375981198676,0.04761298834265145,-0.3787205689095611,0.010008714646709188,-0.2229574022488396,-0.12014567606486325,1.2215678365422902,-0.6504436355879909,-1.3916364207553757,0.3952847075210472
-0.4317764062615332,-0.6162538442761428,-0.37866307745362887,-0.3418378778685676,-0.3752679027061143,-0.060461206245411556,-0.44324980907538825,0.010008714646709188,-0.2229574022488396,-0.12014567606486325,-0.6616825781270738,-0.6504436355879909,-1.5040953003553372,0.3952847075210472
-0.5272869128904478,-0.5532537077016771,-0.3732645256598425,-0.8776999428253814,0.26174289739816436,-0.281298508282308,-0.5751079585164224,0.010008714646709188,-0.2229574022488396,-0.12014567606486325,-0.6616825781270738,1.5374122295716144,-0.8668283159555569,0.3952847075210472
-0.6247585568773981,-0.5440085135113434,-0.3723099866061671,-0.07248275050098146,-1.0677435029969924,-0.37526593069062175,-0.6312142879826015,0.010008714646709188,-0.2229574022488396,-0.12014567606486325,1.2215678365422902,-0.6504436355879909,1.1636792323770762,0.3952847075210472
-0.7206763701934669,-0.5640134014634907,-0.37432312647091087,0.7225948561064433,0.3834161362149596,-0.4745108326872356,-0.6904717096139521,0.010008714646709188,-0.2229574022488396,-0.12014567606486325,-0.6616825781270738,-0.6504436355879909,0.6763574207772439,0.3952847075210472
-0.8149738949123363,-0.6205685293242124,-0.3789622288413948,-0.17950742654144775,-0.30446714338168984,-0.5737650673085968,-0.7497347035947983,0.010008714646709188,-0.2229574022488396,-0.12014567606486325,-0.6616825781270738,-0.6504436355879909,0.264008195577387,0.3952847075210472
-0.814846158993056,-0.6202715181305686,-0.3789419260486343,-0.17319313767018074,-0.3011974772340087,-0.5737650673085968,-0.5746927924782399,0.010008714646709188,-0.2229574022488396,-0.12014567606486325,1.2215678365422902,-0.6504436355879909,0.4077056528440038,0.3952847075210472
-0.7995670658189901,-0.6014882660540337,-0.37757086914015203,-0.507896498290447,-1.1274192686417708,-0.5737650673085968,-0.5815543284686504,0.010008714646709188,-0.2229574022488396,-0.12014567606486325,-0.6616825781270738,-0.6504436355879909,0.5201645324439633,0.3952847075210472
-0.7927864252809845,-0.6068849015317367,-0.37798234420967936,-0.8602832304773056,-0.4558043444160502,-0.5737650673085968,-0.6684333379147954,0.010008714646709188,-0.2229574022488396,-0.12014567606486325,-0.6616825781270738,1.5374122295716144,0.8575411712438483,0.3952847075210472
-0.7945172277990317,-0.6023667715475927,-0.37763881672502325,-0.912564222398869,-0.3600773899845223,-0.5831866042778878,-0.7553601410467259,0.010008714646709188,-0.2229574022488396,-0.12014567606486325,1.2215678365422902,-0.6504436355879909,-0.1608364606891338,0.3952847075210472
-0.5916712555608272,-0.046055208742034344,-0.2595242753140018,1.586197312706985,1.248880421131348,-0.5831866042778878,0.0845952067609661,0.010008714646709188,-0.2229574022488396,-0.12014567606486325,1.2215678365422902,-0.6504436355879909,0.43269651497732925,0.3952847075210472
-0.4149187094793026,0.05341081415441897,-0.22255532543725806,-0.1281462317997254,-1.7575347024425247,-0.5831866042778878,-0.007074928258132647,0.010008714646709188,-0.2229574022488396,-0.12014567606486325,-0.6616825781270738,-0.6504436355879909,0.057833582977457124,0.3952847075210472
-0.33976018174200967,-0.035040819761158595,-0.2556672564845926,-0.6486366894701798,-0.7215938105856621,-0.5831866042778878,-0.4241538245927608,0.010008714646709188,-0.2229574022488396,-0.12014567606486325,-0.6616825781270738,-0.6504436355879909,-0.24205676262243814,0.3952847075210472
0.01299163159692292,-0.13318520985571466,-0.28795745043930876,-0.5870122250996312,0.5530582957343797,-0.028479067024143757,0.39115035989199615,0.010008714646709188,-0.2229574022488396,-0.12014567606486325,1.2215678365422902,-0.6504436355879909,0.7700731537772121,0.3952847075210472
0.09056931864083302,-0.05921776382128149,-0.264056207558091,-1.0223409695521153,-0.12605732219444823,-0.028479067024143757,0.3367374480509398,0.010008714646709188,-0.2229574022488396,-0.12014567606486325,-0.6616825781270738,-0.6504436355879909,0.2827513421773805,0.3952847075210472
0.17973846395977405,-0.04618476480787648,-0.2595692924167116,-1.9677991310402898,1.3842123677734615,-0.028479067024143757,0.28274175758742026,0.010008714646709188,-0.2229574022488396,-0.12014567606486325,-0.6616825781270738,-0.6504436355879909,-0.12959788302247865,0.3952847075210472
0.3817444685468641,-0.6333050005931032,-0.3797925168613174,-0.06416100434477298,-0.3069412979665677,1.0711305189287628,0.23240411998467908,0.010008714646709188,-0.2229574022488396,-0.12014567606486325,-0.6616825781270738,1.5374122295716144,-0.24205676262243814,0.3952847075210472
0.29573139975935214,-0.581659071295634,-0.37593740782541596,-0.997329895686057,0.39958601540162064,0.8687924151246417,0.11159152318632787,0.010008714646709188,-0.2229574022488396,-0.12014567606486325,1.2215678365422902,-0.6504436355879909,0.4389442305106595,0.3952847075210472
0.06834460155663855,-0.17521452882314698,-0.30035375365479,-1.7601666924683288,1.1007127092912068,0.008100317324743683,-0.40231290422537297,0.010008714646709188,-0.2229574022488396,-0.12014567606486325,-0.6616825781270738,-0.6504436355879909,0.06408129851078903,0.3952847075210472
-0.19010079454514528,-0.043050236294227356,-0.2584778426867298,-0.18328488967746825,-1.4761894639844348,-0.2513981112767446,-0.5572549464557737,0.010008714646709188,-0.2229574022488396,-0.12014567606486325,-0.6616825781270738,-0.6504436355879909,-0.11085473642248514,0.3952847075210472
-0.49996912202712473,-0.057230731385561576,-0.2633774587374249,0.8739405539005045,0.6090127969059324,-0.6156222287375938,-0.7747268937545932,0.010008714646709188,-0.2229574022488396,-0.12014567606486325,-0.6616825781270738,-0.6504436355879909,-0.14834102962247217,0.3952847075210472
-0.7934663272048067,-0.3841851358151872,-0.34924244254179426,0.23902308206152204,-0.8381284842220061,-0.728844946811443,-0.8423302286178644,0.010008714646709188,-0.2229574022488396,-0.12014567606486325,-0.6616825781270738,-0.6504436355879909,-0.0639968699225005,-2.5298221281347035
-0.9288483485233306,-0.5089839476011776,-0.3683170178432966,1.485613432368798,1.055422932518382,-0.728844946811443,-0.8423302286178644,0.010008714646709188,-0.2229574022488396,-0.12014567606486325,1.2215678365422902,1.5374122295716144,1.4823127245769672,-2.5298221281347035
-1.0165586857932012,-0.6979907327579542,-0.38279237310720804,1.7803919676939648,1.4730696628565265,-0.728844946811443,-0.8423302286178644,0.010008714646709188,-0.2229574022488396,-0.12014567606486325,1.2215678365422902,-0.6504436355879909,-0.7356262897556016,-2.5298221281347035
-1.037358494378689,-0.7610696737547553,-0.3837592765353673,-0.13180275107504824,-0.8857905995964451,-0.728844946811443,-0.8423302286178644,0.010008714646709188,-0.2229574022488396,-0.12014567606486325,-0.6616825781270738,-0.6504436355879909,-0.07336844322249754,-2.5298221281347035
-1.037358494378689,-0.7610696737547553,-0.3837592765353673,-0.13180275107504824,-0.8857905995964451,-0.728844946811443,-0.8423302286178644,0.010008714646709188,-0.2229574022488396,-0.12014567606486325,-0.6616825781270738,1.5374122295716144,-0.05462529662250402,-2.5298221281347035
-0.03695228999839087,2.2728315123427634,1.8529893349849427,1.7803919676939641,1.4730696628565279,-0.728844946811443,2.4091802531276088,0.010008714646709188,-0.2229574022488396,-0.12014567606486325,-2.5449329927964377,1.5374122295716144,-1.4978475848220054,0.3952847075210472
0.9786735837565776,2.769027138484637,2.6444615705030823,-0.131236570055037,-1.8955786275060247,-0.728844946811443,2.4586470739887396,0.010008714646709188,-0.2229574022488396,-0.12014567606486325,1.2215678365422902,1.5374122295716144,0.4077056528440038,0.3952847075210472
1.7064647319562458,2.1262841504879635,1.6421235665789162,-1.643023561297765,0.8908956201451204,-0.728844946811443,1.5231294581887285,0.010008714646709188,-0.2229574022488396,-0.12014567606486325,1.2215678365422902,-0.6504436355879909,-0.8855714625555504,0.3952847075210472
2.397285049959243,0.2896358683215725,-0.1154866514366074,-0.1629857806715154,-1.8076780221220397,3.031600914190835,1.4029672267101903,0.010008714646709188,-0.2229574022488396,-0.12014567606486325,-0.6616825781270738,-0.6504436355879909,-0.7981034450889144,0.3952847075210472
2.0706240654975785,0.21349709701754258,-0.15295836922426753,1.6703715789429423,1.3348611695160308,2.938653471499568,1.3474699095653748,0.010008714646709188,-0.2229574022488396,-0.12014567606486325,-0.6616825781270738,1.5374122295716144,-0.23580904708910844,0.3952847075210472
1.370668632761801,0.4048037670402618,-0.05345276837911979,-1.9641231107217267,1.3858712409453102,0.9894913157971997,0.18365875791278577,0.010008714646709188,-0.2229574022488396,-0.12014567606486325,1.2215678365422902,-0.6504436355879909,1.8446802255101753,0.3952847075210472
0.8999703004291768,0.6335149329391694,0.08885196473643776,-0.18068920481187728,-1.779223538542756,0.670626942080593,-0.006729667652753075,0.010008714646709188,-0.2229574022488396,-0.12014567606486325,-0.6616825781270738,1.5374122295716144,1.957139105110137,0.3952847075210472
0.40746208518124716,0.5356851002610823,0.024870513016456375,1.4977459360649983,1.1496401949582788,0.3506570692087577,-0.19777816772324452,0.010008714646709188,-0.2229574022488396,-0.12014567606486325,1.2215678365422902,1.5374122295716144,2.3257543215766767,0.3952847075210472
-0.08456767809155946,-0.3914627878511252,-0.3505626142534121,0.5106941958142172,-0.443937232302668,0.2603140559221415,-0.25172042492809704,0.010008714646709188,-0.2229574022488396,-0.12014567606486325,1.2215678365422902,-0.6504436355879909,-0.9168100402222058,0.3952847075210472
-0.23517017086691094,-0.5180567979606635,-0.3694085832428091,1.1510997078134038,0.777843998100534,0.16969417628799854,-0.30582799426043283,0.010008714646709188,-0.2229574022488396,-0.12014567606486325,-0.6616825781270738,-0.6504436355879909,-1.8164810770218969,0.3952847075210472
-0.34141460617517166,-0.6364526778362336,-0.37998556353165064,-0.0023735266652455318,-0.3476630823216937,0.09229067055282589,-0.35204429437074264,0.010008714646709188,-0.2229574022488396,-0.12014567606486325,-0.6616825781270738,1.5374122295716144,-2.078885129421805,0.3952847075210472
-0.40726373028854473,-0.6340950095589704,-0.37984142063217324,-0.23248152941062444,-0.08361975507881889,-0.007789345538531505,-0.41180034824442435,-4.608032397685742,4.508236106706914,4.823871853465515,1.2215678365422902,-0.6504436355879909,-1.3916364207553757,0.3952847075210472
-0.47495814658985736,-0.6265174579986195,-0.3793598504974001,-0.34144986461365273,-0.37551660367279793,-0.10817711458817912,-0.47174015610889863,0.010008714646709188,-0.2229574022488396,-0.12014567606486325,-0.6616825781270738,-0.6504436355879909,-1.5040953003553372,0.3952847075210472
-0.5636836340329735,-0.568034447713658,-0.3747042974842471,-0.8772632918880623,0.2615413159478694,-0.3132785784586776,-0.5942027076079774,0.010008714646709188,-0.2229574022488396,-0.12014567606486325,-0.6616825781270738,1.5374122295716144,-0.8668283159555569,0.3952847075210472
-0.6542211027750864,-0.5594712687325702,-0.373883107908362,-0.07239515821458813,-1.0676851268224905,-0.40054551379839737,-0.6463082916517606,0.010008714646709188,-0.2229574022488396,-0.12014567606486325,1.2215678365422902,-0.6504436355879909,1.1636792323770762,0.3952847075210472
-0.7433034879648364,-0.5780624082166814,-0.37562065268544864,0.7227250569891398,0.3834908209459734,-0.49270485532460523,-0.7013350471648293,0.010008714646709188,-0.2229574022488396,-0.12014567606486325,-0.6616825781270738,-0.6504436355879909,0.6763574207772439,0.3952847075210472
-0.8308736658649631,-0.6306011848863354,-0.3796228475048355,-0.1793119534571565,-0.30449497479936094,-0.584860999601457,-0.7563598936553756,0.010008714646709188,-0.2229574022488396,-0.12014567606486325,-0.6616825781270738,-0.6504436355879909,0.264008195577387,0.3952847075210472
-0.8151464308475409,-0.5912687640503241,-0.37675288604799845,0.5174888770151534,0.18041341266009372,-0.584860999601457,-0.5430862018484923,0.010008714646709188,-0.2229574022488396,-0.12014567606486325,1.2215678365422902,-0.6504436355879909,0.4077056528440038,0.3952847075210472
-0.8006210744055253,-0.5808815250842859,-0.3758694626385667,-0.1226208694952884,-0.9053436473779032,-0.584860999601457,-0.599098119908015,0.010008714646709188,-0.2229574022488396,-0.12014567606486325,-0.6616825781270738,-0.6504436355879909,0.5201645324439633,0.3952847075210472
-0.7940984375076905,-0.5869119613313096,-0.3763887292610575,-0.36313478560295614,-0.45554489258211833,-0.584860999601457,-0.6801352363789099,0.010008714646709188,-0.2229574022488396,-0.12014567606486325,-0.6616825781270738,1.5374122295716144,0.8575411712438483,0.3952847075210472
-0.7955918948275033,-0.5832773573452766,-0.3760778781552935,-0.41595975441367716,-0.40546386020639685,-0.5929905598510775,-0.7612139140604305,0.010008714646709188,-0.2229574022488396,-0.12014567606486325,1.2215678365422902,-0.6504436355879909,-0.1608364606891338,0.3952847075210472
-0.6219506179121801,-0.09503154318814962,-0.2759608307678591,1.5856879514854358,1.2483017119480808,-0.5929905598510775,0.021280981683301496,0.010008714646709188,-0.2229574022488396,-0.12014567606486325,1.2215678365422902,-0.6504436355879909,0.43269651497732925,0.3952847075210472
-0.45736463191828897,-0.0023742716893198766,-0.24388133995759562,-0.12818737923058593,-1.757277369684635,-0.5929905598510775,-0.06416235455153307,0.010008714646709188,-0.2229574022488396,-0.12014567606486325,-0.6616825781270738,-0.6504436355879909,0.057833582977457124,0.3952847075210472
-0.3874104353182756,-0.08470154175111942,-0.2725910731450205,-0.6482217883857937,-0.7222119949341285,-0.5929905598510775,-0.4527707893261975,0.010008714646709188,-0.2229574022488396,-0.12014567606486325,-0.6616825781270738,-0.6504436355879909,-0.24205676262243814,0.3952847075210472
-0.05980006390104878,-0.17835448763312187,-0.30124540099771907,-0.6031554291216356,0.5553708604907224,-0.07640703591349399,0.3035821177189741,0.010008714646709188,-0.2229574022488396,-0.12014567606486325,1.2215678365422902,-0.6504436355879909,0.7700731537772121,0.3952847075210472
0.011482075681872515,-0.11025217053768765,-0.28083145956502403,-1.029826889746709,-0.11233731810927107,-0.07640703591349399,0.2529614960586498,0.010008714646709188,-0.2229574022488396,-0.12014567606486325,-0.6616825781270738,-0.6504436355879909,0.2827513421773805,0.3952847075210472
0.09360000571727368,-0.09797987248713033,-0.27691309415334386,-1.9673587233427305,1.383703763802915,-0.07640703591349399,0.20273654019766899,0.010008714646709188,-0.2229574022488396,-0.12014567606486325,-0.6616825781270738,-0.6504436355879909,-0.12959788302247865,0.3952847075210472
0.2808864968043859,-0.6422443854400683,-0.3803281868804479,-0.06345494429910399,-0.3071417687671428,0.94307761425731,0.1559459361326327,-4.767275194662724,4.6713807104640095,2.0856028475259505,-0.6616825781270738,1.5374122295716144,-0.24205676262243814,0.3952847075210472
0.2009263431426154,-0.5943219217003538,-0.37700258194760317,-0.9963413044099947,0.3990008161159047,0.7550810183371841,0.043696406679949736,0.010008714646709188,-0.2229574022488396,-0.12014567606486325,1.2215678365422902,-0.6504436355879909,0.4389442305106595,0.3952847075210472
-0.010339644891766411,-0.21681158316622723,-0.3117772448621329,-1.760032167191535,1.1005466068245544,-0.04445563196218687,-0.4336931563438927,0.010008714646709188,-0.2229574022488396,-0.12014567606486325,-0.6616825781270738,-0.6504436355879909,0.06408129851078903,0.3952847075210472
-0.2504263883214205,-0.09407782991149936,-0.2756518922515664,-0.18319272843249793,-1.4762429093932923,-0.2854572140569756,-0.5775910501067452,0.010008714646709188,-0.2229574022488396,-0.12014567606486325,-0.6616825781270738,-0.6504436355879909,-0.11085473642248514,0.3952847075210472
-0.5382545331176137,-0.10730797754892127,-0.279898095584895,0.8742447622653342,0.6092351745553414,-0.6237005009372001,-0.7795502909483475,0.010008714646709188,-0.2229574022488396,-0.12014567606486325,-0.6616825781270738,-0.6504436355879909,-0.14834102962247217,0.3952847075210472
-0.8108621559976449,-0.4110636511379158,-0.3539902010218779,0.23906532844911493,-0.8380714626407448,-0.728844946811443,-0.8423302286178644,0.010008714646709188,-0.2229574022488396,-0.12014567606486325,-0.6616825781270738,-0.6504436355879909,-0.0639968699225005,-2.5298221281347035
-0.9365892802796558,-0.5269666306783201,-0.37044160095992457,1.485621199351375,1.0554348443795818,-0.728844946811443,-0.8423302286178644,0.010008714646709188,-0.2229574022488396,-0.12014567606486325,1.2215678365422902,1.5374122295716144,1.4823127245769672,-2.5298221281347035
-1.0180427211379772,-0.702491321191885,-0.38292542521636197,1.780391967698184,1.4730696628416515,-0.728844946811443,-0.8423302286178644,0.010008714646709188,-0.2229574022488396,-0.12014567606486325,1.2215678365422902,-0.6504436355879909,-0.7356262897556016,-2.5298221281347035
-1.037358494378689,-0.7610696737547553,-0.3837592765353673,-0.13180275107504824,-0.8857905995964451,-0.728844946811443,-0.8423302286178644,0.010008714646709188,-0.2229574022488396,-0.12014567606486325,-0.6616825781270738,-0.6504436355879909,-0.07336844322249754,-2.5298221281347035
-1.037358494378689,-0.7610696737547553,-0.3837592765353673,-0.13180275107504824,-0.8857905995964451,-0.728844946811443,-0.8423302286178644,0.010008714646709188,-0.2229574022488396,-0.12014567606486325,-0.6616825781270738,1.5374122295716144,-0.05462529662250402,-2.5298221281347035
0.03138374000439205,2.4800720927898485,2.169002965888683,1.7803919676939657,1.4730696628565256,-0.728844946811443,2.631285350898932,0.010008714646709188,-0.2229574022488396,-0.12014567606486325,-2.5449329927964377,1.5374122295716144,-1.4978475848220054,0.3952847075210472
1.099408703416465,2.9802230119469666,3.0176405303278417,-0.1318016314671788,-1.8967284337949757,-0.728844946811443,2.6289540837893544,0.010008714646709188,-0.2229574022488396,-0.12014567606486325,1.2215678365422902,1.5374122295716144,0.4077056528440038,0.3952847075210472
1.8651296920912799,2.297983316306748,1.8902294800671207,-1.6295519432090815,0.8679985302585214,-0.728844946811443,1.6464086555146462,0.010008714646709188,-0.2229574022488396,-0.12014567606486325,1.2215678365422902,-0.6504436355879909,-0.8855714625555504,0.3952847075210472
2.592025136821934,0.3708733233920839,-0.07239884036350906,-0.16749780028270747,-1.8241768355965042,3.2279740628270925,1.5202182515155918,0.010008714646709188,-0.2229574022488396,-0.12014567606486325,-0.6616825781270738,-0.6504436355879909,-0.7981034450889144,0.3952847075210472
2.2322418183594204,0.2624828624868828,-0.12917323382383736,1.6703755760089107,1.334869124783775,3.1303374650506908,1.4619211206334004,0.010008714646709188,-0.2229574022488396,-0.12014567606486325,-0.6616825781270738,1.5374122295716144,-0.23580904708910844,0.3952847075210472
1.4963353096754681,0.4657188897214113,-0.018035032974299894,-1.9644286753158837,1.3861896403085925,1.079025256044151,0.23711793154077482,0.010008714646709188,-0.2229574022488396,-0.12014567606486325,1.2215678365422902,-0.6504436355879909,1.8446802255101753,0.3952847075210472
1.0011453325350823,0.7064204409516764,0.13955752915353034,-0.1806145651701725,-1.7794375676916154,0.7437770883050452,0.03694702475171126,0.010008714646709188,-0.2229574022488396,-0.12014567606486325,-0.6616825781270738,1.5374122295716144,1.957139105110137,0.3952847075210472
0.48296773522040404,0.6034186220074561,0.06867337763193769,1.4981368850951087,1.1500872135640485,0.40730021999778065,-0.16395751798399824,0.010008714646709188,-0.2229574022488396,-0.12014567606486325,1.2215678365422902,1.5374122295716144,2.3257543215766767,0.3952847075210472
-0.0347303264453091,-0.37241854554585446,-0.3470535201040976,0.5104829462320465,-0.4442075065579235,0.31227395055038487,-0.22069606678009446,0.010008714646709188,-0.2229574022488396,-0.12014567606486325,1.2215678365422902,-0.6504436355879909,-0.9168100402222058,0.3952847075210472
-0.1931026741515654,-0.5054935580411597,-0.3678864290375675,1.1507821359800576,0.7775650448016265,0.21693329970041877,-0.2776223272968975,0.010008714646709188,-0.2229574022488396,-0.12014567606486325,-0.6616825781270738,-0.6504436355879909,-1.8164810770218969,0.3952847075210472
-0.30484881976216516,-0.6299689219765899,-0.37958265929231505,-0.0026362609870964203,-0.34779669460989965,0.13549253182431095,-0.32624920709552063,0.010008714646709188,-0.2229574022488396,-0.12014567606486325,-0.6616825781270738,1.5374122295716144,-2.078885129421805,0.3952847075210472
-0.3741273145540181,-0.6274718967213035,-0.37942204330365115,-0.23260380909961087,-0.08360880464512915,0.030186197425902755,-0.3891258056145195,0.010008714646709188,-0.2229574022488396,-0.12014567606486325,1.2215678365422902,-0.6504436355879909,-1.3916364207553757,0.3952847075210472
-0.4453587247364741,-0.6194810574404686,-0.3788876836433919,-0.3417155274278464,-0.37534634610687095,-0.07547066930720292,-0.4522117009531504,0.010008714646709188,-0.2229574022488396,-0.12014567606486325,-0.6616825781270738,-0.6504436355879909,-1.5040953003553372,0.3952847075210472
-0.5387355250707814,-0.5579021590211988,-0.373728770372477,-0.8775622664797994,0.2616793171506184,-0.291358644210326,-0.5811146924076565,0.010008714646709188,-0.2229574022488396,-0.12014567606486325,-0.6616825781270738,1.5374122295716144,-0.8668283159555569,0.3952847075210472
-0.6340263862505082,-0.5488718793106461,-0.3728172933235418,-0.07245512741228864,-1.0677250969559295,-0.3832185065981298,-0.6359626340852819,0.010008714646709188,-0.2229574022488396,-0.12014567606486325,1.2215678365422902,-0.6504436355879909,1.1636792323770762,0.3952847075210472
-0.7277942672706815,-0.5684323112944422,-0.3747415853282135,0.7226359275674555,0.3834396925054803,-0.48023457464486846,-0.6938892573536242,0.010008714646709188,-0.2229574022488396,-0.12014567606486325,-0.6616825781270738,-0.6504436355879909,0.6763574207772439,0.3952847075210472
-0.8199757250840479,-0.6237244299465947,-0.37917530869399707,-0.17944576280486027,-0.30447592704428494,-0.577255825970652,-0.7518189754686094,0.010008714646709188,-0.2229574022488396,-0.12014567606486325,-0.6616825781270738,-0.6504436355879909,0.264008195577387,0.3952847075210472
-0.8218910782354747,-0.6281223369950157,-0.37946417340098004,-0.27760443957294473,-0.35182314220685035,-0.577255825970652,-0.5873399545270257,0.010008714646709188,-0.2229574022488396,-0.12014567606486325,1.2215678365422902,-0.6504436355879909,0.4077056528440038,0.3952847075210472
-0.8068416760689824,-0.6083892107677737,-0.37809451999660715,-0.5291797553314573,-1.1049484260752236,-0.577255825970652,-0.5870492140424037,0.010008714646709188,-0.2229574022488396,-0.12014567606486325,-0.6616825781270738,-0.6504436355879909,0.5201645324439633,0.3952847075210472
-0.800137229327906,-0.6135619936240929,-0.37847185934509825,-0.8993242783516574,-0.4007677367845421,-0.577255825970652,-0.6720985299896097,0.010008714646709188,-0.2229574022488396,-0.12014567606486325,-0.6616825781270738,1.5374122295716144,0.8575411712438483,0.3952847075210472
-0.8017908761204333,-0.6092162310045375,-0.37815572206530973,-0.9506183734945983,-0.30601506806720263,-0.5862573696057628,-0.7571936421344797,0.010008714646709188,-0.2229574022488396,-0.12014567606486325,1.2215678365422902,-0.6504436355879909,-0.1608364606891338,0.3952847075210472
-0.6011666217358509,-0.06142946353793495,-0.26480944367446035,1.5860265657596895,1.2486864509294628,-0.5862573696057628,0.06472703902778652,0.010008714646709188,-0.2229574022488396,-0.12014567606486325,1.2215678365422902,-0.6504436355879909,0.43269651497732925,0.3952847075210472
-0.4282353440078913,0.03589974236260767,-0.22941247860540268,-0.12816067781720414,-1.7574497528826956,-0.5862573696057628,-0.024989662939949576,0.010008714646709188,-0.2229574022488396,-0.12014567606486325,-0.6616825781270738,-0.6504436355879909,0.057833582977457124,0.3952847075210472
-0.35471233096314364,-0.05062714981863019,-0.2611079612323834,-0.6485019350829727,-0.7217955911137646,-0.5862573696057628,-0.43313475055904843,0.010008714646709188,-0.2229574022488396,-0.12014567606486325,-0.6616825781270738,-0.6504436355879909,-0.24205676262243814,0.3952847075210472
-0.0098687984308544,-0.14740008968688686,-0.2922461254350709,-0.5920947297707947,0.5537736457133124,-0.04352040856120968,0.3636134417094698,0.010008714646709188,-0.2229574022488396,-0.12014567606486325,1.2215678365422902,-0.6504436355879909,0.7700731537772121,0.3952847075210472
0.06571595240948055,-0.07528694968326748,-0.26947476045999974,-1.024693824639141,-0.12174292357769274,-0.04352040856120968,0.31039185851949014,0.010008714646709188,-0.2229574022488396,-0.12014567606486325,-0.6616825781270738,-0.6504436355879909,0.2827513421773805,0.3952847075210472
0.1526556375274518,-0.06248997332578014,-0.26516977703853484,-1.9676607223218099,1.384052520688444,-0.04352040856120968,0.2575808531194259,0.010008714646709188,-0.2229574022488396,-0.12014567606486325,-0.6616825781270738,-0.6504436355879909,-0.12959788302247865,0.3952847075210472
0.3500265197268159,-0.6361138613951911,-0.3799650152242039,-0.06393852718156585,-0.3070045346796134,1.0308581204237248,0.20835816447151598,0.010008714646709188,-0.2229574022488396,-0.12014567606486325,-0.6616825781270738,1.5374122295716144,-0.24205676262243814,0.3952847075210472
0.2659159492335306,-0.585639785716836,-0.376280656213145,-0.9970184309117073,0.399401538609161,0.8330294729711287,0.09023808639175455,0.010008714646709188,-0.2229574022488396,-0.12014567606486325,1.2215678365422902,-0.6504436355879909,0.4389442305106595,0.3952847075210472
0.04359815353601605,-0.1882953077031493,-0.30403667550384217,-1.7601242930575738,1.1006603547097753,-0.008430668747627074,-0.41218327128670457,0.010008714646709188,-0.2229574022488396,-0.12014567606486325,-0.6616825781270738,-0.6504436355879909,0.06408129851078903,0.3952847075210472
-0.20907395817417096,-0.05909738865080246,-0.26401514330279885,-0.18325582790055997,-1.476206329075102,-0.2621112521288448,-0.5636515783401057,0.010008714646709188,-0.2229574022488396,-0.12014567606486325,-0.6616825781270738,-0.6504436355879909,-0.11085473642248514,0.3952847075210472
-0.5120107645378135,-0.07298001864227917,-0.26870457499545225,0.8740364943246564,0.6090829245073209,-0.6181632386013111,-0.7762440869789751,0.010008714646709188,-0.2229574022488396,-0.12014567606486325,-0.6616825781270738,-0.6504436355879909,-0.14834102962247217,0.3952847075210472
-0.7989380660433225,-0.39263953446920136,-0.3507736594254222,0.2390364055634759,-0.8381105012341328,-0.728844946811443,-0.8423302286178644,0.010008714646709188,-0.2229574022488396,-0.12014567606486325,-0.6616825781270738,-0.6504436355879909,-0.0639968699225005,-2.5298221281347035
-0.9312832291068559,-0.5146403199957476,-0.36900223875299115,1.485615882015802,1.0554266894323703,-0.728844946811443,-0.8423302286178644,0.010008714646709188,-0.2229574022488396,-0.12014567606486325,1.2215678365422902,1.5374122295716144,1.4823127245769672,-2.5298221281347035
-1.0170254871531974,-0.6994063869127628,-0.38283528572187486,1.7803919676939652,1.473069662856529,-0.728844946811443,-0.8423302286178644,0.010008714646709188,-0.2229574022488396,-0.12014567606486325,1.2215678365422902,-0.6504436355879909,-0.7356262897556016,-2.5298221281347035
-1.037358494378689,-0.7610696737547553,-0.3837592765353673,-0.13180275107504824,-0.8857905995964451,-0.728844946811443,-0.8423302286178644,0.010008714646709188,-0.2229574022488396,-0.12014567606486325,-0.6616825781270738,-0.6504436355879909,-0.07336844322249754,-2.5298221281347035
-1.037358494378689,-0.7610696737547553,-0.3837592765353673,-0.13180275107504824,-0.8857905995964451,-0.728844946811443,-0.8423302286178644,0.010008714646709188,-0.2229574022488396,-0.12014567606486325,-0.6616825781270738,1.5374122295716144,-0.05462529662250402,-2.5298221281347035
0.04214280940418764,2.5127007922825313,2.220659188671188,1.7803919676939657,1.4730696628565256,-0.728844946811443,2.6662543732561352,0.010008714646709188,-0.2229574022488396,-0.12014567606486325,-2.5449329927964377,1.5374122295716144,-1.4978475848220054,0.3952847075210472
1.1136317622846583,3.005178177864333,3.0631678895849763,-0.13166489085906574,-1.896450183330644,-0.728844946811443,2.6402127085518083,5.105778217910103,4.997669917978198,0.5542876462466759,1.2215678365422902,1.5374122295716144,0.4077056528440038,0.3952847075210472
1.8818617069006658,2.318002805418118,1.9200903918715377,-1.6226380564387897,0.8573023389158062,-0.728844946811443,1.6545632396278869,0.010008714646709188,-0.2229574022488396,-0.12014567606486325,1.2215678365422902,-0.6504436355879909,-0.8855714625555504,0.3952847075210472
2.61114370103348,0.38734229321910163,-0.06327278283533089,-0.16523262568916589,-1.8228496103458398,3.240965125173646,1.5279749910903373,0.010008714646709188,-0.2229574022488396,-0.12014567606486325,-0.6616825781270738,-0.6504436355879909,-0.7981034450889144,0.3952847075210472
2.242930991625367,0.26571612299514147,-0.12756228945911727,1.6703758322054234,1.334869641377609,3.143018953235433,1.4694930188080986,0.010008714646709188,-0.2229574022488396,-0.12014567606486325,-0.6616825781270738,1.5374122295716144,-0.23580904708910844,0.3952847075210472
1.5046484667870639,0.46974886887206324,-0.01562829081118126,-1.964448977323592,1.3862107985208432,1.0849475843820156,0.2406540517877182,0.010008714646709188,-0.2229574022488396,-0.12014567606486325,1.2215678365422902,-0.6504436355879909,1.8446802255101753,0.3952847075210472
1.007838586519028,0.7112438154110191,0.14300327792729553,-0.18060959506465493,-1.7794518114135323,0.7486166028441892,0.03983661552935031,0.010008714646709188,-0.2229574022488396,-0.12014567606486325,-0.6616825781270738,1.5374122295716144,1.957139105110137,0.3952847075210472
0.4879630286166154,0.6078995896413437,0.07164982669802494,1.4981629164440589,1.150116977338505,0.4110485187806345,-0.16171947333981665,0.010008714646709188,-0.2229574022488396,-0.12014567606486325,1.2215678365422902,1.5374122295716144,2.3257543215766767,0.3952847075210472
-0.03143301342897829,-0.3711596926890517,-0.34681535288335164,0.510468884953539,-0.4442254915552049,0.315712567433905,-0.2186429278641793,0.010008714646709188,-0.2229574022488396,-0.12014567606486325,1.2215678365422902,-0.6504436355879909,-0.9168100402222058,0.3952847075210472
-0.19031899979641517,-0.5046629441658803,-0.3677830889312147,1.1507609768272653,0.7775464620403995,0.22005966166734323,-0.2757556304135394,0.010008714646709188,-0.2229574022488396,-0.12014567606486325,-0.6616825781270738,-0.6504436355879909,-1.8164810770218969,0.3952847075210472
-0.3024289251352282,-0.6295400865503714,-0.37955529086371087,-0.002653765687224146,-0.34780559350364604,0.13835182960140238,-0.3245419696401149,0.010008714646709188,-0.2229574022488396,-0.12014567606486325,-0.6616825781270738,1.5374122295716144,-2.078885129421805,0.3952847075210472
-0.3719342514405387,-0.6270337778520788,-0.3793935497232011,-0.23261195676412932,-0.0836080749941362,0.03269975020650728,-0.38762500654155535,0.010008714646709188,-0.2229574022488396,-0.12014567606486325,1.2215678365422902,-0.6504436355879909,-1.3916364207553757,0.3952847075210472
-0.44339965773547235,-0.6190155274345687,-0.37885559630469895,-0.3417332335729446,-0.3753349951292704,-0.07330579856248504,-0.4509190939182671,0.010008714646709188,-0.2229574022488396,-0.12014567606486325,-0.6616825781270738,-0.6504436355879909,-1.5040953003553372,0.3952847075210472
-0.53708423610609,-0.5572316532828027,-0.37366245455499963,-0.8775821994725046,0.26168852456499914,-0.28990765659558726,-0.5802483326940725,0.010008714646709188,-0.2229574022488396,-0.12014567606486325,-0.6616825781270738,1.5374122295716144,-0.8668283159555569,0.3952847075210472
-0.6326896583832802,-0.5481703922732679,-0.3727448293606778,-0.07245912859071744,-1.0677277644893182,-0.38207150642744625,-0.6352777800387965,0.010008714646709188,-0.2229574022488396,-0.12014567606486325,1.2215678365422902,-0.6504436355879909,1.1636792323770762,0.3952847075210472
-0.7267676414486308,-0.5677949408109976,-0.37468181375992576,0.7226299860935967,0.38343628372857846,-0.4794090468425141,-0.6933963489213685,0.010008714646709188,-0.2229574022488396,-0.12014567606486325,-0.6616825781270738,-0.6504436355879909,0.6763574207772439,0.3952847075210472
-0.8192543110362706,-0.62326924446139,-0.37914487424766136,-0.1794546879150567,-0.30447465155216785,-0.576752360259043,-0.7515183647636812,0.010008714646709188,-0.2229574022488396,-0.12014567606486325,-0.6616825781270738,-0.6504436355879909,0.264008195577387,0.3952847075210472
-0.8286232436773898,-0.6436099742709064,-0.3804065966899744,-0.660792591102899,-0.45240871166477675,-0.576752360259043,-0.6106991461256395,0.010008714646709188,-0.2229574022488396,-0.12014567606486325,1.2215678365422902,-0.6504436355879909,0.4077056528440038,0.3952847075210472
-0.8135382592072433,-0.6191119307434528,-0.37886224969153265,-0.5061684006671577,-0.8554039669034736,-0.576752360259043,-0.5862487107398614,-4.608032397685742,4.508236106706914,8.191842087062167,-0.6616825781270738,-0.6504436355879909,0.5201645324439633,0.3952847075210472
-0.806821184990747,-0.6236002931831902,-0.37916701869322433,-0.9153554452636612,-0.11218564404288214,-0.576752360259043,-0.6715645798599859,0.010008714646709188,-0.2229574022488396,-0.12014567606486325,-0.6616825781270738,1.5374122295716144,0.8575411712438483,0.3952847075210472
-0.8084851401305493,-0.6191715274822971,-0.378866360570758,-0.9738446394001434,-0.027319093230537776,-0.5858100168671333,-0.7569265355192523,0.010008714646709188,-0.2229574022488396,-0.12014567606486325,1.2215678365422902,-0.6504436355879909,-0.1608364606891338,0.3952847075210472
-0.5997915291078817,-0.05921417497750927,-0.2640549833775948,1.5860385444971536,1.2487000896282021,-0.5858100168671333,0.06759479161922943,0.010008714646709188,-0.2229574022488396,-0.12014567606486325,1.2215678365422902,-0.6504436355879909,0.43269651497732925,0.3952847075210472
-0.42631096991575845,0.038423467173875216,-0.22843340566552495,-0.12816038097020982,-1.7574571564429757,-0.5858100168671333,-0.02240389038343646,0.010008714646709188,-0.2229574022488396,-0.12014567606486325,-0.6616825781270738,-0.6504436355879909,0.057833582977457124,0.3952847075210472
-0.35255341295997966,-0.0483793231925194,-0.26033060054243296,-0.6485162156457349,-0.7217753205165526,-0.5858100168671333,-0.4318384880988848,0.010008714646709188,-0.2229574022488396,-0.12014567606486325,-0.6616825781270738,-0.6504436355879909,-0.24205676262243814,0.3952847075210472
-0.006569941637122196,-0.14535011952430227,-0.2916337028128881,-0.5913585969635515,0.553669312743234,-0.041349415674931826,0.36758556625626526,0.010008714646709188,-0.2229574022488396,-0.12014567606486325,1.2215678365422902,-0.6504436355879909,0.7700731537772121,0.3952847075210472
0.0693017072546247,-0.07296992965232786,-0.2687012010332555,-1.0243528182219332,-0.12236810074753104,-0.041349415674931826,0.31419208435757423,0.010008714646709188,-0.2229574022488396,-0.12014567606486325,-0.6616825781270738,-0.6504436355879909,0.2827513421773805,0.3952847075210472
0.15656245620441459,-0.06013876177630513,-0.26437015967646743,-1.9676807828033303,1.3840756879904754,-0.041349415674931826,0.26121014420860716,4.46880703000218,4.34509150294982,1.7421784073276076,-0.6616825781270738,-0.6504436355879909,-0.12959788302247865,0.3952847075210472
0.35460166238195395,-0.6357085923788816,-0.37994036346732,-0.06397073958744563,-0.30699538680199606,1.0366671014699436,0.21182660700286185,0.010008714646709188,-0.2229574022488396,-0.12014567606486325,-0.6616825781270738,1.5374122295716144,-0.24205676262243814,0.3952847075210472
0.27021662158369386,-0.5850655227799372,-0.37623161412828443,-0.9970635221478238,0.39942823938349126,0.8381879601388836,0.093318130232092,-4.448789600708762,4.34509150294982,2.0763523044653125,1.2215678365422902,-0.6504436355879909,0.4389442305106595,0.3952847075210472
0.04716761914929748,-0.18640844423806732,-0.30351055756901923,-1.7601304333597654,1.1006679369838586,-0.006046301128172184,-0.4107596064484341,0.010008714646709188,-0.2229574022488396,-0.12014567606486325,-0.6616825781270738,-0.6504436355879909,0.06408129851078903,0.3952847075210472
-0.20633726509514325,-0.05678267013518994,-0.2632241407180336,-0.18326003519981682,-1.4762038901411714,-0.26056603601740963,-0.5627289564140949,0.010008714646709188,-0.2229574022488396,-0.12014567606486325,-0.6616825781270738,-0.6504436355879909,-0.11085473642248514,0.3952847075210472
-0.5102738929140114,-0.07070830956240017,-0.26794362106306624,0.8740226085460443,0.6090727745956227,-0.6177967356569304,-0.776025254383372,0.010008714646709188,-0.2229574022488396,-0.12014567606486325,-0.6616825781270738,-0.6504436355879909,-0.14834102962247217,0.3952847075210472
-0.7981488447454022,-0.39142010410489936,-0.350554946432381,0.23903447672429634,-0.838113104661603,-0.728844946811443,-0.8423302286178644,0.010008714646709188,-0.2229574022488396,-0.12014567606486325,-0.6616825781270738,-0.6504436355879909,-0.0639968699225005,-2.5298221281347035
-0.9309320328884055,-0.5138244697666613,-0.3689043651674952,1.4856155274082279,1.0554261455868172,-0.728844946811443,-0.8423302286178644,0.010008714646709188,-0.2229574022488396,-0.12014567606486325,1.2215678365422902,1.5374122295716144,1.4823127245769672,-2.5298221281347035
-1.0169581579880014,-0.6992021998203947,-0.3828291563254059,1.7803919676939648,1.473069662856529,-0.728844946811443,-0.8423302286178644,0.010008714646709188,-0.2229574022488396,-0.12014567606486325,1.2215678365422902,-0.6504436355879909,-0.7356262897556016,-2.5298221281347035
-1.037358494378689,-0.7610696737547553,-0.3837592765353673,-0.13180275107504824,-0.8857905995964451,-0.728844946811443,-0.8423302286178644,0.010008714646709188,-0.2229574022488396,-0.12014567606486325,-0.6616825781270738,-0.6504436355879909,-0.07336844322249754,-2.5298221281347035
-1.037358494378689,-0.7610696737547553,-0.3837592765353673,-0.13180275107504824,-0.8857905995964451,-0.728844946811443,-0.8423302286178644,0.010008714646709188,-0.2229574022488396,-0.12014567606486325,-0.6616825781270738,1.5374122295716144,-0.05462529662250402,-2.5298221281347035
0.05865702882750225,2.5627829585830737,2.300953526505441,1.7803919676939652,1.4730696628565279,-0.728844946811443,2.71992872805086,0.010008714646709188,-0.2229574022488396,-0.12014567606486325,-2.5449329927964377,1.5374122295716144,-1.4978475848220054,0.3952847075210472
1.1345393298017523,3.042060004132004,3.1310080548597012,-0.13094916004482648,-1.8949938208789303,-0.728844946811443,2.6544919256481605,0.010008714646709188,-0.2229574022488396,-0.12014567606486325,1.2215678365422902,1.5374122295716144,0.4077056528440038,0.3952847075210472
1.9059516589408538,2.347637900153183,1.9646514506262855,-1.6103101599133736,0.8394347972855668,-0.728844946811443,1.664906594745522,0.010008714646709188,-0.2229574022488396,-0.12014567606486325,1.2215678365422902,-0.6504436355879909,-0.8855714625555504,0.3952847075210472
2.638260831067997,0.4139066050894009,-0.04827473718567753,-0.15648958573194247,-1.810563239062468,3.2574434172310958,1.5378138954629381,0.010008714646709188,-0.2229574022488396,-0.12014567606486325,-0.6616825781270738,-0.6504436355879909,-0.7981034450889144,0.3952847075210472
2.2564889664742838,0.2698158304280485,-0.1255123398828973,1.6703761560069672,1.3348702954935763,3.1591046976643797,1.4790975397527892,0.010008714646709188,-0.2229574022488396,-0.12014567606486325,-0.6616825781270738,1.5374122295716144,-0.23580904708910844,0.3952847075210472
1.515193085597755,0.4748606565753721,-0.01256412642714394,-1.9644747670301412,1.3862376764918174,1.0924595021387524,0.24513928849827665,0.010008714646709188,-0.2229574022488396,-0.12014567606486325,1.2215678365422902,-0.6504436355879909,1.8446802255101753,0.3952847075210472
1.0163285344956738,0.717362005269397,0.1473902913921407,-0.18060327872234602,-1.7794699111408272,0.7547552559264293,0.04350189955527746,0.010008714646709188,-0.2229574022488396,-0.12014567606486325,-0.6616825781270738,1.5374122295716144,1.957139105110137,0.3952847075210472
0.4942992664026277,0.6135834085590597,0.0754393002250152,1.4981959960549063,1.1501548002348274,0.4158031970978614,-0.15888053680910227,0.010008714646709188,-0.2229574022488396,-0.12014567606486325,1.2215678365422902,1.5374122295716144,2.3257543215766767,0.3952847075210472
-0.027250529115525234,-0.36956312535829156,-0.346512184334431,0.5104510116985955,-0.4442483536585596,0.3200744625196339,-0.21603851543586566,0.010008714646709188,-0.2229574022488396,-0.12014567606486325,1.2215678365422902,-0.6504436355879909,-0.9168100402222058,0.3952847075210472
-0.1867879566933875,-0.50360946656692,-0.36765153910054793,1.1507340882781594,0.7775228481048627,0.22402549176627537,-0.2733877015671918,0.010008714646709188,-0.2229574022488396,-0.12014567606486325,-0.6616825781270738,-0.6504436355879909,-1.8164810770218969,0.3952847075210472
-0.2993592754299232,-0.628996156839695,-0.3795204484996231,-0.0026760103247061486,-0.34781690127383025,0.14197891079215424,-0.3223763019323786,0.010008714646709188,-0.2229574022488396,-0.12014567606486325,-0.6616825781270738,1.5374122295716144,-2.078885129421805,0.3952847075210472
-0.3691523147267628,-0.6264780598901619,-0.3793572737365588,-0.23262231286282764,-0.0836071468751676,0.03588827723960431,-0.3857211919678895,0.010008714646709188,-0.2229574022488396,-0.12014567606486325,1.2215678365422902,-0.6504436355879909,-1.3916364207553757,0.3952847075210472
-0.44091453085504323,-0.618425025988396,-0.3788147435914109,-0.34175574200588144,-0.37532056515088735,-0.0705595729645047,-0.4492793699135028,0.010008714646709188,-0.2229574022488396,-0.12014567606486325,-0.6616825781270738,-0.6504436355879909,-1.5040953003553372,0.3952847075210472
-0.5349895191022516,-0.5563811209326577,-0.373578018980852,-0.8776075257715972,0.2617002186903647,-0.2880670031399297,-0.5791493102183104,0.010008714646709188,-0.2229574022488396,-0.12014567606486325,-0.6616825781270738,1.5374122295716144,-0.8668283159555569,0.3952847075210472
-0.6309939610017498,-0.5472805466878259,-0.3726525637611429,-0.07246420923643786,-1.067731149716059,-0.38061646860030224,-0.6344090020131447,0.010008714646709188,-0.2229574022488396,-0.12014567606486325,1.2215678365422902,-0.6504436355879909,1.1636792323770762,0.3952847075210472
-0.7254653141822388,-0.5669864215782713,-0.37460570806056404,0.7226224306769629,0.3834319504721059,-0.4783618103632288,-0.6927710620567308,0.010008714646709188,-0.2229574022488396,-0.12014567606486325,-0.6616825781270738,-0.6504436355879909,0.6763574207772439,0.3952847075210472
-0.8183391545264838,-0.6226918219788186,-0.3791061219439836,-0.17946603013263826,-0.3044730371876732,-0.5761136793166391,-0.7511370193733333,0.010008714646709188,-0.2229574022488396,-0.12014567606486325,-0.6616825781270738,-0.6504436355879909,0.264008195577387,0.3952847075210472
-0.8390481542803256,-0.6621959817613147,-0.38138366286688286,-0.986364821562499,-0.11970328899290852,-0.5761136793166391,-0.6464574991032418,0.010008714646709188,-0.2229574022488396,-0.12014567606486325,1.2215678365422902,-0.6504436355879909,0.4077056528440038,0.3952847075210472
-0.8239173777241018,-0.629832366903582,-0.37957395399813265,-0.08191075984512175,-0.046510776451676505,-0.5761136793166391,-0.5852310997229606,0.010008714646709188,-0.2229574022488396,-0.12014567606486325,-0.6616825781270738,-0.6504436355879909,0.5201645324439633,0.3952847075210472
-0.8171838490703622,-0.6329006861476412,-0.3797673713205471,-0.5097724136368167,0.45533621757479986,-0.5761136793166391,-0.670885812944012,0.010008714646709188,-0.2229574022488396,-0.12014567606486325,-0.6616825781270738,1.5374122295716144,0.8575411712438483,0.3952847075210472
-0.8188606630741332,-0.6285444437601608,-0.37949140394227876,-0.6016804301764325,0.48644524923661736,-0.5852413325078212,-0.7565869838830778,0.010008714646709188,-0.2229574022488396,-0.12014567606486325,1.2215678365422902,-0.6504436355879909,-0.1608364606891338,0.3952847075210472
-0.598046336625099,-0.05640655144397417,-0.2630953647422551,1.5860490502386635,1.2487120747394593,-0.5852413325078212,0.07123106962505181,0.010008714646709188,-0.2229574022488396,-0.12014567606486325,1.2215678365422902,-0.6504436355879909,0.43269651497732925,0.3952847075210472
-0.4238700833821343,0.04162219967547263,-0.2271880170212174,-0.12816066610108937,-1.757464748774104,-0.5852413325078212,-0.019125141352307952,0.010008714646709188,-0.2229574022488396,-0.12014567606486325,-0.6616825781270738,-0.6504436355879909,0.057833582977457124,0.3952847075210472
-0.34981564911510493,-0.04552976558183736,-0.2593416149051567,-0.6485324168972003,-0.7217528834504319,-0.5852413325078212,-0.43019481344333055,0.010008714646709188,-0.2229574022488396,-0.12014567606486325,-0.6616825781270738,-0.6504436355879909,-0.24205676262243814,0.3952847075210472
-0.002386425098932276,-0.14274943782245295,-0.2908538176138994,-0.5904232711673096,0.5535371018460807,-0.03859657348885707,0.3726240891860385,0.010008714646709188,-0.2229574022488396,-0.12014567606486325,1.2215678365422902,-0.6504436355879909,0.7700731537772121,0.3952847075210472
0.07384958282051489,-0.07003017278559981,-0.26771597961773774,-1.0239196485759063,-0.12316230291423,-0.03859657348885707,0.3190125985191764,0.010008714646709188,-0.2229574022488396,-0.12014567606486325,-0.6616825781270738,-0.6504436355879909,0.2827513421773805,0.3952847075210472
0.16151799252921778,-0.05715573764628545,-0.2633518041080223,-1.9677062649747654,1.3841051168808782,-0.03859657348885707,0.2658138682596658,0.010008714646709188,-0.2229574022488396,-0.12014567606486325,-0.6616825781270738,-0.6504436355879909,-0.12959788302247865,0.3952847075210472
0.3604051591680534,-0.6351945946637152,-0.3799089831270113,-0.06401167345353624,-0.30698375405538464,1.0440357740302504,0.2162263144738245,4.787292623956142,4.6713807104640095,1.9599947018449078,-0.6616825781270738,1.5374122295716144,-0.24205676262243814,0.3952847075210472
0.27567199087087874,-0.5843371286254296,-0.376169178655089,-0.9971208325536095,0.39946217903243453,0.8447315123642002,0.09722517256254411,0.010008714646709188,-0.2229574022488396,-0.12014567606486325,1.2215678365422902,-0.6504436355879909,0.4389442305106595,0.3952847075210472
0.05169548691157438,-0.1840150109144493,-0.3028407022566046,-1.760138233517585,1.1006775683550887,-0.003021665635709191,-0.4089536486908846,0.010008714646709188,-0.2229574022488396,-0.12014567606486325,-0.6616825781270738,-0.6504436355879909,0.06408129851078903,0.3952847075210472
-0.2028657508055153,-0.053846488371212704,-0.26221702060934327,-0.1832653811534836,-1.4762007878229588,-0.25860588183073935,-0.5615585821100734,0.010008714646709188,-0.2229574022488396,-0.12014567606486325,-0.6616825781270738,-0.6504436355879909,-0.11085473642248514,0.3952847075210472
-0.5080706462658302,-0.06782665212279407,-0.26697474417723094,0.8740049600128144,0.6090598741273416,-0.6173318145912564,-0.7757476580226552,0.010008714646709188,-0.2229574022488396,-0.12014567606486325,-0.6616825781270738,-0.6504436355879909,-0.14834102962247217,0.3952847075210472
-0.7971476946028612,-0.38987322300510946,-0.35027646310559984,0.23903202594255313,-0.8381164125357831,-0.728844946811443,-0.8423302286178644,0.010008714646709188,-0.2229574022488396,-0.12014567606486325,-0.6616825781270738,-0.6504436355879909,-0.0639968699225005,-2.5298221281347035
-0.9304865295308461,-0.5127895386910919,-0.3687797440596001,1.485615076810911,1.0554254545260486,-0.728844946811443,-0.8423302286178644,0.010008714646709188,-0.2229574022488396,-0.12014567606486325,1.2215678365422902,1.5374122295716144,1.4823127245769672,-2.5298221281347035
-1.016872748722635,-0.69894318176305,-0.38282135182862537,1.7803919676939657,1.4730696628565256,-0.728844946811443,-0.8423302286178644,0.010008714646709188,-0.2229574022488396,-0.12014567606486325,1.2215678365422902,-0.6504436355879909,-0.7356262897556016,-2.5298221281347035
-1.037358494378689,-0.7610696737547553,-0.3837592765353673,-0.13180275107504824,-0.8857905995964451,-0.728844946811443,-0.8423302286178644,0.010008714646709188,-0.2229574022488396,-0.12014567606486325,-0.6616825781270738,-0.6504436355879909,-0.07336844322249754,-2.5298221281347035
-1.037358494378689,-0.7610696737547553,-0.3837592765353673,-0.13180275107504824,-0.8857905995964451,-0.728844946811443,-0.8423302286178644,0.010008714646709188,-0.2229574022488396,-0.12014567606486325,-0.6616825781270738,1.5374122295716144,-0.05462529662250402,-2.5298221281347035
0.09944478864636787,2.6864787457052377,2.504492583506263,1.7803919676939657,1.47306966285653,-0.728844946811443,2.852496706935109,5.105778217910103,4.997669917978198,0.5155384990683617,-2.5449329927964377,1.5374122295716144,-1.4978475848220054,0.3952847075210472
1.2022655464106824,3.161218631040918,3.3547058941315866,-0.12951675669349216,-1.8920794949529336,-0.728844946811443,2.742047034994167,0.010008714646709188,-0.2229574022488396,-0.12014567606486325,1.2215678365422902,1.5374122295716144,0.4077056528440038,0.3952847075210472
1.993196288771014,2.444661548048259,2.1135281288814043,-1.596260577606487,0.8206982089016901,-0.728844946811443,1.728345150901993,-4.448789600708762,4.34509150294982,0.6793135214798718,1.2215678365422902,-0.6504436355879909,-0.8855714625555504,0.3952847075210472
2.7440729038596987,0.4676497858372446,-0.01688286823678517,-0.1408213794154484,-1.7847116092108148,3.358514364646157,1.5981616173626354,5.105778217910103,4.997669917978198,0.8422598881607999,-0.6616825781270738,-0.6504436355879909,-0.7981034450889144,0.3952847075210472
2.3396388089853515,0.29493628987702575,-0.11277315165138954,1.6703780919803128,1.3348742368154414,3.2577701114546915,1.5380089589570085,0.010008714646709188,-0.2229574022488396,-0.12014567606486325,-0.6616825781270738,1.5374122295716144,-0.23580904708910844,0.3952847075210472
1.5798682616936484,0.506214728312443,0.0065083183774734404,-1.9646322218494794,1.386401790598545,1.1385317218668105,0.2726482173701186,0.010008714646709188,-0.2229574022488396,-0.12014567606486325,1.2215678365422902,-0.6504436355879909,1.8446802255101753,0.3952847075210472
1.0684023908464408,0.7548895016059479,0.174697190883999,-0.18056466531619278,-1.77958052253281,0.792408108418617,0.06598376926208355,0.010008714646709188,-0.2229574022488396,-0.12014567606486325,-0.6616825781270738,1.5374122295716144,1.957139105110137,0.3952847075210472
0.5331638486266058,0.648445768105397,0.09902596908253346,1.4983982090555361,1.1503860053694448,0.4449701212489333,-0.1414654687568545,0.010008714646709188,-0.2229574022488396,-0.12014567606486325,1.2215678365422902,1.5374122295716144,2.3257543215766767,0.3952847075210472
-0.0015957997340543485,-0.35977398671136235,-0.3446262626304325,0.5103417615495806,-0.4443880812753546,0.3468327028358557,-0.20006163101528895,0.010008714646709188,-0.2229574022488396,-0.12014567606486325,1.2215678365422902,-0.6504436355879909,-0.9168100402222058,0.3952847075210472
-0.16512758901716826,-0.497149638868527,-0.3668330935036589,1.1505696660173343,0.777378464532825,0.24835460326429656,-0.25886120812570934,0.010008714646709188,-0.2229574022488396,-0.12014567606486325,-0.6616825781270738,-0.6504436355879909,-1.8164810770218969,0.3952847075210472
-0.2805282550474844,-0.6256602609608921,-0.3793036167515382,-0.002812032594448778,-0.34788603251641614,0.1642303527540362,-0.30909034918605255,0.010008714646709188,-0.2229574022488396,-0.12014567606486325,-0.6616825781270738,1.5374122295716144,-2.078885129421805,0.3952847075210472
-0.3520858702023507,-0.623069636718454,-0.37913149638623667,-0.23268564692247992,-0.08360146913681842,0.0554498209338253,-0.37404133114755145,0.010008714646709188,-0.2229574022488396,-0.12014567606486325,1.2215678365422902,-0.6504436355879909,-1.3916364207553757,0.3952847075210472
-0.4256686143522973,-0.6148030107855729,-0.3785604536824119,-0.3418934209093438,-0.37523228548954596,-0.05371128591037395,-0.4392195479010158,0.010008714646709188,-0.2229574022488396,-0.12014567606486325,-0.6616825781270738,-0.6504436355879909,-1.5040953003553372,0.3952847075210472
-0.5221384570857384,-0.5511636035049764,-0.37305236266526304,-0.8777624365632665,0.2617717627104425,-0.2767741622983428,-0.5724065494547551,0.010008714646709188,-0.2229574022488396,-0.12014567606486325,-0.6616825781270738,1.5374122295716144,-0.8668283159555569,0.3952847075210472
-0.6205906664911467,-0.5418216192456871,-0.37207812091897374,-0.0724952897836531,-1.0677518567031175,-0.37168932667192073,-0.6290787593248999,0.010008714646709188,-0.2229574022488396,-0.12014567606486325,1.2215678365422902,-0.6504436355879909,1.1636792323770762,0.3952847075210472
-0.7174752495467376,-0.5620262911472778,-0.37413185915869646,0.7225762056534363,0.38340544058750514,-0.47193656283600677,-0.6889346574238824,0.010008714646709188,-0.2229574022488396,-0.12014567606486325,-0.6616825781270738,-0.6504436355879909,0.6763574207772439,0.3952847075210472
-0.8127243632895311,-0.6191492714824604,-0.3788648255926105,-0.1795354265924993,-0.3044631555406638,-0.5721950742471651,-0.7487972877786919,0.010008714646709188,-0.2229574022488396,-0.12014567606486325,-0.6616825781270738,-0.6504436355879909,0.264008195577387,0.3952847075210472
-0.8442495055051041,-0.6689221828944801,-0.38169588644234287,-0.5266931356029337,0.5305456996648372,-0.5721950742471651,-0.6748692590057754,0.010008714646709188,-0.2229574022488396,-0.12014567606486325,1.2215678365422902,-0.6504436355879909,0.4077056528440038,0.3952847075210472
-0.8288584116333384,-0.6298703804533727,-0.3795763782466726,0.5758116873862008,0.6716504606977256,-0.5721950742471651,-0.5790547762363732,0.010008714646709188,-0.2229574022488396,-0.12014567606486325,-0.6616825781270738,-0.6504436355879909,0.5201645324439633,0.3952847075210472
-0.822037705838412,-0.6313909703826809,-0.3796727753255342,0.15043644576196785,0.6243261695386072,-0.5721950742471651,-0.6667660660177113,0.010008714646709188,-0.2229574022488396,-0.12014567606486325,-0.6616825781270738,1.5374122295716144,0.8575411712438483,0.3952847075210472
-0.8238003086977255,-0.6271737073405931,-0.3794026603429821,0.02833742368043308,0.614497255223102,-0.5817897147841631,-0.7545260823894371,0.010008714646709188,-0.2229574022488396,-0.12014567606486325,1.2215678365422902,-0.6504436355879909,-0.1608364606891338,0.3952847075210472
-0.5873890307006818,-0.03917226658484093,-0.2571209167690485,1.5862138990040953,1.2488994099925865,-0.5817897147841631,0.0935123694212416,0.010008714646709188,-0.2229574022488396,-0.12014567606486325,1.2215678365422902,-0.6504436355879909,0.43269651497732925,0.3952847075210472
-0.4089316351323567,0.061252979077872874,-0.21943610021407417,-0.12814822997286873,-1.7575498089241044,-0.5817897147841631,0.0009657091372124192,0.010008714646709188,-0.2229574022488396,-0.12014567606486325,-0.6616825781270738,-0.6504436355879909,0.057833582977457124,0.3952847075210472
-0.3330458160269703,-0.028053960060743906,-0.25319003468360635,-0.6486727172047055,-0.7215451380170294,-0.5817897147841631,-0.4201227173892886,0.010008714646709188,-0.2229574022488396,-0.12014567606486325,-0.6616825781270738,-0.6504436355879909,-0.24205676262243814,0.3952847075210472
0.023258549189539186,-0.12679024529214722,-0.28599604124383776,-0.5847074127297397,0.5527377501937288,-0.021727729751399714,0.40353088798970504,0.010008714646709188,-0.2229574022488396,-0.12014567606486325,1.2215678365422902,-0.6504436355879909,0.7700731537772121,0.3952847075210472
0.10173716610919246,-0.05198540085578911,-0.26157649182518855,-1.0212752017979059,-0.12801225249869444,-0.021727729751399714,0.3485828042004893,0.010008714646709188,-0.2229574022488396,-0.12014567606486325,-0.6616825781270738,-0.6504436355879909,0.2827513421773805,0.3952847075210472
0.19191317057080917,-0.03884745367039755,-0.2570069309637587,-1.96786182224566,1.3842847711686248,-0.021727729751399714,0.29405487874157427,0.010008714646709188,-0.2229574022488396,-0.12014567606486325,-0.6616825781270738,-0.6504436355879909,-0.12959788302247865,0.3952847075210472
0.39600548562013405,-0.6320429740666272,-0.3797137645651211,-0.0642619496107932,-0.3069125820215114,1.0892385828900903,0.24321613309060627,4.46880703000218,4.34509150294982,1.7730482750851466,-0.6616825781270738,1.5374122295716144,-0.24205676262243814,0.3952847075210472
0.3091373977372632,-0.5798698245374342,-0.3757806162001972,-0.9974712096006364,0.39966974561742497,0.8848731894455014,0.12119307656508274,0.010008714646709188,-0.2229574022488396,-0.12014567606486325,1.2215678365422902,-0.6504436355879909,0.4389442305106595,0.3952847075210472
0.07947173161826453,-0.16933341708873212,-0.29867081467551515,-1.7601859330040648,1.1007364680654819,0.015534130632430481,-0.39787430233610543,0.010008714646709188,-0.2229574022488396,-0.12014567606486325,-0.6616825781270738,-0.6504436355879909,0.06408129851078903,0.3952847075210472
-0.18156938496066743,-0.03583514563713701,-0.25594738625200925,-0.18329808238056755,-1.4761818035988785,-0.24658046135201958,-0.5543784106628177,0.010008714646709188,-0.2229574022488396,-0.12014567606486325,-0.6616825781270738,-0.6504436355879909,-0.11085473642248514,0.3952847075210472
-0.4945543708790719,-0.05014919649312403,-0.26094287729944116,0.8738969963740727,0.6089809600777927,-0.6144795391464113,-0.7740446134808843,0.010008714646709188,-0.2229574022488396,-0.12014567606486325,-0.6616825781270738,-0.6504436355879909,-0.14834102962247217,0.3952847075210472
-0.7910057272507072,-0.38038327615298106,-0.3485425462393559,0.2390170333291028,-0.8381366482256278,-0.728844946811443,-0.8423302286178644,0.010008714646709188,-0.2229574022488396,-0.12014567606486325,-0.6616825781270738,-0.6504436355879909,-0.0639968699225005,-2.5298221281347035
-0.9277533922888882,-0.5064403035993845,-0.3680038086613301,1.4856123202075355,1.0554212268452605,-0.728844946811443,-0.8423302286178644,0.010008714646709188,-0.2229574022488396,-0.12014567606486325,1.2215678365422902,1.5374122295716144,1.4823127245769672,-2.5298221281347035
-1.0163487656890606,-0.697354114502039,-0.3827727578585619,1.7803919676939652,1.473069662856524,-0.728844946811443,-0.8423302286178644,0.010008714646709188,-0.2229574022488396,-0.12014567606486325,1.2215678365422902,-0.6504436355879909,-0.7356262897556016,-2.5298221281347035
-1.037358494378689,-0.7610696737547553,-0.3837592765353673,-0.13180275107504824,-0.8857905995964451,-0.728844946811443,-0.8423302286178644,0.010008714646709188,-0.2229574022488396,-0.12014567606486325,-0.6616825781270738,-0.6504436355879909,-0.07336844322249754,-2.5298221281347035
-1.037358494378689,-0.7610696737547553,-0.3837592765353673,-0.13180275107504824,-0.8857905995964451,-0.728844946811443,-0.8423302286178644,0.010008714646709188,-0.2229574022488396,-0.12014567606486325,-0.6616825781270738,1.5374122295716144,-0.05462529662250402,-2.5298221281347035
0.19203090712627008,2.9672618250608287,2.9941140024354884,1.7803919676939648,1.4730696628565256,-0.728844946811443,3.1534192055995485,0.010008714646709188,-0.2229574022488396,-0.12014567606486325,-2.5449329927964377,1.5374122295716144,-1.4978475848220054,0.3952847075210472
1.3791595528447331,3.471335677990854,3.9692422821380995,-0.12876669297841747,-1.8905536050068763,-0.728844946811443,3.0160637095974128,0.010008714646709188,-0.2229574022488396,-0.12014567606486325,1.2215678365422902,1.5374122295716144,0.4077056528440038,0.3952847075210472
2.231243907506465,2.698088266798655,2.523977547614817,-1.5917892195725794,0.8155267304739847,-0.728844946811443,1.9271060247590053,0.010008714646709188,-0.2229574022488396,-0.12014567606486325,1.2215678365422902,-0.6504436355879909,-0.8855714625555504,0.3952847075210472
3.0403071693043975,0.5699210089515235,0.04673198830070011,-0.13291066236872773,-1.7710839760353536,3.6752504667572126,1.7872792886089195,0.010008714646709188,-0.2229574022488396,-0.12014567606486325,-0.6616825781270738,-0.6504436355879909,-0.7981034450889144,0.3952847075210472
2.60009402607939,0.3733242537448384,-0.07104903932540979,1.670383700210882,1.334886001613559,3.566996557429376,1.7226427438673018,0.010008714646709188,-0.2229574022488396,-0.12014567606486325,-0.6616825781270738,1.5374122295716144,-0.23580904708910844,0.3952847075210472
1.782532802534881,0.6044787057826565,0.06937664907345044,-1.965125577563214,1.3869161798046357,1.282876837939683,0.3588342000400223,0.010008714646709188,-0.2229574022488396,-0.12014567606486325,1.2215678365422902,-0.6504436355879909,1.8446802255101753,0.3952847075210472
1.2315923357358074,0.8725073530142464,0.2647161857218508,-0.18044311512126165,-1.7799282994011807,0.9104167499968971,0.13644469661919528,0.010008714646709188,-0.2229574022488396,-0.12014567606486325,-0.6616825781270738,1.5374122295716144,1.957139105110137,0.3952847075210472
0.6549675439245322,0.7576999732042556,0.1767697809066266,1.4990346192600457,1.151113626300294,0.5364222429634128,-0.08686098201252375,0.010008714646709188,-0.2229574022488396,-0.12014567606486325,1.2215678365422902,1.5374122295716144,2.3257543215766767,0.3952847075210472
0.07881570773005449,-0.3291432440846351,-0.3384242502579927,0.5099979920876366,-0.4448275714172301,0.4307428438885119,-0.14996033102435338,0.010008714646709188,-0.2229574022488396,-0.12014567606486325,1.2215678365422902,-0.6504436355879909,-0.9168100402222058,0.3952847075210472
-0.09721645864372142,-0.47692897649132,-0.36414008095354367,1.1500515846720711,0.7769236872345067,0.3246545416454605,-0.21330382907511622,0.010008714646709188,-0.2229574022488396,-0.12014567606486325,-0.6616825781270738,-0.6504436355879909,-1.8164810770218969,0.3952847075210472
-0.22147524411970684,-0.6152107055163915,-0.3785893950517289,-0.0032405980276521604,-0.3481036875083485,0.234020264023377,-0.2674199951980666,0.010008714646709188,-0.2229574022488396,-0.12014567606486325,-0.6616825781270738,1.5374122295716144,-2.078885129421805,0.3952847075210472
-0.29856091533719475,-0.6123898648979906,-0.3783874955064435,-0.2328852939414768,-0.083583549944083,0.11681024586645787,-0.3374040782654245,0.010008714646709188,-0.2229574022488396,-0.12014567606486325,1.2215678365422902,-0.6504436355879909,-1.3916364207553757,0.3952847075210472
-0.37784910634631935,-0.6034506709479497,-0.3777221335202356,-0.3423277210031823,-0.37495364723830465,-0.0008584595713045626,-0.4076620356079446,0.010008714646709188,-0.2229574022488396,-0.12014567606486325,-0.6616825781270738,-0.6504436355879909,-1.5040953003553372,0.3952847075210472
-0.48182714662547105,-0.5348036471370411,-0.3713183417435737,-0.878250993161489,0.2619975544525724,-0.24134472185791178,-0.5512522407889752,0.010008714646709188,-0.2229574022488396,-0.12014567606486325,-0.6616825781270738,1.5374122295716144,-0.8668283159555569,0.3952847075210472
-0.5879547426167218,-0.524701471739341,-0.3701826329745853,-0.07259334632604472,-1.067817156375016,-0.3436799985240316,-0.6123548719082248,0.010008714646709188,-0.2229574022488396,-0.12014567606486325,1.2215678365422902,-0.6504436355879909,1.1636792323770762,0.3952847075210472
-0.6924079748237658,-0.5464689507597181,-0.37256807608890263,0.7224302675840731,0.38332176885720787,-0.45177570113747906,-0.6768969541455643,0.010008714646709188,-0.2229574022488396,-0.12014567606486325,-0.6616825781270738,-0.6504436355879909,0.6763574207772439,0.3952847075210472
-0.7951076776037082,-0.6080360414016123,-0.37806828307958695,-0.1797545273816292,-0.3044319357060888,-0.559899156812825,-0.7414556072581566,0.010008714646709188,-0.2229574022488396,-0.12014567606486325,-0.6616825781270738,-0.6504436355879909,0.264008195577387,0.3952847075210472
-0.8327361819079431,-0.6626643425009436,-0.381406115935579,-0.22307153310700142,0.6255577257716536,-0.559899156812825,-0.6735520382331659,0.010008714646709188,-0.2229574022488396,-0.12014567606486325,1.2215678365422902,-0.6504436355879909,0.4077056528440038,0.3952847075210472
-0.8165804565663501,-0.6201762675846108,-0.37893540592810204,0.7682000086911521,0.7964726359602438,-0.559899156812825,-0.5598456910790907,0.010008714646709188,-0.2229574022488396,-0.12014567606486325,-0.6616825781270738,-0.6504436355879909,0.5201645324439633,0.3952847075210472
-0.8095211441738053,-0.6211923002564675,-0.3790047283766983,0.3530285529341354,0.5685996146946741,-0.559899156812825,-0.6539528459045585,0.010008714646709188,-0.2229574022488396,-0.12014567606486325,-0.6616825781270738,1.5374122295716144,0.8575411712438483,0.3952847075210472
-0.8115704132617223,-0.6164765576047492,-0.378678740364361,0.22029476617384172,0.5511181315373971,-0.5710542506323165,-0.7481161216473132,0.010008714646709188,-0.2229574022488396,-0.12014567606486325,1.2215678365422902,-0.6504436355879909,-0.1608364606891338,0.3952847075210472
-0.55417047233459,0.014645413336871034,-0.23753523296031787,1.5867869812776276,1.2495505351677982,-0.5710542506323165,0.16304673760476707,0.010008714646709188,-0.2229574022488396,-0.12014567606486325,1.2215678365422902,-0.6504436355879909,0.43269651497732925,0.3952847075210472
-0.3623312290473313,0.12255113391556503,-0.1940248315323222,-0.1281011880149679,-1.7578378537177777,-0.5710542506323165,0.06366834514686133,4.787292623956142,4.6713807104640095,2.31026225697081,-0.6616825781270738,-0.6504436355879909,0.057833582977457124,0.3952847075210472
-0.28071479330166577,0.026500507099658618,-0.23303165649095525,-0.6491352918418593,-0.7208545489857813,-0.5710542506323165,-0.3886839030013859,0.010008714646709188,-0.2229574022488396,-0.12014567606486325,-0.6616825781270738,-0.6504436355879909,-0.24205676262243814,0.3952847075210472
0.10342794688131333,-0.07667658106192617,-0.2699374505770628,-0.5667386050048043,0.5503209349560094,0.0309263001898287,0.5004208633517998,0.010008714646709188,-0.2229574022488396,-0.12014567606486325,1.2215678365422902,-0.6504436355879909,0.7700731537772121,0.3952847075210472
0.1890368017376825,0.004740965349809787,-0.24124541625413778,-1.012991780888204,-0.1432201863000896,0.0309263001898287,0.4412918021364715,0.010008714646709188,-0.2229574022488396,-0.12014567606486325,-0.6616825781270738,-0.6504436355879909,0.2827513421773805,0.3952847075210472
0.28716543589552607,0.01868033783782629,-0.23601009195873385,-1.9683490102577643,1.3848474737427592,0.0309263001898287,0.3826050741740819,0.010008714646709188,-0.2229574022488396,-0.12014567606486325,-0.6616825781270738,-0.6504436355879909,-0.12959788302247865,0.3952847075210472
0.5076237162234922,-0.6221799058397701,-0.37907163042755526,-0.06505018462390223,-0.30668789474596003,1.230979926550291,0.3278474480991419,0.010008714646709188,-0.2229574022488396,-0.12014567606486325,-0.6616825781270738,1.5374122295716144,-0.24205676262243814,0.3952847075210472
0.41406979626761137,-0.5658749186126149,-0.3745005639849515,-0.9985744440764445,0.4003241059823375,1.0107514632404346,0.1963528257756513,0.010008714646709188,-0.2229574022488396,-0.12014567606486325,1.2215678365422902,-0.6504436355879909,0.4389442305106595,0.3952847075210472
0.16657206758256574,-0.12330747410504361,-0.28491947544217683,-1.7603362398762674,1.1009220881291684,0.07373611466545658,-0.36312290011552756,0.010008714646709188,-0.2229574022488396,-0.12014567606486325,-0.6616825781270738,-0.6504436355879909,0.06408129851078903,0.3952847075210472
-0.1147842178759901,0.020635504430176557,-0.23526822230547312,-0.18340124058286764,-1.476121822030258,-0.20886034497943573,-0.5318563788515506,0.010008714646709188,-0.2229574022488396,-0.12014567606486325,-0.6616825781270738,-0.6504436355879909,-0.11085473642248514,0.3952847075210472
-0.4521644726852626,0.005282228996030836,-0.24104389167988607,0.8735563160310925,0.6087319859013194,-0.6055326219644119,-0.7687025633293048,0.010008714646709188,-0.2229574022488396,-0.12014567606486325,-0.6616825781270738,-0.6504436355879909,-0.14834102962247217,0.3952847075210472
-0.7717405521208549,-0.3506170889516041,-0.342819986882863,0.23896972542002395,-0.8382004981979994,-0.728844946811443,-0.8423302286178644,0.010008714646709188,-0.2229574022488396,-0.12014567606486325,-0.6616825781270738,-0.6504436355879909,-0.0639968699225005,-2.5298221281347035
-0.9191803304360986,-0.4865246791856019,-0.3654428236457144,1.4856036209728003,1.0554078851828679,-0.728844946811443,-0.8423302286178644,0.010008714646709188,-0.2229574022488396,-0.12014567606486325,1.2215678365422902,1.5374122295716144,1.4823127245769672,-2.5298221281347035
-1.0147051541596632,-0.6923695842716315,-0.3826123676471699,1.7803919676939644,1.4730696624696091,-0.728844946811443,-0.8423302286178644,0.010008714646709188,-0.2229574022488396,-0.12014567606486325,1.2215678365422902,-0.6504436355879909,-0.7356262897556016,-2.5298221281347035
-1.037358494378689,-0.7610696737547553,-0.3837592765353673,-0.13180275107504824,-0.8857905995964451,-0.728844946811443,-0.8423302286178644,0.010008714646709188,-0.2229574022488396,-0.12014567606486325,-0.6616825781270738,-0.6504436355879909,-0.07336844322249754,-2.5298221281347035
-1.037358494378689,-0.7610696737547553,-0.3837592765353673,-0.13180275107504824,-0.8857905995964451,-0.728844946811443,-0.8423302286178644,0.010008714646709188,-0.2229574022488396,-0.12014567606486325,-0.6616825781270738,1.5374122295716144,-0.05462529662250402,-2.5298221281347035
0.10861900026195845,2.7143010956468707,2.551298136837811,1.7803919676939635,1.4730696628565232,-0.728844946811443,2.8823146399899344,0.010008714646709188,-0.2229574022488396,-0.12014567606486325,-2.5449329927964377,1.5374122295716144,-1.4978475848220054,0.3952847075210472
1.2173268600066998,3.187765480507528,3.4054825417547923,-0.1290900840534871,-1.8912114805629578,-0.728844946811443,2.7611812363942043,0.010008714646709188,-0.2229574022488396,-0.12014567606486325,1.2215678365422902,1.5374122295716144,0.4077056528440038,0.3952847075210472
2.012524544706172,2.466295147992539,2.1473473142796933,-1.5928312957232558,0.8163340896166641,-0.728844946811443,1.7422135252483186,0.010008714646709188,-0.2229574022488396,-0.12014567606486325,1.2215678365422902,-0.6504436355879909,-0.8855714625555504,0.3952847075210472
2.7674604701169603,0.4799965652070123,-0.009472713582999582,-0.13636304177631592,-1.7770460665947518,3.3806110174246933,1.611355148153607,0.010008714646709188,-0.2229574022488396,-0.12014567606486325,-0.6616825781270738,-0.6504436355879909,-0.7981034450889144,0.3952847075210472
2.357814970511315,0.30042130728184124,-0.10995077406027426,1.6703785061285579,1.3348750869373482,3.2793414525945375,1.5508888352162562,0.010008714646709188,-0.2229574022488396,-0.12014567606486325,-0.6616825781270738,1.5374122295716144,-0.23580904708910844,0.3952847075210472
1.594007580138288,0.5130696582375441,0.010741768173635041,-1.9646666568772397,1.3864376854675327,1.1486035136737405,0.27866191078589514,0.010008714646709188,-0.2229574022488396,-0.12014567606486325,1.2215678365422902,-0.6504436355879909,1.8446802255101753,0.3952847075210472
1.0797870639992706,0.7630942536821071,0.1807585629770041,-0.18055620631971478,-1.7796047431893818,0.8006402217830398,0.07089902236565686,0.010008714646709188,-0.2229574022488396,-0.12014567606486325,-0.6616825781270738,1.5374122295716144,1.957139105110137,0.3952847075210472
0.5416608278186528,0.6560676117231766,0.10426133212174288,1.4984424962319762,1.15043664298344,0.45134775633260277,-0.1376574926939955,0.010008714646709188,-0.2229574022488396,-0.12014567606486325,1.2215678365422902,1.5374122295716144,2.3257543215766767,0.3952847075210472
0.004013273155579486,-0.35763480130238784,-0.34420793819413803,0.5103178166902093,-0.44441871026764895,0.35268387040977794,-0.19656799963485364,0.010008714646709188,-0.2229574022488396,-0.12014567606486325,1.2215678365422902,-0.6504436355879909,-0.9168100402222058,0.3952847075210472
-0.16039142714265656,-0.4957378369387842,-0.36665152083080305,1.1505336502669345,0.7773468414866483,0.2536747476047395,-0.2556846415718724,0.010008714646709188,-0.2229574022488396,-0.12014567606486325,-0.6616825781270738,-0.6504436355879909,-1.8164810770218969,0.3952847075210472
-0.2764104840585904,-0.6249310426332916,-0.37925549753286103,-0.002841827566920658,-0.3479011715497376,0.16909628625127138,-0.30618498410356587,0.010008714646709188,-0.2229574022488396,-0.12014567606486325,-0.6616825781270738,1.5374122295716144,-2.078885129421805,0.3952847075210472
-0.34835384345351117,-0.622324501098502,-0.3790813857692811,-0.2326995289983038,-0.08360022186132125,0.05972767653343394,-0.3714870972489408,0.010008714646709188,-0.2229574022488396,-0.12014567606486325,1.2215678365422902,-0.6504436355879909,-1.3916364207553757,0.3952847075210472
-0.4223346073363465,-0.6140111106297685,-0.3785040075545181,-0.3419236123295194,-0.3752129242026424,-0.050026718852011674,-0.43701955637184076,0.010008714646709188,-0.2229574022488396,-0.12014567606486325,-0.6616825781270738,-0.6504436355879909,-1.5040953003553372,0.3952847075210472
-0.5193280922522266,-0.5500227292429057,-0.3729356586711465,-0.8777963557809267,0.2617874111934682,-0.27430443799663684,-0.5709319196116588,0.010008714646709188,-0.2229574022488396,-0.12014567606486325,-0.6616825781270738,1.5374122295716144,-0.8668283159555569,0.3952847075210472
-0.6183155401100359,-0.5406278922550825,-0.3719505752391552,-0.07250208316162071,-1.0677563748268346,-0.36973693692914894,-0.6279130210365987,0.010008714646709188,-0.2229574022488396,-0.12014567606486325,1.2215678365422902,-0.6504436355879909,1.1636792323770762,0.3952847075210472
-0.7157278418927551,-0.5609416077530305,-0.3740266443731091,0.7225660585718311,0.383399627180398,-0.47053131774232454,-0.6880956097817722,0.010008714646709188,-0.2229574022488396,-0.12014567606486325,-0.6616825781270738,-0.6504436355879909,0.6763574207772439,0.3952847075210472
-0.8114963936261306,-0.6183745413429529,-0.3788112430441472,-0.17955063168965604,-0.30446101584880464,-0.5713380419193773,-0.7482855685369202,0.010008714646709188,-0.2229574022488396,-0.12014567606486325,-0.6616825781270738,-0.6504436355879909,0.264008195577387,0.3952847075210472
-0.8450973468382539,-0.6690635770066768,-0.3817022138500957,-0.3608811905141045,0.5979978343507989,-0.5713380419193773,-0.6801414098042258,0.010008714646709188,-0.2229574022488396,-0.12014567606486325,1.2215678365422902,-0.6504436355879909,0.4077056528440038,0.3952847075210472
-0.8296500988492708,-0.6289969654266832,-0.3795205004017876,0.6952290382372454,0.7534113374221129,-0.5713380419193773,-0.5777065263843433,0.010008714646709188,-0.2229574022488396,-0.12014567606486325,-0.6616825781270738,-0.6504436355879909,0.5201645324439633,0.3952847075210472
-0.8228108487591098,-0.630214409528209,-0.3795982861682486,0.2691426667262484,0.5957232816650249,-0.5713380419193773,-0.6658667458882176,0.010008714646709188,-0.2229574022488396,-0.12014567606486325,-0.6616825781270738,1.5374122295716144,0.8575411712438483,0.3952847075210472
-0.8245924755631503,-0.6260450552361424,-0.379328904156136,0.1455938485799243,0.5818795441872274,-0.5810362383483388,-0.7540761945871552,0.010008714646709188,-0.2229574022488396,-0.12014567606486325,1.2215678365422902,-0.6504436355879909,-0.1608364606891338,0.3952847075210472
-0.585062190409321,-0.03540889758602843,-0.2557971022352011,1.5862495039278843,1.2489398733865555,-0.5810362383483388,0.09837758524299596,0.010008714646709188,-0.2229574022488396,-0.12014567606486325,1.2215678365422902,-0.6504436355879909,0.43269651497732925,0.3952847075210472
-0.40566984702435505,0.06553966948477727,-0.21771843240270358,-0.12814557063311738,-1.75756823472964,-0.5810362383483388,0.005352717258018053,0.010008714646709188,-0.2229574022488396,-0.12014567606486325,-0.6616825781270738,-0.6504436355879909,0.057833582977457124,0.3952847075210472
-0.329384021521044,-0.024237947366600857,-0.2518270330259611,-0.6487032094854633,-0.72150002280291,-0.5810362383483388,-0.4179233003692343,0.010008714646709188,-0.2229574022488396,-0.12014567606486325,-0.6616825781270738,-0.6504436355879909,-0.24205676262243814,0.3952847075210472
0.028861099484303435,-0.12329908568557464,-0.2849168753659229,-0.583456171364029,0.5525647375502568,-0.018044124886461024,0.4102886013155534,0.010008714646709188,-0.2229574022488396,-0.12014567606486325,1.2215678365422902,-0.6504436355879909,0.7700731537772121,0.3952847075210472
0.10783213148967398,-0.04803667991054511,-0.2602118893151624,-1.0206969294278405,-0.1290731415244743,-0.018044124886461024,0.3550484627279856,0.010008714646709188,-0.2229574022488396,-0.12014567606486325,-0.6616825781270738,-0.6504436355879909,0.2827513421773805,0.3952847075210472
0.19855831712281583,-0.03484162224268345,-0.25559695869212123,-1.9678958380820595,1.3843240574778588,-0.018044124886461024,0.30023008033642595,0.010008714646709188,-0.2229574022488396,-0.12014567606486325,-0.6616825781270738,-0.6504436355879909,-0.12959788302247865,0.3952847075210472
0.4037897303601205,-0.63135423063269,-0.3796704594741751,-0.06431676545988219,-0.30689695676159306,1.0991228117879932,0.24911783592390446,0.010008714646709188,-0.2229574022488396,-0.12014567606486325,-0.6616825781270738,1.5374122295716144,-0.24205676262243814,0.3952847075210472
0.3164549893393503,-0.5788932550010936,-0.37569438309090203,-0.9975479894680712,0.39971524838938016,0.8936508699586655,0.12643407841655918,0.010008714646709188,-0.2229574022488396,-0.12014567606486325,1.2215678365422902,-0.6504436355879909,0.4389442305106595,0.3952847075210472
0.08554545928529145,-0.16612330278909612,-0.29774511652988683,-1.7601963705144865,1.1007493543594122,0.019591966834026957,-0.39545143823052986,0.010008714646709188,-0.2229574022488396,-0.12014567606486325,-0.6616825781270738,-0.6504436355879909,0.06408129851078903,0.3952847075210472
-0.1769124990649578,-0.03189685952777893,-0.25455548753368024,-0.18330524387548036,-1.4761776326366367,-0.24395068142914678,-0.5528082143650506,0.010008714646709188,-0.2229574022488396,-0.12014567606486325,-0.6616825781270738,-0.6504436355879909,-0.11085473642248514,0.3952847075210472
-0.491598699284423,-0.0462837614219239,-0.2596036854680045,0.8738733335850555,0.6089636638797542,-0.6138557852380122,-0.7736721807654441,0.010008714646709188,-0.2229574022488396,-0.12014567606486325,-0.6616825781270738,-0.6504436355879909,-0.14834102962247217,0.3952847075210472
-0.7896625772206746,-0.3783079849103438,-0.3481575354702866,0.2390137502112217,-0.8381410793208005,-0.728844946811443,-0.8423302286178644,0.010008714646709188,-0.2229574022488396,-0.12014567606486325,-0.6616825781270738,-0.6504436355879909,-0.0639968699225005,-2.5298221281347035
-0.9271556952712936,-0.5050518208947564,-0.3678315124364724,1.4856117164249605,1.055420300850014,-0.728844946811443,-0.8423302286178644,0.010008714646709188,-0.2229574022488396,-0.12014567606486325,1.2215678365422902,1.5374122295716144,1.4823127245769672,-2.5298221281347035
-1.0162341777148447,-0.6970066070702717,-0.38276196748144187,1.7803919676939644,1.4730696628565232,-0.728844946811443,-0.8423302286178644,0.010008714646709188,-0.2229574022488396,-0.12014567606486325,1.2215678365422902,-0.6504436355879909,-0.7356262897556016,-2.5298221281347035
-1.037358494378689,-0.7610696737547553,-0.3837592765353673,-0.13180275107504824,-0.8857905995964451,-0.728844946811443,-0.8423302286178644,0.010008714646709188,-0.2229574022488396,-0.12014567606486325,-0.6616825781270738,-0.6504436355879909,-0.07336844322249754,-2.5298221281347035
-1.037358494378689,-0.7610696737547553,-0.3837592765353673,-0.13180275107504824,-0.8857905995964451,-0.728844946811443,-0.8423302286178644,0.010008714646709188,-0.2229574022488396,-0.12014567606486325,-0.6616825781270738,1.5374122295716144,-0.05462529662250402,-2.5298221281347035
0.2033687732550102,3.0016458236257986,3.056705193313334,1.7803919676939652,1.4730696628565265,-0.728844946811443,3.190269427436249,0.010008714646709188,-0.2229574022488396,-0.12014567606486325,-2.5449329927964377,1.5374122295716144,-1.4978475848220054,0.3952847075210472
1.4014645356903959,3.5104005094228055,4.049968975298346,-0.12876944130839912,-1.8905591958535235,-0.728844946811443,3.051708925314251,0.010008714646709188,-0.2229574022488396,-0.12014567606486325,1.2215678365422902,1.5374122295716144,0.4077056528440038,0.3952847075210472
2.261511663530317,2.730027723910847,2.5779214800723405,-1.592021664936192,0.8158923125769875,-0.728844946811443,1.9529865524279442,0.010008714646709188,-0.2229574022488396,-0.12014567606486325,1.2215678365422902,-0.6504436355879909,-0.8855714625555504,0.3952847075210472
3.078152784679627,0.5818384791741413,0.054475596312920024,-0.13292118474252498,-1.771106663105576,3.716500165254088,1.8119087731146206,0.010008714646709188,-0.2229574022488396,-0.12014567606486325,-0.6616825781270738,-0.6504436355879909,-0.7981034450889144,0.3952847075210472
2.634000563763363,0.38349529407293953,-0.06541634503038737,1.670384379561838,1.334887468911097,3.607271492359776,1.7466902138363622,-4.448789600708762,4.34509150294982,0.6736487813907016,-0.6616825781270738,1.5374122295716144,-0.23580904708910844,0.3952847075210472
1.8089249092156925,0.6172767355862977,0.07791010372735077,-1.9651898598885111,1.386983221467604,1.3016713599931082,0.37005608544948676,0.010008714646709188,-0.2229574022488396,-0.12014567606486325,1.2215678365422902,-0.6504436355879909,1.8446802255101753,0.3952847075210472
1.2528452583625116,0.887826758289795,0.27693579843689564,-0.18042721447046972,-1.779973747709106,0.9257868162183356,0.14562189843271142,0.010008714646709188,-0.2229574022488396,-0.12014567606486325,-0.6616825781270738,1.5374122295716144,1.957139105110137,0.3952847075210472
0.6708315979713038,0.7719288321177896,0.18732180860749084,1.4991178569647508,1.1512087898986711,0.5483379047813096,-0.07974634557121024,0.010008714646709188,-0.2229574022488396,-0.12014567606486325,1.2215678365422902,1.5374122295716144,2.3257543215766767,0.3952847075210472
0.08928965559111776,-0.32515934273005903,-0.3375840923264723,0.5099530366188839,-0.44488502434487937,0.441677005294742,-0.14343173157391184,0.010008714646709188,-0.2229574022488396,-0.12014567606486325,1.2215678365422902,-0.6504436355879909,-0.9168100402222058,0.3952847075210472
-0.08836854114691042,-0.4742981839680614,-0.3637750999796635,1.149983755379955,0.7768641643690666,0.3345978487103242,-0.2073668516858623,0.010008714646709188,-0.2229574022488396,-0.12014567606486325,-0.6616825781270738,-0.6504436355879909,-1.8164810770218969,0.3952847075210472
-0.21377999131659114,-0.6138503293166717,-0.3784925099453054,-0.003296704201586054,-0.34813216440507583,0.243115857616307,-0.2619891729222579,0.010008714646709188,-0.2229574022488396,-0.12014567606486325,-0.6616825781270738,1.5374122295716144,-2.078885129421805,0.3952847075210472
-0.29158540029490476,-0.6109991755650198,-0.3782865347032994,-0.2329114423850316,-0.0835812005342075,0.12480805116917051,-0.33262872646987873,0.010008714646709188,-0.2229574022488396,-0.12014567606486325,1.2215678365422902,-0.6504436355879909,-1.3916364207553757,0.3952847075210472
-0.37161666296832824,-0.60197202696079,-0.37760833179943915,-0.3423846363490761,-0.37491711291124347,0.006030828382864286,-0.4035485604285959,0.010008714646709188,-0.2229574022488396,-0.12014567606486325,-0.6616825781270738,-0.6504436355879909,-1.5040953003553372,0.3952847075210472
-0.47657288479979343,-0.5326719794950648,-0.3710828237420315,-0.8783150066310995,0.26202715622706696,-0.23672609716536117,-0.5484945395342268,0.010008714646709188,-0.2229574022488396,-0.12014567606486325,-0.6616825781270738,1.5374122295716144,-0.8668283159555569,0.3952847075210472
-0.5837005911204628,-0.5224703872126244,-0.36992512290249524,-0.0726061979420918,-1.0678257113480696,-0.3400284555052024,-0.6101745984642634,0.010008714646709188,-0.2229574022488396,-0.12014567606486325,1.2215678365422902,-0.6504436355879909,1.1636792323770762,0.3952847075210472
-0.6891402024110208,-0.5444413593659577,-0.37235560357856834,0.7224111281837928,0.38331079824668546,-0.4491472010582883,-0.6753275220204163,0.010008714646709188,-0.2229574022488396,-0.12014567606486325,-0.6616825781270738,-0.6504436355879909,0.6763574207772439,0.3952847075210472
-0.7928110095446332,-0.6065874140836732,-0.3779600304266958,-0.17978326220360985,-0.30442783936446555,-0.558296026853995,-0.7404984059713493,0.010008714646709188,-0.2229574022488396,-0.12014567606486325,-0.6616825781270738,-0.6504436355879909,0.264008195577387,0.3952847075210472
-0.8308296515611099,-0.661735309121046,-0.38136147436215906,-0.22011977794409282,0.625887406167582,-0.558296026853995,-0.6720623587630972,0.010008714646709188,-0.2229574022488396,-0.12014567606486325,1.2215678365422902,-0.6504436355879909,0.4077056528440038,0.3952847075210472
-0.8145791860473895,-0.6189928184782922,-0.3788540283622812,0.7677918387758178,0.7965022931715781,-0.558296026853995,-0.5573574940523252,0.010008714646709188,-0.2229574022488396,-0.12014567606486325,-0.6616825781270738,-0.6504436355879909,0.5201645324439633,0.3952847075210472
-0.8074920811807269,-0.6200086339287973,-0.378923920307234,0.3543565128189676,0.5688392077178853,-0.558296026853995,-0.6522930829512813,0.010008714646709188,-0.2229574022488396,-0.12014567606486325,-0.6616825781270738,1.5374122295716144,0.8575411712438483,0.3952847075210472
-0.8095803844248953,-0.6152036200472113,-0.3785888927593284,0.2202443692853387,0.5511361444232318,-0.5696636011513921,-0.7472857887941923,0.010008714646709188,-0.2229574022488396,-0.12014567606486325,1.2215678365422902,-0.6504436355879909,-0.1608364606891338,0.3952847075210472
-0.5498626563508218,0.021631173337494737,-0.23488971110244974,1.5868626041033704,1.249636457463052,-0.5696636011513921,0.1720696662387648,0.010008714646709188,-0.2229574022488396,-0.12014567606486325,1.2215678365422902,-0.6504436355879909,0.43269651497732925,0.3952847075210472
-0.35628545564300285,0.1305077649466651,-0.19059249081487525,-0.12809491126687017,-1.7578757259213083,-0.5696636011513921,0.07180523441987169,0.010008714646709188,-0.2229574022488396,-0.12014567606486325,-0.6616825781270738,-0.6504436355879909,0.057833582977457124,0.3952847075210472
-0.27392429010861724,0.03358074539866574,-0.23030939886883847,-0.6491959232608556,-0.7207639077579167,-0.5696636011513921,-0.3846036265571997,0.010008714646709188,-0.2229574022488396,-0.12014567606486325,-0.6616825781270738,-0.6504436355879909,-0.24205676262243814,0.3952847075210472
0.11384650610478778,-0.07013864838391927,-0.267752408441425,-0.5643908030846643,0.5500159009079395,0.03775998658174749,0.5130430685060299,0.010008714646709188,-0.2229574022488396,-0.12014567606486325,1.2215678365422902,-0.6504436355879909,0.7700731537772121,0.3952847075210472
0.20039550147768642,0.012148735333982842,-0.23847497708568963,-1.011912786509846,-0.14520295012394777,0.03775998658174749,0.4533703663017384,0.010008714646709188,-0.2229574022488396,-0.12014567606486325,-0.6616825781270738,-0.6504436355879909,0.2827513421773805,0.3952847075210472
0.29957047689479005,0.026189692858454808,-0.23315060219930206,-1.968412464107538,1.3849207680642024,0.03775998658174749,0.3941427715959007,0.010008714646709188,-0.2229574022488396,-0.12014567606486325,-0.6616825781270738,-0.6504436355879909,-0.12959788302247865,0.3952847075210472
0.5221662595814048,-0.6208969261858515,-0.37898462715535375,-0.06515334255222106,-0.3066584287554563,1.2494490001593843,0.3388750138478777,0.010008714646709188,-0.2229574022488396,-0.12014567606486325,-0.6616825781270738,1.5374122295716144,-0.24205676262243814,0.3952847075210472
0.4277421371782283,-0.5640528468252471,-0.37432690381933126,-0.9987187977759103,0.4004098156594834,1.0271543508123169,0.20614670742865374,0.010008714646709188,-0.2229574022488396,-0.12014567606486325,1.2215678365422902,-0.6504436355879909,0.4389442305106595,0.3952847075210472
0.17792169456289975,-0.11731145573799277,-0.28305222402652647,-1.7603559195322407,1.1009463935297001,0.08132183342499597,-0.35859359809731195,0.010008714646709188,-0.2229574022488396,-0.12014567606486325,-0.6616825781270738,-0.6504436355879909,0.06408129851078903,0.3952847075210472
-0.10608127202267212,0.027992899036171852,-0.2324598780826799,-0.1834147598213036,-1.4761139503812701,-0.20394397430250102,-0.5289208985977734,0.010008714646709188,-0.2229574022488396,-0.12014567606486325,-0.6616825781270738,-0.6504436355879909,-0.11085473642248514,0.3952847075210472
-0.4466401961298486,0.012505087224226798,-0.23834103235738924,0.8735116569237702,0.6086993528433845,-0.6043664757494563,-0.7680062775095476,0.010008714646709188,-0.2229574022488396,-0.12014567606486325,-0.6616825781270738,-0.6504436355879909,-0.14834102962247217,0.3952847075210472
-0.769229601226126,-0.3467375221966887,-0.34204241928056667,0.23896352413618988,-0.8382088676434571,-0.728844946811443,-0.8423302286178644,0.010008714646709188,-0.2229574022488396,-0.12014567606486325,-0.6616825781270738,-0.6504436355879909,-0.0639968699225005,-2.5298221281347035
-0.9180629293595175,-0.48392891449756315,-0.3650948299290986,1.4856024805319528,1.0554061361335947,-0.728844946811443,-0.8423302286178644,0.010008714646709188,-0.2229574022488396,-0.12014567606486325,1.2215678365422902,1.5374122295716144,1.4823127245769672,-2.5298221281347035
-1.0144909249089757,-0.6917198977994108,-0.38259057278511727,1.7803919676939648,1.4730696628565256,-0.728844946811443,-0.8423302286178644,0.010008714646709188,-0.2229574022488396,-0.12014567606486325,1.2215678365422902,-0.6504436355879909,-0.7356262897556016,-2.5298221281347035
-1.037358494378689,-0.7610696737547553,-0.3837592765353673,-0.13180275107504824,-0.8857905995964451,-0.728844946811443,-0.8423302286178644,0.010008714646709188,-0.2229574022488396,-0.12014567606486325,-0.6616825781270738,-0.6504436355879909,-0.07336844322249754,-2.5298221281347035
-1.037358494378689,-0.7610696737547553,-0.3837592765353673,-0.13180275107504824,-0.8857905995964451,-0.728844946811443,-0.8423302286178644,0.010008714646709188,-0.2229574022488396,-0.12014567606486325,-0.6616825781270738,1.5374122295716144,-0.05462529662250402,-2.5298221281347035
0.12509972165441416,2.7642816734975315,2.6363254440178197,1.7803919676939641,1.4730696628565256,-0.728844946811443,2.9358801198116917,0.010008714646709188,-0.2229574022488396,-0.12014567606486325,-2.5449329927964377,1.5374122295716144,-1.4978475848220054,0.3952847075210472
1.2354289800366498,3.2204750894486796,3.468517817688248,-0.1265839663649196,-1.8861138376474815,-0.728844946811443,2.766451090421318,3.831835842094255,3.6925130879214394,0.36798510855388833,1.2215678365422902,1.5374122295716144,0.4077056528440038,0.3952847075210472
2.0318021729777795,2.492827863016043,2.1891357012053216,-1.575154972634757,0.7947058547481792,-0.728844946811443,1.7460341506626575,0.010008714646709188,-0.2229574022488396,-0.12014567606486325,1.2215678365422902,-0.6504436355879909,-0.8855714625555504,0.3952847075210472
2.7878564665089245,0.5107300107376356,0.00929428761451652,-0.11141123051594372,-1.7329939085370645,3.3866987983710293,1.614990057303385,0.010008714646709188,-0.2229574022488396,-0.12014567606486325,-0.6616825781270738,-0.6504436355879909,-0.7981034450889144,0.3952847075210472
2.3628220518107104,0.3019308563122073,-0.10917145277773561,1.6703786218384877,1.3348753248871474,3.2852846455991944,1.5544374133963774,4.46880703000218,4.34509150294982,0.7373217002852878,-0.6616825781270738,1.5374122295716144,-0.23580904708910844,0.3952847075210472
1.5979029902665896,0.5149582692659841,0.011912144430272874,-1.9646763249502244,1.38644776363722,1.1513781896514306,0.28031862202236724,0.010008714646709188,-0.2229574022488396,-0.12014567606486325,1.2215678365422902,-0.6504436355879909,1.8446802255101753,0.3952847075210472
1.0829236249026306,0.765354787937906,0.1824343121684948,-0.1805538298222301,-1.779611546609138,0.8029082843081542,0.0722532434352847,0.010008714646709188,-0.2229574022488396,-0.12014567606486325,-0.6616825781270738,1.5374122295716144,1.957139105110137,0.3952847075210472
0.5440018514317633,0.6581674958790183,0.10570868095388787,1.4984549358090054,1.1504508666729008,0.4531050698151988,-0.13660823108073697,0.010008714646709188,-0.2229574022488396,-0.12014567606486325,1.2215678365422902,1.5374122295716144,2.3257543215766767,0.3952847075210472
0.005558680875704168,-0.3570456613971762,-0.344092339435322,0.5103110857053298,-0.44442732216388153,0.35429616808066494,-0.19560532446507764,0.010008714646709188,-0.2229574022488396,-0.12014567606486325,1.2215678365422902,-0.6504436355879909,-0.9168100402222058,0.3952847075210472
-0.15908643108715717,-0.4953489843892518,-0.3666013401276201,1.1505235352004124,0.7773379603343175,0.25514075470627623,-0.25480931398141055,0.010008714646709188,-0.2229574022488396,-0.12014567606486325,-0.6616825781270738,-0.6504436355879909,-1.8164810770218969,0.3952847075210472
-0.2752758192055808,-0.6247301585496722,-0.37924219631161754,-0.0028501956500385423,-0.3479054230524592,0.17043715939196663,-0.3053843718458698,0.010008714646709188,-0.2229574022488396,-0.12014567606486325,-0.6616825781270738,1.5374122295716144,-2.078885129421805,0.3952847075210472
-0.3473254457498845,-0.6221192177583177,-0.37906753298530343,-0.23270342996385018,-0.08359987064403997,0.06090653010156386,-0.37078322408746917,0.010008714646709188,-0.2229574022488396,-0.12014567606486325,1.2215678365422902,-0.6504436355879909,-1.3916364207553757,0.3952847075210472
-0.42141586855268476,-0.613792927855663,-0.3784884020743436,-0.34193209904520877,-0.3752074818096989,-0.049011344029153886,-0.4364132935534847,0.010008714646709188,-0.2229574022488396,-0.12014567606486325,-0.6616825781270738,-0.6504436355879909,-1.5040953003553372,0.3952847075210472
-0.5185536358821003,-0.5497083660993141,-0.3729033902044171,-0.8778058762703184,0.2617917979232156,-0.2736238249992652,-0.570525537313509,0.010008714646709188,-0.2229574022488396,-0.12014567606486325,-0.6616825781270738,1.5374122295716144,-0.8668283159555569,0.3952847075210472
-0.6176885673476379,-0.540298951104607,-0.3719153072797683,-0.07250398634023679,-1.0677576384657874,-0.36919888343314555,-0.6275917585613334,0.010008714646709188,-0.2229574022488396,-0.12014567606486325,1.2215678365422902,-0.6504436355879909,1.1636792323770762,0.3952847075210472
-0.7152462879964494,-0.5606427076636662,-0.3739975504323717,0.7225632038282008,0.38339799324060775,-0.4701440445010372,-0.6878643755996247,0.010008714646709188,-0.2229574022488396,-0.12014567606486325,-0.6616825781270738,-0.6504436355879909,0.6763574207772439,0.3952847075210472
-0.8111579810502467,-0.6181610435293039,-0.37879642565559046,-0.17955490126235457,-0.30446042240326854,-0.5711018497173579,-0.7481445422411657,0.010008714646709188,-0.2229574022488396,-0.12014567606486325,-0.6616825781270738,-0.6504436355879909,0.264008195577387,0.3952847075210472
-0.8502677265819338,-0.6687747201322526,-0.38168927711065953,0.14682862890808718,0.5817903263096401,-0.5711018497173579,-0.6976396505385957,0.010008714646709188,-0.2229574022488396,-0.12014567606486325,1.2215678365422902,-0.6504436355879909,0.4077056528440038,0.3952847075210472
-0.8348010815920517,-0.6267630033921366,-0.3793758929401843,0.9878254108133625,0.8690617592161244,-0.5711018497173579,-0.5773222199660734,0.010008714646709188,-0.2229574022488396,-0.12014567606486325,-0.6616825781270738,-0.6504436355879909,0.5201645324439633,0.3952847075210472
-0.8279541048470948,-0.6271051282901536,-0.37939819644279854,0.5555144485303556,0.42672501235684834,-0.5711018497173579,-0.6656103986080656,0.010008714646709188,-0.2229574022488396,-0.12014567606486325,-0.6616825781270738,1.5374122295716144,0.8575411712438483,0.3952847075210472
-0.8297396655033703,-0.6232315410518161,-0.37914234882010894,0.4405134620721427,0.4057839804830809,-0.5808214598742644,-0.7539479540595361,0.010008714646709188,-0.2229574022488396,-0.12014567606486325,1.2215678365422902,-0.6504436355879909,-0.1608364606891338,0.3952847075210472
-0.5844136446110204,-0.034380000236457056,-0.2554339758679378,1.5862364909084614,1.2489251499784393,-0.5808214598742644,0.0997165882409357,0.010008714646709188,-0.2229574022488396,-0.12014567606486325,1.2215678365422902,-0.6504436355879909,0.43269651497732925,0.3952847075210472
-0.4047680527402301,0.06671264147424197,-0.21724686879029412,-0.12814806045552152,-1.7575645591259523,-0.5808214598742644,0.006560129433272913,0.010008714646709188,-0.2229574022488396,-0.12014567606486325,-0.6616825781270738,-0.6504436355879909,0.057833582977457124,0.3952847075210472
-0.32837484639411574,-0.023191097518516137,-0.25145188261925855,-0.6487023005747274,-0.7215035391037541,-0.5808214598742644,-0.4173179449218149,0.010008714646709188,-0.2229574022488396,-0.12014567606486325,-0.6616825781270738,-0.6504436355879909,-0.24205676262243814,0.3952847075210472
0.03040369527046465,-0.12233678969010732,-0.28461837491474845,-0.5831047993546116,0.552516279628022,-0.017030269737210463,0.4121505604637428,0.010008714646709188,-0.2229574022488396,-0.12014567606486325,1.2215678365422902,-0.6504436355879909,0.7700731537772121,0.3952847075210472
0.1095108821247777,-0.046947943288440215,-0.25983430999164425,-1.0205345794094736,-0.12937100738732202,-0.017030269737210463,0.356829994887114,0.010008714646709188,-0.2229574022488396,-0.12014567606486325,-0.6616825781270738,-0.6504436355879909,0.2827513421773805,0.3952847075210472
0.20038909848202047,-0.0337372559216184,-0.2552068725068388,-1.9679053882651385,1.3843350875060365,-0.017030269737210463,0.301931621287374,0.010008714646709188,-0.2229574022488396,-0.12014567606486325,-0.6616825781270738,-0.6504436355879909,-0.12959788302247865,0.3952847075210472
0.40593459930403597,-0.6311645409640283,-0.37965849214877884,-0.06433216054634018,-0.30689256061574693,1.1018463870006703,0.2507440357737245,0.010008714646709188,-0.2229574022488396,-0.12014567606486325,-0.6616825781270738,1.5374122295716144,-0.24205676262243814,0.3952847075210472
0.31847131339961754,-0.5786242246503154,-0.3756705457228373,-0.9975695656172014,0.39972803668966683,0.8960695694739106,0.1278782422384884,0.010008714646709188,-0.2229574022488396,-0.12014567606486325,1.2215678365422902,-0.6504436355879909,0.4389442305106595,0.3952847075210472
0.08721907392931613,-0.16523881365668652,-0.29748917701881417,-1.7601992987771173,1.1007529689643565,0.020710172526049904,-0.3947837768713092,0.010008714646709188,-0.2229574022488396,-0.12014567606486325,-0.6616825781270738,-0.6504436355879909,0.06408129851078903,0.3952847075210472
-0.1756292748906822,-0.03081170742341028,-0.2541706402447112,-0.18330725421601038,-1.4761764583705987,-0.24322599521583577,-0.5523755167087613,0.010008714646709188,-0.2229574022488396,-0.12014567606486325,-0.6616825781270738,-0.6504436355879909,-0.11085473642248514,0.3952847075210472
-0.4907842379389343,-0.04521864780837032,-0.2592333974299684,0.8738666861253702,0.6089588046820185,-0.6136838970463437,-0.7735695492867258,0.010008714646709188,-0.2229574022488396,-0.12014567606486325,-0.6616825781270738,-0.6504436355879909,-0.14834102962247217,0.3952847075210472
-0.7892924479650563,-0.37773610277856595,-0.3480510712652694,0.2390128287176223,-0.8381423229875503,-0.728844946811443,-0.8423302286178644,0.010008714646709188,-0.2229574022488396,-0.12014567606486325,-0.6616825781270738,-0.6504436355879909,-0.0639968699225005,-2.5298221281347035
-0.9269909882555655,-0.5046691979470649,-0.3677838682427651,1.4856115469241715,1.055420040893947,-0.728844946811443,-0.8423302286178644,0.010008714646709188,-0.2229574022488396,-0.12014567606486325,1.2215678365422902,1.5374122295716144,1.4823127245769672,-2.5298221281347035
-1.0162026006466947,-0.6969108442649556,-0.3827589836563073,1.7803919676939657,1.473069662856524,-0.728844946811443,-0.8423302286178644,0.010008714646709188,-0.2229574022488396,-0.12014567606486325,1.2215678365422902,-0.6504436355879909,-0.7356262897556016,-2.5298221281347035
-1.037358494378689,-0.7610696737547553,-0.3837592765353673,-0.13180275107504824,-0.8857905995964451,-0.728844946811443,-0.8423302286178644,0.010008714646709188,-0.2229574022488396,-0.12014567606486325,-0.6616825781270738,-0.6504436355879909,-0.07336844322249754,-2.5298221281347035
-1.037358494378689,-0.7610696737547553,-0.3837592765353673,-0.13180275107504824,-0.8857905995964451,-0.728844946811443,-0.8423302286178644,0.010008714646709188,-0.2229574022488396,-0.12014567606486325,-0.6616825781270738,1.5374122295716144,-0.05462529662250402,-2.5298221281347035
0.20792866107989813,3.015474455455376,3.082040270184237,1.7803919676939648,1.4730696628565256,-0.728844946811443,3.2050899303412574,0.010008714646709188,-0.2229574022488396,-0.12014567606486325,-2.5449329927964377,1.5374122295716144,-1.4978475848220054,0.3952847075210472
1.3901842142621632,3.4922096749580884,4.012285706996739,-0.12511747831197592,-1.8831314816217555,-0.728844946811443,3.0002252317965086,0.010008714646709188,-0.2229574022488396,-0.12014567606486325,1.2215678365422902,1.5374122295716144,0.4077056528440038,0.3952847075210472
2.238731394211998,2.71493802675138,2.5523740512016517,-1.5676062282342096,0.7865699241871804,-0.728844946811443,1.9156095340323922,0.010008714646709188,-0.2229574022488396,-0.12014567606486325,1.2215678365422902,-0.6504436355879909,-0.8855714625555504,0.3952847075210472
3.0444286462558416,0.605997664828217,0.07038529546579972,-0.09730728606494486,-1.707608854437394,3.6569277609565978,1.776339116557651,0.010008714646709188,-0.2229574022488396,-0.12014567606486325,-0.6616825781270738,-0.6504436355879909,-0.7981034450889144,0.3952847075210472
2.585031356963759,0.3688015682235288,-0.07353754129976729,1.6703833977024023,1.3348853516355061,3.5491072462748203,1.7119613442945951,-4.448789600708762,4.34509150294982,0.6844414339524814,-0.6616825781270738,1.5374122295716144,-0.23580904708910844,0.3952847075210472
1.770809483735089,0.5987940375204496,0.06561176492319071,-1.9650973155299027,1.3868867059771752,1.2745279888481371,0.35384924604438894,0.010008714646709188,-0.2229574022488396,-0.12014567606486325,1.2215678365422902,-0.6504436355879909,1.8446802255101753,0.3952847075210472
1.2221520134657415,0.8657028275071259,0.2593250989662905,-0.1804501025877685,-1.7799083250634455,0.9035896937693823,0.13236837893197953,0.010008714646709188,-0.2229574022488396,-0.12014567606486325,-0.6616825781270738,1.5374122295716144,1.957139105110137,0.3952847075210472
0.6479210317081102,0.7513796927190146,0.17211426321437973,1.498998043790613,1.1510718095083854,0.5311301225026689,-0.09002081599046347,-4.608032397685742,4.508236106706914,2.7092058681098075,1.2215678365422902,1.5374122295716144,2.3257543215766767,0.3952847075210472
0.07416349578363268,-0.33091351492982185,-0.33879510420332903,0.510017755291565,-0.44480230896055617,0.42588678654203355,-0.1528597992273257,0.010008714646709188,-0.2229574022488396,-0.12014567606486325,1.2215678365422902,-0.6504436355879909,-0.9168100402222058,0.3952847075210472
-0.10114615998056645,-0.47809787851985,-0.3643011683785661,1.150081381221577,0.7769498362188566,0.32023864293263316,-0.21594048613903546,0.010008714646709188,-0.2229574022488396,-0.12014567606486325,-0.6616825781270738,-0.6504436355879909,-1.8164810770218969,0.3952847075210472
-0.2248928222684986,-0.615815034459542,-0.3786321464391457,-0.0032159507388642926,-0.34809117666493217,0.22998092476458842,-0.26983181509767484,0.010008714646709188,-0.2229574022488396,-0.12014567606486325,-0.6616825781270738,1.5374122295716144,-2.078885129421805,0.3952847075210472
-0.30165876805353997,-0.6130076168972406,-0.37843204136107084,-0.2328738045997755,-0.08358458315903078,0.11325853481143011,-0.33952474376326225,0.010008714646709188,-0.2229574022488396,-0.12014567606486325,1.2215678365422902,-0.6504436355879909,-1.3916364207553757,0.3952847075210472
-0.3806168978967462,-0.604107446434209,-0.37777234049503405,-0.3423027119182472,-0.37496969897297283,-0.003917845463717317,-0.40948874223077847,0.010008714646709188,-0.2229574022488396,-0.12014567606486325,-0.6616825781270738,-0.6504436355879909,-1.5040953003553372,0.3952847075210472
-0.4841604854474916,-0.5357503799981337,-0.3714222336176837,-0.8782228866872185,0.26198456759845395,-0.24339569886568715,-0.552476843835186,0.010008714646709188,-0.2229574022488396,-0.12014567606486325,-0.6616825781270738,1.5374122295716144,-0.8668283159555569,0.3952847075210472
-0.5898439077666415,-0.5256923118413883,-0.3702962192119058,-0.07258770966202885,-1.0678134072983585,-0.3453015006068123,-0.6133230428738098,0.010008714646709188,-0.2229574022488396,-0.12014567606486325,1.2215678365422902,-0.6504436355879909,1.1636792323770762,0.3952847075210472
-0.6938590867967168,-0.5473693964478525,-0.3726617936384289,0.7224386801988482,0.3833265886330474,-0.45294289162570506,-0.6775938634829051,0.010008714646709188,-0.2229574022488396,-0.12014567606486325,-0.6616825781270738,-0.6504436355879909,0.6763574207772439,0.3952847075210472
-0.7961275342882344,-0.6086793417962827,-0.37811602844710357,-0.17974191031347966,-0.3044337223490371,-0.560611026104854,-0.7418806521515016,0.010008714646709188,-0.2229574022488396,-0.12014567606486325,-0.6616825781270738,-0.6504436355879909,0.264008195577387,0.3952847075210472
-0.8382178235658269,-0.6625234072786216,-0.38139937075833585,0.17862963120540867,0.5695789555488943,-0.560611026104854,-0.6892782912538041,0.010008714646709188,-0.2229574022488396,-0.12014567606486325,1.2215678365422902,-0.6504436355879909,0.4077056528440038,0.3952847075210472
-0.8220982110061054,-0.6186806125288477,-0.3788324466585548,0.9921279357408544,0.8643359889548152,-0.560611026104854,-0.5609312354558668,0.010008714646709188,-0.2229574022488396,-0.12014567606486325,-0.6616825781270738,-0.6504436355879909,0.5201645324439633,0.3952847075210472
-0.8150472670030643,-0.6189759283399777,-0.37885286201826845,0.5709334955806217,0.4216194305010331,-0.560611026104854,-0.6546769540997885,0.010008714646709188,-0.2229574022488396,-0.12014567606486325,-0.6616825781270738,1.5374122295716144,0.8575411712438483,0.3952847075210472
-0.8170772147296803,-0.6145881265688427,-0.37854516700576846,0.4483018508767876,0.3987145378932863,-0.5716609450601405,-0.7484783684407272,0.010008714646709188,-0.2229574022488396,-0.12014567606486325,1.2215678365422902,-0.6504436355879909,-0.1608364606891338,0.3952847075210472
-0.5560731218231184,0.011528378429867777,-0.23870800817249152,1.5867192891774773,1.2494737095668988,-0.5716609450601405,0.1590346641719854,0.010008714646709188,-0.2229574022488396,-0.12014567606486325,1.2215678365422902,-0.6504436355879909,0.43269651497732925,0.3952847075210472
-0.36501305991517047,0.11900248525978925,-0.19554573026792638,-0.12810879141257067,-1.7578079540646714,-0.5716609450601405,0.06005031305567991,0.010008714646709188,-0.2229574022488396,-0.12014567606486325,-0.6616825781270738,-0.6504436355879909,0.057833582977457124,0.3952847075210472
-0.28373202165699973,0.023346917954103444,-0.2342363270934748,-0.6490944350236029,-0.7209186645294428,-0.5716609450601405,-0.3904981168370701,0.010008714646709188,-0.2229574022488396,-0.12014567606486325,-0.6616825781270738,-0.6504436355879909,-0.24205676262243814,0.3952847075210472
0.09879729895814372,-0.07957924588018679,-0.27090089100733555,-0.5677703393271548,0.5504557656870649,0.027887837337976916,0.49481469602560246,0.010008714646709188,-0.2229574022488396,-0.12014567606486325,1.2215678365422902,-0.6504436355879909,0.7700731537772121,0.3952847075210472
0.18399002289966868,0.0014530431453538503,-0.2424665238641841,-1.013466182533521,-0.1423485545097605,0.027887837337976916,0.4359272240656041,-4.448789600708762,4.34509150294982,1.487628932972464,-0.6616825781270738,-0.6504436355879909,0.2827513421773805,0.3952847075210472
0.28165523672863374,0.015346955508951517,-0.23727062879932975,-1.9683211104846048,1.3848152475187439,0.027887837337976916,0.3774808378528545,0.010008714646709188,-0.2229574022488396,-0.12014567606486325,-0.6616825781270738,-0.6504436355879909,-0.12959788302247865,0.3952847075210472
0.501164835032349,-0.6227499847908439,-0.37911003273858984,-0.06500486485436938,-0.3067008473497299,1.2227773605321965,0.3229498372071508,0.010008714646709188,-0.2229574022488396,-0.12014567606486325,-0.6616825781270738,1.5374122295716144,-0.24205676262243814,0.3952847075210472
0.4079975160371487,-0.5666843330972393,-0.3745771910241088,-0.9985110030787862,0.4002864440233,1.0034666430637746,0.19200318511872722,0.010008714646709188,-0.2229574022488396,-0.12014567606486325,1.2215678365422902,-0.6504436355879909,0.4389442305106595,0.3952847075210472
0.16153146522040407,-0.12597060536929278,-0.28574321127339586,-1.7603275999689265,1.1009114186737299,0.07036735440033579,-0.3651343288477763,0.010008714646709188,-0.2229574022488396,-0.12014567606486325,-0.6616825781270738,-0.6504436355879909,0.06408129851078903,0.3952847075210472
-0.1186493128480658,0.017367805852718014,-0.23650707769230564,-0.1833953045487566,-1.476125282830419,-0.21104364975072623,-0.5331599925262008,0.010008714646709188,-0.2229574022488396,-0.12014567606486325,-0.6616825781270738,-0.6504436355879909,-0.11085473642248514,0.3952847075210472
-0.45461783495983077,0.002074392145975169,-0.24223616251796232,0.8735759319006253,0.6087463203478861,-0.6060504916282753,-0.7690117743860366,0.010008714646709188,-0.2229574022488396,-0.12014567606486325,-0.6616825781270738,-0.6504436355879909,-0.14834102962247217,0.3952847075210472
-0.7728556417604605,-0.35233997395072775,-0.34316295295086957,0.23897244795600467,-0.8381968238185656,-0.728844946811443,-0.8423302286178644,0.010008714646709188,-0.2229574022488396,-0.12014567606486325,-0.6616825781270738,-0.6504436355879909,-0.0639968699225005,-2.5298221281347035
-0.9196765551528612,-0.48767742916246654,-0.3655963137044434,1.485604121702682,1.0554086531345368,-0.728844946811443,-0.8423302286178644,0.010008714646709188,-0.2229574022488396,-0.12014567606486325,1.2215678365422902,1.5374122295716144,1.4823127245769672,-2.5298221281347035
-1.0148002904544282,-0.6926581011922259,-0.3826219806705035,1.7803919676939644,1.4730696628565256,-0.728844946811443,-0.8423302286178644,0.010008714646709188,-0.2229574022488396,-0.12014567606486325,1.2215678365422902,-0.6504436355879909,-0.7356262897556016,-2.5298221281347035
-1.037358494378689,-0.7610696737547553,-0.3837592765353673,-0.13180275107504824,-0.8857905995964451,-0.728844946811443,-0.8423302286178644,0.010008714646709188,-0.2229574022488396,-0.12014567606486325,-0.6616825781270738,-0.6504436355879909,-0.07336844322249754,-2.5298221281347035
-1.037358494378689,-0.7610696737547553,-0.3837592765353673,-0.13180275107504824,-0.8857905995964451,-0.728844946811443,-0.8423302286178644,0.010008714646709188,-0.2229574022488396,-0.12014567606486325,-0.6616825781270738,1.5374122295716144,-0.05462529662250402,-2.5298221281347035
0.2710004259386503,3.2067502605997116,3.442005135116525,1.7803919676939641,1.4730696628565256,-0.728844946811443,3.410085164919452,0.010008714646709188,-0.2229574022488396,-0.12014567606486325,-2.5449329927964377,1.5374122295716144,-1.4978475848220054,0.3952847075210472
1.492317015088031,3.673411515048874,4.394832669898621,-0.12008067128817046,-1.872891629241053,-0.728844946811443,3.127181029670219,0.010008714646709188,-0.2229574022488396,-0.12014567606486325,1.2215678365422902,1.5374122295716144,0.4077056528440038,0.3952847075210472
2.369230610115369,2.863247000509408,2.8082679506657082,-1.5415870103244123,0.7586507602931296,-0.728844946811443,2.0078057794676925,0.010008714646709188,-0.2229574022488396,-0.12014567606486325,1.2215678365422902,-0.6504436355879909,-0.8855714625555504,0.3952847075210472
3.201924136980125,0.6950071788947533,0.13144909212437372,-0.052165839329419254,-1.6250748070420329,3.8038806331683586,1.864082145503233,0.010008714646709188,-0.2229574022488396,-0.12014567606486325,-0.6616825781270738,-0.6504436355879909,-0.7981034450889144,0.3952847075210472
2.705813864924218,0.4050075790213685,-0.053337273324971346,1.6703857855405528,1.3348905409886425,3.692589958706427,1.7976324006039626,0.010008714646709188,-0.2229574022488396,-0.12014567606486325,-0.6616825781270738,1.5374122295716144,-0.23580904708910844,0.3952847075210472
1.8648306549668605,0.6443878346592566,0.09625013528784847,-1.9653266811213674,1.3871259301591392,1.3414807866847938,0.3938256084669213,0.010008714646709188,-0.2229574022488396,-0.12014567606486325,1.2215678365422902,-0.6504436355879909,1.8446802255101753,0.3952847075210472
1.2978660524920835,0.9202797217994593,0.3031988367499705,-0.18039332863845287,-1.7800705723395511,0.9583468971334945,0.1650629619465461,0.010008714646709188,-0.2229574022488396,-0.12014567606486325,-0.6616825781270738,1.5374122295716144,1.957139105110137,0.3952847075210472
0.7044378866592317,0.802070498852544,0.20999966399027167,1.4992952536577564,1.151411596739674,0.5735840830332392,-0.06467228736612614,0.010008714646709188,-0.2229574022488396,-0.12014567606486325,1.2215678365422902,1.5374122295716144,2.3257543215766767,0.3952847075210472
0.11147840678616791,-0.31672475441198467,-0.33577988340027154,0.5098572770756337,-0.4450073706124399,0.46484467715978295,-0.12959871373315313,0.010008714646709188,-0.2229574022488396,-0.12014567606486325,1.2215678365422902,-0.6504436355879909,-0.9168100402222058,0.3952847075210472
-0.06962254971569143,-0.46872761073680475,-0.3629911688156638,1.1498391278103888,0.776737262227642,0.35566678476075947,-0.194786952852296,0.010008714646709188,-0.2229574022488396,-0.12014567606486325,-0.6616825781270738,-0.6504436355879909,-1.8164810770218969,0.3952847075210472
-0.19747487537752126,-0.6109690517396686,-0.37828433738314127,-0.0034163312504714,-0.34819286943376404,0.26238915483029074,-0.25048141911063804,0.010008714646709188,-0.2229574022488396,-0.12014567606486325,-0.6616825781270738,1.5374122295716144,-2.078885129421805,0.3952847075210472
-0.27680474854197995,-0.6080533928878489,-0.37806957353574283,-0.23296718743954795,-0.08357619552848972,0.14175588484490295,-0.32250946688418086,0.010008714646709188,-0.2229574022488396,-0.12014567606486325,1.2215678365422902,-0.6504436355879909,-1.3916364207553757,0.3952847075210472
-0.3584101075594245,-0.5988396097650065,-0.37736373988722205,-0.3425059802501115,-0.37483920524337017,0.020629985501819645,-0.39483165516237084,0.010008714646709188,-0.2229574022488396,-0.12014567606486325,-0.6616825781270738,-0.6504436355879909,-1.5040953003553372,0.3952847075210472
-0.4654387594125516,-0.5281554779142693,-0.37057652001075275,-0.8784515880031317,0.2620903753749618,-0.22693833031925206,-0.5426504325306345,0.010008714646709188,-0.2229574022488396,-0.12014567606486325,-0.6616825781270738,1.5374122295716144,-0.8668283159555569,0.3952847075210472
-0.5746854856618054,-0.5177429184969475,-0.3693714881146522,-0.07263365101551303,-1.0678440003967657,-0.3322899373244278,-0.6055540625433787,0.010008714646709188,-0.2229574022488396,-0.12014567606486325,1.2215678365422902,-0.6504436355879909,1.1636792323770762,0.3952847075210472
-0.6822151789942592,-0.5401449220417065,-0.37189877472631216,0.722370330315937,0.3832874025917964,-0.443576624476452,-0.672001426688579,0.010008714646709188,-0.2229574022488396,-0.12014567606486325,-0.6616825781270738,-0.6504436355879909,0.6763574207772439,0.3952847075210472
-0.7879438023008418,-0.6035175845797887,-0.3777272583010077,-0.17984458057982863,-0.3044190364830147,-0.5548984891846761,-0.7384697947467033,0.010008714646709188,-0.2229574022488396,-0.12014567606486325,-0.6616825781270738,-0.6504436355879909,0.264008195577387,0.3952847075210472
-0.8229617173824816,-0.6587742619763033,-0.3812163921050118,-0.5251895254448808,0.5315819757497956,-0.5548984891846761,-0.6564653183622863,0.010008714646709188,-0.2229574022488396,-0.12014567606486325,1.2215678365422902,-0.6504436355879909,0.4077056528440038,0.3952847075210472
-0.806500599139896,-0.6170962586036756,-0.3787221956359168,0.549799455815287,0.6629444077755907,-0.5548984891846761,-0.5520522966880043,0.010008714646709188,-0.2229574022488396,-0.12014567606486325,-0.6616825781270738,-0.6504436355879909,0.5201645324439633,0.3952847075210472
-0.799348020296045,-0.6187053252179552,-0.37883415668667386,0.14270061291108047,0.6290494131542445,-0.5548984891846761,-0.6487541847377968,0.010008714646709188,-0.2229574022488396,-0.12014567606486325,-0.6616825781270738,1.5374122295716144,0.8575411712438483,0.3952847075210472
-0.8015157588209212,-0.6135048248348416,-0.37846776011698474,0.0064278433387084475,0.618574423930525,-0.5666984654609578,-0.7455153573436356,0.010008714646709188,-0.2229574022488396,-0.12014567606486325,1.2215678365422902,-0.6504436355879909,-0.1608364606891338,0.3952847075210472
-0.5407250103086733,0.03638491835931512,-0.22922449609509626,1.5869520088824995,1.2497382158810566,-0.5666984654609578,0.19115422719530312,0.010008714646709188,-0.2229574022488396,-0.12014567606486325,1.2215678365422902,-0.6504436355879909,0.43269651497732925,0.3952847075210472
-0.3434847330555906,0.14731532107587017,-0.18324088310812875,-0.12809160549520948,-1.7579287946127067,-0.5666984654609578,0.089016127420833,0.010008714646709188,-0.2229574022488396,-0.12014567606486325,-0.6616825781270738,-0.6504436355879909,0.057833582977457124,0.3952847075210472
-0.25955689025696865,0.04854543333857336,-0.22447550896483348,-0.6492954310562349,-0.7206214390124192,-0.5666984654609578,-0.37597272918989416,0.010008714646709188,-0.2229574022488396,-0.12014567606486325,-0.6616825781270738,-0.6504436355879909,-0.24205676262243814,0.3952847075210472
0.13589683602885008,-0.05627905322789648,-0.2630516961442902,-0.5593886061960658,0.549374265666294,0.052215096841014844,0.5397844842943365,0.010008714646709188,-0.2229574022488396,-0.12014567606486325,1.2215678365422902,-0.6504436355879909,0.7700731537772121,0.3952847075210472
0.22444756249245745,0.02785857926970355,-0.2325113841883889,-1.0096164277565223,-0.14942411566318806,0.052215096841014844,0.47896093411286433,-4.448789600708762,4.34509150294982,1.4352646280006427,-0.6616825781270738,-0.6504436355879909,0.2827513421773805,0.3952847075210472
0.32584843820646875,0.042112273908288166,-0.22699677311755592,-1.9685475020209653,1.3850767511369217,0.052215096841014844,0.4185882640175984,0.010008714646709188,-0.2229574022488396,-0.12014567606486325,-0.6616825781270738,-0.6504436355879909,-0.12959788302247865,0.3952847075210472
0.5529775490876724,-0.6181804959399985,-0.37879777662848835,-0.06537326311409335,-0.3065956253603107,1.2885810557858492,0.3622400902690124,0.010008714646709188,-0.2229574022488396,-0.12014567606486325,-0.6616825781270738,1.5374122295716144,-0.24205676262243814,0.3952847075210472
0.456710510314408,-0.5601935767394234,-0.37395375188101415,-0.9990264156185048,0.4005925286140517,1.0619093090988667,0.2268982944173371,0.010008714646709188,-0.2229574022488396,-0.12014567606486325,1.2215678365422902,-0.6504436355879909,0.4389442305106595,0.3952847075210472
0.20196945786773374,-0.10460824011026329,-0.27903852587323713,-1.7603979072862976,1.1009982579433524,0.09739606992962524,-0.3489959483360238,0.010008714646709188,-0.2229574022488396,-0.12014567606486325,-0.6616825781270738,-0.6504436355879909,0.06408129851078903,0.3952847075210472
-0.08764090212135733,0.04358095412197188,-0.2264229442659516,-0.18344360546394597,-1.4760971732733743,-0.19352599315497052,-0.5227005014893381,0.010008714646709188,-0.2229574022488396,-0.12014567606486325,-0.6616825781270738,-0.6504436355879909,-0.11085473642248514,0.3952847075210472
-0.43493469606526536,0.02780886631824331,-0.23253044483733795,0.8734163992091348,0.6086297527345599,-0.6018953473451768,-0.7665308093009882,0.010008714646709188,-0.2229574022488396,-0.12014567606486325,-0.6616825781270738,-0.6504436355879909,-0.14834102962247217,0.3952847075210472
-0.7639088311172846,-0.33851666131891245,-0.34037056862237575,0.23895029038469523,-0.8382267284317677,-0.728844946811443,-0.8423302286178644,0.010008714646709188,-0.2229574022488396,-0.12014567606486325,-0.6616825781270738,-0.6504436355879909,-0.0639968699225005,-2.5298221281347035
-0.9156951094018655,-0.47842838899821705,-0.3643465958945403,1.4856000469664192,1.0554024038654155,-0.728844946811443,-0.8423302286178644,0.010008714646709188,-0.2229574022488396,-0.12014567606486325,1.2215678365422902,1.5374122295716144,1.4823127245769672,-2.5298221281347035
-1.014036961263926,-0.6903431761885651,-0.3825437103316424,1.780391967693964,1.4730696632009688,-0.728844946811443,-0.8423302286178644,0.010008714646709188,-0.2229574022488396,-0.12014567606486325,1.2215678365422902,-0.6504436355879909,-0.7356262897556016,-2.5298221281347035
-1.037358494378689,-0.7610696737547553,-0.3837592765353673,-0.13180275107504824,-0.8857905995964451,-0.728844946811443,-0.8423302286178644,0.010008714646709188,-0.2229574022488396,-0.12014567606486325,-0.6616825781270738,-0.6504436355879909,-0.07336844322249754,-2.5298221281347035
-1.037358494378689,-0.7610696737547553,-0.3837592765353673,-0.13180275107504824,-0.8857905995964451,-0.728844946811443,-0.8423302286178644,0.010008714646709188,-0.2229574022488396,-0.12014567606486325,-0.6616825781270738,1.5374122295716144,-0.05462529662250402,-2.5298221281347035
0.32579117068638414,3.372912470259623,3.7691410312965012,1.7803919676939652,1.4730696628565265,-0.728844946811443,3.5881655087536415,0.010008714646709188,-0.2229574022488396,-0.12014567606486325,-2.5449329927964377,1.5374122295716144,-1.4978475848220054,0.3952847075210472
1.5837549439776475,3.8356553422342587,4.750896823508569,-0.11587837186761946,-1.8643523242544207,-0.728844946811443,3.246291349900189,0.010008714646709188,-0.2229574022488396,-0.12014567606486325,1.2215678365422902,1.5374122295716144,0.4077056528440038,0.3952847075210472
2.4873025280045375,2.996241995408459,3.046830235312791,-1.5226042095809185,0.7399041860258601,-0.728844946811443,2.094371310572509,0.010008714646709188,-0.2229574022488396,-0.12014567606486325,1.2215678365422902,-0.6504436355879909,-0.8855714625555504,0.3952847075210472
3.345347358731456,0.7703988325747929,0.18618244966658432,-0.017021288626005382,-1.560129181667929,3.941879188212407,1.9464787058932198,0.010008714646709188,-0.2229574022488396,-0.12014567606486325,-0.6616825781270738,-0.6504436355879909,-0.7981034450889144,0.3952847075210472
2.819200592932954,0.43890652782455347,-0.033846678378819446,1.670387890102073,1.3348952387532766,3.827338486375087,1.8780884256251562,0.010008714646709188,-0.2229574022488396,-0.12014567606486325,-0.6616825781270738,1.5374122295716144,-0.23580904708910844,0.3952847075210472
1.9531184278097897,0.6872055093992481,0.12594290309117392,-1.9655421296561069,1.387350689312459,1.404342993720803,0.4313595495769356,0.010008714646709188,-0.2229574022488396,-0.12014567606486325,1.2215678365422902,-0.6504436355879909,1.8446802255101753,0.3952847075210472
1.3689668487656337,0.9715353707984827,0.34572084534483327,-0.18033982907291152,-1.7802233376301355,1.009771236959748,0.19576754954644246,0.010008714646709188,-0.2229574022488396,-0.12014567606486325,-0.6616825781270738,1.5374122295716144,1.957139105110137,0.3952847075210472
0.7575139695996976,0.8496732999202684,0.24671417552531208,1.4995752823614188,1.1517317315459914,0.6134660122590313,-0.040859474334328474,0.010008714646709188,-0.2229574022488396,-0.12014567606486325,1.2215678365422902,1.5374122295716144,2.3257543215766767,0.3952847075210472
0.14652406723834535,-0.303414678289646,-0.332862447325987,0.509706091797052,-0.44520050442143444,0.5014455015092761,-0.10774499191067684,0.010008714646709188,-0.2229574022488396,-0.12014567606486325,1.2215678365422902,-0.6504436355879909,-0.9168100402222058,0.3952847075210472
-0.04001009327495873,-0.4599353483520303,-0.3617231713130107,1.149610695557579,0.7765368659259779,0.3889536174130499,-0.1749119583934745,0.010008714646709188,-0.2229574022488396,-0.12014567606486325,-0.6616825781270738,-0.6504436355879909,-1.8164810770218969,0.3952847075210472
-0.1717153251892566,-0.6064197220579923,-0.3779474333148748,-0.0036052706945576703,-0.34828870800297224,0.2928403921111516,-0.23229950980904146,0.010008714646709188,-0.2229574022488396,-0.12014567606486325,-0.6616825781270738,1.5374122295716144,-2.078885129421805,0.3952847075210472
-0.2534523527649924,-0.6034015274292565,-0.37771836833080036,-0.23305527036947238,-0.08356827697811449,0.16853458938726112,-0.30652036362664503,0.010008714646709188,-0.2229574022488396,-0.12014567606486325,1.2215678365422902,-0.6504436355879909,-1.3916364207553757,0.3952847075210472
-0.33754371532767213,-0.5938922620158585,-0.37696771707635035,-0.3426978043194704,-0.3747160082701662,0.04369837384951574,-0.3810579177998028,0.010008714646709188,-0.2229574022488396,-0.12014567606486325,-0.6616825781270738,-0.6504436355879909,-1.5040953003553372,0.3952847075210472
-0.4478460447404901,-0.5210205367272789,-0.369756485399073,-0.8786673727374064,0.2621902511932719,-0.21147159778384833,-0.5334155129259881,0.010008714646709188,-0.2229574022488396,-0.12014567606486325,-0.6616825781270738,1.5374122295716144,-0.8668283159555569,0.3952847075210472
-0.5604403387516059,-0.5102739699163908,-0.3684746617302375,-0.0726770058331433,-1.0678728607125656,-0.3200610177815772,-0.5982523853099095,0.010008714646709188,-0.2229574022488396,-0.12014567606486325,1.2215678365422902,-0.6504436355879909,1.1636792323770762,0.3952847075210472
-0.6712722404229945,-0.5333566195307692,-0.3711587071647427,0.7223057891421582,0.3832504083277936,-0.43477332592129964,-0.6667451287454652,0.010008714646709188,-0.2229574022488396,-0.12014567606486325,-0.6616825781270738,-0.6504436355879909,0.6763574207772439,0.3952847075210472
-0.7802523164546524,-0.5986668227734644,-0.3773501091951332,-0.17994152633309643,-0.3044051681002534,-0.5495292211778603,-0.7352638972977596,4.588239127734915,4.4674499557676395,19.58907610680959,-0.6616825781270738,-0.6504436355879909,0.264008195577387,0.3952847075210472
-0.8046796832423243,-0.645184986581612,-0.3804959057716147,-0.9862360838575717,-0.11260544169146793,-0.5495292211778603,-0.612809102053871,0.010008714646709188,-0.2229574022488396,-0.12014567606486325,1.2215678365422902,-0.6504436355879909,0.4077056528440038,0.3952847075210472
-0.7879113146602311,-0.6094897390778058,-0.3781758893678854,-0.12369480336828159,-0.0576822186519142,-0.5495292211778603,-0.5437519973997591,0.010008714646709188,-0.2229574022488396,-0.12014567606486325,-0.6616825781270738,-0.6504436355879909,0.5201645324439633,0.3952847075210472
-0.7806724076487673,-0.6128199881002838,-0.3784185311333495,-0.5236628629161557,0.4264116823723652,-0.5495292211778603,-0.6432173038268455,0.010008714646709188,-0.2229574022488396,-0.12014567606486325,-0.6616825781270738,1.5374122295716144,0.8575411712438483,0.3952847075210472
-0.7829742585575931,-0.6068303730143624,-0.3779782573825244,-0.6306841974555478,0.4665620920909171,-0.5620592315107482,-0.7427453506561039,0.010008714646709188,-0.2229574022488396,-0.12014567606486325,1.2215678365422902,-0.6504436355879909,-0.1608364606891338,0.3952847075210472
-0.5263622112120221,0.05966579627691221,-0.22006981550805574,1.5871774321064915,1.2499944162835341,-0.5620592315107482,0.22122886975494174,0.010008714646709188,-0.2229574022488396,-0.12014567606486325,1.2215678365422902,-0.6504436355879909,0.43269651497732925,0.3952847075210472
-0.32333070373904105,0.17383294145847317,-0.17136292016719323,-0.12807446630603742,-1.7580448588190853,-0.5620592315107482,0.11613902664872953,0.010008714646709188,-0.2229574022488396,-0.12014567606486325,-0.6616825781270738,-0.6504436355879909,0.057833582977457124,0.3952847075210472
-0.23692127980376612,0.07214309094262614,-0.2150549804028488,-0.6494869380205887,-0.7203375017157166,-0.5620592315107482,-0.3623702374882539,0.010008714646709188,-0.2229574022488396,-0.12014567606486325,-0.6616825781270738,-0.6504436355879909,-0.24205676262243814,0.3952847075210472
0.17067635587306373,-0.034367611727360456,-0.255429600485254,-0.5514982610812328,0.5483850110823031,0.07499668130207117,0.5820245067628095,0.010008714646709188,-0.2229574022488396,-0.12014567606486325,1.2215678365422902,-0.6504436355879909,0.7700731537772121,0.3952847075210472
0.26241138540691533,0.052709146502187595,-0.22283295731984615,-1.0060011787736052,-0.15607343033573592,0.07499668130207117,0.5193851674333629,0.010008714646709188,-0.2229574022488396,-0.12014567606486325,-0.6616825781270738,-0.6504436355879909,0.2827513421773805,0.3952847075210472
0.3673488043803352,0.06729307341844677,-0.21701327354811123,-1.9687600903562759,1.385322324334734,0.07499668130207117,0.4572056016313916,0.010008714646709188,-0.2229574022488396,-0.12014567606486325,-0.6616825781270738,-0.6504436355879909,-0.12959788302247865,0.3952847075210472
0.6016495084573429,-0.6138935359068045,-0.37849560091998286,-0.06572053285406555,-0.306496270336695,1.350400849238663,0.39915162418257677,0.010008714646709188,-0.2229574022488396,-0.12014567606486325,-0.6616825781270738,1.5374122295716144,-0.24205676262243814,0.3952847075210472
0.502473019132275,-0.5540997685380679,-0.3733498042201645,-0.9995121970178291,0.40088125752311027,1.1168158580303083,0.2596820490978931,0.010008714646709188,-0.2229574022488396,-0.12014567606486325,1.2215678365422902,-0.6504436355879909,0.4389442305106595,0.3952847075210472
0.23996017413194953,-0.08454248463501365,-0.27253878158336586,-1.7604642041555525,1.1010801493254772,0.12279360208421677,-0.33383151932251376,0.010008714646709188,-0.2229574022488396,-0.12014567606486325,-0.6616825781270738,-0.6504436355879909,0.06408129851078903,0.3952847075210472
-0.0585077740048919,0.06820493991045282,-0.21664596156521027,-0.18348918632116726,-1.476070615538528,-0.17706514140737206,-0.512872010425365,0.010008714646709188,-0.2229574022488396,-0.12014567606486325,-0.6616825781270738,-0.6504436355879909,-0.11085473642248514,0.3952847075210472
-0.41644100851359084,0.051985518043131666,-0.22311902789888757,0.8732658161305109,0.6085197364059267,-0.5979908166497168,-0.7641994812726596,0.010008714646709188,-0.2229574022488396,-0.12014567606486325,-0.6616825781270738,-0.6504436355879909,-0.14834102962247217,0.3952847075210472
-0.7555018622674089,-0.3255275599746005,-0.3376620685376636,0.23892937683254664,-0.8382549534340866,-0.728844946811443,-0.8423302286178644,0.010008714646709188,-0.2229574022488396,-0.12014567606486325,-0.6616825781270738,-0.6504436355879909,-0.0639968699225005,-2.5298221281347035
-0.9119538456008166,-0.46973732802176127,-0.36313438257855496,1.4855962006718675,1.0553965049372374,-0.728844946811443,-0.8423302286178644,0.010008714646709188,-0.2229574022488396,-0.12014567606486325,1.2215678365422902,1.5374122295716144,1.4823127245769672,-2.5298221281347035
-1.0133196715497832,-0.6881678736913766,-0.3824677872225605,1.7803919676939648,1.4730696628565279,-0.728844946811443,-0.8423302286178644,0.010008714646709188,-0.2229574022488396,-0.12014567606486325,1.2215678365422902,-0.6504436355879909,-0.7356262897556016,-2.5298221281347035
-1.037358494378689,-0.7610696737547553,-0.3837592765353673,-0.13180275107504824,-0.8857905995964451,-0.728844946811443,-0.8423302286178644,0.010008714646709188,-0.2229574022488396,-0.12014567606486325,-0.6616825781270738,-0.6504436355879909,-0.07336844322249754,-2.5298221281347035
-1.037358494378689,-0.7610696737547553,-0.3837592765353673,-0.13180275107504824,-0.8857905995964451,-0.728844946811443,-0.8423302286178644,0.010008714646709188,-0.2229574022488396,-0.12014567606486325,-0.6616825781270738,1.5374122295716144,-0.05462529662250402,-2.5298221281347035
0.3608690743406865,3.4792921518695805,3.985624029608563,1.7803919676939641,1.4730696628565265,-0.728844946811443,3.7021753688586885,0.010008714646709188,-0.2229574022488396,-0.12014567606486325,-2.5449329927964377,1.5374122295716144,-1.4978475848220054,0.3952847075210472
1.6437464816861413,3.941991694366373,4.991205274281696,-0.11351267235785378,-1.8595466904026239,-0.728844946811443,3.3272654001518562,0.010008714646709188,-0.2229574022488396,-0.12014567606486325,1.2215678365422902,1.5374122295716144,0.4077056528440038,0.3952847075210472
2.5654119028945894,3.0834385402025033,3.207906356997767,-1.512662000936044,0.7306035525557383,-0.728844946811443,2.1532577281541565,-4.448789600708762,4.34509150294982,0.5659133326336924,1.2215678365422902,-0.6504436355879909,-0.8855714625555504,0.3952847075210472
3.440704116724639,0.8173065487330866,0.22163090431761487,0.0019729165779138486,-1.5248943239739055,4.035764455789329,2.0025359821245736,0.010008714646709188,-0.2229574022488396,-0.12014567606486325,-0.6616825781270738,-0.6504436355879909,-0.7981034450889144,0.3952847075210472
2.8963215200650483,0.46191313695303343,-0.020300618390714405,1.6703892451953473,1.33489833718345,3.9190174675449034,1.9328283662429409,0.010008714646709188,-0.2229574022488396,-0.12014567606486325,-0.6616825781270738,1.5374122295716144,-0.23580904708910844,0.3952847075210472
2.0131812688574944,0.7163370309600904,0.14665407077133485,-1.9656887407246026,1.3875036640106773,1.4471042763280428,0.45689157492007126,0.010008714646709188,-0.2229574022488396,-0.12014567606486325,1.2215678365422902,-0.6504436355879909,1.8446802255101753,0.3952847075210472
1.41733936203562,1.0064087826216213,0.37538193876597137,-0.1803033291744789,-1.78032749296998,1.0447590630331167,0.21665817787982228,0.010008714646709188,-0.2229574022488396,-0.12014567606486325,-0.6616825781270738,1.5374122295716144,1.957139105110137,0.3952847075210472
0.7936251529271208,0.8820595714589309,0.2723221813405952,1.4997663120897564,1.1519501147886084,0.6406073433429134,-0.024653853014569876,0.010008714646709188,-0.2229574022488396,-0.12014567606486325,1.2215678365422902,1.5374122295716144,2.3257543215766767,0.3952847075210472
0.17036934925223954,-0.2943672232610464,-0.33083018067787956,0.5096029718033283,-0.44533220418186953,0.5263556621567609,-0.0928715640297863,0.010008714646709188,-0.2229574022488396,-0.12014567606486325,1.2215678365422902,-0.6504436355879909,-0.9168100402222058,0.3952847075210472
-0.01985830853740484,-0.45395758741493997,-0.3608396187089251,1.149454759347771,0.7764000958494807,0.41160953226622254,-0.16138450185022316,0.010008714646709188,-0.2229574022488396,-0.12014567606486325,-0.6616825781270738,-0.6504436355879909,-1.8164810770218969,0.3952847075210472
-0.1541833672281833,-0.6033254190441838,-0.37771253487939777,-0.003734242502676168,-0.34835410181734694,0.31356732211440924,-0.2199238168956822,0.010008714646709188,-0.2229574022488396,-0.12014567606486325,-0.6616825781270738,1.5374122295716144,-2.078885129421805,0.3952847075210472
-0.23755776214646898,-0.600236970453366,-0.3774734406741468,-0.23311541201054387,-0.08356286720757393,0.1867629932080307,-0.2956364976633261,0.010008714646709188,-0.2229574022488396,-0.12014567606486325,1.2215678365422902,-0.6504436355879909,-1.3916364207553757,0.3952847075210472
-0.32334048278879973,-0.590526133047853,-0.37669146657834235,-0.34282882752123217,-0.3746318317616644,0.059401711355952166,-0.37168172544213335,0.010008714646709188,-0.2229574022488396,-0.12014567606486325,-0.6616825781270738,-0.6504436355879909,-1.5040953003553372,0.3952847075210472
-0.4358705490525102,-0.51616481616411,-0.3691842581431545,-0.8788147562297138,0.2622584988692539,-0.20094225709478647,-0.5271286249533125,0.010008714646709188,-0.2229574022488396,-0.12014567606486325,-0.6616825781270738,1.5374122295716144,-0.8668283159555569,0.3952847075210472
-0.5507430831021821,-0.5051903894957137,-0.36784874944298807,-0.07270662658822061,-1.0678925752882173,-0.31173557351938463,-0.5932814059347685,0.010008714646709188,-0.2229574022488396,-0.12014567606486325,1.2215678365422902,-0.6504436355879909,1.1636792323770762,0.3952847075210472
-0.6638226202318807,-0.5287360493541355,-0.3706421578578245,0.7222616857125581,0.3832251314527905,-0.4287798133392159,-0.6631665056123448,0.010008714646709188,-0.2229574022488396,-0.12014567606486325,-0.6616825781270738,-0.6504436355879909,0.6763574207772439,0.3952847075210472
-0.7750159529836002,-0.5953647138415554,-0.37708682652237335,-0.18000778100961287,-0.30439568053721366,-0.5458736359673433,-0.7330812103307622,0.010008714646709188,-0.2229574022488396,-0.12014567606486325,-0.6616825781270738,-0.6504436355879909,0.264008195577387,0.3952847075210472
-0.7928174080295094,-0.6319713446996749,-0.37970927157417717,-0.8902329564286736,-0.38164839620555946,-0.5458736359673433,-0.5849867404054794,0.010008714646709188,-0.2229574022488396,-0.12014567606486325,1.2215678365422902,-0.6504436355879909,0.4077056528440038,0.3952847075210472
-0.7758474268012413,-0.600563793022948,-0.3774989611770814,-0.40803794830778534,-0.5314651823632541,-0.5458736359673433,-0.5381257385697079,0.010008714646709188,-0.2229574022488396,-0.12014567606486325,-0.6616825781270738,-0.6504436355879909,0.5201645324439633,0.3952847075210472
-0.7685548185416636,-0.6048092146645202,-0.37782575524827017,-0.7988150511148688,0.11249680177793617,-0.5458736359673433,-0.6394641414212299,0.010008714646709188,-0.2229574022488396,-0.12014567606486325,-0.6616825781270738,1.5374122295716144,0.8575411712438483,0.3952847075210472
-0.7709505159361687,-0.5984548064647252,-0.37733336398433426,-0.8832118896722834,0.1934279490349754,-0.5589144949528221,-0.7408676826209346,0.010008714646709188,-0.2229574022488396,-0.12014567606486325,1.2215678365422902,-0.6504436355879909,-0.1608364606891338,0.3952847075210472
-0.5166184202672041,0.07547058875195206,-0.21370482322174725,1.5873341146457711,1.250172485686089,-0.5589144949528221,0.24164095471582211,0.010008714646709188,-0.2229574022488396,-0.12014567606486325,1.2215678365422902,-0.6504436355879909,0.43269651497732925,0.3952847075210472
-0.3096538787016121,0.1918348295110575,-0.1631046328413633,-0.12806232126340128,-1.75812506452377,-0.5589144949528221,0.13454839450109646,0.010008714646709188,-0.2229574022488396,-0.12014567606486325,-0.6616825781270738,-0.6504436355879909,0.057833582977457124,0.3952847075210472
-0.22155837605078701,0.08816102174892325,-0.20850618828545048,-0.6496185539178443,-0.7201420010290288,-0.5589144949528221,-0.3531369984970927,0.010008714646709188,-0.2229574022488396,-0.12014567606486325,-0.6616825781270738,-0.6504436355879909,-0.24205676262243814,0.3952847075210472
0.1943050787609242,-0.01944315231890327,-0.250104397396917,-0.5461195054194146,0.5477266531499185,0.0904605991297802,0.6107676594777051,0.010008714646709188,-0.2229574022488396,-0.12014567606486325,1.2215678365422902,-0.6504436355879909,0.7700731537772121,0.3952847075210472
0.28822367655059233,0.06964593064084675,-0.2160646873895942,-1.0035415660284175,-0.16059988135893777,0.0904605991297802,0.5468942646281707,0.010008714646709188,-0.2229574022488396,-0.12014567606486325,-0.6616825781270738,-0.6504436355879909,0.2827513421773805,0.3952847075210472
0.39558297065804593,0.0844502376791606,-0.2100344079881845,-1.9689047179970072,1.3854893996111701,0.0904605991297802,0.4834865244074631,0.010008714646709188,-0.2229574022488396,-0.12014567606486325,-0.6616825781270738,-0.6504436355879909,-0.12959788302247865,0.3952847075210472
0.6347718576591861,-0.6109792455425129,-0.3782850809983829,-0.06595752972069716,-0.3064283808450511,1.3924733464115844,0.42427238760622016,0.010008714646709188,-0.2229574022488396,-0.12014567606486325,-0.6616825781270738,1.5374122295716144,-0.24205676262243814,0.3952847075210472
0.5336167432019829,-0.5499547436635723,-0.37292868421857506,-0.9998436672062782,0.4010784038106466,1.1541846207913087,0.2819942937192447,0.010008714646709188,-0.2229574022488396,-0.12014567606486325,1.2215678365422902,-0.6504436355879909,0.4389442305106595,0.3952847075210472
0.2658159120384617,-0.07088822938527119,-0.26800398022564004,-1.7605094650199982,1.1011360605006366,0.140081215433736,-0.32350938314581446,0.010008714646709188,-0.2229574022488396,-0.12014567606486325,-0.6616825781270738,-0.6504436355879909,0.06408129851078903,0.3952847075210472
-0.03867959977504663,0.08496200202848515,-0.20982404487533504,-0.18352032272845925,-1.476052460448119,-0.16586033965155766,-0.5061818162835778,0.010008714646709188,-0.2229574022488396,-0.12014567606486325,-0.6616825781270738,-0.6504436355879909,-0.11085473642248514,0.3952847075210472
-0.4038535868473691,0.06843945591568948,-0.21655143006042454,0.8731629390134662,0.6084445812277393,-0.5953329940294064,-0.7626125411632478,0.010008714646709188,-0.2229574022488396,-0.12014567606486325,-0.6616825781270738,-0.6504436355879909,-0.14834102962247217,0.3952847075210472
-0.7497793447982278,-0.31668611322623175,-0.33577153825588096,0.23891508845065898,-0.8382742367677284,-0.728844946811443,-0.8423302286178644,0.010008714646709188,-0.2229574022488396,-0.12014567606486325,-0.6616825781270738,-0.6504436355879909,-0.0639968699225005,-2.5298221281347035
-0.9094071841319765,-0.4638213774547254,-0.3622882375176368,1.4855935726929774,1.0553924744933747,-0.728844946811443,-0.8423302286178644,0.010008714646709188,-0.2229574022488396,-0.12014567606486325,1.2215678365422902,1.5374122295716144,1.4823127245769672,-2.5298221281347035
-1.0128314108659113,-0.686687140503811,-0.382414790663053,1.7803919676939641,1.4730696628565279,-0.728844946811443,-0.8423302286178644,0.010008714646709188,-0.2229574022488396,-0.12014567606486325,1.2215678365422902,-0.6504436355879909,-0.7356262897556016,-2.5298221281347035
-1.037358494378689,-0.7610696737547553,-0.3837592765353673,-0.13180275107504824,-0.8857905995964451,-0.728844946811443,-0.8423302286178644,0.010008714646709188,-0.2229574022488396,-0.12014567606486325,-0.6616825781270738,-0.6504436355879909,-0.07336844322249754,-2.5298221281347035
-1.037358494378689,-0.7610696737547553,-0.3837592765353673,-0.13180275107504824,-0.8857905995964451,-0.728844946811443,-0.8423302286178644,0.010008714646709188,-0.2229574022488396,-0.12014567606486325,-0.6616825781270738,1.5374122295716144,-0.05462529662250402,-2.5298221281347035
0.3936477996216054,3.5786991858055073,4.192888724454439,1.7803919676939648,1.473069662856529,-0.728844946811443,3.8087124618540127,0.010008714646709188,-0.2229574022488396,-0.12014567606486325,-2.5449329927964377,1.5374122295716144,-1.4978475848220054,0.3952847075210472
1.6996492874445412,4.041177249035901,5.220307309065082,-0.1112057840521583,-1.8548616343457254,-0.728844946811443,3.402423060834133,0.010008714646709188,-0.2229574022488396,-0.12014567606486325,1.2215678365422902,1.5374122295716144,0.4077056528440038,0.3952847075210472
2.6381394803688485,3.1648202467654665,3.361574688951921,-1.5032933124323267,0.7220952881381248,-0.728844946811443,2.2079414369791843,0.010008714646709188,-0.2229574022488396,-0.12014567606486325,1.2215678365422902,-0.6504436355879909,-0.8855714625555504,0.3952847075210472
3.529449665958702,0.8614599689426807,0.25597495890015537,0.01998921898850694,-1.4914161921690117,4.122957484187695,2.054597437606615,0.010008714646709188,-0.2229574022488396,-0.12014567606486325,-0.6616825781270738,-0.6504436355879909,-0.7981034450889144,0.3952847075210472
2.967930543311971,0.4832388779887547,-0.007514495258629545,1.6703904480406084,1.334901144164737,4.004164997312576,1.9836684897233703,-5.0857607886166845,4.997669917978198,0.710973938119715,-0.6616825781270738,1.5374122295716144,-0.23580904708910844,0.3952847075210472
2.068960989518107,0.7433928767684443,0.1662589434126201,-1.9658249510118588,1.3876458066913022,1.4868130350499598,0.48060099082661817,0.010008714646709188,-0.2229574022488396,-0.12014567606486325,1.2215678365422902,-0.6504436355879909,1.8446802255101753,0.3952847075210472
1.4622639347915456,1.0387981312753336,0.4034596558191435,-0.18026935012776318,-1.7804244051399594,1.0772544117764118,0.23606059092875573,0.010008714646709188,-0.2229574022488396,-0.12014567606486325,-0.6616825781270738,1.5374122295716144,1.957139105110137,0.3952847075210472
0.8271635055425374,0.9121376153217983,0.296561616563995,1.4999441343868838,1.1521533951194076,0.6658200517014552,-0.009599779106356768,-4.767275194662724,4.6713807104640095,2.524102615114491,1.2215678365422902,1.5374122295716144,2.3257543215766767,0.3952847075210472
0.19251673475719802,-0.285970431596217,-0.32890847374255777,0.5095069916186404,-0.4454547621327563,0.5494970319910427,-0.07905425067857919,0.010008714646709188,-0.2229574022488396,-0.12014567606486325,1.2215678365422902,-0.6504436355879909,-0.9168100402222058,0.3952847075210472
-0.0011390193807235328,-0.44840880104150055,-0.36000392921620894,1.1493095283870927,0.7762727355100565,0.43265761991628604,-0.1488170512374351,0.010008714646709188,-0.2229574022488396,-0.12014567606486325,-0.6616825781270738,-0.6504436355879909,-1.8164810770218969,0.3952847075210472
-0.13789610561936416,-0.6004522430748142,-0.37749025644278517,-0.003854356496123531,-0.3484149849606584,0.3328240504988834,-0.20842595604678824,0.010008714646709188,-0.2229574022488396,-0.12014567606486325,-0.6616825781270738,1.5374122295716144,-2.078885129421805,0.3952847075210472
-0.22279093112392948,-0.5972981858383619,-0.37724162852489745,-0.23317143469841364,-0.08355782560538645,0.2036993136895685,-0.2855241124075837,0.010008714646709188,-0.2229574022488396,-0.12014567606486325,1.2215678365422902,-0.6504436355879909,-1.3916364207553757,0.3952847075210472
-0.31014447859902683,-0.587399745450974,-0.3764299585705412,-0.34295091328036187,-0.374553376512375,0.0739923638652155,-0.36296989813187575,0.010008714646709188,-0.2229574022488396,-0.12014567606486325,-0.6616825781270738,-0.6504436355879909,-1.5040953003553372,0.3952847075210472
-0.4247438803709918,-0.5116540683544271,-0.36864241766129574,-0.878952079639697,0.2623221099767518,-0.19115849382004127,-0.5212869084132259,0.010008714646709188,-0.2229574022488396,-0.12014567606486325,-0.6616825781270738,1.5374122295716144,-0.8668283159555569,0.3952847075210472
-0.5417328239729738,-0.5004675675837817,-0.36725600081101245,-0.0727342313583613,-1.0679109453235809,-0.3039994147154012,-0.588662278757129,0.010008714646709188,-0.2229574022488396,-0.12014567606486325,1.2215678365422902,-0.6504436355879909,1.1636792323770762,0.3952847075210472
-0.656900534555326,-0.5244431916391927,-0.37015294630225754,0.7222205761603989,0.38320157270622834,-0.42321036064145834,-0.6598410813323335,0.010008714646709188,-0.2229574022488396,-0.12014567606486325,-0.6616825781270738,-0.6504436355879909,0.6763574207772439,0.3952847075210472
-0.770150224096349,-0.5922965435576294,-0.37683744662206536,-0.1800695424919779,-0.304386830661446,-0.5424766588257063,-0.7310529337875407,0.010008714646709188,-0.2229574022488396,-0.12014567606486325,-0.6616825781270738,-0.6504436355879909,0.264008195577387,0.3952847075210472
-0.7811723277589898,-0.6163002466256737,-0.3786663428110939,-0.6432795740083941,-0.45141555201742495,-0.5424766588257063,-0.5571108421643732,0.010008714646709188,-0.2229574022488396,-0.12014567606486325,1.2215678365422902,-0.6504436355879909,0.4077056528440038,0.3952847075210472
-0.7640199397694579,-0.5891579128381466,-0.37657760578435845,-0.5444372683481912,-0.8787975507038505,-0.5424766588257063,-0.5329137547168635,0.010008714646709188,-0.2229574022488396,-0.12014567606486325,-0.6616825781270738,-0.6504436355879909,0.5201645324439633,0.3952847075210472
-0.7566807425148494,-0.5941705006109774,-0.3769903050733907,-0.9141164801507664,-0.197730567445185,-0.5424766588257063,-0.6359872940442617,0.010008714646709188,-0.2229574022488396,-0.12014567606486325,-0.6616825781270738,1.5374122295716144,0.8575411712438483,0.3952847075210472
-0.7591653047420333,-0.5875714005821607,-0.3764444399869777,-0.984226023841316,-0.08744478042267219,-0.5560012490847512,-0.7391282336895834,0.010008714646709188,-0.2229574022488396,-0.12014567606486325,1.2215678365422902,-0.6504436355879909,-0.1608364606891338,0.3952847075210472
-0.5075882556754966,0.09012296333185414,-0.20769549338613197,1.5874791515216986,1.250337324147018,-0.5560012490847512,0.260562427378322,0.010008714646709188,-0.2229574022488396,-0.12014567606486325,1.2215678365422902,-0.6504436355879909,0.43269651497732925,0.3952847075210472
-0.29697669338174065,0.20852405825352058,-0.1553078304024345,-0.12805109779789547,-1.7581993486133451,-0.5560012490847512,0.15161388953054727,0.010008714646709188,-0.2229574022488396,-0.12014567606486325,-0.6616825781270738,-0.6504436355879909,0.057833582977457124,0.3952847075210472
-0.20731731965307135,0.10301010480086698,-0.2023238890903397,-0.6497405715295804,-0.719960767221374,-0.5560012490847512,-0.3445772726059277,0.010008714646709188,-0.2229574022488396,-0.12014567606486325,-0.6616825781270738,-0.6504436355879909,-0.24205676262243814,0.3952847075210472
0.2162254059018955,-0.005569793178865592,-0.24505715210944587,-0.5411155359449241,0.5471258036035048,0.10479651071350508,0.6374661992308907,0.010008714646709188,-0.2229574022488396,-0.12014567606486325,1.2215678365422902,-0.6504436355879909,0.7700731537772121,0.3952847075210472
0.3121844749874153,0.08539745348684168,-0.20964495029961888,-1.0012568518999707,-0.16480637005589943,0.10479651071350508,0.5724476571819259,0.010008714646709188,-0.2229574022488396,-0.12014567606486325,-0.6616825781270738,-0.6504436355879909,0.2827513421773805,0.3952847075210472
0.4218045870744513,0.10040326876520234,-0.20341697994721805,-1.969039058625369,1.3856445966419744,0.10479651071350508,0.5079001079690934,0.010008714646709188,-0.2229574022488396,-0.12014567606486325,-0.6616825781270738,-0.6504436355879909,-0.12959788302247865,0.3952847075210472
0.6655398721812621,-0.6082743569783817,-0.3780859941714228,-0.06617821115934075,-0.3063651016464795,1.4315573487700115,0.44760877224865786,0.010008714646709188,-0.2229574022488396,-0.12014567606486325,-0.6616825781270738,1.5374122295716144,-0.24205676262243814,0.3952847075210472
0.5625477394737829,-0.5461057719648944,-0.3725301652577896,-1.0001522803755845,0.4012620535355185,1.1888998760004699,0.30272217468424784,0.010008714646709188,-0.2229574022488396,-0.12014567606486325,1.2215678365422902,-0.6504436355879909,0.4389442305106595,0.3952847075210472
0.28983544465725436,-0.05820520513136841,-0.26371056822036254,-1.7605516211715015,1.1011881391462883,0.15614297722281004,-0.3139191818223253,0.010008714646709188,-0.2229574022488396,-0.12014567606486325,-0.6616825781270738,-0.6504436355879909,0.06408129851078903,0.3952847075210472
-0.02025902918618504,0.100527893410754,-0.20336479787772835,-0.1835493368999156,-1.4760355324016945,-0.1554499040104467,-0.4999659244670651,0.010008714646709188,-0.2229574022488396,-0.12014567606486325,-0.6616825781270738,-0.6504436355879909,-0.11085473642248514,0.3952847075210472
-0.39215937229966297,0.08372471908265082,-0.21033241763880606,0.8730670632831896,0.608374545905844,-0.5928635744726446,-0.7611380932781089,0.010008714646709188,-0.2229574022488396,-0.12014567606486325,-0.6616825781270738,-0.6504436355879909,-0.14834102962247217,0.3952847075210472
-0.7444625664720762,-0.3084715961984548,-0.33398101527304336,0.23890177231730028,-0.8382922077337819,-0.728844946811443,-0.8423302286178644,0.010008714646709188,-0.2229574022488396,-0.12014567606486325,-0.6616825781270738,-0.6504436355879909,-0.0639968699225005,-2.5298221281347035
-0.907041064264143,-0.4583248404358526,-0.3614868367619793,1.4855911234200365,1.0553887181223112,-0.728844946811443,-0.8423302286178644,0.010008714646709188,-0.2229574022488396,-0.12014567606486325,1.2215678365422902,1.5374122295716144,1.4823127245769672,-2.5298221281347035
-1.0123777611481526,-0.6853113709307169,-0.38236459584976296,1.7803919676939641,1.473069663118178,-0.728844946811443,-0.8423302286178644,0.010008714646709188,-0.2229574022488396,-0.12014567606486325,1.2215678365422902,-0.6504436355879909,-0.7356262897556016,-2.5298221281347035
-1.037358494378689,-0.7610696737547553,-0.3837592765353673,-0.13180275107504824,-0.8857905995964451,-0.728844946811443,-0.8423302286178644,0.010008714646709188,-0.2229574022488396,-0.12014567606486325,-0.6616825781270738,-0.6504436355879909,-0.07336844322249754,-2.5298221281347035
-1.037358494378689,-0.7610696737547553,-0.3837592765353673,-0.13180275107504824,-0.8857905995964451,-0.728844946811443,-0.8423302286178644,0.010008714646709188,-0.2229574022488396,-0.12014567606486325,-0.6616825781270738,1.5374122295716144,-0.05462529662250402,-2.5298221281347035
0.35138700983328086,3.4505361859132457,3.926563124037363,1.7803919676939652,1.4730696628565279,-0.728844946811443,3.671356855339464,0.010008714646709188,-0.2229574022488396,-0.12014567606486325,-2.5449329927964377,1.5374122295716144,-1.4978475848220054,0.3952847075210472
1.6307188213317056,3.918349632442198,4.937301727516766,-0.1151773108258547,-1.8629280830007968,-0.728844946811443,3.3157415391340246,0.010008714646709188,-0.2229574022488396,-0.12014567606486325,1.2215678365422902,1.5374122295716144,0.4077056528440038,0.3952847075210472
2.5498051242700472,3.063923297263203,3.171535344271178,-1.5198897164702603,0.7375127220130939,-0.728844946811443,2.1448751031242446,0.010008714646709188,-0.2229574022488396,-0.12014567606486325,1.2215678365422902,-0.6504436355879909,-0.8855714625555504,0.3952847075210472
3.4226420080705293,0.8009432349208452,0.20914359016250944,-0.01124610694418686,-1.5494283877789412,4.022398989536436,1.994555692425922,0.010008714646709188,-0.2229574022488396,-0.12014567606486325,-0.6616825781270738,-0.6504436355879909,-0.7981034450889144,0.3952847075210472
2.8853437937442736,0.45864121145627745,-0.02224278610595246,1.6703890554748135,1.3348978995228769,3.9059658045111147,1.925035443041607,0.010008714646709188,-0.2229574022488396,-0.12014567606486325,-0.6616825781270738,1.5374122295716144,-0.23580904708910844,0.3952847075210472
2.0046308913110393,0.7121898134522612,0.14368041148441899,-1.965667800163565,1.3874818131482052,1.4410171542985166,0.4532570591981712,0.010008714646709188,-0.2229574022488396,-0.12014567606486325,1.2215678365422902,-0.6504436355879909,1.8446802255101753,0.3952847075210472
1.4104530633312031,1.0014440787584842,0.3711231960046817,-0.18030854715317463,-1.7803126064475605,1.0397780916571193,0.21368412566128886,0.010008714646709188,-0.2229574022488396,-0.12014567606486325,-0.6616825781270738,1.5374122295716144,1.957139105110137,0.3952847075210472
0.7884842832329084,0.8774490513145918,0.2686454979913815,1.4997390036816345,1.151918896388895,0.6367430326380724,-0.026961166379231308,0.010008714646709188,-0.2229574022488396,-0.12014567606486325,1.2215678365422902,1.5374122295716144,2.3257543215766767,0.3952847075210472
0.16697459971011425,-0.2956547557813012,-0.33112181801254237,0.5096177124792037,-0.44531337970418194,0.5228089168672909,-0.09498926455453768,0.010008714646709188,-0.2229574022488396,-0.12014567606486325,1.2215678365422902,-0.6504436355879909,-0.9168100402222058,0.3952847075210472
-0.0227274230210539,-0.45480834969022127,-0.36096642695113246,1.1494770561800143,0.7764196507948322,0.40838367839647505,-0.16331060363515187,0.010008714646709188,-0.2229574022488396,-0.12014567606486325,-0.6616825781270738,-0.6504436355879909,-1.8164810770218969,0.3952847075210472
-0.15667960842295953,-0.6037658780866918,-0.3777462555839191,-0.0037158014814131675,-0.3483447527999303,0.31061606784325757,-0.22168595998987284,0.010008714646709188,-0.2229574022488396,-0.12014567606486325,-0.6616825781270738,1.5374122295716144,-2.078885129421805,0.3952847075210472
-0.23982092613811834,-0.6006874597747055,-0.3775086043703564,-0.23310681186898088,-0.08356364093847879,0.18416742660489102,-0.2971862657771558,0.010008714646709188,-0.2229574022488396,-0.12014567606486325,1.2215678365422902,-0.6504436355879909,-1.3916364207553757,0.3952847075210472
-0.3253628632124055,-0.5910053498995578,-0.37673113099450384,-0.34281008901479876,-0.3746438718061148,0.057165659380290196,-0.37301683356401893,4.62804982697916,4.508236106706914,4.415304193866393,-0.6616825781270738,-0.6504436355879909,-1.5040953003553372,0.3952847075210472
-0.4375757582641412,-0.5168561662519938,-0.36926643060625536,-0.878793678364869,0.2622487370146745,-0.20244160533028546,-0.5280238599606101,0.010008714646709188,-0.2229574022488396,-0.12014567606486325,-0.6616825781270738,1.5374122295716144,-0.8668283159555569,0.3952847075210472
-0.552123917888965,-0.5059142139577864,-0.3679386366729355,-0.07270239000815877,-1.0678897557474214,-0.31292111182714183,-0.5939892704391364,0.010008714646709188,-0.2229574022488396,-0.12014567606486325,1.2215678365422902,-0.6504436355879909,1.1636792323770762,0.3952847075210472
-0.6648834225755882,-0.5293939631754174,-0.370716341822638,0.7222679942248589,0.3832287468806371,-0.4296332993396401,-0.6636761074031282,0.010008714646709188,-0.2229574022488396,-0.12014567606486325,-0.6616825781270738,-0.6504436355879909,0.6763574207772439,0.3952847075210472
-0.7757616081696046,-0.5958349154205108,-0.3771246400582107,-0.1799983036919331,-0.3043970380739657,-0.5463942001469719,-0.7333920302364485,0.010008714646709188,-0.2229574022488396,-0.12014567606486325,-0.6616825781270738,-0.6504436355879909,0.264008195577387,0.3952847075210472
-0.7985316731014148,-0.6402851967471875,-0.3802141106682445,-0.9817539769404565,-0.2120171381676703,-0.5463942001469719,-0.602030902771451,0.010008714646709188,-0.2229574022488396,-0.12014567606486325,1.2215678365422902,-0.6504436355879909,0.4077056528440038,0.3952847075210472
-0.781591489156686,-0.6056120495080476,-0.37788656910169444,-0.22484458613235922,-0.20469151955577097,-0.5463942001469719,-0.5389304499142306,0.010008714646709188,-0.2229574022488396,-0.12014567606486325,-0.6616825781270738,-0.6504436355879909,0.5201645324439633,0.3952847075210472
-0.7743072523984591,-0.6092415389233267,-0.37815758968821617,-0.6208135700632643,0.33857431544208483,-0.5463942001469719,-0.6400009521839873,0.010008714646709188,-0.2229574022488396,-0.12014567606486325,-0.6616825781270738,1.5374122295716144,0.8575411712438483,0.3952847075210472
-0.7766899483739047,-0.6029927467980489,-0.37768700362590946,-0.7218055801831583,0.39188708453077353,-0.5593642865578574,-0.7411362454412871,0.010008714646709188,-0.2229574022488396,-0.12014567606486325,1.2215678365422902,-0.6504436355879909,-0.1608364606891338,0.3952847075210472
-0.518006979959662,0.07322519543059196,-0.21461649883493816,1.5873189762223858,1.2501552612886566,-0.5593642865578574,0.23873795648304655,0.010008714646709188,-0.2229574022488396,-0.12014567606486325,1.2215678365422902,-0.6504436355879909,0.43269651497732925,0.3952847075210472
-0.3116004061389301,0.18927693493147577,-0.16428765545618662,-0.12806303855552562,-1.758116395597866,-0.5593642865578574,0.13193018183786273,0.010008714646709188,-0.2229574022488396,-0.12014567606486325,-0.6616825781270738,-0.6504436355879909,0.057833582977457124,0.3952847075210472
-0.2237437812628544,0.08588412336354397,-0.2094446813129863,-0.6496027481088202,-0.7201648123837825,-0.5593642865578574,-0.3544502074719491,0.010008714646709188,-0.2229574022488396,-0.12014567606486325,-0.6616825781270738,-0.6504436355879909,-0.24205676262243814,0.3952847075210472
0.1909432383635335,-0.021568799303824375,-0.25086946157698925,-0.546888221903041,0.5478199498487749,0.08826122405704251,0.6066754584997451,-4.767275194662724,4.6713807104640095,1.39948006848915,1.2215678365422902,-0.6504436355879909,0.7700731537772121,0.3952847075210472
0.284549977929722,0.06723306045969547,-0.21703743339484355,-1.0038928466345374,-0.15995328574631376,0.08826122405704251,0.5429776678411123,0.010008714646709188,-0.2229574022488396,-0.12014567606486325,-0.6616825781270738,-0.6504436355879909,0.2827513421773805,0.3952847075210472
0.3915635669690607,0.08200624159225878,-0.2110372684992927,-1.9688840625699737,1.3854655378884333,0.08826122405704251,0.47974470450584084,0.010008714646709188,-0.2229574022488396,-0.12014567606486325,-0.6616825781270738,-0.6504436355879909,-0.12959788302247865,0.3952847075210472
0.6300560417921928,-0.6113939894287936,-0.3783152928151211,-0.06592364536337546,-0.30643809156745816,1.3864830864674957,0.4206957065672247,0.010008714646709188,-0.2229574022488396,-0.12014567606486325,-0.6616825781270738,1.5374122295716144,-0.24205676262243814,0.3952847075210472
0.5291825582130183,-0.5505447805695329,-0.3729891396204612,-0.999796278225944,0.40105021195517737,1.1488640066784759,0.27881744667240493,0.010008714646709188,-0.2229574022488396,-0.12014567606486325,1.2215678365422902,-0.6504436355879909,0.4389442305106595,0.3952847075210472
0.26213455548866715,-0.0728322082598519,-0.2686551392688676,-1.7605029931339946,1.1011280655302633,0.13761964528047535,-0.3249791442873176,0.010008714646709188,-0.2229574022488396,-0.12014567606486325,-0.6616825781270738,-0.6504436355879909,0.06408129851078903,0.3952847075210472
-0.041502790946382255,0.08257621057628149,-0.21080364905091328,-0.1835158695851832,-1.476055057700039,-0.16745579542694997,-0.5071344354476315,0.010008714646709188,-0.2229574022488396,-0.12014567606486325,-0.6616825781270738,-0.6504436355879909,-0.11085473642248514,0.3952847075210472
-0.40564584915250745,0.0660967463859737,-0.2174945571510904,0.8731776532635694,0.6084553301316781,-0.5957114442353312,-0.7628385072629446,0.010008714646709188,-0.2229574022488396,-0.12014567606486325,-0.6616825781270738,-0.6504436355879909,-0.14834102962247217,0.3952847075210472
-0.7505941729188915,-0.31794504096314025,-0.3360430492913987,0.2389171320935676,-0.8382714787215707,-0.728844946811443,-0.8423302286178644,0.010008714646709188,-0.2229574022488396,-0.12014567606486325,-0.6616825781270738,-0.6504436355879909,-0.0639968699225005,-2.5298221281347035
-0.9097698045254441,-0.4646637516897709,-0.36240975896852173,1.485593948576013,1.0553930509729466,-0.728844946811443,-0.8423302286178644,0.010008714646709188,-0.2229574022488396,-0.12014567606486325,1.2215678365422902,1.5374122295716144,1.4823127245769672,-2.5298221281347035
-1.0129009348269704,-0.6868979836864999,-0.3824224019637412,1.7803919676939648,1.4730696628565256,-0.728844946811443,-0.8423302286178644,0.010008714646709188,-0.2229574022488396,-0.12014567606486325,1.2215678365422902,-0.6504436355879909,-0.7356262897556016,-2.5298221281347035
-1.037358494378689,-0.7610696737547553,-0.3837592765353673,-0.13180275107504824,-0.8857905995964451,-0.728844946811443,-0.8423302286178644,0.010008714646709188,-0.2229574022488396,-0.12014567606486325,-0.6616825781270738,-0.6504436355879909,-0.07336844322249754,-2.5298221281347035
-1.037358494378689,-0.7610696737547553,-0.3837592765353673,-0.13180275107504824,-0.8857905995964451,-0.728844946811443,-0.8423302286178644,0.010008714646709188,-0.2229574022488396,-0.12014567606486325,-0.6616825781270738,1.5374122295716144,-0.05462529662250402,-2.5298221281347035
0.3966985917361312,3.5879512293996654,4.212423628051105,1.7803919676939644,1.4730696628565279,-0.728844946811443,3.8186281166096254,0.010008714646709188,-0.2229574022488396,-0.12014567606486325,-2.5449329927964377,1.5374122295716144,-1.4978475848220054,0.3952847075210472
1.690126491830294,4.02719647589535,5.18772458854513,-0.1055976566775558,-1.8434766721224334,-0.728844946811443,3.361556508713364,5.105778217910103,4.997669917978198,0.4385618197767822,1.2215678365422902,1.5374122295716144,0.4077056528440038,0.3952847075210472
2.6194677940016384,3.1541773987225814,3.341295470393372,-1.4802826070178432,0.7012052603306946,-0.728844946811443,2.178205801544944,-4.448789600708762,4.34509150294982,0.5602468386976149,1.2215678365422902,-0.6504436355879909,-0.8855714625555504,0.3952847075210472
3.502067712940823,0.8834305342869729,0.2734174555340904,0.06134744043172383,-1.414417169797393,4.075543583175896,2.0262874139487836,0.010008714646709188,-0.2229574022488396,-0.12014567606486325,-0.6616825781270738,-0.6504436355879909,-0.7981034450889144,0.3952847075210472
2.9289918295557698,0.4716448758337374,-0.014493246958297545,1.670389803349464,1.3348996326019238,3.95786318239544,1.9560224735185774,0.010008714646709188,-0.2229574022488396,-0.12014567606486325,-0.6616825781270738,1.5374122295716144,-0.23580904708910844,0.3952847075210472
2.038629154858721,0.7286803661982948,0.15555401584696982,-1.9657511851942655,1.3875688257196412,1.4652204549417738,0.4677084331451853,-4.448789600708762,4.34509150294982,1.4486247319118977,1.2215678365422902,-0.6504436355879909,1.8446802255101753,0.3952847075210472
1.4378348065972695,1.0211853129061153,0.38812819143743826,-0.1802877599767277,-1.7803719040728474,1.0595839699101455,0.22550987443837783,0.010008714646709188,-0.2229574022488396,-0.12014567606486325,-0.6616825781270738,1.5374122295716144,1.957139105110137,0.3952847075210472
0.8089259157326982,0.8957817338998657,0.2833261225840296,1.499847791959451,1.15204326028182,0.6521094803171094,-0.017786125135058863,0.010008714646709188,-0.2229574022488396,-0.12014567606486325,1.2215678365422902,1.5374122295716144,2.3257543215766767,0.3952847075210472
0.180473295107019,-0.2905360807857918,-0.3299576281158189,0.5095589916057007,-0.44538836563524575,0.536912763769188,-0.08656810048791143,0.010008714646709188,-0.2229574022488396,-0.12014567606486325,1.2215678365422902,-0.6504436355879909,-0.9168100402222058,0.3952847075210472
-0.0113184610025682,-0.4514259411232565,-0.3604601896428662,1.1493882221979916,0.7763417436495023,0.42121161987804195,-0.15565126071936725,0.010008714646709188,-0.2229574022488396,-0.12014567606486325,-0.6616825781270738,-0.6504436355879909,-1.8164810770218969,0.3952847075210472
-0.14675312488081502,-0.6020145843129453,-0.3776116220166872,-0.003789272829683601,-0.3483819978206311,0.3223521486321649,-0.21467854828794375,0.010008714646709188,-0.2229574022488396,-0.12014567606486325,-0.6616825781270738,1.5374122295716144,-2.078885129421805,0.3952847075210472
-0.23082118414329236,-0.5988962267918583,-0.37736820309307767,-0.2331410774335909,-0.08356055781146564,0.19448920300687256,-0.2910233108652993,0.010008714646709188,-0.2229574022488396,-0.12014567606486325,1.2215678365422902,-0.6504436355879909,-1.3916364207553757,0.3952847075210472
-0.3173205446363883,-0.5890998269299911,-0.37657275184836414,-0.34288475378755173,-0.3745958946576257,0.06605781977173046,-0.36770747774897516,0.010008714646709188,-0.2229574022488396,-0.12014567606486325,-0.6616825781270738,-0.6504436355879909,-1.5040953003553372,0.3952847075210472
-0.4307946566778085,-0.5141069991541566,-0.36893829546014506,-0.8788776636920446,0.2622876363894532,-0.1964790354729813,-0.5244637121955118,0.010008714646709188,-0.2229574022488396,-0.12014567606486325,-0.6616825781270738,1.5374122295716144,-0.8668283159555569,0.3952847075210472
-0.5466327015720518,-0.5030358496462947,-0.3675796836184095,-0.0727192715990859,-1.0679009904708154,-0.3082064570098616,-0.591174231250893,0.010008714646709188,-0.2229574022488396,-0.12014567606486325,1.2215678365422902,-0.6504436355879909,1.1636792323770762,0.3952847075210472
-0.6606648555707781,-0.5267776703891165,-0.370420093102376,0.7222428556064653,0.38321434014992894,-0.4262391258374196,-0.6616495048647136,0.010008714646709188,-0.2229574022488396,-0.12014567606486325,-0.6616825781270738,-0.6504436355879909,0.6763574207772439,0.3952847075210472
-0.7727962825225821,-0.5939650479620215,-0.37697362962715397,-0.18003607024967444,-0.3043916275303762,-0.544323996426334,-0.73215594725114,0.010008714646709188,-0.2229574022488396,-0.12014567606486325,-0.6616825781270738,-0.6504436355879909,0.264008195577387,0.3952847075210472
-0.7668878636864682,-0.5798719612298152,-0.3757808043663829,0.05532958956332543,-0.1666435881419189,-0.544323996426334,-0.5052602269591675,0.010008714646709188,-0.2229574022488396,-0.12014567606486325,1.2215678365422902,-0.6504436355879909,0.4077056528440038,0.3952847075210472
-0.7498273967322294,-0.5621978704736952,-0.37414845005256653,-0.4135298786800258,-1.088387863208418,-0.544323996426334,-0.5357244680623996,0.010008714646709188,-0.2229574022488396,-0.12014567606486325,-0.6616825781270738,-0.6504436355879909,0.5201645324439633,0.3952847075210472
-0.7425086796706409,-0.5684086030118561,-0.37473936553943843,-0.7009546530300328,-0.5436322134165804,-0.544323996426334,-0.637862282100111,0.010008714646709188,-0.2229574022488396,-0.12014567606486325,-0.6616825781270738,1.5374122295716144,0.8575411712438483,0.3952847075210472
-0.7449424855502383,-0.562199563405501,-0.3741486136796298,-0.7651717524728106,-0.44164037612654644,-0.557572297045047,-0.7400662793676324,0.010008714646709188,-0.2229574022488396,-0.12014567606486325,1.2215678365422902,-0.6504436355879909,-0.1608364606891338,0.3952847075210472
-0.5124835617435801,0.08214515087487116,-0.2109803467764277,1.5873671971208705,1.2502101746406666,-0.557572297045047,0.2502754984523248,0.010008714646709188,-0.2229574022488396,-0.12014567606486325,1.2215678365422902,-0.6504436355879909,0.43269651497732925,0.3952847075210472
-0.3038617948895645,0.19943893850907932,-0.1595689655334001,-0.1280618765724802,-1.7581462725159276,-0.557572297045047,0.14233596246670213,0.010008714646709188,-0.2229574022488396,-0.12014567606486325,-0.6616825781270738,-0.6504436355879909,0.057833582977457124,0.3952847075210472
-0.21505734677802643,0.09493133097723516,-0.20570071449537933,-0.6496606974381132,-0.7200824988649448,-0.557572297045047,-0.349230931558707,0.010008714646709188,-0.2229574022488396,-0.12014567606486325,-0.6616825781270738,-0.6504436355879909,-0.24205676262243814,0.3952847075210472
0.2043070460294874,-0.01311471021248368,-0.24781365955657594,-0.5438262862474567,0.5474499045548188,0.09700251775904441,0.6229477772366208,0.010008714646709188,-0.2229574022488396,-0.12014567606486325,1.2215678365422902,-0.6504436355879909,0.7700731537772121,0.3952847075210472
0.2991557667037037,0.07683067451310167,-0.21315140894912296,-1.0024941077410117,-0.16252817566546351,0.09700251775904441,0.5585518846862544,0.010008714646709188,-0.2229574022488396,-0.12014567606486325,-0.6616825781270738,-0.6504436355879909,0.2827513421773805,0.3952847075210472
0.40754576891719296,0.09172713764943463,-0.20703124153519686,-1.9689663085590083,1.3855605514690919,0.09700251775904441,0.49462408979983247,0.010008714646709188,-0.2229574022488396,-0.12014567606486325,-0.6616825781270738,-0.6504436355879909,-0.12959788302247865,0.3952847075210472
0.648808393797041,-0.6097451177286126,-0.3781946870635095,-0.0660586397048092,-0.30639939530859406,1.410303553499614,0.4349184971587865,0.010008714646709188,-0.2229574022488396,-0.12014567606486325,-0.6616825781270738,1.5374122295716144,-0.24205676262243814,0.3952847075210472
0.5468151601399003,-0.5481987307553747,-0.37274776137565113,-0.9999850693765735,0.4011625378552012,1.1700217396771577,0.29145036463436946,0.010008714646709188,-0.2229574022488396,-0.12014567606486325,1.2215678365422902,-0.6504436355879909,0.4389442305106595,0.3952847075210472
0.27677365046008173,-0.06510211931510056,-0.2660549843522421,-1.7605287784792558,1.1011599195403823,0.14740848861188457,-0.31913439453289355,0.010008714646709188,-0.2229574022488396,-0.12014567606486325,-0.6616825781270738,-0.6504436355879909,0.06408129851078903,0.3952847075210472
-0.03027614918100981,0.09206325288726926,-0.20689190543389707,-0.1835336136670376,-1.476044707260865,-0.16111117565569774,-0.5033461722591754,0.010008714646709188,-0.2229574022488396,-0.12014567606486325,-0.6616825781270738,-0.6504436355879909,-0.11085473642248514,0.3952847075210472
-0.3985187191609297,0.07541262110311278,-0.21372839008570685,0.8731190211755827,0.6084124995093155,-0.5942064645740336,-0.7619399098282958,0.010008714646709188,-0.2229574022488396,-0.12014567606486325,-0.6616825781270738,-0.6504436355879909,-0.14834102962247217,0.3952847075210472
-0.747353867090893,-0.31293870369358195,-0.3349587811681042,0.2389089887321105,-0.838282468753101,-0.728844946811443,-0.8423302286178644,0.010008714646709188,-0.2229574022488396,-0.12014567606486325,-0.6616825781270738,-0.6504436355879909,-0.0639968699225005,-2.5298221281347035
-0.9083277779741695,-0.46131389769896924,-0.36192446570682424,1.4855924507685316,1.0553907538339553,-0.728844946811443,-0.8423302286178644,0.010008714646709188,-0.2229574022488396,-0.12014567606486325,1.2215678365422902,1.5374122295716144,1.4823127245769672,-2.5298221281347035
-1.012624459492227,-0.6860595254260098,-0.382392006294118,1.7803919676936502,1.4730696628561601,-0.728844946811443,-0.8423302286178644,0.010008714646709188,-0.2229574022488396,-0.12014567606486325,1.2215678365422902,-0.6504436355879909,-0.7356262897556016,-2.5298221281347035
-1.037358494378689,-0.7610696737547553,-0.3837592765353673,-0.13180275107504824,-0.8857905995964451,-0.728844946811443,-0.8423302286178644,0.010008714646709188,-0.2229574022488396,-0.12014567606486325,-0.6616825781270738,-0.6504436355879909,-0.07336844322249754,-2.5298221281347035
-1.037358494378689,-0.7610696737547553,-0.3837592765353673,-0.13180275107504824,-0.8857905995964451,-0.728844946811443,-0.8423302286178644,0.010008714646709188,-0.2229574022488396,-0.12014567606486325,-0.6616825781270738,1.5374122295716144,-0.05462529662250402,-2.5298221281347035
0.47119072571647824,3.8138612374027656,4.70232313288402,1.7803919676939648,1.4730696628565256,-0.728844946811443,4.060741723446682,-3.811818412800837,3.6925130879214394,0.23913057071592717,-2.5449329927964377,1.5374122295716144,-1.4978475848220054,0.3952847075210472
1.8355186055200696,4.28174734690651,5.79584596603331,-0.10695061332422134,-1.8462226921586369,-0.728844946811443,3.591994930797676,0.010008714646709188,-0.2229574022488396,-0.12014567606486325,1.2215678365422902,1.5374122295716144,0.4077056528440038,0.3952847075210472
2.816482050511151,3.3621396838452893,3.7475250617773814,-1.4870480376857667,0.708144978404376,-0.728844946811443,2.3459875863175714,0.010008714646709188,-0.2229574022488396,-0.12014567606486325,1.2215678365422902,-0.6504436355879909,-0.8855714625555504,0.3952847075210472
3.74823530929132,0.9619125604794073,0.33764034776144836,0.05219415610436584,-1.4314884857333081,4.343107331002238,2.186045119374811,0.010008714646709188,-0.2229574022488396,-0.12014567606486325,-0.6616825781270738,-0.6504436355879909,-0.7981034450889144,0.3952847075210472
3.148670331351036,0.5369080605939106,0.025641628239091076,1.6703932443632319,1.3349079252090998,4.219165327421405,2.1120414837596093,0.010008714646709188,-0.2229574022488396,-0.12014567606486325,-0.6616825781270738,1.5374122295716144,-0.23580904708910844,0.3952847075210472
2.209789134831045,0.8117086758264832,0.21734436260784754,-1.9661689810265828,1.3880049070544578,1.5870528019053722,0.5404524291300398,0.010008714646709188,-0.2229574022488396,-0.12014567606486325,1.2215678365422902,-0.6504436355879909,1.8446802255101753,0.3952847075210472
1.5756924427662502,1.1205840807469392,0.47662751714272716,-0.18018323197321937,-1.780669809194667,1.1593068798916208,0.2850527064044885,0.010008714646709188,-0.2229574022488396,-0.12014567606486325,-0.6616825781270738,1.5374122295716144,1.957139105110137,0.3952847075210472
0.9118482088672479,0.9880816153705962,0.3597203325069417,1.5003947524291392,1.1526685082709176,0.7295044350536821,0.028425069321265588,0.010008714646709188,-0.2229574022488396,-0.12014567606486325,1.2215678365422902,1.5374122295716144,2.3257543215766767,0.3952847075210472
0.2484435044895139,-0.26479443603880853,-0.32390991454795276,0.5092638047882584,-0.44576519293535355,0.6079549884460069,-0.04415001173361917,0.010008714646709188,-0.2229574022488396,-0.12014567606486325,1.2215678365422902,-0.6504436355879909,-0.9168100402222058,0.3952847075210472
0.04614142422587909,-0.43441125932836444,-0.3578293066529018,1.1489411749590812,0.7759497955242233,0.4858315428105539,-0.11706781772168168,0.010008714646709188,-0.2229574022488396,-0.12014567606486325,-0.6616825781270738,-0.6504436355879909,-1.8164810770218969,0.3952847075210472
-0.09675164659698336,-0.5932003080042174,-0.3769113796517737,-0.004158989202750895,-0.3485693125774808,0.3814755933205119,-0.17937695778090945,0.010008714646709188,-0.2229574022488396,-0.12014567606486325,-0.6616825781270738,1.5374122295716144,-2.078885129421805,0.3952847075210472
-0.1854843766167967,-0.589879042412858,-0.37663773026890446,-0.23331357262057917,-0.0835450229058192,0.24649225570289035,-0.2599731837783643,0.010008714646709188,-0.2229574022488396,-0.12014567606486325,1.2215678365422902,-0.6504436355879909,-1.3916364207553757,0.3952847075210472
-0.2768041633389209,-0.579505214950863,-0.37574847464054034,-0.34326082281238995,-0.3743541323226967,0.11086029528538086,-0.34095669127803657,0.010008714646709188,-0.2229574022488396,-0.12014567606486325,-0.6616825781270738,-0.6504436355879909,-1.5040953003553372,0.3952847075210472
-0.39663002876210757,-0.5002601536454974,-0.36722972035108614,-0.8793006179134492,0.2624836458853772,-0.16643456449535465,-0.5065246760476112,0.010008714646709188,-0.2229574022488396,-0.12014567606486325,-0.6616825781270738,1.5374122295716144,-0.8668283159555569,0.3952847075210472
-0.5189650254122063,-0.4885362348487186,-0.3657102449251786,-0.0728043141615113,-1.0679575676926392,-0.28444884436604206,-0.5769889699320078,0.010008714646709188,-0.2229574022488396,-0.12014567606486325,1.2215678365422902,-0.6504436355879909,1.1636792323770762,0.3952847075210472
-0.6394083014026911,-0.5135972736013991,-0.36887705196185916,0.7221161546696927,0.3831417439105553,-0.4091346951564384,-0.6514367439043401,0.010008714646709188,-0.2229574022488396,-0.12014567606486325,-0.6616825781270738,-0.6504436355879909,0.6763574207772439,0.3952847075210472
-0.7578537037023633,-0.5845436723077715,-0.3761869090703078,-0.180226427337482,-0.30436433743296637,-0.533891330028888,-0.7259267818329125,0.010008714646709188,-0.2229574022488396,-0.12014567606486325,-0.6616825781270738,-0.6504436355879909,0.264008195577387,0.3952847075210472
-0.7558702580767022,-0.5798945460850339,-0.3757827931487632,-0.10305337228895774,-0.2627372573520391,-0.533891330028888,-0.5000781004330546,0.010008714646709188,-0.2229574022488396,-0.12014567606486325,1.2215678365422902,-0.6504436355879909,0.4077056528440038,0.3952847075210472
-0.7382800994434014,-0.5597474258562462,-0.3739101468751674,-0.4828923769929225,-1.0963329562775093,-0.533891330028888,-0.519817608017897,0.010008714646709188,-0.2229574022488396,-0.12014567606486325,-0.6616825781270738,-0.6504436355879909,0.5201645324439633,0.3952847075210472
-0.7308387240449099,-0.5658436773850475,-0.37449760000476384,-0.7821801864441162,-0.5269161928123633,-0.533891330028888,-0.6272508582102502,0.010008714646709188,-0.2229574022488396,-0.12014567606486325,-0.6616825781270738,1.5374122295716144,0.8575411712438483,0.3952847075210472
-0.7335556667215766,-0.5588301913018227,-0.3738201961444499,-0.8493119498600986,-0.4098679336792004,-0.5486808716460035,-0.7347573624038896,0.010008714646709188,-0.2229574022488396,-0.12014567606486325,1.2215678365422902,-0.6504436355879909,-0.1608364606891338,0.3952847075210472
-0.4848742247880353,0.12701094203474303,-0.19210474402994135,1.5878528995893348,1.2507620923242437,-0.5486808716460035,0.3081838950664347,0.010008714646709188,-0.2229574022488396,-0.12014567606486325,1.2215678365422902,-0.6504436355879909,0.43269651497732925,0.3952847075210472
-0.26507665176386924,0.2505392235078956,-0.13508000088688388,-0.12802164335630623,-1.7583897067166188,-0.5486808716460035,0.194566318652164,0.010008714646709188,-0.2229574022488396,-0.12014567606486325,-0.6616825781270738,-0.6504436355879909,0.057833582977457124,0.3952847075210472
-0.1714760199410168,0.14038768642852836,-0.18628765567209868,-0.6500516426217001,-0.7194978742006164,-0.5486808716460035,-0.32303099817996717,0.010008714646709188,-0.2229574022488396,-0.12014567606486325,-0.6616825781270738,-0.6504436355879909,-0.24205676262243814,0.3952847075210472
0.2714677976982853,0.029513354491944917,-0.23187623455115305,-0.5284480791215834,0.545654805327001,0.14088241919429664,0.7048943106589537,0.010008714646709188,-0.2229574022488396,-0.12014567606486325,1.2215678365422902,-0.6504436355879909,0.7700731537772121,0.3952847075210472
0.3726325191825654,0.12526228704531328,-0.19285874699082137,-0.9954881649478724,-0.17543550887678588,0.14088241919429664,0.6369884854905378,0.010008714646709188,-0.2229574022488396,-0.12014567606486325,-0.6616825781270738,-0.6504436355879909,0.2827513421773805,0.3952847075210472
0.48801046823373273,0.1407631563554887,-0.18612312188604174,-1.9693782507852833,1.386036471733904,0.14088241919429664,0.5695666025963859,0.010008714646709188,-0.2229574022488396,-0.12014567606486325,-0.6616825781270738,-0.6504436355879909,-0.12959788302247865,0.3952847075210472
0.7432532581618195,-0.6014520644382062,-0.3775680610967669,-0.06673773690774483,-0.3062043784760533,1.5302837843863129,0.5065566265341622,0.010008714646709188,-0.2229574022488396,-0.12014567606486325,-0.6616825781270738,1.5374122295716144,-0.24205676262243814,0.3952847075210472
0.6356253603028554,-0.5363902163498014,-0.37149220082373674,-1.0009346094124467,0.40172802481686376,1.2765945723525587,0.35508316746094776,0.010008714646709188,-0.2229574022488396,-0.12014567606486325,1.2215678365422902,-0.6504436355879909,0.4389442305106595,0.3952847075210472
0.3505105703688071,-0.026173574732515772,-0.252519283987213,-1.7606585488707536,1.1013202457172453,0.19672421767945344,-0.2896888220992174,0.010008714646709188,-0.2229574022488396,-0.12014567606486325,-0.6616825781270738,-0.6504436355879909,0.06408129851078903,0.3952847075210472
0.026275024461885812,0.13984363579659592,-0.18652594124220595,-0.1836229909348734,-1.47599250934232,-0.12914648203961632,-0.48426060424692924,0.010008714646709188,-0.2229574022488396,-0.12014567606486325,-0.6616825781270738,-0.6504436355879909,-0.11085473642248514,0.3952847075210472
-0.3626158301478072,0.12233573994757817,-0.1941173206942135,0.87282362373623,0.6081967397715606,-0.5866241386842531,-0.757412633634176,0.010008714646709188,-0.2229574022488396,-0.12014567606486325,-0.6616825781270738,-0.6504436355879909,-0.14834102962247217,0.3952847075210472
-0.7310291560068313,-0.28771696012349773,-0.329311010304497,0.23886796172700417,-0.8383378361876406,-0.728844946811443,-0.8423302286178644,0.010008714646709188,-0.2229574022488396,-0.12014567606486325,-0.6616825781270738,-0.6504436355879909,-0.0639968699225005,-2.5298221281347035
-0.9010627127130449,-0.44443707649914316,-0.35939656855578944,1.4855849040080944,1.0553791795910998,-0.728844946811443,-0.8423302286178644,0.010008714646709188,-0.2229574022488396,-0.12014567606486325,1.2215678365422902,1.5374122295716144,1.4823127245769672,-2.5298221281347035
-1.0112315329680859,-0.6818352399156513,-0.3822336710868622,1.7803919676939652,1.4730696628565279,-0.728844946811443,-0.8423302286178644,0.010008714646709188,-0.2229574022488396,-0.12014567606486325,1.2215678365422902,-0.6504436355879909,-0.7356262897556016,-2.5298221281347035
-1.037358494378689,-0.7610696737547553,-0.3837592765353673,-0.13180275107504824,-0.8857905995964451,-0.728844946811443,-0.8423302286178644,0.010008714646709188,-0.2229574022488396,-0.12014567606486325,-0.6616825781270738,-0.6504436355879909,-0.07336844322249754,-2.5298221281347035
-1.037358494378689,-0.7610696737547553,-0.3837592765353673,-0.13180275107504824,-0.8857905995964451,-0.728844946811443,-0.8423302286178644,0.010008714646709188,-0.2229574022488396,-0.12014567606486325,-0.6616825781270738,1.5374122295716144,-0.05462529662250402,-2.5298221281347035
0.4613088977179488,3.783892920978617,4.6359080948659654,1.780391967693964,1.473069662856529,-0.728844946811443,4.0286239025301995,0.010008714646709188,-0.2229574022488396,-0.12014567606486325,-2.5449329927964377,1.5374122295716144,-1.4978475848220054,0.3952847075210472
1.799331840416506,4.221630088500297,5.649385555201946,-0.10024133355135278,-1.8326089551084699,-0.728844946811443,3.506498880948942,0.010008714646709188,-0.2229574022488396,-0.12014567606486325,1.2215678365422902,1.5374122295716144,0.4077056528440038,0.3952847075210472
2.761134283399025,3.3140622394425097,3.6517435516748744,-1.460547441135811,0.6850014821646724,-0.728844946811443,2.2837106845962585,0.010008714646709188,-0.2229574022488396,-0.12014567606486325,1.2215678365422902,-0.6504436355879909,-0.8855714625555504,0.3952847075210472
3.6746413652796948,0.9727149289436625,0.3467144441161218,0.0991419769876506,-1.3440045833005387,4.243785179333077,2.1267415732944968,-4.448789600708762,4.34509150294982,0.5720403806192431,-0.6616825781270738,-0.6504436355879909,-0.7981034450889144,0.3952847075210472
3.0671383887321735,0.5127230255726686,0.010527147458587805,1.6703920285488254,1.3349049275761655,4.122163992259248,2.0541236572428976,0.010008714646709188,-0.2229574022488396,-0.12014567606486325,-0.6616825781270738,1.5374122295716144,-0.23580904708910844,0.3952847075210472
2.146254754300132,0.7808869169881026,0.19401553973652383,-1.9660141175424226,1.3878432443333923,1.5418320213569543,0.5134518799275447,0.010008714646709188,-0.2229574022488396,-0.12014567606486325,1.2215678365422902,-0.6504436355879909,1.8446802255101753,0.3952847075210472
1.5245183078456588,1.083684562556267,0.4432137523734252,-0.1802220509100559,-1.7805592285099352,1.1222873024660833,0.2629489543327262,0.010008714646709188,-0.2229574022488396,-0.12014567606486325,-0.6616825781270738,1.5374122295716144,1.957139105110137,0.3952847075210472
0.8736412741372731,0.9538187448644103,0.33087862823988606,1.5001916431687066,1.15243633167329,0.7007685892803156,0.011267390743640084,0.010008714646709188,-0.2229574022488396,-0.12014567606486325,1.2215678365422902,1.5374122295716144,2.3257543215766767,0.3952847075210472
0.2232104883045913,-0.27434414283817316,-0.32619108747203535,0.5093734152542445,-0.4456252893813718,0.5815765302061172,-0.05990013481761849,0.010008714646709188,-0.2229574022488396,-0.12014567606486325,1.2215678365422902,-0.6504436355879909,-0.9168100402222058,0.3952847075210472
0.02480778346390274,-0.4407243512733616,-0.35882188138793025,1.1491072608827149,0.7760953895242475,0.4618368174136511,-0.13139465498150646,0.010008714646709188,-0.2229574022488396,-0.12014567606486325,-0.6616825781270738,-0.6504436355879909,-1.8164810770218969,0.3952847075210472
-0.11531772886638239,-0.5964716761141907,-0.3771756769648404,-0.004021636819214187,-0.34849974460810224,0.35952108217526796,-0.19248561825082752,0.010008714646709188,-0.2229574022488396,-0.12014567606486325,-0.6616825781270738,1.5374122295716144,-2.078885129421805,0.3952847075210472
-0.2023191181569597,-0.5932260992282808,-0.37691348369350397,-0.23324947472210633,-0.08355079886808578,0.2271808766245041,-0.27150367561531347,0.010008714646709188,-0.2229574022488396,-0.12014567606486325,1.2215678365422902,-0.6504436355879909,-1.3916364207553757,0.3952847075210472
-0.2918494883324944,-0.583067024241063,-0.37605969280196866,-0.3431210372590333,-0.37444401759784607,0.09422243654854531,-0.350890870166592,0.010008714646709188,-0.2229574022488396,-0.12014567606486325,-0.6616825781270738,-0.6504436355879909,-1.5040953003553372,0.3952847075210472
-0.40931712548055005,-0.505401393804022,-0.36787497904233485,-0.8791434282995745,0.26241078277087826,-0.17759239218468018,-0.5131868227833587,0.010008714646709188,-0.2229574022488396,-0.12014567606486325,-0.6616825781270738,1.5374122295716144,-0.8668283159555569,0.3952847075210472
-0.5292398213518388,-0.49392025237516474,-0.36641633385641864,-0.07277270627842156,-1.0679365449238722,-0.2932721168334974,-0.5822571939541357,0.010008714646709188,-0.2229574022488396,-0.12014567606486325,1.2215678365422902,-0.6504436355879909,1.1636792323770762,0.3952847075210472
-0.6473024670582134,-0.5184916286309659,-0.36945989360024856,0.7221632677995662,0.3831687342651164,-0.4154872323114462,-0.6552297344262711,0.010008714646709188,-0.2229574022488396,-0.12014567606486325,-0.6616825781270738,-0.6504436355879909,0.6763574207772439,0.3952847075210472
-0.7634031874400066,-0.58804243508506,-0.3764841045109584,-0.18015564874694937,-0.3043744820480054,-0.5377660299765489,-0.7282402984355218,0.010008714646709188,-0.2229574022488396,-0.12014567606486325,-0.6616825781270738,-0.6504436355879909,0.264008195577387,0.3952847075210472
-0.7413918750138074,-0.5328364341523751,-0.37110107218517974,0.5466527478036066,0.20542923063480417,-0.5377660299765489,-0.4416458699610102,0.010008714646709188,-0.2229574022488396,-0.12014567606486325,1.2215678365422902,-0.6504436355879909,0.4077056528440038,0.3952847075210472
-0.7239872127489247,-0.5213850429342837,-0.3697989786081377,-0.050461956962967666,-0.7885952744781982,-0.5377660299765489,-0.5256887305262505,0.010008714646709188,-0.2229574022488396,-0.12014567606486325,-0.6616825781270738,-0.6504436355879909,0.5201645324439633,0.3952847075210472
-0.7165838824371549,-0.5283029520080113,-0.37059320855640004,-0.2457709481572157,-0.4249954847474818,-0.5377660299765489,-0.6311675025017427,0.010008714646709188,-0.2229574022488396,-0.12014567606486325,-0.6616825781270738,1.5374122295716144,0.8575411712438483,0.3952847075210472
-0.7191919097945326,-0.5220569527621273,-0.3698771389285938,-0.3176110477843781,-0.3684429431100905,-0.5519626964987112,-0.736716883498724,0.010008714646709188,-0.2229574022488396,-0.12014567606486325,1.2215678365422902,-0.6504436355879909,-0.1608364606891338,0.3952847075210472
-0.4950913182814304,0.11037187712987706,-0.1992191389834887,1.5876448119773687,1.2505257011541444,-0.5519626964987112,0.2867236854053262,0.010008714646709188,-0.2229574022488396,-0.12014567606486325,1.2215678365422902,-0.6504436355879909,0.43269651497732925,0.3952847075210472
-0.2794428420538692,0.2315895861938291,-0.14430934931424602,-0.12804051751246967,-1.7582887116117798,-0.5519626964987112,0.17520984222971023,0.010008714646709188,-0.2229574022488396,-0.12014567606486325,-0.6616825781270738,-0.6504436355879909,0.057833582977457124,0.3952847075210472
-0.18762472402376323,0.12353596611504623,-0.19360166195801093,-0.6498951734778892,-0.7197343838245175,-0.5519626964987112,-0.3327411514037228,0.010008714646709188,-0.2229574022488396,-0.12014567606486325,-0.6616825781270738,-0.6504436355879909,-0.24205676262243814,0.3952847075210472
0.24656142963708388,0.013676399683477327,-0.23790032730081112,-0.5341553453512001,0.5463086849534895,0.12461976080428178,0.6744707155741022,0.010008714646709188,-0.2229574022488396,-0.12014567606486325,1.2215678365422902,-0.6504436355879909,0.7700731537772121,0.3952847075210472
0.34536892876075215,0.10726170764054423,-0.2005340335758647,-0.9980845659646856,-0.17065004595478833,0.12461976080428178,0.6078668547189117,0.010008714646709188,-0.2229574022488396,-0.12014567606486325,-0.6616825781270738,-0.6504436355879909,0.2827513421773805,0.3952847075210472
0.45814120031654565,0.12254148842129997,-0.19402897374468883,-1.9692255854827434,1.3858600904567684,0.12461976080428178,0.5417411786092658,0.010008714646709188,-0.2229574022488396,-0.12014567606486325,-0.6616825781270738,-0.6504436355879909,-0.12959788302247865,0.3952847075210472
0.708187703457333,-0.6045288320926054,-0.3778044427736852,-0.06648548801608661,-0.30627689235299643,1.4857353986767012,0.4799575527088834,0.010008714646709188,-0.2229574022488396,-0.12014567606486325,-0.6616825781270738,1.5374122295716144,-0.24205676262243814,0.3952847075210472
0.6026508688509197,-0.5407730455600998,-0.3719661213636764,-1.00058193074758,0.40151788672368044,1.2370234397690665,0.3314559257512417,-4.448789600708762,4.34509150294982,1.6307267747751697,1.2215678365422902,-0.6504436355879909,0.4389442305106595,0.3952847075210472
0.3231318339605892,-0.04062629096453268,-0.25763054548024183,-1.7606103378174385,1.1012606807343923,0.17841124203636957,-0.30062318444101205,0.010008714646709188,-0.2229574022488396,-0.12014567606486325,-0.6616825781270738,-0.6504436355879909,0.06408129851078903,0.3952847075210472
0.005276857703754772,0.12210378674391387,-0.1942168950994067,-0.1835897706260715,-1.4760119254985962,-0.14101645897243145,-0.49134796303021694,0.010008714646709188,-0.2229574022488396,-0.12014567606486325,-0.6616825781270738,-0.6504436355879909,-0.11085473642248514,0.3952847075210472
-0.3759474083469781,0.10491321115826023,-0.20152379841917806,0.8729334358622126,0.6082769419950491,-0.5894398328918278,-0.7590938361492321,0.010008714646709188,-0.2229574022488396,-0.12014567606486325,-0.6616825781270738,-0.6504436355879909,-0.14834102962247217,0.3952847075210472
-0.7370912392031469,-0.2970828503535544,-0.3314443514635127,0.23888321248876151,-0.8383172550248691,-0.728844946811443,-0.8423302286178644,0.010008714646709188,-0.2229574022488396,-0.12014567606486325,-0.6616825781270738,-0.6504436355879909,-0.0639968699225005,-2.5298221281347035
-0.9037605736535509,-0.450704223535297,-0.3603514520477506,1.4855877094856187,1.0553834822726829,-0.728844946811443,-0.8423302286178644,0.010008714646709188,-0.2229574022488396,-0.12014567606486325,1.2215678365422902,1.5374122295716144,1.4823127245769672,-2.5298221281347035
-1.011748795771429,-0.6834039269404985,-0.38229348112246375,1.7803919676942574,1.4730696628568714,-0.728844946811443,-0.8423302286178644,0.010008714646709188,-0.2229574022488396,-0.12014567606486325,1.2215678365422902,-0.6504436355879909,-0.7356262897556016,-2.5298221281347035
-1.037358494378689,-0.7610696737547553,-0.3837592765353673,-0.13180275107504824,-0.8857905995964451,-0.728844946811443,-0.8423302286178644,0.010008714646709188,-0.2229574022488396,-0.12014567606486325,-0.6616825781270738,-0.6504436355879909,-0.07336844322249754,-2.5298221281347035
-1.037358494378689,-0.7610696737547553,-0.3837592765353673,-0.13180275107504824,-0.8857905995964451,-0.728844946811443,-0.8423302286178644,0.010008714646709188,-0.2229574022488396,-0.12014567606486325,-0.6616825781270738,1.5374122295716144,-0.05462529662250402,-2.5298221281347035
0.42053388616081794,3.6602357951184823,4.366478573396021,1.7803919676939652,1.4730696628565256,-0.728844946811443,3.8960973579218217,0.010008714646709188,-0.2229574022488396,-0.12014567606486325,-2.5449329927964377,1.5374122295716144,-1.4978475848220054,0.3952847075210472
1.7290366766719762,4.0967505833328275,5.350762364608746,-0.10307921893441413,-1.8383661471172965,-0.728844946811443,3.4105527704192635,0.010008714646709188,-0.2229574022488396,-0.12014567606486325,1.2215678365422902,1.5374122295716144,0.4077056528440038,0.3952847075210472
2.6693478174930387,3.2114521826325912,3.4510776759865465,-1.4707695364818276,0.6931950309108927,-0.728844946811443,2.2138598640611957,0.010008714646709188,-0.2229574022488396,-0.12014567606486325,1.2215678365422902,-0.6504436355879909,-0.8855714625555504,0.3952847075210472
3.562391821405443,0.9180421672414921,0.30137163359479746,0.07930234996968746,-1.3809673666962579,4.132395437538017,2.060232676996908,0.010008714646709188,-0.2229574022488396,-0.12014567606486325,-0.6616825781270738,-0.6504436355879909,-0.7981034450889144,0.3952847075210472
2.975679836403327,0.48554214886275493,-0.006120314214296186,1.6703905780054258,1.3349014509775674,4.013381978498384,1.98917179044016,0.010008714646709188,-0.2229574022488396,-0.12014567606486325,-0.6616825781270738,1.5374122295716144,-0.23580904708910844,0.3952847075210472
2.0749984818177407,0.7463215559169313,0.16840242615834866,-1.9658400456527616,1.3876615599497328,1.4911106491495856,0.48316702218527724,4.46880703000218,4.34509150294982,1.4303289772450192,1.2215678365422902,-0.6504436355879909,1.8446802255101753,0.3952847075210472
1.4671266774088132,1.0423042359768226,0.40652961492755957,-0.18026558051648492,-1.7804351535342327,1.0807719594474448,0.23816085805842532,0.010008714646709188,-0.2229574022488396,-0.12014567606486325,-0.6616825781270738,1.5374122295716144,1.957139105110137,0.3952847075210472
0.830793915830174,0.9153933639585224,0.29921174697853603,1.4999638609479369,1.1521759456049205,0.6685498656303157,-0.007969854226556489,-4.767275194662724,4.6713807104640095,2.518937071623352,1.2215678365422902,1.5374122295716144,2.3257543215766767,0.3952847075210472
0.19491423625786924,-0.285062247796153,-0.3286985713976641,0.509496344550932,-0.44546835617313085,0.5520027358387153,-0.07755813806828213,0.010008714646709188,-0.2229574022488396,-0.12014567606486325,1.2215678365422902,-0.6504436355879909,-0.9168100402222058,0.3952847075210472
0.000887677145444725,-0.44780853858544745,-0.35991262817806385,1.149293412880224,0.7762586042133854,0.4349367756769421,-0.14745620658793035,0.010008714646709188,-0.2229574022488396,-0.12014567606486325,-0.6616825781270738,-0.6504436355879909,-1.8164810770218969,0.3952847075210472
-0.13613252857814512,-0.6001413119950267,-0.3774659611980062,-0.0038676846869998443,-0.3484217395788027,0.33490932040919147,-0.20718087729912113,0.010008714646709188,-0.2229574022488396,-0.12014567606486325,-0.6616825781270738,1.5374122295716144,-2.078885129421805,0.3952847075210472
-0.2211919019649618,-0.5969801088406248,-0.3772162867863705,-0.23317765189811387,-0.08355726595270095,0.20553341944854903,-0.28442899944873257,0.010008714646709188,-0.2229574022488396,-0.12014567606486325,1.2215678365422902,-0.6504436355879909,-1.3916364207553757,0.3952847075210472
-0.3087154832572384,-0.5870613133906621,-0.37640136532971685,-0.34296446416382786,-0.37454466717536683,0.07557249713052953,-0.36202642777468164,0.010008714646709188,-0.2229574022488396,-0.12014567606486325,-0.6616825781270738,-0.6504436355879909,-1.5040953003553372,0.3952847075210472
-0.423538922669485,-0.511165674984519,-0.3685831575189806,-0.87896732089926,0.2623291711385969,-0.19009887575269876,-0.5206542287156143,0.010008714646709188,-0.2229574022488396,-0.12014567606486325,-0.6616825781270738,1.5374122295716144,-0.8668283159555569,0.3952847075210472
-0.5407570199906595,-0.49995616360665024,-0.3671911654026479,-0.07273729537291103,-1.0679129840755166,-0.30316153161815307,-0.5881619931910945,0.010008714646709188,-0.2229574022488396,-0.12014567606486325,1.2215678365422902,-0.6504436355879909,1.1636792323770762,0.3952847075210472
-0.6561508505399071,-0.5239783230450556,-0.3700994326917228,0.7222160122659338,0.38319895745465593,-0.4226071276165791,-0.6594809012830002,0.010008714646709188,-0.2229574022488396,-0.12014567606486325,-0.6616825781270738,-0.6504436355879909,0.6763574207772439,0.3952847075210472
-0.7696232295369456,-0.5919642634159009,-0.37681016442701365,-0.18007639907232958,-0.30438584810462443,-0.5421087244800568,-0.7308332465268939,0.010008714646709188,-0.2229574022488396,-0.12014567606486325,-0.6616825781270738,-0.6504436355879909,0.264008195577387,0.3952847075210472
-0.7562454199585282,-0.5591932536307638,-0.37385584958479584,0.3116526352254794,0.01513367612236294,-0.5421087244800568,-0.4771738025881404,0.010008714646709188,-0.2229574022488396,-0.12014567606486325,1.2215678365422902,-0.6504436355879909,0.4077056528440038,0.3952847075210472
-0.7390660329970632,-0.5447214207347623,-0.37238507030649004,-0.2515225789997493,-0.9783785868412437,-0.5421087244800568,-0.5323257173557531,0.010008714646709188,-0.2229574022488396,-0.12014567606486325,-0.6616825781270738,-0.6504436355879909,0.5201645324439633,0.3952847075210472
-0.7317169585136786,-0.551302710105625,-0.3730665490951274,-0.4939346349166055,-0.5236528986871227,-0.5421087244800568,-0.6355950111223625,0.010008714646709188,-0.2229574022488396,-0.12014567606486325,-0.6616825781270738,1.5374122295716144,0.8575411712438483,0.3952847075210472
-0.7342087280384926,-0.545124209844904,-0.37242738302772344,-0.5618194039613228,-0.44231774647611477,-0.5556725473033959,-0.738931971517352,0.010008714646709188,-0.2229574022488396,-0.12014567606486325,1.2215678365422902,-0.6504436355879909,-0.1608364606891338,0.3952847075210472
-0.5065974597262832,0.09169254918342556,-0.20704557701955906,1.5874579113640022,1.2503132843220157,-0.5556725473033959,0.26260612024727664,0.010008714646709188,-0.2229574022488396,-0.12014567606486325,1.2215678365422902,-0.6504436355879909,0.43269651497732925,0.3952847075210472
-0.2955996871173746,0.21031374773670578,-0.15446369440169058,-0.12805510113973465,-1.758193226722587,-0.5556725473033959,0.1534571838886445,0.010008714646709188,-0.2229574022488396,-0.12014567606486325,-0.6616825781270738,-0.6504436355879909,0.057833582977457124,0.3952847075210472
-0.20577652465038648,0.10460751093950087,-0.20165243743394531,-0.6497386739504779,-0.7199670350508401,-0.5556725473033959,-0.3436526451252844,4.62804982697916,4.508236106706914,4.148238372135169,-0.6616825781270738,-0.6504436355879909,-0.24205676262243814,0.3952847075210472
0.21859512503743847,-0.004066599030525023,-0.24450466058342052,-0.5405606025989997,0.5470598604465818,0.10634508574720633,0.6403566225296236,0.010008714646709188,-0.2229574022488396,-0.12014567606486325,1.2215678365422902,-0.6504436355879909,0.7700731537772121,0.3952847075210472
0.3147766096733234,0.08710511443063955,-0.2089417259456731,-1.0010036881667204,-0.16527259390275015,0.10634508574720633,0.5752142429019651,0.010008714646709188,-0.2229574022488396,-0.12014567606486325,-0.6616825781270738,-0.6504436355879909,0.2827513421773805,0.3952847075210472
0.4246428662160018,0.1021323786774177,-0.2026923034437978,-1.9690539444781117,1.3856617938486415,0.10634508574720633,0.5105434186345976,0.010008714646709188,-0.2229574022488396,-0.12014567606486325,-0.6616825781270738,-0.6504436355879909,-0.12959788302247865,0.3952847075210472
0.6688710814518177,-0.6079817780400921,-0.3780642464873606,-0.06620269631951282,-0.3063580772217743,1.4357891643151446,0.4501355164237149,0.010008714646709188,-0.2229574022488396,-0.12014567606486325,-0.6616825781270738,1.5374122295716144,-0.24205676262243814,0.3952847075210472
0.5656801752725269,-0.545689222696816,-0.3724866043625069,-1.0001865200300433,0.40128243474376696,1.192658771398576,0.30496654638488496,0.010008714646709188,-0.2229574022488396,-0.12014567606486325,1.2215678365422902,-0.6504436355879909,0.4389442305106595,0.3952847075210472
0.2924362024133304,-0.05683211445785838,-0.26324106441225864,-1.7605562990476693,1.101193918214254,0.1578823188615108,-0.31288065088751743,0.010008714646709188,-0.2229574022488396,-0.12014567606486325,-0.6616825781270738,-0.6504436355879909,0.06408129851078903,0.3952847075210472
-0.018264443695753356,0.10221318184190645,-0.20265840299336696,-0.1835525573172081,-1.4760336527389175,-0.15432253020169368,-0.49929278898325263,0.010008714646709188,-0.2229574022488396,-0.12014567606486325,-0.6616825781270738,-0.6504436355879909,-0.11085473642248514,0.3952847075210472
-0.39089307358924663,0.08537973902955835,-0.20965223778527003,0.8730564207781127,0.6083667720590565,-0.5925961516012,-0.760978419687544,0.010008714646709188,-0.2229574022488396,-0.12014567606486325,-0.6616825781270738,-0.6504436355879909,-0.14834102962247217,0.3952847075210472
-0.7438868032487347,-0.3075820379960718,-0.3337851497646254,0.23890029420487394,-0.8382942025253998,-0.728844946811443,-0.8423302286178644,0.010008714646709188,-0.2229574022488396,-0.12014567606486325,-0.6616825781270738,-0.6504436355879909,-0.0639968699225005,-2.5298221281347035
-0.9067848303169532,-0.4577296059605444,-0.3613991698205402,1.4855908515392247,1.0553883011461103,-0.728844946811443,-0.8423302286178644,0.010008714646709188,-0.2229574022488396,-0.12014567606486325,1.2215678365422902,1.5374122295716144,1.4823127245769672,-2.5298221281347035
-1.0123286336882948,-0.685162383591474,-0.3823591048586024,1.7803919676939648,1.4730696628565265,-0.728844946811443,-0.8423302286178644,0.010008714646709188,-0.2229574022488396,-0.12014567606486325,1.2215678365422902,-0.6504436355879909,-0.7356262897556016,-2.5298221281347035
-1.037358494378689,-0.7610696737547553,-0.3837592765353673,-0.13180275107504824,-0.8857905995964451,-0.728844946811443,-0.8423302286178644,0.010008714646709188,-0.2229574022488396,-0.12014567606486325,-0.6616825781270738,-0.6504436355879909,-0.07336844322249754,-2.5298221281347035
-1.037358494378689,-0.7610696737547553,-0.3837592765353673,-0.13180275107504824,-0.8857905995964451,-0.728844946811443,-0.8423302286178644,0.010008714646709188,-0.2229574022488396,-0.12014567606486325,-0.6616825781270738,1.5374122295716144,-0.05462529662250402,-2.5298221281347035
0.44914123999811306,3.746992438927832,4.554729775067815,1.7803919676939652,1.4730696628565279,-0.728844946811443,3.9890767001626974,0.010008714646709188,-0.2229574022488396,-0.12014567606486325,-2.5449329927964377,1.5374122295716144,-1.4978475848220054,0.3952847075210472
1.7756129144354789,4.180111355884824,5.5492611521868564,-0.09995545375659722,-1.8320290856982469,-0.728844946811443,3.468955061584101,-5.0857607886166845,4.997669917978198,0.42464384194609545,1.2215678365422902,1.5374122295716144,0.4077056528440038,0.3952847075210472
2.729004309369534,3.2801508195491853,3.5848597142096574,-1.459244405281107,0.683748746008663,-0.728844946811443,2.256373178319012,5.105778217910103,4.997669917978198,0.6378303784673457,1.2215678365422902,-0.6504436355879909,-0.8855714625555504,0.3952847075210472
3.6345024890240984,0.9598889941948318,0.3359468390377127,0.10096408466113697,-1.3406059311612468,4.200189120499151,2.100711117444228,0.010008714646709188,-0.2229574022488396,-0.12014567606486325,-0.6616825781270738,-0.6504436355879909,-0.7981034450889144,0.3952847075210472
3.031345648804656,0.5020921282953095,0.003973291183211801,1.6703914718037147,1.334903581356065,4.0795879316283115,2.02870222475163,0.010008714646709188,-0.2229574022488396,-0.12014567606486325,-0.6616825781270738,1.5374122295716144,-0.23580904708910844,0.3952847075210472
2.1183665706545054,0.7673584664277747,0.1839217287170853,-1.965946037192127,1.387772182911599,1.5219813270281264,0.5015993722434869,0.010008714646709188,-0.2229574022488396,-0.12014567606486325,1.2215678365422902,-0.6504436355879909,1.8446802255101753,0.3952847075210472
1.502056178107724,1.0674886929852203,0.4287568092494409,-0.18023908846297101,-1.7805106747171742,1.1060386361063232,0.2532471555092431,0.010008714646709188,-0.2229574022488396,-0.12014567606486325,-0.6616825781270738,1.5374122295716144,1.957139105110137,0.3952847075210472
0.8568713291377636,0.9387796494952305,0.3183992375587225,1.5001024915078751,1.1523344199969825,0.6881576534687465,0.0037376181758002995,0.010008714646709188,-0.2229574022488396,-0.12014567606486325,1.2215678365422902,1.5374122295716144,2.3257543215766767,0.3952847075210472
0.21213549121968905,-0.2785380054534965,-0.32717888411958185,0.5094215267088785,-0.445563873974981,0.5700006338089354,-0.06681190317819423,0.010008714646709188,-0.2229574022488396,-0.12014567606486325,1.2215678365422902,-0.6504436355879909,-0.9168100402222058,0.3952847075210472
0.015445158025857832,-0.44349647092074823,-0.35925160725664007,1.1491801331731673,0.77615927880139,0.45130733252830135,-0.1376816290513019,0.010008714646709188,-0.2229574022488396,-0.12014567606486325,-0.6616825781270738,-0.6504436355879909,-1.8164810770218969,0.3952847075210472
-0.12346517775158104,-0.5979078089850852,-0.37729006081326505,-0.00396137039567363,-0.34846921225321986,0.3498871686238072,-0.19823786210208724,0.010008714646709188,-0.2229574022488396,-0.12014567606486325,-0.6616825781270738,1.5374122295716144,-2.078885129421805,0.3952847075210472
-0.2097065349450426,-0.5946953189436973,-0.3770328085180947,-0.23322135657674145,-0.0835533311283083,0.21870713753304924,-0.2765631992788416,0.010008714646709188,-0.2229574022488396,-0.12014567606486325,1.2215678365422902,-0.6504436355879909,-1.3916364207553757,0.3952847075210472
-0.2984514767852167,-0.5846303563859542,-0.37619434415094927,-0.3430597331159381,-0.37448342951597596,0.0869219800245761,-0.35524984701718076,0.010008714646709188,-0.2229574022488396,-0.12014567606486325,-0.6616825781270738,-0.6504436355879909,-1.5040953003553372,0.3952847075210472
-0.4148841498723164,-0.507657639621431,-0.3681540965191377,-0.8790744772981018,0.26237882550270497,-0.18248810195096749,-0.516109966763243,0.010008714646709188,-0.2229574022488396,-0.12014567606486325,-0.6616825781270738,1.5374122295716144,-0.8668283159555569,0.3952847075210472
-0.5337482113935936,-0.4962828909104905,-0.36672173534251545,-0.07275884087835344,-1.0679273200662356,-0.29714340723089055,-0.5845686747730049,0.010008714646709188,-0.2229574022488396,-0.12014567606486325,1.2215678365422902,-0.6504436355879909,1.1636792323770762,0.3952847075210472
-0.6507661944092387,-0.5206393206624206,-0.3697119751155257,0.722183922000887,0.38318056890216445,-0.41827440227758916,-0.6568939056080574,0.010008714646709188,-0.2229574022488396,-0.12014567606486325,-0.6616825781270738,-0.6504436355879909,0.6763574207772439,0.3952847075210472
-0.765838072922392,-0.5895776283868728,-0.37661263048853166,-0.1801246147113828,-0.3043789339082224,-0.5394660372292318,-0.7292553434859168,0.010008714646709188,-0.2229574022488396,-0.12014567606486325,-0.6616825781270738,-0.6504436355879909,0.264008195577387,0.3952847075210472
-0.7431934444165393,-0.5326635722325049,-0.37108189049067963,0.5677378004204314,0.22346688205865073,-0.5394660372292318,-0.44251061619981874,0.010008714646709188,-0.2229574022488396,-0.12014567606486325,1.2215678365422902,-0.6504436355879909,0.4077056528440038,0.3952847075210472
-0.725874796735563,-0.5215353222978159,-0.36981647899593534,-0.03226865565856208,-0.7718261451776571,-0.5394660372292318,-0.5282797751062605,0.010008714646709188,-0.2229574022488396,-0.12014567606486325,-0.6616825781270738,-0.6504436355879909,0.5201645324439633,0.3952847075210472
-0.718491253168715,-0.5284574313163172,-0.37061067849496543,-0.22496561474578783,-0.4131495305705556,-0.5394660372292318,-0.6328959843687495,0.010008714646709188,-0.2229574022488396,-0.12014567606486325,-0.6616825781270738,1.5374122295716144,0.8575411712438483,0.3952847075210472
-0.721053043023955,-0.5223407067851767,-0.36991008089198796,-0.2962091537814283,-0.3593634901328686,-0.553411012220336,-0.7375816478709489,0.010008714646709188,-0.2229574022488396,-0.12014567606486325,1.2215678365422902,-0.6504436355879909,-0.1608364606891338,0.3952847075210472
-0.4995886539854012,0.10306348846205875,-0.20230146990017547,1.58756572778233,1.2504358355177527,-0.553411012220336,0.27729077961247484,0.010008714646709188,-0.2229574022488396,-0.12014567606486325,1.2215678365422902,-0.6504436355879909,0.43269651497732925,0.3952847075210472
-0.28576068035664026,0.22326562320979898,-0.1483083357110584,-0.12804706596491153,-1.7582490695113349,-0.553411012220336,0.16670181787075605,4.46880703000218,4.34509150294982,1.9166080398771863,-0.6616825781270738,-0.6504436355879909,0.057833582977457124,0.3952847075210472
-0.19472386202541078,0.11613139708530276,-0.19677175755569662,-0.6498314994753748,-0.7198295994344919,-0.553411012220336,-0.33700900592671496,0.010008714646709188,-0.2229574022488396,-0.12014567606486325,-0.6616825781270738,-0.6504436355879909,-0.24205676262243814,0.3952847075210472
0.2356201582150666,0.006729808210508647,-0.2405042259155879,-0.5366617277260134,0.5466004367417787,0.11747191683453888,0.6611182866573251,0.010008714646709188,-0.2229574022488396,-0.12014567606486325,1.2215678365422902,-0.6504436355879909,0.7700731537772121,0.3952847075210472
0.33339765866145643,0.09936884560383326,-0.20384981593827847,-0.9992261659501064,-0.16854669501728362,0.11747191683453888,0.5950862572777099,0.010008714646709188,-0.2229574022488396,-0.12014567606486325,-0.6616825781270738,-0.6504436355879909,0.2827513421773805,0.3952847075210472
0.44503051556842715,0.11455036902163797,-0.19744518604878333,-1.969158460919281,1.3857825405295991,0.11747191683453888,0.5295298398791289,0.010008714646709188,-0.2229574022488396,-0.12014567606486325,-0.6616825781270738,-0.6504436355879909,-0.12959788302247865,0.3952847075210472
0.6927986609374723,-0.6058799602424283,-0.3779067933348699,-0.06637479303840825,-0.3063086830201168,1.4661854280911655,0.46828460199241123,0.010008714646709188,-0.2229574022488396,-0.12014567606486325,-0.6616825781270738,1.5374122295716144,-0.24205676262243814,0.3952847075210472
0.5881798818642545,-0.542697048516258,-0.37217121738873654,-1.0004271594445011,0.4014257079482936,1.2196580522684133,0.32108735196844834,0.010008714646709188,-0.2229574022488396,-0.12014567606486325,1.2215678365422902,-0.6504436355879909,0.4389442305106595,0.3952847075210472
0.3111168724885074,-0.046969340361597486,-0.2598417361536971,-1.7605891830322713,1.101234544424031,0.1703754261105328,-0.3054212317249469,0.010008714646709188,-0.2229574022488396,-0.12014567606486325,-0.6616825781270738,-0.6504436355879909,0.06408129851078903,0.3952847075210472
-0.0039378340789446705,0.11431835738480293,-0.1975439076588347,-0.18357519998400781,-1.4760204346974741,-0.14622499895786895,-0.4944578925459049,0.010008714646709188,-0.2229574022488396,-0.12014567606486325,-0.6616825781270738,-0.6504436355879909,-0.11085473642248514,0.3952847075210472
-0.381797606243867,0.09726739889582878,-0.20472752760589102,0.8729815919593105,0.608312114985421,-0.5906753492299294,-0.759831541674719,0.010008714646709188,-0.2229574022488396,-0.12014567606486325,-0.6616825781270738,-0.6504436355879909,-0.14834102962247217,0.3952847075210472
-0.7397512934418434,-0.3011926410738117,-0.3323670121088269,0.23888990103618965,-0.8383082285924005,-0.728844946811443,-0.8423302286178644,0.010008714646709188,-0.2229574022488396,-0.12014567606486325,-0.6616825781270738,-0.6504436355879909,-0.0639968699225005,-2.5298221281347035
-0.904944392063177,-0.4534542450456028,-0.36076442864492364,1.4855889398157422,1.0553853691938082,-0.728844946811443,-0.8423302286178644,0.010008714646709188,-0.2229574022488396,-0.12014567606486325,1.2215678365422902,1.5374122295716144,1.4823127245769672,-2.5298221281347035
-1.0119757688009936,-0.6840922610796949,-0.3823193480196427,1.7803919676939648,1.4730696628565256,-0.728844946811443,-0.8423302286178644,0.010008714646709188,-0.2229574022488396,-0.12014567606486325,1.2215678365422902,-0.6504436355879909,-0.7356262897556016,-2.5298221281347035
-1.037358494378689,-0.7610696737547553,-0.3837592765353673,-0.13180275107504824,-0.8857905995964451,-0.728844946811443,-0.8423302286178644,0.010008714646709188,-0.2229574022488396,-0.12014567606486325,-0.6616825781270738,-0.6504436355879909,-0.07336844322249754,-2.5298221281347035
-1.037358494378689,-0.7610696737547553,-0.3837592765353673,-0.13180275107504824,-0.8857905995964451,-0.728844946811443,-0.8423302286178644,0.010008714646709188,-0.2229574022488396,-0.12014567606486325,-0.6616825781270738,1.5374122295716144,-0.05462529662250402,-2.5298221281347035
0.47512279118846384,3.82578589165525,4.728871650390168,1.7803919676939648,1.473069662856524,-0.728844946811443,4.07352168426769,0.010008714646709188,-0.2229574022488396,-0.12014567606486325,-2.5449329927964377,1.5374122295716144,-1.4978475848220054,0.3952847075210472
1.8200818139489177,4.259224845648541,5.740769861031705,-0.09800078824822747,-1.8280647577542624,-0.728844946811443,3.529042460671591,0.010008714646709188,-0.2229574022488396,-0.12014567606486325,1.2215678365422902,1.5374122295716144,0.4077056528440038,0.3952847075210472
2.7869358907799366,3.3452053733979272,3.71365979846819,-1.4523195215184117,0.6783192206649856,-0.728844946811443,2.3001294556278826,0.010008714646709188,-0.2229574022488396,-0.12014567606486325,1.2215678365422902,-0.6504436355879909,-0.8855714625555504,0.3952847075210472
3.705253287056834,0.995214835318084,0.3657966708146172,0.11427685399692904,-1.3158045117278359,4.269969885239974,2.142376010197572,0.010008714646709188,-0.2229574022488396,-0.12014567606486325,-0.6616825781270738,-0.6504436355879909,-0.7981034450889144,0.3952847075210472
3.088634274213472,0.5191026205162581,0.01448648345487066,1.6703923572302695,1.3349057298265796,4.147736542903314,2.0693925867820315,-4.448789600708762,4.34509150294982,0.5856736032765326,-0.6616825781270738,1.5374122295716144,-0.23580904708910844,0.3952847075210472
2.1630047405065542,0.7890125024496816,0.20012093669001343,-1.9660551121759464,1.3878860363692234,1.5537541609651435,0.5205703841458711,0.010008714646709188,-0.2229574022488396,-0.12014567606486325,1.2215678365422902,-0.6504436355879909,1.8446802255101753,0.3952847075210472
1.5380095473053355,1.0934123778936713,0.45195838770819347,-0.1802117837755378,-1.780588482150054,1.1320467937626417,0.2687761784926874,0.010008714646709188,-0.2229574022488396,-0.12014567606486325,-0.6616825781270738,1.5374122295716144,1.957139105110137,0.3952847075210472
0.8837138185007781,0.9628515810429276,0.3384268836424322,1.5002453661001602,1.1524977432831105,0.7083437993611584,0.01579041821080284,0.010008714646709188,-0.2229574022488396,-0.12014567606486325,1.2215678365422902,1.5374122295716144,2.3257543215766767,0.3952847075210472
0.22986261001468666,-0.27182599990130796,-0.32559387233672266,0.5093444247401837,-0.4456622936067932,0.5885301811526797,-0.055748229604071574,0.010008714646709188,-0.2229574022488396,-0.12014567606486325,1.2215678365422902,-0.6504436355879909,-0.9168100402222058,0.3952847075210472
0.0304317065854603,-0.43905974729135533,-0.3585620446714963,1.14906333890837,0.7760568842165833,0.46816200941362535,-0.12761799178066507,0.010008714646709188,-0.2229574022488396,-0.12014567606486325,-0.6616825781270738,-0.6504436355879909,-1.8164810770218969,0.3952847075210472
-0.11042352333196463,-0.595609180718542,-0.37710649991967254,-0.004057960470982928,-0.3485181447357742,0.365308392271079,-0.18903011507071912,0.010008714646709188,-0.2229574022488396,-0.12014567606486325,-0.6616825781270738,1.5374122295716144,-2.078885129421805,0.3952847075210472
-0.19788137355248422,-0.5923436821021459,-0.37684131263345233,-0.2332664232766264,-0.0835492722827535,0.23227136445560778,-0.2684642330076996,0.010008714646709188,-0.2229574022488396,-0.12014567606486325,1.2215678365422902,-0.6504436355879909,-1.3916364207553757,0.3952847075210472
-0.28788349255882284,-0.5821280271837745,-0.3759782450708793,-0.34315799317121654,-0.3744202565346864,0.09860814632139832,-0.3482722383987703,0.010008714646709188,-0.2229574022488396,-0.12014567606486325,-0.6616825781270738,-0.6504436355879909,-1.5040953003553372,0.3952847075210472
-0.4059728041582017,-0.5040460898542065,-0.3677061265628219,-0.8791849940082879,0.2624300504738294,-0.1746512539776283,-0.5114307198168074,0.010008714646709188,-0.2229574022488396,-0.12014567606486325,-0.6616825781270738,1.5374122295716144,-0.8668283159555569,0.3952847075210472
-0.5265314144821903,-0.4925009849087962,-0.3662315709060057,-0.07278106566258438,-1.0679421063439443,-0.2909463752661233,-0.5808685337218131,0.010008714646709188,-0.2229574022488396,-0.12014567606486325,1.2215678365422902,-0.6504436355879909,1.1636792323770762,0.3952847075210472
-0.6452216082835396,-0.5172014568103457,-0.3693073841570601,0.7221508152752236,0.3831615992721649,-0.41381277115879267,-0.6542299425122089,0.010008714646709188,-0.2229574022488396,-0.12014567606486325,-0.6616825781270738,-0.6504436355879909,0.6763574207772439,0.3952847075210472
-0.7619403895628672,-0.587120170941524,-0.37640634204911533,-0.18017436033304055,-0.30437179673258347,-0.5367447037972712,-0.727630482164751,0.010008714646709188,-0.2229574022488396,-0.12014567606486325,-0.6616825781270738,-0.6504436355879909,0.264008195577387,0.3952847075210472
-0.7333446561956346,-0.5143085336647988,-0.36896247498786866,0.697816445199133,0.3381132185850628,-0.5367447037972712,-0.4184891463143154,0.010008714646709188,-0.2229574022488396,-0.12014567606486325,1.2215678365422902,-0.6504436355879909,0.4077056528440038,0.3952847075210472
-0.7158867684080448,-0.5049527952536479,-0.3678191885921087,0.10260859044555558,-0.6266923612386723,-0.5367447037972712,-0.5241270772195018,0.010008714646709188,-0.2229574022488396,-0.12014567606486325,-0.6616825781270738,-0.6504436355879909,0.5201645324439633,0.3952847075210472
-0.7084705183730005,-0.5120510694674747,-0.36869050313286383,-0.06280402905582101,-0.3188493410803312,-0.5367447037972712,-0.6301257190291871,0.010008714646709188,-0.2229574022488396,-0.12014567606486325,-0.6616825781270738,1.5374122295716144,0.8575411712438483,0.3952847075210472
-0.7111058074571165,-0.5059080948810859,-0.3679378778502974,-0.13542637274213618,-0.28054694643634054,-0.551089768165898,-0.7361956730261374,0.010008714646709188,-0.2229574022488396,-0.12014567606486325,1.2215678365422902,-0.6504436355879909,-0.1608364606891338,0.3952847075210472
-0.49238826922118256,0.11475421335125777,-0.19735842811777826,1.5876820653647892,1.250568058999407,-0.551089768165898,0.2923844618279262,0.010008714646709188,-0.2229574022488396,-0.12014567606486325,1.2215678365422902,-0.6504436355879909,0.43269651497732925,0.3952847075210472
-0.2756493461540395,0.23658142819978104,-0.14189502310923716,-0.12803803076415543,-1.7583085910713248,-0.551089768165898,0.18031565521195406,4.787292623956142,4.6713807104640095,2.0330397269624387,-0.6616825781270738,-0.6504436355879909,0.057833582977457124,0.3952847075210472
-0.18336371725233006,0.1279777905270564,-0.19168721039497452,-0.6499292240436602,-0.7196843779623455,-0.551089768165898,-0.3301798686590712,0.010008714646709188,-0.2229574022488396,-0.12014567606486325,-0.6616825781270738,-0.6504436355879909,-0.24205676262243814,0.3952847075210472
0.2531297200163927,0.017850390389004392,-0.2363244460412416,-0.5326453495573281,0.5461342705841683,0.12890942187931045,0.6824910367104581,0.010008714646709188,-0.2229574022488396,-0.12014567606486325,1.2215678365422902,-0.6504436355879909,0.7700731537772121,0.3952847075210472
0.35255755776434805,0.11200530582963542,-0.19852668712705512,-0.9973972026591618,-0.1719167049688771,0.12890942187931045,0.615543849683807,0.010008714646709188,-0.2229574022488396,-0.12014567606486325,-0.6616825781270738,-0.6504436355879909,0.2827513421773805,0.3952847075210472
0.46601575356473357,0.12734367463408378,-0.19196110468958133,-1.969266001445872,1.385906784196537,0.12890942187931045,0.549076375876821,0.010008714646709188,-0.2229574022488396,-0.12014567606486325,-0.6616825781270738,-0.6504436355879909,-0.12959788302247865,0.3952847075210472
0.7174315867154308,-0.6037175421208963,-0.3777425596803563,-0.0665522013388732,-0.3062577265384854,1.4974789391960786,0.486969418487393,0.010008714646709188,-0.2229574022488396,-0.12014567606486325,-0.6616825781270738,1.5374122295716144,-0.24205676262243814,0.3952847075210472
0.6113434257234576,-0.5396175292362716,-0.37184208022349174,-1.0006752026817107,0.4015734491427671,1.2474548334461675,0.3376843312500721,0.010008714646709188,-0.2229574022488396,-0.12014567606486325,1.2215678365422902,-0.6504436355879909,0.4389442305106595,0.3952847075210472
0.3303491948585768,-0.03681624388652117,-0.25629296054277967,-1.7606230888261114,1.1012764347128894,0.1832385918105143,-0.2977408570350335,0.010008714646709188,-0.2229574022488396,-0.12014567606486325,-0.6616825781270738,-0.6504436355879909,0.06408129851078903,0.3952847075210472
0.010812175878342656,0.12678032423350824,-0.19220426924709483,-0.1835985545905148,-1.476006794673529,-0.13788751521783038,-0.4894797246059048,0.010008714646709188,-0.2229574022488396,-0.12014567606486325,-0.6616825781270738,-0.6504436355879909,-0.11085473642248514,0.3952847075210472
-0.37243311019189035,0.10950601212201388,-0.1995856752482285,0.8729044038234556,0.6082557377486811,-0.5886976138004377,-0.7586506699134205,0.010008714646709188,-0.2229574022488396,-0.12014567606486325,-0.6616825781270738,-0.6504436355879909,-0.14834102962247217,0.3952847075210472
-0.7354932613365537,-0.29461397737488904,-0.33088613504225584,0.23887918007279724,-0.8383226968880174,-0.728844946811443,-0.8423302286178644,0.010008714646709188,-0.2229574022488396,-0.12014567606486325,-0.6616825781270738,-0.6504436355879909,-0.0639968699225005,-2.5298221281347035
-0.9030494138477321,-0.4490521940393643,-0.36010159604784964,1.4855869677287872,1.0553823446622255,-0.728844946811443,-0.8423302286178644,0.010008714646709188,-0.2229574022488396,-0.12014567606486325,1.2215678365422902,1.5374122295716144,1.4823127245769672,-2.5298221281347035
-1.0116124449109998,-0.6829904198715844,-0.38227783122969444,1.7803919676975284,1.473069663075868,-0.728844946811443,-0.8423302286178644,0.010008714646709188,-0.2229574022488396,-0.12014567606486325,1.2215678365422902,-0.6504436355879909,-0.7356262897556016,-2.5298221281347035
-1.037358494378689,-0.7610696737547553,-0.3837592765353673,-0.13180275107504824,-0.8857905995964451,-0.728844946811443,-0.8423302286178644,0.010008714646709188,-0.2229574022488396,-0.12014567606486325,-0.6616825781270738,-0.6504436355879909,-0.07336844322249754,-2.5298221281347035
-1.037358494378689,-0.7610696737547553,-0.3837592765353673,-0.13180275107504824,-0.8857905995964451,-0.728844946811443,-0.8423302286178644,0.010008714646709188,-0.2229574022488396,-0.12014567606486325,-0.6616825781270738,1.5374122295716144,-0.05462529662250402,-2.5298221281347035
0.5474594042688044,4.04515891759392,5.2296041180163915,1.7803919676939648,1.4730696628565232,-0.728844946811443,4.308629438112932,0.010008714646709188,-0.2229574022488396,-0.12014567606486325,-2.5449329927964377,1.5374122295716144,-1.4978475848220054,0.3952847075210472
1.9571528025302107,4.49995898864929,6.342221917150969,-0.09816592180031306,-1.8283996405280893,-0.728844946811443,3.7394414961323723,0.010008714646709188,-0.2229574022488396,-0.12014567606486325,1.2215678365422902,1.5374122295716144,0.4077056528440038,0.3952847075210472
2.9711876122264624,3.5421008762678117,4.116022277419895,-1.4542150066606105,0.6808352574728372,-0.728844946811443,2.453475813113509,0.010008714646709188,-0.2229574022488396,-0.12014567606486325,1.2215678365422902,-0.6504436355879909,-0.8855714625555504,0.3952847075210472
3.9344380758878534,1.0763409288045804,0.4366427965304109,0.1138664582331896,-1.3165865973551174,4.5145607909571,2.28841702727438,3.831835842094255,3.6925130879214394,0.44251783343424445,-0.6616825781270738,-0.6504436355879909,-0.7981034450889144,0.3952847075210472
3.2893676755932932,0.5785284826048464,0.05231793830894874,1.670395183770896,1.3349129062064016,4.386623574415834,2.212027918812307,-5.0857607886166845,4.997669917978198,0.6488351920796277,-0.6616825781270738,1.5374122295716144,-0.23580904708910844,0.3952847075210472
2.319458866910561,0.8649170173234213,0.2587039670029691,-1.9664373605903342,1.3882851294269443,1.665100477947379,0.5870533522356524,0.010008714646709188,-0.2229574022488396,-0.12014567606486325,1.2215678365422902,-0.6504436355879909,1.8446802255101753,0.3952847075210472
1.6640313820626684,1.1842868646506182,0.5358698777361671,-0.18011575775269031,-1.780861873687807,1.223216096137309,0.32321179868037314,0.010008714646709188,-0.2229574022488396,-0.12014567606486325,-0.6616825781270738,1.5374122295716144,1.957139105110137,0.3952847075210472
0.977806205368637,1.04722833304525,0.4108512611382623,1.5007477632470914,1.1530720243992223,0.7791283519195376,0.05805465538120663,0.010008714646709188,-0.2229574022488396,-0.12014567606486325,1.2215678365422902,1.5374122295716144,2.3257543215766767,0.3952847075210472
0.29200738895384254,-0.24832754860832681,-0.3198723036023138,0.5090733533165065,-0.4460081997765818,0.6535120062409039,-0.016948701062454847,0.010008714646709188,-0.2229574022488396,-0.12014567606486325,1.2215678365422902,-0.6504436355879909,-0.9168100402222058,0.3952847075210472
0.08298077641919874,-0.4235224606169275,-0.3560718005838607,1.148652274966383,0.7756966013579704,0.5272745636525175,-0.0923229037734279,0.010008714646709188,-0.2229574022488396,-0.12014567606486325,-0.6616825781270738,-0.6504436355879909,-1.8164810770218969,0.3952847075210472
-0.06468641433768672,-0.587554940378876,-0.376443051968459,-0.004397896389647985,-0.3486902598117356,0.41939712640463495,-0.1567346635202958,0.010008714646709188,-0.2229574022488396,-0.12014567606486325,-0.6616825781270738,1.5374122295716144,-2.078885129421805,0.3952847075210472
-0.15640713511043142,-0.5841018743024934,-0.37614895836376355,-0.2334250888142226,-0.08353496994000309,0.27985119430050315,-0.2400551361015121,0.010008714646709188,-0.2229574022488396,-0.12014567606486325,1.2215678365422902,-0.6504436355879909,-1.3916364207553757,0.3952847075210472
-0.2508159673390134,-0.5733560725377759,-0.3751966737845075,-0.3435041169660828,-0.37419762560473496,0.13960224831382587,-0.3237953661635924,0.010008714646709188,-0.2229574022488396,-0.12014567606486325,-0.6616825781270738,-0.6504436355879909,-1.5040953003553372,0.3952847075210472
-0.3747139318074916,-0.4913815403932847,-0.36608514887422067,-0.8795742467073012,0.26261057463513343,-0.14715781120719393,-0.49501485867362616,0.010008714646709188,-0.2229574022488396,-0.12014567606486325,-0.6616825781270738,1.5374122295716144,-0.8668283159555569,0.3952847075210472
-0.501214910572215,-0.4792370832781933,-0.3644575242389087,-0.07285936996197356,-1.0679941870044984,-0.26920462662961936,-0.5678869100813352,0.010008714646709188,-0.2229574022488396,-0.12014567606486325,1.2215678365422902,-0.6504436355879909,1.1636792323770762,0.3952847075210472
-0.6257700904736295,-0.5051432578333495,-0.3678428876268895,0.722034121453843,0.38309474817157535,-0.3981586999085269,-0.6448831661875585,0.010008714646709188,-0.2229574022488396,-0.12014567606486325,-0.6616825781270738,-0.6504436355879909,0.6763574207772439,0.3952847075210472
-0.7482656968957248,-0.5784994303437511,-0.37565947641103575,-0.18034971719705425,-0.30434661554779324,-0.5271964606363397,-0.721929390628127,0.010008714646709188,-0.2229574022488396,-0.12014567606486325,-0.6616825781270738,-0.6504436355879909,0.264008195577387,0.3952847075210472
-0.7187973257347655,-0.503551974225084,-0.36764434439690413,0.686459307841865,0.3279372294867044,-0.5271964606363397,-0.3992370463307055,0.010008714646709188,-0.2229574022488396,-0.12014567606486325,1.2215678365422902,-0.6504436355879909,0.4077056528440038,0.3952847075210472
-0.7008817733435828,-0.49390700244961566,-0.366414613482879,0.10158777453280723,-0.6195531958705676,-0.5271964606363397,-0.5096579565511286,0.010008714646709188,-0.2229574022488396,-0.12014567606486325,-0.6616825781270738,-0.6504436355879909,0.5201645324439633,0.3952847075210472
-0.6933714500119839,-0.5010887929616255,-0.36733458831090576,-0.05901245232906191,-0.3209129833967229,-0.5271964606363397,-0.6204731865942036,0.010008714646709188,-0.2229574022488396,-0.12014567606486325,-0.6616825781270738,1.5374122295716144,0.8575411712438483,0.3952847075210472
-0.6962749715779132,-0.4943234910505048,-0.366468649652387,-0.1355920136742051,-0.28060695843587935,-0.5430016351084734,-0.7313663880840189,0.010008714646709188,-0.2229574022488396,-0.12014567606486325,1.2215678365422902,-0.6504436355879909,-0.1608364606891338,0.3952847075210472
-0.46725627590284224,0.15561829900010699,-0.17955850458727352,1.5881182976321775,1.2510637992348792,-0.5430016351084734,0.3451172831833261,0.010008714646709188,-0.2229574022488396,-0.12014567606486325,1.2215678365422902,-0.6504436355879909,0.43269651497732925,0.3952847075210472
-0.24033459798786025,0.28312395189045475,-0.11880167222097464,-0.12800228286551296,-1.7585280218174864,-0.5430016351084734,0.22788066630545945,0.010008714646709188,-0.2229574022488396,-0.12014567606486325,-0.6616825781270738,-0.6504436355879909,0.057833582977457124,0.3952847075210472
-0.14367691090572926,0.16937560791396225,-0.17338337566197048,-0.6502832977501709,-0.7191553844683505,-0.5430016351084734,-0.3063173153963576,0.010008714646709188,-0.2229574022488396,-0.12014567606486325,-0.6616825781270738,-0.6504436355879909,-0.24205676262243814,0.3952847075210472
0.3143862269157392,0.05689219810742217,-0.22117429232445335,-0.5185378182850303,0.5445538996853204,0.1688746565241816,0.7574259518738631,0.010008714646709188,-0.2229574022488396,-0.12014567606486325,1.2215678365422902,-0.6504436355879909,0.7700731537772121,0.3952847075210472
0.4196595489384605,0.15640505449208691,-0.17920783996456105,-0.9909899639505216,-0.18373179343765525,0.1688746565241816,0.6872756069784877,0.010008714646709188,-0.2229574022488396,-0.12014567606486325,-0.6616825781270738,-0.6504436355879909,0.2827513421773805,0.3952847075210472
0.5395719408404402,0.17227740554209742,-0.1720691227083975,-1.9696427406009944,1.386342064700843,0.1688746565241816,0.6176187521482837,0.010008714646709188,-0.2229574022488396,-0.12014567606486325,-0.6616825781270738,-0.6504436355879909,-0.12959788302247865,0.3952847075210472
0.8038056911722087,-0.5961461044184008,-0.3771496067386802,-0.06717637599981345,-0.30607812745864416,1.6072178651382367,0.5524926410721449,0.010008714646709188,-0.2229574022488396,-0.12014567606486325,-0.6616825781270738,1.5374122295716144,-0.24205676262243814,0.3952847075210472
0.6925699235416946,-0.5288262986111348,-0.37065234648458073,-1.0015477159347355,0.402093626014183,1.3449358136438858,0.3958885455563205,0.010008714646709188,-0.2229574022488396,-0.12014567606486325,1.2215678365422902,-0.6504436355879909,0.4389442305106595,0.3952847075210472
0.3977942520582035,-0.001218300360145326,-0.24345477070347127,-1.760742431917467,1.1014238950187103,0.2283570486859338,-0.27080140353530746,0.010008714646709188,-0.2229574022488396,-0.12014567606486325,-0.6616825781270738,-0.6504436355879909,0.06408129851078903,0.3952847075210472
0.06254103264195097,0.1704771689403346,-0.17288494963234832,-0.18368082771327246,-1.475958689261072,-0.1086424328107222,-0.4720179896051414,0.010008714646709188,-0.2229574022488396,-0.12014567606486325,-0.6616825781270738,-0.6504436355879909,-0.11085473642248514,0.3952847075210472
-0.3395896259072609,0.1524243257092969,-0.18097900009994466,0.8726324298664575,0.6080571165978086,-0.5817602687054511,-0.7545085006430046,0.010008714646709188,-0.2229574022488396,-0.12014567606486325,-0.6616825781270738,-0.6504436355879909,-0.14834102962247217,0.3952847075210472
-0.7205577178197474,-0.27153880080869924,-0.3255255630039559,0.23884140445732985,-0.8383736751193323,-0.728844946811443,-0.8423302286178644,0.010008714646709188,-0.2229574022488396,-0.12014567606486325,-0.6616825781270738,-0.6504436355879909,-0.0639968699225005,-2.5298221281347035
-0.8964024477705594,-0.43361128958535816,-0.3577021488027869,1.4855800184342531,1.0553716867142071,-0.728844946811443,-0.8423302286178644,0.010008714646709188,-0.2229574022488396,-0.12014567606486325,1.2215678365422902,1.5374122295716144,1.4823127245769672,-2.5298221281347035
-1.0103380058892024,-0.6791254677721428,-0.38212753707684655,1.780391967687799,1.473069662878258,-0.728844946811443,-0.8423302286178644,0.010008714646709188,-0.2229574022488396,-0.12014567606486325,1.2215678365422902,-0.6504436355879909,-0.7356262897556016,-2.5298221281347035
-1.037358494378689,-0.7610696737547553,-0.3837592765353673,-0.13180275107504824,-0.8857905995964451,-0.728844946811443,-0.8423302286178644,0.010008714646709188,-0.2229574022488396,-0.12014567606486325,-0.6616825781270738,-0.6504436355879909,-0.07336844322249754,-2.5298221281347035
-1.037358494378689,-0.7610696737547553,-0.3837592765353673,-0.13180275107504824,-0.8857905995964451,-0.728844946811443,-0.8423302286178644,0.010008714646709188,-0.2229574022488396,-0.12014567606486325,-0.6616825781270738,1.5374122295716144,-0.05462529662250402,-2.5298221281347035
0.5362022893019607,4.011019810598783,5.150142807276572,1.7803919676939657,1.4730696628565232,-0.728844946811443,4.272041672914518,0.010008714646709188,-0.2229574022488396,-0.12014567606486325,-2.5449329927964377,1.5374122295716144,-1.4978475848220054,0.3952847075210472
1.9358190682228709,4.462491657691547,6.2467625565045175,-0.09814020494826016,-1.8283474876379366,-0.728844946811443,3.7066905662973406,0.010008714646709188,-0.2229574022488396,-0.12014567606486325,1.2215678365422902,1.5374122295716144,0.4077056528440038,0.3952847075210472
2.942505475505701,3.511456452235621,4.052161354955052,-1.4539193007967188,0.6804426219007376,-0.728844946811443,2.4295921073081006,0.010008714646709188,-0.2229574022488396,-0.12014567606486325,1.2215678365422902,-0.6504436355879909,-0.8855714625555504,0.3952847075210472
3.8987568443636595,1.063734634335818,0.42542401768290045,0.11393033487441544,-1.3164648852927605,4.4764615683395474,2.2656686376538024,0.010008714646709188,-0.2229574022488396,-0.12014567606486325,-0.6616825781270738,-0.6504436355879909,-0.7981034450889144,0.3952847075210472
3.2581073589792644,0.5692924332900733,0.046325475409335376,1.6703947716676943,1.3349118241521973,4.349411061207719,2.189808968107809,0.010008714646709188,-0.2229574022488396,-0.12014567606486325,-0.6616825781270738,1.5374122295716144,-0.23580904708910844,0.3952847075210472
2.295089352175544,0.8530931464834499,0.2493941951033341,-1.9663777979516228,1.3882229319145378,1.647758639882195,0.5766988394151724,0.010008714646709188,-0.2229574022488396,-0.12014567606486325,1.2215678365422902,-0.6504436355879909,1.8446802255101753,0.3952847075210472
1.6444012753203656,1.1701307232338167,0.5225344984543562,-0.18013075622988114,-1.7808191978490415,1.2090141654542306,0.3147320704773555,0.010008714646709188,-0.2229574022488396,-0.12014567606486325,-0.6616825781270738,1.5374122295716144,1.957139105110137,0.3952847075210472
0.9631490960419261,1.0340850625960556,0.399342287683961,1.500669302508196,1.1529823390279879,0.7680993920908803,0.05146945342550045,0.010008714646709188,-0.2229574022488396,-0.12014567606486325,1.2215678365422902,1.5374122295716144,2.3257543215766767,0.3952847075210472
0.28232635642294185,-0.25198492351710455,-0.32078046097924845,0.5091156883074363,-0.44595418653828567,0.6433865182739061,-0.022994455530568704,0.010008714646709188,-0.2229574022488396,-0.12014567606486325,1.2215678365422902,-0.6504436355879909,-0.9168100402222058,0.3952847075210472
0.07479336401478334,-0.425941202792893,-0.35646717596131716,1.1487165082475244,0.7757528892054913,0.5180631720669497,-0.09782286703618664,0.010008714646709188,-0.2229574022488396,-0.12014567606486325,-0.6616825781270738,-0.6504436355879909,-1.8164810770218969,0.3952847075210472
-0.07181328243845192,-0.5888092392824628,-0.3765484443349673,-0.004344779334639925,-0.34866337586895985,0.410968215612744,-0.1617674209782574,0.010008714646709188,-0.2229574022488396,-0.12014567606486325,-0.6616825781270738,1.5374122295716144,-2.078885129421805,0.3952847075210472
-0.1628701025591933,-0.5853855734206733,-0.3762589662407928,-0.23340028817793765,-0.08353720749963366,0.2724361444769242,-0.2444825346375929,0.010008714646709188,-0.2229574022488396,-0.12014567606486325,1.2215678365422902,-0.6504436355879909,-1.3916364207553757,0.3952847075210472
-0.25659249926090105,-0.5747225542204947,-0.3753208848347086,-0.3434499940442657,-0.37423244838514425,0.13321333781655464,-0.3276100745817102,0.010008714646709188,-0.2229574022488396,-0.12014567606486325,-0.6616825781270738,-0.6504436355879909,-1.5040953003553372,0.3952847075210472
-0.37958546794760534,-0.49335484082058956,-0.3663428448176844,-0.8795133993718113,0.26258235082371084,-0.15144290350317474,-0.497573413478999,0.010008714646709188,-0.2229574022488396,-0.12014567606486325,-0.6616825781270738,1.5374122295716144,-0.8668283159555569,0.3952847075210472
-0.5051605357588828,-0.4813039743646458,-0.3647395947477129,-0.07284713077257453,-1.0679860504758902,-0.2725933874406848,-0.5699102807950869,0.010008714646709188,-0.2229574022488396,-0.12014567606486325,1.2215678365422902,-0.6504436355879909,1.1636792323770762,0.3952847075210472
-0.6288017631335496,-0.5070223618879512,-0.3680757573065667,0.7220523787806614,0.3831052044002301,-0.4005986948491073,-0.6463400451411724,0.010008714646709188,-0.2229574022488396,-0.12014567606486325,-0.6616825781270738,-0.6504436355879909,0.6763574207772439,0.3952847075210472
-0.7503970930438661,-0.5798429877146618,-0.37577825264690845,-0.18032228900952416,-0.30435054859642036,-0.5286847609542984,-0.7228180291141457,0.010008714646709188,-0.2229574022488396,-0.12014567606486325,-0.6616825781270738,-0.6504436355879909,0.264008195577387,0.3952847075210472
-0.7210613506280643,-0.5052194240450781,-0.3678523599640718,0.6882390672406392,0.3295290970690299,-0.5286847609542984,-0.40222666978916843,0.010008714646709188,-0.2229574022488396,-0.12014567606486325,1.2215678365422902,-0.6504436355879909,0.4077056528440038,0.3952847075210472
-0.7032145945124518,-0.49561834410185596,-0.3666361083224168,0.1017484822512474,-0.6206722440208832,-0.5286847609542984,-0.5119049282482955,0.010008714646709188,-0.2229574022488396,-0.12014567606486325,-0.6616825781270738,-0.6504436355879909,0.5201645324439633,0.3952847075210472
-0.6957172314019763,-0.5027887618093356,-0.3675486822973507,-0.05960584607588011,-0.32059079594830414,-0.5286847609542984,-0.6219721887320259,0.010008714646709188,-0.2229574022488396,-0.12014567606486325,-0.6616825781270738,1.5374122295716144,0.8575411712438483,0.3952847075210472
-0.6985780909422782,-0.496122410972523,-0.36670107712022176,-0.13556628543544855,-0.28059763903126045,-0.5442577068229715,-0.7321163668707152,0.010008714646709188,-0.2229574022488396,-0.12014567606486325,1.2215678365422902,-0.6504436355879909,-0.1608364606891338,0.3952847075210472
-0.4711613092961308,0.14926589228675188,-0.18237881396639988,1.5880504325454827,1.250986674409635,-0.5442577068229715,0.33692113438235866,0.010008714646709188,-0.2229574022488396,-0.12014567606486325,1.2215678365422902,-0.6504436355879909,0.43269651497732925,0.3952847075210472
-0.24582298367176564,0.2758888589560718,-0.12246067096713044,-0.12800784510653404,-1.758493885659287,-0.5442577068229715,0.22048749844647897,0.010008714646709188,-0.2229574022488396,-0.12014567606486325,-0.6616825781270738,-0.6504436355879909,0.057833582977457124,0.3952847075210472
-0.14984534114767692,0.16294073737602863,-0.1762831926399168,-0.6502281902169682,-0.7192377269602505,-0.5442577068229715,-0.31002659171964775,0.010008714646709188,-0.2229574022488396,-0.12014567606486325,-0.6616825781270738,-0.6504436355879909,-0.24205676262243814,0.3952847075210472
0.3048565927648605,0.050804244837535636,-0.22358547144149127,-0.5207393514884017,0.5447946820775886,0.16266232471748462,0.7457514209469237,0.010008714646709188,-0.2229574022488396,-0.12014567606486325,1.2215678365422902,-0.6504436355879909,0.7700731537772121,0.3952847075210472
0.409213072461716,0.14947789627352764,-0.1822850058502062,-0.9919881047695907,-0.18189025547285168,0.16266232471748462,0.6760995461981629,0.010008714646709188,-0.2229574022488396,-0.12014567606486325,-0.6616825781270738,-0.6504436355879909,0.2827513421773805,0.3952847075210472
0.5281142905528318,0.1652687176443121,-0.17523643241636777,-1.9695840498273767,1.3862742512225652,0.16266232471748462,0.6069390770380447,0.010008714646709188,-0.2229574022488396,-0.12014567606486325,-0.6616825781270738,-0.6504436355879909,-0.12959788302247865,0.3952847075210472
0.7903480817314598,-0.5973246414551031,-0.3772437340741966,-0.06707886426345504,-0.30610622613545224,1.5901188556765622,0.5422831170284469,4.46880703000218,4.34509150294982,1.3641314423298274,-0.6616825781270738,1.5374122295716144,-0.24205676262243814,0.3952847075210472
0.679913854263774,-0.5305069174424162,-0.3708413555533825,-1.0014114118780424,0.4020123138295446,1.3297463403070935,0.3868191726437736,0.010008714646709188,-0.2229574022488396,-0.12014567606486325,1.2215678365422902,-0.6504436355879909,0.4389442305106595,0.3952847075210472
0.38728508372932774,-0.00676432530163244,-0.24549541335749525,-1.760723785589061,1.1014008550176289,0.22132582213800478,-0.2749996278043021,0.010008714646709188,-0.2229574022488396,-0.12014567606486325,-0.6616825781270738,-0.6504436355879909,0.06408129851078903,0.3952847075210472
0.05448046055238052,0.16366897863760607,-0.1759560270936358,-0.1836679650988969,-1.4759662192067466,-0.11320004461659568,-0.4747392611161141,0.010008714646709188,-0.2229574022488396,-0.12014567606486325,-0.6616825781270738,-0.6504436355879909,-0.11085473642248514,0.3952847075210472
-0.3447076031747228,0.14573695320872038,-0.18393710074707834,0.872674961409746,0.6080881749187091,-0.5828414103786078,-0.7551540317149347,0.010008714646709188,-0.2229574022488396,-0.12014567606486325,-0.6616825781270738,-0.6504436355879909,-0.14834102962247217,0.3952847075210472
-0.7228852821445213,-0.27513482440878606,-0.3263779736383287,0.23884731098215436,-0.8383657044208067,-0.728844946811443,-0.8423302286178644,0.010008714646709188,-0.2229574022488396,-0.12014567606486325,-0.6616825781270738,-0.6504436355879909,-0.0639968699225005,-2.5298221281347035
-0.8974383263912095,-0.43601763016562456,-0.3580837053098983,1.485581105109153,1.0553733533213847,-0.728844946811443,-0.8423302286178644,0.010008714646709188,-0.2229574022488396,-0.12014567606486325,1.2215678365422902,1.5374122295716144,1.4823127245769672,-2.5298221281347035
-1.0105366192084928,-0.6797277962886535,-0.3821514370223118,1.7803919676939641,1.473069663250274,-0.728844946811443,-0.8423302286178644,0.010008714646709188,-0.2229574022488396,-0.12014567606486325,1.2215678365422902,-0.6504436355879909,-0.7356262897556016,-2.5298221281347035
-1.037358494378689,-0.7610696737547553,-0.3837592765353673,-0.13180275107504824,-0.8857905995964451,-0.728844946811443,-0.8423302286178644,0.010008714646709188,-0.2229574022488396,-0.12014567606486325,-0.6616825781270738,-0.6504436355879909,-0.07336844322249754,-2.5298221281347035
-1.037358494378689,-0.7610696737547553,-0.3837592765353673,-0.13180275107504824,-0.8857905995964451,-0.728844946811443,-0.8423302286178644,0.010008714646709188,-0.2229574022488396,-0.12014567606486325,-0.6616825781270738,1.5374122295716144,-0.05462529662250402,-2.5298221281347035
0.562660861425229,4.091259910066125,5.337806516566329,1.7803919676939652,1.4730696628565265,-0.728844946811443,4.358037065800059,0.010008714646709188,-0.2229574022488396,-0.12014567606486325,-2.5449329927964377,1.5374122295716144,-1.4978475848220054,0.3952847075210472
1.9859631022237065,4.550556706582833,6.472217712404377,-0.09820066076568966,-1.8284700901705713,-0.728844946811443,3.7836728233272288,0.010008714646709188,-0.2229574022488396,-0.12014567606486325,1.2215678365422902,1.5374122295716144,0.4077056528440038,0.3952847075210472
3.009924669664102,3.5834846351613066,4.20298759985253,-1.4546147574108903,0.6813661136507715,-0.728844946811443,2.4857396642506835,0.010008714646709188,-0.2229574022488396,-0.12014567606486325,1.2215678365422902,-0.6504436355879909,-0.8855714625555504,0.3952847075210472
3.9826304712553062,1.093353329611829,0.45190516863662733,0.11378019393150243,-1.316750957521089,4.566030450224417,2.319148674331973,0.010008714646709188,-0.2229574022488396,-0.12014567606486325,-0.6616825781270738,-0.6504436355879909,-0.7981034450889144,0.3952847075210472
3.331594081866511,0.5909937262330355,0.060471277982660054,1.67039572374184,1.3349143467606195,4.436896383051892,2.242044946972008,0.010008714646709188,-0.2229574022488396,-0.12014567606486325,-0.6616825781270738,1.5374122295716144,-0.23580904708910844,0.3952847075210472
2.3523800282827807,0.8808905798142763,0.271388985217381,-1.9665178385823798,1.3883691734386665,1.6885268965055094,0.6010408632703147,0.010008714646709188,-0.2229574022488396,-0.12014567606486325,1.2215678365422902,-0.6504436355879909,1.8446802255101753,0.3952847075210472
1.6905504545222771,1.2034114399742581,0.5540402923676457,-0.1800954748504729,-1.7809195730904168,1.2424024546932493,0.3346676429166686,0.010008714646709188,-0.2229574022488396,-0.12014567606486325,-0.6616825781270738,1.5374122295716144,1.957139105110137,0.3952847075210472
0.997607400868745,1.064984150623412,0.4265325572313068,1.500853872387309,1.1531933108758967,0.7940295838422482,0.06695192430994953,0.010008714646709188,-0.2229574022488396,-0.12014567606486325,1.2215678365422902,1.5374122295716144,2.3257543215766767,0.3952847075210472
0.30508640033427753,-0.24338837371446287,-0.318635546421228,0.5090161214366428,-0.4460812046817575,0.6671929417212902,-0.00878005012157113,0.010008714646709188,-0.2229574022488396,-0.12014567606486325,1.2215678365422902,-0.6504436355879909,-0.9168100402222058,0.3952847075210472
0.09404263224325203,-0.4202557504773586,-0.3555333003794073,1.1485653772608977,0.7756204586808948,0.5397206967944346,-0.08489153204114819,0.010008714646709188,-0.2229574022488396,-0.12014567606486325,-0.6616825781270738,-0.6504436355879909,-1.8164810770218969,0.3952847075210472
-0.055056971633067026,-0.5858606307026494,-0.3762994737159692,-0.004469753878877816,-0.34872662350604494,0.43078621576359316,-0.1499344344247606,0.010008714646709188,-0.2229574022488396,-0.12014567606486325,-0.6616825781270738,1.5374122295716144,-2.078885129421805,0.3952847075210472
-0.14767451272784082,-0.5823677391685038,-0.3759990781995206,-0.233458636311806,-0.08353194484290502,0.28987062964000626,-0.23407270383067116,0.010008714646709188,-0.2229574022488396,-0.12014567606486325,1.2215678365422902,-0.6504436355879909,-1.3916364207553757,0.3952847075210472
-0.2430106836695439,-0.5715099857133938,-0.37502742619416984,-0.34357733125659384,-0.37415051246293646,0.14823526187495584,-0.31864074245749513,-4.608032397685742,4.508236106706914,3.944376429538497,-0.6616825781270738,-0.6504436355879909,-1.5040953003553372,0.3952847075210472
-0.36813135714015693,-0.48871539502956046,-0.36573396755454335,-0.8796566027602482,0.26264880114598327,-0.14136743338463836,-0.49155752380671586,0.010008714646709188,-0.2229574022488396,-0.12014567606486325,-0.6616825781270738,1.5374122295716144,-0.8668283159555569,0.3952847075210472
-0.4958833514171747,-0.4764443644238684,-0.36407310141218463,-0.07287594964568021,-1.068005215289087,-0.26462537766280997,-0.5651527193942366,-4.528410999197251,4.426663804828366,7.426814125669251,1.2215678365422902,-0.6504436355879909,1.1636792323770762,0.3952847075210472
-0.621673447740639,-0.5026042135724332,-0.3675255082628219,0.722009427279783,0.3830806008801166,-0.39486147036837466,-0.6429144472191745,0.010008714646709188,-0.2229574022488396,-0.12014567606486325,-0.6616825781270738,-0.6504436355879909,0.6763574207772439,0.3952847075210472
-0.7453855298082736,-0.5766839379914477,-0.3754975854112205,-0.1803868447056204,-0.30434126482750345,-0.5251852714296188,-0.720728544192638,0.010008714646709188,-0.2229574022488396,-0.12014567606486325,-0.6616825781270738,-0.6504436355879909,0.264008195577387,0.3952847075210472
-0.7157399233549187,-0.5013040851249214,-0.36736177986830026,0.684048618661724,0.32578271676306286,-0.5251852714296188,-0.3952036630462333,0.010008714646709188,-0.2229574022488396,-0.12014567606486325,1.2215678365422902,-0.6504436355879909,0.4077056528440038,0.3952847075210472
-0.6977328956503925,-0.4916005041044222,-0.3661138369850691,0.10136965136009103,-0.6180372609926672,-0.5251852714296188,-0.5066264536933766,0.010008714646709188,-0.2229574022488396,-0.12014567606486325,-0.6616825781270738,-0.6504436355879909,0.5201645324439633,0.3952847075210472
-0.6902060589671025,-0.4987966979005395,-0.36704369844325685,-0.05820915753181894,-0.32134867690284186,-0.5251852714296188,-0.618450796091322,0.010008714646709188,-0.2229574022488396,-0.12014567606486325,-0.6616825781270738,1.5374122295716144,0.8575411712438483,0.3952847075210472
-0.6931677314264741,-0.4918965373631213,-0.3661525855193688,-0.13562672796344782,-0.2806195316346993,-0.5413069873827343,-0.730354543114852,0.010008714646709188,-0.2229574022488396,-0.12014567606486325,1.2215678365422902,-0.6504436355879909,-0.1608364606891338,0.3952847075210472
-0.4619865226222367,0.16419242740914863,-0.17572070624645414,1.5882099290334757,1.251167934313848,-0.5413069873827343,0.3561792455345813,0.010008714646709188,-0.2229574022488396,-0.12014567606486325,1.2215678365422902,-0.6504436355879909,0.43269651497732925,0.3952847075210472
-0.23292747626986218,0.2928894587306725,-0.11382262545145136,-0.12799477221702393,-1.7585741119466607,-0.5413069873827343,0.2378590231982142,0.010008714646709188,-0.2229574022488396,-0.12014567606486325,-0.6616825781270738,-0.6504436355879909,0.057833582977457124,0.3952847075210472
-0.13535166910505714,0.17806074541997985,-0.16943758476545343,-0.6503577179405153,-0.7190441785249878,-0.5413069873827343,-0.301310859961412,0.010008714646709188,-0.2229574022488396,-0.12014567606486325,-0.6616825781270738,-0.6504436355879909,-0.24205676262243814,0.3952847075210472
0.32725304043112075,0.06512049681043795,-0.21788678795845576,-0.5155612801045186,0.5442317845928754,0.177259516433927,0.773198768905495,0.010008714646709188,-0.2229574022488396,-0.12014567606486325,1.2215678365422902,-0.6504436355879909,0.7700731537772121,0.3952847075210472
0.4337686693515611,0.16576977306712418,-0.17501079185184804,-0.9896414607104171,-0.18622029232477835,0.177259516433927,0.7023753030840902,0.010008714646709188,-0.2229574022488396,-0.12014567606486325,-0.6616825781270738,-0.6504436355879909,0.2827513421773805,0.3952847075210472
0.5550505183261597,0.18175128801294033,-0.1677498160428729,-1.9697220322971418,1.3864336826160324,0.177259516433927,0.6320481050528783,0.010008714646709188,-0.2229574022488396,-0.12014567606486325,-0.6616825781270738,-0.6504436355879909,-0.12959788302247865,0.3952847075210472
0.8219880587649588,-0.594554470828139,-0.3770214147985287,-0.06730827909512022,-0.3060401261640192,1.630320671309889,0.5662869287245997,0.010008714646709188,-0.2229574022488396,-0.12014567606486325,-0.6616825781270738,1.5374122295716144,-0.24205676262243814,0.3952847075210472
0.7096696314461975,-0.5265560685152162,-0.37039484780212745,-1.001732038384748,0.4022036112986467,1.365458876044927,0.4081425126357228,0.010008714646709188,-0.2229574022488396,-0.12014567606486325,1.2215678365422902,-0.6504436355879909,0.4389442305106595,0.3952847075210472
0.41199351061262807,0.0062746399470316435,-0.24067402500154447,-1.7607676689183345,1.1014550818355695,0.23785771452248194,-0.2651287195996217,0.010008714646709188,-0.2229574022488396,-0.12014567606486325,-0.6616825781270738,-0.6504436355879909,0.06408129851078903,0.3952847075210472
0.07343208052739687,0.17967558395813896,-0.16869989705739452,-0.18369823730342325,-1.4759485054817807,-0.10248409259265101,-0.46834095072949217,0.010008714646709188,-0.2229574022488396,-0.12014567606486325,-0.6616825781270738,-0.6504436355879909,-0.11085473642248514,0.3952847075210472
-0.332674354005398,0.16145979297043705,-0.176947718306183,0.8725748764224924,0.6080150912976425,-0.5802994003172257,-0.7536362412897539,0.010008714646709188,-0.2229574022488396,-0.12014567606486325,-0.6616825781270738,-0.6504436355879909,-0.14834102962247217,0.3952847075210472
-0.7174126766347582,-0.2666798133991061,-0.3243637928937794,0.2388334089707655,-0.8383844648655753,-0.728844946811443,-0.8423302286178644,0.010008714646709188,-0.2229574022488396,-0.12014567606486325,-0.6616825781270738,-0.6504436355879909,-0.0639968699225005,-2.5298221281347035
-0.8950027456323328,-0.4303597923642248,-0.3571821113307141,1.485578547513526,1.0553694307974704,-0.728844946811443,-0.8423302286178644,0.010008714646709188,-0.2229574022488396,-0.12014567606486325,1.2215678365422902,1.5374122295716144,1.4823127245769672,-2.5298221281347035
-1.0100696341051594,-0.6783115849009699,-0.3820949627183439,1.7803919676999491,1.4730696628354296,-0.728844946811443,-0.8423302286178644,0.010008714646709188,-0.2229574022488396,-0.12014567606486325,1.2215678365422902,-0.6504436355879909,-0.7356262897556016,-2.5298221281347035
-1.037358494378689,-0.7610696737547553,-0.3837592765353673,-0.13180275107504824,-0.8857905995964451,-0.728844946811443,-0.8423302286178644,0.010008714646709188,-0.2229574022488396,-0.12014567606486325,-0.6616825781270738,-0.6504436355879909,-0.07336844322249754,-2.5298221281347035
-1.037358494378689,-0.7610696737547553,-0.3837592765353673,-0.13180275107504824,-0.8857905995964451,-0.728844946811443,-0.8423302286178644,0.010008714646709188,-0.2229574022488396,-0.12014567606486325,-0.6616825781270738,1.5374122295716144,-0.05462529662250402,-2.5298221281347035
0.5098973032891583,3.931245487013938,4.96667040668184,1.7803919676939652,1.473069662856524,-0.728844946811443,4.186545464106237,0.010008714646709188,-0.2229574022488396,-0.12014567606486325,-2.5449329927964377,1.5374122295716144,-1.4978475848220054,0.3952847075210472
1.8859713139555057,4.374945854961307,6.026372671114138,-0.09808013779949692,-1.8282256740623377,-0.728844946811443,3.630172090688297,0.010008714646709188,-0.2229574022488396,-0.12014567606486325,1.2215678365422902,1.5374122295716144,0.4077056528440038,0.3952847075210472
2.8754951395703845,3.4398530521863995,3.9047237829774755,-1.4532293574212367,0.6795266938110699,-0.728844946811443,2.3738104518737195,0.010008714646709188,-0.2229574022488396,-0.12014567606486325,1.2215678365422902,-0.6504436355879909,-0.8855714625555504,0.3952847075210472
3.8154008553667085,1.0342501157032107,0.39948629676105135,0.11407958347204834,-1.3161804792716525,4.387484823158263,2.212542155602639,0.010008714646709188,-0.2229574022488396,-0.12014567606486325,-0.6616825781270738,-0.6504436355879909,-0.7981034450889144,0.3952847075210472
3.1850915933801316,0.5476930545605623,0.032473378981593214,1.6703937687552073,1.3349092456790985,4.2625076741287895,2.1379204524689466,4.46880703000218,4.34509150294982,0.5694440004888166,-0.6616825781270738,1.5374122295716144,-0.23580904708910844,0.3952847075210472
2.238175613439881,0.825480376654014,0.22791732443107957,-1.9662387254233293,1.3880777217771754,1.6072553361464124,0.5525150143657424,0.010008714646709188,-0.2229574022488396,-0.12014567606486325,1.2215678365422902,-0.6504436355879909,1.8446802255101753,0.3952847075210472
1.5985572833091017,1.1370718107615885,0.49177161662525837,-0.18016572338344616,-1.7807196660578117,1.1758481230722313,0.29492919780848614,-4.767275194662724,4.6713807104640095,1.8160407313684637,-0.6616825781270738,1.5374122295716144,1.957139105110137,0.3952847075210472
0.9289198261415058,1.003390541032658,0.3727914514758514,1.500486362055492,1.152773225454123,0.7423468060001414,0.03609302782201063,0.010008714646709188,-0.2229574022488396,-0.12014567606486325,1.2215678365422902,1.5374122295716144,2.3257543215766767,0.3952847075210472
0.259718639813023,-0.2605305333873126,-0.32287706779764824,0.5092143849005055,-0.4458282555362532,0.6197444754704572,-0.0371107120882931,0.010008714646709188,-0.2229574022488396,-0.12014567606486325,1.2215678365422902,-0.6504436355879909,-0.9168100402222058,0.3952847075210472
0.05567539078667889,-0.4315920183940157,-0.35737979555502164,1.1488662275818025,0.7758841036355618,0.4965561119477986,-0.11066436220512567,0.010008714646709188,-0.2229574022488396,-0.12014567606486325,-0.6616825781270738,-0.6504436355879909,-1.8164810770218969,0.3952847075210472
-0.08845369486004749,-0.591738936526824,-0.37679163320426046,-0.004220968388971589,-0.34860069700919266,0.39128865160641096,-0.17351774969422726,0.010008714646709188,-0.2229574022488396,-0.12014567606486325,-0.6616825781270738,1.5374122295716144,-2.078885129421805,0.3952847075210472
-0.17795987965985774,-0.5883836676523656,-0.37651277141580314,-0.23334249592653356,-0.08354241737773514,0.2551243642260947,-0.2548191004548245,0.010008714646709188,-0.2229574022488396,-0.12014567606486325,1.2215678365422902,-0.6504436355879909,-1.3916364207553757,0.3952847075210472
-0.2700791991852773,-0.5779136849676245,-0.37560741939219083,-0.3433239080099248,-0.3743135580065089,0.11829756547060773,-0.3365160253467296,0.010008714646709188,-0.2229574022488396,-0.12014567606486325,-0.6616825781270738,-0.6504436355879909,-1.5040953003553372,0.3952847075210472
-0.390958930953185,-0.4979624421267028,-0.36693718921406904,-0.8793715914141379,0.26251656870072215,-0.1614466641137515,-0.5035464866391727,0.010008714646709188,-0.2229574022488396,-0.12014567606486325,-0.6616825781270738,1.5374122295716144,-0.8668283159555569,0.3952847075210472
-0.5143720413293664,-0.48612981475322664,-0.3653900984676873,-0.07281859755760606,-1.0679670720489096,-0.2805044442438961,-0.5746338365556987,0.010008714646709188,-0.2229574022488396,-0.12014567606486325,1.2215678365422902,-0.6504436355879909,1.1636792323770762,0.3952847075210472
-0.6358793761264917,-0.5114096143020511,-0.3686127708528035,0.7220948924088945,0.38312955996631476,-0.4062947375457334,-0.6497410541291773,0.010008714646709188,-0.2229574022488396,-0.12014567606486325,-0.6616825781270738,-0.6504436355879909,0.6763574207772439,0.3952847075210472
-0.7553728332273849,-0.5829796754977572,-0.37605213433044943,-0.1802583931797424,-0.30435973404142713,-0.5321590937528378,-0.7248924933877636,0.010008714646709188,-0.2229574022488396,-0.12014567606486325,-0.6616825781270738,-0.6504436355879909,0.264008195577387,0.3952847075210472
-0.7263515749553544,-0.5091251718086247,-0.36833431521197657,0.6923801291559203,0.3332369989918203,-0.5321590937528378,-0.40922187624413314,0.010008714646709188,-0.2229574022488396,-0.12014567606486325,1.2215678365422902,-0.6504436355879909,0.4077056528440038,0.3952847075210472
-0.708669069503755,-0.4996282699176589,-0.3671495284144996,0.102121351194293,-0.6232755924027822,-0.5321590937528378,-0.5171623299140442,0.010008714646709188,-0.2229574022488396,-0.12014567606486325,-0.6616825781270738,-0.6504436355879909,0.5201645324439633,0.3952847075210472
-0.7012044081737349,-0.5067697760431273,-0.3680445552107992,-0.06098764197894498,-0.3198394195650012,-0.5321590937528378,-0.6254794847277007,0.010008714646709188,-0.2229574022488396,-0.12014567606486325,-0.6616825781270738,1.5374122295716144,0.8575411712438483,0.3952847075210472
-0.7039669007481751,-0.500331621305956,-0.36723877804846716,-0.13550609461512245,-0.2805758335929936,-0.5471965839610533,-0.7338711197919283,0.010008714646709188,-0.2229574022488396,-0.12014567606486325,1.2215678365422902,-0.6504436355879909,-0.1608364606891338,0.3952847075210472
-0.48029506182258325,0.1344119891150831,-0.18889702915168838,1.5878918175271155,1.2508064203393565,-0.5471965839610533,0.3177541516468175,0.010008714646709188,-0.2229574022488396,-0.12014567606486325,1.2215678365422902,-0.6504436355879909,0.43269651497732925,0.3952847075210472
-0.25865849978956984,0.25897090496108777,-0.1309172800774345,-0.1280208439120715,-1.7584141009142737,-0.5471965839610533,0.203198660884471,0.010008714646709188,-0.2229574022488396,-0.12014567606486325,-0.6616825781270738,-0.6504436355879909,0.057833582977457124,0.3952847075210472
-0.16427043925560084,0.14789328064562043,-0.18298564244908552,-0.6500994265724174,-0.7194301120929891,-0.5471965839610533,-0.31870033158566724,0.010008714646709188,-0.2229574022488396,-0.12014567606486325,-0.6616825781270738,-0.6504436355879909,-0.24205676262243814,0.3952847075210472
0.2825837015698065,0.03659586859809591,-0.2291427272749678,-0.5258750316455661,0.5453647651254505,0.14813546142764145,0.7184898475265519,0.010008714646709188,-0.2229574022488396,-0.12014567606486325,1.2215678365422902,-0.6504436355879909,0.7700731537772121,0.3952847075210472
0.384808066027979,0.1333162743356537,-0.1893736057815245,-0.9943190274264452,-0.17759113402233453,0.14813546142764145,0.6500027833228019,0.010008714646709188,-0.2229574022488396,-0.12014567606486325,-0.6616825781270738,-0.6504436355879909,0.2827513421773805,0.3952847075210472
0.5013561694724101,0.14891431396250301,-0.18253433317552137,-1.9694469939419248,1.3861158959163418,0.14813546142764145,0.5820021692172328,0.010008714646709188,-0.2229574022488396,-0.12014567606486325,-0.6616825781270738,-0.6504436355879909,-0.12959788302247865,0.3952847075210472
0.7589240839894472,-0.6000782068690781,-0.3774610246123312,-0.06685154594514042,-0.30617165527059176,1.5501935260666475,0.5184443903747988,0.010008714646709188,-0.2229574022488396,-0.12014567606486325,-0.6616825781270738,1.5374122295716144,-0.24205676262243814,0.3952847075210472
0.6503621833042071,-0.5344322574050627,-0.37127746749069185,-1.0010936809814885,0.40182284447305017,1.2942803111043957,0.365643017458233,0.010008714646709188,-0.2229574022488396,-0.12014567606486325,1.2215678365422902,-0.6504436355879909,0.4389442305106595,0.3952847075210472
0.362746979643849,-0.019714995788360827,-0.25020236192765194,-1.7606803136934526,1.1013471392078997,0.20490981226591132,-0.28480134455674794,0.010008714646709188,-0.2229574022488396,-0.12014567606486325,-0.6616825781270738,-0.6504436355879909,0.06408129851078903,0.3952847075210472
0.03566003542300031,0.14777154884202257,-0.18303941559769404,-0.18363799113153217,-1.475983746553768,-0.1238407191288092,-0.4810926245970284,0.010008714646709188,-0.2229574022488396,-0.12014567606486325,-0.6616825781270738,-0.6504436355879909,-0.11085473642248514,0.3952847075210472
-0.3566571649611674,0.13012232996792167,-0.19075946933943014,0.8727740477381333,0.6081605344856138,-0.5853655389147843,-0.7566611453893987,0.010008714646709188,-0.2229574022488396,-0.12014567606486325,-0.6616825781270738,-0.6504436355879909,-0.14834102962247217,0.3952847075210472
-0.7283194852533692,-0.28353055800323357,-0.32834365421404366,0.2388610743895952,-0.8383471307615505,-0.728844946811443,-0.8423302286178644,0.010008714646709188,-0.2229574022488396,-0.12014567606486325,-0.6616825781270738,-0.6504436355879909,-0.0639968699225005,-2.5298221281347035
-0.8998567931806533,-0.44163572411814683,-0.3589635718324022,1.4855836370773943,1.0553772365337826,-0.728844946811443,-0.8423302286178644,0.010008714646709188,-0.2229574022488396,-0.12014567606486325,1.2215678365422902,1.5374122295716144,1.4823127245769672,-2.5298221281347035
-1.0110003193500436,-0.6811340454735478,-0.3822065495582269,1.7803919676939652,1.4730696628565232,-0.728844946811443,-0.8423302286178644,0.010008714646709188,-0.2229574022488396,-0.12014567606486325,1.2215678365422902,-0.6504436355879909,-0.7356262897556016,-2.5298221281347035
-1.037358494378689,-0.7610696737547553,-0.3837592765353673,-0.13180275107504824,-0.8857905995964451,-0.728844946811443,-0.8423302286178644,0.010008714646709188,-0.2229574022488396,-0.12014567606486325,-0.6616825781270738,-0.6504436355879909,-0.07336844322249754,-2.5298221281347035
-1.037358494378689,-0.7610696737547553,-0.3837592765353673,-0.13180275107504824,-0.8857905995964451,-0.728844946811443,-0.8423302286178644,0.010008714646709188,-0.2229574022488396,-0.12014567606486325,-0.6616825781270738,1.5374122295716144,-0.05462529662250402,-2.5298221281347035
0.531073013739211,3.995464414055348,5.114124311618269,1.7803919676939648,1.4730696628565232,-0.728844946811443,4.255370551541002,0.010008714646709188,-0.2229574022488396,-0.12014567606486325,-2.5449329927964377,1.5374122295716144,-1.4978475848220054,0.3952847075210472
1.926098722004545,4.445420251687359,6.203494235126263,-0.09812848935811018,-1.828323728870035,-0.728844946811443,3.691768713260368,0.010008714646709188,-0.2229574022488396,-0.12014567606486325,1.2215678365422902,1.5374122295716144,0.4077056528440038,0.3952847075210472
2.929437593211837,3.4974938032113485,4.023215482925144,-1.453784651709939,0.6802638507139359,-0.728844946811443,2.418711978226558,0.010008714646709188,-0.2229574022488396,-0.12014567606486325,1.2215678365422902,-0.6504436355879909,-0.8855714625555504,0.3952847075210472
3.8825006455453384,1.0579883230521487,0.4203358030944345,0.11395943886856842,-1.31640942778838,4.459106126750009,2.255306002403232,0.010008714646709188,-0.2229574022488396,-0.12014567606486325,-0.6616825781270738,-0.6504436355879909,-0.7981034450889144,0.3952847075210472
3.2438663628318647,0.5650825947361826,0.043607835420064495,1.6703945805050846,1.3349113268693604,4.332459761120345,2.1796876387874233,0.010008714646709188,-0.2229574022488396,-0.12014567606486325,-0.6616825781270738,1.5374122295716144,-0.23580904708910844,0.3952847075210472
2.28398813149572,0.8477070421656899,0.24517585849939147,-1.966350667719166,1.3881946027618244,1.639858587089021,0.5719818539594256,4.46880703000218,4.34509150294982,1.3329635349705116,1.2215678365422902,-0.6504436355879909,1.8446802255101753,0.3952847075210472
1.6354591253467345,1.1636822467492036,0.5164921872683146,-0.1801375831383038,-1.780799769466145,1.2025448136378258,0.3108693319330692,0.010008714646709188,-0.2229574022488396,-0.12014567606486325,-0.6616825781270738,1.5374122295716144,1.957139105110137,0.3952847075210472
0.9564723777460091,1.0280978911750216,0.39412742280403235,1.5006335868494,1.1529415138786259,0.7630757145705597,0.04846990210374354,0.010008714646709188,-0.2229574022488396,-0.12014567606486325,1.2215678365422902,1.5374122295716144,2.3257543215766767,0.3952847075210472
0.2779164418808036,-0.253651335093789,-0.32119208934006555,0.5091349564707022,-0.445929603222629,0.6387744510832302,-0.025748241413891274,0.010008714646709188,-0.2229574022488396,-0.12014567606486325,1.2215678365422902,-0.6504436355879909,-0.9168100402222058,0.3952847075210472
0.0710639745047705,-0.42704319750169856,-0.35664636874469025,1.148745744091329,0.7757785099458326,0.5138675232608375,-0.10032801667429445,0.010008714646709188,-0.2229574022488396,-0.12014567606486325,-0.6616825781270738,-0.6504436355879909,-1.8164810770218969,0.3952847075210472
-0.07505949370150043,-0.5893806486867385,-0.37659620345629347,-0.004320602938210133,-0.348651138189595,0.40712902042547083,-0.16405973829995782,0.010008714646709188,-0.2229574022488396,-0.12014567606486325,-0.6616825781270738,1.5374122295716144,-2.078885129421805,0.3952847075210472
-0.16581387132882944,-0.5859703530522068,-0.3763088139964559,-0.23338900210285204,-0.08353822516219868,0.26905879754779355,-0.24649909031902903,0.010008714646709188,-0.2229574022488396,-0.12014567606486325,1.2215678365422902,-0.6504436355879909,-1.3916364207553757,0.3952847075210472
-0.2592235760744735,-0.5753450188359284,-0.37537716504441704,-0.3434253680083143,-0.37424829167146656,0.13030339365454344,-0.32934755212124034,4.62804982697916,4.508236106706914,4.029209788599547,-0.6616825781270738,-0.6504436355879909,-1.5040953003553372,0.3952847075210472
-0.381804313978808,-0.4942536724493731,-0.36645959711144616,-0.8794857041147666,0.2625695021005604,-0.15339459465643432,-0.4987387346515347,0.010008714646709188,-0.2229574022488396,-0.12014567606486325,-0.6616825781270738,1.5374122295716144,-0.8668283159555569,0.3952847075210472
-0.5069576340603518,-0.48224541146886635,-0.36486738530103363,-0.07284155796501975,-1.0679823441688252,-0.2741368199479265,-0.5708318377617538,0.010008714646709188,-0.2229574022488396,-0.12014567606486325,1.2215678365422902,-0.6504436355879909,1.1636792323770762,0.3952847075210472
-0.6301825728656795,-0.5078782532909556,-0.36818125558812953,0.7220606835002569,0.38310996179318924,-0.40170999576489763,-0.6470035837774294,0.010008714646709188,-0.2229574022488396,-0.12014567606486325,-0.6616825781270738,-0.6504436355879909,0.6763574207772439,0.3952847075210472
-0.7513678508643687,-0.5804549326550351,-0.3758320604113732,-0.18030980761526036,-0.3043523428613237,-0.5293626080373751,-0.723222759932509,0.010008714646709188,-0.2229574022488396,-0.12014567606486325,-0.6616825781270738,-0.6504436355879909,0.264008195577387,0.3952847075210472
-0.7220929289218246,-0.5059799884021686,-0.3679467921689964,0.6890484984623183,0.3302534178166089,-0.5293626080373751,-0.4035896690702948,0.010008714646709188,-0.2229574022488396,-0.12014567606486325,1.2215678365422902,-0.6504436355879909,0.4077056528440038,0.3952847075210472
-0.7042778168470242,-0.4963990452452039,-0.3667366798210837,0.10182148182037304,-0.6211811515096808,-0.5293626080373751,-0.5129293343675783,0.010008714646709188,-0.2229574022488396,-0.12014567606486325,-0.6616825781270738,-0.6504436355879909,0.5201645324439633,0.3952847075210472
-0.6967865647430987,-0.5035640821806782,-0.3676458597435858,-0.05987581537167324,-0.320444118532474,-0.5293626080373751,-0.6226555893021283,0.010008714646709188,-0.2229574022488396,-0.12014567606486325,-0.6616825781270738,1.5374122295716144,0.8575411712438483,0.3952847075210472
-0.6996280980826722,-0.49694256049697066,-0.3668065216559046,-0.13555455642407024,-0.28059339025523466,-0.5448303526986615,-0.7324582838600875,0.010008714646709188,-0.2229574022488396,-0.12014567606486325,1.2215678365422902,-0.6504436355879909,-0.1608364606891338,0.3952847075210472
-0.47294136775887674,0.14637058611566095,-0.1836577509095255,1.5880195072664456,1.2509515298299,-0.5448303526986615,0.33318532941845713,0.010008714646709188,-0.2229574022488396,-0.12014567606486325,1.2215678365422902,-0.6504436355879909,0.43269651497732925,0.3952847075210472
-0.24832465241504761,0.27259123643618444,-0.12411993515900271,-0.12801037963531386,-1.7584783301146383,-0.5448303526986615,0.2171177216361485,0.010008714646709188,-0.2229574022488396,-0.12014567606486325,-0.6616825781270738,-0.6504436355879909,0.057833582977457124,0.3952847075210472
-0.15265691248180702,0.16000778389541404,-0.17759822530609176,-0.6502030813006796,-0.7192752437564914,-0.5448303526986615,-0.3117172346659526,0.010008714646709188,-0.2229574022488396,-0.12014567606486325,-0.6616825781270738,-0.6504436355879909,-0.24205676262243814,0.3952847075210472
0.3005140488585732,0.04803178441304576,-0.22467755554687596,-0.5217417358404859,0.5449050282145804,0.15983081958448847,0.7404335518454612,0.010008714646709188,-0.2229574022488396,-0.12014567606486325,1.2215678365422902,-0.6504436355879909,0.7700731537772121,0.3952847075210472
0.40445364947693563,0.14632371461265573,-0.1836784218394775,-0.9924427817394962,-0.18105150636306233,0.15983081958448847,0.6710088049219839,0.010008714646709188,-0.2229574022488396,-0.12014567606486325,-0.6616825781270738,-0.6504436355879909,0.2827513421773805,0.3952847075210472
0.5228949580422706,0.16207719368581888,-0.17667080936121754,-1.969557315131359,1.386243361342167,0.15983081958448847,0.602074506775633,4.787292623956142,4.6713807104640095,1.4043206255168776,-0.6616825781270738,-0.6504436355879909,-0.12959788302247865,0.3952847075210472
0.784218112754819,-0.5978616072511919,-0.37728639658325436,-0.06703447920294832,-0.3061190070056023,1.5823303464710226,0.5376327323276985,0.010008714646709188,-0.2229574022488396,-0.12014567606486325,-0.6616825781270738,1.5374122295716144,-0.24205676262243814,0.3952847075210472
0.6741490481767818,-0.5312725306814249,-0.3709270043438173,-1.001349375500137,0.401975312388753,1.3228276677135107,0.38268815240233894,0.010008714646709188,-0.2229574022488396,-0.12014567606486325,1.2215678365422902,-0.6504436355879909,0.4389442305106595,0.3952847075210472
0.3824982360748407,-0.009290594069023878,-0.24641999056705596,-1.760715296789221,1.1013903657022288,0.21812326731819476,-0.2769118181278058,0.010008714646709188,-0.2229574022488396,-0.12014567606486325,-0.6616825781270738,-0.6504436355879909,0.06408129851078903,0.3952847075210472
0.05080896368528407,0.16056782844819312,-0.17734744406229544,-0.18366211088640075,-1.4759696435251228,-0.11527591762401639,-0.4759787291349154,0.010008714646709188,-0.2229574022488396,-0.12014567606486325,-0.6616825781270738,-0.6504436355879909,-0.11085473642248514,0.3952847075210472
-0.34703875909946896,0.14269089455258535,-0.18527729336774837,0.8726943151241381,0.608102307922428,-0.5833338406796111,-0.7554480533662594,0.010008714646709188,-0.2229574022488396,-0.12014567606486325,-0.6616825781270738,-0.6504436355879909,-0.14834102962247217,0.3952847075210472
-0.7239454293171319,-0.27677272614264076,-0.32676414286192873,0.23884999923514594,-0.8383620766561174,-0.728844946811443,-0.8423302286178644,0.010008714646709188,-0.2229574022488396,-0.12014567606486325,-0.6616825781270738,-0.6504436355879909,-0.0639968699225005,-2.5298221281347035
-0.8979101417487056,-0.4371136554627879,-0.35825656151834645,1.4855815996610013,1.055374111801458,-0.728844946811443,-0.8423302286178644,0.010008714646709188,-0.2229574022488396,-0.12014567606486325,1.2215678365422902,1.5374122295716144,1.4823127245769672,-2.5298221281347035
-1.010627082113612,-0.6800021403640788,-0.38216226434523504,1.7803919676939648,1.4730696628565265,-0.728844946811443,-0.8423302286178644,0.010008714646709188,-0.2229574022488396,-0.12014567606486325,1.2215678365422902,-0.6504436355879909,-0.7356262897556016,-2.5298221281347035
-1.037358494378689,-0.7610696737547553,-0.3837592765353673,-0.13180275107504824,-0.8857905995964451,-0.728844946811443,-0.8423302286178644,0.010008714646709188,-0.2229574022488396,-0.12014567606486325,-0.6616825781270738,-0.6504436355879909,-0.07336844322249754,-2.5298221281347035
-1.037358494378689,-0.7610696737547553,-0.3837592765353673,-0.13180275107504824,-0.8857905995964451,-0.728844946811443,-0.8423302286178644,0.010008714646709188,-0.2229574022488396,-0.12014567606486325,-0.6616825781270738,1.5374122295716144,-0.05462529662250402,-2.5298221281347035
0.5434396481972493,4.0329683267520045,5.201164591525498,1.7803919676939652,1.4730696628565256,-0.728844946811443,4.295564466161043,0.010008714646709188,-0.2229574022488396,-0.12014567606486325,-2.5449329927964377,1.5374122295716144,-1.4978475848220054,0.3952847075210472
1.9495347196785162,4.486579767761338,6.308055988783904,-0.09815673796925972,-1.8283810160193403,-0.728844946811443,3.727746249550395,0.010008714646709188,-0.2229574022488396,-0.12014567606486325,1.2215678365422902,1.5374122295716144,0.4077056528440038,0.3952847075210472
2.9609452616911227,3.5311580473407584,4.093165766921049,-1.4541093846014252,0.6806950084428902,-0.728844946811443,2.4449464439003625,5.105778217910103,4.997669917978198,0.594349399126084,1.2215678365422902,-0.6504436355879909,-0.8855714625555504,0.3952847075210472
3.9216961702667956,1.071840189941672,0.4326285678100142,0.11388926807373066,-1.3165431356679058,4.500954587822257,2.2802929977298625,0.010008714646709188,-0.2229574022488396,-0.12014567606486325,-0.6616825781270738,-0.6504436355879909,-0.7981034450889144,0.3952847075210472
3.2782041310712433,0.5752309238092003,0.05017368278272131,1.6703950377606103,1.3349125212605344,4.373333962949078,2.2040929206999675,0.010008714646709188,-0.2229574022488396,-0.12014567606486325,-0.6616825781270738,1.5374122295716144,-0.23580904708910844,0.3952847075210472
2.310755930696075,0.8606943913168292,0.2553713943696107,-1.966416088460848,1.3882629158491262,1.6589073643262542,0.5833555507599616,0.010008714646709188,-0.2229574022488396,-0.12014567606486325,1.2215678365422902,-0.6504436355879909,1.8446802255101753,0.3952847075210472
1.6570209693038742,1.1792313076207348,0.5310962577162117,-0.18012111648112278,-1.7808466279095532,1.2181441930183396,0.32018345268427967,0.010008714646709188,-0.2229574022488396,-0.12014567606486325,-0.6616825781270738,1.5374122295716144,1.957139105110137,0.3952847075210472
0.9725717529424541,1.0425345298278508,0.40673147022999834,1.500719732929316,1.1530399837573486,0.7751895000597553,0.05570283477679404,0.010008714646709188,-0.2229574022488396,-0.12014567606486325,1.2215678365422902,1.5374122295716144,2.3257543215766767,0.3952847075210472
0.28855000720364493,-0.24963356567875045,-0.3201973450233297,0.5090884823516023,-0.44598889577390993,0.6498957901478096,-0.019107881407515508,0.010008714646709188,-0.2229574022488396,-0.12014567606486325,1.2215678365422902,-0.6504436355879909,-0.9168100402222058,0.3952847075210472
0.08005675835109885,-0.4243861934087782,-0.35621331550714735,1.1486752222800685,0.7757167097298209,0.5239847885674643,-0.09428717181506453,0.010008714646709188,-0.2229574022488396,-0.12014567606486325,-0.6616825781270738,-0.6504436355879909,-1.8164810770218969,0.3952847075210472
-0.06723170768547064,-0.5880028702832554,-0.3764807770158122,-0.004378920273494926,-0.34868065604135234,0.4163867923650005,-0.1585320821266834,0.010008714646709188,-0.2229574022488396,-0.12014567606486325,-0.6616825781270738,1.5374122295716144,-2.078885129421805,0.3952847075210472
-0.15871533744724448,-0.5845603116298607,-0.376188336544129,-0.23341622671119985,-0.08353577017676203,0.27720293550472275,-0.24163636581602024,0.010008714646709188,-0.2229574022488396,-0.12014567606486325,1.2215678365422902,-0.6504436355879909,-1.3916364207553757,0.3952847075210472
-0.2528790252523911,-0.5738440826924662,-0.37524113732194864,-0.3434847740675991,-0.37421007110313015,0.1373204636328168,-0.32515778049616056,0.010008714646709188,-0.2229574022488396,-0.12014567606486325,-0.6616825781270738,-0.6504436355879909,-1.5040953003553372,0.3952847075210472
-0.37645378417168046,-0.4920862810813858,-0.3661773991511586,-0.8795525136071537,0.2626004985996489,-0.1486882330450455,-0.49592864719369034,0.010008714646709188,-0.2229574022488396,-0.12014567606486325,-0.6616825781270738,1.5374122295716144,-0.8668283159555569,0.3952847075210472
-0.5026240844338213,-0.47997525696587173,-0.36455850181898963,-0.0728550016614704,-1.0679912849686857,-0.2704149287739032,-0.5686095606459718,0.010008714646709188,-0.2229574022488396,-0.12014567606486325,1.2215678365422902,-0.6504436355879909,1.1636792323770762,0.3952847075210472
-0.6268528524137217,-0.5058143687147789,-0.3679262526565898,0.722040648804413,0.3830984849959789,-0.39903015172969536,-0.6454034950604728,0.010008714646709188,-0.2229574022488396,-0.12014567606486325,-0.6616825781270738,-0.6504436355879909,0.6763574207772439,0.3952847075210472
-0.7490269288361074,-0.5789792796914299,-0.3757019978652247,-0.1803399185525451,-0.30434801392543,-0.5277280128399757,-0.7222467712936952,0.010008714646709188,-0.2229574022488396,-0.12014567606486325,-0.6616825781270738,-0.6504436355879909,0.264008195577387,0.3952847075210472
-0.7196057832715601,-0.5041471221500664,-0.3677187446097939,0.6870953509329827,0.3285060083018221,-0.5277280128399757,-0.4003043270233138,0.010008714646709188,-0.2229574022488396,-0.12014567606486325,1.2215678365422902,-0.6504436355879909,0.4077056528440038,0.3952847075210472
-0.7017146943332624,-0.4945177759351205,-0.36649382777517886,0.10164523779516288,-0.6199531264239869,-0.5277280128399757,-0.5104601179915773,0.010008714646709188,-0.2229574022488396,-0.12014567606486325,-0.6616825781270738,-0.6504436355879909,0.5201645324439633,0.3952847075210472
-0.6942089278796773,-0.5016955739997266,-0.36741116747374836,-0.05922448431215739,-0.3207978921687693,-0.5277280128399757,-0.6210083261875663,0.010008714646709188,-0.2229574022488396,-0.12014567606486325,-0.6616825781270738,1.5374122295716144,0.8575411712438483,0.3952847075210472
-0.6970971765093168,-0.49496569515491706,-0.3665518054419226,-0.1355828285629724,-0.2806036314418479,-0.543450049847038,-0.7316341288011163,0.010008714646709188,-0.2229574022488396,-0.12014567606486325,1.2215678365422902,-0.6504436355879909,-0.1608364606891338,0.3952847075210472
-0.46865045210157724,0.1533502378814424,-0.1805677179658712,1.5880940649582251,1.2510362600884788,-0.543450049847038,0.3421909870599412,0.010008714646709188,-0.2229574022488396,-0.12014567606486325,1.2215678365422902,-0.6504436355879909,0.43269651497732925,0.3952847075210472
-0.24229411158673353,0.280540738435586,-0.1201109991823729,-0.12800426902653617,-1.7585158328270802,-0.543450049847038,0.22524105076464518,0.010008714646709188,-0.2229574022488396,-0.12014567606486325,-0.6616825781270738,-0.6504436355879909,0.057833582977457124,0.3952847075210472
-0.14587924425473117,0.16707812534330746,-0.17442102557574388,-0.6502636194453463,-0.7191847885513931,-0.543450049847038,-0.3076416653717246,0.010008714646709188,-0.2229574022488396,-0.12014567606486325,-0.6616825781270738,-0.6504436355879909,-0.24205676262243814,0.3952847075210472
0.31098346479742894,0.05471775783502637,-0.22203756344264128,-0.5193242012190081,0.5446396588907292,0.16665662239620024,0.7532565892866623,0.010008714646709188,-0.2229574022488396,-0.12014567606486325,1.2215678365422902,-0.6504436355879909,0.7700731537772121,0.3952847075210472
0.41592909209446016,0.15393071795285945,-0.1803096612760656,-0.9913464244373905,-0.18307409535463434,0.16665662239620024,0.6832842406558888,0.010008714646709188,-0.2229574022488396,-0.12014567606486325,-0.6616825781270738,-0.6504436355879909,0.2827513421773805,0.3952847075210472
0.5354801215226097,0.1697740228430364,-0.17320317195431087,-1.969621780329845,1.3863178462619108,0.16665662239620024,0.6138046398218403,0.010008714646709188,-0.2229574022488396,-0.12014567606486325,-0.6616825781270738,-0.6504436355879909,-0.12959788302247865,0.3952847075210472
0.7989994936625946,-0.5965669539826277,-0.37718329661749833,-0.06714154050141233,-0.30608817423157775,1.6011111490411838,0.5488464260700044,0.010008714646709188,-0.2229574022488396,-0.12014567606486325,-0.6616825781270738,1.5374122295716144,-0.24205676262243814,0.3952847075210472
0.6880499645014108,-0.5294264784021053,-0.37072000266578314,-1.001499011154859,0.4020645686098794,1.3395110497156288,0.3926495124485218,0.010008714646709188,-0.2229574022488396,-0.12014567606486325,1.2215678365422902,-0.6504436355879909,0.4389442305106595,0.3952847075210472
0.39404101471915665,-0.0031989711456121093,-0.24418526841543123,-1.7607357733608322,1.1014156680699059,0.22584588106992393,-0.2723007784675732,0.010008714646709188,-0.2229574022488396,-0.12014567606486325,-0.6616825781270738,-0.6504436355879909,0.06408129851078903,0.3952847075210472
0.059662273905355966,0.16804572067959322,-0.1739843272453255,-0.18367623325789326,-1.4759613821746982,-0.11027016441814975,-0.4729898801125984,0.010008714646709188,-0.2229574022488396,-0.12014567606486325,-0.6616825781270738,-0.6504436355879909,-0.11085473642248514,0.3952847075210472
-0.3414174719924553,0.15003600602143521,-0.1820379474449506,0.8726476265738781,0.6080682140591865,-0.5821463943287798,-0.754739049602235,0.010008714646709188,-0.2229574022488396,-0.12014567606486325,-0.6616825781270738,-0.6504436355879909,-0.14834102962247217,0.3952847075210472
-0.721388996667831,-0.2728231029774843,-0.3258307187437884,0.2388435141384144,-0.8383708281985651,-0.728844946811443,-0.8423302286178644,0.010008714646709188,-0.2229574022488396,-0.12014567606486325,-0.6616825781270738,-0.6504436355879909,-0.0639968699225005,-2.5298221281347035
-0.896772407489164,-0.4344707038272489,-0.3578387431391395,1.4855804066031328,1.0553722820371163,-0.728844946811443,-0.8423302286178644,0.010008714646709188,-0.2229574022488396,-0.12014567606486325,1.2215678365422902,1.5374122295716144,1.4823127245769672,-2.5298221281347035
-1.010408939878353,-0.6793405871035927,-0.3821360930925245,1.7803919676939644,1.4730696624701862,-0.728844946811443,-0.8423302286178644,0.010008714646709188,-0.2229574022488396,-0.12014567606486325,1.2215678365422902,-0.6504436355879909,-0.7356262897556016,-2.5298221281347035
-1.037358494378689,-0.7610696737547553,-0.3837592765353673,-0.13180275107504824,-0.8857905995964451,-0.728844946811443,-0.8423302286178644,0.010008714646709188,-0.2229574022488396,-0.12014567606486325,-0.6616825781270738,-0.6504436355879909,-0.07336844322249754,-2.5298221281347035
-1.037358494378689,-0.7610696737547553,-0.3837592765353673,-0.13180275107504824,-0.8857905995964451,-0.728844946811443,-0.8423302286178644,0.010008714646709188,-0.2229574022488396,-0.12014567606486325,-0.6616825781270738,1.5374122295716144,-0.05462529662250402,-2.5298221281347035
0.48883222458824394,3.8673620694820228,4.82197552484303,1.7803919676939641,1.4730696628565265,-0.728844946811443,4.11807995090278,0.010008714646709188,-0.2229574022488396,-0.12014567606486325,-2.5449329927964377,1.5374122295716144,-1.4978475848220054,0.3952847075210472
1.8460568788202127,4.304844795424758,5.852584091273603,-0.09803206301433648,-1.8281281810184709,-0.728844946811443,3.5689080963706044,0.010008714646709188,-0.2229574022488396,-0.12014567606486325,1.2215678365422902,1.5374122295716144,0.4077056528440038,0.3952847075210472
2.8218456894952353,3.3825177043192047,3.7884618311723406,-1.452677907753467,0.678794796276702,-0.728844946811443,2.329169040366742,0.010008714646709188,-0.2229574022488396,-0.12014567606486325,1.2215678365422902,-0.6504436355879909,-0.8855714625555504,0.3952847075210472
3.748671279631508,1.010611825089743,0.3789966889000181,0.11419908688405889,-1.3159527309710577,4.31628381311572,2.170029258841323,-4.448789600708762,4.34509150294982,0.5620936494845724,-0.6616825781270738,-0.6504436355879909,-0.7981034450889144,0.3952847075210472
3.1266522372594925,0.5303790188912043,0.02153327921903405,1.6703929253210585,1.3349071304309288,4.192968367417256,2.0963997301461244,0.010008714646709188,-0.2229574022488396,-0.12014567606486325,-0.6616825781270738,1.5374122295716144,-0.23580904708910844,0.3952847075210472
2.192630780980191,0.8033847100719492,0.21099849020459535,-1.9661274672894138,1.3879615681910056,1.5748405016775415,0.5331606750033251,0.010008714646709188,-0.2229574022488396,-0.12014567606486325,1.2215678365422902,-0.6504436355879909,1.8446802255101753,0.3952847075210472
1.5618720544351377,1.110618671512578,0.46753827651607827,-0.18019364728469148,-1.7806401466130104,1.1493090651297375,0.27908318340816096,0.010008714646709188,-0.2229574022488396,-0.12014567606486325,-0.6616825781270738,1.5374122295716144,1.957139105110137,0.3952847075210472
0.9015297477271815,0.9788283691363233,0.35187492435997764,1.500340261389357,1.1526062190170243,0.7217434827401759,0.023791138366122587,0.010008714646709188,-0.2229574022488396,-0.12014567606486325,1.2215678365422902,1.5374122295716144,2.3257543215766767,0.3952847075210472
0.2416288150634173,-0.2673731182526121,-0.3245302619364773,0.5092932158412781,-0.44572765408994264,0.6008306345831754,-0.048403840718357904,0.010008714646709188,-0.2229574022488396,-0.12014567606486325,1.2215678365422902,-0.6504436355879909,-0.9168100402222058,0.3952847075210472
0.04037968691693666,-0.43611602551617074,-0.35809924727930786,1.1489857405342092,0.7759888600202,0.47935093478633145,-0.12093727715378395,0.010008714646709188,-0.2229574022488396,-0.12014567606486325,-0.6616825781270738,-0.6504436355879909,-1.8164810770218969,0.3952847075210472
-0.10176602884394254,-0.5940837554484237,-0.3769832669543904,-0.004122133931910389,-0.34855064823078796,0.3755459684718294,-0.1829174346487903,0.010008714646709188,-0.2229574022488396,-0.12014567606486325,-0.6616825781270738,1.5374122295716144,-2.078885129421805,0.3952847075210472
-0.19003119788734618,-0.5907829538724689,-0.37671273732307115,-0.2332963699990297,-0.08354657405193772,0.24127644818706545,-0.2630874526112737,0.010008714646709188,-0.2229574022488396,-0.12014567606486325,1.2215678365422902,-0.6504436355879909,-1.3916364207553757,0.3952847075210472
-0.28086772289593587,-0.5804671499088127,-0.37583313281039205,-0.3432233002813373,-0.3743782624808666,0.10636655239777038,-0.3436398277579648,0.010008714646709188,-0.2229574022488396,-0.12014567606486325,-0.6616825781270738,-0.6504436355879909,-1.5040953003553372,0.3952847075210472
-0.4000566868096599,-0.5016486994598708,-0.36740525802222695,-0.8792584387692696,0.26246409744366667,-0.16944823099698694,-0.5083240844096608,0.010008714646709188,-0.2229574022488396,-0.12014567606486325,-0.6616825781270738,1.5374122295716144,-0.8668283159555569,0.3952847075210472
-0.5217401678245045,-0.4899903756170994,-0.3659023374157018,-0.07279583572134245,-1.0679519310593752,-0.28683197642908675,-0.5784118970408264,0.010008714646709188,-0.2229574022488396,-0.12014567606486325,1.2215678365422902,-0.6504436355879909,1.1636792323770762,0.3952847075210472
-0.641540469053054,-0.5149191761251822,-0.3690356175861926,0.7221288053321048,0.3831489893988027,-0.4108505017034921,-0.6524612224412837,0.010008714646709188,-0.2229574022488396,-0.12014567606486325,-0.6616825781270738,-0.6504436355879909,0.6763574207772439,0.3952847075210472
-0.7593525979542284,-0.5854886606872575,-0.37626776566705394,-0.18020742995421812,-0.30436705344456055,-0.5349378808345664,-0.7265516592936493,0.010008714646709188,-0.2229574022488396,-0.12014567606486325,-0.6616825781270738,-0.6504436355879909,0.264008195577387,0.3952847075210472
-0.7305877788439654,-0.5122623303616768,-0.36871606019658476,0.6956783971410179,0.33619429380122506,-0.5349378808345664,-0.4148329500754162,0.010008714646709188,-0.2229574022488396,-0.12014567606486325,1.2215678365422902,-0.6504436355879909,0.4077056528440038,0.3952847075210472
-0.7130403230984774,-0.5028504743271992,-0.3675564279496621,0.10241726974871113,-0.6253486967952957,-0.5349378808345664,-0.5213793276359197,0.010008714646709188,-0.2229574022488396,-0.12014567606486325,-0.6616825781270738,-0.6504436355879909,0.5201645324439633,0.3952847075210472
-0.7056042847109041,-0.5099664724566594,-0.36843715820488276,-0.06208933719692034,-0.3192392294988235,-0.5349378808345664,-0.6282926830479892,0.010008714646709188,-0.2229574022488396,-0.12014567606486325,-0.6616825781270738,1.5374122295716144,0.8575411712438483,0.3952847075210472
-0.7082893376753162,-0.5037080071675356,-0.3676638669269154,-0.1354578226434255,-0.2805583431218388,-0.5495538323974658,-0.7352785922330931,0.010008714646709188,-0.2229574022488396,-0.12014567606486325,1.2215678365422902,-0.6504436355879909,-0.1608364606891338,0.3952847075210472
-0.4876181416415852,0.12250694053039901,-0.19404380980369346,1.5877647667156929,1.2506620395624475,-0.5495538323974658,0.3023904175739811,0.010008714646709188,-0.2229574022488396,-0.12014567606486325,1.2215678365422902,-0.6504436355879909,0.43269651497732925,0.3952847075210472
-0.26894784178542985,0.24541151279794876,-0.1375946556950078,-0.12803125467738813,-1.7583501919783862,-0.5495538323974658,0.18934074678539614,0.010008714646709188,-0.2229574022488396,-0.12014567606486325,-0.6616825781270738,-0.6504436355879909,0.057833582977457124,0.3952847075210472
-0.1758332136194051,0.1358323688414674,-0.18827837238876213,-0.6499963215897558,-0.7195841452796422,-0.5495538323974658,-0.32565242735984284,0.010008714646709188,-0.2229574022488396,-0.12014567606486325,-0.6616825781270738,-0.6504436355879909,-0.24205676262243814,0.3952847075210472
0.2647429243982166,0.025235474340265355,-0.23351547938266737,-0.5299788093730828,0.5458287538761155,0.13649202428872112,0.6966776716313686,0.010008714646709188,-0.2229574022488396,-0.12014567606486325,1.2215678365422902,-0.6504436355879909,0.7700731537772121,0.3952847075210472
0.36527026627155795,0.12039954310653711,-0.19494770222380217,-0.9961841128423203,-0.1741525660088588,0.13649202428872112,0.6291234030072876,0.010008714646709188,-0.2229574022488396,-0.12014567606486325,-0.6616825781270738,-0.6504436355879909,0.2827513421773805,0.3952847075210472
0.47994379443208374,0.13584093393830554,-0.18827463882413129,-1.969337329507518,1.3859891927672172,0.13649202428872112,0.5620515288258338,0.010008714646709188,-0.2229574022488396,-0.12014567606486325,-0.6616825781270738,-0.6504436355879909,-0.12959788302247865,0.3952847075210472
0.733782830700033,-0.6022828879679293,-0.37763234498754134,-0.06667005645515674,-0.306223849872593,1.5182521266174922,0.49937273090841566,0.010008714646709188,-0.2229574022488396,-0.12014567606486325,-0.6616825781270738,1.5374122295716144,-0.24205676262243814,0.3952847075210472
0.6267196214140573,-0.5375738308604479,-0.3716211066395873,-1.0008399743607472,0.40167162560543146,1.2659071199745617,0.3487018737220557,0.010008714646709188,-0.2229574022488396,-0.12014567606486325,1.2215678365422902,-0.6504436355879909,0.4389442305106595,0.3952847075210472
0.3431160784975005,-0.030076886990933183,-0.25390971248544775,-1.7606456153778014,1.1013042666947355,0.1917780991629573,-0.2926420642756331,0.010008714646709188,-0.2229574022488396,-0.12014567606486325,-0.6616825781270738,-0.6504436355879909,0.06408129851078903,0.3952847075210472
0.020603771963490093,0.1350525033063221,-0.18861816990233973,-0.1836140762363926,-1.4759977243487212,-0.13235243279666065,-0.4861748222260654,0.010008714646709188,-0.2229574022488396,-0.12014567606486325,-0.6616825781270738,-0.6504436355879909,-0.11085473642248514,0.3952847075210472
-0.3662164899023255,0.11763024743112444,-0.19613221034435868,0.8728530981794607,0.608218266379345,-0.5873846283784946,-0.7578667089322654,0.010008714646709188,-0.2229574022488396,-0.12014567606486325,-0.6616825781270738,-0.6504436355879909,-0.14834102962247217,0.3952847075210472
-0.732666455690946,-0.2902465771757757,-0.3298914030330542,0.23887205433895026,-0.8383323132045842,-0.728844946811443,-0.8423302286178644,0.010008714646709188,-0.2229574022488396,-0.12014567606486325,-0.6616825781270738,-0.6504436355879909,-0.0639968699225005,-2.5298221281347035
-0.9017913756841863,-0.4461297641827442,-0.3596563537305685,1.4855856569193253,1.0553803343102244,-0.728844946811443,-0.8423302286178644,0.010008714646709188,-0.2229574022488396,-0.12014567606486325,1.2215678365422902,1.5374122295716144,1.4823127245769672,-2.5298221281347035
-1.0113712402665909,-0.6822589259509463,-0.38224994304142046,1.7803919676939644,1.47306966285653,-0.728844946811443,-0.8423302286178644,0.010008714646709188,-0.2229574022488396,-0.12014567606486325,1.2215678365422902,-0.6504436355879909,-0.7356262897556016,-2.5298221281347035
-1.037358494378689,-0.7610696737547553,-0.3837592765353673,-0.13180275107504824,-0.8857905995964451,-0.728844946811443,-0.8423302286178644,0.010008714646709188,-0.2229574022488396,-0.12014567606486325,-0.6616825781270738,-0.6504436355879909,-0.07336844322249754,-2.5298221281347035
-1.037358494378689,-0.7610696737547553,-0.3837592765353673,-0.13180275107504824,-0.8857905995964451,-0.728844946811443,-0.8423302286178644,0.010008714646709188,-0.2229574022488396,-0.12014567606486325,-0.6616825781270738,1.5374122295716144,-0.05462529662250402,-2.5298221281347035
0.5082876812169269,3.926364035566783,4.955544011067231,1.7803919676939648,1.473069662856524,-0.728844946811443,4.181313886156609,0.010008714646709188,-0.2229574022488396,-0.12014567606486325,-2.5449329927964377,1.5374122295716144,-1.4978475848220054,0.3952847075210472
1.8829212603241823,4.369589121028017,6.013008433944231,-0.09807646350568291,-1.8282182227778854,-0.728844946811443,3.625490414093207,-3.811818412800837,3.6925130879214394,0.27413095696323403,1.2215678365422902,1.5374122295716144,0.4077056528440038,0.3952847075210472
2.8713952919377586,3.4354718013373184,3.8957833079695794,-1.4531871875653304,0.6794707194987711,-0.728844946811443,2.370398421656438,0.010008714646709188,-0.2229574022488396,-0.12014567606486325,1.2215678365422902,-0.6504436355879909,-0.8855714625555504,0.3952847075210472
3.8103012334065514,1.0324447159824843,0.3979118025208239,0.11408871541034203,-1.3161630764872287,4.382042601593655,2.2092926988408577,4.46880703000218,4.34509150294982,0.5533156774707243,-0.6616825781270738,-0.6504436355879909,-0.7981034450889144,0.3952847075210472
3.180625137361524,0.546370595359839,0.03163262673921855,1.6703937055511353,1.33490908560838,4.257192384002866,2.1347467842829926,0.010008714646709188,-0.2229574022488396,-0.12014567606486325,-0.6616825781270738,1.5374122295716144,-0.23580904708910844,0.3952847075210472
2.2346944526672687,0.8237914823030392,0.22661574896902684,-1.966230220535177,1.3880688422055476,1.6047778243822444,0.5510357347629378,0.010008714646709188,-0.2229574022488396,-0.12014567606486325,1.2215678365422902,-0.6504436355879909,1.8446802255101753,0.3952847075210472
1.5957532601072346,1.1350498349299505,0.4899073094363362,-0.18016785986717435,-1.7807135833568837,1.1738195864247845,0.2937179935149245,0.010008714646709188,-0.2229574022488396,-0.12014567606486325,-0.6616825781270738,1.5374122295716144,1.957139105110137,0.3952847075210472
0.9268262487407797,1.0015131341651582,0.3711823498549674,1.500475185090758,1.152760449081834,0.740771860632768,0.03515265506932287,0.010008714646709188,-0.2229574022488396,-0.12014567606486325,1.2215678365422902,1.5374122295716144,2.3257543215766767,0.3952847075210472
0.2583359096637491,-0.2610534112256061,-0.32300420003483826,0.5092204176494051,-0.44582055632405715,0.618298646816453,-0.037973991475278024,0.010008714646709188,-0.2229574022488396,-0.12014567606486325,1.2215678365422902,-0.6504436355879909,-0.9168100402222058,0.3952847075210472
0.054506179211275804,-0.43193774317289624,-0.357435127109061,1.1488753714411837,0.7758921180082933,0.4952408778648513,-0.11144966582303631,0.010008714646709188,-0.2229574022488396,-0.12014567606486325,-0.6616825781270738,-0.6504436355879909,-1.8164810770218969,0.3952847075210472
-0.08947133256561367,-0.5919181488610105,-0.37680637390482136,-0.004213406644331066,-0.3485968683315224,0.3900851997409484,-0.17423631007536589,0.010008714646709188,-0.2229574022488396,-0.12014567606486325,-0.6616825781270738,1.5374122295716144,-2.078885129421805,0.3952847075210472
-0.1788826659702232,-0.5885670515201814,-0.37652815409282037,-0.23333896577203755,-0.08354273584283892,0.254065737686056,-0.2554511881285606,0.010008714646709188,-0.2229574022488396,-0.12014567606486325,1.2215678365422902,-0.6504436355879909,-1.3916364207553757,0.3952847075210472
-0.2709039348458587,-0.578108862814438,-0.375624783980571,-0.3433162063644812,-0.37431851160606827,0.11738547062631186,-0.3370606214687356,0.010008714646709188,-0.2229574022488396,-0.12014567606486325,-0.6616825781270738,-0.6504436355879909,-1.5040953003553372,0.3952847075210472
-0.3916544243863378,-0.4982442261730927,-0.36697320234426056,-0.8793629355305649,0.2625125567047866,-0.16205837459362563,-0.5039117284308715,0.010008714646709188,-0.2229574022488396,-0.12014567606486325,-0.6616825781270738,1.5374122295716144,-0.8668283159555569,0.3952847075210472
-0.5149353182717277,-0.4864249319234676,-0.3654295118173566,-0.07281685774578035,-1.06796591568802,-0.28098818225237326,-0.5749226681888684,0.010008714646709188,-0.2229574022488396,-0.12014567606486325,1.2215678365422902,-0.6504436355879909,1.1636792323770762,0.3952847075210472
-0.6363121593523321,-0.5116779038961025,-0.3686453068253649,0.7220974897823185,0.3831310473426478,-0.40664302806438585,-0.6499490123990609,0.010008714646709188,-0.2229574022488396,-0.12014567606486325,-0.6616825781270738,-0.6504436355879909,0.6763574207772439,0.3952847075210472
-0.7556770850685051,-0.5831714817900251,-0.3760687268658855,-0.18025449332201748,-0.3043602911295013,-0.5323715344308063,-0.7250193380575931,0.010008714646709188,-0.2229574022488396,-0.12014567606486325,-0.6616825781270738,-0.6504436355879909,0.264008195577387,0.3952847075210472
-0.7266752778076008,-0.5093645925714243,-0.36836361770706955,0.6926327116458434,0.3334633450333438,-0.5323715344308063,-0.4096503375223566,0.010008714646709188,-0.2229574022488396,-0.12014567606486325,1.2215678365422902,-0.6504436355879909,0.4077056528440038,0.3952847075210472
-0.70900298163771,-0.49987413857688057,-0.36718075450308785,0.10214404540550143,-0.6234343629230028,-0.5323715344308063,-0.5174843436549809,0.010008714646709188,-0.2229574022488396,-0.12014567606486325,-0.6616825781270738,-0.6504436355879909,0.5201645324439633,0.3952847075210472
-0.7015404312472298,-0.5070137693047709,-0.36807469636857404,-0.06107197500261844,-0.31979351113240395,-0.5323715344308063,-0.6256943039526748,0.010008714646709188,-0.2229574022488396,-0.12014567606486325,-0.6616825781270738,1.5374122295716144,0.8575411712438483,0.3952847075210472
-0.7042969647965637,-0.5005894404743998,-0.367271433008742,-0.13550240828912044,-0.28057449800872325,-0.5473765869837977,-0.7339785964965154,0.010008714646709188,-0.2229574022488396,-0.12014567606486325,1.2215678365422902,-0.6504436355879909,-0.1608364606891338,0.3952847075210472
-0.48085435797936266,0.13350261532211627,-0.18929259871502066,1.5878821103517895,1.2507953889950967,-0.5473765869837977,0.3165806424071539,0.010008714646709188,-0.2229574022488396,-0.12014567606486325,1.2215678365422902,-0.6504436355879909,0.43269651497732925,0.3952847075210472
-0.25944439476362013,0.25793516496845126,-0.13143048635259838,-0.12802163937813266,-1.758409218068778,-0.5473765869837977,0.20214015787918718,0.010008714646709188,-0.2229574022488396,-0.12014567606486325,-0.6616825781270738,-0.6504436355879909,0.057833582977457124,0.3952847075210472
-0.16515362425087723,0.14697202419230287,-0.1833924143034764,-0.6500915478673877,-0.719441882939059,-0.5473765869837977,-0.3192313618880979,-4.608032397685742,4.508236106706914,3.9489655899245943,-0.6616825781270738,-0.6504436355879909,-0.24205676262243814,0.3952847075210472
0.28122059847031805,0.03572724625128632,-0.2294792850364466,-0.5261888823002282,0.5453999850311586,0.14724608674897535,0.7168225456835385,0.010008714646709188,-0.2229574022488396,-0.12014567606486325,1.2215678365422902,-0.6504436355879909,0.7700731537772121,0.3952847075210472
0.38331496551949146,0.13232848435741873,-0.18980274084453747,-0.9944615873839124,-0.17732826016929698,0.14724608674897535,0.6484067577731512,0.010008714646709188,-0.2229574022488396,-0.12014567606486325,-0.6616825781270738,-0.6504436355879909,0.2827513421773805,0.3952847075210472
0.4997195224005066,0.14791462491176166,-0.1829762132063,-1.9694386114524651,1.386106210879136,0.14724608674897535,0.5804771125725201,0.010008714646709188,-0.2229574022488396,-0.12014567606486325,-0.6616825781270738,-0.6504436355879909,-0.12959788302247865,0.3952847075210472
0.7570022696704687,-0.600246682448401,-0.3774741998003967,-0.06683766113835793,-0.3061756533257048,1.547751857736499,0.5169865122690956,0.010008714646709188,-0.2229574022488396,-0.12014567606486325,-0.6616825781270738,1.5374122295716144,-0.24205676262243814,0.3952847075210472
0.6485549079491639,-0.5346723690618862,-0.3713039012569539,-1.0010742666733523,0.40181127030592556,1.2921113849999888,0.36434798903792714,0.010008714646709188,-0.2229574022488396,-0.12014567606486325,1.2215678365422902,-0.6504436355879909,0.4389442305106595,0.3952847075210472
0.3612463433416328,-0.020507049947655186,-0.2504875905868443,-1.7606776602214675,1.1013438608627988,0.20390594761509215,-0.28540073484962597,0.010008714646709188,-0.2229574022488396,-0.12014567606486325,-0.6616825781270738,-0.6504436355879909,0.06408129851078903,0.3952847075210472
0.03450908380089897,0.1467992984196961,-0.18346863377571285,-0.18363616154346413,-1.4759848175500065,-0.12449140765238458,-0.48148113950728044,0.010008714646709188,-0.2229574022488396,-0.12014567606486325,-0.6616825781270738,-0.6504436355879909,-0.11085473642248514,0.3952847075210472
-0.3573879205692595,0.1291674071804081,-0.19117285090777997,0.8727800977139488,0.6081649529059655,-0.5855198912518723,-0.7567533065113766,0.010008714646709188,-0.2229574022488396,-0.12014567606486325,-0.6616825781270738,-0.6504436355879909,-0.14834102962247217,0.3952847075210472
-0.7286517939015664,-0.2840439698705712,-0.3284627470508483,0.2388619143766719,-0.8383459972111346,-0.728844946811443,-0.8423302286178644,0.010008714646709188,-0.2229574022488396,-0.12014567606486325,-0.6616825781270738,-0.6504436355879909,-0.0639968699225005,-2.5298221281347035
-0.9000046848413583,-0.44197927656261027,-0.35901687890302264,1.4855837916157177,1.0553774735427695,-0.728844946811443,-0.8423302286178644,0.010008714646709188,-0.2229574022488396,-0.12014567606486325,1.2215678365422902,1.5374122295716144,1.4823127245769672,-2.5298221281347035
-1.0110286749585362,-0.6812200386570425,-0.38220988854779925,1.7803919677006277,1.4730696624090243,-0.728844946811443,-0.8423302286178644,0.010008714646709188,-0.2229574022488396,-0.12014567606486325,1.2215678365422902,-0.6504436355879909,-0.7356262897556016,-2.5298221281347035
-1.037358494378689,-0.7610696737547553,-0.3837592765353673,-0.13180275107504824,-0.8857905995964451,-0.728844946811443,-0.8423302286178644,0.010008714646709188,-0.2229574022488396,-0.12014567606486325,-0.6616825781270738,-0.6504436355879909,-0.07336844322249754,-2.5298221281347035
-1.037358494378689,-0.7610696737547553,-0.3837592765353673,-0.13180275107504824,-0.8857905995964451,-0.728844946811443,-0.8423302286178644,0.010008714646709188,-0.2229574022488396,-0.12014567606486325,-0.6616825781270738,1.5374122295716144,-0.05462529662250402,-2.5298221281347035
0.4395631526102361,3.7179452673295454,4.491293652645581,1.7803919676939648,1.4730696628565265,-0.728844946811443,3.95794609401452,0.010008714646709188,-0.2229574022488396,-0.12014567606486325,-2.5449329927964377,1.5374122295716144,-1.4978475848220054,0.3952847075210472
1.7527140095018194,4.140905541964026,5.455483540890371,-0.0979197145166738,-1.8279003462537216,-0.728844946811443,3.425659870404869,0.010008714646709188,-0.2229574022488396,-0.12014567606486325,1.2215678365422902,1.5374122295716144,0.4077056528440038,0.3952847075210472
2.6964084664215053,3.248432680482099,3.5228075564684724,-1.4513917777522911,0.6770884180976533,-0.728844946811443,2.224856285024567,0.010008714646709188,-0.2229574022488396,-0.12014567606486325,1.2215678365422902,-0.6504436355879909,-0.8855714625555504,0.3952847075210472
3.5926738112957937,0.9552308680712741,0.3320560485938324,0.11447854008767236,-1.3154200685714208,4.149930646001497,2.0707026479516832,0.010008714646709188,-0.2229574022488396,-0.12014567606486325,-0.6616825781270738,-0.6504436355879909,-0.7981034450889144,0.3952847075210472
2.9900784420573836,0.48982383703595056,-0.0035217361230533302,1.6703908138437173,1.3349020095298405,4.030506431035849,1.9993965061061911,0.010008714646709188,-0.2229574022488396,-0.12014567606486325,-0.6616825781270738,1.5374122295716144,-0.23580904708910844,0.3952847075210472
2.0862159169727734,0.751762846861102,0.17239594170506187,-1.965867631365461,1.3876903499229734,1.4990956235372324,0.4879347128624313,0.010008714646709188,-0.2229574022488396,-0.12014567606486325,1.2215678365422902,-0.6504436355879909,1.8446802255101753,0.3952847075210472
1.4761613824704851,1.0488182935247254,0.4122492107834118,-0.18025868851441998,-1.780454802637682,1.087307289339479,0.24206299097529257,0.010008714646709188,-0.2229574022488396,-0.12014567606486325,-0.6616825781270738,1.5374122295716144,1.957139105110137,0.3952847075210472
0.8375389531265162,0.9214423498453804,0.30414920781208427,1.4999999239997004,1.1522171715411793,0.6736213820934045,-0.004941739096029761,0.010008714646709188,-0.2229574022488396,-0.12014567606486325,1.2215678365422902,1.5374122295716144,2.3257543215766767,0.3952847075210472
0.19936856406714476,-0.2833745793578033,-0.3283074474822379,0.5094768744601594,-0.44549321713010903,0.5566578258155847,-0.07477866402032916,0.010008714646709188,-0.2229574022488396,-0.12014567606486325,1.2215678365422902,-0.6504436355879909,-0.9168100402222058,0.3952847075210472
0.004652954372541197,-0.44669312831439484,-0.3597425071646864,1.149263951278588,0.776232770679359,0.43917093767206794,-0.1449280613879968,0.010008714646709188,-0.2229574022488396,-0.12014567606486325,-0.6616825781270738,-0.6504436355879909,-1.8164810770218969,0.3952847075210472
-0.13285616979771506,-0.5995635898874084,-0.3774206949257572,-0.00389205073495636,-0.34843408728766656,0.3387832471820464,-0.20486782234587148,0.010008714646709188,-0.2229574022488396,-0.12014567606486325,-0.6616825781270738,1.5374122295716144,-2.078885129421805,0.3952847075210472
-0.21822127561194163,-0.5963891297185202,-0.3771690719186746,-0.23318902047511939,-0.0835562417110663,0.20894069672921697,-0.28239457286990083,0.010008714646709188,-0.2229574022488396,-0.12014567606486325,1.2215678365422902,-0.6504436355879909,-1.3916364207553757,0.3952847075210472
-0.30606076837366036,-0.5864325365478591,-0.37634809383130563,-0.34298924658193825,-0.3745287387807182,0.07850793881861245,-0.3602737261014924,0.010008714646709188,-0.2229574022488396,-0.12014567606486325,-0.6616825781270738,-0.6504436355879909,-1.5040953003553372,0.3952847075210472
-0.42130043572976195,-0.5102583294628462,-0.3684727552720455,-0.8789951789410715,0.2623420718577745,-0.1881304297591176,-0.5194789035165007,0.010008714646709188,-0.2229574022488396,-0.12014567606486325,-0.6616825781270738,1.5374122295716144,-0.8668283159555569,0.3952847075210472
-0.5389442572382177,-0.4990060903776981,-0.3670703784249651,-0.07274289190658119,-1.0679167055281855,-0.3016050131731636,-0.5872326228363848,0.010008714646709188,-0.2229574022488396,-0.12014567606486325,1.2215678365422902,-0.6504436355879909,1.1636792323770762,0.3952847075210472
-0.6547581656327509,-0.5231147121418023,-0.3699997388387887,0.722207662649799,0.38319417468063066,-0.42148652308343315,-0.6588118076170616,0.010008714646709188,-0.2229574022488396,-0.12014567606486325,-0.6616825781270738,-0.6504436355879909,0.6763574207772439,0.3952847075210472
-0.7686442426775945,-0.5913469825231822,-0.37675933952272755,-0.180088934110087,-0.3043840599227664,-0.5414252274308649,-0.7304251422110759,0.010008714646709188,-0.2229574022488396,-0.12014567606486325,-0.6616825781270738,-0.6504436355879909,0.264008195577387,0.3952847075210472
-0.7404951125754963,-0.5196324950896066,-0.369594079890614,0.7033311138452352,0.34306959651303065,-0.5414252274308649,-0.4279888755876096,0.010008714646709188,-0.2229574022488396,-0.12014567606486325,1.2215678365422902,-0.6504436355879909,0.4077056528440038,0.3952847075210472
-0.7232756838481638,-0.5104251168517544,-0.36849307932272535,0.10310024527207305,-0.6301574038659096,-0.5414252274308649,-0.531266203644412,0.010008714646709188,-0.2229574022488396,-0.12014567606486325,-0.6616825781270738,-0.6504436355879909,0.5201645324439633,0.3952847075210472
-0.7159150087133864,-0.5174733038010877,-0.36933958608794576,-0.06464939279891647,-0.3178406941062156,-0.5414252274308649,-0.6348882131324844,0.010008714646709188,-0.2229574022488396,-0.12014567606486325,-0.6616825781270738,1.5374122295716144,0.8575411712438483,0.3952847075210472
-0.718423544090951,-0.5116245655929706,-0.36863884117731355,-0.1353446736682446,-0.28051733556434744,-0.5550803143353868,-0.7385783594125156,0.010008714646709188,-0.2229574022488396,-0.12014567606486325,1.2215678365422902,-0.6504436355879909,-0.1608364606891338,0.3952847075210472
-0.5047763300916166,0.09462772345836401,-0.20582700016778702,1.5874674989700364,1.2503242341630096,-0.5550803143353868,0.26640521420601876,0.010008714646709188,-0.2229574022488396,-0.12014567606486325,1.2215678365422902,-0.6504436355879909,0.43269651497732925,0.3952847075210472
-0.2930502864360549,0.2136579637164209,-0.15288216871043314,-0.12805560891730255,-1.7582006565394408,-0.5550803143353868,0.15688371704805656,0.010008714646709188,-0.2229574022488396,-0.12014567606486325,-0.6616825781270738,-0.6504436355879909,0.057833582977457124,0.3952847075210472
-0.20291576525270694,0.10758560004367977,-0.20039732002714428,-0.6497552028648818,-0.7199443098313218,-0.5550803143353868,-0.3419338720742821,4.62804982697916,4.508236106706914,4.133577234512778,-0.6616825781270738,-0.6504436355879909,-0.24205676262243814,0.3952847075210472
0.22299930330128917,-0.0012743811353678124,-0.24347548026686544,-0.5395462566196146,0.5469396809528911,0.10922370345120198,0.6457266395698835,0.010008714646709188,-0.2229574022488396,-0.12014567606486325,1.2215678365422902,-0.6504436355879909,0.7700731537772121,0.3952847075210472
0.319593313815088,0.09027666162409356,-0.20763190461723663,-1.000541044885957,-0.16612465121923523,0.10922370345120198,0.5803541244429397,0.010008714646709188,-0.2229574022488396,-0.12014567606486325,-0.6616825781270738,-0.6504436355879909,0.2827513421773805,0.3952847075210472
0.4299162407343461,0.10534391618306169,-0.201342480159202,-1.9690811479138695,1.3856932214466569,0.10922370345120198,0.5154542173949744,0.010008714646709188,-0.2229574022488396,-0.12014567606486325,-0.6616825781270738,-0.6504436355879909,-0.12959788302247865,0.3952847075210472
0.6750599216301172,-0.6074380914080514,-0.37802372323218975,-0.0662474580999761,-0.3063452239358839,1.443651073567112,0.4548297270279749,0.010008714646709188,-0.2229574022488396,-0.12014567606486325,-0.6616825781270738,1.5374122295716144,-0.24205676262243814,0.3952847075210472
0.5714996740836923,-0.5449152646815427,-0.3724054433232089,-1.0002491272691916,0.40131970507273196,1.1996420365303642,0.30913613371836846,-4.448789600708762,4.34509150294982,1.6646653264057003,1.2215678365422902,-0.6504436355879909,0.4389442305106595,0.3952847075210472
0.29726789583919544,-0.054281101777984286,-0.26236635865126656,-1.7605648474917543,1.101204478309888,0.16111357287613806,-0.31095132476909076,0.010008714646709188,-0.2229574022488396,-0.12014567606486325,-0.6616825781270738,-0.6504436355879909,0.06408129851078903,0.3952847075210472
-0.014558927252697211,0.10534417372358244,-0.20134237171279995,-0.1835584439400016,-1.4760302128964438,-0.15222816511293027,-0.49804227966118114,0.010008714646709188,-0.2229574022488396,-0.12014567606486325,-0.6616825781270738,-0.6504436355879909,-0.11085473642248514,0.3952847075210472
-0.3885405793832966,0.08845444624357893,-0.20838506116884642,0.8730369615636415,0.6083525578172693,-0.5920993512477095,-0.7606817887531468,0.010008714646709188,-0.2229574022488396,-0.12014567606486325,-0.6616825781270738,-0.6504436355879909,-0.14834102962247217,0.3952847075210472
-0.7428171838978844,-0.3059294658626154,-0.3334202607579912,0.23889759246727352,-0.8382978486166891,-0.728844946811443,-0.8423302286178644,0.010008714646709188,-0.2229574022488396,-0.12014567606486325,-0.6616825781270738,-0.6504436355879909,-0.0639968699225005,-2.5298221281347035
-0.9063088150248899,-0.45662381622565307,-0.36123585052207724,1.4855903545465812,1.0553875389237957,-0.728844946811443,-0.8423302286178644,0.010008714646709188,-0.2229574022488396,-0.12014567606486325,1.2215678365422902,1.5374122295716144,1.4823127245769672,-2.5298221281347035
-1.0122373679738352,-0.6848856048607378,-0.38234887542548895,1.7803919676936586,1.4730696628561735,-0.728844946811443,-0.8423302286178644,0.010008714646709188,-0.2229574022488396,-0.12014567606486325,1.2215678365422902,-0.6504436355879909,-0.7356262897556016,-2.5298221281347035
-1.037358494378689,-0.7610696737547553,-0.3837592765353673,-0.13180275107504824,-0.8857905995964451,-0.728844946811443,-0.8423302286178644,0.010008714646709188,-0.2229574022488396,-0.12014567606486325,-0.6616825781270738,-0.6504436355879909,-0.07336844322249754,-2.5298221281347035
-1.037358494378689,-0.7610696737547553,-0.3837592765353673,-0.13180275107504824,-0.8857905995964451,-0.728844946811443,-0.8423302286178644,0.010008714646709188,-0.2229574022488396,-0.12014567606486325,-0.6616825781270738,1.5374122295716144,-0.05462529662250402,-2.5298221281347035
0.43242981156321814,3.6963122029116815,4.444315622562433,1.7803919676939644,1.4730696628565279,-0.728844946811443,3.9347613785632465,0.010008714646709188,-0.2229574022488396,-0.12014567606486325,-2.5449329927964377,1.5374122295716144,-1.4978475848220054,0.3952847075210472
1.7392010141289307,4.117172182666695,5.3990779671583455,-0.09790345927766088,-1.8278673820011075,-0.728844946811443,3.4049247801788733,5.105778217910103,4.997669917978198,0.4328569169892182,1.2215678365422902,1.5374122295716144,0.4077056528440038,0.3952847075210472
2.678252265251839,3.2290213114531348,3.4850730747730365,-1.4512059922074536,0.676841996783594,-0.728844946811443,2.209764982860473,-4.448789600708762,4.34509150294982,0.5532114654500287,1.2215678365422902,-0.6504436355879909,-0.8855714625555504,0.3952847075210472
3.5700967940789976,0.9472018248624485,0.32537438794617457,0.11451899397535151,-1.3153429502891665,4.125866154883556,2.056334154781441,-4.448789600708762,4.34509150294982,0.5888533064290342,-0.6616825781270738,-0.6504436355879909,-0.7981034450889144,0.3952847075210472
2.9703175469663297,0.48394525522712845,-0.007087195797535013,1.6703904920697854,1.334901248025411,4.007005865692764,1.985364723303305,0.010008714646709188,-0.2229574022488396,-0.12014567606486325,-0.6616825781270738,1.5374122295716144,-0.23580904708910844,0.3952847075210472
2.0708215267909416,0.7442955253145622,0.16691914207766895,-1.9658300562581776,1.3876511346656477,1.4881371453423804,0.48139159427632533,0.010008714646709188,-0.2229574022488396,-0.12014567606486325,1.2215678365422902,-0.6504436355879909,1.8446802255101753,0.3952847075210472
1.4637625878753344,1.0398788184509047,0.404405272830063,-0.18026807530764863,-1.7804280401605355,1.0783386055390005,0.23670794435071776,0.010008714646709188,-0.2229574022488396,-0.12014567606486325,-0.6616825781270738,1.5374122295716144,1.957139105110137,0.3952847075210472
0.8282824591518946,0.9131410283412901,0.2973778304719286,1.499950805698012,1.1521610214405498,0.666661847292688,-0.009097157457551104,0.010008714646709188,-0.2229574022488396,-0.12014567606486325,1.2215678365422902,1.5374122295716144,2.3257543215766767,0.3952847075210472
0.19325576809865694,-0.28569101231041877,-0.328843936156636,0.5095033910944237,-0.44545935917798246,0.5502698233884022,-0.07859283024543717,0.010008714646709188,-0.2229574022488396,-0.12014567606486325,1.2215678365422902,-0.6504436355879909,-0.9168100402222058,0.3952847075210472
-0.0005140895604424957,-0.44822404149456513,-0.3599758455998245,1.149304078313794,0.7762679564466521,0.43336061339619053,-0.14839730593863668,0.010008714646709188,-0.2229574022488396,-0.12014567606486325,-0.6616825781270738,-0.6504436355879909,-1.8164810770218969,0.3952847075210472
-0.13735218038635277,-0.6003564621952304,-0.3774827774127736,-0.003858863920097106,-0.34841726933617256,0.3334672998407936,-0.20804188294377926,0.010008714646709188,-0.2229574022488396,-0.12014567606486325,-0.6616825781270738,1.5374122295716144,-2.078885129421805,0.3952847075210472
-0.22229770016867004,-0.597200172814925,-0.3772338249010518,-0.2331735371851386,-0.08355763635147898,0.2042651575144974,-0.2851862568055654,0.010008714646709188,-0.2229574022488396,-0.12014567606486325,1.2215678365422902,-0.6504436355879909,-1.3916364207553757,0.3952847075210472
-0.30970365338938805,-0.5872954267472493,-0.37642115089048733,-0.3429554956893275,-0.3745504313557974,0.07447988720649462,-0.362678806341687,0.010008714646709188,-0.2229574022488396,-0.12014567606486325,-0.6616825781270738,-0.6504436355879909,-1.5040953003553372,0.3952847075210472
-0.42437213393727163,-0.5115034559392525,-0.3686241551788594,-0.8789572342191238,0.2623244982507121,-0.19083152720300373,-0.521091682277723,0.010008714646709188,-0.2229574022488396,-0.12014567606486325,-0.6616825781270738,1.5374122295716144,-0.8668283159555569,0.3952847075210472
-0.5414317468542057,-0.5003098266172877,-0.3672360160874403,-0.07273526774144536,-1.0679116350024234,-0.3037408502560663,-0.5885078943718614,0.010008714646709188,-0.2229574022488396,-0.12014567606486325,1.2215678365422902,-0.6504436355879909,1.1636792323770762,0.3952847075210472
-0.6566692068142772,-0.5242997893044273,-0.3701364496638376,0.7222190329290143,0.3832006883223362,-0.42302419406678116,-0.6597299244770455,0.010008714646709188,-0.2229574022488396,-0.12014567606486325,-0.6616825781270738,-0.6504436355879909,0.6763574207772439,0.3952847075210472
-0.7699875973732928,-0.5921940211428381,-0.3768290346401892,-0.18007186128459648,-0.3043864980915036,-0.5423631060409034,-0.7309851333755185,0.010008714646709188,-0.2229574022488396,-0.12014567606486325,-0.6616825781270738,-0.6504436355879909,0.264008195577387,0.3952847075210472
-0.7419294495236864,-0.5207033597102505,-0.3697194571658922,0.7044319840612028,0.34406021252591396,-0.5423631060409034,-0.42989736397791256,0.010008714646709188,-0.2229574022488396,-0.12014567606486325,1.2215678365422902,-0.6504436355879909,0.4077056528440038,0.3952847075210472
-0.7247589207028413,-0.511526227054338,-0.36862691699390104,0.10319807594823785,-0.6308489959855579,-0.5423631060409034,-0.5327004091787172,-4.608032397685742,4.508236106706914,6.754343357908643,-0.6616825781270738,-0.6504436355879909,0.5201645324439633,0.3952847075210472
-0.7174101309305821,-0.5185636520396874,-0.36946838354755307,-0.0650181157536982,-0.3176388205694452,-0.5423631060409034,-0.6358449596817215,0.010008714646709188,-0.2229574022488396,-0.12014567606486325,-0.6616825781270738,1.5374122295716144,0.8575411712438483,0.3952847075210472
-0.7198936423179332,-0.5127730145556278,-0.36877775008565106,-0.13532826313930138,-0.2805113868656515,-0.5558819761058541,-0.7390570178481896,0.010008714646709188,-0.2229574022488396,-0.12014567606486325,1.2215678365422902,-0.6504436355879909,-0.1608364606891338,0.3952847075210472
-0.5072640492371756,0.09058729194757008,-0.20750335415232884,1.587424447099287,1.2502753126036266,-0.5558819761058541,0.26118926423790073,0.010008714646709188,-0.2229574022488396,-0.12014567606486325,1.2215678365422902,-0.6504436355879909,0.43269651497732925,0.3952847075210472
-0.2965441635178612,0.20905601726902792,-0.15505708591088627,-0.12805913553395556,-1.7581789995868895,-0.5558819761058541,0.15217930680922215,0.010008714646709188,-0.2229574022488396,-0.12014567606486325,-0.6616825781270738,-0.6504436355879909,0.057833582977457124,0.3952847075210472
-0.2068413043229448,0.1034916045031751,-0.20212162668876923,-0.6497202970112222,-0.719996443319192,-0.5558819761058541,-0.3442936022053941,0.010008714646709188,-0.2229574022488396,-0.12014567606486325,-0.6616825781270738,-0.6504436355879909,-0.24205676262243814,0.3952847075210472
0.21695369270496617,-0.005105535098134357,-0.24488663357250143,-0.5409278572768552,0.5471034861852843,0.10527160463972136,0.638357345351529,0.010008714646709188,-0.2229574022488396,-0.12014567606486325,1.2215678365422902,-0.6504436355879909,0.7700731537772121,0.3952847075210472
0.3129823644584437,0.08592553966374662,-0.20942763282192556,-1.001171227190092,-0.16496405316728033,0.10527160463972136,0.5733007159536024,0.010008714646709188,-0.2229574022488396,-0.12014567606486325,-0.6616825781270738,-0.6504436355879909,0.2827513421773805,0.3952847075210472
0.4226793080588694,0.10093773709527548,-0.20319313740671197,-1.9690440932877054,1.385650413036147,0.10527160463972136,0.5087152422827226,0.010008714646709188,-0.2229574022488396,-0.12014567606486325,-0.6616825781270738,-0.6504436355879909,-0.12959788302247865,0.3952847075210472
0.6665670644120799,-0.6081843246995,-0.3780793064137751,-0.06618649179032407,-0.30636272602599524,1.4328624123026676,0.44838800320616273,0.010008714646709188,-0.2229574022488396,-0.12014567606486325,-0.6616825781270738,1.5374122295716144,-0.24205676262243814,0.3952847075210472
0.5635137184041811,-0.5459774437191782,-0.37251675424074066,-1.0001638594168423,0.4012689457910697,1.19005916458884,0.30341436593328364,0.010008714646709188,-0.2229574022488396,-0.12014567606486325,1.2215678365422902,-0.6504436355879909,0.4389442305106595,0.3952847075210472
0.29063753137306597,-0.057781861314738295,-0.26356591107536254,-1.760553203293153,1.1011900937300045,0.15667954921588578,-0.31359880392694134,0.010008714646709188,-0.2229574022488396,-0.12014567606486325,-0.6616825781270738,-0.6504436355879909,0.06408129851078903,0.3952847075210472
-0.019643845449833847,0.10104755418842322,-0.2031471273344852,-0.1835504260304641,-1.476034896851916,-0.15510210621405254,-0.4997582603931555,0.010008714646709188,-0.2229574022488396,-0.12014567606486325,-0.6616825781270738,-0.6504436355879909,-0.11085473642248514,0.3952847075210472
-0.391768781602392,0.0842351228883094,-0.2101227939253071,0.8730634642408518,0.6083719169814277,-0.5927810719188727,-0.7610888324242396,0.010008714646709188,-0.2229574022488396,-0.12014567606486325,-0.6616825781270738,-0.6504436355879909,-0.14834102962247217,0.3952847075210472
-0.7442849452313188,-0.3081971742690306,-0.33392063327648946,0.23890127242308923,-0.838292882369587,-0.728844946811443,-0.8423302286178644,0.010008714646709188,-0.2229574022488396,-0.12014567606486325,-0.6616825781270738,-0.6504436355879909,-0.0639968699225005,-2.5298221281347035
-0.9069620150673926,-0.4581412091357042,-0.36145980966191343,1.485591031471875,1.0553885771022493,-0.728844946811443,-0.8423302286178644,0.010008714646709188,-0.2229574022488396,-0.12014567606486325,1.2215678365422902,1.5374122295716144,1.4823127245769672,-2.5298221281347035
-1.0123626048495284,-0.6852654068891804,-0.3823629029763617,1.7803919676936577,1.473069662595148,-0.728844946811443,-0.8423302286178644,0.010008714646709188,-0.2229574022488396,-0.12014567606486325,1.2215678365422902,-0.6504436355879909,-0.7356262897556016,-2.5298221281347035
-1.037358494378689,-0.7610696737547553,-0.3837592765353673,-0.13180275107504824,-0.8857905995964451,-0.728844946811443,-0.8423302286178644,0.010008714646709188,-0.2229574022488396,-0.12014567606486325,-0.6616825781270738,-0.6504436355879909,-0.07336844322249754,-2.5298221281347035
-1.037358494378689,-0.7610696737547553,-0.3837592765353673,-0.13180275107504824,-0.8857905995964451,-0.728844946811443,-0.8423302286178644,0.010008714646709188,-0.2229574022488396,-0.12014567606486325,-0.6616825781270738,1.5374122295716144,-0.05462529662250402,-2.5298221281347035
0.40878751120565343,3.624612924375797,4.290240724148576,1.7803919676939648,1.4730696628565279,-0.728844946811443,3.8579194046844276,0.010008714646709188,-0.2229574022488396,-0.12014567606486325,-2.5449329927964377,1.5374122295716144,-1.4978475848220054,0.3952847075210472
1.6944170856520562,4.038515989665078,5.214097823152696,-0.09784960305193699,-1.82775816651203,-0.728844946811443,3.3362104668028527,-3.811818412800837,3.6925130879214394,0.3014266865459251,1.2215678365422902,1.5374122295716144,0.4077056528440038,0.3952847075210472
2.6180855248788686,3.164688917370708,3.3613241143175334,-1.4505909917191837,0.6760264021938603,-0.728844946811443,2.159767917768449,0.010008714646709188,-0.2229574022488396,-0.12014567606486325,1.2215678365422902,-0.6504436355879909,-0.8855714625555504,0.3952847075210472
3.4952848139270025,0.9205714253551435,0.30343722326006306,0.11465306061753568,-1.3150873583127551,4.046145524387881,2.0087343393857795,0.010008714646709188,-0.2229574022488396,-0.12014567606486325,-0.6616825781270738,-0.6504436355879909,-0.7981034450889144,0.3952847075210472
2.9048461618459744,0.4644493045940435,-0.018791606382743964,1.6703893970083088,1.334898688356918,3.9291552478163,1.9388814602342939,0.010008714646709188,-0.2229574022488396,-0.12014567606486325,-0.6616825781270738,1.5374122295716144,-0.23580904708910844,0.3952847075210472
2.0198221947946475,0.7195583042013594,0.1489695726604413,-1.9657055997906263,1.387521256287623,1.451831647325141,0.459714206720266,0.010008714646709188,-0.2229574022488396,-0.12014567606486325,1.2215678365422902,-0.6504436355879909,1.8446802255101753,0.3952847075210472
1.4226880230026835,1.0102651263443425,0.3786981920632186,-0.18029912709811843,-1.7803394803790935,1.0486280117147313,0.2189682605005328,0.010008714646709188,-0.2229574022488396,-0.12014567606486325,-0.6616825781270738,1.5374122295716144,1.957139105110137,0.3952847075210472
0.7976182613685122,0.8856406421021936,0.2751850532686257,1.4997883035393353,1.1519752548778655,0.6436095295436971,-0.02286129934242518,0.010008714646709188,-0.2229574022488396,-0.12014567606486325,1.2215678365422902,1.5374122295716144,2.3257543215766767,0.3952847075210472
0.1730063041713172,-0.2933678929078978,-0.3306032682994272,0.5095911013599467,-0.44534736284714915,0.5291112885352156,-0.0912262269809157,0.010008714646709188,-0.2229574022488396,-0.12014567606486325,1.2215678365422902,-0.6504436355879909,-0.9168100402222058,0.3952847075210472
-0.017629357931043973,-0.45329714427269335,-0.3607409354745388,1.1494368024435884,0.7763843474813154,0.4141159521866869,-0.15988796168519545,0.010008714646709188,-0.2229574022488396,-0.12014567606486325,-0.6616825781270738,-0.6504436355879909,-1.8164810770218969,0.3952847075210472
-0.15224390187246212,-0.6029833777538358,-0.3776862838108118,-0.003749094042282553,-0.3483616307494874,0.3158604723080233,-0.21855461641129223,0.010008714646709188,-0.2229574022488396,-0.12014567606486325,-0.6616825781270738,1.5374122295716144,-2.078885129421805,0.3952847075210472
-0.23579930345277342,-0.5998870939338178,-0.37744606242982653,-0.2331223383256198,-0.08356224402946329,0.18877987869416113,-0.294432250077512,0.010008714646709188,-0.2229574022488396,-0.12014567606486325,1.2215678365422902,-0.6504436355879909,-1.3916364207553757,0.3952847075210472
-0.32176904742782747,-0.590153894979026,-0.37666057969628,-0.34284391959213456,-0.374622134301823,0.06113928557364044,-0.3706442498039708,0.010008714646709188,-0.2229574022488396,-0.12014567606486325,-0.6616825781270738,-0.6504436355879909,-1.5040953003553372,0.3952847075210472
-0.4345455123212585,-0.5156276967427129,-0.36912025688005745,-0.8788317324442524,0.2622663615242156,-0.19977709579563638,-0.5264329272098192,-4.528410999197251,4.426663804828366,6.501777776296341,-0.6616825781270738,1.5374122295716144,-0.8668283159555569,0.3952847075210472
-0.549670060493165,-0.5046279916495197,-0.36777873299235353,-0.07271003887782333,-1.0678948462153692,-0.31081424959979437,-0.5927312992908618,0.010008714646709188,-0.2229574022488396,-0.12014567606486325,1.2215678365422902,-0.6504436355879909,1.1636792323770762,0.3952847075210472
-0.6629982618226754,-0.5282248402326839,-0.3705843705447162,0.7222566045891976,0.383222219468563,-0.42811651899190006,-0.6627704639818546,0.010008714646709188,-0.2229574022488396,-0.12014567606486325,-0.6616825781270738,-0.6504436355879909,0.6763574207772439,0.3952847075210472
-0.7744364776510954,-0.5949993286664854,-0.37705736811303636,-0.18001541455337206,-0.30439458694532817,-0.5454690705338753,-0.7328396512784966,0.010008714646709188,-0.2229574022488396,-0.12014567606486325,-0.6616825781270738,-0.6504436355879909,0.264008195577387,0.3952847075210472
-0.7466831899797991,-0.5242593986435993,-0.37013180142140306,0.7080679377770827,0.34733481096849117,-0.5454690705338753,-0.4362294624861909,0.010008714646709188,-0.2229574022488396,-0.12014567606486325,1.2215678365422902,-0.6504436355879909,0.4077056528440038,0.3952847075210472
-0.7296772651975587,-0.5151836572934064,-0.36906724082884207,0.10352045584513599,-0.6331329284905838,-0.5454690705338753,-0.5374588085374864,0.010008714646709188,-0.2229574022488396,-0.12014567606486325,-0.6616825781270738,-0.6504436355879909,0.5201645324439633,0.3952847075210472
-0.7223696202811507,-0.5221837132403554,-0.36989185981678857,-0.06623674189904362,-0.31697083687579636,-0.5454690705338753,-0.6390192277954515,0.010008714646709188,-0.2229574022488396,-0.12014567606486325,-0.6616825781270738,1.5374122295716144,0.8575411712438483,0.3952847075210472
-0.7247711526817145,-0.5165834425209217,-0.36923404296280726,-0.13527382185412076,-0.28049165017931266,-0.5585416920831002,-0.7406450884484174,0.010008714646709188,-0.2229574022488396,-0.12014567606486325,1.2215678365422902,-0.6504436355879909,-0.1608364606891338,0.3952847075210472
-0.5155154882840374,0.0771887823995164,-0.2130055465471718,1.5872817359353506,1.250113146357821,-0.5585416920831002,0.2438912556526318,0.010008714646709188,-0.2229574022488396,-0.12014567606486325,1.2215678365422902,-0.6504436355879909,0.43269651497732925,0.3952847075210472
-0.30813168412589326,0.1937954229676003,-0.16219570839179565,-0.12807082487926083,-1.7581072088333984,-0.5585416920831002,0.13657800771973072,0.010008714646709188,-0.2229574022488396,-0.12014567606486325,-0.6616825781270738,-0.6504436355879909,0.057833582977457124,0.3952847075210472
-0.21985984000710448,0.08991493547752322,-0.20778154134705684,-0.6496046144657035,-0.7201692092091988,-0.5585416920831002,-0.3521189415531953,0.010008714646709188,-0.2229574022488396,-0.12014567606486325,-0.6616825781270738,-0.6504436355879909,-0.24205676262243814,0.3952847075210472
0.19691321558418623,-0.01779065437407067,-0.2495081121438632,-0.5455005059820625,0.5476517194958146,0.09216565073078693,0.613946629226515,0.010008714646709188,-0.2229574022488396,-0.12014567606486325,1.2215678365422902,-0.6504436355879909,0.7700731537772121,0.3952847075210472
0.2910756120629074,0.07152272551995177,-0.21530610317710094,-1.0032587597821048,-0.161120469026712,0.09216565073078693,0.5499369576847365,0.010008714646709188,-0.2229574022488396,-0.12014567606486325,-0.6616825781270738,-0.6504436355879909,0.2827513421773805,0.3952847075210472
0.39870486887040923,0.08635086192409779,-0.20925250610516763,-1.968921347057735,1.3855086100526315,0.09216565073078693,0.4863935677590068,0.010008714646709188,-0.2229574022488396,-0.12014567606486325,-0.6616825781270738,-0.6504436355879909,-0.12959788302247865,0.3952847075210472
0.6384354944190673,-0.6106573157214299,-0.37826157254682097,-0.0659848179635439,-0.3064205592432696,1.3971273247098495,0.4270511978900255,0.010008714646709188,-0.2229574022488396,-0.12014567606486325,-0.6616825781270738,1.5374122295716144,-0.24205676262243814,0.3952847075210472
0.5370617043913094,-0.5494965283211883,-0.3728816185821562,-0.9998818304530915,0.4011011089339051,1.1583184404910534,0.28446252626285806,0.010008714646709188,-0.2229574022488396,-0.12014567606486325,1.2215678365422902,-0.6504436355879909,0.4389442305106595,0.3952847075210472
0.2686760929473443,-0.06937806711689297,-0.26749686567089265,-1.7605146772641307,1.1011424994390226,0.14199392492973162,-0.32236733724942807,0.010008714646709188,-0.2229574022488396,-0.12014567606486325,-0.6616825781270738,-0.6504436355879909,0.06408129851078903,0.3952847075210472
-0.03648609370515699,0.08681547500888721,-0.20906110088954333,-0.18352390935977014,-1.4760503684364377,-0.16462060652634936,-0.5054415929871376,0.010008714646709188,-0.2229574022488396,-0.12014567606486325,-0.6616825781270738,-0.6504436355879909,-0.11085473642248514,0.3952847075210472
-0.40246102585285376,0.07025957385450986,-0.21581684648353558,0.8731510877915187,0.6084359238806664,-0.5950389202028114,-0.762436954746387,0.010008714646709188,-0.2229574022488396,-0.12014567606486325,-0.6616825781270738,-0.6504436355879909,-0.14834102962247217,0.3952847075210472
-0.7491461955184676,-0.31570788956872686,-0.3355600344439971,0.23891344244094173,-0.838276458174182,-0.728844946811443,-0.8423302286178644,0.010008714646709188,-0.2229574022488396,-0.12014567606486325,-0.6616825781270738,-0.6504436355879909,-0.0639968699225005,-2.5298221281347035
-0.9091254130214836,-0.4631668190502074,-0.36219357239663624,1.4855932699433796,1.0553920101761287,-0.728844946811443,-0.8423302286178644,0.010008714646709188,-0.2229574022488396,-0.12014567606486325,1.2215678365422902,1.5374122295716144,1.4823127245769672,-2.5298221281347035
-1.0127773874383925,-0.6865233053137594,-0.38240886140313224,1.7803919676939648,1.4730696628565279,-0.728844946811443,-0.8423302286178644,0.010008714646709188,-0.2229574022488396,-0.12014567606486325,1.2215678365422902,-0.6504436355879909,-0.7356262897556016,-2.5298221281347035
-1.037358494378689,-0.7610696737547553,-0.3837592765353673,-0.13180275107504824,-0.8857905995964451,-0.728844946811443,-0.8423302286178644,0.010008714646709188,-0.2229574022488396,-0.12014567606486325,-0.6616825781270738,-0.6504436355879909,-0.07336844322249754,-2.5298221281347035
-1.037358494378689,-0.7610696737547553,-0.3837592765353673,-0.13180275107504824,-0.8857905995964451,-0.728844946811443,-0.8423302286178644,0.010008714646709188,-0.2229574022488396,-0.12014567606486325,-0.6616825781270738,1.5374122295716144,-0.05462529662250402,-2.5298221281347035
0.3476755429587665,3.4392805342554924,3.903554960647835,1.7803919676939648,1.473069662856529,-0.728844946811443,3.659293881926961,0.010008714646709188,-0.2229574022488396,-0.12014567606486325,-2.5449329927964377,1.5374122295716144,-1.4978475848220054,0.3952847075210472
1.578676201535113,3.83523058595565,4.749947940708842,-0.09771053062597426,-1.8274761431561808,-0.728844946811443,3.158656097607487,0.010008714646709188,-0.2229574022488396,-0.12014567606486325,1.2215678365422902,1.5374122295716144,0.4077056528440038,0.3952847075210472
2.4626272101651656,2.9984232154793315,3.0508144896737255,-1.4490066971312971,0.6739262628727873,-0.728844946811443,2.0306787124757157,0.010008714646709188,-0.2229574022488396,-0.12014567606486325,1.2215678365422902,-0.6504436355879909,-0.8855714625555504,0.3952847075210472
3.302019113246351,0.851597876862359,0.24822170291273196,0.11499952195670099,-1.3144267236900096,3.8403429091930863,1.8858531425072877,0.010008714646709188,-0.2229574022488396,-0.12014567606486325,-0.6616825781270738,-0.6504436355879909,-0.7981034450889144,0.3952847075210472
2.7357742953756836,0.4139676382925335,-0.0482398833282619,1.6703863632514129,1.3348918179078249,3.7281932310433925,1.8188905013011587,0.010008714646709188,-0.2229574022488396,-0.12014567606486325,-0.6616825781270738,1.5374122295716144,-0.23580904708910844,0.3952847075210472
1.888158381254776,0.6557011318619212,0.10400895488067538,-1.965384469456998,1.3871862110500561,1.3580907409322187,0.40374312606546436,0.010008714646709188,-0.2229574022488396,-0.12014567606486325,1.2215678365422902,-0.6504436355879909,1.8446802255101753,0.3952847075210472
1.3166524534502788,0.9338224586405485,0.3143098652046476,-0.18037899440995575,-1.7801115142982498,0.9719342288466102,0.17317572369018294,-4.767275194662724,4.6713807104640095,2.0481785772605643,-0.6616825781270738,1.5374122295716144,1.957139105110137,0.3952847075210472
0.7184616678211168,0.8146481950713037,0.21959338508968343,1.499370284023888,1.1514973743428134,0.5841212763210789,-0.058380710741970085,0.010008714646709188,-0.2229574022488396,-0.12014567606486325,1.2215678365422902,1.5374122295716144,2.3257543215766767,0.3952847075210472
0.12073809774136911,-0.3132074636429592,-0.33501729837218447,0.5098167629274145,-0.4450591328627009,0.4745148626544829,-0.1238248125293174,0.010008714646709188,-0.2229574022488396,-0.12014567606486325,1.2215678365422902,-0.6504436355879909,-0.9168100402222058,0.3952847075210472
-0.061798607028203265,-0.4664042602318766,-0.3626597534203734,1.1497779411534517,0.7766835803916065,0.36446131509827984,-0.1895358902609104,0.010008714646709188,-0.2229574022488396,-0.12014567606486325,-0.6616825781270738,-0.6504436355879909,-1.8164810770218969,0.3952847075210472
-0.19066904447789723,-0.6097669689117374,-0.37819629399483357,-0.0034669405588286274,-0.34821854519581413,0.27043444593033006,-0.24567771436338315,0.010008714646709188,-0.2229574022488396,-0.12014567606486325,-0.6616825781270738,1.5374122295716144,-2.078885129421805,0.3952847075210472
-0.27063496109311547,-0.6068242475830363,-0.377977798200736,-0.23299077987252392,-0.08357407470714971,0.14883080740981763,-0.3182851524760452,0.010008714646709188,-0.2229574022488396,-0.12014567606486325,1.2215678365422902,-0.6504436355879909,-1.3916364207553757,0.3952847075210472
-0.3528971762103082,-0.5975324246931426,-0.37726025929673457,-0.3425573521250108,-0.37480621715200785,0.02672460765942412,-0.39119266124317426,0.010008714646709188,-0.2229574022488396,-0.12014567606486325,-0.6616825781270738,-0.6504436355879909,-1.5040953003553372,0.3952847075210472
-0.4607907746364181,-0.5262703616667858,-0.37036226432173974,-0.8785093693701372,0.26211711069652255,-0.22285209340564754,-0.5402106108490804,0.010008714646709188,-0.2229574022488396,-0.12014567606486325,-0.6616825781270738,1.5374122295716144,-0.8668283159555569,0.3952847075210472
-0.5709219563823648,-0.5157695890106256,-0.36913717789178063,-0.07264525658680443,-1.0678517252810922,-0.32905913549909754,-0.603625006419393,0.010008714646709188,-0.2229574022488396,-0.12014567606486325,1.2215678365422902,-0.6504436355879909,1.1636792323770762,0.3952847075210472
-0.6793241042755668,-0.5383514386680639,-0.3717054242312668,0.7223530476689378,0.3832774968407174,-0.44125086469145747,-0.670612755578829,0.010008714646709188,-0.2229574022488396,-0.12014567606486325,-0.6616825781270738,-0.6504436355879909,0.6763574207772439,0.3952847075210472
-0.7859117615143725,-0.602236026142464,-0.3776287280421725,-0.17987053418564578,-0.30441532979157454,-0.5534799752866407,-0.7376228245300499,0.010008714646709188,-0.2229574022488396,-0.12014567606486325,-0.6616825781270738,-0.6504436355879909,0.264008195577387,0.3952847075210472
-0.758970002829569,-0.533499803812693,-0.3711745484721149,0.7173763990919428,0.35573775239501626,-0.5534799752866407,-0.45264476971702233,0.010008714646709188,-0.2229574022488396,-0.12014567606486325,1.2215678365422902,-0.6504436355879909,0.4077056528440038,0.3952847075210472
-0.7424075200824766,-0.5246942314502019,-0.3701818012186252,0.10434061108694845,-0.6389782174088161,-0.5534799752866407,-0.5497937866407643,0.010008714646709188,-0.2229574022488396,-0.12014567606486325,-0.6616825781270738,-0.6504436355879909,0.5201645324439633,0.3952847075210472
-0.7352186591454696,-0.5315856228701417,-0.37096194774774066,-0.06936228267060572,-0.3152520147557648,-0.5534799752866407,-0.6472475899229756,0.010008714646709188,-0.2229574022488396,-0.12014567606486325,-0.6616825781270738,1.5374122295716144,0.8575411712438483,0.3952847075210472
-0.7374150857613242,-0.526461826732494,-0.3703841043686551,-0.13513273543168902,-0.28044048665824534,-0.5654361137517913,-0.7447616288802864,0.010008714646709188,-0.2229574022488396,-0.12014567606486325,1.2215678365422902,-0.6504436355879909,-0.1608364606891338,0.3952847075210472
-0.5368889194883192,0.042504950548551544,-0.22684345288675958,1.5869126893975956,1.2496938048893793,-0.5654361137517913,0.1991034188148581,0.010008714646709188,-0.2229574022488396,-0.12014567606486325,1.2215678365422902,-0.6504436355879909,0.43269651497732925,0.3952847075210472
-0.33813781986753505,0.15429105109864086,-0.18014939014296028,-0.1281010469698135,-1.757921554748759,-0.5654361137517913,0.0961850975823019,0.010008714646709188,-0.2229574022488396,-0.12014567606486325,-0.6616825781270738,-0.6504436355879909,0.057833582977457124,0.3952847075210472
-0.2535673358401822,0.05476610161410112,-0.2220183955317055,-0.6493056474736129,-0.7206156213533191,-0.5654361137517913,-0.3723774281254903,0.010008714646709188,-0.2229574022488396,-0.12014567606486325,-0.6616825781270738,-0.6504436355879909,-0.24205676262243814,0.3952847075210472
0.14508825744306808,-0.05049071224984406,-0.26106084734613544,-0.5572738643413079,0.5491063878389539,0.05823654178347093,0.5509448896232622,0.010008714646709188,-0.2229574022488396,-0.12014567606486325,1.2215678365422902,-0.6504436355879909,0.7700731537772121,0.3952847075210472
0.23447935466019776,0.03442282419327172,-0.2299840096172414,-1.0086466468117408,-0.151207324646813,0.05823654178347093,0.4896414905537,0.010008714646709188,-0.2229574022488396,-0.12014567606486325,-0.6616825781270738,-0.6504436355879909,0.2827513421773805,0.3952847075210472
0.33681374411112547,0.04876408972165109,-0.2243894603836705,-1.9686045296028913,1.3851426257850463,0.05823654178347093,0.42879133141592396,0.010008714646709188,-0.2229574022488396,-0.12014567606486325,-0.6616825781270738,-0.6504436355879909,-0.12959788302247865,0.3952847075210472
0.5658372156675995,-0.6170476488684333,-0.37871879372309575,-0.06546629186039658,-0.30656901938906267,1.3049143583487544,0.37199242391165627,0.010008714646709188,-0.2229574022488396,-0.12014567606486325,-0.6616825781270738,1.5374122295716144,-0.24205676262243814,0.3952847075210472
0.4688013880251599,-0.5585834064244548,-0.37379592480789114,-0.9991565667459493,0.40066986257774245,1.0764159999486989,0.23555998966686734,0.010008714646709188,-0.2229574022488396,-0.12014567606486325,1.2215678365422902,-0.6504436355879909,0.4389442305106595,0.3952847075210472
0.21200688748107444,-0.09930658658971872,-0.277340223405656,-1.7604156626306091,1.1010201886578732,0.10410612695004813,-0.3449894888602195,0.010008714646709188,-0.2229574022488396,-0.12014567606486325,-0.6616825781270738,-0.6504436355879909,0.06408129851078903,0.3952847075210472
-0.07994375921882896,0.05008689107605668,-0.22386839842519568,-0.18345581021331267,-1.4760900624933682,-0.18917703104455974,-0.5201038111178349,0.010008714646709188,-0.2229574022488396,-0.12014567606486325,-0.6616825781270738,-0.6504436355879909,-0.11085473642248514,0.3952847075210472
-0.430048587782823,0.03419653110925023,-0.23007148581585338,0.8733760784345656,0.6086002928901392,-0.6008637711889416,-0.7659148729455171,0.010008714646709188,-0.2229574022488396,-0.12014567606486325,-0.6616825781270738,-0.6504436355879909,-0.14834102962247217,0.3952847075210472
-0.7616877038388208,-0.3350849268200133,-0.33966295014210207,0.2389446910369068,-0.8382342853644543,-0.728844946811443,-0.8423302286178644,0.010008714646709188,-0.2229574022488396,-0.12014567606486325,-0.6616825781270738,-0.6504436355879909,-0.0639968699225005,-2.5298221281347035
-0.9147066667294294,-0.47613220789051236,-0.36402989697625593,1.4855990171738578,1.0554008245082351,-0.728844946811443,-0.8423302286178644,0.010008714646709188,-0.2229574022488396,-0.12014567606486325,1.2215678365422902,1.5374122295716144,1.4823127245769672,-2.5298221281347035
-1.0138474534782456,-0.6897684617444783,-0.38252387499806373,1.7803919676939657,1.4730696628565265,-0.728844946811443,-0.8423302286178644,0.010008714646709188,-0.2229574022488396,-0.12014567606486325,1.2215678365422902,-0.6504436355879909,-0.7356262897556016,-2.5298221281347035
-1.037358494378689,-0.7610696737547553,-0.3837592765353673,-0.13180275107504824,-0.8857905995964451,-0.728844946811443,-0.8423302286178644,0.010008714646709188,-0.2229574022488396,-0.12014567606486325,-0.6616825781270738,-0.6504436355879909,-0.07336844322249754,-2.5298221281347035
-1.037358494378689,-0.7610696737547553,-0.3837592765353673,-0.13180275107504824,-0.8857905995964451,-0.728844946811443,-0.8423302286178644,0.010008714646709188,-0.2229574022488396,-0.12014567606486325,-0.6616825781270738,1.5374122295716144,-0.05462529662250402,-2.5298221281347035
0.3972464771278501,3.5896127846084425,4.215936267170563,1.7803919676939657,1.473069662856524,-0.728844946811443,3.820408848362556,0.010008714646709188,-0.2229574022488396,-0.12014567606486325,-2.5449329927964377,1.5374122295716144,-1.4978475848220054,0.3952847075210472
1.6725572306714576,4.0001221443418435,5.124896944082445,-0.09782332387010438,-1.8277048749579972,-0.728844946811443,3.3026723358138756,0.010008714646709188,-0.2229574022488396,-0.12014567606486325,1.2215678365422902,1.5374122295716144,0.4077056528440038,0.3952847075210472
2.5887200526110505,3.133286849911578,3.301650038569701,-1.4502912016227931,0.6756289007450201,-0.728844946811443,2.135373233714605,-5.0857607886166845,4.997669917978198,0.6686309783779485,1.2215678365422902,-0.6504436355879909,-0.8855714625555504,0.3952847075210472
3.4587740487216965,0.9075609164133791,0.2928449634216359,0.11471849914125945,-1.3149625931361333,4.007250479537289,1.9855107780167485,0.010008714646709188,-0.2229574022488396,-0.12014567606486325,-0.6616825781270738,-0.6504436355879909,-0.7981034450889144,0.3952847075210472
2.8728989342078153,0.45492544461932416,-0.02444210210667222,1.670388846468247,1.3348974188582432,3.8911735944255734,1.9162032691740933,4.46880703000218,4.34509150294982,0.6248697791264145,-0.6616825781270738,1.5374122295716144,-0.23580904708910844,0.3952847075210472
1.9949395177370757,0.7074894648328942,0.14032024901694062,-1.9656448910004096,1.3874579086349408,1.4341171895351568,0.4491372090799473,0.010008714646709188,-0.2229574022488396,-0.12014567606486325,1.2215678365422902,-0.6504436355879909,1.8446802255101753,0.3952847075210472
1.4026481076968873,0.9958173587174978,0.3663110549750098,-0.18031425367030873,-1.7802963246868126,1.0341328907466019,0.21031347342809273,0.010008714646709188,-0.2229574022488396,-0.12014567606486325,-0.6616825781270738,1.5374122295716144,1.957139105110137,0.3952847075210472
0.7826578031068562,0.8722235153996053,0.2644908572129541,1.4997091374686797,1.1518847539621326,0.6323642551471561,-0.0295756590009072,0.010008714646709188,-0.2229574022488396,-0.12014567606486325,1.2215678365422902,1.5374122295716144,2.3257543215766767,0.3952847075210472
0.1631272871733315,-0.2971150599023833,-0.33145161452167177,0.5096338326248516,-0.44529279359021634,0.5187902065983294,-0.0973887672396249,0.010008714646709188,-0.2229574022488396,-0.12014567606486325,1.2215678365422902,-0.6504436355879909,-0.9168100402222058,0.3952847075210472
-0.025978606009932174,-0.45577310879380173,-0.36110980107305696,1.149501439992045,0.7764410366075547,0.4047287150215056,-0.165492919314854,4.62804982697916,4.508236106706914,3.0246982784066714,-0.6616825781270738,-0.6504436355879909,-1.8164810770218969,0.3952847075210472
-0.15950799141983799,-0.6042651925870293,-0.37778436812202704,-0.003695634339681398,-0.3483345281292612,0.3072723575497721,-0.2236824318155079,0.010008714646709188,-0.2229574022488396,-0.12014567606486325,-0.6616825781270738,1.5374122295716144,-2.078885129421805,0.3952847075210472
-0.2423851003694357,-0.6011980791417488,-0.3775483423606293,-0.23309740758376699,-0.08356448680594453,0.18122685631924215,-0.298942029647619,0.010008714646709188,-0.2229574022488396,-0.12014567606486325,1.2215678365422902,-0.6504436355879909,-1.3916364207553757,0.3952847075210472
-0.32765413849326813,-0.5915484599031067,-0.3767759488736601,-0.3427895999140391,-0.37465703619355023,0.054632460903569394,-0.3745293627437652,0.010008714646709188,-0.2229574022488396,-0.12014567606486325,-0.6616825781270738,-0.6504436355879909,-1.5040953003553372,0.3952847075210472
-0.43950761943487215,-0.5176395449437293,-0.36935926066566444,-0.8787706274171969,0.26223806039284125,-0.20414011596695078,-0.5290380114073578,0.010008714646709188,-0.2229574022488396,-0.12014567606486325,-0.6616825781270738,1.5374122295716144,-0.8668283159555569,0.3952847075210472
-0.5536882302135404,-0.5067343207422788,-0.36804017291243024,-0.072697756016739,-1.0678866710917159,-0.3142640883535029,-0.5947911385921858,0.010008714646709188,-0.2229574022488396,-0.12014567606486325,1.2215678365422902,-0.6504436355879909,1.1636792323770762,0.3952847075210472
-0.6660851393614649,-0.5301393598709269,-0.37080013584923144,0.7222748911053816,0.3832326999853629,-0.430600098939663,-0.664253366792568,0.010008714646709188,-0.2229574022488396,-0.12014567606486325,-0.6616825781270738,-0.6504436355879909,0.6763574207772439,0.3952847075210472
-0.7766062853109952,-0.5963675951111453,-0.377167348257282,-0.17998794037499452,-0.3043985243713111,-0.5469838711704021,-0.7337441126483026,0.010008714646709188,-0.2229574022488396,-0.12014567606486325,-0.6616825781270738,-0.6504436355879909,0.264008195577387,0.3952847075210472
-0.7490036626727513,-0.5259990963501713,-0.37033129111313745,0.709835753211107,0.3489284884221759,-0.5469838711704021,-0.43932423670370585,0.010008714646709188,-0.2229574022488396,-0.12014567606486325,1.2215678365422902,-0.6504436355879909,0.4077056528440038,0.3952847075210472
-0.7320795011588002,-0.5169734868291291,-0.3692803520363222,0.1036767878791542,-0.6342432386735347,-0.5469838711704021,-0.5397843940154086,0.010008714646709188,-0.2229574022488396,-0.12014567606486325,-0.6616825781270738,-0.6504436355879909,0.5201645324439633,0.3952847075210472
-0.7247929179267223,-0.5239543530400176,-0.37009667052367073,-0.06682969381112808,-0.3166453724497132,-0.5469838711704021,-0.6405705850870296,0.010008714646709188,-0.2229574022488396,-0.12014567606486325,-0.6616825781270738,1.5374122295716144,0.8575411712438483,0.3952847075210472
-0.7271549663770361,-0.5184457849692592,-0.369454488345895,-0.13524721768105832,-0.2804820041338149,-0.5598415638105679,-0.7414212194684657,0.010008714646709188,-0.2229574022488396,-0.12014567606486325,1.2215678365422902,-0.6504436355879909,-0.1608364606891338,0.3952847075210472
-0.5195469523633217,0.07064429241507862,-0.21566137133283197,1.5872120586981073,1.250033971578207,-0.5598415638105679,0.23544130423783768,0.010008714646709188,-0.2229574022488396,-0.12014567606486325,1.2215678365422902,-0.6504436355879909,0.43269651497732925,0.3952847075210472
-0.3137924045138314,0.18634137695734249,-0.1656414280800511,-0.12807653158769092,-1.7580721573013252,-0.5598415638105679,0.12895702928858155,0.010008714646709188,-0.2229574022488396,-0.12014567606486325,-0.6616825781270738,-0.6504436355879909,0.057833582977457124,0.3952847075210472
-0.2262193023492761,0.08328312492000106,-0.2105136789562925,-0.6495481480771836,-0.7202535325839521,-0.5598415638105679,-0.35594134312486214,0.010008714646709188,-0.2229574022488396,-0.12014567606486325,-0.6616825781270738,-0.6504436355879909,-0.24205676262243814,0.3952847075210472
0.1871285925978092,-0.02397590013232088,-0.2517331754300457,-0.5477290299126168,0.5479222991795641,0.08576385566565917,0.6020380745094497,0.010008714646709188,-0.2229574022488396,-0.12014567606486325,1.2215678365422902,-0.6504436355879909,0.7700731537772121,0.3952847075210472
0.28038411118741974,0.06450213651355068,-0.2181349888719418,-1.0042771625691234,-0.15924593229093933,0.08576385566565917,0.5385394806056596,0.010008714646709188,-0.2229574022488396,-0.12014567606486325,-0.6616825781270738,-0.6504436355879909,0.2827513421773805,0.3952847075210472
0.3870079391519594,0.07923954561298743,-0.2121690412663924,-1.9688614646706473,1.3854394323257948,0.08576385566565917,0.4755047543152254,-4.448789600708762,4.34509150294982,1.439343876716263,-0.6616825781270738,-0.6504436355879909,-0.12959788302247865,0.3952847075210472
0.6247122754938386,-0.6118643549780352,-0.37834945519600893,-0.06588658838273705,-0.30644870788473605,1.3796955256592305,0.416642970914591,-4.767275194662724,4.6713807104640095,1.6288560423699225,-0.6616825781270738,1.5374122295716144,-0.24205676262243814,0.3952847075210472
0.524158093032767,-0.5512136335460902,-0.3730574659336316,-0.9997444546748305,0.40101938463074754,1.1428353708601273,0.27521785205985816,0.010008714646709188,-0.2229574022488396,-0.12014567606486325,1.2215678365422902,-0.6504436355879909,0.4389442305106595,0.3952847075210472
0.25796327696419186,-0.07503516045682579,-0.2693908245676314,-1.7604959147002135,1.101119321151962,0.13483080534159875,-0.3266443125810603,0.010008714646709188,-0.2229574022488396,-0.12014567606486325,-0.6616825781270738,-0.6504436355879909,0.06408129851078903,0.3952847075210472
-0.044701604912062556,0.07987272005619891,-0.21191035676821904,-0.18351099972305318,-1.4760578968403086,-0.16926334274742427,-0.5082136908202813,0.010008714646709188,-0.2229574022488396,-0.12014567606486325,-0.6616825781270738,-0.6504436355879909,-0.11085473642248514,0.3952847075210472
-0.4076765058937007,0.06344223737062145,-0.2185599848633418,0.8731937428734057,0.6084670837950132,-0.5961401995983281,-0.763094509705495,0.010008714646709188,-0.2229574022488396,-0.12014567606486325,-0.6616825781270738,-0.6504436355879909,-0.14834102962247217,0.3952847075210472
-0.7515173269151736,-0.3193713434050717,-0.33634972708051464,0.2389193669728291,-0.8382684625708668,-0.728844946811443,-0.8423302286178644,0.010008714646709188,-0.2229574022488396,-0.12014567606486325,-0.6616825781270738,-0.6504436355879909,-0.0639968699225005,-2.5298221281347035
-0.910180629036164,-0.46561810697721606,-0.3625470181940428,1.485594359619695,1.0553936813771465,-0.728844946811443,-0.8423302286178644,0.010008714646709188,-0.2229574022488396,-0.12014567606486325,1.2215678365422902,1.5374122295716144,1.4823127245769672,-2.5298221281347035
-1.0129797001987275,-0.6871368530114154,-0.3824309988856365,1.7803919676939652,1.4730696628565256,-0.728844946811443,-0.8423302286178644,0.010008714646709188,-0.2229574022488396,-0.12014567606486325,1.2215678365422902,-0.6504436355879909,-0.7356262897556016,-2.5298221281347035
-1.037358494378689,-0.7610696737547553,-0.3837592765353673,-0.13180275107504824,-0.8857905995964451,-0.728844946811443,-0.8423302286178644,0.010008714646709188,-0.2229574022488396,-0.12014567606486325,-0.6616825781270738,-0.6504436355879909,-0.07336844322249754,-2.5298221281347035
-1.037358494378689,-0.7610696737547553,-0.3837592765353673,-0.13180275107504824,-0.8857905995964451,-0.728844946811443,-0.8423302286178644,0.010008714646709188,-0.2229574022488396,-0.12014567606486325,-0.6616825781270738,1.5374122295716144,-0.05462529662250402,-2.5298221281347035
0.32738265356512974,3.377738911531513,3.7788437485863464,1.780391967693964,1.473069662856529,-0.728844946811443,3.5933381308736356,0.010008714646709188,-0.2229574022488396,-0.12014567606486325,-2.5449329927964377,1.5374122295716144,-1.4978475848220054,0.3952847075210472
1.540249285303715,3.7677368840659757,4.600284571140497,-0.09766439399143194,-1.8273825840954667,-0.728844946811443,3.0997170605632625,0.010008714646709188,-0.2229574022488396,-0.12014567606486325,1.2215678365422902,1.5374122295716144,0.4077056528440038,0.3952847075210472
2.411025949890439,2.9432206128945486,2.950691713979403,-1.4484823260365818,0.6732314451027525,-0.728844946811443,1.9878595880446248,0.010008714646709188,-0.2229574022488396,-0.12014567606486325,1.2215678365422902,-0.6504436355879909,-0.8855714625555504,0.3952847075210472
3.237878878526182,0.8286507681318463,0.23036438480754676,0.11511454179282915,-1.3142073647140624,3.772087628730453,1.845099090142176,0.010008714646709188,-0.2229574022488396,-0.12014567606486325,-0.6616825781270738,-0.6504436355879909,-0.7981034450889144,0.3952847075210472
2.67968366201941,0.3971769582127308,-0.05776017364923072,1.6703852916220916,1.334889456181851,3.6615475048007227,1.7790974860385291,0.010008714646709188,-0.2229574022488396,-0.12014567606486325,-0.6616825781270738,1.5374122295716144,-0.23580904708910844,0.3952847075210472
1.8444894433751386,0.6345236275202762,0.08953588566924439,-1.9652780164540908,1.387075169186604,1.326995950776481,0.38517696242655236,0.010008714646709188,-0.2229574022488396,-0.12014567606486325,1.2215678365422902,-0.6504436355879909,1.8446802255101753,0.3952847075210472
1.2814854456328755,0.9084719926685194,0.293584020165701,-0.18040538930740302,-1.7800361164444733,0.9465001769546926,0.1579894893705154,0.010008714646709188,-0.2229574022488396,-0.12014567606486325,-0.6616825781270738,1.5374122295716144,1.957139105110137,0.3952847075210472
0.6922104862176639,0.7911036157552895,0.20169734761775102,1.4992321178825336,1.1513394176206602,0.5643988500752545,-0.07015663176289975,0.010008714646709188,-0.2229574022488396,-0.12014567606486325,1.2215678365422902,1.5374122295716144,2.3257543215766767,0.3952847075210472
0.1034052718072894,-0.3197940954252282,-0.33644043555750985,0.5098913608406048,-0.44496382472406126,0.45641575959277514,-0.13463147523642027,0.010008714646709188,-0.2229574022488396,-0.12014567606486325,1.2215678365422902,-0.6504436355879909,-0.9168100402222058,0.3952847075210472
-0.07644288486983773,-0.470754662385769,-0.3632781755924374,1.149890607836111,0.7767824306847305,0.34800150206014996,-0.19936376112935,0.010008714646709188,-0.2229574022488396,-0.12014567606486325,-0.6616825781270738,-0.6504436355879909,-1.8164810770218969,0.3952847075210472
-0.2034070274285802,-0.6120174325110028,-0.37836054993853335,-0.0033737503859541953,-0.3481712639501754,0.2553772149652443,-0.25466812763346885,0.010008714646709188,-0.2229574022488396,-0.12014567606486325,-0.6616825781270738,1.5374122295716144,-2.078885129421805,0.3952847075210472
-0.2821822153028263,-0.6091252148910405,-0.3781490028683868,-0.23294734245280527,-0.0835779780361733,0.13559005353069176,-0.32619097856431195,0.010008714646709188,-0.2229574022488396,-0.12014567606486325,1.2215678365422902,-0.6504436355879909,-1.3916364207553757,0.3952847075210472
-0.3632148502361022,-0.5999793075308175,-0.37745328402476563,-0.34246277695999683,-0.3748669455601048,0.015318662851590574,-0.3980029544369221,0.010008714646709188,-0.2229574022488396,-0.12014567606486325,-0.6616825781270738,-0.6504436355879909,-1.5040953003553372,0.3952847075210472
-0.4694894896683119,-0.5297986953127309,-0.370761873430384,-0.8784029701073484,0.2620678733104985,-0.2304991841061526,-0.5447765569962032,0.010008714646709188,-0.2229574022488396,-0.12014567606486325,-0.6616825781270738,1.5374122295716144,-0.8668283159555569,0.3952847075210472
-0.5779652649484672,-0.5194628604900162,-0.36957416786530106,-0.07262388064386581,-1.0678374932047139,-0.3351052441356532,-0.6072350337507469,0.010008714646709188,-0.2229574022488396,-0.12014567606486325,1.2215678365422902,-0.6504436355879909,1.1636792323770762,0.3952847075210472
-0.6847345501513608,-0.5417080326885582,-0.3720660143947146,0.7223848591590711,0.38329573286689606,-0.44560321215674564,-0.6732114672874215,0.010008714646709188,-0.2229574022488396,-0.12014567606486325,-0.6616825781270738,-0.6504436355879909,0.6763574207772439,0.3952847075210472
-0.7897145134074255,-0.6046344172276061,-0.37781247300886306,-0.179822749259354,-0.3044221660567682,-0.5561345182818772,-0.7392078064318168,0.010008714646709188,-0.2229574022488396,-0.12014567606486325,-0.6616825781270738,-0.6504436355879909,0.264008195577387,0.3952847075210472
-0.7630496948627825,-0.5365836279041275,-0.3715133115474656,0.7204389623536397,0.3585085342764768,-0.5561345182818772,-0.458110824004811,0.010008714646709188,-0.2229574022488396,-0.12014567606486325,1.2215678365422902,-0.6504436355879909,0.4077056528440038,0.3952847075210472
-0.7466401634085332,-0.5278703172098986,-0.37054422051650776,0.10460882642230407,-0.6409008027446854,-0.5561345182818772,-0.553900934771348,0.010008714646709188,-0.2229574022488396,-0.12014567606486325,-0.6616825781270738,-0.6504436355879909,0.5201645324439633,0.3952847075210472
-0.7394946905791633,-0.5347217904129676,-0.3713093385503738,-0.07039242872224535,-0.3146837516651423,-0.5561345182818772,-0.649987321235553,0.010008714646709188,-0.2229574022488396,-0.12014567606486325,-0.6616825781270738,1.5374122295716144,0.8575411712438483,0.3952847075210472
-0.7416251664269153,-0.5297512611098257,-0.3707565412898342,-0.13508577074566097,-0.2804234505288742,-0.5677316570383234,-0.7461322582392402,0.010008714646709188,-0.2229574022488396,-0.12014567606486325,1.2215678365422902,-0.6504436355879909,-0.1608364606891338,0.3952847075210472
-0.5440003594592969,0.030971803804853426,-0.23131533700590706,1.586790093473503,1.2495545060514894,-0.5677316570383234,0.18420739482929027,0.010008714646709188,-0.2229574022488396,-0.12014567606486325,1.2215678365422902,-0.6504436355879909,0.43269651497732925,0.3952847075210472
-0.3481188093058003,0.14115487721593914,-0.18595139378812928,-0.12811108471687468,-1.7578598794915905,-0.5677316570383234,0.0827513677792817,0.010008714646709188,-0.2229574022488396,-0.12014567606486325,-0.6616825781270738,-0.6504436355879909,0.057833582977457124,0.3952847075210472
-0.26477814872222377,0.043077115999238164,-0.22661991726553157,-0.649206390858722,-0.7207638042368014,-0.5677316570383234,-0.3791143195922416,0.010008714646709188,-0.2229574022488396,-0.12014567606486325,-0.6616825781270738,-0.6504436355879909,-0.24205676262243814,0.3952847075210472
0.12787189331574944,-0.061320938199168534,-0.2647725387855938,-0.5611685565440557,0.5496012920928859,0.04695353089685093,0.5300550762196964,0.010008714646709188,-0.2229574022488396,-0.12014567606486325,1.2215678365422902,-0.6504436355879909,0.7700731537772121,0.3952847075210472
0.21569534876240076,0.022144344124260522,-0.23469443711923996,-1.0104331552005188,-0.14792259462555388,0.04695353089685093,0.46965033258554423,0.010008714646709188,-0.2229574022488396,-0.12014567606486325,-0.6616825781270738,-0.6504436355879909,0.2827513421773805,0.3952847075210472
0.31628730368959485,0.036320462984213514,-0.22924947606211662,-1.9684994745579134,1.3850212736885967,0.04695353089685093,0.40969435792960696,0.010008714646709188,-0.2229574022488396,-0.12014567606486325,-0.6616825781270738,-0.6504436355879909,-0.12959788302247865,0.3952847075210472
0.5417675291128329,-0.6191689889973361,-0.37886618550568474,-0.06529498722036618,-0.306617991357866,1.274343864293214,0.35373930844392515,0.010008714646709188,-0.2229574022488396,-0.12014567606486325,-0.6616825781270738,1.5374122295716144,-0.24205676262243814,0.3952847075210472
0.4461710717703314,-0.5615977999122581,-0.3740903636390283,-0.9989169208033971,0.4005274819716566,1.049264678988861,0.21934840356423674,0.010008714646709188,-0.2229574022488396,-0.12014567606486325,1.2215678365422902,-0.6504436355879909,0.4389442305106595,0.3952847075210472
0.19322032638258205,-0.10923007923003435,-0.28050791499322497,-1.7603829637242765,1.100979799437503,0.0915480315416974,-0.3524877113333976,0.010008714646709188,-0.2229574022488396,-0.12014567606486325,-0.6616825781270738,-0.6504436355879909,0.06408129851078903,0.3952847075210472
-0.09434989357861397,0.037909575769541896,-0.22863301957741416,-0.18343333700693862,-1.4761031490399839,-0.1973161927218058,-0.5249635643699542,0.010008714646709188,-0.2229574022488396,-0.12014567606486325,-0.6616825781270738,-0.6504436355879909,-0.11085473642248514,0.3952847075210472
-0.4391933731093155,0.022240987106339392,-0.23465764778942147,0.873450313580568,0.6086545319591365,-0.602794374841832,-0.7670676031347842,0.010008714646709188,-0.2229574022488396,-0.12014567606486325,-0.6616825781270738,-0.6504436355879909,-0.14834102962247217,0.3952847075210472
-0.7658446007943658,-0.34150752793255623,-0.34098261290111037,0.23895500141438167,-0.8382203702928843,-0.728844946811443,-0.8423302286178644,0.010008714646709188,-0.2229574022488396,-0.12014567606486325,-0.6616825781270738,-0.6504436355879909,-0.0639968699225005,-2.5298221281347035
-0.9165565533505131,-0.48042955314938696,-0.36462051507404775,1.4856009133169121,1.055403732553752,-0.728844946811443,-0.8423302286178644,0.010008714646709188,-0.2229574022488396,-0.12014567606486325,1.2215678365422902,1.5374122295716144,1.4823127245769672,-2.5298221281347035
-1.014202118929823,-0.6908440447720386,-0.3825608660827605,1.7803919676985047,1.4730696628388464,-0.728844946811443,-0.8423302286178644,0.010008714646709188,-0.2229574022488396,-0.12014567606486325,1.2215678365422902,-0.6504436355879909,-0.7356262897556016,-2.5298221281347035
-1.037358494378689,-0.7610696737547553,-0.3837592765353673,-0.13180275107504824,-0.8857905995964451,-0.728844946811443,-0.8423302286178644,0.010008714646709188,-0.2229574022488396,-0.12014567606486325,-0.6616825781270738,-0.6504436355879909,-0.07336844322249754,-2.5298221281347035
-1.037358494378689,-0.7610696737547553,-0.3837592765353673,-0.13180275107504824,-0.8857905995964451,-0.728844946811443,-0.8423302286178644,0.010008714646709188,-0.2229574022488396,-0.12014567606486325,-0.6616825781270738,1.5374122295716144,-0.05462529662250402,-2.5298221281347035
0.32143387242725985,3.359698225587158,3.742634030935186,1.7803919676939644,1.4730696628565232,-0.728844946811443,3.5740034604780537,0.010008714646709188,-0.2229574022488396,-0.12014567606486325,-2.5449329927964377,1.5374122295716144,-1.4978475848220054,0.3952847075210472
1.528985159878726,3.747952256834102,4.556832920369971,-0.09765087349363274,-1.827355166377704,-0.728844946811443,3.0824411804377867,0.010008714646709188,-0.2229574022488396,-0.12014567606486325,1.2215678365422902,1.5374122295716144,0.4077056528440038,0.3952847075210472
2.3959011594902693,2.9270389124122063,2.921623130878054,-1.448328771914867,0.6730280056271976,-0.728844946811443,1.9753116924214802,-4.448789600708762,4.34509150294982,0.6092408645156248,1.2215678365422902,-0.6504436355879909,-0.8855714625555504,0.3952847075210472
3.2190797845942596,0.8219197996738389,0.22517492402598466,0.11514825682194504,-1.314143061832641,3.7520867411653724,1.833156904663615,0.010008714646709188,-0.2229574022488396,-0.12014567606486325,-0.6616825781270738,-0.6504436355879909,-0.7981034450889144,0.3952847075210472
2.6632457626829087,0.3922522309003856,-0.0605264991205938,1.6703849713873369,1.3348887562483693,3.642018656831219,1.7674371472722823,0.010008714646709188,-0.2229574022488396,-0.12014567606486325,-0.6616825781270738,1.5374122295716144,-0.23580904708910844,0.3952847075210472
1.831692910711786,0.6283180599549272,0.08533618764898573,-1.9652468274743569,1.3870426379868368,1.3178837373313532,0.3797362167232494,0.010008714646709188,-0.2229574022488396,-0.12014567606486325,1.2215678365422902,-0.6504436355879909,1.8446802255101753,0.3952847075210472
1.2711804479033086,0.9010437221377547,0.28757003910674245,-0.18041311626088208,-1.7800140396953268,0.939047386028929,0.15353955627235644,0.010008714646709188,-0.2229574022488396,-0.12014567606486325,-0.6616825781270738,1.5374122295716144,1.957139105110137,0.3952847075210472
0.684518221272434,0.7842043662917503,0.19650432646542693,1.4991916728430006,1.1512931781843472,0.5586202427887487,-0.07360693864546539,0.010008714646709188,-0.2229574022488396,-0.12014567606486325,1.2215678365422902,1.5374122295716144,2.3257543215766767,0.3952847075210472
0.09832642506795151,-0.32172481359570476,-0.33685359906690804,0.509913207416825,-0.444935906866508,0.4511129229598123,-0.13779770765622124,0.010008714646709188,-0.2229574022488396,-0.12014567606486325,1.2215678365422902,-0.6504436355879909,-0.9168100402222058,0.3952847075210472
-0.08073367082826305,-0.47202978066365675,-0.3634576942003383,1.1499235769218494,0.7768113589708912,0.3431790580739746,-0.20224315937382722,0.010008714646709188,-0.2229574022488396,-0.12014567606486325,-0.6616825781270738,-0.6504436355879909,-1.8164810770218969,0.3952847075210472
-0.2071390941788559,-0.6126769489666701,-0.37840822009444924,-0.003346479908165284,-0.3481574260906201,0.25096578411384923,-0.2573021170142794,0.010008714646709188,-0.2229574022488396,-0.12014567606486325,-0.6616825781270738,1.5374122295716144,-2.078885129421805,0.3952847075210472
-0.2855653375105707,-0.6097994905593206,-0.3781986852001238,-0.23293462938030546,-0.08357912123126761,0.13171090841473795,-0.3285071493003474,0.010008714646709188,-0.2229574022488396,-0.12014567606486325,1.2215678365422902,-0.6504436355879909,-1.3916364207553757,0.3952847075210472
-0.36623767101497506,-0.6006962975850516,-0.37750929323393684,-0.3424350974595645,-0.3748847164488377,0.011977109032116108,-0.39999813866906736,0.010008714646709188,-0.2229574022488396,-0.12014567606486325,-0.6616825781270738,-0.6504436355879909,-1.5040953003553372,0.3952847075210472
-0.47203794939357485,-0.5308324785381475,-0.37087781073273035,-0.8783718514141067,0.26205348423056685,-0.232739467414382,-0.5461141915738861,4.62804982697916,4.508236106706914,7.065645959697363,-0.6616825781270738,1.5374122295716144,-0.8668283159555569,0.3952847075210472
-0.5800287023105992,-0.520544924619914,-0.3697009426485425,-0.07261763519779493,-1.0678333379839293,-0.33687648000378356,-0.6082926081806149,0.010008714646709188,-0.2229574022488396,-0.12014567606486325,1.2215678365422902,-0.6504436355879909,1.1636792323770762,0.3952847075210472
-0.6863195916852644,-0.542691435133976,-0.37217062162686537,0.7223941714858462,0.3833010689711239,-0.44687823350086675,-0.6739727605715857,0.010008714646709188,-0.2229574022488396,-0.12014567606486325,-0.6616825781270738,-0.6504436355879909,0.6763574207772439,0.3952847075210472
-0.7908285469860099,-0.6053370602614201,-0.3778657742422841,-0.17980877439707485,-0.3044241530164104,-0.5569121638462963,-0.7396721252045041,0.010008714646709188,-0.2229574022488396,-0.12014567606486325,-0.6616825781270738,-0.6504436355879909,0.264008195577387,0.3952847075210472
-0.7642456155168055,-0.5374890967838499,-0.37161190099553315,0.7213340609079579,0.35931893230006956,-0.5569121638462963,-0.4597146071558903,0.010008714646709188,-0.2229574022488396,-0.12014567606486325,1.2215678365422902,-0.6504436355879909,0.4077056528440038,0.3952847075210472
-0.7478814581595266,-0.5288030709810867,-0.37064972459582773,0.10468706426102632,-0.6414626626947736,-0.5569121638462963,-0.5551059836483507,0.010008714646709188,-0.2229574022488396,-0.12014567606486325,-0.6616825781270738,-0.6504436355879909,0.5201645324439633,0.3952847075210472
-0.7407490760110376,-0.5356424806493173,-0.3714104150325726,-0.07069368249393307,-0.31451740514508836,-0.5569121638462963,-0.6507911617229519,0.010008714646709188,-0.2229574022488396,-0.12014567606486325,-0.6616825781270738,1.5374122295716144,0.8575411712438483,0.3952847075210472
-0.7428604217383541,-0.5307164143828887,-0.37086482018804734,-0.13507199236410083,-0.2804184520454803,-0.5684051687486268,-0.746534400481191,0.010008714646709188,-0.2229574022488396,-0.12014567606486325,1.2215678365422902,-0.6504436355879909,-0.1608364606891338,0.3952847075210472
-0.5460863834534093,0.02758940337506959,-0.23261457567943553,1.5867541503707492,1.2495136663911715,-0.5684051687486268,0.17983845160909365,0.010008714646709188,-0.2229574022488396,-0.12014567606486325,1.2215678365422902,-0.6504436355879909,0.43269651497732925,0.3952847075210472
-0.35104630846747065,0.1373023382001975,-0.18763708404009788,-0.12811402745179648,-1.7578417972001212,-0.5684051687486268,0.0788113645252713,0.010008714646709188,-0.2229574022488396,-0.12014567606486325,-0.6616825781270738,-0.6504436355879909,0.057833582977457124,0.3952847075210472
-0.26806623530310125,0.039648896900377026,-0.22795688672362263,-0.6491772961116964,-0.7208072382147024,-0.5684051687486268,-0.38109013779028855,0.010008714646709188,-0.2229574022488396,-0.12014567606486325,-0.6616825781270738,-0.6504436355879909,-0.24205676262243814,0.3952847075210472
0.12282429599786102,-0.06449313107825899,-0.26584890609472644,-0.5623088518266673,0.5497474809581112,0.04364441149830202,0.5239341893527225,-4.448789600708762,4.34509150294982,1.384065276666823,1.2215678365422902,-0.6504436355879909,0.7700731537772121,0.3952847075210472
0.21018977651643292,0.018548804806255523,-0.23605993423832206,-1.0109566066392797,-0.14696037390464595,0.04364441149830202,0.46379288372383226,0.010008714646709188,-0.2229574022488396,-0.12014567606486325,-0.6616825781270738,-0.6504436355879909,0.2827513421773805,0.3952847075210472
0.3102724282821028,0.03267618773732828,-0.2306585467660127,-1.9684686920050891,1.3849857163826396,0.04364441149830202,0.4040990225106979,0.010008714646709188,-0.2229574022488396,-0.12014567606486325,-0.6616825781270738,-0.6504436355879909,-0.12959788302247865,0.3952847075210472
0.5347151107744925,-0.6197907905213135,-0.3789089740990731,-0.06524485346488694,-0.30663232834651466,1.26538693182628,0.3483912783382101,0.010008714646709188,-0.2229574022488396,-0.12014567606486325,-0.6616825781270738,1.5374122295716144,-0.24205676262243814,0.3952847075210472
0.4395404961341371,-0.5624811757336772,-0.3741758129894238,-0.9988467618472184,0.40048580864338695,1.041309638212293,0.21459858573069443,0.010008714646709188,-0.2229574022488396,-0.12014567606486325,1.2215678365422902,-0.6504436355879909,0.4389442305106595,0.3952847075210472
0.1877160430323841,-0.11213773847198126,-0.28142700669416393,-1.76037340044877,1.1009679884173031,0.08786883536853643,-0.35468449599952473,0.010008714646709188,-0.2229574022488396,-0.12014567606486325,-0.6616825781270738,-0.6504436355879909,0.06408129851078903,0.3952847075210472
-0.0985706937988238,0.034341614004749714,-0.23001540521433206,-0.18342676425113114,-1.476106980546874,-0.19970073826977294,-0.5263873354462747,0.010008714646709188,-0.2229574022488396,-0.12014567606486325,-0.6616825781270738,-0.6504436355879909,-0.11085473642248514,0.3952847075210472
-0.44187262844360053,0.01873810993042499,-0.23598819751651676,0.8734720316656502,0.6086704011020863,-0.6033599847973073,-0.7674053190973799,0.010008714646709188,-0.2229574022488396,-0.12014567606486325,-0.6616825781270738,-0.6504436355879909,-0.14834102962247217,0.3952847075210472
-0.7670624592618626,-0.343389182257717,-0.3413654424865188,0.23895801649394668,-0.8382163011168412,-0.728844946811443,-0.8423302286178644,0.010008714646709188,-0.2229574022488396,-0.12014567606486325,-0.6616825781270738,-0.6504436355879909,-0.0639968699225005,-2.5298221281347035
-0.9170985176383604,-0.4816885546442942,-0.36479184966708483,1.4856014678486744,1.0554045830190895,-0.728844946811443,-0.8423302286178644,0.010008714646709188,-0.2229574022488396,-0.12014567606486325,1.2215678365422902,1.5374122295716144,1.4823127245769672,-2.5298221281347035
-1.014306025451482,-0.6911591588905945,-0.38257159688861875,1.7803919676939641,1.4730696628565265,-0.728844946811443,-0.8423302286178644,0.010008714646709188,-0.2229574022488396,-0.12014567606486325,1.2215678365422902,-0.6504436355879909,-0.7356262897556016,-2.5298221281347035
-1.037358494378689,-0.7610696737547553,-0.3837592765353673,-0.13180275107504824,-0.8857905995964451,-0.728844946811443,-0.8423302286178644,0.010008714646709188,-0.2229574022488396,-0.12014567606486325,-0.6616825781270738,-0.6504436355879909,-0.07336844322249754,-2.5298221281347035
-1.037358494378689,-0.7610696737547553,-0.3837592765353673,-0.13180275107504824,-0.8857905995964451,-0.728844946811443,-0.8423302286178644,0.010008714646709188,-0.2229574022488396,-0.12014567606486325,-0.6616825781270738,1.5374122295716144,-0.05462529662250402,-2.5298221281347035
0.31465725809302436,3.3391469953205415,3.7015780936529596,1.7803919676939652,1.4730696628565256,-0.728844946811443,3.5519781747070924,0.010008714646709188,-0.2229574022488396,-0.12014567606486325,-2.5449329927964377,1.5374122295716144,-1.4978475848220054,0.3952847075210472
1.5161538339145015,3.725414887134555,4.5075673899418724,-0.09763547361444205,-1.8273239375779793,-0.728844946811443,3.06276221579057,0.010008714646709188,-0.2229574022488396,-0.12014567606486325,1.2215678365422902,1.5374122295716144,0.4077056528440038,0.3952847075210472
2.3786726567857013,2.9086057642999346,2.8886651299748283,-1.4481539357594408,0.6727963850975068,-0.728844946811443,1.961020031495444,0.010008714646709188,-0.2229574022488396,-0.12014567606486325,1.2215678365422902,-0.6504436355879909,-0.8855714625555504,0.3952847075210472
3.197666458632648,0.814249885115844,0.2192883926765918,0.11518666230776392,-1.3140698110968203,3.729306865000944,1.8195554329564678,0.010008714646709188,-0.2229574022488396,-0.12014567606486325,-0.6616825781270738,-0.6504436355879909,-0.7981034450889144,0.3952847075210472
2.644523033092071,0.38664074502899304,-0.0636642243237736,1.6703846033317806,1.3348879548264887,3.6197766223422674,1.754156811566013,0.010008714646709188,-0.2229574022488396,-0.12014567606486325,-0.6616825781270738,1.5374122295716144,-0.23580904708910844,0.3952847075210472
1.817118276664866,0.6212503237559974,0.08057580265640414,-1.9652113075220303,1.3870055906794811,1.3075051679949616,0.37353935172843333,0.010008714646709188,-0.2229574022488396,-0.12014567606486325,1.2215678365422902,-0.6504436355879909,1.8446802255101753,0.3952847075210472
1.2594436458786833,0.8925834512309297,0.280753208143491,-0.18042191076755745,-1.7799889087342546,0.9305591710213009,0.14847138928860815,0.010008714646709188,-0.2229574022488396,-0.12014567606486325,-0.6616825781270738,1.5374122295716144,1.957139105110137,0.3952847075210472
0.6757572410460341,0.7763465317419395,0.19061796291249222,1.4991456351520402,1.1512405452686414,0.55203910379604,-0.0775364233873493,0.010008714646709188,-0.2229574022488396,-0.12014567606486325,1.2215678365422902,1.5374122295716144,2.3257543215766767,0.3952847075210472
0.09254201653696636,-0.32392414346302606,-0.33732203677126854,0.5099380669260434,-0.44490414094353953,0.44507370767043747,-0.14140361908870164,0.010008714646709188,-0.2229574022488396,-0.12014567606486325,1.2215678365422902,-0.6504436355879909,-0.9168100402222058,0.3952847075210472
-0.085620393003748,-0.4734822422260108,-0.3636612175208032,1.1499611035292543,0.7768442874247161,0.3376869995306765,-0.20552237293721387,0.010008714646709188,-0.2229574022488396,-0.12014567606486325,-0.6616825781270738,-0.6504436355879909,-1.8164810770218969,0.3952847075210472
-0.21138940294219158,-0.6134281347047772,-0.3784622586369883,-0.0033154397266869848,-0.34814167389855677,0.24594185369549013,-0.2603018193370993,0.010008714646709188,-0.2229574022488396,-0.12014567606486325,-0.6616825781270738,1.5374122295716144,-2.078885129421805,0.3952847075210472
-0.2894182048375271,-0.6105674640399492,-0.3782550022689839,-0.23292016277625752,-0.08358042092714131,0.12729322200944104,-0.33114487376464985,0.010008714646709188,-0.2229574022488396,-0.12014567606486325,1.2215678365422902,-0.6504436355879909,-1.3916364207553757,0.3952847075210472
-0.36968017773472484,-0.6015128954174256,-0.3775727791969056,-0.3424036058804217,-0.37490493390046714,0.00817167119063259,-0.40227030006101855,0.010008714646709188,-0.2229574022488396,-0.12014567606486325,-0.6616825781270738,-0.6504436355879909,-1.5040953003553372,0.3952847075210472
-0.47494020993056,-0.5320098287389963,-0.371009216256591,-0.8783364244347451,0.2620370952956167,-0.23529072287337288,-0.5476375022667404,0.010008714646709188,-0.2229574022488396,-0.12014567606486325,-0.6616825781270738,1.5374122295716144,-0.8668283159555569,0.3952847075210472
-0.5823785842792162,-0.5217772370559539,-0.3698446274867891,-0.07261051967597329,-1.0678286004163495,-0.3388935653033748,-0.609496975071605,0.010008714646709188,-0.2229574022488396,-0.12014567606486325,1.2215678365422902,-0.6504436355879909,1.1636792323770762,0.3952847075210472
-0.6881246536989304,-0.543811375325063,-0.37228918033008535,0.7224047618645104,0.3833071400156729,-0.44833021972162307,-0.674839716535623,0.010008714646709188,-0.2229574022488396,-0.12014567606486325,-0.6616825781270738,-0.6504436355879909,0.6763574207772439,0.3952847075210472
-0.7920972097232309,-0.6061372437597419,-0.37792618249754256,-0.17979286887131657,-0.30442642585776225,-0.5577977390456713,-0.7402008869032907,0.010008714646709188,-0.2229574022488396,-0.12014567606486325,-0.6616825781270738,-0.6504436355879909,0.264008195577387,0.3952847075210472
-0.7656079476839401,-0.5385213739391967,-0.37172381152854417,0.7223522713404338,0.36024110166057893,-0.5577977390456713,-0.4615423613156555,0.010008714646709188,-0.2229574022488396,-0.12014567606486325,1.2215678365422902,-0.6504436355879909,0.4077056528440038,0.3952847075210472
-0.7492957742722014,-0.529866561105726,-0.37076950041110446,0.10477598202528454,-0.6421017769931113,-0.5577977390456713,-0.5564793082517872,0.010008714646709188,-0.2229574022488396,-0.12014567606486325,-0.6616825781270738,-0.6504436355879909,0.5201645324439633,0.3952847075210472
-0.7421785088274414,-0.5366920295884183,-0.37152513555828426,-0.0710364646306062,-0.3143280370775123,-0.5577977390456713,-0.6517072498499157,0.010008714646709188,-0.2229574022488396,-0.12014567606486325,-0.6616825781270738,1.5374122295716144,0.8575411712438483,0.3952847075210472
-0.744268174044289,-0.5318163570532425,-0.3709876688970663,-0.1350562905882166,-0.28041275554920986,-0.5691727271732512,-0.7469926963964433,0.010008714646709188,-0.2229574022488396,-0.12014567606486325,1.2215678365422902,-0.6504436355879909,-0.1608364606891338,0.3952847075210472
-0.5484634326369557,0.023735481336116332,-0.23408815701814265,1.5867132027449975,1.2494671406926185,-0.5691727271732512,0.1748602981978296,0.010008714646709188,-0.2229574022488396,-0.12014567606486325,1.2215678365422902,-0.6504436355879909,0.43269651497732925,0.3952847075210472
-0.3543820851052077,0.13291273349918117,-0.18954897718569624,-0.12811737980939758,-1.757821197125886,-0.5691727271732512,0.07432199330718361,0.010008714646709188,-0.2229574022488396,-0.12014567606486325,-0.6616825781270738,-0.6504436355879909,0.057833582977457124,0.3952847075210472
-0.2718128166867051,0.03574270548325534,-0.22947329838347152,-0.6491441534351647,-0.720856713781442,-0.5691727271732512,-0.3833414194929149,0.010008714646709188,-0.2229574022488396,-0.12014567606486325,-0.6616825781270738,-0.6504436355879909,-0.24205676262243814,0.3952847075210472
0.11707389647256705,-0.06810531303256694,-0.26706861239476876,-0.5636070785447916,0.5499146287053188,0.039873943162134814,0.5169631032701517,0.010008714646709188,-0.2229574022488396,-0.12014567606486325,1.2215678365422902,-0.6504436355879909,0.7700731537772121,0.3952847075210472
0.20391853533758136,0.014455025853452694,-0.23760700109214214,-1.0115527742872328,-0.14586460207328333,0.039873943162134814,0.4571218958534661,0.010008714646709188,-0.2229574022488396,-0.12014567606486325,-0.6616825781270738,-0.6504436355879909,0.2827513421773805,0.3952847075210472
0.30342182597560496,0.028526713447610243,-0.23225509554233717,-1.9684336334283705,1.384945220221913,0.039873943162134814,0.3977266174099589,0.010008714646709188,-0.2229574022488396,-0.12014567606486325,-0.6616825781270738,-0.6504436355879909,-0.12959788302247865,0.3952847075210472
0.5266832111870601,-0.6204990889485522,-0.3789574859460674,-0.06518778743259462,-0.3066486314944512,1.2551861308045564,0.3423005557422786,0.010008714646709188,-0.2229574022488396,-0.12014567606486325,-0.6616825781270738,1.5374122295716144,-0.24205676262243814,0.3952847075210472
0.4319890855405608,-0.5634873253184756,-0.37427267631570765,-0.9987669197376196,0.40043839028924944,1.032249913735767,0.20918918028649647,0.010008714646709188,-0.2229574022488396,-0.12014567606486325,1.2215678365422902,-0.6504436355879909,0.4389442305106595,0.3952847075210472
0.18144739035960442,-0.11544927162409428,-0.2824687555527891,-1.7603625103579843,1.1009545377934447,0.08367882906733203,-0.3571862765951362,0.010008714646709188,-0.2229574022488396,-0.12014567606486325,-0.6616825781270738,-0.6504436355879909,0.06408129851078903,0.3952847075210472
-0.10337759608673905,0.030278108014110076,-0.23158225082960976,-0.1834192820347357,-1.4761113363641096,-0.20241633873620013,-0.5280087737124626,0.010008714646709188,-0.2229574022488396,-0.12014567606486325,-0.6616825781270738,-0.6504436355879909,-0.11085473642248514,0.3952847075210472
-0.4449239039092794,0.014748784371631194,-0.23749625901730806,0.8734967465469097,0.6086884597633356,-0.6040041189910664,-0.7677899205301875,0.010008714646709188,-0.2229574022488396,-0.12014567606486325,-0.6616825781270738,-0.6504436355879909,-0.14834102962247217,0.3952847075210472
-0.7684493997057806,-0.34553208001071317,-0.341799327300709,0.23896144889195692,-0.8382116686540716,-0.728844946811443,-0.8423302286178644,0.010008714646709188,-0.2229574022488396,-0.12014567606486325,-0.6616825781270738,-0.6504436355879909,-0.0639968699225005,-2.5298221281347035
-0.9177157244941824,-0.4831223478625534,-0.36498603304161126,1.4856020990742966,1.0554055511063096,-0.728844946811443,-0.8423302286178644,0.010008714646709188,-0.2229574022488396,-0.12014567606486325,1.2215678365422902,1.5374122295716144,1.4823127245769672,-2.5298221281347035
-1.0144243574272698,-0.6915180206410197,-0.3825837586897124,1.7803919676939648,1.473069662856524,-0.728844946811443,-0.8423302286178644,0.010008714646709188,-0.2229574022488396,-0.12014567606486325,1.2215678365422902,-0.6504436355879909,-0.7356262897556016,-2.5298221281347035
-1.037358494378689,-0.7610696737547553,-0.3837592765353673,-0.13180275107504824,-0.8857905995964451,-0.728844946811443,-0.8423302286178644,0.010008714646709188,-0.2229574022488396,-0.12014567606486325,-0.6616825781270738,-0.6504436355879909,-0.07336844322249754,-2.5298221281347035
-1.037358494378689,-0.7610696737547553,-0.3837592765353673,-0.13180275107504824,-0.8857905995964451,-0.728844946811443,-0.8423302286178644,0.010008714646709188,-0.2229574022488396,-0.12014567606486325,-0.6616825781270738,1.5374122295716144,-0.05462529662250402,-2.5298221281347035
0.28560706140834174,3.2510473556020822,3.527904315470653,1.7803919676939648,1.4730696628565256,-0.728844946811443,3.4575595089656908,0.010008714646709188,-0.2229574022488396,-0.12014567606486325,-2.5449329927964377,1.5374122295716144,-1.4978475848220054,0.3952847075210472
1.461151936120074,3.6288069033949593,4.299184385893549,-0.09756948439516218,-1.8271901212324217,-0.728844946811443,2.978414250126229,0.010008714646709188,-0.2229574022488396,-0.12014567606486325,1.2215678365422902,1.5374122295716144,0.4077056528440038,0.3952847075210472
2.3048297185763333,2.829590805366018,2.7492594893516107,-1.4474055122516576,0.6718050653585865,-0.728844946811443,1.8997830658229586,5.105778217910103,4.997669917978198,0.7363991512222731,1.2215678365422902,-0.6504436355879909,-0.8855714625555504,0.3952847075210472
3.1058935024355336,0.7813429656608742,0.19435735532985934,0.11535128317092694,-1.3137558060931707,3.631705708560416,1.7612794634855011,0.010008714646709188,-0.2229574022488396,-0.12014567606486325,-0.6616825781270738,-0.6504436355879909,-0.7981034450889144,0.3952847075210472
2.5642940671100396,0.3625679832024859,-0.07695113224304154,1.6703829856011208,1.3348844693392778,3.5244824627107767,1.6972583101550172,0.010008714646709188,-0.2229574022488396,-0.12014567606486325,-0.6616825781270738,1.5374122295716144,-0.23580904708910844,0.3952847075210472
1.7546714510772086,0.5909689751317662,0.06045501381220874,-1.9650591535000008,1.3868469089971227,1.2630345727074297,0.3469867252243501,0.010008714646709188,-0.2229574022488396,-0.12014567606486325,1.2215678365422902,-0.6504436355879909,1.8446802255101753,0.3952847075210472
1.2091569965137605,0.8563364157704824,0.25194108836022877,-0.18045953291582334,-1.779881364029574,0.8941922208248356,0.1267573096947586,0.010008714646709188,-0.2229574022488396,-0.12014567606486325,-0.6616825781270738,1.5374122295716144,1.957139105110137,0.3952847075210472
0.6382214142137621,0.7426795975023814,0.16573752984643686,1.49894867927769,1.1510153708884396,0.5238464122887622,-0.09436979390774503,0.010008714646709188,-0.2229574022488396,-0.12014567606486325,1.2215678365422902,1.5374122295716144,2.3257543215766767,0.3952847075210472
0.06775985440017841,-0.3333514571127826,-0.33930333550625,0.5100444272091343,-0.4447682148880248,0.41920348414345376,-0.1568502839792374,0.010008714646709188,-0.2229574022488396,-0.12014567606486325,1.2215678365422902,-0.6504436355879909,-0.9168100402222058,0.3952847075210472
-0.10655483266302074,-0.4797074634196353,-0.3645218999335374,1.1501215924888208,0.7769851263048556,0.314161289168787,-0.21956916939774224,-4.608032397685742,4.508236106706914,3.2977746021897754,-0.6616825781270738,-0.6504436355879909,-1.8164810770218969,0.3952847075210472
-0.22959633696199294,-0.616647023673676,-0.3786907125596906,-0.0031826883667840267,-0.34807429157287934,0.22442194407603092,-0.2731509867213581,0.010008714646709188,-0.2229574022488396,-0.12014567606486325,-0.6616825781270738,1.5374122295716144,-2.078885129421805,0.3952847075210472
-0.3059221255737448,-0.6138580152251475,-0.37849305985713205,-0.23285830096477544,-0.08358597687598877,0.1083707981630709,-0.3424431271317572,0.010008714646709188,-0.2229574022488396,-0.12014567606486325,1.2215678365422902,-0.6504436355879909,-1.3916364207553757,0.3952847075210472
-0.3844259182742284,-0.6050114877160009,-0.37784110672827104,-0.3422689681374548,-0.3749913557584695,-0.008127986342102201,-0.41200254483563514,0.010008714646709188,-0.2229574022488396,-0.12014567606486325,-0.6616825781270738,-0.6504436355879909,-1.5040953003553372,0.3952847075210472
-0.48737153673273476,-0.5370533840635233,-0.37156450937170626,-0.878184957154738,0.2619670408085688,-0.24621803777354573,-0.5541620137863362,0.010008714646709188,-0.2229574022488396,-0.12014567606486325,-0.6616825781270738,1.5374122295716144,-0.8668283159555569,0.3952847075210472
-0.5924436402812255,-0.5270559471168519,-0.3704517611050131,-0.07258010179733582,-1.0678083460412178,-0.3475327981323599,-0.6146553121954207,0.010008714646709188,-0.2229574022488396,-0.12014567606486325,1.2215678365422902,-0.6504436355879909,1.1636792323770762,0.3952847075210472
-0.695855960197925,-0.5486085926527694,-0.37279012371569564,0.7224500290950068,0.3833330914944653,-0.4545489948325173,-0.6785528400448728,0.010008714646709188,-0.2229574022488396,-0.12014567606486325,-0.6616825781270738,-0.6504436355879909,0.6763574207772439,0.3952847075210472
-0.7975309264385576,-0.6095646057050356,-0.3781814033712715,-0.1797248861742217,-0.3044361359252517,-0.5615905814672764,-0.7424655277869704,0.010008714646709188,-0.2229574022488396,-0.12014567606486325,-0.6616825781270738,-0.6504436355879909,0.264008195577387,0.3952847075210472
-0.771447878073427,-0.5429562672720436,-0.37219871222164835,0.7266995326567165,0.3641820802629083,-0.5615905814672764,-0.4693871445544609,0.010008714646709188,-0.2229574022488396,-0.12014567606486325,1.2215678365422902,-0.6504436355879909,0.4077056528440038,0.3952847075210472
-0.7553621164527021,-0.5344368364743267,-0.37127797186010864,0.10515462208090694,-0.6448301483487581,-0.5615905814672764,-0.5623735267690221,0.010008714646709188,-0.2229574022488396,-0.12014567606486325,-0.6616825781270738,-0.6504436355879909,0.5201645324439633,0.3952847075210472
-0.7483121198784608,-0.5412001396142305,-0.372011804350553,-0.07250111315307028,-0.3135178136532132,-0.5615905814672764,-0.6556390099855994,0.010008714646709188,-0.2229574022488396,-0.12014567606486325,-0.6616825781270738,1.5374122295716144,0.8575411712438483,0.3952847075210472
-0.7503101923776022,-0.5365373984133287,-0.37150826728722236,-0.13498890751158968,-0.2803883063353624,-0.5724669892155345,-0.7489596435229606,0.010008714646709188,-0.2229574022488396,-0.12014567606486325,1.2215678365422902,-0.6504436355879909,-0.1608364606891338,0.3952847075210472
-0.5586622881440054,0.007204414070868172,-0.24032706846332946,1.586537636230452,1.2492676607822324,-0.5724669892155345,0.15350500334670278,0.010008714646709188,-0.2229574022488396,-0.12014567606486325,1.2215678365422902,-0.6504436355879909,0.43269651497732925,0.3952847075210472
-0.36869267844059506,0.1140838453125062,-0.19764366662522181,-0.12813175217379097,-1.7577328715793423,-0.5724669892155345,0.05506384462988827,0.010008714646709188,-0.2229574022488396,-0.12014567606486325,-0.6616825781270738,-0.6504436355879909,0.057833582977457124,0.3952847075210472
-0.28788491585528175,0.018986667930270346,-0.23589398061264197,-0.6490020888978093,-0.7210687726123823,-0.5724669892155345,-0.3929984086957444,0.010008714646709188,-0.2229574022488396,-0.12014567606486325,-0.6616825781270738,-0.6504436355879909,-0.24205676262243814,0.3952847075210472
0.09241835872715178,-0.08357261476311918,-0.2722196614363976,-0.5691630270348468,0.5506385270831278,0.023700324387771584,0.4870983478535486,0.010008714646709188,-0.2229574022488396,-0.12014567606486325,1.2215678365422902,-0.6504436355879909,0.7700731537772121,0.3952847075210472
0.17704066982605365,-0.003068803458512564,-0.2441373193762024,-1.0141067878664627,-0.14117167799859107,0.023700324387771584,0.42854361298632637,0.010008714646709188,-0.2229574022488396,-0.12014567606486325,-0.6616825781270738,-0.6504436355879909,0.2827513421773805,0.3952847075210472
0.27407018350632734,0.010761999212131482,-0.23899563287598463,-1.968283435894229,1.384771731069322,0.023700324387771584,0.37042822300807443,0.010008714646709188,-0.2229574022488396,-0.12014567606486325,-0.6616825781270738,-0.6504436355879909,-0.12959788302247865,0.3952847075210472
0.4922751461259064,-0.6235350390188713,-0.37916265793930176,-0.06494370186345144,-0.30671832107052005,1.2114881284653534,0.31620923118083905,0.010008714646709188,-0.2229574022488396,-0.12014567606486325,-0.6616825781270738,1.5374122295716144,-0.24205676262243814,0.3952847075210472
0.3996401074411096,-0.5677986382565997,-0.3746821610697193,-0.9984253871218318,0.40023562427967774,0.993440669884901,0.186016849216603,0.010008714646709188,-0.2229574022488396,-0.12014567606486325,1.2215678365422902,-0.6504436355879909,0.4389442305106595,0.3952847075210472
0.15459412915020085,-0.12963613440848312,-0.28687136258551404,-1.7603159389570258,1.1008970183157891,0.06573130505405599,-0.36790243406315176,0.010008714646709188,-0.2229574022488396,-0.12014567606486325,-0.6616825781270738,-0.6504436355879909,0.06408129851078903,0.3952847075210472
-0.1239687085757489,0.012870293184268907,-0.23820369554588644,-0.18338729419183483,-1.476129950881279,-0.21404825984003026,-0.5349539934604329,0.010008714646709188,-0.2229574022488396,-0.12014567606486325,-0.6616825781270738,-0.6504436355879909,-0.11085473642248514,0.3952847075210472
-0.457994242882207,-0.0023405545253797583,-0.24386890705734787,0.8736023996523338,0.6087656620452918,-0.6067631667236124,-0.769437300410658,4.588239127734915,4.4674499557676395,28.82905196455772,-0.6616825781270738,-0.6504436355879909,-0.14834102962247217,0.3952847075210472
-0.7743902079875365,-0.35471098664344697,-0.3436325797775548,0.23897612182749484,-0.8381918654705175,-0.728844946811443,-0.8423302286178644,0.010008714646709188,-0.2229574022488396,-0.12014567606486325,-0.6616825781270738,-0.6504436355879909,-0.0639968699225005,-2.5298221281347035
-0.9203594465514587,-0.48926381544834513,-0.3658064870298043,1.4856047973807756,1.0554096893963483,-0.728844946811443,-0.8423302286178644,0.010008714646709188,-0.2229574022488396,-0.12014567606486325,1.2215678365422902,1.5374122295716144,1.4823127245769672,-2.5298221281347035
-1.0149312138752657,-0.693055148631602,-0.3826351436489226,1.7803919676881919,1.473069662875077,-0.728844946811443,-0.8423302286178644,0.010008714646709188,-0.2229574022488396,-0.12014567606486325,1.2215678365422902,-0.6504436355879909,-0.7356262897556016,-2.5298221281347035
-1.037358494378689,-0.7610696737547553,-0.3837592765353673,-0.13180275107504824,-0.8857905995964451,-0.728844946811443,-0.8423302286178644,0.010008714646709188,-0.2229574022488396,-0.12014567606486325,-0.6616825781270738,-0.6504436355879909,-0.07336844322249754,-2.5298221281347035
-1.037358494378689,-0.7610696737547553,-0.3837592765353673,-0.13180275107504824,-0.8857905995964451,-0.728844946811443,-0.8423302286178644,0.010008714646709188,-0.2229574022488396,-0.12014567606486325,-0.6616825781270738,1.5374122295716144,-0.05462529662250402,-2.5298221281347035
0.26836998199694195,3.198772994005638,3.426637268675908,1.7803919676939648,1.4730696628565265,-0.728844946811443,3.4015357216926367,0.010008714646709188,-0.2229574022488396,-0.12014567606486325,-2.5449329927964377,1.5374122295716144,-1.4978475848220054,0.3952847075210472
1.4285192096657946,3.5714885876722824,4.1776930053882815,-0.09753035036530962,-1.82711076365206,-0.728844946811443,2.9283754683653878,0.010008714646709188,-0.2229574022488396,-0.12014567606486325,1.2215678365422902,1.5374122295716144,0.4077056528440038,0.3952847075210472
2.2610243796494536,2.7827105703489323,2.6679831701893737,-1.4469622492033793,0.671218083062871,-0.728844946811443,1.8634699498066092,0.010008714646709188,-0.2229574022488396,-0.12014567606486325,1.2215678365422902,-0.6504436355879909,-0.8855714625555504,0.3952847075210472
3.0514566452154788,0.7617966133989039,0.17979773554744777,0.1154489487148699,-1.3135694964101696,3.573833570292514,1.7267250064901596,-5.0857607886166845,4.997669917978198,0.7940981719566348,-0.6616825781270738,-0.6504436355879909,-0.7981034450889144,0.3952847075210472
2.5167144327071345,0.348271091822645,-0.08470896578930069,1.6703819952252317,1.3348823630970519,3.4679802323182507,1.663521801557368,0.010008714646709188,-0.2229574022488396,-0.12014567606486325,-0.6616825781270738,1.5374122295716144,-0.23580904708910844,0.3952847075210472
1.7176429043134136,0.5730142570188207,0.04873525344935297,-1.964968959405576,1.3867528568655685,1.2366634558141687,0.33124098553197867,0.010008714646709188,-0.2229574022488396,-0.12014567606486325,1.2215678365422902,-0.6504436355879909,1.8446802255101753,0.3952847075210472
1.1793398297835966,0.8348448906076442,0.23515940142266595,-0.1804817963637534,-1.779817694969578,0.8726294500994005,0.11388255068234253,-4.767275194662724,4.6713807104640095,2.182632743356854,-0.6616825781270738,1.5374122295716144,1.957139105110137,0.3952847075210472
0.6159654073024746,0.7227171235549358,0.15124507911822263,1.4988321199079055,1.1508821092063177,0.5071330694475189,-0.10434904305493709,0.010008714646709188,-0.2229574022488396,-0.12014567606486325,1.2215678365422902,1.5374122295716144,2.3257543215766767,0.3952847075210472
0.053066408826469284,-0.33894455289181874,-0.34045839789736926,0.5101073781068736,-0.4446877518757607,0.40386767827457815,-0.16600702952632365,0.010008714646709188,-0.2229574022488396,-0.12014567606486325,1.2215678365422902,-0.6504436355879909,-0.9168100402222058,0.3952847075210472
-0.11896560229268398,-0.48340028209200037,-0.3650235589879918,1.1502165281942427,0.7770684494240525,0.30021580464633635,-0.22789577801516553,0.010008714646709188,-0.2229574022488396,-0.12014567606486325,-0.6616825781270738,-0.6504436355879909,-1.8164810770218969,0.3952847075210472
-0.24038925679660228,-0.6185559596877709,-0.3788238166112932,-0.003104158467797692,-0.34803442038584187,0.2116658578197468,-0.2807674261197294,0.010008714646709188,-0.2229574022488396,-0.12014567606486325,-0.6616825781270738,1.5374122295716144,-2.078885129421805,0.3952847075210472
-0.31570512841878706,-0.6158092402577626,-0.37863173738895683,-0.23282171239721056,-0.08358926177575744,0.0971548879601073,-0.34913995393601016,0.010008714646709188,-0.2229574022488396,-0.12014567606486325,1.2215678365422902,-0.6504436355879909,-1.3916364207553757,0.3952847075210472
-0.39316643497520565,-0.607085847152971,-0.37799739229495566,-0.34218935540299883,-0.37504244649503127,-0.017789071008589077,-0.41777101209169354,0.010008714646709188,-0.2229574022488396,-0.12014567606486325,-0.6616825781270738,-0.6504436355879909,-1.5040953003553372,0.3952847075210472
-0.4947399541137373,-0.5400432929253092,-0.3718878601542208,-0.8780953909498846,0.26192562869247354,-0.2526945682507592,-0.5580290385853495,0.010008714646709188,-0.2229574022488396,-0.12014567606486325,-0.6616825781270738,1.5374122295716144,-0.8668283159555569,0.3952847075210472
-0.5984093050251633,-0.5301850357646086,-0.37080526174010325,-0.07256211865975923,-1.067796370321479,-0.3526530705444464,-0.6177125386633427,0.010008714646709188,-0.2229574022488396,-0.12014567606486325,1.2215678365422902,-0.6504436355879909,1.1636792323770762,0.3952847075210472
-0.7004382595529731,-0.5514521596665282,-0.3730817798457947,0.7224767883636615,0.38334843350041997,-0.4582346247073977,-0.6807534661634853,0.010008714646709188,-0.2229574022488396,-0.12014567606486325,-0.6616825781270738,-0.6504436355879909,0.6763574207772439,0.3952847075210472
-0.8007513629716686,-0.6115960406315853,-0.37832998085250796,-0.1796847022826169,-0.3044418713968622,-0.5638384339537718,-0.7438076817906277,0.010008714646709188,-0.2229574022488396,-0.12014567606486325,-0.6616825781270738,-0.6504436355879909,0.264008195577387,0.3952847075210472
-0.77491291428879,-0.5455951574023192,-0.3724767557548455,0.7292655490733553,0.3665111443942974,-0.5638384339537718,-0.474049164853501,-4.608032397685742,4.508236106706914,5.659535329560828,1.2215678365422902,-0.6504436355879909,0.4077056528440038,0.3952847075210472
-0.7589642218605864,-0.5371572583139683,-0.3715758159478182,0.10537736211581021,-0.6464403466448182,-0.5638384339537718,-0.5658762541887135,0.010008714646709188,-0.2229574022488396,-0.12014567606486325,-0.6616825781270738,-0.6504436355879909,0.5201645324439633,0.3952847075210472
-0.7519560254046892,-0.5438818376442701,-0.3722966192037643,-0.07336650582697751,-0.3130382626586664,-0.5638384339537718,-0.6579754944408948,0.010008714646709188,-0.2229574022488396,-0.12014567606486325,-0.6616825781270738,1.5374122295716144,0.8575411712438483,0.3952847075210472
-0.7539007815426844,-0.539343070738459,-0.3718125225722337,-0.1349488701855211,-0.2803737768536757,-0.5744246167558613,-0.7501285092099684,0.010008714646709188,-0.2229574022488396,-0.12014567606486325,1.2215678365422902,-0.6504436355879909,-0.1608364606891338,0.3952847075210472
-0.5647205952292341,-0.002611978747181565,-0.24396897661360403,1.586433439345031,1.249149273906865,-0.5744246167558613,0.14082243034794717,0.010008714646709188,-0.2229574022488396,-0.12014567606486325,1.2215678365422902,-0.6504436355879909,0.43269651497732925,0.3952847075210472
-0.3771921047715038,0.10290292944199574,-0.20236889464952568,-0.12814028114425208,-1.7576804506060189,-0.5744246167558613,0.04362701526264984,0.010008714646709188,-0.2229574022488396,-0.12014567606486325,-0.6616825781270738,-0.6504436355879909,0.057833582977457124,0.3952847075210472
-0.297429885978501,0.00903609782640658,-0.23964232421616127,-0.648917803972444,-0.7211945720311782,-0.5744246167558613,-0.39873310938053835,0.010008714646709188,-0.2229574022488396,-0.12014567606486325,-0.6616825781270738,-0.6504436355879909,-0.24205676262243814,0.3952847075210472
0.07778540059499513,-0.0927368533353506,-0.2752167588963787,-0.5724525199270988,0.5510736732638896,0.014095792300921804,0.4693925531974639,0.010008714646709188,-0.2229574022488396,-0.12014567606486325,1.2215678365422902,-0.6504436355879909,0.7700731537772121,0.3952847075210472
0.16109705437712185,-0.013447173085588387,-0.24793448722054853,-1.0156209499309254,-0.13839053828532716,0.014095792300921804,0.41160115436829625,0.010008714646709188,-0.2229574022488396,-0.12014567606486325,-0.6616825781270738,-0.6504436355879909,0.2827513421773805,0.3952847075210472
0.2566662637136206,0.00023908287569098357,-0.2429160508059701,-1.9681943863627633,1.3846688754055274,0.014095792300921804,0.3542451267149257,0.010008714646709188,-0.2229574022488396,-0.12014567606486325,-0.6616825781270738,-0.6504436355879909,-0.12959788302247865,0.3952847075210472
0.47187677910244696,-0.6253361239013715,-0.37928225969791896,-0.06479929018700678,-0.30675951836835186,1.1855834725960628,0.3007420073317595,0.010008714646709188,-0.2229574022488396,-0.12014567606486325,-0.6616825781270738,1.5374122295716144,-0.24205676262243814,0.3952847075210472
0.38046298344706236,-0.5703553393492308,-0.3749207272888292,-0.9982232988977104,0.4001156999168863,0.9704346093803655,0.17228032673567864,-4.767275194662724,4.6713807104640095,2.0500921296571133,1.2215678365422902,-0.6504436355879909,0.4389442305106595,0.3952847075210472
0.13867543224217224,-0.13804700942144377,-0.2894353211113932,-1.7602883918572072,1.1008629970113062,0.05509299667335156,-0.3742543847676951,0.010008714646709188,-0.2229574022488396,-0.12014567606486325,-0.6616825781270738,-0.6504436355879909,0.06408129851078903,0.3952847075210472
-0.13617488336253744,0.0025502584303867845,-0.24205961112064192,-0.18336838068555844,-1.4761409517830595,-0.22094293724577135,-0.5390706865884898,0.010008714646709188,-0.2229574022488396,-0.12014567606486325,-0.6616825781270738,-0.6504436355879909,-0.11085473642248514,0.3952847075210472
-0.46574198090696406,-0.012471256479883286,-0.24757965525018286,0.8736648640528086,0.6088113085579786,-0.6083985449943655,-0.7704137566090841,0.010008714646709188,-0.2229574022488396,-0.12014567606486325,-0.6616825781270738,-0.6504436355879909,-0.14834102962247217,0.3952847075210472
-0.7779115711032532,-0.36015173344724083,-0.3446999011533083,0.2389847965983745,-0.8381801575252114,-0.728844946811443,-0.8423302286178644,0.010008714646709188,-0.2229574022488396,-0.12014567606486325,-0.6616825781270738,-0.6504436355879909,-0.0639968699225005,-2.5298221281347035
-0.9219264776942597,-0.4929040951644607,-0.3662841481095948,1.4856063925859284,1.055412135898434,-0.728844946811443,-0.8423302286178644,0.010008714646709188,-0.2229574022488396,-0.12014567606486325,1.2215678365422902,1.5374122295716144,1.4823127245769672,-2.5298221281347035
-1.0152316443504832,-0.6939662549113476,-0.3826650591568536,1.7803919676995785,1.4730696628367406,-0.728844946811443,-0.8423302286178644,0.010008714646709188,-0.2229574022488396,-0.12014567606486325,1.2215678365422902,-0.6504436355879909,-0.7356262897556016,-2.5298221281347035
-1.037358494378689,-0.7610696737547553,-0.3837592765353673,-0.13180275107504824,-0.8857905995964451,-0.728844946811443,-0.8423302286178644,0.010008714646709188,-0.2229574022488396,-0.12014567606486325,-0.6616825781270738,-0.6504436355879909,-0.07336844322249754,-2.5298221281347035
-1.037358494378689,-0.7610696737547553,-0.3837592765353673,-0.13180275107504824,-0.8857905995964451,-0.728844946811443,-0.8423302286178644,0.010008714646709188,-0.2229574022488396,-0.12014567606486325,-0.6616825781270738,1.5374122295716144,-0.05462529662250402,-2.5298221281347035
0.20830131845244215,3.016604602029456,3.08411489048188,1.7803919676939648,1.4730696628565279,-0.728844946811443,3.2063011376964536,0.010008714646709188,-0.2229574022488396,-0.12014567606486325,-2.5449329927964377,1.5374122295716144,-1.4978475848220054,0.3952847075210472
1.3148159673322146,3.371768946855253,3.766843836138105,-0.09739409562724045,-1.8268344632149236,-0.728844946811443,2.7540528838461142,0.010008714646709188,-0.2229574022488396,-0.12014567606486325,1.2215678365422902,1.5374122295716144,0.4077056528440038,0.3952847075210472
2.1084256849087617,2.619361239096389,2.3931292236962927,-1.4454222757484008,0.6691796116137727,-0.728844946811443,1.7370523300035603,0.010008714646709188,-0.2229574022488396,-0.12014567606486325,1.2215678365422902,-0.6504436355879909,-0.8855714625555504,0.3952847075210472
2.861851225075483,0.6935597041972416,0.1304252719825271,0.11578922175244905,-1.3129202768430015,3.3723893108657723,1.6064461087743562,0.010008714646709188,-0.2229574022488396,-0.12014567606486325,-0.6616825781270738,-0.6504436355879909,-0.7981034450889144,0.3952847075210472
2.3510490589881323,0.29837224517993743,-0.1110068529533585,1.6703783680732152,1.3348748033253752,3.271315911386631,1.5460969227894306,5.105778217910103,4.997669917978198,0.8632391114715107,-0.6616825781270738,1.5374122295716144,-0.23580904708910844,0.3952847075210472
1.5887462797805663,0.510519219608234,0.009164007131419244,-1.9646551524523943,1.3864256931770538,1.1448551556384807,0.2764238307631225,0.010008714646709188,-0.2229574022488396,-0.12014567606486325,1.2215678365422902,-0.6504436355879909,1.8446802255101753,0.3952847075210472
1.075551090696672,0.7600417759913319,0.17849968182095652,-0.18055903416831542,-1.779596647657667,0.79757751870516,0.0690703351085144,0.010008714646709188,-0.2229574022488396,-0.12014567606486325,-0.6616825781270738,1.5374122295716144,1.957139105110137,0.3952847075210472
0.5384995200157704,0.6532317498783098,0.10231011073527996,1.498427695190572,1.1504197189117982,0.4489759376896035,-0.1390736647545624,0.010008714646709188,-0.2229574022488396,-0.12014567606486325,1.2215678365422902,1.5374122295716144,2.3257543215766767,0.3952847075210472
0.0019266072131263903,-0.35843185346853085,-0.34436406420675153,0.5103258281111799,-0.44440845890212954,0.35050808843855213,-0.1978671215751546,0.010008714646709188,-0.2229574022488396,-0.12014567606486325,1.2215678365422902,-0.6504436355879909,-0.9168100402222058,0.3952847075210472
-0.16215289336447292,-0.4962636873381079,-0.36671926396900983,1.1505456840656652,0.7773574074362328,0.25169659798922317,-0.2568657606365125,0.010008714646709188,-0.2229574022488396,-0.12014567606486325,-0.6616825781270738,-0.6504436355879909,-1.8164810770218969,0.3952847075210472
-0.2779416594177212,-0.6252024726800981,-0.3792734386900217,-0.0028318719916173803,-0.34789611348781374,0.16728715997021298,-0.30726518224638527,0.010008714646709188,-0.2229574022488396,-0.12014567606486325,-0.6616825781270738,1.5374122295716144,-2.078885129421805,0.3952847075210472
-0.3497414510069457,-0.6226017837729882,-0.37910006464524393,-0.2326948871160675,-0.08360064002560397,0.0581373620625331,-0.3724366466286341,0.010008714646709188,-0.2229574022488396,-0.12014567606486325,1.2215678365422902,-0.6504436355879909,-1.3916364207553757,0.3952847075210472
-0.42357412796194355,-0.6143057181764616,-0.37852504259042896,-0.34191351302031653,-0.3752194004935703,-0.05139639703567265,-0.43783736762456615,0.010008714646709188,-0.2229574022488396,-0.12014567606486325,-0.6616825781270738,-0.6504436355879909,-1.5040953003553372,0.3952847075210472
-0.5203728538771675,-0.5504470018723123,-0.37297913287498496,-0.8777850325613393,0.26178219654938395,-0.2752224267297661,-0.5714800348731733,0.010008714646709188,-0.2229574022488396,-0.12014567606486325,-0.6616825781270738,1.5374122295716144,-0.8668283159555569,0.3952847075210472
-0.6191612602733779,-0.5410717437189314,-0.37199808014252245,-0.07249982129791104,-1.0677548739676026,-0.3704625909657889,-0.6283462965635284,0.010008714646709188,-0.2229574022488396,-0.12014567606486325,1.2215678365422902,-0.6504436355879909,1.1636792323770762,0.3952847075210472
-0.7163773534082885,-0.5613448793207826,-0.37406582867589805,0.7225694566964229,0.3834015714407535,-0.47105358024904415,-0.6884074437293133,0.010008714646709188,-0.2229574022488396,-0.12014567606486325,-0.6616825781270738,-0.6504436355879909,0.6763574207772439,0.3952847075210472
-0.8119527984887119,-0.6186625278585173,-0.3788311950771262,-0.17954555313963516,-0.3044617183567001,-0.5716565536927477,-0.748475746430892,0.010008714646709188,-0.2229574022488396,-0.12014567606486325,-0.6616825781270738,-0.6504436355879909,0.264008195577387,0.3952847075210472
-0.7869874293181487,-0.5548343992896028,-0.3734235690209302,0.738130220727607,0.37457351907679154,-0.5716565536927477,-0.4903378356511875,0.010008714646709188,-0.2229574022488396,-0.12014567606486325,1.2215678365422902,-0.6504436355879909,0.4077056528440038,0.3952847075210472
-0.7715321947104895,-0.5466875407098224,-0.3725908629465984,0.10614254245125951,-0.652001612503653,-0.5716565536927477,-0.5781138438812045,0.010008714646709188,-0.2229574022488396,-0.12014567606486325,-0.6616825781270738,-0.6504436355879909,0.5201645324439633,0.3952847075210472
-0.7646805857329553,-0.5532665195833181,-0.3732658196254984,-0.07636114022691982,-0.311374062963961,-0.5716565536927477,-0.6661384111006403,0.010008714646709188,-0.2229574022488396,-0.12014567606486325,-0.6616825781270738,1.5374122295716144,0.8575411712438483,0.3952847075210472
-0.7664455091872442,-0.5491460563235203,-0.372845550941679,-0.13480902594230737,-0.2803230137252107,-0.5812638262724685,-0.7542120834167783,0.010008714646709188,-0.2229574022488396,-0.12014567606486325,1.2215678365422902,-0.6504436355879909,-0.1608364606891338,0.3952847075210472
-0.5858720585471261,-0.036864525193551004,-0.2563099546914066,1.5860701926531693,1.24873657242683,-0.5812638262724685,0.09656023126454014,0.010008714646709188,-0.2229574022488396,-0.12014567606486325,1.2215678365422902,-0.6504436355879909,0.43269651497732925,0.3952847075210472
-0.40685855302302,0.06388887580265587,-0.21838095934262597,-0.12817000949875518,-1.7574976991346336,-0.5812638262724685,0.0037141046431568344,0.010008714646709188,-0.2229574022488396,-0.12014567606486325,-0.6616825781270738,-0.6504436355879909,0.057833582977457124,0.3952847075210472
-0.330741866880956,-0.02568805089121035,-0.25234581403849105,-0.6486241425153517,-0.7216328057164645,-0.5812638262724685,-0.4187447006828191,0.010008714646709188,-0.2229574022488396,-0.12014567606486325,-0.6616825781270738,-0.6504436355879909,-0.24205676262243814,0.3952847075210472
0.026771699066233546,-0.1245958014375284,-0.2853183996844196,-0.5838742334237939,0.5526224654026288,-0.019419814063908795,0.40777501937570787,0.010008714646709188,-0.2229574022488396,-0.12014567606486325,1.2215678365422902,-0.6504436355879909,0.7700731537772121,0.3952847075210472
0.10556201018038193,-0.049501695095752855,-0.26071905478332125,-1.0208901159359602,-0.12871871175441105,-0.019419814063908795,0.3526437314726714,0.010008714646709188,-0.2229574022488396,-0.12014567606486325,-0.6616825781270738,-0.6504436355879909,0.2827513421773805,0.3952847075210472
0.19608578063378818,-0.03632839413511483,-0.25612118267775597,-1.9678844737180359,1.384310932156758,-0.019419814063908795,0.29793357987991037,0.010008714646709188,-0.2229574022488396,-0.12014567606486325,-0.6616825781270738,-0.6504436355879909,-0.12959788302247865,0.3952847075210472
0.4008946685181697,-0.6316108190523844,-0.3796866195463271,-0.06429844953237984,-0.3069021911497198,1.0954471269775743,0.2469231478319924,0.010008714646709188,-0.2229574022488396,-0.12014567606486325,-0.6616825781270738,1.5374122295716144,-0.24205676262243814,0.3952847075210472
0.3137336683093473,-0.5792567276028563,-0.3757265326252634,-0.9975223135435444,0.39970003050671965,0.8903868480752142,0.1244851871680371,0.010008714646709188,-0.2229574022488396,-0.12014567606486325,1.2215678365422902,-0.6504436355879909,0.4389442305106595,0.3952847075210472
0.08328687104473652,-0.16731731225069185,-0.2980900170750565,-1.760192888231733,1.1007450562162129,0.01808336250853939,-0.3963521998897368,0.010008714646709188,-0.2229574022488396,-0.12014567606486325,-0.6616825781270738,-0.6504436355879909,0.06408129851078903,0.3952847075210472
-0.17864411582611328,-0.03336156940177573,-0.25507403674416107,-0.1833028527968254,-1.4761790307434683,-0.24492833967074196,-0.5533919572623487,0.010008714646709188,-0.2229574022488396,-0.12014567606486325,-0.6616825781270738,-0.6504436355879909,-0.11085473642248514,0.3952847075210472
-0.4926976658299042,-0.04772119822480939,-0.260102537963929,0.8738812421610065,0.6089694451122394,-0.6140876702310187,-0.7738106353008825,0.010008714646709188,-0.2229574022488396,-0.12014567606486325,-0.6616825781270738,-0.6504436355879909,-0.14834102962247217,0.3952847075210472
-0.7901619200197041,-0.37907952548664564,-0.3483009171332071,0.2390148461571436,-0.8381396002251125,-0.728844946811443,-0.8423302286178644,0.010008714646709188,-0.2229574022488396,-0.12014567606486325,-0.6616825781270738,-0.6504436355879909,-0.0639968699225005,-2.5298221281347035
-0.9273778968593088,-0.5055680094193157,-0.367895675466881,1.4856119180298417,1.0554206100427372,-0.728844946811443,-0.8423302286178644,0.010008714646709188,-0.2229574022488396,-0.12014567606486325,1.2215678365422902,1.5374122295716144,1.4823127245769672,-2.5298221281347035
-1.0162767766168186,-0.6971357954526014,-0.3827659857353626,1.7803919676939661,1.4730696628565256,-0.728844946811443,-0.8423302286178644,0.010008714646709188,-0.2229574022488396,-0.12014567606486325,1.2215678365422902,-0.6504436355879909,-0.7356262897556016,-2.5298221281347035
-1.037358494378689,-0.7610696737547553,-0.3837592765353673,-0.13180275107504824,-0.8857905995964451,-0.728844946811443,-0.8423302286178644,0.010008714646709188,-0.2229574022488396,-0.12014567606486325,-0.6616825781270738,-0.6504436355879909,-0.07336844322249754,-2.5298221281347035
-1.037358494378689,-0.7610696737547553,-0.3837592765353673,-0.13180275107504824,-0.8857905995964451,-0.728844946811443,-0.8423302286178644,0.010008714646709188,-0.2229574022488396,-0.12014567606486325,-0.6616825781270738,1.5374122295716144,-0.05462529662250402,-2.5298221281347035
0.16892905417554976,2.8972015447853208,2.8683573625762753,1.7803919676939652,1.4730696628565265,-0.728844946811443,3.0783337886078224,0.010008714646709188,-0.2229574022488396,-0.12014567606486325,-2.5449329927964377,1.5374122295716144,-1.4978475848220054,0.3952847075210472
1.2403029422374294,3.2408838404313425,3.5081113250867832,-0.09730488900430155,-1.8266535700901216,-0.728844946811443,2.639838726001432,0.010008714646709188,-0.2229574022488396,-0.12014567606486325,1.2215678365422902,1.5374122295716144,0.4077056528440038,0.3952847075210472
2.0084515344723908,2.512311089497618,2.220039176528716,-1.444416863080821,0.6678494220682787,-0.728844946811443,1.6542988289129883,0.010008714646709188,-0.2229574022488396,-0.12014567606486325,1.2215678365422902,-0.6504436355879909,-0.8855714625555504,0.3952847075210472
2.7376565172303633,0.6487323164367197,0.09922228529803052,0.11601218946393599,-1.3124947812616283,3.2405459176051585,1.5277246894714414,0.010008714646709188,-0.2229574022488396,-0.12014567606486325,-0.6616825781270738,-0.6504436355879909,-0.7981034450889144,0.3952847075210472
2.2425825426654615,0.2656019633441145,-0.12761925505571986,1.6703758437245366,1.3348696646175047,3.142610583518278,1.469249188283567,0.010008714646709188,-0.2229574022488396,-0.12014567606486325,-0.6616825781270738,1.5374122295716144,-0.23580904708910844,0.3952847075210472
1.5043797863884478,0.46961899411071867,-0.015705976350973216,-1.9644498917326576,1.386211751504819,1.0847554509701656,0.24053933223672452,0.010008714646709188,-0.2229574022488396,-0.12014567606486325,1.2215678365422902,-0.6504436355879909,1.8446802255101753,0.3952847075210472
1.007622634813154,0.7110885794904255,0.1428922035402443,-0.18060937103008742,-1.7794524533211138,0.7484607912280352,0.03974358309697593,0.010008714646709188,-0.2229574022488396,-0.12014567606486325,-0.6616825781270738,1.5374122295716144,1.957139105110137,0.3952847075210472
0.48780212493512126,0.6077550761261953,0.07155368239678886,1.498164089383404,1.150118318532084,0.41092896238053833,-0.1617908584071269,0.010008714646709188,-0.2229574022488396,-0.12014567606486325,1.2215678365422902,1.5374122295716144,2.3257543215766767,0.3952847075210472
-0.031538991520996026,-0.37120164031483777,-0.346823301520722,0.5104682503850138,-0.44422630360035525,0.3156031824168506,-0.21870823977386275,0.010008714646709188,-0.2229574022488396,-0.12014567606486325,1.2215678365422902,-0.6504436355879909,-0.9168100402222058,0.3952847075210472
-0.19040791447230762,-0.504690403091897,-0.36778651056889355,1.150760023761971,0.7775456250314408,0.2199604121080366,-0.2758148906159703,0.010008714646709188,-0.2229574022488396,-0.12014567606486325,-0.6616825781270738,-0.6504436355879909,-1.8164810770218969,0.3952847075210472
-0.30250586122019035,-0.6295540478114984,-0.3795561832838574,-0.0026545541835785147,-0.34780599427867276,0.13826122284605652,-0.32459606937316077,0.010008714646709188,-0.2229574022488396,-0.12014567606486325,-0.6616825781270738,1.5374122295716144,-2.078885129421805,0.3952847075210472
-0.3720038197243903,-0.627047954884623,-0.379394473203847,-0.23261232414472324,-0.08360804196969532,0.03262030006338906,-0.38767244485359664,0.010008714646709188,-0.2229574022488396,-0.12014567606486325,1.2215678365422902,-0.6504436355879909,-1.3916364207553757,0.3952847075210472
-0.4434616851685832,-0.6190304981653046,-0.3788566298233948,-0.3417340323600004,-0.37533448307477935,-0.07337413533555577,-0.4509598966284649,0.010008714646709188,-0.2229574022488396,-0.12014567606486325,-0.6616825781270738,-0.6504436355879909,-1.5040953003553372,0.3952847075210472
-0.53713642472482,-0.5572530222757941,-0.37366457140845327,-0.8775830961933904,0.2616889377596505,-0.28995334906075126,-0.580275614878035,0.010008714646709188,-0.2229574022488396,-0.12014567606486325,-0.6616825781270738,1.5374122295716144,-0.8668283159555569,0.3952847075210472
-0.6327318278062197,-0.5481926581484198,-0.37274713311181795,-0.0724593079388449,-1.0677278836821107,-0.38210757419144775,-0.6352993154794664,0.010008714646709188,-0.2229574022488396,-0.12014567606486325,1.2215678365422902,-0.6504436355879909,1.1636792323770762,0.3952847075210472
-0.7267999773557694,-0.567815129681622,-0.3746837100672929,0.7226297176372037,0.38343612998897103,-0.47943496873404984,-0.6934118264363371,0.010008714646709188,-0.2229574022488396,-0.12014567606486325,-0.6616825781270738,-0.6504436355879909,0.6763574207772439,0.3952847075210472
-0.8192769957639708,-0.6232836045210114,-0.3791458359230306,-0.1794550897101066,-0.3044745954601417,-0.5767681613193659,-0.7515277993046494,0.010008714646709188,-0.2229574022488396,-0.12014567606486325,-0.6616825781270738,-0.6504436355879909,0.264008195577387,0.3952847075210472
-0.7949012439534572,-0.5609265430842029,-0.3740251790674013,0.7438759373659642,0.3798126804160754,-0.5767681613193659,-0.5010497842451616,0.010008714646709188,-0.2229574022488396,-0.12014567606486325,1.2215678365422902,-0.6504436355879909,0.4077056528440038,0.3952847075210472
-0.7797826930240727,-0.5529762040208882,-0.3732364789556366,0.10663493951859555,-0.6556050698901009,-0.5767681613193659,-0.586161148802317,0.010008714646709188,-0.2229574022488396,-0.12014567606486325,-0.6616825781270738,-0.6504436355879909,0.5201645324439633,0.3952847075210472
-0.7730428772472752,-0.5594508037349977,-0.37388110267398794,-0.07830633758344803,-0.3102891186701228,-0.5767681613193659,-0.671506142977618,0.010008714646709188,-0.2229574022488396,-0.12014567606486325,-0.6616825781270738,1.5374122295716144,0.8575411712438483,0.3952847075210472
-0.7746949308969899,-0.5555930016527536,-0.37349946556016844,-0.13471709585264713,-0.2802896315598435,-0.585761032761227,-0.7568972879532964,0.010008714646709188,-0.2229574022488396,-0.12014567606486325,1.2215678365422902,-0.6504436355879909,-0.1608364606891338,0.3952847075210472
-0.599768702331485,-0.05935216232703387,-0.26410204735145937,1.5858319878920795,1.2484659485012224,-0.585761032761227,0.06749373659922929,0.010008714646709188,-0.2229574022488396,-0.12014567606486325,1.2215678365422902,-0.6504436355879909,0.43269651497732925,0.3952847075210472
-0.4263430773707081,0.038274984820287496,-0.22849109473884485,-0.1281895002839463,-1.757377854112734,-0.585761032761227,-0.02249487514847598,0.010008714646709188,-0.2229574022488396,-0.12014567606486325,-0.6616825781270738,-0.6504436355879909,0.057833582977457124,0.3952847075210472
-0.3526174910680149,-0.048488184745231665,-0.26036830446561315,-0.6484317127449676,-0.7219199111503182,-0.585761032761227,-0.43188396192114475,0.010008714646709188,-0.2229574022488396,-0.12014567606486325,-0.6616825781270738,-0.6504436355879909,-0.24205676262243814,0.3952847075210472
-0.006682151906601401,-0.14541355469474745,-0.29165268450800663,-0.5913254393301518,0.5536646190529056,-0.041425575671593114,0.36745837514084734,0.010008714646709188,-0.2229574022488396,-0.12014567606486325,1.2215678365422902,-0.6504436355879909,0.7700731537772121,0.3952847075210472
0.06918322967507114,-0.07303964418105043,-0.26872451397077246,-1.024337460087743,-0.12239625821764832,-0.041425575671593114,0.3140706593875446,0.010008714646709188,-0.2229574022488396,-0.12014567606486325,-0.6616825781270738,-0.6504436355879909,0.2827513421773805,0.3952847075210472
0.15643636838037658,-0.06021018380499431,-0.26439448897443624,-1.9676816863395534,1.384076731474156,-0.041425575671593114,0.26109442470121447,0.010008714646709188,-0.2229574022488396,-0.12014567606486325,-0.6616825781270738,-0.6504436355879909,-0.12959788302247865,0.3952847075210472
0.35445557676675743,-0.6357220550331663,-0.3799411836572094,-0.06397219057970228,-0.3069949738362949,1.036482084496967,0.2117161365549491,0.010008714646709188,-0.2229574022488396,-0.12014567606486325,-0.6616825781270738,1.5374122295716144,-0.24205676262243814,0.3952847075210472
0.27007952266810725,-0.5850841855370348,-0.37623321044843816,-0.9970655556030026,0.39942944367682104,0.8380238578804938,0.09322014760003301,0.010008714646709188,-0.2229574022488396,-0.12014567606486325,1.2215678365422902,-0.6504436355879909,0.4389442305106595,0.3952847075210472
0.04705401582335844,-0.18646884290998395,-0.30352742545945244,-1.7601307093697427,1.1006682776869685,-0.006121767773065417,-0.41080466628229534,0.010008714646709188,-0.2229574022488396,-0.12014567606486325,-0.6616825781270738,-0.6504436355879909,0.06408129851078903,0.3952847075210472
-0.2064242426031003,-0.05685659183682847,-0.26324944203607703,-0.18326022451137117,-1.476203779798216,-0.26061490785694874,-0.5627581369477366,0.010008714646709188,-0.2229574022488396,-0.12014567606486325,-0.6616825781270738,-0.6504436355879909,-0.11085473642248514,0.3952847075210472
-0.5103290100129131,-0.07078064506032644,-0.26796788993046256,0.8740219828625996,0.6090723171918877,-0.6178083220862022,-0.7760321724407305,0.010008714646709188,-0.2229574022488396,-0.12014567606486325,-0.6616825781270738,-0.6504436355879909,-0.14834102962247217,0.3952847075210472
-0.7981738151067843,-0.3914586974442585,-0.35056187948026796,0.23903438995828247,-0.8381132217656243,-0.728844946811443,-0.8423302286178644,0.010008714646709188,-0.2229574022488396,-0.12014567606486325,-0.6616825781270738,-0.6504436355879909,-0.0639968699225005,-2.5298221281347035
-0.9309431394970467,-0.5138502736404698,-0.36890746568673505,1.4856155114499139,1.0554261211122737,-0.728844946811443,-0.8423302286178644,0.010008714646709188,-0.2229574022488396,-0.12014567606486325,1.2215678365422902,1.5374122295716144,1.4823127245769672,-2.5298221281347035
-1.01696028649644,-0.6992086548825691,-0.3828293504070512,1.7803919676939657,1.4730696628565265,-0.728844946811443,-0.8423302286178644,0.010008714646709188,-0.2229574022488396,-0.12014567606486325,1.2215678365422902,-0.6504436355879909,-0.7356262897556016,-2.5298221281347035
-1.037358494378689,-0.7610696737547553,-0.3837592765353673,-0.13180275107504824,-0.8857905995964451,-0.728844946811443,-0.8423302286178644,0.010008714646709188,-0.2229574022488396,-0.12014567606486325,-0.6616825781270738,-0.6504436355879909,-0.07336844322249754,-2.5298221281347035
-1.037358494378689,-0.7610696737547553,-0.3837592765353673,-0.13180275107504824,-0.8857905995964451,-0.728844946811443,-0.8423302286178644,0.010008714646709188,-0.2229574022488396,-0.12014567606486325,-0.6616825781270738,1.5374122295716144,-0.05462529662250402,-2.5298221281347035
0.1604087194465211,2.8713621872052064,2.8225784537763023,1.7803919676939644,1.4730696628565279,-0.728844946811443,3.0506410798280115,0.010008714646709188,-0.2229574022488396,-0.12014567606486325,-2.5449329927964377,1.5374122295716144,-1.4978475848220054,0.3952847075210472
1.224179469994964,3.2125619999833566,3.453220678967285,-0.09728559487429793,-1.8266144456840232,-0.728844946811443,2.615127082660115,0.010008714646709188,-0.2229574022488396,-0.12014567606486325,1.2215678365422902,1.5374122295716144,0.4077056528440038,0.3952847075210472
1.9868215883987737,2.4891468087397723,2.1833176883037257,-1.4441996986059478,0.6675621782714787,-0.728844946811443,1.6364017414088803,0.010008714646709188,-0.2229574022488396,-0.12014567606486325,1.2215678365422902,-0.6504436355879909,-0.8855714625555504,0.3952847075210472
2.7107888306635575,0.639020979219242,0.09259122350431571,0.11606043375620737,-1.3124027063234458,3.212034539110156,1.5107010364396007,0.010008714646709188,-0.2229574022488396,-0.12014567606486325,-0.6616825781270738,-0.6504436355879909,-0.7981034450889144,0.3952847075210472
2.219122299962769,0.25850371552183826,-0.1311488356875042,1.6703752822725233,1.3348685336097952,3.114778817732489,1.4526313202950452,-4.448789600708762,4.34509150294982,0.775359546359947,-0.6616825781270738,1.5374122295716144,-0.23580904708910844,0.3952847075210472
1.4861348724412413,0.4607744698534198,-0.020977105009368634,-1.9644055165733612,1.38616550540144,1.0717575333833422,0.2327784995160855,0.010008714646709188,-0.2229574022488396,-0.12014567606486325,1.2215678365422902,-0.6504436355879909,1.8446802255101753,0.3952847075210472
0.9929330125909488,0.7005028515557533,0.1353455346104644,-0.1806202341446063,-1.7794213208791119,0.7378396289895851,0.03340187005865491,0.010008714646709188,-0.2229574022488396,-0.12014567606486325,-0.6616825781270738,1.5374122295716144,1.957139105110137,0.3952847075210472
0.4768390620467219,0.5979207506718389,0.06503478972968019,1.4981071968781108,1.1500532678097777,0.4027029232963758,-0.16670248466257748,0.010008714646709188,-0.2229574022488396,-0.12014567606486325,1.2215678365422902,1.5374122295716144,2.3257543215766767,0.3952847075210472
-0.03877547946275105,-0.37396473776949835,-0.34734499622215187,0.5104989916314884,-0.4441869796328324,0.30805684102959563,-0.22321403024130598,0.010008714646709188,-0.2229574022488396,-0.12014567606486325,1.2215678365422902,-0.6504436355879909,-0.9168100402222058,0.3952847075210472
-0.1965170119789642,-0.506513496225865,-0.36801286510548126,1.150806262414752,0.7775862340455679,0.21309938798673503,-0.2799114899475179,0.010008714646709188,-0.2229574022488396,-0.12014567606486325,-0.6616825781270738,-0.6504436355879909,-1.8164810770218969,0.3952847075210472
-0.3078165188195542,-0.630495238198202,-0.3796161268185356,-0.0026163010555627425,-0.34778654739634834,0.13198632832208296,-0.32834270081738387,0.010008714646709188,-0.2229574022488396,-0.12014567606486325,-0.6616825781270738,1.5374122295716144,-2.078885129421805,0.3952847075210472
-0.37681664068163934,-0.6280095004170367,-0.37945687952931373,-0.23259451578422222,-0.08360963786961045,0.027104209849432435,-0.3909660073136225,0.010008714646709188,-0.2229574022488396,-0.12014567606486325,1.2215678365422902,-0.6504436355879909,-1.3916364207553757,0.3952847075210472
-0.44776095856186626,-0.620052182379343,-0.37892690539465207,-0.3416953291772923,-0.3753592938324768,-0.07812500623502464,-0.4537965598156133,0.010008714646709188,-0.2229574022488396,-0.12014567606486325,-0.6616825781270738,-0.6504436355879909,-1.5040953003553372,0.3952847075210472
-0.5407602412997708,-0.5587245147036625,-0.3738098064558799,-0.877539549364642,0.2616688330412872,-0.29313755776334677,-0.5821768510509354,0.010008714646709188,-0.2229574022488396,-0.12014567606486325,-0.6616825781270738,1.5374122295716144,-0.8668283159555569,0.3952847075210472
-0.6356653098562393,-0.5497321204977806,-0.3729058302021774,-0.07245057312060167,-1.0677220638121037,-0.384624667244716,-0.636802228388262,0.010008714646709188,-0.2229574022488396,-0.12014567606486325,1.2215678365422902,-0.6504436355879909,1.1636792323770762,0.3952847075210472
-0.729052920782092,-0.5692138736864583,-0.3748146094911537,0.7226427084342331,0.38344358052809774,-0.4812465809758889,-0.6944935089035217,0.010008714646709188,-0.2229574022488396,-0.12014567606486325,-0.6616825781270738,-0.6504436355879909,0.6763574207772439,0.3952847075210472
-0.8208601393378898,-0.6242825203230175,-0.37921248611081265,-0.1794355894885593,-0.3044773694036751,-0.5778730102113412,-0.7521874855486133,0.010008714646709188,-0.2229574022488396,-0.12014567606486325,-0.6616825781270738,-0.6504436355879909,0.264008195577387,0.3952847075210472
-0.7966137835810062,-0.5622486781776472,-0.3741533601669489,0.7451126645088412,0.3809417553537789,-0.5778730102113412,-0.5033715822086878,0.010008714646709188,-0.2229574022488396,-0.12014567606486325,1.2215678365422902,-0.6504436355879909,0.4077056528440038,0.3952847075210472
-0.7815694661421734,-0.5543414596205773,-0.37337410154648465,0.10674055939743093,-0.6563805776069359,-0.5778730102113412,-0.5879053346776041,0.010008714646709188,-0.2229574022488396,-0.12014567606486325,-0.6616825781270738,-0.6504436355879909,0.5201645324439633,0.3952847075210472
-0.7748547924727628,-0.5607925426606298,-0.37401214030026175,-0.07872546450024445,-0.3100549414547409,-0.5778730102113412,-0.6726695420768507,0.010008714646709188,-0.2229574022488396,-0.12014567606486325,-0.6616825781270738,1.5374122295716144,0.8575411712438483,0.3952847075210472
-0.776482939188704,-0.5569903867387701,-0.3736385388301301,-0.13469717390283104,-0.2802823961632914,-0.5867357454545231,-0.757479272114438,0.010008714646709188,-0.2229574022488396,-0.12014567606486325,1.2215678365422902,-0.6504436355879909,-0.1608364606891338,0.3952847075210472
-0.6027794010690867,-0.0642223764241034,-0.2657572263320496,1.5857804276463354,1.24840737222392,-0.5867357454545231,0.061197962081651,0.010008714646709188,-0.2229574022488396,-0.12014567606486325,1.2215678365422902,-0.6504436355879909,0.43269651497732925,0.3952847075210472
-0.4305637081233494,0.03272768721482712,-0.23063867929013313,-0.12819371872091315,-1.7573519129686055,-0.5867357454545231,-0.02817157025039097,0.010008714646709188,-0.2229574022488396,-0.12014567606486325,-0.6616825781270738,-0.6504436355879909,0.057833582977457124,0.3952847075210472
-0.35735573160090933,-0.05342637695681339,-0.2620725783566947,-0.648390075670033,-0.7219820275492751,-0.5867357454545231,-0.4347296912764008,0.010008714646709188,-0.2229574022488396,-0.12014567606486325,-0.6616825781270738,-0.6504436355879909,-0.24205676262243814,0.3952847075210472
-0.01392343929170954,-0.14991196689279288,-0.2929937569025976,-0.592934242470469,0.5538929302964529,-0.04619163067696063,0.3587410125298025,0.010008714646709188,-0.2229574022488396,-0.12014567606486325,1.2215678365422902,-0.6504436355879909,0.7700731537772121,0.3952847075210472
0.06131297205427967,-0.07812362304757044,-0.27041825858455354,-1.025082814691406,-0.1210298272227627,-0.04619163067696063,0.3057306119485416,0.010008714646709188,-0.2229574022488396,-0.12014567606486325,-0.6616825781270738,-0.6504436355879909,0.2827513421773805,0.3952847075210472
0.14786210267461264,-0.06536935026755597,-0.2661453569311248,-1.9676378382310458,1.3840260925185606,-0.04619163067696063,0.25312956939247633,0.010008714646709188,-0.2229574022488396,-0.12014567606486325,-0.6616825781270738,-0.6504436355879909,-0.12959788302247865,0.3952847075210472
0.3444149048432306,-0.6366115838805823,-0.3799951815370913,-0.06390179550657095,-0.307014975700594,1.0237337205634631,0.2041043080225039,0.010008714646709188,-0.2229574022488396,-0.12014567606486325,-0.6616825781270738,1.5374122295716144,-0.24205676262243814,0.3952847075210472
0.2606412588502075,-0.5863445474791678,-0.3763406238583996,-0.9969669924817813,0.39937108117364,0.8267031131994503,0.08646072593454181,0.010008714646709188,-0.2229574022488396,-0.12014567606486325,1.2215678365422902,-0.6504436355879909,0.4389442305106595,0.3952847075210472
0.03922050278927689,-0.1906098153495078,-0.30467967132439777,-1.760117296573456,1.1006517163363387,-0.011354379107250638,-0.41392896838572607,0.010008714646709188,-0.2229574022488396,-0.12014567606486325,-0.6616825781270738,-0.6504436355879909,0.06408129851078903,0.3952847075210472
-0.21243013294448065,-0.0619365084443103,-0.2649817924072241,-0.18325103270795565,-1.4762091136462114,-0.26400595169542657,-0.5647828708178343,0.010008714646709188,-0.2229574022488396,-0.12014567606486325,-0.6616825781270738,-0.6504436355879909,-0.11085473642248514,0.3952847075210472
-0.5141406929001698,-0.07576612214324784,-0.26963441120370113,0.874052327611162,0.6090944985864434,-0.6186126274504916,-0.7765124093207437,0.010008714646709188,-0.2229574022488396,-0.12014567606486325,-0.6616825781270738,-0.6504436355879909,-0.14834102962247217,0.3952847075210472
-0.7999057976793291,-0.39413479643761007,-0.35104085826371983,0.23903860367315502,-0.8381075344108481,-0.728844946811443,-0.8423302286178644,0.010008714646709188,-0.2229574022488396,-0.12014567606486325,-0.6616825781270738,-0.6504436355879909,-0.0639968699225005,-2.5298221281347035
-0.9317138546136867,-0.5156406924576031,-0.3691218070589754,1.4856162861755995,1.0554273092738329,-0.728844946811443,-0.8423302286178644,0.010008714646709188,-0.2229574022488396,-0.12014567606486325,1.2215678365422902,1.5374122295716144,1.4823127245769672,-2.5298221281347035
-1.0171080430412933,-0.6996567516204096,-0.38284277364768043,1.7803919676939641,1.4730696628565265,-0.728844946811443,-0.8423302286178644,0.010008714646709188,-0.2229574022488396,-0.12014567606486325,1.2215678365422902,-0.6504436355879909,-0.7356262897556016,-2.5298221281347035
-1.037358494378689,-0.7610696737547553,-0.3837592765353673,-0.13180275107504824,-0.8857905995964451,-0.728844946811443,-0.8423302286178644,0.010008714646709188,-0.2229574022488396,-0.12014567606486325,-0.6616825781270738,-0.6504436355879909,-0.07336844322249754,-2.5298221281347035
-1.037358494378689,-0.7610696737547553,-0.3837592765353673,-0.13180275107504824,-0.8857905995964451,-0.728844946811443,-0.8423302286178644,0.010008714646709188,-0.2229574022488396,-0.12014567606486325,-0.6616825781270738,1.5374122295716144,-0.05462529662250402,-2.5298221281347035
0.06743605364428058,2.589406837651179,2.3441345831052294,1.7803919676939635,1.4730696628565279,-0.728844946811443,2.748462228829117,0.010008714646709188,-0.2229574022488396,-0.12014567606486325,-2.5449329927964377,1.5374122295716144,-1.4978475848220054,0.3952847075210472
1.0482765614964182,2.903570732542621,2.8796913351539866,-0.09707530271608547,-1.8261880227565919,-0.728844946811443,2.3455880172284225,0.010008714646709188,-0.2229574022488396,-0.12014567606486325,1.2215678365422902,1.5374122295716144,0.4077056528440038,0.3952847075210472
1.7509115512176732,2.2364240239537807,1.7996284779922325,-1.441839467140645,0.6644419326611631,-0.728844946811443,1.4413671574204276,0.010008714646709188,-0.2229574022488396,-0.12014567606486325,1.2215678365422902,-0.6504436355879909,-0.8855714625555504,0.3952847075210472
2.417810218119753,0.5328114862562237,0.023061469017635176,0.11658670646944236,-1.3113981020550765,2.901384602472002,1.3252173097717308,0.010008714646709188,-0.2229574022488396,-0.12014567606486325,-0.6616825781270738,-0.6504436355879909,-0.7981034450889144,0.3952847075210472
1.9634123147779607,0.18089710638551426,-0.16814104139259242,1.6703688092457125,1.3348557591377122,2.81155666959049,1.2715825982052464,0.010008714646709188,-0.2229574022488396,-0.12014567606486325,-0.6616825781270738,1.5374122295716144,-0.23580904708910844,0.3952847075210472
1.2873331703429862,0.3644127596779953,-0.07594287648768226,-1.9639223179229048,1.3856620671773048,0.9301082973091545,0.14820218036073732,0.010008714646709188,-0.2229574022488396,-0.12014567606486325,1.2215678365422902,-0.6504436355879909,1.8446802255101753,0.3952847075210472
0.8328808212975303,0.5851757576293383,0.05665642908219249,-0.18073807759616928,-1.7790832671104273,0.6221248489232956,-0.035689432098115544,0.010008714646709188,-0.2229574022488396,-0.12014567606486325,-0.6616825781270738,1.5374122295716144,1.957139105110137,0.3952847075210472
0.35739725514874543,0.4907714863834827,-0.0029453987390880764,1.497489910977478,1.1493474395874121,0.3131135836525457,-0.2201947363162679,0.010008714646709188,-0.2229574022488396,-0.12014567606486325,1.2215678365422902,1.5374122295716144,2.3257543215766767,0.3952847075210472
-0.11761003052280732,-0.4041072662099153,-0.35279511837830274,0.5108325686514178,-0.4437601373472377,0.2258782597354788,-0.2722814457240464,0.010008714646709188,-0.2229574022488396,-0.12014567606486325,1.2215678365422902,-0.6504436355879909,-0.9168100402222058,0.3952847075210472
-0.26305433399477596,-0.5263955759380821,-0.37037654928550195,1.1513074883253038,0.778026561849428,0.13838950337067835,-0.3245194752813568,0.010008714646709188,-0.2229574022488396,-0.12014567606486325,-0.6616825781270738,-0.6504436355879909,-1.8164810770218969,0.3952847075210472
-0.36564761407545354,-0.6407536324585923,-0.38024155561883327,-0.0022016155832314498,-0.3475756096343583,0.06366345832425344,-0.3691371097298283,0.010008714646709188,-0.2229574022488396,-0.12014567606486325,-0.6616825781270738,1.5374122295716144,-2.078885129421805,0.3952847075210472
-0.42922209525327065,-0.6384873553545756,-0.3801077877197883,-0.23240154755187867,-0.08362691216057572,-0.03295092600400973,-0.42682389456829367,0.010008714646709188,-0.2229574022488396,-0.12014567606486325,1.2215678365422902,-0.6504436355879909,-1.3916364207553757,0.3952847075210472
-0.49457121203016924,-0.6311827470162491,-0.37965964150849063,-0.341276184940302,-0.37562786004136384,-0.12984639007538165,-0.48467850728017453,0.010008714646709188,-0.2229574022488396,-0.12014567606486325,-0.6616825781270738,-0.6504436355879909,-1.5040953003553372,0.3952847075210472
-0.5802135008797747,-0.5747499987341498,-0.3753233702018356,-0.87706782665432,0.26145115040046635,-0.3278000139878229,-0.6028732066515696,0.010008714646709188,-0.2229574022488396,-0.12014567606486325,-0.6616825781270738,1.5374122295716144,-0.8668283159555569,0.3952847075210472
-0.667600554480907,-0.5664952930768402,-0.37455932315761675,-0.07235596797953255,-1.0676590006069828,-0.41202359872339434,-0.6531616584669568,0.010008714646709188,-0.2229574022488396,-0.12014567606486325,1.2215678365422902,-0.6504436355879909,1.1636792323770762,0.3952847075210472
-0.7535780626188796,-0.5844435809277846,-0.3761783194735531,0.7227832919993483,0.38352423157067944,-0.5009651927982218,-0.7062671523978825,0.010008714646709188,-0.2229574022488396,-0.12014567606486325,-0.6616825781270738,-0.6504436355879909,0.6763574207772439,0.3952847075210472
-0.8380928817343287,-0.6351571952045874,-0.3799066948220639,-0.1792245415354469,-0.30450739918325437,-0.5898985823079173,-0.7593677475242796,0.010008714646709188,-0.2229574022488396,-0.12014567606486325,-0.6616825781270738,-0.6504436355879909,0.264008195577387,0.3952847075210472
-0.8152998525327192,-0.5767624642110052,-0.3755046208928059,0.758455445531985,0.393154065266356,-0.5898985823079173,-0.5287915255951507,0.010008714646709188,-0.2229574022488396,-0.12014567606486325,1.2215678365422902,-0.6504436355879909,0.4077056528440038,0.3952847075210472
-0.8010971217552011,-0.569339268785851,-0.37482629796628436,0.10787187494458067,-0.6647449400005594,-0.5898985823079173,-0.6070000815092043,0.010008714646709188,-0.2229574022488396,-0.12014567606486325,-0.6616825781270738,-0.6504436355879909,0.5201645324439633,0.3952847075210472
-0.794678607733998,-0.5755123806054102,-0.37539226495605754,-0.08325728435755775,-0.30751367935068225,-0.5898985823079173,-0.685405760769374,0.010008714646709188,-0.2229574022488396,-0.12014567606486325,-0.6616825781270738,1.5374122295716144,0.8575411712438483,0.3952847075210472
-0.7960577950946909,-0.5722899622255071,-0.3750991358119929,-0.1344791477902434,-0.28020318326315025,-0.5974061197484071,-0.7638503688234516,0.010008714646709188,-0.2229574022488396,-0.12014567606486325,1.2215678365422902,-0.6504436355879909,-0.1608364606891338,0.3952847075210472
-0.6357098385246986,-0.1174520962559027,-0.283096221740256,1.5852175434577114,1.2477679218683897,-0.5974061197484071,-0.007630162110048208,0.010008714646709188,-0.2229574022488396,-0.12014567606486325,1.2215678365422902,-0.6504436355879909,0.43269651497732925,0.3952847075210472
-0.4767124444938891,-0.027902808185019255,-0.2531361809386975,-0.12823976228553643,-1.7570687072973852,-0.5974061197484071,-0.09022830320777267,0.010008714646709188,-0.2229574022488396,-0.12014567606486325,-0.6616825781270738,-0.6504436355879909,0.057833582977457124,0.3952847075210472
-0.40915625530327615,-0.10740600837465106,-0.2799292409825052,-0.6479358723177258,-0.7226594900777281,-0.5974061197484071,-0.4658352939947039,0.010008714646709188,-0.2229574022488396,-0.12014567606486325,-0.6616825781270738,-0.6504436355879909,-0.24205676262243814,0.3952847075210472
-0.09297868795802329,-0.1988462208173136,-0.30694671837149085,-0.6104043663954675,0.5564477658431128,-0.09828759449612141,0.26378687474273366,0.010008714646709188,-0.2229574022488396,-0.12014567606486325,1.2215678365422902,-0.6504436355879909,0.7700731537772121,0.3952847075210472
-0.024513838697637454,-0.13337624073525825,-0.2880157360766777,-1.0332005152266104,-0.10616074125137948,-0.09828759449612141,0.21489362275508708,0.010008714646709188,-0.2229574022488396,-0.12014567606486325,-0.6616825781270738,-0.6504436355879909,0.2827513421773805,0.3952847075210472
0.054439723554471124,-0.12145995707387591,-0.2843459929983245,-1.9671602035107159,1.383474521825364,-0.09828759449612141,0.16638579425566113,0.010008714646709188,-0.2229574022488396,-0.12014567606486325,-0.6616825781270738,-0.6504436355879909,-0.12959788302247865,0.3952847075210472
0.2350580555286478,-0.646314253980335,-0.380559197351138,-0.06313843257538143,-0.30723143755284105,0.8848992649420224,0.12120864579494245,0.010008714646709188,-0.2229574022488396,-0.12014567606486325,-0.6616825781270738,1.5374122295716144,-0.24205676262243814,0.3952847075210472
0.15785165590560585,-0.6000807323956345,-0.37746122221631656,-0.9958980121286389,0.398738721611063,0.7034214835242287,0.012851388204389361,0.010008714646709188,-0.2229574022488396,-0.12014567606486325,1.2215678365422902,-0.6504436355879909,0.4389442305106595,0.3952847075210472
-0.04608698997347019,-0.23571505187524194,-0.3166906476916486,-1.7599718993606888,1.1004722013942867,-0.06832605312656269,-0.44794577368743743,0.010008714646709188,-0.2229574022488396,-0.12014567606486325,-0.6616825781270738,-0.6504436355879909,0.06408129851078903,0.3952847075210472
-0.27783126682078274,-0.11726428029899012,-0.28303746359829735,-0.18315148233109316,-1.4762667971954542,-0.3009259946701411,-0.586827192583348,0.010008714646709188,-0.2229574022488396,-0.12014567606486325,-0.6616825781270738,-0.6504436355879909,-0.11085473642248514,0.3952847075210472
-0.5556456363975742,-0.13005931326237144,-0.28700118520237466,0.874380877073427,0.609334691290133,-0.6273693655203998,-0.7817409068000555,0.010008714646709188,-0.2229574022488396,-0.12014567606486325,-0.6616825781270738,-0.6504436355879909,-0.14834102962247217,0.3952847075210472
-0.8187630398763726,-0.42327158516793484,-0.35603062892567044,0.23908423027494238,-0.8380459493871094,-0.728844946811443,-0.8423302286178644,0.010008714646709188,-0.2229574022488396,-0.12014567606486325,-0.6616825781270738,-0.6504436355879909,-0.0639968699225005,-2.5298221281347035
-0.9401050001248729,-0.5351339138442989,-0.3713546337837763,1.4856246741066348,1.055440173439455,-0.728844946811443,-0.8423302286178644,0.010008714646709188,-0.2229574022488396,-0.12014567606486325,1.2215678365422902,1.5374122295716144,1.4823127245769672,-2.5298221281347035
-1.0187167173319824,-0.7045353287594527,-0.38298260204242485,1.780391967698658,1.4730696628399826,-0.728844946811443,-0.8423302286178644,0.010008714646709188,-0.2229574022488396,-0.12014567606486325,1.2215678365422902,-0.6504436355879909,-0.7356262897556016,-2.5298221281347035
-1.037358494378689,-0.7610696737547553,-0.3837592765353673,-0.13180275107504824,-0.8857905995964451,-0.728844946811443,-0.8423302286178644,0.010008714646709188,-0.2229574022488396,-0.12014567606486325,-0.6616825781270738,-0.6504436355879909,-0.07336844322249754,-2.5298221281347035
-1.037358494378689,-0.7610696737547553,-0.3837592765353673,-0.13180275107504824,-0.8857905995964451,-0.728844946811443,-0.8423302286178644,0.010008714646709188,-0.2229574022488396,-0.12014567606486325,-0.6616825781270738,1.5374122295716144,-0.05462529662250402,-2.5298221281347035
0.05737476411359746,2.558894273747481,2.2946753330547174,1.7803919676939648,1.473069662856524,-0.728844946811443,2.7157611237923343,0.010008714646709188,-0.2229574022488396,-0.12014567606486325,-2.5449329927964377,1.5374122295716144,-1.4978475848220054,0.3952847075210472
1.0292444852596017,2.8701381604765293,2.8204179277229717,-0.09705257247897268,-1.8261419317417549,-0.728844946811443,2.316431253828929,0.010008714646709188,-0.2229574022488396,-0.12014567606486325,1.2215678365422902,1.5374122295716144,0.4077056528440038,0.3952847075210472
1.725394244894839,2.2090795857508385,1.7599745558487825,-1.4415850878445162,0.6641058214947196,-0.728844946811443,1.420288925889188,0.010008714646709188,-0.2229574022488396,-0.12014567606486325,1.2215678365422902,-0.6504436355879909,-0.8855714625555504,0.3952847075210472
2.386126360045222,0.5212914280336481,0.01584946952888545,0.11664364021859272,-1.3112893987434877,2.867817286330581,1.3051748434524746,0.010008714646709188,-0.2229574022488396,-0.12014567606486325,-0.6616825781270738,-0.6504436355879909,-0.7981034450889144,0.3952847075210472
1.935771101199835,0.17248215509030548,-0.17197623503891055,1.6703680707806194,1.3348543293092017,2.7787944762702286,1.2520208568554205,0.010008714646709188,-0.2229574022488396,-0.12014567606486325,-0.6616825781270738,1.5374122295716144,-0.23580904708910844,0.3952847075210472
1.2658503688487481,0.35400092807735667,-0.08161174882215105,-1.9638701392228537,1.38560771742181,0.9147992766677235,0.13906142781162126,0.010008714646709188,-0.2229574022488396,-0.12014567606486325,1.2215678365422902,-0.6504436355879909,1.8446802255101753,0.3952847075210472
0.815586449423316,0.5727153012563221,0.04854143918940736,-0.18075075954862932,-1.7790468551444845,0.6096223304234656,-0.043154470556448304,0.010008714646709188,-0.2229574022488396,-0.12014567606486325,-0.6616825781270738,1.5374122295716144,1.957139105110137,0.3952847075210472
0.34449181892994557,0.4791936878258949,-0.009956827973421912,1.4974234835232456,1.1492714784537317,0.30343721931073425,-0.22597232680329213,0.010008714646709188,-0.2229574022488396,-0.12014567606486325,1.2215678365422902,1.5374122295716144,2.3257543215766767,0.3952847075210472
-0.12612723033130363,-0.40736832870967055,-0.35335828589912016,0.5108685031174566,-0.443714127266747,0.21700321190905034,-0.27758058392126095,0.010008714646709188,-0.2229574022488396,-0.12014567606486325,1.2215678365422902,-0.6504436355879909,-0.9168100402222058,0.3952847075210472
-0.27024127624175703,-0.5285459323910755,-0.3706206817835149,1.1513613627233874,0.778073904436156,0.13032167325433527,-0.3293366376870445,0.010008714646709188,-0.2229574022488396,-0.12014567606486325,-0.6616825781270738,-0.6504436355879909,-1.8164810770218969,0.3952847075210472
-0.37189307262547666,-0.6418624868561807,-0.3803060967350913,-0.0021570392335489683,-0.3475529229257593,0.05628585925594121,-0.3735421470649748,0.010008714646709188,-0.2229574022488396,-0.12014567606486325,-0.6616825781270738,1.5374122295716144,-2.078885129421805,0.3952847075210472
-0.43488113453183336,-0.639619670652965,-0.3801749350947763,-0.23238080122389024,-0.08362877143715305,-0.039435146361758926,-0.4306955108625275,0.010008714646709188,-0.2229574022488396,-0.12014567606486325,1.2215678365422902,-0.6504436355879909,-1.3916364207553757,0.3952847075210472
-0.4996256860555939,-0.6323853162087946,-0.37973520372334385,-0.34123113450940046,-0.3756567106990694,-0.13543051717376725,-0.4880126933920554,0.010008714646709188,-0.2229574022488396,-0.12014567606486325,-0.6616825781270738,-0.6504436355879909,-1.5040953003553372,0.3952847075210472
-0.5844732917620685,-0.5764808299011421,-0.37547937423560873,-0.8770171976893281,0.2614278332833749,-0.33154202614756395,-0.6051074976613685,0.010008714646709188,-0.2229574022488396,-0.12014567606486325,-0.6616825781270738,1.5374122295716144,-0.8668283159555569,0.3952847075210472
-0.6710483812016858,-0.5683055185186499,-0.374729710639242,-0.07234583824070688,-1.0676522578116165,-0.41498131147556844,-0.6549276578089279,0.010008714646709188,-0.2229574022488396,-0.12014567606486325,1.2215678365422902,-0.6504436355879909,1.1636792323770762,0.3952847075210472
-0.7562257139212243,-0.5860880798590038,-0.37631882916153914,0.7227984049534346,0.38353289463100027,-0.5030936982733913,-0.707538046356658,0.010008714646709188,-0.2229574022488396,-0.12014567606486325,-0.6616825781270738,-0.6504436355879909,0.6763574207772439,0.3952847075210472
-0.8399531532796539,-0.6363312599251277,-0.37997820627570716,-0.17920190153639692,-0.30451057602447035,-0.5911966470668422,-0.7601427996345335,0.010008714646709188,-0.2229574022488396,-0.12014567606486325,-0.6616825781270738,-0.6504436355879909,0.264008195577387,0.3952847075210472
-0.8173219255723875,-0.5783426316405531,-0.37564555756520435,0.7598827595847094,0.39446381703255906,-0.5911966470668422,-0.5315517022427182,0.010008714646709188,-0.2229574022488396,-0.12014567606486325,1.2215678365422902,-0.6504436355879909,0.4077056528440038,0.3952847075210472
-0.8032137206807525,-0.5709732817218226,-0.37497791088472315,0.10799200046483742,-0.665639427810376,-0.5911966470668422,-0.6090733079629249,0.010008714646709188,-0.2229574022488396,-0.12014567606486325,-0.6616825781270738,-0.6504436355879909,0.5201645324439633,0.3952847075210472
-0.7968296416569532,-0.5771139735977406,-0.3755360773073974,-0.08374315704798072,-0.30724021901405446,-0.5911966470668422,-0.6867885750206313,0.010008714646709188,-0.2229574022488396,-0.12014567606486325,-0.6616825781270738,1.5374122295716144,0.8575411712438483,0.3952847075210472
-0.7981831890447757,-0.5739512887654039,-0.3752508895657404,-0.13445548344949393,-0.28019458239697287,-0.5985646145969863,-0.7645420861441292,0.010008714646709188,-0.2229574022488396,-0.12014567606486325,1.2215678365422902,-0.6504436355879909,-0.1608364606891338,0.3952847075210472
-0.6392820334121996,-0.12322193581143935,-0.28489296037147716,1.5851566009237468,1.2476986927184213,-0.5985646145969863,-0.015092717043955997,0.010008714646709188,-0.2229574022488396,-0.12014567606486325,1.2215678365422902,-0.6504436355879909,0.43269651497732925,0.3952847075210472
-0.48171679725458444,-0.03447490896948661,-0.2554674933288784,-0.12824474641135666,-1.757038044625922,-0.5985646145969863,-0.09695631520342053,0.010008714646709188,-0.2229574022488396,-0.12014567606486325,-0.6616825781270738,-0.6504436355879909,0.057833582977457124,0.3952847075210472
-0.41477262925137137,-0.11325789602785079,-0.281779984644338,-0.6478867352268409,-0.7227327645705646,-0.5985646145969863,-0.46920729353606905,0.010008714646709188,-0.2229574022488396,-0.12014567606486325,-0.6616825781270738,-0.6504436355879909,-0.24205676262243814,0.3952847075210472
-0.10153814959755807,-0.20412525101811713,-0.30838241835455366,-0.6122855280944045,0.5567311370869001,-0.10393505189137126,0.253529562531184,0.010008714646709188,-0.2229574022488396,-0.12014567606486325,1.2215678365422902,-0.6504436355879909,0.7700731537772121,0.3952847075210472
-0.03379609400415082,-0.13933122669632705,-0.2898237744266048,-1.0340772418832738,-0.10455625782360348,-0.10393505189137126,0.20508185089906342,0.010008714646709188,-0.2229574022488396,-0.12014567606486325,-0.6616825781270738,-0.6504436355879909,0.2827513421773805,0.3952847075210472
0.044344932485959346,-0.1275075182841101,-0.2862170267463957,-1.9671086058352543,1.3834149406090688,-0.10393505189137126,0.1570168864565328,0.010008714646709188,-0.2229574022488396,-0.12014567606486325,-0.6616825781270738,-0.6504436355879909,-0.12959788302247865,0.3952847075210472
0.22324615910373152,-0.6473638409357337,-0.3806174673877592,-0.0630563484109991,-0.3072547120944811,0.8699048303920529,0.1122557271827446,0.010008714646709188,-0.2229574022488396,-0.12014567606486325,-0.6616825781270738,1.5374122295716144,-0.24205676262243814,0.3952847075210472
0.14674978007873196,-0.6015654067002975,-0.3775768505683397,-0.9957829670298256,0.39867073135601583,0.6901073996029399,0.004901778010951694,0.010008714646709188,-0.2229574022488396,-0.12014567606486325,1.2215678365422902,-0.6504436355879909,0.4389442305106595,0.3952847075210472
-0.05530012875055636,-0.2405874460626327,-0.3179289328546138,-1.7599562903473993,1.1004529354352832,-0.0744776576869015,-0.45161879081786666,0.010008714646709188,-0.2229574022488396,-0.12014567606486325,-0.6616825781270738,-0.6504436355879909,0.06408129851078903,0.3952847075210472
-0.2848941611860984,-0.12324041152106165,-0.2848986877536602,-0.18314079872995095,-1.4762729989196017,-0.30491238398132703,-0.5892073969812295,0.010008714646709188,-0.2229574022488396,-0.12014567606486325,-0.6616825781270738,-0.6504436355879909,-0.11085473642248514,0.3952847075210472
-0.5601276391367801,-0.1359230397010903,-0.28879109825377075,0.8744161560969961,0.6093604879453621,-0.62831484554459,-0.7823054366379647,0.010008714646709188,-0.2229574022488396,-0.12014567606486325,-0.6616825781270738,-0.6504436355879909,-0.14834102962247217,0.3952847075210472
-0.8207991518812318,-0.42641766763754485,-0.3565447252216217,0.23908912499525714,-0.8380393427152625,-0.728844946811443,-0.8423302286178644,0.010008714646709188,-0.2229574022488396,-0.12014567606486325,-0.6616825781270738,-0.6504436355879909,-0.0639968699225005,-2.5298221281347035
-0.9410110191631852,-0.5372386677194283,-0.3715846735895378,1.4856255740482458,1.055441553632883,-0.728844946811443,-0.8423302286178644,0.010008714646709188,-0.2229574022488396,-0.12014567606486325,1.2215678365422902,1.5374122295716144,1.4823127245769672,-2.5298221281347035
-1.0188904086534687,-0.7050620770982226,-0.38299700766032435,1.7803919676939644,1.4730696624185766,-0.728844946811443,-0.8423302286178644,0.010008714646709188,-0.2229574022488396,-0.12014567606486325,1.2215678365422902,-0.6504436355879909,-0.7356262897556016,-2.5298221281347035
-1.037358494378689,-0.7610696737547553,-0.3837592765353673,-0.13180275107504824,-0.8857905995964451,-0.728844946811443,-0.8423302286178644,0.010008714646709188,-0.2229574022488396,-0.12014567606486325,-0.6616825781270738,-0.6504436355879909,-0.07336844322249754,-2.5298221281347035
-1.037358494378689,-0.7610696737547553,-0.3837592765353673,-0.13180275107504824,-0.8857905995964451,-0.728844946811443,-0.8423302286178644,0.010008714646709188,-0.2229574022488396,-0.12014567606486325,-0.6616825781270738,1.5374122295716144,-0.05462529662250402,-2.5298221281347035
