timestamp,line_id,current_from_ka,current_to_ka,loading_percent
2026-01-01 00:00:00,0,0.1345303854867141,0.1345303854867141,0.00013453173080402213
2026-01-01 00:00:00,1,0.11939843650022904,0.11939843650022905,0.00011939963049653402
2026-01-01 00:00:00,2,0.08547381705377756,0.08547381705377756,8.547467180049557e-05
2026-01-01 00:00:00,3,0.081115498263868,0.081115498263868,8.111630942696228e-05
2026-01-01 00:00:00,4,0.07910369655338854,0.07910369655338853,7.910448759826452e-05
2026-01-01 00:00:00,5,0.037073985600942126,0.03707398560094212,3.707435634450557e-05
2026-01-01 00:00:00,6,0.03018474616018548,0.030184746160185485,3.0185048010665593e-05
2026-01-01 00:00:00,7,0.023274389012151345,0.023274389012151342,2.327462175836893e-05
2026-01-01 00:00:00,8,0.021324196876399457,0.021324196876399464,2.1324410120500668e-05
2026-01-01 00:00:00,9,0.019368989640755948,0.019368989640755944,1.9369183332589273e-05
2026-01-01 00:00:00,10,0.0176991446275269,0.0176991446275269,1.7699321620743104e-05
2026-01-01 00:00:00,11,0.015540354067357312,0.015540354067357307,1.5540509472452036e-05
2026-01-01 00:00:00,12,0.013376030924771973,0.013376030924771977,1.337616468641884e-05
2026-01-01 00:00:00,13,0.008954997928886627,0.008954997928886625,8.955087479761424e-06
2026-01-01 00:00:00,14,0.007074072097021711,0.007074072097021711,7.074142838450095e-06
2026-01-01 00:00:00,15,0.005087957547070124,0.005087957547070122,5.088008427154396e-06
2026-01-01 00:00:00,16,0.0031022647591603084,0.003102264759160309,3.10229578211813e-06
2026-01-01 00:00:00,17,0.011775962475560033,0.011775962475560033,1.1776080236362397e-05
2026-01-01 00:00:00,18,0.00883811150196106,0.00883811150196106,8.8381998839599e-06
2026-01-01 00:00:00,19,0.005893388417853356,0.005893388417853356,5.893447352326879e-06
2026-01-01 00:00:00,20,0.002947308497665541,0.0029473084976655408,2.947337971045252e-06
2026-01-01 00:00:00,21,0.03131475723462779,0.03131475723462778,3.1315070385331645e-05
2026-01-01 00:00:00,22,0.028214788041202626,0.028214788041202626,2.8215070191904545e-05
2026-01-01 00:00:00,23,0.014122815432193809,0.014122815432193809,1.4122956661760428e-05
2026-01-01 00:00:00,24,0.041384907015671886,0.041384907015671886,4.1385320868880576e-05
2026-01-01 00:00:00,25,0.039553189828657534,0.03955318982865754,3.955358536451119e-05
2026-01-01 00:00:00,26,0.03773616767708172,0.03773616767708172,3.773654504253214e-05
2026-01-01 00:00:00,27,0.036044984730121486,0.036044984730121486,3.604534518357332e-05
2026-01-01 00:00:00,28,0.0319903809659359,0.031990380965935906,3.199070087294464e-05
2026-01-01 00:00:00,29,0.014750918842339537,0.01475091884233954,1.475106635300307e-05
2026-01-01 00:00:00,30,0.009556230690356809,0.009556230690356809,9.556326253619345e-06
2026-01-01 00:00:00,31,0.002266110811901443,0.002266110811901443,2.2661334732361756e-06
2026-01-01 00:00:00,32,0.0,0.0,0.0
2026-01-01 00:00:00,33,0.0,0.0,0.0
2026-01-01 00:00:00,34,0.0,0.0,0.0
2026-01-01 00:00:00,35,0.0,0.0,0.0
2026-01-01 00:00:00,36,0.0,0.0,0.0
2026-01-01 00:15:00,0,0.12686236296298423,0.12686236296298423,0.00012686363159930024
2026-01-01 00:15:00,1,0.11256731326435034,0.11256731326435032,0.00011256843894873983
2026-01-01 00:15:00,2,0.08054449991256973,0.08054449991256973,8.05453053656234e-05
2026-01-01 00:15:00,3,0.07643009701851979,0.0764300970185198,7.643086132713307e-05
2026-01-01 00:15:00,4,0.07453138853305395,0.07453138853305395,7.453213385439249e-05
2026-01-01 00:15:00,5,0.03493624074589818,0.03493624074589818,3.4936590111799295e-05
2026-01-01 00:15:00,6,0.02843991546393246,0.02843991546393246,2.844019986593112e-05
2026-01-01 00:15:00,7,0.02192493053434959,0.021924930534349598,2.1925149785847456e-05
2026-01-01 00:15:00,8,0.020086741316281877,0.020086741316281874,2.0086942185703734e-05
2026-01-01 00:15:00,9,0.018244259442300764,0.018244259442300764,1.8244441886719632e-05
2026-01-01 00:15:00,10,0.01667078089653053,0.01667078089653053,1.667094760600659e-05
2026-01-01 00:15:00,11,0.014636691344369021,0.014636691344369027,1.4636837712746154e-05
2026-01-01 00:15:00,12,0.012597887460885972,0.012597887460885972,1.2598013441020382e-05
2026-01-01 00:15:00,13,0.00843364700175165,0.008433647001751652,8.433731339065042e-06
2026-01-01 00:15:00,14,0.006662037900941987,0.006662037900941986,6.662104521987206e-06
2026-01-01 00:15:00,15,0.004791470911935363,0.004791470911935363,4.791518827123634e-06
2026-01-01 00:15:00,16,0.002921460048076004,0.002921460048076004,2.9214892629686335e-06
2026-01-01 00:15:00,17,0.011124302347191294,0.011124302347191294,1.1124413591327208e-05
2026-01-01 00:15:00,18,0.008348704452001825,0.008348704452001825,8.348787939881224e-06
2026-01-01 00:15:00,19,0.005566975198596441,0.0055669751985964406,5.56703086890513e-06
2026-01-01 00:15:00,20,0.002784035555353406,0.0027840355553534067,2.784063395987367e-06
2026-01-01 00:15:00,21,0.029558196396926997,0.029558196396926997,2.9558491981846813e-05
2026-01-01 00:15:00,22,0.026631304002284913,0.02663130400228491,2.6631570317988093e-05
2026-01-01 00:15:00,23,0.013329375340712855,0.013329375340712858,1.3329508635799217e-05
2026-01-01 00:15:00,24,0.03898841936251119,0.03898841936251119,3.8988809250603696e-05
2026-01-01 00:15:00,25,0.0372611700253419,0.03726117002534189,3.7261542640768306e-05
2026-01-01 00:15:00,26,0.0355479487210436,0.0355479487210436,3.554830420408565e-05
2026-01-01 00:15:00,27,0.03395409783027377,0.03395409783027377,3.395443737464752e-05
2026-01-01 00:15:00,28,0.030133977536923345,0.03013397753692334,3.0134278879712146e-05
2026-01-01 00:15:00,29,0.013893523688340273,0.013893523688340273,1.3893662624966523e-05
2026-01-01 00:15:00,30,0.009000648131326684,0.009000648131326682,9.000738138708071e-06
2026-01-01 00:15:00,31,0.0021343439340778276,0.002134343934077828,2.1343652777306053e-06
2026-01-01 00:15:00,32,0.0,0.0,0.0
2026-01-01 00:15:00,33,0.0,0.0,0.0
2026-01-01 00:15:00,34,0.0,0.0,0.0
2026-01-01 00:15:00,35,0.0,0.0,0.0
2026-01-01 00:15:00,36,0.0,0.0,0.0
2026-01-01 00:30:00,0,0.1371468998988542,0.1371468998988542,0.000137148271381568
2026-01-01 00:30:00,1,0.12173010992693105,0.12173010992693106,0.00012173132724020347
2026-01-01 00:30:00,2,0.08715748734844717,0.08715748734844715,8.715835893203649e-05
2026-01-01 00:30:00,3,0.0827160693694351,0.08271606936943511,8.27168965384005e-05
2026-01-01 00:30:00,4,0.08066572380398777,0.08066572380398777,8.066653046929246e-05
2026-01-01 00:30:00,5,0.03780414641579579,0.0378041464157958,3.7804524461040405e-05
2026-01-01 00:30:00,6,0.03078083209000164,0.03078083209000163,3.0781139901400654e-05
2026-01-01 00:30:00,7,0.02373552452039924,0.02373552452039924,2.3735761878018016e-05
2026-01-01 00:30:00,8,0.021747090520122598,0.0217470905201226,2.1747307993202533e-05
2026-01-01 00:30:00,9,0.019753381914636783,0.019753381914636783,1.9753579450431287e-05
2026-01-01 00:30:00,10,0.018050620132256244,0.018050620132256244,1.8050800640262647e-05
2026-01-01 00:30:00,11,0.015849230808299863,0.015849230808299863,1.5849389302192886e-05
2026-01-01 00:30:00,12,0.013642014476954449,0.013642014476954447,1.3642150898463434e-05
2026-01-01 00:30:00,13,0.009133217098709056,0.009133217098709056,9.133308431793374e-06
2026-01-01 00:30:00,14,0.007214927991891907,0.007214927991891905,7.215000141893326e-06
2026-01-01 00:30:00,15,0.0051893169749124375,0.005189316974912437,5.189368868601124e-06
2026-01-01 00:30:00,16,0.003164077067654096,0.0031640770676540954,3.164108708741183e-06
2026-01-01 00:30:00,17,0.011997766886666907,0.011997766886666907,1.1997886865535563e-05
2026-01-01 00:30:00,18,0.009004698765590244,0.009004698765590246,9.00478881347838e-06
2026-01-01 00:30:00,19,0.006004496736167262,0.0060044967361672615,6.00455678173508e-06
2026-01-01 00:30:00,20,0.0030028861052588517,0.003002886105258852,3.002916134420196e-06
2026-01-01 00:30:00,21,0.03191330050577234,0.03191330050577235,3.1913619641968775e-05
2026-01-01 00:30:00,22,0.02875437826582389,0.028754378265823888,2.8754665812482015e-05
2026-01-01 00:30:00,23,0.01439321227368556,0.014393212273685556,1.4393356207247632e-05
2026-01-01 00:30:00,24,0.04220374294493829,0.042203742944938276,4.220416498658815e-05
2026-01-01 00:30:00,25,0.04033637794121218,0.040336377941212184,4.033678130902527e-05
2026-01-01 00:30:00,26,0.03848393058105563,0.03848393058105563,3.848431542420987e-05
2026-01-01 00:30:00,27,0.03675950883907351,0.03675950883907351,3.675987643783789e-05
2026-01-01 00:30:00,28,0.032624795664812516,0.032624795664812516,3.262512191603167e-05
2026-01-01 00:30:00,29,0.015043970180768914,0.01504397018076892,1.504412062197514e-05
2026-01-01 00:30:00,30,0.00974612852236253,0.00974612852236253,9.746225984622375e-06
2026-01-01 00:30:00,31,0.0023111492342441867,0.0023111492342441863,2.3111723459676466e-06
2026-01-01 00:30:00,32,0.0,0.0,0.0
2026-01-01 00:30:00,33,0.0,0.0,0.0
2026-01-01 00:30:00,34,0.0,0.0,0.0
2026-01-01 00:30:00,35,0.0,0.0,0.0
2026-01-01 00:30:00,36,0.0,0.0,0.0
2026-01-01 00:45:00,0,0.13828340286828708,0.13828340286828708,0.00013828478571614424
2026-01-01 00:45:00,1,0.12274300599823629,0.12274300599823626,0.00012274423344057068
2026-01-01 00:45:00,2,0.08788906811663698,0.08788906811663698,8.788994701610715e-05
2026-01-01 00:45:00,3,0.08341157621168092,0.08341157621168092,8.341241033578428e-05
2026-01-01 00:45:00,4,0.0813444962085824,0.08134449620858236,8.134530966167902e-05
2026-01-01 00:45:00,5,0.03812141071022854,0.038121410710228544,3.8121791928147824e-05
2026-01-01 00:45:00,6,0.03103985927951412,0.031039859279514116,3.104016968121094e-05
2026-01-01 00:45:00,7,0.023935928681084764,0.02393592868108476,2.393616804276519e-05
2026-01-01 00:45:00,8,0.021930880262397933,0.02193088026239793,2.1931099573393666e-05
2026-01-01 00:45:00,9,0.01992044243654776,0.019920442436547756,1.992064164296419e-05
2026-01-01 00:45:00,10,0.018203377560358835,0.018203377560358835,1.8203559595954795e-05
2026-01-01 00:45:00,11,0.015983477554641266,0.01598347755464127,1.598363739101518e-05
2026-01-01 00:45:00,12,0.013757620268167839,0.013757620268167839,1.3757757845746295e-05
2026-01-01 00:45:00,13,0.009210679300671439,0.009210679300671439,9.210771408385522e-06
2026-01-01 00:45:00,14,0.00727615129574689,0.007276151295746892,7.276224057987471e-06
2026-01-01 00:45:00,15,0.005233373735648125,0.005233373735648125,5.233426069908824e-06
2026-01-01 00:45:00,16,0.003190944447358655,0.003190944447358656,3.190976357122227e-06
2026-01-01 00:45:00,17,0.012094020627102908,0.012094020627102907,1.2094141568518594e-05
2026-01-01 00:45:00,18,0.009076991964595743,0.009076991964595741,9.077082735423098e-06
2026-01-01 00:45:00,19,0.006052714256129904,0.006052714256129904,6.0527747838777425e-06
2026-01-01 00:45:00,20,0.0030270051785917236,0.0030270051785917245,3.0270354489462136e-06
2026-01-01 00:45:00,21,0.03217314867622445,0.03217314867622444,3.217347041092856e-05
2026-01-01 00:45:00,22,0.028988636446720648,0.028988636446720648,2.8988926335984008e-05
2026-01-01 00:45:00,23,0.014510606260952713,0.014510606260952711,1.4510751368466397e-05
2026-01-01 00:45:00,24,0.0425595853164745,0.0425595853164745,4.256001091658367e-05
2026-01-01 00:45:00,25,0.040676736295605934,0.04067673629560593,4.067714306703661e-05
2026-01-01 00:45:00,26,0.03880890077108382,0.03880890077108382,3.880928886397246e-05
2026-01-01 00:45:00,27,0.03707003726197884,0.03707003726197884,3.70704079660585e-05
2026-01-01 00:45:00,28,0.03290051244984575,0.03290051244984575,3.290084145826033e-05
2026-01-01 00:45:00,29,0.015171337024102253,0.015171337024102255,1.5171488738989645e-05
2026-01-01 00:45:00,30,0.009828663105732011,0.009828663105732013,9.828761393345946e-06
2026-01-01 00:45:00,31,0.0023307242079154238,0.0023307242079154233,2.330747515390578e-06
2026-01-01 00:45:00,32,0.0,0.0,0.0
2026-01-01 00:45:00,33,0.0,0.0,0.0
2026-01-01 00:45:00,34,0.0,0.0,0.0
2026-01-01 00:45:00,35,0.0,0.0,0.0
2026-01-01 00:45:00,36,0.0,0.0,0.0
2026-01-01 01:00:00,0,0.12180479309595038,0.12180479309595035,0.00012180601115606195
2026-01-01 01:00:00,1,0.10806347206643892,0.10806347206643893,0.00010806455271196605
2026-01-01 01:00:00,2,0.07729725507310493,0.07729725507310493,7.729802805338547e-05
2026-01-01 01:00:00,3,0.07334404191537822,0.0733440419153782,7.334477536313185e-05
2026-01-01 01:00:00,4,0.0715200358724973,0.0715200358724973,7.15207510800081e-05
2026-01-01 01:00:00,5,0.03352794648346178,0.03352794648346178,3.352828176627944e-05
2026-01-01 01:00:00,6,0.027290766246496363,0.02729076624649637,2.7291039156887937e-05
2026-01-01 01:00:00,7,0.02103645972470014,0.021036459724700144,2.1036670091401058e-05
2026-01-01 01:00:00,8,0.019272087133654383,0.01927208713365438,1.9272279856452947e-05
2026-01-01 01:00:00,9,0.01750386755258941,0.017503867552589415,1.7504042593015344e-05
2026-01-01 01:00:00,10,0.015993867671304438,0.015993867671304434,1.5994027611580553e-05
2026-01-01 01:00:00,11,0.014041913050411938,0.01404191305041194,1.404205347094665e-05
2026-01-01 01:00:00,12,0.01208574762745656,0.012085747627456562,1.2085868486141422e-05
2026-01-01 01:00:00,13,0.008090545044844001,0.008090545044844003,8.090625951103515e-06
2026-01-01 01:00:00,14,0.0063908909217498784,0.006390890921749877,6.390954831298192e-06
2026-01-01 01:00:00,15,0.00459637166692627,0.00459637166692627,4.5964176311025815e-06
2026-01-01 01:00:00,16,0.0028024859403908164,0.0028024859403908164,2.8025139655304718e-06
2026-01-01 01:00:00,17,0.01069316013852015,0.010693160138520156,1.0693267071190867e-05
2026-01-01 01:00:00,18,0.008024930670156335,0.008024930670156336,8.02501092026554e-06
2026-01-01 01:00:00,19,0.00535103663963495,0.00535103663963495,5.351090150536455e-06
2026-01-01 01:00:00,20,0.0026760244865215136,0.0026760244865215136,2.676051247033984e-06
2026-01-01 01:00:00,21,0.028397640057405693,0.02839764005740569,2.8397924036646057e-05
2026-01-01 01:00:00,22,0.02558515285658015,0.025585152856580157,2.5585408710667262e-05
2026-01-01 01:00:00,23,0.012805233232930693,0.012805233232930688,1.280536128654356e-05
2026-01-01 01:00:00,24,0.03741038266992003,0.03741038266992003,3.7410756777487806e-05
2026-01-01 01:00:00,25,0.035752034461961776,0.03575203446196177,3.575239198588163e-05
2026-01-01 01:00:00,26,0.034107262695556494,0.0341072626955565,3.4107603771594214e-05
2026-01-01 01:00:00,27,0.032577545002162825,0.032577545002162825,3.257787078087063e-05
2026-01-01 01:00:00,28,0.02891184865608421,0.02891184865608422,2.8912137777461996e-05
2026-01-01 01:00:00,29,0.01332917229372991,0.013329172293729909,1.3329305586785777e-05
2026-01-01 01:00:00,30,0.00863496367148802,0.008634963671488019,8.63505002198824e-06
2026-01-01 01:00:00,31,0.002047616318994798,0.002047616318994798,2.0476367953627514e-06
2026-01-01 01:00:00,32,0.0,0.0,0.0
2026-01-01 01:00:00,33,0.0,0.0,0.0
2026-01-01 01:00:00,34,0.0,0.0,0.0
2026-01-01 01:00:00,35,0.0,0.0,0.0
2026-01-01 01:00:00,36,0.0,0.0,0.0
2026-01-01 01:15:00,0,0.12558186688625664,0.12558186688625664,0.00012558312271748382
2026-01-01 01:15:00,1,0.11142688217941828,0.11142688217941825,0.00011142799645938288
2026-01-01 01:15:00,2,0.07972205234870598,0.07972205234870598,7.972284957720175e-05
2026-01-01 01:15:00,3,0.07564843685122692,0.07564843685122694,7.564919334316036e-05
2026-01-01 01:15:00,4,0.07376863360601735,0.07376863360601733,7.376937129973035e-05
2026-01-01 01:15:00,5,0.03457955671472121,0.03457955671472122,3.4579902513746356e-05
2026-01-01 01:15:00,6,0.02814884327351094,0.028148843273510936,2.8149124764758584e-05
2026-01-01 01:15:00,7,0.02169986518986662,0.02169986518986662,2.170008219068853e-05
2026-01-01 01:15:00,8,0.019880369422224625,0.019880369422224622,1.9880568227906903e-05
2026-01-01 01:15:00,9,0.01805669613490237,0.018056696134902368,1.805687670366941e-05
2026-01-01 01:15:00,10,0.01649929547275851,0.01649929547275851,1.6499460467363182e-05
2026-01-01 01:15:00,11,0.014486009700517197,0.014486009700517194,1.4486154562062816e-05
2026-01-01 01:15:00,12,0.012468139826718218,0.012468139826718223,1.2468264509363316e-05
2026-01-01 01:15:00,13,0.008346721993653375,0.008346721993653373,8.346805461707991e-06
2026-01-01 01:15:00,14,0.006593341693414216,0.006593341693414219,6.593407627490494e-06
2026-01-01 01:15:00,15,0.004742041035144455,0.004742041035144456,4.742088456029016e-06
2026-01-01 01:15:00,16,0.0028913168762445076,0.002891316876244508,2.891345789702405e-06
2026-01-01 01:15:00,17,0.011015243630571206,0.011015243630571206,1.1015353784109046e-05
2026-01-01 01:15:00,18,0.00826680333482053,0.008266803334820532,8.266886003680569e-06
2026-01-01 01:15:00,19,0.005512351510286553,0.005512351510286554,5.512406634352898e-06
2026-01-01 01:15:00,20,0.0027567129827868364,0.0027567129827868364,2.7567405501923385e-06
2026-01-01 01:15:00,21,0.02926451062405931,0.029264510624059305,2.926480327209203e-05
2026-01-01 01:15:00,22,0.026366565121540377,0.026366565121540377,2.6366828789828275e-05
2026-01-01 01:15:00,23,0.01319673184979058,0.013196731849790578,1.3196863818428763e-05
2026-01-01 01:15:00,24,0.038588690655861825,0.03858869065586182,3.858907654662729e-05
2026-01-01 01:15:00,25,0.03687888618236973,0.03687888618236972,3.687925497491948e-05
2026-01-01 01:15:00,26,0.03518299622920356,0.03518299622920357,3.5183348062684196e-05
2026-01-01 01:15:00,27,0.0336053876284192,0.03360538762841919,3.360572368565606e-05
2026-01-01 01:15:00,28,0.02982438260502608,0.029824382605026088,2.982468085183461e-05
2026-01-01 01:15:00,29,0.013750552359806701,0.013750552359806696,1.3750689866705369e-05
2026-01-01 01:15:00,30,0.008908005912502799,0.008908005912502799,8.908094993452733e-06
2026-01-01 01:15:00,31,0.002112372327557474,0.002112372327557475,2.1123934514919897e-06
2026-01-01 01:15:00,32,0.0,0.0,0.0
2026-01-01 01:15:00,33,0.0,0.0,0.0
2026-01-01 01:15:00,34,0.0,0.0,0.0
2026-01-01 01:15:00,35,0.0,0.0,0.0
2026-01-01 01:15:00,36,0.0,0.0,0.0
2026-01-01 01:30:00,0,0.13386542153254466,0.13386542153254463,0.00013386676020014666
2026-01-01 01:30:00,1,0.11880592157255802,0.11880592157255805,0.0001188071096436545
2026-01-01 01:30:00,2,0.08504606275772343,0.08504606275772343,8.50469132268557e-05
2026-01-01 01:30:00,3,0.08070887352138587,0.08070887352138588,8.070968061819206e-05
2026-01-01 01:30:00,4,0.07870687114840728,0.07870687114840728,7.870765822498953e-05
2026-01-01 01:30:00,5,0.036888479349535146,0.03688847934953515,3.6888848238017535e-05
2026-01-01 01:30:00,6,0.030033313702331855,0.030033313702331848,3.0033614038472238e-05
2026-01-01 01:30:00,7,0.023157249771919894,0.023157249771919897,2.3157481346733365e-05
2026-01-01 01:30:00,8,0.02121677453826732,0.02121677453826732,2.12169867081344e-05
2026-01-01 01:30:00,9,0.01927134911218182,0.01927134911218182,1.9271541827600096e-05
2026-01-01 01:30:00,10,0.0176098668254403,0.017609866825440305,1.7610042925869564e-05
2026-01-01 01:30:00,11,0.01546189846506248,0.015461898465062482,1.5462053085593337e-05
2026-01-01 01:30:00,12,0.013308471099213978,0.013308471099213976,1.330860418525583e-05
2026-01-01 01:30:00,13,0.008909731238811294,0.008909731238811294,8.909820337014664e-06
2026-01-01 01:30:00,14,0.0070382959420022635,0.007038295942002263,7.0383663256655205e-06
2026-01-01 01:30:00,15,0.005062213460388753,0.005062213460388754,5.062264083029585e-06
2026-01-01 01:30:00,16,0.0030865652495644423,0.0030865652495644428,3.086596115525598e-06
2026-01-01 01:30:00,17,0.011719547557966312,0.011719547557966318,1.1719664754613864e-05
2026-01-01 01:30:00,18,0.008795741509015966,0.008795741509015964,8.795829467310639e-06
2026-01-01 01:30:00,19,0.0058651291531187305,0.0058651291531187305,5.86518780499678e-06
2026-01-01 01:30:00,20,0.0029331729718735746,0.002933172971873574,2.9332023038966133e-06
2026-01-01 01:30:00,21,0.031162574619817595,0.03116257461981759,3.1162886248680086e-05
2026-01-01 01:30:00,22,0.028077596348609398,0.0280775963486094,2.8077877127380672e-05
2026-01-01 01:30:00,23,0.014054068468422082,0.01405406846842208,1.4054209010512187e-05
2026-01-01 01:30:00,24,0.0411768962716074,0.041176896271607394,4.117730804468785e-05
2026-01-01 01:30:00,25,0.0393542385943104,0.039354238594310406,3.9354632140631815e-05
2026-01-01 01:30:00,26,0.03754621897204621,0.03754621897204621,3.754659443799059e-05
2026-01-01 01:30:00,27,0.0358634811931061,0.035863481193106096,3.5863839831504415e-05
2026-01-01 01:30:00,28,0.03182922855808716,0.03182922855808716,3.1829546853555694e-05
2026-01-01 01:30:00,29,0.014676482043784328,0.014676482043784328,1.4676628810072428e-05
2026-01-01 01:30:00,30,0.009507995804600005,0.009507995804600003,9.50809088550886e-06
2026-01-01 01:30:00,31,0.0022546708999939278,0.002254670899993927,2.254693446928397e-06
2026-01-01 01:30:00,32,0.0,0.0,0.0
2026-01-01 01:30:00,33,0.0,0.0,0.0
2026-01-01 01:30:00,34,0.0,0.0,0.0
2026-01-01 01:30:00,35,0.0,0.0,0.0
2026-01-01 01:30:00,36,0.0,0.0,0.0
2026-01-01 01:45:00,0,0.131464631388135,0.131464631388135,0.00013146594604759548
2026-01-01 01:45:00,1,0.11666690143609997,0.11666690143609999,0.00011666806811678115
2026-01-01 01:45:00,2,0.0835021525646462,0.0835021525646462,8.350298759452214e-05
2026-01-01 01:45:00,3,0.07924128541307525,0.07924128541307525,7.924207783385359e-05
2026-01-01 01:45:00,4,0.07727467532151476,0.07727467532151477,7.727544807599553e-05
2026-01-01 01:45:00,5,0.03621892127002719,0.03621892127002719,3.621928346286182e-05
2026-01-01 01:45:00,6,0.029486774710919227,0.02948677471091923,2.9487069581615047e-05
2026-01-01 01:45:00,7,0.022734512367641697,0.022734512367641697,2.2734739715038845e-05
2026-01-01 01:45:00,8,0.020829112599756505,0.0208291125997565,2.0829320892965435e-05
2026-01-01 01:45:00,9,0.018918993377080993,0.018918993377080993,1.891918256890668e-05
2026-01-01 01:45:00,10,0.017287694570121952,0.017287694570121945,1.728786744879644e-05
2026-01-01 01:45:00,11,0.015178785736039613,0.01517878573603961,1.5178937525414868e-05
2026-01-01 01:45:00,12,0.0130646794097318,0.013064679409731801,1.306481005783238e-05
2026-01-01 01:45:00,13,0.008746388252067146,0.008746388252067147,8.746475716824315e-06
2026-01-01 01:45:00,14,0.006909200687364384,0.006909200687364382,6.909269780062185e-06
2026-01-01 01:45:00,15,0.00496931923695161,0.00496931923695161,4.969368930640917e-06
2026-01-01 01:45:00,16,0.003029915799122404,0.003029915799122404,3.02994609858339e-06
2026-01-01 01:45:00,17,0.011515714132493833,0.011515714132493835,1.1515829290786743e-05
2026-01-01 01:45:00,18,0.008642656339634961,0.008642656339634961,8.642742767062631e-06
2026-01-01 01:45:00,19,0.005763027347820235,0.005763027347820237,5.763084978670023e-06
2026-01-01 01:45:00,20,0.002882101014124049,0.0028821010141240493,2.8821298354224037e-06
2026-01-01 01:45:00,21,0.030612904169135174,0.030612904169135174,3.061321030123819e-05
2026-01-01 01:45:00,22,0.0275820779467509,0.027582077946750907,2.758235377028861e-05
2026-01-01 01:45:00,23,0.013805769773500795,0.013805769773500797,1.3805907832579123e-05
2026-01-01 01:45:00,24,0.04042619305242587,0.04042619305242587,4.042659731839906e-05
2026-01-01 01:45:00,25,0.03863624365815225,0.03863624365815225,3.863663002445249e-05
2026-01-01 01:45:00,26,0.036860725226360136,0.03686072522636013,3.686109383729851e-05
2026-01-01 01:45:00,27,0.03520847063596919,0.03520847063596919,3.5208822724196433e-05
2026-01-01 01:45:00,28,0.031247667056104354,0.031247667056104354,3.124797953589971e-05
2026-01-01 01:45:00,29,0.014407868507112597,0.014407868507112597,1.440801258723847e-05
2026-01-01 01:45:00,30,0.009333935877877089,0.009333935877877087,9.33402921816927e-06
2026-01-01 01:45:00,31,0.0022133891073304953,0.0022133891073304953,2.21341124144291e-06
2026-01-01 01:45:00,32,0.0,0.0,0.0
2026-01-01 01:45:00,33,0.0,0.0,0.0
2026-01-01 01:45:00,34,0.0,0.0,0.0
2026-01-01 01:45:00,35,0.0,0.0,0.0
2026-01-01 01:45:00,36,0.0,0.0,0.0
2026-01-01 02:00:00,0,0.13336989713977476,0.13336989713977476,0.00013337123085208327
2026-01-01 02:00:00,1,0.11836440108037224,0.11836440108037223,0.00011836558473621959
2026-01-01 02:00:00,2,0.08472734036446351,0.08472734036446347,8.472818764633997e-05
2026-01-01 02:00:00,3,0.08040589946265983,0.08040589946265984,8.040670352969514e-05
2026-01-01 02:00:00,4,0.07841120045201534,0.07841120045201536,7.841198457186107e-05
2026-01-01 02:00:00,5,0.03675025731983646,0.03675025731983646,3.675062482608472e-05
2026-01-01 02:00:00,6,0.029920482949119375,0.02992048294911937,2.9920782156940945e-05
2026-01-01 02:00:00,7,0.023069973134014873,0.023069973134014873,2.307020383605323e-05
2026-01-01 02:00:00,8,0.02113673832894999,0.021136738328949994,2.1136949698446978e-05
2026-01-01 02:00:00,9,0.019198601411262898,0.019198601411262894,1.9198793399196888e-05
2026-01-01 02:00:00,10,0.017543350210278807,0.01754335021027881,1.754352564553527e-05
2026-01-01 02:00:00,11,0.015403445434290015,0.015403445434290015,1.5403599470284717e-05
2026-01-01 02:00:00,12,0.01325813617230134,0.01325813617230134,1.3258268754988891e-05
2026-01-01 02:00:00,13,0.008876005887919675,0.008876005887919673,8.876094648866164e-06
2026-01-01 02:00:00,14,0.007011641502723946,0.007011641502723949,7.011711619840147e-06
2026-01-01 02:00:00,15,0.005043033352526516,0.005043033352526517,5.0430837833643506e-06
2026-01-01 02:00:00,16,0.003074868658129091,0.003074868658129091,3.0748994071231625e-06
2026-01-01 02:00:00,17,0.01167749578589618,0.011677495785896181,1.1677612562021801e-05
2026-01-01 02:00:00,18,0.008764159031664671,0.008764159031664666,8.764246674131412e-06
2026-01-01 02:00:00,19,0.005844064813885692,0.0058440648138856945,5.844123255118246e-06
2026-01-01 02:00:00,20,0.002922636427916026,0.002922636427916026,2.922665654572572e-06
2026-01-01 02:00:00,21,0.0310491517050496,0.031049151705049596,3.1049462199671596e-05
2026-01-01 02:00:00,22,0.027975346767396946,0.027975346767396946,2.7975626523662183e-05
2026-01-01 02:00:00,23,0.014002831543558365,0.014002831543558367,1.4002971573274101e-05
2026-01-01 02:00:00,24,0.04102191228544824,0.04102191228544823,4.1022322508673326e-05
2026-01-01 02:00:00,25,0.03920600564758757,0.03920600564758759,3.920639771156471e-05
2026-01-01 02:00:00,26,0.037404694484778116,0.03740469448477811,3.740506853546347e-05
2026-01-01 02:00:00,27,0.03572824939193307,0.03572824939193307,3.572860667799985e-05
2026-01-01 02:00:00,28,0.03170916014174312,0.03170916014174311,3.170947723651548e-05
2026-01-01 02:00:00,29,0.014621022981327598,0.014621022981327596,1.4621169193019529e-05
2026-01-01 02:00:00,30,0.009472058540570694,0.009472058540570694,9.472153262103316e-06
2026-01-01 02:00:00,31,0.002246147639353571,0.002246147639353571,2.2461701010545816e-06
2026-01-01 02:00:00,32,0.0,0.0,0.0
2026-01-01 02:00:00,33,0.0,0.0,0.0
2026-01-01 02:00:00,34,0.0,0.0,0.0
2026-01-01 02:00:00,35,0.0,0.0,0.0
2026-01-01 02:00:00,36,0.0,0.0,0.0
2026-01-01 02:15:00,0,0.1288368840623063,0.12883688406230628,0.00012883817244403075
2026-01-01 02:15:00,1,0.11432602812039544,0.11432602812039543,0.00011432717139210936
2026-01-01 02:15:00,2,0.08181310765131103,0.08181310765131104,8.181392579056895e-05
2026-01-01 02:15:00,3,0.0776358417681633,0.0776358417681633,7.763661813434464e-05
2026-01-01 02:15:00,4,0.07570799243092138,0.0757079924309214,7.570874951841658e-05
2026-01-01 02:15:00,5,0.035486415403371614,0.035486415403371614,3.5486770271074326e-05
2026-01-01 02:15:00,6,0.028888915878426444,0.02888891587842645,2.8889204770474158e-05
2026-01-01 02:15:00,7,0.02227213902432826,0.022272139024328265,2.2272361747945743e-05
2026-01-01 02:15:00,8,0.020405118895991954,0.020405118895991947,2.0405322949221448e-05
2026-01-01 02:15:00,9,0.01853362549299298,0.01853362549299298,1.8533810831101294e-05
2026-01-01 02:15:00,10,0.0169353467690327,0.016935346769032696,1.6935516124193944e-05
2026-01-01 02:15:00,11,0.014869166513310095,0.014869166513310095,1.486931520646216e-05
2026-01-01 02:15:00,12,0.01279806754652216,0.012798067546522159,1.2798195528477444e-05
2026-01-01 02:15:00,13,0.008567761360026979,0.00856776136002698,8.567847038497366e-06
2026-01-01 02:15:00,14,0.006768028841731969,0.006768028841731968,6.7680965226971966e-06
2026-01-01 02:15:00,15,0.004867736925550223,0.004867736925550223,4.867785603406258e-06
2026-01-01 02:15:00,16,0.0029679685435455372,0.0029679685435455372,2.9679982235277725e-06
2026-01-01 02:15:00,17,0.011292337844743882,0.011292337844743884,1.1292450769251576e-05
2026-01-01 02:15:00,18,0.0084748981386204,0.0084748981386204,8.474982888449284e-06
2026-01-01 02:15:00,19,0.005651140120711471,0.005651140120711471,5.651196632677798e-06
2026-01-01 02:15:00,20,0.002826134755645774,0.002826134755645774,2.8261630172759465e-06
2026-01-01 02:15:00,21,0.03001086053916852,0.030010860539168523,3.001116065077503e-05
2026-01-01 02:15:00,22,0.02703935704082891,0.02703935704082891,2.703962743710328e-05
2026-01-01 02:15:00,23,0.013533829785476752,0.013533829785476752,1.3533965125128002e-05
2026-01-01 02:15:00,24,0.0396050600327678,0.03960506003276779,3.960545608732867e-05
2026-01-01 02:15:00,25,0.0378509105377766,0.037850910537776596,3.785128905066711e-05
2026-01-01 02:15:00,26,0.036110962900358395,0.036110962900358395,3.611132401359853e-05
2026-01-01 02:15:00,27,0.03449206008814713,0.03449206008814715,3.449240501219727e-05
2026-01-01 02:15:00,28,0.03061160096356019,0.03061160096356019,3.0611907082631015e-05
2026-01-01 02:15:00,29,0.014114100638622624,0.014114100638622628,1.411424178104044e-05
2026-01-01 02:15:00,30,0.009143577964392833,0.00914357796439283,9.143669401086843e-06
2026-01-01 02:15:00,31,0.0021682422008540876,0.0021682422008540876,2.168263883492923e-06
2026-01-01 02:15:00,32,0.0,0.0,0.0
2026-01-01 02:15:00,33,0.0,0.0,0.0
2026-01-01 02:15:00,34,0.0,0.0,0.0
2026-01-01 02:15:00,35,0.0,0.0,0.0
2026-01-01 02:15:00,36,0.0,0.0,0.0
2026-01-01 02:30:00,0,0.13909941595830913,0.13909941595830919,0.00013910080696637883
2026-01-01 02:30:00,1,0.12347031215685485,0.12347031215685486,0.0001234715468723236
2026-01-01 02:30:00,2,0.08841444477091369,0.08841444477091369,8.841532892420292e-05
2026-01-01 02:30:00,3,0.08391105943009436,0.08391105943009436,8.391189854907984e-05
2026-01-01 02:30:00,4,0.08183196680100865,0.08183196680100864,8.183278512885994e-05
2026-01-01 02:30:00,5,0.0383492495621923,0.0383492495621923,3.834963305852289e-05
2026-01-01 02:30:00,6,0.03122588374767545,0.031225883747675445,3.122619600963554e-05
2026-01-01 02:30:00,7,0.024079859252367733,0.024079859252367733,2.4080100053368266e-05
2026-01-01 02:30:00,8,0.02206288021605217,0.02206288021605217,2.2063100847060637e-05
2026-01-01 02:30:00,9,0.02004042857227571,0.02004042857227571,2.0040628978565494e-05
2026-01-01 02:30:00,10,0.018313091995264142,0.018313091995264142,1.831327512801542e-05
2026-01-01 02:30:00,11,0.016079898405630497,0.016079898405630493,1.6080059206222558e-05
2026-01-01 02:30:00,12,0.013840653038238159,0.01384065303823816,1.3840791446152621e-05
2026-01-01 02:30:00,13,0.009266316528904825,0.009266316528904828,9.266409192996758e-06
2026-01-01 02:30:00,14,0.0073201252902330765,0.007320125290233075,7.320198492217998e-06
2026-01-01 02:30:00,15,0.005265017967793069,0.005265017967793069,5.2650706184992545e-06
2026-01-01 02:30:00,16,0.0032102422990169695,0.00321024229901697,3.2102744017609873e-06
2026-01-01 02:30:00,17,0.01216309806243077,0.012163098062430768,1.2163219694627716e-05
2026-01-01 02:30:00,18,0.009128874393687212,0.009128874393687212,9.128965683344045e-06
2026-01-01 02:30:00,19,0.006087318479129654,0.006087318479129655,6.087379352923185e-06
2026-01-01 02:30:00,20,0.0030443147429384345,0.0030443147429384332,3.0443451863902984e-06
2026-01-01 02:30:00,21,0.03235967071627833,0.03235967071627833,3.2359994316221494e-05
2026-01-01 02:30:00,22,0.029156791017762893,0.0291567910177629,2.9157082588588785e-05
2026-01-01 02:30:00,23,0.014594875060170973,0.014594875060170973,1.4595021010381077e-05
2026-01-01 02:30:00,24,0.042815146505565,0.042815146505565005,4.281557466131162e-05
2026-01-01 02:30:00,25,0.04092117985269964,0.04092117985269965,4.092158906859033e-05
2026-01-01 02:30:00,26,0.039042295279904826,0.039042295279904826,3.904268570676189e-05
2026-01-01 02:30:00,27,0.03729306093657082,0.03729306093657082,3.729343387090953e-05
2026-01-01 02:30:00,28,0.03309853529576802,0.03309853529576801,3.309886628443086e-05
2026-01-01 02:30:00,29,0.015262815816441806,0.015262815816441804,1.526296844612627e-05
2026-01-01 02:30:00,30,0.009887942200879003,0.009887942200879005,9.888041081289818e-06
2026-01-01 02:30:00,31,0.002344783640545648,0.0023447836405456482,2.3448070886165344e-06
2026-01-01 02:30:00,32,0.0,0.0,0.0
2026-01-01 02:30:00,33,0.0,0.0,0.0
2026-01-01 02:30:00,34,0.0,0.0,0.0
2026-01-01 02:30:00,35,0.0,0.0,0.0
2026-01-01 02:30:00,36,0.0,0.0,0.0
2026-01-01 02:45:00,0,0.13895016843390712,0.1389501684339071,0.0001389515579494866
2026-01-01 02:45:00,1,0.12333728570900557,0.12333728570900557,0.0001233385190941965
2026-01-01 02:45:00,2,0.08831834668477923,0.08831834668477923,8.831922987707799e-05
2026-01-01 02:45:00,3,0.08381969661661984,0.08381969661661985,8.382053482196808e-05
2026-01-01 02:45:00,4,0.08174280089109107,0.08174280089109107,8.174361832727434e-05
2026-01-01 02:45:00,5,0.0383075742077653,0.0383075742077653,3.8307957287338176e-05
2026-01-01 02:45:00,6,0.031191856965832303,0.0311918569658323,3.119216888752118e-05
2026-01-01 02:45:00,7,0.024053531540102223,0.02405353154010223,2.405377207782301e-05
2026-01-01 02:45:00,8,0.022038734708150622,0.022038734708150622,2.20389550977016e-05
2026-01-01 02:45:00,9,0.020018480552347513,0.020018480552347513,2.0018680739154906e-05
2026-01-01 02:45:00,10,0.018293022811732323,0.01829302281173233,1.8293205743789768e-05
2026-01-01 02:45:00,11,0.01606226077811169,0.016062260778111695,1.6062421402325716e-05
2026-01-01 02:45:00,12,0.01382546421316183,0.013825464213161831,1.3825602469186522e-05
2026-01-01 02:45:00,13,0.009256139039979175,0.009256139039979176,9.256231602295199e-06
2026-01-01 02:45:00,14,0.007312081319330732,0.007312081319330732,7.31215444087514e-06
2026-01-01 02:45:00,15,0.005259229344447849,0.005259229344447849,5.259281937267222e-06
2026-01-01 02:45:00,16,0.0032067122135239464,0.0032067122135239455,3.206744280966756e-06
2026-01-01 02:45:00,17,0.012150466408749932,0.01215046640874993,1.2150587914629078e-05
2026-01-01 02:45:00,18,0.009119387017260967,0.009119387017260967,9.119478212043087e-06
2026-01-01 02:45:00,19,0.006080990634995519,0.00608099063499552,6.081051445509975e-06
2026-01-01 02:45:00,20,0.0030411494529326622,0.003041149452932662,3.0411798647313096e-06
2026-01-01 02:45:00,21,0.032325559870739366,0.03232555987073936,3.232588312957066e-05
2026-01-01 02:45:00,22,0.029126039067262906,0.029126039067262906,2.912633033056621e-05
2026-01-01 02:45:00,23,0.014579463954780585,0.01457946395478058,1.4579609750878095e-05
2026-01-01 02:45:00,24,0.042768399675424215,0.042768399675424215,4.276882736369785e-05
2026-01-01 02:45:00,25,0.04087646640407118,0.04087646640407117,4.0876875172822904e-05
2026-01-01 02:45:00,26,0.03899960287196491,0.038999602871964904,3.8999992871893626e-05
2026-01-01 02:45:00,27,0.03725226543825106,0.03725226543825107,3.725263796463071e-05
2026-01-01 02:45:00,28,0.033062312559320524,0.033062312559320524,3.306264318575238e-05
2026-01-01 02:45:00,29,0.015246082216014657,0.015246082216014652,1.5246234678361441e-05
2026-01-01 02:45:00,30,0.009877098630476743,0.009877098630476743,9.877197402450767e-06
2026-01-01 02:45:00,31,0.002342211827165947,0.002342211827165947,2.3422352495184423e-06
2026-01-01 02:45:00,32,0.0,0.0,0.0
2026-01-01 02:45:00,33,0.0,0.0,0.0
2026-01-01 02:45:00,34,0.0,0.0,0.0
2026-01-01 02:45:00,35,0.0,0.0,0.0
2026-01-01 02:45:00,36,0.0,0.0,0.0
2026-01-01 03:00:00,0,0.13542273138457667,0.13542273138457667,0.00013542408562543291
2026-01-01 03:00:00,1,0.1201935974069961,0.1201935974069961,0.00012019479935498965
2026-01-01 03:00:00,2,0.08604792667834502,0.08604792667834502,8.604878716621668e-05
2026-01-01 03:00:00,3,0.08166125993293918,0.0816612599329392,8.166207655370473e-05
2026-01-01 03:00:00,4,0.07963631042151548,0.07963631042151545,7.96371067925834e-05
2026-01-01 03:00:00,5,0.03732296169070688,0.03732296169070689,3.732333492405613e-05
2026-01-01 03:00:00,6,0.03038799698098168,0.030387996980981675,3.0388300863990315e-05
2026-01-01 03:00:00,7,0.023431618105615757,0.023431618105615754,2.343185242414e-05
2026-01-01 03:00:00,8,0.021468385179819034,0.021468385179819038,2.1468599865817696e-05
2026-01-01 03:00:00,9,0.01950004940483846,0.01950004940483846,1.9500244407282532e-05
2026-01-01 03:00:00,10,0.0178189802921037,0.017818980292103694,1.7819158483688538e-05
2026-01-01 03:00:00,11,0.01564566442093774,0.015645664420937743,1.5645820879146534e-05
2026-01-01 03:00:00,12,0.013466716443925065,0.013466716443925065,1.3466851112436191e-05
2026-01-01 03:00:00,13,0.00901576001200181,0.009015760012001809,9.015850170503515e-06
2026-01-01 03:00:00,14,0.007122095208949576,0.007122095208949575,7.122166430613882e-06
2026-01-01 03:00:00,15,0.005122514589483649,0.005122514589483648,5.122565815141801e-06
2026-01-01 03:00:00,16,0.0031233387254592606,0.00312333872545926,3.123369959158852e-06
2026-01-01 03:00:00,17,0.011851639420495596,0.011851639420495597,1.1851757938074977e-05
2026-01-01 03:00:00,18,0.00889494853963674,0.00889494853963674,8.89503749001164e-06
2026-01-01 03:00:00,19,0.005931296778098641,0.005931296778098641,5.931356091659558e-06
2026-01-01 03:00:00,20,0.0029662706283787527,0.0029662706283787536,2.9663002913816673e-06
2026-01-01 03:00:00,21,0.03151893473596799,0.03151893473596799,3.151924992846727e-05
2026-01-01 03:00:00,22,0.028398853960557875,0.02839885396055788,2.83991379519374e-05
2026-01-01 03:00:00,23,0.014215052334105442,0.014215052334105438,1.4215194486050301e-05
2026-01-01 03:00:00,24,0.04166410306474697,0.04166410306474697,4.166451970994407e-05
2026-01-01 03:00:00,25,0.039820228461356785,0.03982022846135679,3.982062666762347e-05
2026-01-01 03:00:00,26,0.037991125076257334,0.037991125076257334,3.7991504991307244e-05
2026-01-01 03:00:00,27,0.03628860777727284,0.03628860777727284,3.62889706669795e-05
2026-01-01 03:00:00,28,0.032206688861443775,0.032206688861443775,3.2207010931553085e-05
2026-01-01 03:00:00,29,0.01485083421113564,0.014850834211135639,1.4850982720962852e-05
2026-01-01 03:00:00,30,0.009620975823930504,0.009620975823930504,9.621072034650851e-06
2026-01-01 03:00:00,31,0.0022814665030678302,0.00228146650306783,2.28148931796101e-06
2026-01-01 03:00:00,32,0.0,0.0,0.0
2026-01-01 03:00:00,33,0.0,0.0,0.0
2026-01-01 03:00:00,34,0.0,0.0,0.0
2026-01-01 03:00:00,35,0.0,0.0,0.0
2026-01-01 03:00:00,36,0.0,0.0,0.0
2026-01-01 03:15:00,0,0.14223366823093547,0.14223366823093544,0.0001422350905818413
2026-01-01 03:15:00,1,0.1262641843283062,0.1262641843283062,0.000126265446982776
2026-01-01 03:15:00,2,0.09043315599843614,0.09043315599843613,9.043406033903953e-05
2026-01-01 03:15:00,3,0.08583037640625325,0.08583037640625325,8.583123471860044e-05
2026-01-01 03:15:00,4,0.08370516558397467,0.08370516558397466,8.370600264400111e-05
2026-01-01 03:15:00,5,0.039224693783239915,0.039224693783239915,3.922508603410026e-05
2026-01-01 03:15:00,6,0.031940719849932575,0.031940719849932575,3.194103926032518e-05
2026-01-01 03:15:00,7,0.024632997290531925,0.024632997290531925,2.4633243622968156e-05
2026-01-01 03:15:00,8,0.02257018257530168,0.022570182575301675,2.257040827938447e-05
2026-01-01 03:15:00,9,0.02050156961635521,0.020501569616355207,2.0501774634101553e-05
2026-01-01 03:15:00,10,0.018734764264218946,0.01873476426421895,1.8734951613735088e-05
2026-01-01 03:15:00,11,0.01645048880227803,0.01645048880227803,1.645065330881112e-05
2026-01-01 03:15:00,12,0.01415979165261098,0.01415979165261098,1.41599332519435e-05
2026-01-01 03:15:00,13,0.009480165192776191,0.00948016519277619,9.480259995376144e-06
2026-01-01 03:15:00,14,0.007489147449670738,0.007489147449670737,7.489222341894157e-06
2026-01-01 03:15:00,15,0.00538665039753233,0.005386650397532331,5.386704264574976e-06
2026-01-01 03:15:00,16,0.0032844187087582954,0.003284418708758295,3.2844515532738284e-06
2026-01-01 03:15:00,17,0.012428161848319326,0.012428161848319328,1.242828613118064e-05
2026-01-01 03:15:00,18,0.0093279614946012,0.0093279614946012,9.328054775148951e-06
2026-01-01 03:15:00,19,0.006220105217847475,0.006220105217847476,6.220167419521671e-06
2026-01-01 03:15:00,20,0.0031107371089834114,0.003110737108983411,3.110768216665578e-06
2026-01-01 03:15:00,21,0.033075699596435505,0.0330756995964355,3.307603035673907e-05
2026-01-01 03:15:00,22,0.029802320362434985,0.02980232036243499,2.9802618388618873e-05
2026-01-01 03:15:00,23,0.014918385560603589,0.014918385560603587,1.4918534745951048e-05
2026-01-01 03:15:00,24,0.04379724944233051,0.043797249442330516,4.379768741920471e-05
2026-01-01 03:15:00,25,0.04186058040017563,0.04186058040017563,4.186099901016573e-05
2026-01-01 03:15:00,26,0.039939254380000636,0.039939254380000636,3.9939653776538404e-05
2026-01-01 03:15:00,27,0.03815017400329543,0.03815017400329543,3.8150555508850514e-05
2026-01-01 03:15:00,28,0.03385957674469357,0.03385957674469356,3.385991534384701e-05
2026-01-01 03:15:00,29,0.01561440652648883,0.015614406526488833,1.5614562672115552e-05
2026-01-01 03:15:00,30,0.010115778023343087,0.010115778023343087,1.0115879182134908e-05
2026-01-01 03:15:00,31,0.002398820539825723,0.002398820539825723,2.3988445282710056e-06
2026-01-01 03:15:00,32,0.0,0.0,0.0
2026-01-01 03:15:00,33,0.0,0.0,0.0
2026-01-01 03:15:00,34,0.0,0.0,0.0
2026-01-01 03:15:00,35,0.0,0.0,0.0
2026-01-01 03:15:00,36,0.0,0.0,0.0
2026-01-01 03:30:00,0,0.13933170353364627,0.13933170353364627,0.0001393330968646149
2026-01-01 03:30:00,1,0.12367735496447028,0.12367735496447033,0.00012367859175038784
2026-01-01 03:30:00,2,0.08856401470324302,0.08856401470324302,8.856490035224654e-05
2026-01-01 03:30:00,3,0.08405325970475869,0.08405325970475867,8.405410024576115e-05
2026-01-01 03:30:00,4,0.08197074796654248,0.08197074796654248,8.19715676822193e-05
2026-01-01 03:30:00,5,0.03841411324715428,0.03841411324715428,3.8414497392128205e-05
2026-01-01 03:30:00,6,0.03127884429096796,0.031278844290967965,3.1279157082538786e-05
2026-01-01 03:30:00,7,0.02412083692905701,0.02412083692905701,2.4121078139838412e-05
2026-01-01 03:30:00,8,0.022100461487110444,0.022100461487110444,2.2100682493935382e-05
2026-01-01 03:30:00,9,0.020074589631145917,0.020074589631145917,2.007479037904971e-05
2026-01-01 03:30:00,10,0.018344328780379827,0.01834432878037983,1.8344512225502085e-05
2026-01-01 03:30:00,11,0.016107350589668695,0.016107350589668695,1.6107511664785343e-05
2026-01-01 03:30:00,12,0.013864293620190225,0.013864293620190229,1.3864432264512873e-05
2026-01-01 03:30:00,13,0.009282157316680759,0.009282157316680759,9.28225013918215e-06
2026-01-01 03:30:00,14,0.007332645412811406,0.0073326454128114045,7.3327187399988064e-06
2026-01-01 03:30:00,15,0.005274027666679109,0.005274027666679108,5.274080407483184e-06
2026-01-01 03:30:00,16,0.003215736746645104,0.0032157367466451037,3.2157689043341478e-06
2026-01-01 03:30:00,17,0.012182756638454889,0.012182756638454887,1.2182878467239562e-05
2026-01-01 03:30:00,18,0.009143639563464019,0.009143639563464019,9.143731000774027e-06
2026-01-01 03:30:00,19,0.006097166477911199,0.006097166477911201,6.097227450185703e-06
2026-01-01 03:30:00,20,0.0030492408711793088,0.0030492408711793088,3.049271363892948e-06
2026-01-01 03:30:00,21,0.0324127586145597,0.03241275861455971,3.241308274538716e-05
2026-01-01 03:30:00,22,0.029204651371615722,0.029204651371615722,2.920494342104993e-05
2026-01-01 03:30:00,23,0.014618859955807095,0.014618859955807098,1.4619006145868557e-05
2026-01-01 03:30:00,24,0.04288790510814744,0.04288790510814743,4.288833399148735e-05
2026-01-01 03:30:00,25,0.040990773693111375,0.04099077369311139,4.0991183604947436e-05
2026-01-01 03:30:00,26,0.039108743791519976,0.03910874379151997,3.9109134882868805e-05
2026-01-01 03:30:00,27,0.037356557031722644,0.037356557031722644,3.735693060102865e-05
2026-01-01 03:30:00,28,0.03315491381142017,0.03315491381142017,3.315524536387381e-05
2026-01-01 03:30:00,29,0.015288860846507497,0.015288860846507497,1.5289013736644863e-05
2026-01-01 03:30:00,30,0.009904819664942855,0.009904819664942855,9.904918714129996e-06
2026-01-01 03:30:00,31,0.0023487865348705366,0.002348786534870537,2.3488100229707667e-06
2026-01-01 03:30:00,32,0.0,0.0,0.0
2026-01-01 03:30:00,33,0.0,0.0,0.0
2026-01-01 03:30:00,34,0.0,0.0,0.0
2026-01-01 03:30:00,35,0.0,0.0,0.0
2026-01-01 03:30:00,36,0.0,0.0,0.0
2026-01-01 03:45:00,0,0.13281907510352584,0.13281907510352586,0.00013282040330755895
2026-01-01 03:45:00,1,0.1178736250612663,0.11787362506126628,0.00011787480380930439
2026-01-01 03:45:00,2,0.08437308606556311,0.08437308606556312,8.437392980486117e-05
2026-01-01 03:45:00,3,0.08006915371588996,0.08006915371588995,8.006995441543412e-05
2026-01-01 03:45:00,4,0.07808257407175993,0.07808257407175992,7.808335490530899e-05
2026-01-01 03:45:00,5,0.03659662562651222,0.036596625626512225,3.659699159642819e-05
2026-01-01 03:45:00,6,0.02979507606571318,0.02979507606571319,2.9795374019453384e-05
2026-01-01 03:45:00,7,0.022972971199814132,0.022972971199814125,2.297320093182345e-05
2026-01-01 03:45:00,8,0.021047784304843033,0.021047784304843036,2.1047994784790885e-05
2026-01-01 03:45:00,9,0.019117748465472175,0.019117748465472175,1.9117939644868624e-05
2026-01-01 03:45:00,10,0.017469422972250046,0.01746942297225004,1.746959766822673e-05
2026-01-01 03:45:00,11,0.015338480603609522,0.015338480603609522,1.533863398994942e-05
2026-01-01 03:45:00,12,0.013202194008076483,0.013202194008076481,1.3202326031336797e-05
2026-01-01 03:45:00,13,0.00883852384446484,0.008838523844464838,8.838612230587144e-06
2026-01-01 03:45:00,14,0.006982018132487704,0.006982018132487705,6.982087953367239e-06
2026-01-01 03:45:00,15,0.005021716923392594,0.005021716923392594,5.021767141064005e-06
2026-01-01 03:45:00,16,0.003061869301882022,0.0030618693018820216,3.061899920881231e-06
2026-01-01 03:45:00,17,0.011630739352720793,0.011630739352720793,1.1630855661277405e-05
2026-01-01 03:45:00,18,0.008729043360526276,0.008729043360526274,8.729130651832793e-06
2026-01-01 03:45:00,19,0.005820644005443077,0.0058206440054430755,5.8207022124652015e-06
2026-01-01 03:45:00,20,0.0029109211786209756,0.0029109211786209756,2.910950288123857e-06
2026-01-01 03:45:00,21,0.030923053549731308,0.030923053549731308,3.092336278335914e-05
2026-01-01 03:45:00,22,0.027861671067491482,0.027861671067491472,2.7861949686988354e-05
2026-01-01 03:45:00,23,0.01394586952311358,0.013945869523113587,1.3946008983203418e-05
2026-01-01 03:45:00,24,0.040849656409595335,0.04084965640959533,4.085006491024443e-05
2026-01-01 03:45:00,25,0.03904125416624195,0.039041254166241955,3.9041644582687784e-05
2026-01-01 03:45:00,26,0.037247399980820765,0.03724739998082076,3.7247772458545355e-05
2026-01-01 03:45:00,27,0.03557794922611534,0.03557794922611534,3.557830500916543e-05
2026-01-01 03:45:00,28,0.031575713363800946,0.03157571336380094,3.157602912409219e-05
2026-01-01 03:45:00,29,0.014559385415786245,0.014559385415786245,1.4559531011096355e-05
2026-01-01 03:45:00,30,0.009432117706203556,0.009432117706203558,9.43221202832384e-06
2026-01-01 03:45:00,31,0.002236674861395723,0.0022366748613957235,2.2366972283680072e-06
2026-01-01 03:45:00,32,0.0,0.0,0.0
2026-01-01 03:45:00,33,0.0,0.0,0.0
2026-01-01 03:45:00,34,0.0,0.0,0.0
2026-01-01 03:45:00,35,0.0,0.0,0.0
2026-01-01 03:45:00,36,0.0,0.0,0.0
2026-01-01 04:00:00,0,0.14120887207463287,0.14120887207463287,0.00014121028417747464
2026-01-01 04:00:00,1,0.12535062223277596,0.12535062223277596,0.00012535187575153347
2026-01-01 04:00:00,2,0.08977296941288036,0.08977296941288036,8.977386715155187e-05
2026-01-01 04:00:00,3,0.08520267782926476,0.08520267782926479,8.520352986456343e-05
2026-01-01 04:00:00,4,0.08309254236162736,0.08309254236162736,8.309337329536032e-05
2026-01-01 04:00:00,5,0.03893839510148733,0.03893839510148733,3.8938784489332225e-05
2026-01-01 04:00:00,6,0.03170693488300346,0.031706934883003475,3.170725195552303e-05
2026-01-01 04:00:00,7,0.024452085385738693,0.024452085385738693,2.4452329909037787e-05
2026-01-01 04:00:00,8,0.022404259325933828,0.022404259325933835,2.2404483370767543e-05
2026-01-01 04:00:00,9,0.020350742553723662,0.020350742553723666,2.03509460631843e-05
2026-01-01 04:00:00,10,0.018596844944833664,0.018596844944833664,1.8597030915142816e-05
2026-01-01 04:00:00,11,0.01632927542029406,0.016329275420294057,1.6329438714681207e-05
2026-01-01 04:00:00,12,0.014055406396991174,0.014055406396991169,1.4055546952460697e-05
2026-01-01 04:00:00,13,0.009410217660435838,0.00941021766043584,9.410311763553475e-06
2026-01-01 04:00:00,14,0.0074338617090242,0.007433861709024199,7.433936048384684e-06
2026-01-01 04:00:00,15,0.005346865112242051,0.005346865112242052,5.346918581427866e-06
2026-01-01 04:00:00,16,0.0032601559505602167,0.0032601559505602163,3.2601885524457415e-06
2026-01-01 04:00:00,17,0.012341539874436971,0.012341539874436971,1.2341663291069882e-05
2026-01-01 04:00:00,18,0.009262899794064618,0.00926289979406462,9.26299242398886e-06
2026-01-01 04:00:00,19,0.006176710339257605,0.006176710339257605,6.176772106978675e-06
2026-01-01 04:00:00,20,0.0030890301240915816,0.003089030124091581,3.0890610147017287e-06
2026-01-01 04:00:00,21,0.032841650100135455,0.03284165010013545,3.2841978519920656e-05
2026-01-01 04:00:00,22,0.029591313363741392,0.02959131336374139,2.959160927983419e-05
2026-01-01 04:00:00,23,0.014812636414176511,0.014812636414176511,1.4812784542021932e-05
2026-01-01 04:00:00,24,0.043476045543664556,0.043476045543664577,4.347648030846766e-05
2026-01-01 04:00:00,25,0.041553338816602135,0.04155333881660213,4.155375435414568e-05
2026-01-01 04:00:00,26,0.03964589019808905,0.03964589019808904,3.964628666095566e-05
2026-01-01 04:00:00,27,0.03786984030774407,0.03786984030774409,3.787021900993419e-05
2026-01-01 04:00:00,28,0.033610663207403996,0.033610663207403996,3.361099931739717e-05
2026-01-01 04:00:00,29,0.01549940848521658,0.015499408485216581,1.549956348085139e-05
2026-01-01 04:00:00,30,0.010041257331742258,0.01004125733174226,1.0041357745319714e-05
2026-01-01 04:00:00,31,0.002381146068361158,0.0023811460683611577,2.3811698800599587e-06
2026-01-01 04:00:00,32,0.0,0.0,0.0
2026-01-01 04:00:00,33,0.0,0.0,0.0
2026-01-01 04:00:00,34,0.0,0.0,0.0
2026-01-01 04:00:00,35,0.0,0.0,0.0
2026-01-01 04:00:00,36,0.0,0.0,0.0
2026-01-01 04:15:00,0,0.1351833192392366,0.1351833192392366,0.00013518467108594744
2026-01-01 04:15:00,1,0.11998025528646018,0.11998025528646018,0.0001199814551010112
2026-01-01 04:15:00,2,0.085893886086488,0.08589388608648801,8.589474503393835e-05
2026-01-01 04:15:00,3,0.0815148242000456,0.08151482420004559,8.151563935643916e-05
2026-01-01 04:15:00,4,0.07949340190962642,0.07949340190962643,7.949419685159494e-05
2026-01-01 04:15:00,5,0.037256158434626346,0.03725615843462634,3.725653099993635e-05
2026-01-01 04:15:00,6,0.03033346163052632,0.030333461630526325,3.0333764968176005e-05
2026-01-01 04:15:00,7,0.023389430393849553,0.02338943039384955,2.3389664290492455e-05
2026-01-01 04:15:00,8,0.021429696387820128,0.021429696387820128,2.1429910686926997e-05
2026-01-01 04:15:00,9,0.019464883154345337,0.019464883154345337,1.9465077805123388e-05
2026-01-01 04:15:00,10,0.01778682561311835,0.017786825613118354,1.7787003483153186e-05
2026-01-01 04:15:00,11,0.015617407087816821,0.015617407087816821,1.5617563263449456e-05
2026-01-01 04:15:00,12,0.013442383245676136,0.013442383245676136,1.3442517670852844e-05
2026-01-01 04:15:00,13,0.008999455953647447,0.008999455953647447,8.999545949106938e-06
2026-01-01 04:15:00,14,0.007109209318498998,0.007109209318498997,7.109280411303111e-06
2026-01-01 04:15:00,15,0.005113241980699547,0.005113241980699547,5.1132931136306835e-06
2026-01-01 04:15:00,16,0.0031176839949350376,0.0031176839949350376,3.1177151720867584e-06
2026-01-01 04:15:00,17,0.011831338903864803,0.011831338903864806,1.183145721843699e-05
2026-01-01 04:15:00,18,0.008879701821786878,0.008879701821786878,8.879790619693075e-06
2026-01-01 04:15:00,19,0.005921127727959702,0.005921127727959701,5.9211869398291e-06
2026-01-01 04:15:00,20,0.002961183965486349,0.0029611839654863498,2.961213577622126e-06
2026-01-01 04:15:00,21,0.031464159771771034,0.03146415977177103,3.14644744165152e-05
2026-01-01 04:15:00,22,0.028349474226368854,0.02834947422636885,2.8349757723946094e-05
2026-01-01 04:15:00,23,0.014190307620736697,0.014190307620736697,1.4190449525231949e-05
2026-01-01 04:15:00,24,0.04158918971232124,0.04158918971232124,4.158960560837733e-05
2026-01-01 04:15:00,25,0.039748576890340774,0.039748576890340774,3.974897438008457e-05
2026-01-01 04:15:00,26,0.03792271487526785,0.037922714875267854,3.792309410620892e-05
2026-01-01 04:15:00,27,0.03622323868335425,0.03622323868335425,3.6223600919363445e-05
2026-01-01 04:15:00,28,0.03214864886394822,0.03214864886394822,3.214897035365176e-05
2026-01-01 04:15:00,29,0.014824024545693086,0.014824024545693081,1.482417278742096e-05
2026-01-01 04:15:00,30,0.009603603143816737,0.00960360314381674,9.603699180808549e-06
2026-01-01 04:15:00,31,0.0022773461974621694,0.00227734619746217,2.2773689711518813e-06
2026-01-01 04:15:00,32,0.0,0.0,0.0
2026-01-01 04:15:00,33,0.0,0.0,0.0
2026-01-01 04:15:00,34,0.0,0.0,0.0
2026-01-01 04:15:00,35,0.0,0.0,0.0
2026-01-01 04:15:00,36,0.0,0.0,0.0
2026-01-01 04:30:00,0,0.14764279572804578,0.14764279572804578,0.00014764427217076748
2026-01-01 04:30:00,1,0.13108714085964357,0.13108714085964357,0.000131088451744161
2026-01-01 04:30:00,2,0.09391996726186809,0.09391996726186812,9.392090647093283e-05
2026-01-01 04:30:00,3,0.08914587912482869,0.08914587912482869,8.914677059253461e-05
2026-01-01 04:30:00,4,0.08694115760414611,0.08694115760414611,8.694202702441635e-05
2026-01-01 04:30:00,5,0.040736777771073325,0.04073677777107333,4.073718514292476e-05
2026-01-01 04:30:00,6,0.03317562087358561,0.0331756208735856,3.317595263311194e-05
2026-01-01 04:30:00,7,0.025588770182576083,0.025588770182576083,2.5589026072836813e-05
2026-01-01 04:30:00,8,0.02344681079598763,0.023446810795987632,2.3447045266440296e-05
2026-01-01 04:30:00,9,0.02129846846568182,0.021298468465681817,2.1298681452496345e-05
2026-01-01 04:30:00,10,0.019463488192399705,0.019463488192399705,1.9463682829228e-05
2026-01-01 04:30:00,11,0.017090972242531807,0.01709097224253181,1.709114315396335e-05
2026-01-01 04:30:00,12,0.014711369476216155,0.014711369476216155,1.471151659138207e-05
2026-01-01 04:30:00,13,0.009849787887110766,0.009849787887110766,9.849886385974625e-06
2026-01-01 04:30:00,14,0.007781300574608322,0.007781300574608322,7.781378388392206e-06
2026-01-01 04:30:00,15,0.005596897881000496,0.005596897881000494,5.596953850539001e-06
2026-01-01 04:30:00,16,0.0034126377488768542,0.003412637748876855,3.412671875595611e-06
2026-01-01 04:30:00,17,0.012884647287836552,0.012884647287836554,1.288477613559791e-05
2026-01-01 04:30:00,18,0.00967083844731068,0.009670838447310683,9.670935156662249e-06
2026-01-01 04:30:00,19,0.006448799803563695,0.006448799803563694,6.4488642922066174e-06
2026-01-01 04:30:00,20,0.0032251358222052445,0.0032251358222052445,3.225168073885983e-06
2026-01-01 04:30:00,21,0.03430996976449694,0.03430996976449695,3.431031286762562e-05
2026-01-01 04:30:00,22,0.030915103821875966,0.030915103821875966,3.0915412976005726e-05
2026-01-01 04:30:00,23,0.01547610259440189,0.015476102594401893,1.547625735697546e-05
2026-01-01 04:30:00,24,0.04549407922867366,0.04549407922867366,4.54945341740154e-05
2026-01-01 04:30:00,25,0.043483712807318005,0.043483712807318005,4.3484147648794496e-05
2026-01-01 04:30:00,26,0.04148913115428991,0.04148913115428992,4.1489546049750415e-05
2026-01-01 04:30:00,27,0.03963123779813881,0.0396312377981388,3.9631634114479953e-05
2026-01-01 04:30:00,28,0.03517466877949248,0.035174668779492484,3.517502052969778e-05
2026-01-01 04:30:00,29,0.016222034097356373,0.01622203409735637,1.6222196319319564e-05
2026-01-01 04:30:00,30,0.010509536068683125,0.010509536068683129,1.0509641165094779e-05
2026-01-01 04:30:00,31,0.002492210996871038,0.002492210996871038,2.4922359192302303e-06
2026-01-01 04:30:00,32,0.0,0.0,0.0
2026-01-01 04:30:00,33,0.0,0.0,0.0
2026-01-01 04:30:00,34,0.0,0.0,0.0
2026-01-01 04:30:00,35,0.0,0.0,0.0
2026-01-01 04:30:00,36,0.0,0.0,0.0
2026-01-01 04:45:00,0,0.14446468967517442,0.14446468967517442,0.0001444661343365178
2026-01-01 04:45:00,1,0.12825324299566096,0.12825324299566093,0.00012825452554091638
2026-01-01 04:45:00,2,0.09187086329380248,0.09187086329380248,9.18717820116226e-05
2026-01-01 04:45:00,3,0.08719739172612676,0.08719739172612674,8.719826370876385e-05
2026-01-01 04:45:00,4,0.08503937392723261,0.08503937392723261,8.50402243294759e-05
2026-01-01 04:45:00,5,0.039848170953921014,0.039848170953921014,3.984856943961541e-05
2026-01-01 04:45:00,6,0.032449871993582693,0.0324498719935827,3.245019649554766e-05
2026-01-01 04:45:00,7,0.02502703204163847,0.025027032041638468,2.5027282314461616e-05
2026-01-01 04:45:00,8,0.022931579999919405,0.022931579999919405,2.2931809318012585e-05
2026-01-01 04:45:00,9,0.020830092046123506,0.02083009204612351,2.0830300349127e-05
2026-01-01 04:45:00,10,0.01903517671675186,0.01903517671675186,1.9035367070422564e-05
2026-01-01 04:45:00,11,0.016714518760412418,0.01671451876041242,1.6714685907271494e-05
2026-01-01 04:45:00,12,0.014387168912127716,0.014387168912127718,1.438731278525557e-05
2026-01-01 04:45:00,13,0.009632531747649095,0.009632531747649095,9.632628073929835e-06
2026-01-01 04:45:00,14,0.007609577817814178,0.007609577817814178,7.609653914353321e-06
2026-01-01 04:45:00,15,0.005473316828274893,0.005473316828274894,5.473371561990514e-06
2026-01-01 04:45:00,16,0.0033372718252982197,0.0033372718252982192,3.337305198350203e-06
2026-01-01 04:45:00,17,0.01261658969789192,0.01261658969789192,1.261671586505057e-05
2026-01-01 04:45:00,18,0.009469491828397038,0.009469491828397035,9.469586524262281e-06
2026-01-01 04:45:00,19,0.006314503673185522,0.006314503673185524,6.314566818853712e-06
2026-01-01 04:45:00,20,0.0031579573344365664,0.003157957334436567,3.1579889143257103e-06
2026-01-01 04:45:00,21,0.03358500508385168,0.03358500508385169,3.3585340937261066e-05
2026-01-01 04:45:00,22,0.030261490053869092,0.03026149005386908,3.0261792671795807e-05
2026-01-01 04:45:00,23,0.01514851118652646,0.015148511186526463,1.5148662673153194e-05
2026-01-01 04:45:00,24,0.04449682235370666,0.04449682235370665,4.449726732637992e-05
2026-01-01 04:45:00,25,0.042529756626482444,0.042529756626482444,4.253018192830173e-05
2026-01-01 04:45:00,26,0.040578217425734545,0.04057821742573455,4.057862321196667e-05
2026-01-01 04:45:00,27,0.038760761901391404,0.0387607619013914,3.876114951288653e-05
2026-01-01 04:45:00,28,0.034401734980305645,0.03440173498030565,3.4402079001095664e-05
2026-01-01 04:45:00,29,0.01586489507708092,0.01586489507708092,1.5865053727618195e-05
2026-01-01 04:45:00,30,0.010278099923188259,0.010278099923188257,1.027820270521531e-05
2026-01-01 04:45:00,31,0.002437319451106978,0.002437319451106978,2.4373438245452233e-06
2026-01-01 04:45:00,32,0.0,0.0,0.0
2026-01-01 04:45:00,33,0.0,0.0,0.0
2026-01-01 04:45:00,34,0.0,0.0,0.0
2026-01-01 04:45:00,35,0.0,0.0,0.0
2026-01-01 04:45:00,36,0.0,0.0,0.0
2026-01-01 05:00:00,0,0.1461498973291221,0.14614989732912215,0.00014615135884271058
2026-01-01 05:00:00,1,0.1297558636896313,0.12975586368963127,0.00012975716126124393
2026-01-01 05:00:00,2,0.09295725347171943,0.09295725347171943,9.295818305354997e-05
2026-01-01 05:00:00,3,0.08823041703574296,0.08823041703574296,8.823129934873645e-05
2026-01-01 05:00:00,4,0.08604762993492898,0.08604762993492895,8.604849041983319e-05
2026-01-01 05:00:00,5,0.040319292326962616,0.040319292326962616,4.0319695523917856e-05
2026-01-01 05:00:00,6,0.032834637124361056,0.032834637124361056,3.2834965474015796e-05
2026-01-01 05:00:00,7,0.02532483329085455,0.025324833290854554,2.532508654171997e-05
2026-01-01 05:00:00,8,0.023204722712052643,0.023204722712052643,2.320495476160026e-05
2026-01-01 05:00:00,9,0.02107839344593571,0.021078393445935702,2.1078604231978027e-05
2026-01-01 05:00:00,10,0.01926223669936227,0.019262236699362275,1.926242932365551e-05
2026-01-01 05:00:00,11,0.016914085293172117,0.016914085293172124,1.691425443571648e-05
2026-01-01 05:00:00,12,0.014559034078210619,0.014559034078210617,1.4559179670007317e-05
2026-01-01 05:00:00,13,0.009747702389758034,0.009747702389758034,9.74779986775671e-06
2026-01-01 05:00:00,14,0.007700609996428114,0.007700609996428114,7.700687003298148e-06
2026-01-01 05:00:00,15,0.005538828179480242,0.005538828179480242,5.538883568315926e-06
2026-01-01 05:00:00,16,0.003377223834741954,0.003377223834741954,3.377257607318027e-06
2026-01-01 05:00:00,17,0.012758781253675225,0.012758781253675225,1.2758908842763655e-05
2026-01-01 05:00:00,18,0.009576295648501789,0.009576295648501789,9.576391412415914e-06
2026-01-01 05:00:00,19,0.006385740554213156,0.006385740554213155,6.385804412257279e-06
2026-01-01 05:00:00,20,0.0031935918320388154,0.003193591832038816,3.1936237682764983e-06
2026-01-01 05:00:00,21,0.03396950125851925,0.03396950125851925,3.3969840956928815e-05
2026-01-01 05:00:00,22,0.030608142085740482,0.030608142085740486,3.060844817022219e-05
2026-01-01 05:00:00,23,0.015322251127037603,0.015322251127037598,1.532240435108111e-05
2026-01-01 05:00:00,24,0.045025519115004804,0.0450255191150048,4.502596937469855e-05
2026-01-01 05:00:00,25,0.04303549302433413,0.04303549302433414,4.3035923383567976e-05
2026-01-01 05:00:00,26,0.04106113082963506,0.04106113082963506,4.1061541445049513e-05
2026-01-01 05:00:00,27,0.03922223545650269,0.03922223545650268,3.9222627682779517e-05
2026-01-01 05:00:00,28,0.03481149568898994,0.034811495688989946,3.481184380742802e-05
2026-01-01 05:00:00,29,0.016054223629545106,0.016054223629545103,1.605438417338684e-05
2026-01-01 05:00:00,30,0.010400789802359936,0.010400789802359934,1.0400893811298048e-05
2026-01-01 05:00:00,31,0.002466418728864601,0.002466418728864601,2.4664433932985338e-06
2026-01-01 05:00:00,32,0.0,0.0,0.0
2026-01-01 05:00:00,33,0.0,0.0,0.0
2026-01-01 05:00:00,34,0.0,0.0,0.0
2026-01-01 05:00:00,35,0.0,0.0,0.0
2026-01-01 05:00:00,36,0.0,0.0,0.0
2026-01-01 05:15:00,0,0.14601906098931597,0.14601906098931597,0.00014602052119452793
2026-01-01 05:15:00,1,0.12963919702327995,0.12963919702327995,0.00012964049342821423
2026-01-01 05:15:00,2,0.09287289430191646,0.09287289430191648,9.287382304014688e-05
2026-01-01 05:15:00,3,0.08815019991757113,0.08815019991757113,8.815108142838541e-05
2026-01-01 05:15:00,4,0.08596933549061328,0.08596933549061328,8.597019519256521e-05
2026-01-01 05:15:00,5,0.040282708755809644,0.04028270875580964,4.028311158692552e-05
2026-01-01 05:15:00,6,0.03280475878816104,0.03280475878816104,3.280508683902943e-05
2026-01-01 05:15:00,7,0.025301706971353997,0.025301706971354,2.530195999095391e-05
2026-01-01 05:15:00,8,0.023183511035157776,0.023183511035157773,2.3183742872586503e-05
2026-01-01 05:15:00,9,0.021059110718032476,0.021059110718032476,2.105932131124559e-05
2026-01-01 05:15:00,10,0.019244603402498447,0.01924460340249845,1.9244795850456955e-05
2026-01-01 05:15:00,11,0.01689858690015128,0.01689858690015128,1.6898755887710158e-05
2026-01-01 05:15:00,12,0.01454568675754082,0.01454568675754082,1.454583221586298e-05
2026-01-01 05:15:00,13,0.009738757994736022,0.00973875799473602,9.738855383289853e-06
2026-01-01 05:15:00,14,0.007693540232326282,0.007693540232326284,7.693617168497969e-06
2026-01-01 05:15:00,15,0.005533740324001492,0.005533740324001492,5.533795661958112e-06
2026-01-01 05:15:00,16,0.003374121044865112,0.003374121044865112,3.374154786412976e-06
2026-01-01 05:15:00,17,0.012747746378574247,0.012747746378574249,1.2747873857312822e-05
2026-01-01 05:15:00,18,0.009568006992536763,0.009568006992536762,9.5681026735635e-06
2026-01-01 05:15:00,19,0.0063802121009564365,0.006380212100956438,6.380275903715474e-06
2026-01-01 05:15:00,20,0.00319082635132229,0.00319082635132229,3.1908582599048896e-06
2026-01-01 05:15:00,21,0.0339396566907162,0.0339396566907162,3.3939996090677106e-05
2026-01-01 05:15:00,22,0.030581234781335995,0.030581234781335995,3.0581540596741956e-05
2026-01-01 05:15:00,23,0.015308765154887851,0.015308765154887854,1.5308918244070295e-05
2026-01-01 05:15:00,24,0.04498446282955533,0.04498446282955533,4.4984912678682116e-05
2026-01-01 05:15:00,25,0.04299621932436261,0.04299621932436261,4.299664929085552e-05
2026-01-01 05:15:00,26,0.04102362925287719,0.04102362925287719,4.102403949327212e-05
2026-01-01 05:15:00,27,0.0391863986313067,0.03918639863130671,3.91867904992117e-05
2026-01-01 05:15:00,28,0.03477967429133283,0.03477967429133283,3.478002209155375e-05
2026-01-01 05:15:00,29,0.016039520375991635,0.016039520375991635,1.6039680772799363e-05
2026-01-01 05:15:00,30,0.010391261649295451,0.010391261649295451,1.039136556295108e-05
2026-01-01 05:15:00,31,0.0024641588578069307,0.0024641588578069307,2.464183499641927e-06
2026-01-01 05:15:00,32,0.0,0.0,0.0
2026-01-01 05:15:00,33,0.0,0.0,0.0
2026-01-01 05:15:00,34,0.0,0.0,0.0
2026-01-01 05:15:00,35,0.0,0.0,0.0
2026-01-01 05:15:00,36,0.0,0.0,0.0
2026-01-01 05:30:00,0,0.16002148701743374,0.16002148701743374,0.0001600230872483062
2026-01-01 05:30:00,1,0.14213042717520272,0.14213042717520272,0.00014213184849368765
2026-01-01 05:30:00,2,0.10191338586556578,0.10191338586556577,0.00010191440500961588
2026-01-01 05:30:00,3,0.09674835235128615,0.09674835235128618,9.674931984448462e-05
2026-01-01 05:30:00,4,0.09436205972281501,0.09436205972281501,9.436300335284853e-05
2026-01-01 05:30:00,5,0.04420307306664154,0.04420307306664155,4.420351510179256e-05
2026-01-01 05:30:00,6,0.03600757268600442,0.03600757268600441,3.600793276533208e-05
2026-01-01 05:30:00,7,0.027781621557282477,0.027781621557282477,2.7781899376276243e-05
2026-01-01 05:30:00,8,0.02545834544423552,0.02545834544423552,2.545860003023582e-05
2026-01-01 05:30:00,9,0.02312723874427315,0.02312723874427316,2.3127470018973348e-05
2026-01-01 05:30:00,10,0.02113595714122252,0.021135957141222517,2.113616850290755e-05
2026-01-01 05:30:00,11,0.018561107191608375,0.018561107191608375,1.8561292804536423e-05
2026-01-01 05:30:00,12,0.01597751967659656,0.015977519676596563,1.59776794533911e-05
2026-01-01 05:30:00,13,0.010698360233621352,0.010698360233621354,1.0698467218293535e-05
2026-01-01 05:30:00,14,0.008452067812981119,0.008452067812981119,8.452152334504463e-06
2026-01-01 05:30:00,15,0.006079648786145731,0.006079648786145731,6.079709583241563e-06
2026-01-01 05:30:00,16,0.003707049805526829,0.0037070498055268297,3.7070868763955935e-06
2026-01-01 05:30:00,17,0.013924686555373104,0.013924686555373107,1.3924825803631144e-05
2026-01-01 05:30:00,18,0.01045210598835002,0.01045210598835002,1.0452210510455124e-05
2026-01-01 05:30:00,19,0.006969910323084262,0.006969910323084263,6.969980022884491e-06
2026-01-01 05:30:00,20,0.003485815252595278,0.0034858152525952786,3.4858501110963893e-06
2026-01-01 05:30:00,21,0.03712754100440194,0.03712754100440194,3.712791228352477e-05
2026-01-01 05:30:00,22,0.03345552973578749,0.033455529735787484,3.3455864294430435e-05
2026-01-01 05:30:00,23,0.01674952970518047,0.016749529705180465,1.674969720215249e-05
2026-01-01 05:30:00,24,0.049386402179989526,0.049386402179989526,4.9386896048950016e-05
2026-01-01 05:30:00,25,0.04720737667328431,0.04720737667328431,4.720784875177183e-05
2026-01-01 05:30:00,26,0.04504510487942542,0.04504510487942541,4.504555533497877e-05
2026-01-01 05:30:00,27,0.043029512903337695,0.043029512903337695,4.3029943202769724e-05
2026-01-01 05:30:00,28,0.038192304326637116,0.03819230432663711,3.8192686253499654e-05
2026-01-01 05:30:00,29,0.017616660903640585,0.017616660903640585,1.7616837072011307e-05
2026-01-01 05:30:00,30,0.011413321920879304,0.0114133219208793,1.1413436055239857e-05
2026-01-01 05:30:00,31,0.00270657330626051,0.002706573306260511,2.7066003722642338e-06
2026-01-01 05:30:00,32,0.0,0.0,0.0
2026-01-01 05:30:00,33,0.0,0.0,0.0
2026-01-01 05:30:00,34,0.0,0.0,0.0
2026-01-01 05:30:00,35,0.0,0.0,0.0
2026-01-01 05:30:00,36,0.0,0.0,0.0
2026-01-01 05:45:00,0,0.15518746794438687,0.15518746794438687,0.00015518901983458522
2026-01-01 05:45:00,1,0.13781689620074583,0.1378168962007458,0.00013781827438348967
2026-01-01 05:45:00,2,0.09878955025861583,0.09878955025861583,9.879053816399748e-05
2026-01-01 05:45:00,3,0.09377700377254049,0.0937770037725405,9.377794155195602e-05
2026-01-01 05:45:00,4,0.09146155212591583,0.0914615521259158,9.146246675058333e-05
2026-01-01 05:45:00,5,0.04284846165884999,0.042848461658849986,4.284889014775147e-05
2026-01-01 05:45:00,6,0.03490068114218838,0.03490068114218838,3.4901030152489904e-05
2026-01-01 05:45:00,7,0.026924358871963497,0.02692435887196351,2.6924628118244695e-05
2026-01-01 05:45:00,8,0.024671921425815462,0.024671921425815462,2.4672168147496937e-05
2026-01-01 05:45:00,9,0.02241223698501314,0.022412236985013136,2.2412461109624233e-05
2026-01-01 05:45:00,10,0.020482040073986147,0.020482040073986147,2.048224489643511e-05
2026-01-01 05:45:00,11,0.017986269929839878,0.01798626992983987,1.798644979433782e-05
2026-01-01 05:45:00,12,0.015482428452618224,0.01548242845261822,1.5482583278451006e-05
2026-01-01 05:45:00,13,0.0103665337676462,0.0103665337676462,1.036663743402054e-05
2026-01-01 05:45:00,14,0.008189762374984023,0.008189762374984023,8.189844273426756e-06
2026-01-01 05:45:00,15,0.005890861998986879,0.005890861998986878,5.890920908195961e-06
2026-01-01 05:45:00,16,0.0035919144099190985,0.0035919144099190985,3.5919503294223927e-06
2026-01-01 05:45:00,17,0.013519306805470116,0.01351930680547012,1.3519441999890119e-05
2026-01-01 05:45:00,18,0.01014757709519869,0.010147577095198687,1.014767857198441e-05
2026-01-01 05:45:00,19,0.006766785100711393,0.006766785100711394,6.766852769239087e-06
2026-01-01 05:45:00,20,0.0033842030823996246,0.003384203082399623,3.384236924768872e-06
2026-01-01 05:45:00,21,0.03602841988994233,0.03602841988994234,3.602878017774412e-05
2026-01-01 05:45:00,22,0.03246449145761497,0.03246449145761498,3.2464816105776036e-05
2026-01-01 05:45:00,23,0.016252725445583642,0.016252725445583645,1.6252887974463392e-05
2026-01-01 05:45:00,24,0.047864881603948035,0.04786488160394803,4.786536025755061e-05
2026-01-01 05:45:00,25,0.045751719921909774,0.045751719921909774,4.575217744368421e-05
2026-01-01 05:45:00,26,0.04365494044013564,0.04365494044013563,4.365537699390558e-05
2026-01-01 05:45:00,27,0.041700968343737016,0.041700968343737016,4.170138535759059e-05
2026-01-01 05:45:00,28,0.037012539883337865,0.03701253988333786,3.7012910012437994e-05
2026-01-01 05:45:00,29,0.017071363508875864,0.017071363508875864,1.7071534224218105e-05
2026-01-01 05:45:00,30,0.011059937376790722,0.011059937376790726,1.1060047977270498e-05
2026-01-01 05:45:00,31,0.0026227558236431936,0.0026227558236431928,2.622782051463708e-06
2026-01-01 05:45:00,32,0.0,0.0,0.0
2026-01-01 05:45:00,33,0.0,0.0,0.0
2026-01-01 05:45:00,34,0.0,0.0,0.0
2026-01-01 05:45:00,35,0.0,0.0,0.0
2026-01-01 05:45:00,36,0.0,0.0,0.0
2026-01-01 06:00:00,0,0.1568712279736674,0.1568712279736674,0.00015687279670163442
2026-01-01 06:00:00,1,0.13931921647145987,0.13931921647145984,0.00013932060967755664
2026-01-01 06:00:00,2,0.09987729045743202,0.09987729045743203,9.987828924032442e-05
2026-01-01 06:00:00,3,0.0948116040067329,0.09481160400673291,9.481255213225424e-05
2026-01-01 06:00:00,4,0.09247146797047713,0.09247146797047712,9.247239269440407e-05
2026-01-01 06:00:00,5,0.04332014938900847,0.04332014938900845,4.3320582594834414e-05
2026-01-01 06:00:00,6,0.03528608445623524,0.03528608445623523,3.5286437320608445e-05
2026-01-01 06:00:00,7,0.02722282045242812,0.02722282045242812,2.7223092683354952e-05
2026-01-01 06:00:00,8,0.02494571357590926,0.02494571357590927,2.4945963035539622e-05
2026-01-01 06:00:00,9,0.022661159099727993,0.02266115909972799,2.266138571358513e-05
2026-01-01 06:00:00,10,0.02070969237980396,0.020709692379803964,2.0709899478798753e-05
2026-01-01 06:00:00,11,0.018186387219554567,0.018186387219554567,1.818656908524542e-05
2026-01-01 06:00:00,12,0.01565478185395602,0.01565478185395602,1.5654938403340056e-05
2026-01-01 06:00:00,13,0.010482048217298905,0.010482048217298907,1.0482153038829296e-05
2026-01-01 06:00:00,14,0.008281074185749197,0.008281074185749197,8.28115699731917e-06
2026-01-01 06:00:00,15,0.005956580233847693,0.0059565802338476925,5.956639800245696e-06
2026-01-01 06:00:00,16,0.003631993793223106,0.003631993793223107,3.6320301135242427e-06
2026-01-01 06:00:00,17,0.013660618357279096,0.013660618357279096,1.3660754964828744e-05
2026-01-01 06:00:00,18,0.010253731321655298,0.010253731321655295,1.0253833859993898e-05
2026-01-01 06:00:00,19,0.006837591162145243,0.006837591162145244,6.837659538740631e-06
2026-01-01 06:00:00,20,0.003419623220513281,0.0034196232205132822,3.4196574170874533e-06
2026-01-01 06:00:00,21,0.03641143118166908,0.036411431181669084,3.641179529962208e-05
2026-01-01 06:00:00,22,0.032809834674356574,0.032809834674356574,3.2810162775984334e-05
2026-01-01 06:00:00,23,0.01642584032995088,0.016425840329950876,1.642600458999678e-05
2026-01-01 06:00:00,24,0.04839462720327322,0.048394627203273206,4.839511115438476e-05
2026-01-01 06:00:00,25,0.046258524251082934,0.04625852425108295,4.625898684095136e-05
2026-01-01 06:00:00,26,0.044138933876327446,0.04413893387632743,4.4139375270080146e-05
2026-01-01 06:00:00,27,0.04216350403239538,0.04216350403239539,4.2163925671652105e-05
2026-01-01 06:00:00,28,0.037423273180125644,0.03742327318012565,3.742364741659981e-05
2026-01-01 06:00:00,29,0.017261199391922225,0.017261199391922225,1.7261372005642283e-05
2026-01-01 06:00:00,30,0.01118296133314986,0.011182961333149862,1.1183073163881501e-05
2026-01-01 06:00:00,31,0.0026519351331507,0.0026519351331507,2.6519616527672276e-06
2026-01-01 06:00:00,32,0.0,0.0,0.0
2026-01-01 06:00:00,33,0.0,0.0,0.0
2026-01-01 06:00:00,34,0.0,0.0,0.0
2026-01-01 06:00:00,35,0.0,0.0,0.0
2026-01-01 06:00:00,36,0.0,0.0,0.0
2026-01-01 06:15:00,0,0.16011827797605577,0.16011827797605577,0.00016011987917484752
2026-01-01 06:15:00,1,0.1426620284899517,0.14266202848995166,0.00014266345512450293
2026-01-01 06:15:00,2,0.10229850298883236,0.1022985029888324,0.00010229952598409225
2026-01-01 06:15:00,3,0.0971146952236919,0.09711469522369189,9.71156663803557e-05
2026-01-01 06:15:00,4,0.09471967895709764,0.09471967895709765,9.472062616335928e-05
2026-01-01 06:15:00,5,0.04437007299028911,0.04437007299028912,4.437051669545607e-05
2026-01-01 06:15:00,6,0.036144047730815976,0.036144047730815976,3.6144409174907727e-05
2026-01-01 06:15:00,7,0.027887332761503222,0.02788733276150322,2.78876116376196e-05
2026-01-01 06:15:00,8,0.025555325128298192,0.025555325128298192,2.5555580684105033e-05
2026-01-01 06:15:00,9,0.02321541344144557,0.02321541344144557,2.3215645597901545e-05
2026-01-01 06:15:00,10,0.021216600947161227,0.021216600947161227,2.121681311529238e-05
2026-01-01 06:15:00,11,0.018632001181929075,0.018632001181929078,1.8632187503804117e-05
2026-01-01 06:15:00,12,0.016038580057914652,0.016038580057914656,1.6038740445319107e-05
2026-01-01 06:15:00,13,0.010739286306219767,0.010739286306219765,1.0739393700156768e-05
2026-01-01 06:15:00,14,0.008484420095612465,0.008484420095612467,8.484504940661873e-06
2026-01-01 06:15:00,15,0.0061029339803036165,0.006102933980303617,6.10299501025372e-06
2026-01-01 06:15:00,16,0.003721250799155312,0.003721250799155313,3.7212880120354335e-06
2026-01-01 06:15:00,17,0.01343999904264602,0.01343999904264602,1.3440133443980462e-05
2026-01-01 06:15:00,18,0.010489443184023185,0.010489443184023185,1.048954807950398e-05
2026-01-01 06:15:00,19,0.006994814957749191,0.006994814957749188,6.994884906598257e-06
2026-01-01 06:15:00,20,0.0034982737302275795,0.0034982737302275803,3.4983087133147136e-06
2026-01-01 06:15:00,21,0.037262876381202695,0.0372628763812027,3.7263249013692836e-05
2026-01-01 06:15:00,22,0.03357755933611084,0.03357755933611085,3.3577895115062e-05
2026-01-01 06:15:00,23,0.01681070535294843,0.016810705352948433,1.6810873461683048e-05
2026-01-01 06:15:00,24,0.04957401411562724,0.04957401411562722,4.957450986072585e-05
2026-01-01 06:15:00,25,0.04738687280905767,0.04738687280905767,4.73873466825245e-05
2026-01-01 06:15:00,26,0.04521653026590389,0.04521653026590389,4.5216982435728244e-05
2026-01-01 06:15:00,27,0.0431933423657429,0.043193342365742904,4.319377430348594e-05
2026-01-01 06:15:00,28,0.038337789829985446,0.038337789829985446,3.8338173211717563e-05
2026-01-01 06:15:00,29,0.017683910501308353,0.017683910501308353,1.7684087342181775e-05
2026-01-01 06:15:00,30,0.011456904078555903,0.0114569040785559,1.145701864874239e-05
2026-01-01 06:15:00,31,0.0027169104090415367,0.002716910409041537,2.716937578417321e-06
2026-01-01 06:15:00,32,0.0,0.0,0.0
2026-01-01 06:15:00,33,0.0,0.0,0.0
2026-01-01 06:15:00,34,0.0,0.0,0.0
2026-01-01 06:15:00,35,0.0,0.0,0.0
2026-01-01 06:15:00,36,0.0,0.0,0.0
2026-01-01 06:30:00,0,0.16789101986710533,0.1678910198671053,0.00016789269879409328
2026-01-01 06:30:00,1,0.1501631574228022,0.15016315742280217,0.00015016465906939289
2026-01-01 06:30:00,2,0.10773610181985951,0.10773610181985949,0.00010773717919165143
2026-01-01 06:30:00,3,0.10228784815587569,0.10228784815587573,0.00010228887104458617
2026-01-01 06:30:00,4,0.09976991234256263,0.0997699123425626,9.977091005166314e-05
2026-01-01 06:30:00,5,0.04672795063359539,0.04672795063359539,4.672841791777457e-05
2026-01-01 06:30:00,6,0.03807133397225821,0.0380713339722582,3.8071714689405105e-05
2026-01-01 06:30:00,7,0.029380539750954688,0.029380539750954695,2.938083355929029e-05
2026-01-01 06:30:00,8,0.026925292412695354,0.02692529241269534,2.6925561668312036e-05
2026-01-01 06:30:00,9,0.024461065226250432,0.024461065226250436,2.4461309839348827e-05
2026-01-01 06:30:00,10,0.022355917435301118,0.022355917435301118,2.2356140996711086e-05
2026-01-01 06:30:00,11,0.01963364037507011,0.019633640375070108,1.9633836713437247e-05
2026-01-01 06:30:00,12,0.016901311697793537,0.016901311697793537,1.6901480712600663e-05
2026-01-01 06:30:00,13,0.01131757435241276,0.01131757435241276,1.1317687529288054e-05
2026-01-01 06:30:00,14,0.008941577821938744,0.008941577821938744,8.94166723861113e-06
2026-01-01 06:30:00,15,0.006431979536914912,0.006431979536914913,6.432043857353486e-06
2026-01-01 06:30:00,16,0.003921929867467767,0.003921929867467767,3.921969087158638e-06
2026-01-01 06:30:00,17,0.013472408345474812,0.013472408345474814,1.3472543070905524e-05
2026-01-01 06:30:00,18,0.011016699146313787,0.011016699146313785,1.1016809314406931e-05
2026-01-01 06:30:00,19,0.007346510486633747,0.007346510486633746,7.3465839524732715e-06
2026-01-01 06:30:00,20,0.003674211091875714,0.003674211091875714,3.6742478343540576e-06
2026-01-01 06:30:00,21,0.03916943837035957,0.03916943837035957,3.9169830068660255e-05
2026-01-01 06:30:00,22,0.03529673825327282,0.03529673825327283,3.529709122418507e-05
2026-01-01 06:30:00,23,0.01767262763009268,0.017672627630092676,1.7672804358136263e-05
2026-01-01 06:30:00,24,0.052223825489599654,0.05222382548959967,5.2224347733077e-05
2026-01-01 06:30:00,25,0.04992219862194305,0.04992219862194303,4.992269784892154e-05
2026-01-01 06:30:00,26,0.04763799272581958,0.04763799272581958,4.763846911051069e-05
2026-01-01 06:30:00,27,0.04550757452426264,0.04550757452426265,4.550802960455869e-05
2026-01-01 06:30:00,28,0.04039295848040128,0.04039295848040128,4.039336241402542e-05
2026-01-01 06:30:00,29,0.01863402530730398,0.018634025307303983,1.8634211649420478e-05
2026-01-01 06:30:00,30,0.012072652152849075,0.012072652152849073,1.207277288057788e-05
2026-01-01 06:30:00,31,0.0028629592909141877,0.002862959290914189,2.862987920793397e-06
2026-01-01 06:30:00,32,0.0,0.0,0.0
2026-01-01 06:30:00,33,0.0,0.0,0.0
2026-01-01 06:30:00,34,0.0,0.0,0.0
2026-01-01 06:30:00,35,0.0,0.0,0.0
2026-01-01 06:30:00,36,0.0,0.0,0.0
2026-01-01 06:45:00,0,0.1681365377042663,0.16813653770426623,0.00016813821908645714
2026-01-01 06:45:00,1,0.15203969517634827,0.15203969517634827,0.00015204121558850416
2026-01-01 06:45:00,2,0.10909735826471828,0.10909735826471827,0.00010909844924921078
2026-01-01 06:45:00,3,0.10358307765942355,0.10358307765942355,0.00010358411350055856
2026-01-01 06:45:00,4,0.10103443960271774,0.10103443960271773,0.00010103544995721732
2026-01-01 06:45:00,5,0.04731821268430183,0.04731821268430184,4.7318685871160556e-05
2026-01-01 06:45:00,6,0.03855390987732692,0.03855390987732691,3.8554295420281124e-05
2026-01-01 06:45:00,7,0.029754527016266314,0.029754527016266307,2.9754824564511963e-05
2026-01-01 06:45:00,8,0.027268439801286872,0.027268439801286883,2.726871248841177e-05
2026-01-01 06:45:00,9,0.024773092741468505,0.024773092741468505,2.4773340474873252e-05
2026-01-01 06:45:00,10,0.022641323726713278,0.022641323726713264,2.26415501422147e-05
2026-01-01 06:45:00,11,0.019884575994107423,0.019884575994107423,1.988477484185584e-05
2026-01-01 06:45:00,12,0.0171174560442345,0.017117456044234505,1.711762722050671e-05
2026-01-01 06:45:00,13,0.011462465831418476,0.011462465831418474,1.1462580457223047e-05
2026-01-01 06:45:00,14,0.009056124621542668,0.009056124621542668,9.056215183694505e-06
2026-01-01 06:45:00,15,0.006514429638536525,0.006514429638536523,6.51449478348436e-06
2026-01-01 06:45:00,16,0.0039722154582238,0.0039722154582237995,3.972255180775608e-06
2026-01-01 06:45:00,17,0.011719681617280169,0.01171968161728017,1.1719798815268323e-05
2026-01-01 06:45:00,18,0.011147715410172182,0.011147715410172182,1.1147826888441067e-05
2026-01-01 06:45:00,19,0.007433903583642957,0.007433903583642958,7.4339779234221925e-06
2026-01-01 06:45:00,20,0.003717930523533874,0.0037179305235338746,3.7179677032109066e-06
2026-01-01 06:45:00,21,0.039645546872532314,0.039645546872532314,3.964594333196564e-05
2026-01-01 06:45:00,22,0.03572607088102202,0.035726070881022025,3.5726428145303475e-05
2026-01-01 06:45:00,23,0.017887894755413053,0.017887894755413063,1.7888073636149426e-05
2026-01-01 06:45:00,24,0.05288741979573635,0.05288741979573635,5.2887948675223105e-05
2026-01-01 06:45:00,25,0.05055716137199855,0.05055716137199857,5.055766694866805e-05
2026-01-01 06:45:00,26,0.048244475349499556,0.04824447534949955,4.8244957799077545e-05
2026-01-01 06:45:00,27,0.04608721838182854,0.04608721838182854,4.6087679258621126e-05
2026-01-01 06:45:00,28,0.040907732924370686,0.040907732924370686,4.090814200579074e-05
2026-01-01 06:45:00,29,0.01887204348907626,0.018872043489076267,1.8872232211398383e-05
2026-01-01 06:45:00,30,0.012226909643616316,0.012226909643616312,1.2227031913935456e-05
2026-01-01 06:45:00,31,0.0028995480110290944,0.002899548011029095,2.899577006799163e-06
2026-01-01 06:45:00,32,0.0,0.0,0.0
2026-01-01 06:45:00,33,0.0,0.0,0.0
2026-01-01 06:45:00,34,0.0,0.0,0.0
2026-01-01 06:45:00,35,0.0,0.0,0.0
2026-01-01 06:45:00,36,0.0,0.0,0.0
2026-01-01 07:00:00,0,0.1708494962102762,0.1708494962102762,0.00017085120472232343
2026-01-01 07:00:00,1,0.15479552144283293,0.15479552144283293,0.00015479706941352707
2026-01-01 07:00:00,2,0.11109721183039789,0.11109721183039788,0.00011109832281362602
2026-01-01 07:00:00,3,0.10548606863351356,0.10548606863351356,0.00010548712350474861
2026-01-01 07:00:00,4,0.10289238059638334,0.10289238059638334,0.00010289340953047865
2026-01-01 07:00:00,5,0.04818537033465577,0.04818537033465577,4.81858521931777e-05
2026-01-01 07:00:00,6,0.0392629499801575,0.03926294998015751,3.926334261358364e-05
2026-01-01 07:00:00,7,0.03030410018263335,0.03030410018263335,3.0304403226665616e-05
2026-01-01 07:00:00,8,0.02777271503811912,0.027772715038119126,2.7772992768046808e-05
2026-01-01 07:00:00,9,0.02523165020250281,0.02523165020250281,2.523190252152803e-05
2026-01-01 07:00:00,10,0.023060770460134477,0.023060770460134477,2.3061001070145178e-05
2026-01-01 07:00:00,11,0.020253377597694376,0.020253377597694373,2.025358013349571e-05
2026-01-01 07:00:00,12,0.01743513144021588,0.017435131440215884,1.743530579327382e-05
2026-01-01 07:00:00,13,0.011675426332266746,0.011675426332266745,1.1675543087697624e-05
2026-01-01 07:00:00,14,0.009224488563646868,0.00922448856364687,9.224580809454964e-06
2026-01-01 07:00:00,15,0.0066356197307139275,0.006635619730713927,6.635686087574804e-06
2026-01-01 07:00:00,16,0.004046128824794158,0.004046128824794159,4.046169286487024e-06
2026-01-01 07:00:00,17,0.0115978819708776,0.0115978819708776,1.159799795085711e-05
2026-01-01 07:00:00,18,0.011340513985392419,0.01134051398539242,1.1340627391666337e-05
2026-01-01 07:00:00,19,0.007562509222620286,0.007562509222620285,7.56258484846877e-06
2026-01-01 07:00:00,20,0.0037822676094547685,0.0037822676094547694,3.7823054325090943e-06
2026-01-01 07:00:00,21,0.04034406762993344,0.040344067629933436,4.034447107464419e-05
2026-01-01 07:00:00,22,0.03635597864882696,0.03635597864882697,3.635634221224909e-05
2026-01-01 07:00:00,23,0.018203744690223986,0.018203744690223986,1.820392672949128e-05
2026-01-01 07:00:00,24,0.053862509936965834,0.053862509936965834,5.386304856745151e-05
2026-01-01 07:00:00,25,0.051490211237612646,0.051490211237612646,5.149072614487409e-05
2026-01-01 07:00:00,26,0.04913570399972814,0.049135703999728136,4.913619536168176e-05
2026-01-01 07:00:00,27,0.04693902188443628,0.04693902188443628,4.693949127934907e-05
2026-01-01 07:00:00,28,0.04166422316965827,0.04166422316965826,4.1664639816056425e-05
2026-01-01 07:00:00,29,0.019221852855881336,0.019221852855881336,1.9222045076332098e-05
2026-01-01 07:00:00,30,0.01245362059352632,0.01245362059352632,1.245374513097763e-05
2026-01-01 07:00:00,31,0.0029533225345419207,0.0029533225345419207,2.9533520680626014e-06
2026-01-01 07:00:00,32,0.0,0.0,0.0
2026-01-01 07:00:00,33,0.0,0.0,0.0
2026-01-01 07:00:00,34,0.0,0.0,0.0
2026-01-01 07:00:00,35,0.0,0.0,0.0
2026-01-01 07:00:00,36,0.0,0.0,0.0
2026-01-01 07:15:00,0,0.1728779896832812,0.1728779896832812,0.00017287971848046598
2026-01-01 07:15:00,1,0.15706672886316517,0.15706672886316517,0.00015706829954616064
2026-01-01 07:15:00,2,0.1127460212103267,0.11274602121032667,0.00011274714868181352
2026-01-01 07:15:00,3,0.10705513521665723,0.10705513521665723,0.00010705620577871502
2026-01-01 07:15:00,4,0.10442435167961786,0.1044243516796179,0.00010442539593357724
2026-01-01 07:15:00,5,0.04890030286261918,0.04890030286261917,4.890079187053788e-05
2026-01-01 07:15:00,6,0.03984759323053921,0.03984759323053921,3.9847991710456315e-05
2026-01-01 07:15:00,7,0.030757321927226078,0.03075732192722608,3.075762950352112e-05
2026-01-01 07:15:00,8,0.02818859840397374,0.02818859840397374,2.8188880292776666e-05
2026-01-01 07:15:00,9,0.025609841867725802,0.0256098418677258,2.5610097968705485e-05
2026-01-01 07:15:00,10,0.023406715991942252,0.023406715991942252,2.3406950061442867e-05
2026-01-01 07:15:00,11,0.020557565106184703,0.020557565106184696,2.055777068389154e-05
2026-01-01 07:15:00,12,0.01769715579024088,0.01769715579024088,1.7697332763568514e-05
2026-01-01 07:15:00,13,0.011851086814384867,0.011851086814384865,1.185120532643813e-05
2026-01-01 07:15:00,14,0.009363366819849938,0.009363366819849936,9.363460454454482e-06
2026-01-01 07:15:00,15,0.006735588051804581,0.00673558805180458,6.735655408358665e-06
2026-01-01 07:15:00,16,0.0041070996132729475,0.004107099613272948,4.107140684679795e-06
2026-01-01 07:15:00,17,0.011293831973720643,0.011293831973720643,1.1293944913169775e-05
2026-01-01 07:15:00,18,0.011499090325689774,0.01149909032568977,1.149920531774295e-05
2026-01-01 07:15:00,19,0.007668287966051851,0.00766828796605185,7.668364649698347e-06
2026-01-01 07:15:00,20,0.003835185601219935,0.003835185601219936,3.835223953459471e-06
2026-01-01 07:15:00,21,0.04091918070715346,0.04091918070715346,4.091958990305249e-05
2026-01-01 07:15:00,22,0.03687461231375254,0.03687461231375253,3.687498106356318e-05
2026-01-01 07:15:00,23,0.018463811428934794,0.018463811428934794,1.8463996068895482e-05
2026-01-01 07:15:00,24,0.05466659638646996,0.05466659638646997,5.4667143057900545e-05
2026-01-01 07:15:00,25,0.05225965638268019,0.052259656382680174,5.226017898447003e-05
2026-01-01 07:15:00,26,0.049870685556409534,0.04987068555640953,4.987118426825222e-05
2026-01-01 07:15:00,27,0.04764150245158559,0.04764150245158559,4.7641978871374305e-05
2026-01-01 07:15:00,28,0.042288111178519244,0.042288111178519244,4.228853406385988e-05
2026-01-01 07:15:00,29,0.01951036930495405,0.019510369304954048,1.9510564410598155e-05
2026-01-01 07:15:00,30,0.01264060987614932,0.012640609876149322,1.2640736283512157e-05
2026-01-01 07:15:00,31,0.00299767563626614,0.0029976756362661396,2.997705613322273e-06
2026-01-01 07:15:00,32,0.0,0.0,0.0
2026-01-01 07:15:00,33,0.0,0.0,0.0
2026-01-01 07:15:00,34,0.0,0.0,0.0
2026-01-01 07:15:00,35,0.0,0.0,0.0
2026-01-01 07:15:00,36,0.0,0.0,0.0
2026-01-01 07:30:00,0,0.1828244658465597,0.1828244658465597,0.0001828262941095008
2026-01-01 07:30:00,1,0.16784419641743814,0.16784419641743814,0.0001678458748761869
2026-01-01 07:30:00,2,0.12057797645190997,0.12057797645190997,0.0001205791822437324
2026-01-01 07:30:00,3,0.11450976572659474,0.11450976572659474,0.0001145109108357031
2026-01-01 07:30:00,4,0.11170335788095317,0.11170335788095322,0.00011170447492570248
2026-01-01 07:30:00,5,0.05229616931948565,0.052296169319485636,5.229669228640852e-05
2026-01-01 07:30:00,6,0.04262549200684766,0.042625492006847655,4.262591826603032e-05
2026-01-01 07:30:00,7,0.032911628780524234,0.032911628780524234,3.2911957900103236e-05
2026-01-01 07:30:00,8,0.030165648172903924,0.030165648172903924,3.0165949832402248e-05
2026-01-01 07:30:00,9,0.027407866531833823,0.02740786653183382,2.7408140613239957e-05
2026-01-01 07:30:00,10,0.025051560856636602,0.025051560856636602,2.5051811374750347e-05
2026-01-01 07:30:00,11,0.02200402086181563,0.02200402086181562,2.200424090422467e-05
2026-01-01 07:30:00,12,0.018943191380763856,0.018943191380763853,1.8943380814572003e-05
2026-01-01 07:30:00,13,0.012686512006796609,0.012686512006796605,1.268663887318534e-05
2026-01-01 07:30:00,14,0.010023899893863403,0.010023899893863401,1.0024000133864742e-05
2026-01-01 07:30:00,15,0.00721108677626288,0.007211086776262881,7.211158887851759e-06
2026-01-01 07:30:00,16,0.004397113082991475,0.004397113082991475,4.39715705456202e-06
2026-01-01 07:30:00,17,0.010256575287057142,0.010256575287057142,1.025667785383568e-05
2026-01-01 07:30:00,18,0.012248496919578156,0.012248496919578158,1.2248619405772216e-05
2026-01-01 07:30:00,19,0.008168193132228194,0.008168193132228194,8.168274814976343e-06
2026-01-01 07:30:00,20,0.004085278885157336,0.004085278885157336,4.0853197383547195e-06
2026-01-01 07:30:00,21,0.0436411098374258,0.04364110983742581,4.364154625288833e-05
2026-01-01 07:30:00,22,0.03932937730299714,0.03932937730299713,3.932977060070315e-05
2026-01-01 07:30:00,23,0.019694893656079474,0.019694893656079474,1.9695090606985545e-05
2026-01-01 07:30:00,24,0.058488043096969755,0.05848804309696974,5.848862798324958e-05
2026-01-01 07:30:00,25,0.0559167977066549,0.0559167977066549,5.59173568802237e-05
2026-01-01 07:30:00,26,0.05336432965007828,0.0533643296500783,5.336486329871129e-05
2026-01-01 07:30:00,27,0.05098081082245187,0.050980810822451865,5.098132063565823e-05
2026-01-01 07:30:00,28,0.04525397358645543,0.04525397358645542,4.5254426130716736e-05
2026-01-01 07:30:00,29,0.020882228216792947,0.020882228216792944,2.0882437041163358e-05
2026-01-01 07:30:00,30,0.013529747444193269,0.013529747444193269,1.3529882743020698e-05
2026-01-01 07:30:00,31,0.003208579577524842,0.0032085795775248413,3.208611663641478e-06
2026-01-01 07:30:00,32,0.0,0.0,0.0
2026-01-01 07:30:00,33,0.0,0.0,0.0
2026-01-01 07:30:00,34,0.0,0.0,0.0
2026-01-01 07:30:00,35,0.0,0.0,0.0
2026-01-01 07:30:00,36,0.0,0.0,0.0
2026-01-01 07:45:00,0,0.17072159297225312,0.1707215929722531,0.00017072330020525517
2026-01-01 07:45:00,1,0.15573508379052425,0.15573508379052428,0.00015573664115693585
2026-01-01 07:45:00,2,0.11177920903264218,0.11177920903264217,0.00011178032683591054
2026-01-01 07:45:00,3,0.10613506538694041,0.1061350653869404,0.00010613612674820789
2026-01-01 07:45:00,4,0.10352602700939079,0.10352602700939077,0.0001035270622800136
2026-01-01 07:45:00,5,0.04848108865492748,0.048481088654927486,4.848157347066219e-05
2026-01-01 07:45:00,6,0.039504766997365756,0.03950476699736576,3.950516204898625e-05
2026-01-01 07:45:00,7,0.030491549849290228,0.030491549849290228,3.0491854767837907e-05
2026-01-01 07:45:00,8,0.027944719291226574,0.027944719291226567,2.7944998741213984e-05
2026-01-01 07:45:00,9,0.0253880639037366,0.025388063903736602,2.538831778691447e-05
2026-01-01 07:45:00,10,0.02320384629493885,0.023203846294938848,2.3204078335722207e-05
2026-01-01 07:45:00,11,0.02037918143546227,0.02037918143546227,2.0379385229314562e-05
2026-01-01 07:45:00,12,0.01754349677466333,0.017543496774663332,1.7543672211385447e-05
2026-01-01 07:45:00,13,0.011748073276741927,0.011748073276741926,1.1748190758649514e-05
2026-01-01 07:45:00,14,0.009281923270450817,0.009281923270450819,9.282016090611725e-06
2026-01-01 07:45:00,15,0.0066769623893254216,0.006676962389325421,6.677029159617018e-06
2026-01-01 07:45:00,16,0.004071343734240981,0.00407134373424098,4.071384448085462e-06
2026-01-01 07:45:00,17,0.010521551884102025,0.010521551884102028,1.0521657100673036e-05
2026-01-01 07:45:00,18,0.011405853330178635,0.011405853330178637,1.1405967389852535e-05
2026-01-01 07:45:00,19,0.007606093802936819,0.007606093802936819,7.606169864635465e-06
2026-01-01 07:45:00,20,0.0038040716019497735,0.0038040716019497743,3.8041096430462044e-06
2026-01-01 07:45:00,21,0.04058206274210071,0.0405820627421007,4.0582468566786376e-05
2026-01-01 07:45:00,22,0.03657059959831535,0.03657059959831535,3.657096530796843e-05
2026-01-01 07:45:00,23,0.018311363761410307,0.018311363761410307,1.8311546876879076e-05
2026-01-01 07:45:00,24,0.054195082017784724,0.054195082017784724,5.4195623974024466e-05
2026-01-01 07:45:00,25,0.05180845190345297,0.051808451903452984,5.1808969993152914e-05
2026-01-01 07:45:00,26,0.04943968728281648,0.049439687282816475,4.944018168463333e-05
2026-01-01 07:45:00,27,0.04722956125348488,0.04722956125348489,4.723003355382043e-05
2026-01-01 07:45:00,28,0.04192225543542421,0.04192225543542421,4.192267466217083e-05
2026-01-01 07:45:00,29,0.0193411763984656,0.01934117639846559,1.934136981216372e-05
2026-01-01 07:45:00,30,0.012530954581101914,0.012530954581101915,1.2531079891900833e-05
2026-01-01 07:45:00,31,0.0029716657949425173,0.0029716657949425173,2.971695511897636e-06
2026-01-01 07:45:00,32,0.0,0.0,0.0
2026-01-01 07:45:00,33,0.0,0.0,0.0
2026-01-01 07:45:00,34,0.0,0.0,0.0
2026-01-01 07:45:00,35,0.0,0.0,0.0
2026-01-01 07:45:00,36,0.0,0.0,0.0
2026-01-01 08:00:00,0,0.16930727970556145,0.16930727970556145,0.0001693089727952894
2026-01-01 08:00:00,1,0.15596000581586864,0.15596000581586872,0.00015596156543152303
2026-01-01 08:00:00,2,0.1119424609283311,0.1119424609283311,0.00011194358036413476
2026-01-01 08:00:00,3,0.10629041567461191,0.10629041567461193,0.00010629147858939782
2026-01-01 08:00:00,4,0.10367770196509216,0.10367770196509216,0.00010367873875247969
2026-01-01 08:00:00,5,0.04855187634048412,0.04855187634048412,4.855236186410276e-05
2026-01-01 08:00:00,6,0.03956265032952464,0.039562650329524655,3.956304595998425e-05
2026-01-01 08:00:00,7,0.030536418235954554,0.030536418235954543,3.0536723603190584e-05
2026-01-01 08:00:00,8,0.027985890333117616,0.02798589033311761,2.798617019481956e-05
2026-01-01 08:00:00,9,0.02542550297577415,0.02542550297577415,2.5425757233346483e-05
2026-01-01 08:00:00,10,0.023238092660283604,0.0232380926602836,2.323832504353404e-05
2026-01-01 08:00:00,11,0.020409293448052732,0.020409293448052736,2.0409497543028167e-05
2026-01-01 08:00:00,12,0.01756943485762932,0.017569434857629313,1.7569610553734856e-05
2026-01-01 08:00:00,13,0.011765461728283301,0.011765461728283305,1.1765579384077145e-05
2026-01-01 08:00:00,14,0.009295670491434467,0.009295670491434463,9.295763449068958e-06
2026-01-01 08:00:00,15,0.006686857969409014,0.006686857969409014,6.686924838657401e-06
2026-01-01 08:00:00,16,0.0040773789893414295,0.004077378989341429,4.077419763539064e-06
2026-01-01 08:00:00,17,0.009010345010450825,0.009010345010450829,9.010435114801977e-06
2026-01-01 08:00:00,18,0.011421072025171852,0.01142107202517185,1.1421186237034222e-05
2026-01-01 08:00:00,19,0.007616245318783902,0.007616245318783901,7.616321481998721e-06
2026-01-01 08:00:00,20,0.003809150035125332,0.003809150035125332,3.8091881270066027e-06
2026-01-01 08:00:00,21,0.040639046777333244,0.04063904677733325,4.063945317186497e-05
2026-01-01 08:00:00,22,0.03662198680389368,0.03662198680389368,3.6622353027423954e-05
2026-01-01 08:00:00,23,0.018337130975401347,0.018337130975401347,1.833731434854483e-05
2026-01-01 08:00:00,24,0.054274688147890895,0.054274688147890895,5.4275230900199905e-05
2026-01-01 08:00:00,25,0.05188462716583435,0.05188462716583435,5.188514601729452e-05
2026-01-01 08:00:00,26,0.04951244930424609,0.049512449304246094,4.951294443369043e-05
2026-01-01 08:00:00,27,0.047299105133621296,0.04729910513362129,4.729957812940259e-05
2026-01-01 08:00:00,28,0.0419840185211946,0.0419840185211946,4.1984438365578256e-05
2026-01-01 08:00:00,29,0.019369737445030864,0.019369737445030868,1.9369931144342312e-05
2026-01-01 08:00:00,30,0.01254946509323349,0.01254946509323349,1.254959058913938e-05
2026-01-01 08:00:00,31,0.0029760564007639033,0.0029760564007639033,2.9760861616255197e-06
2026-01-01 08:00:00,32,0.0,0.0,0.0
2026-01-01 08:00:00,33,0.0,0.0,0.0
2026-01-01 08:00:00,34,0.0,0.0,0.0
2026-01-01 08:00:00,35,0.0,0.0,0.0
2026-01-01 08:00:00,36,0.0,0.0,0.0
2026-01-01 08:15:00,0,0.16694508012847017,0.16694508012847017,0.00016694674959596615
2026-01-01 08:15:00,1,0.15463839710207716,0.15463839710207716,0.00015463994350151217
2026-01-01 08:15:00,2,0.1109830958670999,0.11098309586709991,0.00011098420570915699
2026-01-01 08:15:00,3,0.10537746245447731,0.10537746245447727,0.00010537851623963969
2026-01-01 08:15:00,4,0.10278633816948536,0.1027863381694854,0.00010278736604314583
2026-01-01 08:15:00,5,0.048135889474522506,0.0481358894745225,4.8136370838230886e-05
2026-01-01 08:15:00,6,0.03922248107121601,0.039222481071215995,3.922287329994901e-05
2026-01-01 08:15:00,7,0.030272723142984733,0.030272723142984726,3.027302587324347e-05
2026-01-01 08:15:00,8,0.02774392164345247,0.02774392164345247,2.7744199085443325e-05
2026-01-01 08:15:00,9,0.025205465450555423,0.02520546545055542,2.52057175077305e-05
2026-01-01 08:15:00,10,0.023036817580597637,0.02303681758059763,2.303704795107715e-05
2026-01-01 08:15:00,11,0.020232315090750703,0.0202323150907507,2.0232517415924863e-05
2026-01-01 08:15:00,12,0.01741698797367555,0.017416987973675545,1.7417162145297002e-05
2026-01-01 08:15:00,13,0.011663262502581321,0.011663262502581323,1.1663379136372686e-05
2026-01-01 08:15:00,14,0.009214871531330517,0.009214871531330519,9.21496368096733e-06
2026-01-01 08:15:00,15,0.006628696964189044,0.006628696964189041,6.628763251821562e-06
2026-01-01 08:15:00,16,0.004041906586164129,0.004041906586164127,4.041947005634186e-06
2026-01-01 08:15:00,17,0.008162997624101937,0.008162997624101937,8.163079254894486e-06
2026-01-01 08:15:00,18,0.01132841227054483,0.011328412270544827,1.1328525555800389e-05
2026-01-01 08:15:00,19,0.007554436436845059,0.00755443643684506,7.554511981964879e-06
2026-01-01 08:15:00,20,0.0037782288889257093,0.0037782288889257106,3.7782666715924265e-06
2026-01-01 08:15:00,21,0.04030432530639805,0.04030432530639805,4.0304728353681586e-05
2026-01-01 08:15:00,22,0.03632013819210826,0.03632013819210825,3.632050139712223e-05
2026-01-01 08:15:00,23,0.018185771554344553,0.01818577155434456,1.81859534138787e-05
2026-01-01 08:15:00,24,0.05380684591376175,0.05380684591376176,5.380738398760164e-05
2026-01-01 08:15:00,25,0.05143694331117364,0.05143694331117367,5.143745768575052e-05
2026-01-01 08:15:00,26,0.049084820096049274,0.049084820096049274,4.9085310949158764e-05
2026-01-01 08:15:00,27,0.046890387159420406,0.0468903871594204,4.6890856067981084e-05
2026-01-01 08:15:00,28,0.04162102874182757,0.041621028741827576,4.162144495627714e-05
2026-01-01 08:15:00,29,0.01920187589153678,0.019201875891536786,1.920206791221591e-05
2026-01-01 08:15:00,30,0.01244067324157636,0.012440673241576355,1.2440797649552857e-05
2026-01-01 08:15:00,31,0.0029502514512669453,0.0029502514512669458,2.9502809540764867e-06
2026-01-01 08:15:00,32,0.0,0.0,0.0
2026-01-01 08:15:00,33,0.0,0.0,0.0
2026-01-01 08:15:00,34,0.0,0.0,0.0
2026-01-01 08:15:00,35,0.0,0.0,0.0
2026-01-01 08:15:00,36,0.0,0.0,0.0
2026-01-01 08:30:00,0,0.17338370759722166,0.1733837075972217,0.0001733854414516362
2026-01-01 08:30:00,1,0.16188834952131742,0.16188834952131737,0.00016188996842100164
2026-01-01 08:30:00,2,0.11624817446351567,0.11624817446351567,0.00011624933695688524
2026-01-01 08:30:00,3,0.11038824972548295,0.1103882497254829,0.00011038935361901913
2026-01-01 08:30:00,4,0.10767880866440639,0.10767880866440645,0.00010767988546326109
2026-01-01 08:30:00,5,0.05041882936200923,0.05041882936200922,5.041933355534479e-05
2026-01-01 08:30:00,6,0.04108959141873775,0.04108959141873777,4.1090002318760955e-05
2026-01-01 08:30:00,7,0.031720329732090435,0.031720329732090435,3.172064693855982e-05
2026-01-01 08:30:00,8,0.029072321497777446,0.02907232149777745,2.9072612223899688e-05
2026-01-01 08:30:00,9,0.026413508933021402,0.026413508933021405,2.6413773070752114e-05
2026-01-01 08:30:00,10,0.02414188868867628,0.02414188868867628,2.4142130109977378e-05
2026-01-01 08:30:00,11,0.021204033389036956,0.021204033389036956,2.120424543149127e-05
2026-01-01 08:30:00,12,0.018254034359628423,0.018254034359628427,1.8254216901797445e-05
2026-01-01 08:30:00,13,0.012224436817853391,0.01222443681785339,1.2224559063444024e-05
2026-01-01 08:30:00,14,0.009658549100355057,0.009658549100355057,9.658645686811924e-06
2026-01-01 08:30:00,15,0.0069480750108569305,0.006948075010856927,6.948144492301853e-06
2026-01-01 08:30:00,16,0.004236697099666967,0.004236697099666967,4.2367394670616375e-06
2026-01-01 08:30:00,17,0.007553199979230472,0.0075531999792304745,7.553275511985595e-06
2026-01-01 08:30:00,18,0.011833777121787181,0.011833777121787176,1.183389546074179e-05
2026-01-01 08:30:00,19,0.007891544062571285,0.007891544062571284,7.891622978801073e-06
2026-01-01 08:30:00,20,0.003946875194531866,0.003946875194531867,3.946914663678504e-06
2026-01-01 08:30:00,21,0.04213845028234403,0.042138450282344024,4.2138871671060746e-05
2026-01-01 08:30:00,22,0.037974176268748445,0.037974176268748445,3.797455601430859e-05
2026-01-01 08:30:00,23,0.01901521820927196,0.019015218209271954,1.9015408363355595e-05
2026-01-01 08:30:00,24,0.056374976547992596,0.05637497654799258,5.6375540303395626e-05
2026-01-01 08:30:00,25,0.053894513175695935,0.053894513175695935,5.38950521262172e-05
2026-01-01 08:30:00,26,0.051432388091205934,0.051432388091205934,5.1432902420230134e-05
2026-01-01 08:30:00,27,0.04913418199025494,0.04913418199025493,4.9134673336988306e-05
2026-01-01 08:30:00,28,0.04361382693219515,0.043613826932195156,4.361426307482591e-05
2026-01-01 08:30:00,29,0.02012351471240445,0.02012351471240445,2.0123715949563947e-05
2026-01-01 08:30:00,30,0.013037999542322922,0.013037999542322922,1.3038129923622158e-05
2026-01-01 08:30:00,31,0.0030919358120231897,0.0030919358120231897,3.0919667316905067e-06
2026-01-01 08:30:00,32,0.0,0.0,0.0
2026-01-01 08:30:00,33,0.0,0.0,0.0
2026-01-01 08:30:00,34,0.0,0.0,0.0
2026-01-01 08:30:00,35,0.0,0.0,0.0
2026-01-01 08:30:00,36,0.0,0.0,0.0
2026-01-01 08:45:00,0,0.17537637276434936,0.17537637276434936,0.00017537812654561482
2026-01-01 08:45:00,1,0.16385873881600363,0.16385873881600366,0.00016386037741977785
2026-01-01 08:45:00,2,0.11768014422955421,0.11768014422955418,0.00011768132104276464
2026-01-01 08:45:00,3,0.11175124785300075,0.11175124785300074,0.00011175236537665452
2026-01-01 08:45:00,4,0.10900970305391829,0.10900970305391831,0.00010901079316184992
2026-01-01 08:45:00,5,0.05103971764604624,0.051039717646046236,5.104022804832673e-05
2026-01-01 08:45:00,6,0.041597503063751054,0.04159750306375106,4.159791904294149e-05
2026-01-01 08:45:00,7,0.03211423363645868,0.032114233636458676,3.2114554782006506e-05
2026-01-01 08:45:00,8,0.02943381747566023,0.02943381747566023,2.94341118167784e-05
2026-01-01 08:45:00,9,0.02674227267254968,0.026742272672549673,2.6742540097950663e-05
2026-01-01 08:45:00,10,0.024442645413680845,0.024442645413680842,2.444288984257927e-05
2026-01-01 08:45:00,11,0.021468516860513487,0.021468516860513497,2.1468731547828975e-05
2026-01-01 08:45:00,12,0.018481872008327866,0.018481872008327866,1.8482056828896156e-05
2026-01-01 08:45:00,13,0.012377195331229511,0.012377195331229513,1.2377319104420558e-05
2026-01-01 08:45:00,14,0.009779328841862289,0.009779328841862292,9.779426636128653e-06
2026-01-01 08:45:00,15,0.007035021222165937,0.007035021222165937,7.035091573081668e-06
2026-01-01 08:45:00,16,0.0042897268987678455,0.0042897268987678455,4.28976979646581e-06
2026-01-01 08:45:00,17,0.007571376133563892,0.007571376133563891,7.571451848082373e-06
2026-01-01 08:45:00,18,0.011970790708006301,0.011970790708006305,1.1970910417110477e-05
2026-01-01 08:45:00,19,0.007982941584354907,0.007982941584354905,7.983021414569053e-06
2026-01-01 08:45:00,20,0.003992599745860769,0.00399259974586077,3.9926396722574925e-06
2026-01-01 08:45:00,21,0.042636002667759,0.042636002667759,4.263642903204932e-05
2026-01-01 08:45:00,22,0.03842289439434365,0.03842289439434365,3.842327862712992e-05
2026-01-01 08:45:00,23,0.019240255374392192,0.01924025537439219,1.924044777886998e-05
2026-01-01 08:45:00,24,0.05707370101736094,0.0570737010173609,5.707427176007854e-05
2026-01-01 08:45:00,25,0.054563199422949814,0.05456319942294984,5.456374506040045e-05
2026-01-01 08:45:00,26,0.052071183424498096,0.05207118342449809,5.207170414153951e-05
2026-01-01 08:45:00,27,0.049744759609620055,0.04974475960962006,4.9745257062190686e-05
2026-01-01 08:45:00,28,0.04415612345604732,0.04415612345604732,4.415656502169754e-05
2026-01-01 08:45:00,29,0.020374357295152325,0.020374357295152325,2.0374561040762732e-05
2026-01-01 08:45:00,30,0.013200577493264266,0.013200577493264266,1.3200709500359269e-05
2026-01-01 08:45:00,31,0.0031304994438021666,0.003130499443802166,3.1305307491096577e-06
2026-01-01 08:45:00,32,0.0,0.0,0.0
2026-01-01 08:45:00,33,0.0,0.0,0.0
2026-01-01 08:45:00,34,0.0,0.0,0.0
2026-01-01 08:45:00,35,0.0,0.0,0.0
2026-01-01 08:45:00,36,0.0,0.0,0.0
2026-01-01 09:00:00,0,0.16375238290338456,0.16375238290338462,0.00016375402044358905
2026-01-01 09:00:00,1,0.15616768670955314,0.1561676867095531,0.00015616924840203717
2026-01-01 09:00:00,2,0.11209312032883173,0.11209312032883173,0.00011209424127124444
2026-01-01 09:00:00,3,0.10643376831049424,0.10643376831049424,0.00010643483265882083
2026-01-01 09:00:00,4,0.103817656986677,0.10381765698667703,0.00010381869517362877
2026-01-01 09:00:00,5,0.04861720408390468,0.048617204083904686,4.861769026080729e-05
2026-01-01 09:00:00,6,0.0396160607895375,0.0396160607895375,3.9616456954107035e-05
2026-01-01 09:00:00,7,0.030577811270498665,0.03057781127049866,3.0578117051669184e-05
2026-01-01 09:00:00,8,0.028023870265019502,0.028023870265019513,2.8024150506524576e-05
2026-01-01 09:00:00,9,0.02546003872472353,0.025460038724723525,2.54602933276568e-05
2026-01-01 09:00:00,10,0.02326968209027186,0.02326968209027186,2.3269914789419752e-05
2026-01-01 09:00:00,11,0.020437067783057733,0.020437067783057733,2.0437272155779288e-05
2026-01-01 09:00:00,12,0.017593358459940214,0.017593358459940214,1.7593534395284167e-05
2026-01-01 09:00:00,13,0.011781498949065206,0.011781498949065205,1.178161676523286e-05
2026-01-01 09:00:00,14,0.009308349097196434,0.009308349097196435,9.308442181618252e-06
2026-01-01 09:00:00,15,0.006695983984322776,0.006695983984322779,6.696050944832228e-06
2026-01-01 09:00:00,16,0.00408294488322779,0.004082944883227789,4.082985713084921e-06
2026-01-01 09:00:00,17,0.006212518784519669,0.0062125187845196665,6.212580910328772e-06
2026-01-01 09:00:00,18,0.011433825293282615,0.011433825293282615,1.1433939632678943e-05
2026-01-01 09:00:00,19,0.007624751884463458,0.00762475188446346,7.624828132744787e-06
2026-01-01 09:00:00,20,0.0038134053699597696,0.003813405369959769,3.813443504394814e-06
2026-01-01 09:00:00,21,0.04069173328453542,0.04069173328453542,4.069214020593748e-05
2026-01-01 09:00:00,22,0.036669496966931746,0.03666949696693174,3.66698636655684e-05
2026-01-01 09:00:00,23,0.018360952464277182,0.018360952464277186,1.8361136075637943e-05
2026-01-01 09:00:00,24,0.05434813424502046,0.05434813424502045,5.434867773179778e-05
2026-01-01 09:00:00,25,0.05195490467201288,0.05195490467201288,5.1955424226255144e-05
2026-01-01 09:00:00,26,0.04957957497404919,0.049579574974049204,4.958007077475695e-05
2026-01-01 09:00:00,27,0.047363260458318665,0.04736326045831868,4.736373409565964e-05
2026-01-01 09:00:00,28,0.04204099420348251,0.04204099420348252,4.2041414617628695e-05
2026-01-01 09:00:00,29,0.01939608191472925,0.019396081914729246,1.9396275877488025e-05
2026-01-01 09:00:00,30,0.012566538744935081,0.012566538744935083,1.2566664411579199e-05
2026-01-01 09:00:00,31,0.0029801061480703352,0.0029801061480703352,2.9801359494298293e-06
2026-01-01 09:00:00,32,0.0,0.0,0.0
2026-01-01 09:00:00,33,0.0,0.0,0.0
2026-01-01 09:00:00,34,0.0,0.0,0.0
2026-01-01 09:00:00,35,0.0,0.0,0.0
2026-01-01 09:00:00,36,0.0,0.0,0.0
2026-01-01 09:15:00,0,0.15756858988103561,0.15756858988103561,0.00015757016558269144
2026-01-01 09:15:00,1,0.15088030087332713,0.15088030087332716,0.00015088180969142405
2026-01-01 09:15:00,2,0.10825608997058883,0.10825608997058882,0.00010825717254231426
2026-01-01 09:15:00,3,0.10278257107563907,0.10278257107563907,0.00010278359891162819
2026-01-01 09:15:00,4,0.10025289004036331,0.10025289004036333,0.00010025389257928912
2026-01-01 09:15:00,5,0.04695342812335864,0.04695342812335864,4.695389766233527e-05
2026-01-01 09:15:00,6,0.038255649918222966,0.03825564991822297,3.825603247854776e-05
2026-01-01 09:15:00,7,0.029523356723768778,0.029523356723768775,2.952365196028838e-05
2026-01-01 09:15:00,8,0.02705632595881472,0.027056325958814714,2.705659652477997e-05
2026-01-01 09:15:00,9,0.02458021098189508,0.024580210981895084,2.4580456786462952e-05
2026-01-01 09:15:00,10,0.02246489444687633,0.02246489444687633,2.246511909806731e-05
2026-01-01 09:15:00,11,0.019729451028016105,0.019729451028016105,1.972964832449935e-05
2026-01-01 09:15:00,12,0.01698383655632761,0.016983836556327618,1.6984006396391584e-05
2026-01-01 09:15:00,13,0.011372892145780671,0.011372892145780671,1.137300587583943e-05
2026-01-01 09:15:00,14,0.008985309246777286,0.008985309246777288,8.985399100768295e-06
2026-01-01 09:15:00,15,0.006463456343474503,0.006463456343474504,6.4635209786842905e-06
2026-01-01 09:15:00,16,0.003941127118196168,0.003941127118196168,3.941166529861467e-06
2026-01-01 09:15:00,17,0.006113890499869504,0.006113890499869505,6.113951639385899e-06
2026-01-01 09:15:00,18,0.011063736997212073,0.011063736997212073,1.106384763568843e-05
2026-01-01 09:15:00,19,0.007377885641530179,0.007377885641530175,7.377959421124391e-06
2026-01-01 09:15:00,20,0.0036899064280635427,0.0036899064280635423,3.6899433274968176e-06
2026-01-01 09:15:00,21,0.03935159928326835,0.03935159928326835,3.935199280319638e-05
2026-01-01 09:15:00,22,0.03546099783642738,0.03546099783642738,3.546135244995188e-05
2026-01-01 09:15:00,23,0.017754982445863984,0.017754982445863984,1.7755159997463956e-05
2026-01-01 09:15:00,24,0.052477254678298155,0.05247725467829815,5.247777945609272e-05
2026-01-01 09:15:00,25,0.05016468379964296,0.05016468379964296,5.0165185451497466e-05
2026-01-01 09:15:00,26,0.04786959279610813,0.04786959279610813,4.78700714968231e-05
2026-01-01 09:15:00,27,0.04572892116884836,0.04572892116884837,4.5729378462633e-05
2026-01-01 09:15:00,28,0.0405895293803942,0.040589529380394195,4.0589935279747e-05
2026-01-01 09:15:00,29,0.01872490610079469,0.01872490610079469,1.8725093351728208e-05
2026-01-01 09:15:00,30,0.012131550426870358,0.012131550426870358,1.2131671743587795e-05
2026-01-01 09:15:00,31,0.002876929404625856,0.0028769294046258557,2.876958174207598e-06
2026-01-01 09:15:00,32,0.0,0.0,0.0
2026-01-01 09:15:00,33,0.0,0.0,0.0
2026-01-01 09:15:00,34,0.0,0.0,0.0
2026-01-01 09:15:00,35,0.0,0.0,0.0
2026-01-01 09:15:00,36,0.0,0.0,0.0
2026-01-01 09:30:00,0,0.15586001804715277,0.15586001804715274,0.0001558615766629194
2026-01-01 09:30:00,1,0.14922323450091118,0.14922323450091116,0.00014922472674817867
2026-01-01 09:30:00,2,0.10705421142835449,0.10705421142835449,0.0001070552819811743
2026-01-01 09:30:00,3,0.10163902053840056,0.10163902053840058,0.00010164003693876998
2026-01-01 09:30:00,4,0.09913645967727155,0.09913645967727155,9.913745105178208e-05
2026-01-01 09:30:00,5,0.04643227251702942,0.04643227251702942,4.643273684439787e-05
2026-01-01 09:30:00,6,0.037829592116435384,0.037829592116435384,3.782997041613954e-05
2026-01-01 09:30:00,7,0.029193188309879676,0.029193188309879683,2.9193480244682133e-05
2026-01-01 09:30:00,8,0.026753388861876847,0.02675338886187685,2.6753656398440836e-05
2026-01-01 09:30:00,9,0.024304750474726036,0.02430475047472603,2.430499352466128e-05
2026-01-01 09:30:00,10,0.02221293812453735,0.02221293812453735,2.2213160256139914e-05
2026-01-01 09:30:00,11,0.019507928730683317,0.019507928730683324,1.9508123811921443e-05
2026-01-01 09:30:00,12,0.016793029062680355,0.01679302906268035,1.67931969946503e-05
2026-01-01 09:30:00,13,0.011244986973744044,0.011244986973744044,1.1245099424738292e-05
2026-01-01 09:30:00,14,0.008884192180302716,0.008884192180302718,8.88428102311295e-06
2026-01-01 09:30:00,15,0.0063906735260294235,0.006390673526029422,6.390737433403758e-06
2026-01-01 09:30:00,16,0.0038967376468188797,0.0038967376468188814,3.896776614585028e-06
2026-01-01 09:30:00,17,0.006045276591850478,0.006045276591850478,6.04533704522093e-06
2026-01-01 09:30:00,18,0.010947565580940429,0.01094756558094043,1.0947675057691008e-05
2026-01-01 09:30:00,19,0.0073003948456750265,0.0073003948456750265,7.30046785035353e-06
2026-01-01 09:30:00,20,0.0036511408302434423,0.0036511408302434415,3.6511773420168624e-06
2026-01-01 09:30:00,21,0.038931020022179054,0.03893102002217906,3.893140933627242e-05
2026-01-01 09:30:00,22,0.03508174205000878,0.03508174205000878,3.508209287093749e-05
2026-01-01 09:30:00,23,0.017564827074784087,0.01756482707478409,1.756500272481134e-05
2026-01-01 09:30:00,24,0.051891397875987066,0.051891397875987066,5.189191679515501e-05
2026-01-01 09:30:00,25,0.04960411158987257,0.04960411158987257,4.960460763594893e-05
2026-01-01 09:30:00,26,0.047334170678948066,0.047334170678948066,4.733464402538832e-05
2026-01-01 09:30:00,27,0.04521719649455346,0.045217196494553455,4.521764867104017e-05
2026-01-01 09:30:00,28,0.04013507642903651,0.04013507642903652,4.013547778381436e-05
2026-01-01 09:30:00,29,0.018514785434505757,0.01851478543450575,1.8514970584211596e-05
2026-01-01 09:30:00,30,0.011995373667449868,0.011995373667449872,1.1995493622386096e-05
2026-01-01 09:30:00,31,0.002844629387693539,0.0028446293876935383,2.844657834271882e-06
2026-01-01 09:30:00,32,0.0,0.0,0.0
2026-01-01 09:30:00,33,0.0,0.0,0.0
2026-01-01 09:30:00,34,0.0,0.0,0.0
2026-01-01 09:30:00,35,0.0,0.0,0.0
2026-01-01 09:30:00,36,0.0,0.0,0.0
2026-01-01 09:45:00,0,0.16095204442100525,0.1609520444210053,0.00016095365395754488
2026-01-01 09:45:00,1,0.1550243065089976,0.15502430650899757,0.00015502585676756527
2026-01-01 09:45:00,2,0.1112630813500757,0.1112630813500757,0.00011126419399201562
2026-01-01 09:45:00,3,0.10564387520759576,0.10564387520759576,0.00010564493165691232
2026-01-01 09:45:00,4,0.10304643920324662,0.10304643920324662,0.0001030474696779434
2026-01-01 09:45:00,5,0.04825729454136679,0.048257294541366805,4.8257777119138e-05
2026-01-01 09:45:00,6,0.039321742438894206,0.03932174243889421,3.9322135660250815e-05
2026-01-01 09:45:00,7,0.030349653813596035,0.030349653813596028,3.0349957313169166e-05
2026-01-01 09:45:00,8,0.027814509760268766,0.027814509760268766,2.7814787908147846e-05
2026-01-01 09:45:00,9,0.025269652905203388,0.025269652905203388,2.526990560425943e-05
2026-01-01 09:45:00,10,0.023095529528939743,0.023095529528939743,2.309576048654461e-05
2026-01-01 09:45:00,11,0.02028393689476447,0.020283936894764466,2.028413973616183e-05
2026-01-01 09:45:00,12,0.017461453042016017,0.01746145304201602,1.7461627658292603e-05
2026-01-01 09:45:00,13,0.011693070016464507,0.011693070016464505,1.169318694833399e-05
2026-01-01 09:45:00,14,0.00923843670266502,0.009238436702665023,9.238529087955902e-06
2026-01-01 09:45:00,15,0.006645659210780912,0.006645659210780912,6.645725668037592e-06
2026-01-01 09:45:00,16,0.004052251753703992,0.004052251753703994,4.05229227662676e-06
2026-01-01 09:45:00,17,0.0065900582696573045,0.006590058269657305,6.590124170899014e-06
2026-01-01 09:45:00,18,0.01135345308835202,0.01135345308835202,1.1353566624018259e-05
2026-01-01 09:45:00,19,0.007571139322113956,0.0075711393221139555,7.5712150342642986e-06
2026-01-01 09:45:00,20,0.0037865845445285476,0.003786584544528548,3.7866224107526553e-06
2026-01-01 09:45:00,21,0.040402197487786874,0.04040219748778685,4.040260151380201e-05
2026-01-01 09:45:00,22,0.03640839538736097,0.03640839538736097,3.6408759474955725e-05
2026-01-01 09:45:00,23,0.018230024287612962,0.01823002428761296,1.823020658967886e-05
2026-01-01 09:45:00,24,0.05394334616729329,0.0539433461672933,5.394388560614936e-05
2026-01-01 09:45:00,25,0.05156755599229476,0.05156755599229476,5.156807167301149e-05
2026-01-01 09:45:00,26,0.049209576162024087,0.04920957616202408,4.921006826270671e-05
2026-01-01 09:45:00,27,0.04700962328737068,0.0470096232873707,4.701009338830458e-05
2026-01-01 09:45:00,28,0.0417269217452593,0.04172692174525929,4.1727339018649486e-05
2026-01-01 09:45:00,29,0.01925083986040873,0.01925083986040873,1.9251032370732436e-05
2026-01-01 09:45:00,30,0.012472406525464011,0.012472406525464014,1.2472531250776523e-05
2026-01-01 09:45:00,31,0.0029577783733141768,0.0029577783733141755,2.9578079513936908e-06
2026-01-01 09:45:00,32,0.0,0.0,0.0
2026-01-01 09:45:00,33,0.0,0.0,0.0
2026-01-01 09:45:00,34,0.0,0.0,0.0
2026-01-01 09:45:00,35,0.0,0.0,0.0
2026-01-01 09:45:00,36,0.0,0.0,0.0
2026-01-01 10:00:00,0,0.1571458562266457,0.15714585622664567,0.0001571474277009227
2026-01-01 10:00:00,1,0.15352619308919022,0.15352619308919022,0.0001535277283664739
2026-01-01 10:00:00,2,0.1101757433027181,0.1101757433027181,0.0001101768450711688
2026-01-01 10:00:00,3,0.10460916818353765,0.10460916818353762,0.00010461021428568051
2026-01-01 10:00:00,4,0.10203621271906413,0.10203621271906413,0.00010203723309139505
2026-01-01 10:00:00,5,0.047785815626929296,0.047785815626929296,4.778629348986419e-05
2026-01-01 10:00:00,6,0.03893621235643012,0.03893621235643011,3.893660172244734e-05
2026-01-01 10:00:00,7,0.030050811981837133,0.03005081198183714,3.005111249296207e-05
2026-01-01 10:00:00,8,0.02754029447847909,0.02754029447847909,2.754056988417793e-05
2026-01-01 10:00:00,9,0.025020294514658818,0.025020294514658818,2.5020544720106018e-05
2026-01-01 10:00:00,10,0.022867436208575686,0.022867436208575686,2.2867664885224537e-05
2026-01-01 10:00:00,11,0.020083380634703236,0.02008338063470324,2.0083581470517946e-05
2026-01-01 10:00:00,12,0.017288697852846424,0.017288697852846424,1.728887074155384e-05
2026-01-01 10:00:00,13,0.011577257918925821,0.011577257918925821,1.1577373692662748e-05
2026-01-01 10:00:00,14,0.009146876159164131,0.009146876159164131,9.14696762884042e-06
2026-01-01 10:00:00,15,0.006579752331689193,0.006579752331689193,6.579818129870491e-06
2026-01-01 10:00:00,16,0.004012055259884777,0.0040120552598847765,4.012095380838586e-06
2026-01-01 10:00:00,17,0.0079428946928123,0.0079428946928123,7.942974122553525e-06
2026-01-01 10:00:00,18,0.011248022206501637,0.011248022206501639,1.1248134687848517e-05
2026-01-01 10:00:00,19,0.007500811608201941,0.00750081160820194,7.500886617068112e-06
2026-01-01 10:00:00,20,0.0037514017618967043,0.003751401761896705,3.7514392762894684e-06
2026-01-01 10:00:00,21,0.040022635318005,0.040022635318005005,4.0023035548360485e-05
2026-01-01 10:00:00,22,0.03606611264717954,0.03606611264717955,3.606647331191267e-05
2026-01-01 10:00:00,23,0.018058392404601428,0.018058392404601428,1.8058572990331332e-05
2026-01-01 10:00:00,24,0.053413135134583865,0.05341313513458386,5.3413669271276574e-05
2026-01-01 10:00:00,25,0.05106019703325096,0.05106019703325096,5.106070764032736e-05
2026-01-01 10:00:00,26,0.04872495100396249,0.04872495100396249,4.872543825834508e-05
2026-01-01 10:00:00,27,0.046546432892656454,0.04654643289265646,4.6546898361640074e-05
2026-01-01 10:00:00,28,0.04131555697168136,0.04131555697168136,4.131597013138267e-05
2026-01-01 10:00:00,29,0.019060613468538577,0.01906061346853858,1.9060804076579344e-05
2026-01-01 10:00:00,30,0.012349120449675953,0.01234912044967595,1.2349243942115373e-05
2026-01-01 10:00:00,31,0.002928535537097535,0.002928535537097536,2.9285648227457633e-06
2026-01-01 10:00:00,32,0.0,0.0,0.0
2026-01-01 10:00:00,33,0.0,0.0,0.0
2026-01-01 10:00:00,34,0.0,0.0,0.0
2026-01-01 10:00:00,35,0.0,0.0,0.0
2026-01-01 10:00:00,36,0.0,0.0,0.0
2026-01-01 10:15:00,0,0.15249755178473,0.15249755178473,0.00015249907677549778
2026-01-01 10:15:00,1,0.15052172197614644,0.15052172197614644,0.00015052322720841854
2026-01-01 10:15:00,2,0.10799589885316205,0.10799589885316208,0.0001079969788229503
2026-01-01 10:15:00,3,0.10253498636537775,0.10253498636537775,0.00010253601172549501
2026-01-01 10:15:00,4,0.10001116823791902,0.10001116823791897,0.00010001216835960262
2026-01-01 10:15:00,5,0.046840605905383755,0.04684060590538375,4.6841074316126916e-05
2026-01-01 10:15:00,6,0.0381634024940781,0.038163402494078104,3.8163784131919423e-05
2026-01-01 10:15:00,7,0.029451858966965665,0.029451858966965665,2.945215348850055e-05
2026-01-01 10:15:00,8,0.026990722055413578,0.02699072205541358,2.6990991965333233e-05
2026-01-01 10:15:00,9,0.024520555273534802,0.024520555273534802,2.4520800481539617e-05
2026-01-01 10:15:00,10,0.022410327248059355,0.022410327248059355,2.241055135357289e-05
2026-01-01 10:15:00,11,0.019681472945848835,0.019681472945848835,1.968166976254646e-05
2026-01-01 10:15:00,12,0.016942509829916002,0.016942509829916,1.694267925670857e-05
2026-01-01 10:15:00,13,0.011345188188573717,0.011345188188573718,1.1345301641590135e-05
2026-01-01 10:15:00,14,0.008963406981819588,0.008963406981819584,8.963496616785755e-06
2026-01-01 10:15:00,15,0.00644769097362906,0.006447690973629061,6.447755451183573e-06
2026-01-01 10:15:00,16,0.003931511901004685,0.0039315119010046844,3.93155121651685e-06
2026-01-01 10:15:00,17,0.009159964227697026,0.009159964227697028,9.16005582825531e-06
2026-01-01 10:15:00,18,0.01103720450005839,0.011037204500058389,1.1037314873207123e-05
2026-01-01 10:15:00,19,0.007360186990606835,0.007360186990606834,7.360260593212767e-06
2026-01-01 10:15:00,20,0.003681052275522458,0.0036810522755224583,3.6810890864133222e-06
2026-01-01 10:15:00,21,0.03926068909488292,0.03926068909488292,3.9261081705699975e-05
2026-01-01 10:15:00,22,0.035379017664051805,0.03537901766405182,3.5379371457766396e-05
2026-01-01 10:15:00,23,0.017713876025349625,0.01771387602534962,1.7714053165881284e-05
2026-01-01 10:15:00,24,0.0523503964365626,0.05235039643656259,5.235091994576205e-05
2026-01-01 10:15:00,25,0.05004329598470985,0.05004329598470986,5.004379642267408e-05
2026-01-01 10:15:00,26,0.04775364679789507,0.04775364679789509,4.7754124339138477e-05
2026-01-01 10:15:00,27,0.04561810475922334,0.04561810475922333,4.561856094483278e-05
2026-01-01 10:15:00,28,0.04049111338058309,0.04049111338058309,4.049151829576605e-05
2026-01-01 10:15:00,29,0.01867939847791664,0.01867939847791664,1.867958527376938e-05
2026-01-01 10:15:00,30,0.012102057096721663,0.012102057096721663,1.2102178118502847e-05
2026-01-01 10:15:00,31,0.002869933771892243,0.002869933771892243,2.869962471516958e-06
2026-01-01 10:15:00,32,0.0,0.0,0.0
2026-01-01 10:15:00,33,0.0,0.0,0.0
2026-01-01 10:15:00,34,0.0,0.0,0.0
2026-01-01 10:15:00,35,0.0,0.0,0.0
2026-01-01 10:15:00,36,0.0,0.0,0.0
2026-01-01 10:30:00,0,0.1416252680536648,0.14162526805366482,0.00014162668432050803
2026-01-01 10:30:00,1,0.1423764103112291,0.14237641031122905,0.00014237783408957002
2026-01-01 10:30:00,2,0.10209128751820483,0.10209128751820483,0.00010209230844128924
2026-01-01 10:30:00,3,0.09691752527927486,0.0969175252792749,9.691849446421954e-05
2026-01-01 10:30:00,4,0.09452718066039306,0.09452718066039305,9.452812594165248e-05
2026-01-01 10:30:00,5,0.04428022034124121,0.04428022034124122,4.42806631478727e-05
2026-01-01 10:30:00,6,0.03607058546787876,0.036070585467878766,3.6070946177340543e-05
2026-01-01 10:30:00,7,0.027830399023557058,0.027830399023557047,2.783067733033036e-05
2026-01-01 10:30:00,8,0.025503085846572265,0.02550308584657227,2.550334087998107e-05
2026-01-01 10:30:00,9,0.023167911454536772,0.023167911454536776,2.3168143135968135e-05
2026-01-01 10:30:00,10,0.021173151478108793,0.0211731514781088,2.1173363211740915e-05
2026-01-01 10:30:00,11,0.018593799188977432,0.018593799188977436,1.8593985128828725e-05
2026-01-01 10:30:00,12,0.01600567450803513,0.01600567450803513,1.6005834566380793e-05
2026-01-01 10:30:00,13,0.010717228111849896,0.010717228111849896,1.0717335285202748e-05
2026-01-01 10:30:00,14,0.008466981518341491,0.008466981518341491,8.46706618900338e-06
2026-01-01 10:30:00,15,0.006090381753532554,0.006090381753532554,6.090442657959133e-06
2026-01-01 10:30:00,16,0.003713595308308784,0.003713595308308785,3.713632444633231e-06
2026-01-01 10:30:00,17,0.0113524029654987,0.0113524029654987,1.1352516490663605e-05
2026-01-01 10:30:00,18,0.010464222315842578,0.010464222315842575,1.046432695911217e-05
2026-01-01 10:30:00,19,0.006977990691702959,0.00697799069170296,6.978060472307684e-06
2026-01-01 10:30:00,20,0.003489856754163308,0.0034898567541633086,3.489891653079839e-06
2026-01-01 10:30:00,21,0.03719043270170542,0.037190432701705425,3.719080460975152e-05
2026-01-01 10:30:00,22,0.033512231911760795,0.0335122319117608,3.351256703743118e-05
2026-01-01 10:30:00,23,0.016777949167799296,0.01677794916779929,1.6778116948968783e-05
2026-01-01 10:30:00,24,0.049472993482682755,0.049472993482682734,4.947348821756493e-05
2026-01-01 10:30:00,25,0.04729021001731051,0.047290210017310506,4.7290682924139754e-05
2026-01-01 10:30:00,26,0.04512420240134028,0.04512420240134029,4.512465364787677e-05
2026-01-01 10:30:00,27,0.04310509999441137,0.04310509999441136,4.3105531049721865e-05
2026-01-01 10:30:00,28,0.03825942258587884,0.03825942258587884,3.825980518393068e-05
2026-01-01 10:30:00,29,0.017647675112779156,0.017647675112779156,1.764785159129507e-05
2026-01-01 10:30:00,30,0.011433420199791634,0.011433420199791634,1.1433534535136986e-05
2026-01-01 10:30:00,31,0.0027113402031507176,0.002711340203150718,2.7113673168238865e-06
2026-01-01 10:30:00,32,0.0,0.0,0.0
2026-01-01 10:30:00,33,0.0,0.0,0.0
2026-01-01 10:30:00,34,0.0,0.0,0.0
2026-01-01 10:30:00,35,0.0,0.0,0.0
2026-01-01 10:30:00,36,0.0,0.0,0.0
2026-01-01 10:45:00,0,0.14473070123611873,0.14473070123611873,0.0001447321485576043
2026-01-01 10:45:00,1,0.1453578225326279,0.1453578225326279,0.00014535927612538917
2026-01-01 10:45:00,2,0.10425167216209354,0.10425167216209354,0.00010425271468924042
2026-01-01 10:45:00,3,0.09897268656302798,0.09897268656302802,9.897367629979102e-05
2026-01-01 10:45:00,4,0.09653344263897339,0.09653344263897336,9.653440798305322e-05
2026-01-01 10:45:00,5,0.045217027883538055,0.045217027883538055,4.521748005833864e-05
2026-01-01 10:45:00,6,0.036836218940657424,0.03683621894065741,3.683658730653049e-05
2026-01-01 10:45:00,7,0.02842349934156725,0.028423499341567255,2.842378357940305e-05
2026-01-01 10:45:00,8,0.026047211543928552,0.026047211543928556,2.604747201864874e-05
2026-01-01 10:45:00,9,0.023662644720652777,0.023662644720652777,2.3662881349466273e-05
2026-01-01 10:45:00,10,0.021625638216857902,0.021625638216857895,2.1625854475402656e-05
2026-01-01 10:45:00,11,0.01899159001119702,0.01899159001119703,1.8991779928996317e-05
2026-01-01 10:45:00,12,0.01634829200567806,0.016348292005678052,1.634845549023296e-05
2026-01-01 10:45:00,13,0.01094687509495166,0.01094687509495166,1.0946984564797309e-05
2026-01-01 10:45:00,14,0.008648521471065746,0.008648521471065745,8.648607957145317e-06
2026-01-01 10:45:00,15,0.006221044547045084,0.006221044547045083,6.221106758112665e-06
2026-01-01 10:45:00,16,0.0037932835620987275,0.0037932835620987275,3.7933214953136808e-06
2026-01-01 10:45:00,17,0.011429946110905274,0.011429946110905274,1.1430060411509388e-05
2026-01-01 10:45:00,18,0.010674026706059053,0.010674026706059051,1.0674133447393528e-05
2026-01-01 10:45:00,19,0.0071179351351322116,0.0071179351351322116,7.118006315195363e-06
2026-01-01 10:45:00,20,0.003559863985262399,0.0035598639852624002,3.5598995842582427e-06
2026-01-01 10:45:00,21,0.03794898523388141,0.03794898523388141,3.794936472752869e-05
2026-01-01 10:45:00,22,0.03419621545189744,0.03419621545189744,3.419655741747161e-05
2026-01-01 10:45:00,23,0.017120852502259632,0.017120852502259636,1.712102371249676e-05
2026-01-01 10:45:00,24,0.05052556338285086,0.050525563382850865,5.0526068643537296e-05
2026-01-01 10:45:00,25,0.04829726822981934,0.04829726822981935,4.829775120733142e-05
2026-01-01 10:45:00,26,0.046085999991230454,0.04608599999123045,4.608646085583901e-05
2026-01-01 10:45:00,27,0.04402428961312232,0.044024289613122325,4.402472986042093e-05
2026-01-01 10:45:00,28,0.03907569872761941,0.03907569872761941,3.907608948851429e-05
2026-01-01 10:45:00,29,0.018025011896533976,0.01802501189653397,1.8025192148455463e-05
2026-01-01 10:45:00,30,0.011677960791055085,0.011677960791055089,1.1678077571830807e-05
2026-01-01 10:45:00,31,0.002769342189718514,0.0027693421897185145,2.7693698834173486e-06
2026-01-01 10:45:00,32,0.0,0.0,0.0
2026-01-01 10:45:00,33,0.0,0.0,0.0
2026-01-01 10:45:00,34,0.0,0.0,0.0
2026-01-01 10:45:00,35,0.0,0.0,0.0
2026-01-01 10:45:00,36,0.0,0.0,0.0
2026-01-01 11:00:00,0,0.14297618736830692,0.14297618736830692,0.00014297761714447837
2026-01-01 11:00:00,1,0.14329424768056576,0.1432942476805657,0.0001432956806373721
2026-01-01 11:00:00,2,0.10275627104453555,0.10275627104453561,0.00010275729861752179
2026-01-01 11:00:00,3,0.09755010212918729,0.09755010212918729,9.755107763996369e-05
2026-01-01 11:00:00,4,0.09514469871367873,0.09514469871367871,9.514565017018043e-05
2026-01-01 11:00:00,5,0.04456857847438556,0.04456857847438557,4.4569024164627215e-05
2026-01-01 11:00:00,6,0.03630624356514223,0.03630624356514223,3.630660663120854e-05
2026-01-01 11:00:00,7,0.028012941860215416,0.028012941860215423,2.8013221992435347e-05
2026-01-01 11:00:00,8,0.025670552657085885,0.02567055265708588,2.567080936517954e-05
2026-01-01 11:00:00,9,0.023320174735659664,0.023320174735659668,2.3320407939739064e-05
2026-01-01 11:00:00,10,0.021312411057990775,0.02131241105799078,2.1312624184232623e-05
2026-01-01 11:00:00,11,0.018716223387798207,0.018716223387798204,1.8716410551903727e-05
2026-01-01 11:00:00,12,0.016111117694564487,0.016111117694564487,1.611127880735256e-05
2026-01-01 11:00:00,13,0.01078790269393903,0.01078790269393903,1.078801057404477e-05
2026-01-01 11:00:00,14,0.008522850508110908,0.008522850508110908,8.522935737468282e-06
2026-01-01 11:00:00,15,0.006130592931918137,0.006130592931918136,6.130654238460522e-06
2026-01-01 11:00:00,16,0.003738119105246366,0.0037381191052463666,3.7381564868112343e-06
2026-01-01 11:00:00,17,0.010953371555537904,0.010953371555537902,1.0953481090348807e-05
2026-01-01 11:00:00,18,0.010528967629545374,0.010528967629545374,1.0529072920274577e-05
2026-01-01 11:00:00,19,0.007021177205123774,0.007021177205123777,7.021247417597953e-06
2026-01-01 11:00:00,20,0.003511460754933238,0.003511460754933238,3.511495869891937e-06
2026-01-01 11:00:00,21,0.03742404351637472,0.03742404351637472,3.742441776055232e-05
2026-01-01 11:00:00,22,0.03372287594394573,0.03372287594394573,3.3723213176077494e-05
2026-01-01 11:00:00,23,0.016883550020650607,0.016883550020650607,1.6883718857839185e-05
2026-01-01 11:00:00,24,0.04979695839727071,0.04979695839727072,4.979745637183444e-05
2026-01-01 11:00:00,25,0.04760016308963342,0.04760016308963344,4.76006390960244e-05
2026-01-01 11:00:00,26,0.04542022134076473,0.045420221340764726,4.542067554752021e-05
2026-01-01 11:00:00,27,0.043388003307767896,0.04338800330776789,4.338843719213982e-05
2026-01-01 11:00:00,28,0.038510649919400085,0.03851064991940009,3.851103502975039e-05
2026-01-01 11:00:00,29,0.017763805334172326,0.017763805334172326,1.7763982974002067e-05
2026-01-01 11:00:00,30,0.011508680363873118,0.01150868036387312,1.1508795451827637e-05
2026-01-01 11:00:00,31,0.0027291909282547524,0.0027291909282547524,2.729218220436957e-06
2026-01-01 11:00:00,32,0.0,0.0,0.0
2026-01-01 11:00:00,33,0.0,0.0,0.0
2026-01-01 11:00:00,34,0.0,0.0,0.0
2026-01-01 11:00:00,35,0.0,0.0,0.0
2026-01-01 11:00:00,36,0.0,0.0,0.0
2026-01-01 11:15:00,0,0.14310718046957546,0.14310718046957543,0.00014310861155569102
2026-01-01 11:15:00,1,0.14261861383598426,0.1426186138359843,0.00014262004003638465
2026-01-01 11:15:00,2,0.10226677639072973,0.10226677639072972,0.00010226779906872041
2026-01-01 11:15:00,3,0.09708446387135689,0.09708446387135689,9.708543472570415e-05
2026-01-01 11:15:00,4,0.09469014595832251,0.0946901459583225,9.469109286925121e-05
2026-01-01 11:15:00,5,0.04435631793463361,0.0443563179346336,4.4356761502248635e-05
2026-01-01 11:15:00,6,0.03613277653608075,0.036132776536080755,3.613313786745943e-05
2026-01-01 11:15:00,7,0.0278785737574944,0.027878573757494394,2.7878852546019864e-05
2026-01-01 11:15:00,8,0.02554728213421349,0.025547282134213492,2.554753760958959e-05
2026-01-01 11:15:00,9,0.02320809554216933,0.023208095542169318,2.3208327625445584e-05
2026-01-01 11:15:00,10,0.021209903876608174,0.021209903876608177,2.1210115977767956e-05
2026-01-01 11:15:00,11,0.018626108690837,0.018626108690836998,1.862629495378654e-05
2026-01-01 11:15:00,12,0.016033502578092735,0.016033502578092735,1.6033662914721882e-05
2026-01-01 11:15:00,13,0.010735880302948036,0.010735880302948034,1.0735987662824665e-05
2026-01-01 11:15:00,14,0.008481726307607474,0.008481726307607474,8.481811125718731e-06
2026-01-01 11:15:00,15,0.00610099421868911,0.0061009942186891096,6.101055229241403e-06
2026-01-01 11:15:00,16,0.0037200675867323945,0.0037200675867323954,3.720104787780273e-06
2026-01-01 11:15:00,17,0.01006313106946804,0.01006313106946804,1.0063231701785057e-05
2026-01-01 11:15:00,18,0.010481635394680427,0.010481635394680422,1.0481740212082546e-05
2026-01-01 11:15:00,19,0.006989605665725809,0.006989605665725813,6.989675562481438e-06
2026-01-01 11:15:00,20,0.0034956671666972533,0.003495667166697252,3.4957021237184906e-06
2026-01-01 11:15:00,21,0.037252070426726215,0.037252070426726215,3.725244295115572e-05
2026-01-01 11:15:00,22,0.03356781011509167,0.03356781011509167,3.356814579654963e-05
2026-01-01 11:15:00,23,0.01680581206045254,0.01680581206045254,1.6805980120253742e-05
2026-01-01 11:15:00,24,0.04955849008862408,0.04955849008862408,4.955898567848087e-05
2026-01-01 11:15:00,25,0.04737200918896286,0.047372009188962866,4.7372482913792e-05
2026-01-01 11:15:00,26,0.045202324584349314,0.04520232458434932,4.520277661211544e-05
2026-01-01 11:15:00,27,0.043179761018679784,0.043179761018679784,4.318019282060799e-05
2026-01-01 11:15:00,28,0.038325724211807494,0.038325724211807494,3.832610747288222e-05
2026-01-01 11:15:00,29,0.017678323463451547,0.017678323463451547,1.7678500248454032e-05
2026-01-01 11:15:00,30,0.01145328241895424,0.011453282418954236,1.1453396952923768e-05
2026-01-01 11:15:00,31,0.0027160512663553624,0.0027160512663553624,2.7160784271396337e-06
2026-01-01 11:15:00,32,0.0,0.0,0.0
2026-01-01 11:15:00,33,0.0,0.0,0.0
2026-01-01 11:15:00,34,0.0,0.0,0.0
2026-01-01 11:15:00,35,0.0,0.0,0.0
2026-01-01 11:15:00,36,0.0,0.0,0.0
2026-01-01 11:30:00,0,0.14662218943759364,0.14662218943759364,0.00014662365567415039
2026-01-01 11:30:00,1,0.1450848315538286,0.1450848315538286,0.00014508628241665275
2026-01-01 11:30:00,2,0.10405385453620565,0.10405385453620562,0.0001040548950851565
2026-01-01 11:30:00,3,0.0987845032382936,0.0987845032382936,9.878549109320454e-05
2026-01-01 11:30:00,4,0.09634973657753271,0.09634973657753271,9.635070008453354e-05
2026-01-01 11:30:00,5,0.04513124840428864,0.045131248404288636,4.5131699721285855e-05
2026-01-01 11:30:00,6,0.03676611266733552,0.0367661126673355,3.676648033213884e-05
2026-01-01 11:30:00,7,0.028369190832578915,0.028369190832578915,2.836947452732419e-05
2026-01-01 11:30:00,8,0.025997387371676745,0.025997387371676745,2.5997647348150228e-05
2026-01-01 11:30:00,9,0.02361734318975866,0.02361734318975866,2.3617579365552313e-05
2026-01-01 11:30:00,10,0.021584205020354123,0.021584205020354127,2.1584420864562773e-05
2026-01-01 11:30:00,11,0.01895516510111713,0.01895516510111713,1.895535465466368e-05
2026-01-01 11:30:00,12,0.01631691916278427,0.016316919162784268,1.6317082333607607e-05
2026-01-01 11:30:00,13,0.010925846692777309,0.01092584669277731,1.0925955952336834e-05
2026-01-01 11:30:00,14,0.008631898123724835,0.008631898123724833,8.63198444356927e-06
2026-01-01 11:30:00,15,0.0062090799282410085,0.006209079928241009,6.209142019661205e-06
2026-01-01 11:30:00,16,0.0037859866091648196,0.0037859866091648196,3.7860244694095133e-06
2026-01-01 11:30:00,17,0.009194513757686972,0.009194513757686972,9.19460570374401e-06
2026-01-01 11:30:00,18,0.010655468354775365,0.010655468354775367,1.0655574910524473e-05
2026-01-01 11:30:00,19,0.007105556401245546,0.0071055564012455445,7.105627457520122e-06
2026-01-01 11:30:00,20,0.00355367157823148,0.00355367157823148,3.553707115302633e-06
2026-01-01 11:30:00,21,0.037879532091884924,0.037879532091884924,3.787991089099383e-05
2026-01-01 11:30:00,22,0.03413358985569287,0.03413358985569287,3.413393119500482e-05
2026-01-01 11:30:00,23,0.017089456237488095,0.017089456237488095,1.7089627133759432e-05
2026-01-01 11:30:00,24,0.05042918291268804,0.05042918291268802,5.042968720956014e-05
2026-01-01 11:30:00,25,0.048205054948234134,0.04820505494823413,4.8205537003604165e-05
2026-01-01 11:30:00,26,0.04599793092275178,0.04599793092275179,4.599839090666086e-05
2026-01-01 11:30:00,27,0.04394012194695767,0.043940121946957664,4.3940561352571194e-05
2026-01-01 11:30:00,28,0.039000954478745326,0.039000954478745326,3.900134449219025e-05
2026-01-01 11:30:00,29,0.017990459975638227,0.017990459975638223,1.7990639882037048e-05
2026-01-01 11:30:00,30,0.011655568715936803,0.011655568715936806,1.1655685272789534e-05
2026-01-01 11:30:00,31,0.0027640310654226566,0.002764031065422656,2.7640587060097166e-06
2026-01-01 11:30:00,32,0.0,0.0,0.0
2026-01-01 11:30:00,33,0.0,0.0,0.0
2026-01-01 11:30:00,34,0.0,0.0,0.0
2026-01-01 11:30:00,35,0.0,0.0,0.0
2026-01-01 11:30:00,36,0.0,0.0,0.0
2026-01-01 11:45:00,0,0.1399596501643123,0.13995965016431228,0.00013996104977481006
2026-01-01 11:45:00,1,0.14108318286879054,0.14108318286879054,0.00014108459371472767
2026-01-01 11:45:00,2,0.1011544915205903,0.10115449152059032,0.00010115550307562108
2026-01-01 11:45:00,3,0.09602641217766959,0.09602641217766959,9.60273724513941e-05
2026-01-01 11:45:00,4,0.09365729356124061,0.0936572935612406,9.365823014354204e-05
2026-01-01 11:45:00,5,0.04387399378730353,0.043873993787303535,4.387443253162885e-05
2026-01-01 11:45:00,6,0.03573861844208513,0.035738618442085125,3.573897583184345e-05
2026-01-01 11:45:00,7,0.02757327166643665,0.027573271666436645,2.7573547401910667e-05
2026-01-01 11:45:00,8,0.02526719890658903,0.025267198906589027,2.526745158110484e-05
2026-01-01 11:45:00,9,0.02295344272909873,0.02295344272909873,2.295367226582139e-05
2026-01-01 11:45:00,10,0.02097700152863404,0.02097700152863404,2.0977211300747047e-05
2026-01-01 11:45:00,11,0.01842136535525549,0.018421365355255494,1.84215495707512e-05
2026-01-01 11:45:00,12,0.015857159854093947,0.015857159854093947,1.585731842727822e-05
2026-01-01 11:45:00,13,0.010617686059571547,0.010617686059571547,1.0617792237493922e-05
2026-01-01 11:45:00,14,0.008388293294716503,0.008388293294716503,8.388377178488287e-06
2026-01-01 11:45:00,15,0.00603374726622363,0.006033747266223631,6.033807604299673e-06
2026-01-01 11:45:00,16,0.003679055447939335,0.003679055447939334,3.6790922388617235e-06
2026-01-01 11:45:00,17,0.011665714718447157,0.011665714718447155,1.1665831376760925e-05
2026-01-01 11:45:00,18,0.010373003434076884,0.010373003434076886,1.0373107165148538e-05
2026-01-01 11:45:00,19,0.006917146002841043,0.0069171460028410415,6.9172151749927936e-06
2026-01-01 11:45:00,20,0.0034594193954627954,0.0034594193954627954,3.4594539900026955e-06
2026-01-01 11:45:00,21,0.036861130963494894,0.036861130963494894,3.6861499578490675e-05
2026-01-01 11:45:00,22,0.03321530759637424,0.03321530759637425,3.3215639752771774e-05
2026-01-01 11:45:00,23,0.016629097124518686,0.016629097124518686,1.6629263417152856e-05
2026-01-01 11:45:00,24,0.0490166481603638,0.049016648160363795,4.9017138331747114e-05
2026-01-01 11:45:00,25,0.04685360882323252,0.04685360882323252,4.685407736400616e-05
2026-01-01 11:45:00,26,0.044707235068042396,0.044707235068042396,4.470768214486384e-05
2026-01-01 11:45:00,27,0.04270661023131358,0.04270661023131358,4.27070373016866e-05
2026-01-01 11:45:00,28,0.037905553912984405,0.0379055539129844,3.790593297231413e-05
2026-01-01 11:45:00,29,0.017484104752461017,0.017484104752461024,1.7484279595256978e-05
2026-01-01 11:45:00,30,0.011327416211929635,0.011327416211929633,1.1327529487224507e-05
2026-01-01 11:45:00,31,0.0026861975298281197,0.0026861975298281193,2.6862243920720403e-06
2026-01-01 11:45:00,32,0.0,0.0,0.0
2026-01-01 11:45:00,33,0.0,0.0,0.0
2026-01-01 11:45:00,34,0.0,0.0,0.0
2026-01-01 11:45:00,35,0.0,0.0,0.0
2026-01-01 11:45:00,36,0.0,0.0,0.0
2026-01-01 12:00:00,0,0.1429698600559433,0.14296986005594328,0.000142971289768841
2026-01-01 12:00:00,1,0.14311286689481179,0.1431128668948118,0.00014311429803779218
2026-01-01 12:00:00,2,0.1026248556141834,0.10262485561418339,0.00010262588187300211
2026-01-01 12:00:00,3,0.09742509042572536,0.09742509042572536,9.742606468637224e-05
2026-01-01 12:00:00,4,0.09502266274032219,0.0950226627403222,9.502361297645196e-05
2026-01-01 12:00:00,5,0.04451159260957111,0.04451159260957112,4.4512037729948414e-05
2026-01-01 12:00:00,6,0.036259672017001095,0.03625967201700108,3.6260034617347266e-05
2026-01-01 12:00:00,7,0.027976866798676846,0.027976866798676853,2.7977146570142555e-05
2026-01-01 12:00:00,8,0.025637456910144216,0.02563745691014422,2.5637713287277095e-05
2026-01-01 12:00:00,9,0.023290083535324854,0.02329008353532485,2.329031643848924e-05
2026-01-01 12:00:00,10,0.021284889678383656,0.02128488967838366,2.1285102529408954e-05
2026-01-01 12:00:00,11,0.018692029065005285,0.01869202906500528,1.8692215987165158e-05
2026-01-01 12:00:00,12,0.016090279254934472,0.01609027925493447,1.6090440159336066e-05
2026-01-01 12:00:00,13,0.010773935439624788,0.010773935439624788,1.0774043180056589e-05
2026-01-01 12:00:00,14,0.008511809231029368,0.008511809231029368,8.511894349972868e-06
2026-01-01 12:00:00,15,0.00612264606800317,0.006122646068003172,6.1227072950761234e-06
2026-01-01 12:00:00,16,0.003733272506427712,0.003733272506427712,3.7333098395261075e-06
2026-01-01 12:00:00,17,0.01075514286891219,0.01075514286891219,1.0755250421416403e-05
2026-01-01 12:00:00,18,0.010516251073408747,0.010516251073408749,1.0516356236971119e-05
2026-01-01 12:00:00,19,0.0070126949992239925,0.0070126949992239925,7.012765126875262e-06
2026-01-01 12:00:00,20,0.003507217546375087,0.003507217546375087,3.5072526189012762e-06
2026-01-01 12:00:00,21,0.03737788062642492,0.03737788062642492,3.737825440896901e-05
2026-01-01 12:00:00,22,0.03368125137826294,0.033681251378262944,3.3681588194144885e-05
2026-01-01 12:00:00,23,0.01686268258662197,0.016862682586621967,1.6862851215134124e-05
2026-01-01 12:00:00,24,0.04973293502083392,0.04973293502083392,4.9733432355157474e-05
2026-01-01 12:00:00,25,0.047538908668861186,0.047538908668861186,4.7539384062701814e-05
2026-01-01 12:00:00,26,0.04536172052755172,0.04536172052755172,4.536217414929321e-05
2026-01-01 12:00:00,27,0.04333209441376112,0.0433320944137611,4.333252773903851e-05
2026-01-01 12:00:00,28,0.03846100095622691,0.03846100095622691,3.846138557008261e-05
2026-01-01 12:00:00,29,0.017740854903780672,0.01774085490378067,1.7741032314103814e-05
2026-01-01 12:00:00,30,0.011493806937587038,0.01149380693758704,1.1493921876805807e-05
2026-01-01 12:00:00,31,0.002725663144853068,0.0027256631448530676,2.725690401757086e-06
2026-01-01 12:00:00,32,0.0,0.0,0.0
2026-01-01 12:00:00,33,0.0,0.0,0.0
2026-01-01 12:00:00,34,0.0,0.0,0.0
2026-01-01 12:00:00,35,0.0,0.0,0.0
2026-01-01 12:00:00,36,0.0,0.0,0.0
2026-01-01 12:15:00,0,0.13907654478323114,0.13907654478323112,0.00013907793556258675
2026-01-01 12:15:00,1,0.13989925198673223,0.13989925198673223,0.00013990065099324215
2026-01-01 12:15:00,2,0.1002970401428202,0.10029704014282022,0.00010029804312325146
2026-01-01 12:15:00,3,0.09521080626731418,0.09521080626731418,9.521175838489803e-05
2026-01-01 12:15:00,4,0.09286112850585507,0.09286112850585505,9.286205712642633e-05
2026-01-01 12:15:00,5,0.04350217153619451,0.04350217153619452,4.350260656226014e-05
2026-01-01 12:15:00,6,0.0354347858090846,0.03543478580908459,3.5435140160486206e-05
2026-01-01 12:15:00,7,0.027337954226115086,0.02733795422611509,2.733822760839117e-05
2026-01-01 12:15:00,8,0.025051325036897883,0.025051325036897883,2.505157555265341e-05
2026-01-01 12:15:00,9,0.02275717324049655,0.022757173240496552,2.2757400814504697e-05
2026-01-01 12:15:00,10,0.020797499042500205,0.0207974990425002,2.07977070195704e-05
2026-01-01 12:15:00,11,0.018263569472035467,0.018263569472035463,1.826375210955656e-05
2026-01-01 12:15:00,12,0.01572125414815218,0.01572125414815217,1.5721411362265802e-05
2026-01-01 12:15:00,13,0.010526596994631352,0.010526596994631352,1.0526702261653969e-05
2026-01-01 12:15:00,14,0.008316288047987357,0.008316288047987359,8.316371211699476e-06
2026-01-01 12:15:00,15,0.005981923343324078,0.005981923343324079,5.981983163155711e-06
2026-01-01 12:15:00,16,0.0036474495621250796,0.0036474495621250788,3.6474860369854495e-06
2026-01-01 12:15:00,17,0.011254109714688605,0.011254109714688607,1.1254222256911176e-05
2026-01-01 12:15:00,18,0.010289612721968032,0.010289612721968032,1.0289715619124223e-05
2026-01-01 12:15:00,19,0.006861523147404005,0.006861523147404005,6.861591763321638e-06
2026-01-01 12:15:00,20,0.00343159438188283,0.00343159438188283,3.4316286981698115e-06
2026-01-01 12:15:00,21,0.0365595057200402,0.03655950572004021,3.6559871318753395e-05
2026-01-01 12:15:00,22,0.032943341847561966,0.03294334184756196,3.294367128427481e-05
2026-01-01 12:15:00,23,0.01649276051267523,0.016492760512675227,1.649292544192965e-05
2026-01-01 12:15:00,24,0.04859899717818776,0.04859899717818779,4.859948317301952e-05
2026-01-01 12:15:00,25,0.046454034900806115,0.046454034900806115,4.645449944580057e-05
2026-01-01 12:15:00,26,0.04432563651398096,0.04432563651398095,4.4326079774778704e-05
2026-01-01 12:15:00,27,0.04234192519747253,0.04234192519747252,4.2342348620958736e-05
2026-01-01 12:15:00,28,0.03758170785323578,0.03758170785323577,3.758208367407252e-05
2026-01-01 12:15:00,29,0.017334418249564762,0.017334418249564762,1.7334591595480717e-05
2026-01-01 12:15:00,30,0.011230410423756462,0.011230410423756462,1.1230522728983753e-05
2026-01-01 12:15:00,31,0.0026631891912444745,0.0026631891912444745,2.6632158234027084e-06
2026-01-01 12:15:00,32,0.0,0.0,0.0
2026-01-01 12:15:00,33,0.0,0.0,0.0
2026-01-01 12:15:00,34,0.0,0.0,0.0
2026-01-01 12:15:00,35,0.0,0.0,0.0
2026-01-01 12:15:00,36,0.0,0.0,0.0
2026-01-01 12:30:00,0,0.1409844352445523,0.1409844352445523,0.00014098584510300333
2026-01-01 12:30:00,1,0.14128926390077565,0.14128926390077565,0.00014129067680754374
2026-01-01 12:30:00,2,0.10130377380596936,0.10130377380596936,0.00010130478685383788
2026-01-01 12:30:00,3,0.0961684147381674,0.09616841473816738,9.616937643193171e-05
2026-01-01 12:30:00,4,0.09379591367725089,0.09379591367725088,9.379685164576734e-05
2026-01-01 12:30:00,5,0.04393872771311656,0.04393872771311656,4.393916710478761e-05
2026-01-01 12:30:00,6,0.035791518760983604,0.035791518760983604,3.57918766797504e-05
2026-01-01 12:30:00,7,0.027614245947947594,0.02761424594794759,2.7614522093168527e-05
2026-01-01 12:30:00,8,0.025304788432744224,0.025304788432744234,2.5305041483159067e-05
2026-01-01 12:30:00,9,0.022987619169142683,0.02298761916914268,2.298784904763316e-05
2026-01-01 12:30:00,10,0.02100825879245133,0.021008258792451325,2.10084688771401e-05
2026-01-01 12:30:00,11,0.01844884335564497,0.01844884335564497,1.844902784592343e-05
2026-01-01 12:30:00,12,0.015880826241914007,0.015880826241914007,1.5880985051764526e-05
2026-01-01 12:30:00,13,0.010633548465147812,0.01063354846514781,1.063365480169583e-05
2026-01-01 12:30:00,14,0.00840083255873853,0.00840083255873853,8.400916567904208e-06
2026-01-01 12:30:00,15,0.0060427721853428765,0.0060427721853428765,6.042832613669013e-06
2026-01-01 12:30:00,16,0.0036845595025713136,0.003684559502571313,3.684596348534799e-06
2026-01-01 12:30:00,17,0.010797030859581952,0.010797030859581948,1.0797138830970261e-05
2026-01-01 12:30:00,18,0.010387761771460134,0.010387761771460138,1.0387865650116639e-05
2026-01-01 12:30:00,19,0.006926990129227853,0.006926990129227853,6.9270593998218514e-06
2026-01-01 12:30:00,20,0.003464343907071543,0.0034643439070715437,3.4643785508570522e-06
2026-01-01 12:30:00,21,0.036913606512094556,0.03691360651209455,3.6913975651851075e-05
2026-01-01 12:30:00,22,0.03326262369623079,0.03326262369623081,3.326295632579406e-05
2026-01-01 12:30:00,23,0.01665281732619738,0.01665281732619738,1.6652983856035937e-05
2026-01-01 12:30:00,24,0.04908936865453594,0.049089368654535954,4.908985955313149e-05
2026-01-01 12:30:00,25,0.04692318300333824,0.046923183003338254,4.692365223986065e-05
2026-01-01 12:30:00,26,0.04477368050044685,0.04477368050044685,4.477412824172926e-05
2026-01-01 12:30:00,27,0.042770111182695254,0.04277011118269526,4.2770538888084145e-05
2026-01-01 12:30:00,28,0.037961944317369524,0.03796194431736952,3.796232394060893e-05
2026-01-01 12:30:00,29,0.017510170331107137,0.017510170331107137,1.7510345434561482e-05
2026-01-01 12:30:00,30,0.011344308362777184,0.011344308362777184,1.1344421806995253e-05
2026-01-01 12:30:00,31,0.0026902041132130057,0.0026902041132130057,2.690231015523161e-06
2026-01-01 12:30:00,32,0.0,0.0,0.0
2026-01-01 12:30:00,33,0.0,0.0,0.0
2026-01-01 12:30:00,34,0.0,0.0,0.0
2026-01-01 12:30:00,35,0.0,0.0,0.0
2026-01-01 12:30:00,36,0.0,0.0,0.0
2026-01-01 12:45:00,0,0.14339696096269244,0.14339696096269247,0.00014339839494664194
2026-01-01 12:45:00,1,0.14357634243441675,0.14357634243441672,0.00014357777821219888
2026-01-01 12:45:00,2,0.10296067064724956,0.10296067064724958,0.00010296170026425223
2026-01-01 12:45:00,3,0.0977445441896801,0.0977445441896801,9.774552164489656e-05
2026-01-01 12:45:00,4,0.09533451345272308,0.09533451345272308,9.533546680739114e-05
2026-01-01 12:45:00,5,0.04465721241349918,0.044657212413499174,4.465765899008908e-05
2026-01-01 12:45:00,6,0.03637868098761658,0.03637868098761658,3.6379044778064366e-05
2026-01-01 12:45:00,7,0.028069054521469176,0.02806905452146918,2.806933521482133e-05
2026-01-01 12:45:00,8,0.025722031556726057,0.025722031556726054,2.572228877961385e-05
2026-01-01 12:45:00,9,0.02336698047141955,0.02336698047141955,2.3367214143560986e-05
2026-01-01 12:45:00,10,0.02135521975282047,0.02135521975282047,2.1355433307153543e-05
2026-01-01 12:45:00,11,0.018753857210878484,0.018753857210878484,1.8754044751325997e-05
2026-01-01 12:45:00,12,0.016143531626295445,0.016143531626295445,1.614369306322608e-05
2026-01-01 12:45:00,13,0.01080962872991555,0.010809628729915548,1.0809736827283823e-05
2026-01-01 12:45:00,14,0.008540025261995456,0.008540025261995458,8.54011066310209e-06
2026-01-01 12:45:00,15,0.0061429543626134574,0.006142954362613457,6.143015792771385e-06
2026-01-01 12:45:00,16,0.0037456580515201373,0.0037456580515201386,3.7456955084752234e-06
2026-01-01 12:45:00,17,0.010826422954185523,0.010826422954185523,1.0826531219497718e-05
2026-01-01 12:45:00,18,0.010548861295327068,0.01054886129532707,1.054896678499492e-05
2026-01-01 12:45:00,19,0.0070344467363191165,0.0070344467363191165,7.034517081489931e-06
2026-01-01 12:45:00,20,0.003518098835457718,0.003518098835457716,3.518134016797886e-06
2026-01-01 12:45:00,21,0.037495826275844454,0.03749582627584446,3.7496201237856845e-05
2026-01-01 12:45:00,22,0.03378760193959619,0.033787601939596186,3.3787939818994384e-05
2026-01-01 12:45:00,23,0.01691599906477301,0.016915999064773014,1.691616822645528e-05
2026-01-01 12:45:00,24,0.04989654193974055,0.049896541939740545,4.989704091014965e-05
2026-01-01 12:45:00,25,0.04769544030666124,0.04769544030666124,4.7695917265833896e-05
2026-01-01 12:45:00,26,0.04551121604008154,0.04551121604008154,4.551167115679311e-05
2026-01-01 12:45:00,27,0.04347496669072863,0.04347496669072863,4.347540144474308e-05
2026-01-01 12:45:00,28,0.038587876566124106,0.0385878765661241,3.8588262448748596e-05
2026-01-01 12:45:00,29,0.017799504171594774,0.01779950417159477,1.7799682168416458e-05
2026-01-01 12:45:00,30,0.011531815664459094,0.011531815664459094,1.1531930983768933e-05
2026-01-01 12:45:00,31,0.002734678327890548,0.0027346783278905484,2.734705674947298e-06
2026-01-01 12:45:00,32,0.0,0.0,0.0
2026-01-01 12:45:00,33,0.0,0.0,0.0
2026-01-01 12:45:00,34,0.0,0.0,0.0
2026-01-01 12:45:00,35,0.0,0.0,0.0
2026-01-01 12:45:00,36,0.0,0.0,0.0
2026-01-01 13:00:00,0,0.13152953571479897,0.13152953571479892,0.0001315308510233092
2026-01-01 13:00:00,1,0.1335305589369842,0.13353055893698423,0.0001335318942559268
2026-01-01 13:00:00,2,0.09568716327518204,0.09568716327518206,9.568812015638363e-05
2026-01-01 13:00:00,3,0.09082638161522505,0.09082638161522502,9.082728988812393e-05
2026-01-01 13:00:00,4,0.0885814138076613,0.08858141380766132,8.858229963065763e-05
2026-01-01 13:00:00,5,0.04150312779383419,0.04150312779383418,4.150354282926248e-05
2026-01-01 13:00:00,6,0.03380156836147333,0.033801568361473334,3.380190638053714e-05
2026-01-01 13:00:00,7,0.026073307710198765,0.02607330771019876,2.6073568445883225e-05
2026-01-01 13:00:00,8,0.02389124491649256,0.02389124491649256,2.3891483831330874e-05
2026-01-01 13:00:00,9,0.02170249494539665,0.021702494945396653,2.170271197251638e-05
2026-01-01 13:00:00,10,0.019832961222503175,0.01983296122250317,1.9833159554098715e-05
2026-01-01 13:00:00,11,0.017415719738497693,0.0174157197384977,1.7415893897436674e-05
2026-01-01 13:00:00,12,0.014991045070059739,0.014991045070059739,1.4991194982009558e-05
2026-01-01 13:00:00,13,0.01003721126526248,0.010037211265262481,1.0037311638378866e-05
2026-01-01 13:00:00,14,0.007929445254387308,0.007929445254387308,7.929524549632805e-06
2026-01-01 13:00:00,15,0.005703512523996618,0.005703512523996618,5.703569559692214e-06
2026-01-01 13:00:00,16,0.003477657017052594,0.0034776570170525927,3.4776917939705337e-06
2026-01-01 13:00:00,17,0.012104967253641939,0.012104967253641942,1.2105088304524986e-05
2026-01-01 13:00:00,18,0.009839182899500908,0.009839182899500906,9.83928129231383e-06
2026-01-01 13:00:00,19,0.006561083577686383,0.006561083577686384,6.561149189178275e-06
2026-01-01 13:00:00,20,0.003281303029017932,0.003281303029017932,3.2813358423763554e-06
2026-01-01 13:00:00,21,0.03493465026999716,0.03493465026999716,3.493499961999336e-05
2026-01-01 13:00:00,22,0.03147831131369208,0.03147831131369208,3.1478626099953084e-05
2026-01-01 13:00:00,23,0.01575839059139209,0.01575839059139209,1.575854817687386e-05
2026-01-01 13:00:00,24,0.04635424665850386,0.04635424665850387,4.6354710205605924e-05
2026-01-01 13:00:00,25,0.044306550087338976,0.04430655008733897,4.430699315727055e-05
2026-01-01 13:00:00,26,0.042274858920178716,0.04227485892017874,4.2275281672995466e-05
2026-01-01 13:00:00,27,0.040382093553731194,0.04038209355373121,4.0382497378704995e-05
2026-01-01 13:00:00,28,0.035841395138024285,0.03584139513802428,3.584175355555984e-05
2026-01-01 13:00:00,29,0.01653011567817479,0.016530115678174785,1.65302809809846e-05
2026-01-01 13:00:00,30,0.01070918314136647,0.01070918314136647,1.0709290234268812e-05
2026-01-01 13:00:00,31,0.0025395631046660314,0.002539563104666031,2.539588500551037e-06
2026-01-01 13:00:00,32,0.0,0.0,0.0
2026-01-01 13:00:00,33,0.0,0.0,0.0
2026-01-01 13:00:00,34,0.0,0.0,0.0
2026-01-01 13:00:00,35,0.0,0.0,0.0
2026-01-01 13:00:00,36,0.0,0.0,0.0
2026-01-01 13:15:00,0,0.1405140924473578,0.1405140924473578,0.00014051549760233381
2026-01-01 13:15:00,1,0.14041978843626166,0.14041978843626168,0.00014042119264818815
2026-01-01 13:15:00,2,0.10067403189473716,0.10067403189473716,0.00010067503864512361
2026-01-01 13:15:00,3,0.09556939964986472,0.0955693996498647,9.557035535341825e-05
2026-01-01 13:15:00,4,0.09321117426462061,0.09321117426462062,9.321210638568448e-05
2026-01-01 13:15:00,5,0.04366564897482435,0.04366564897482434,4.366608563568071e-05
2026-01-01 13:15:00,6,0.035568370315755674,0.03556837031575567,3.55687260030157e-05
2026-01-01 13:15:00,7,0.027441414743145452,0.027441414743145452,2.7441689160037055e-05
2026-01-01 13:15:00,8,0.025146236849000775,0.02514623684900077,2.514648831388391e-05
2026-01-01 13:15:00,9,0.02284346567302246,0.02284346567302246,2.2843694109963562e-05
2026-01-01 13:15:00,10,0.020876419600411034,0.020876419600411037,2.0876628366694704e-05
2026-01-01 13:15:00,11,0.018332946387896572,0.018332946387896572,1.8333129719193766e-05
2026-01-01 13:15:00,12,0.015781006736886052,0.015781006736886045,1.578116454853154e-05
2026-01-01 13:15:00,13,0.010566645376698056,0.010566645376698058,1.0566751044208499e-05
2026-01-01 13:15:00,14,0.008347945992435966,0.008347945992435966,8.348029472730694e-06
2026-01-01 13:15:00,15,0.006004708316658516,0.006004708316658516,6.00476836434216e-06
2026-01-01 13:15:00,16,0.003661345448683758,0.0036613454486837576,3.6613820625043833e-06
2026-01-01 13:15:00,17,0.010314822157655508,0.010314822157655508,1.0314925306908577e-05
2026-01-01 13:15:00,18,0.010326583141103258,0.010326583141103258,1.0326686407967338e-05
2026-01-01 13:15:00,19,0.006886183024849562,0.0068861830248495605,6.886251887368436e-06
2026-01-01 13:15:00,20,0.003443930368783924,0.003443930368783924,3.443964808432008e-06
2026-01-01 13:15:00,21,0.03669212261500124,0.036692122615001245,3.6692489539896644e-05
2026-01-01 13:15:00,22,0.03306291821233091,0.033062918212330906,3.306324884481936e-05
2026-01-01 13:15:00,23,0.01655270421172962,0.01655270421172962,1.6552869740427024e-05
2026-01-01 13:15:00,24,0.04878262332133281,0.0487826233213328,4.878311115244433e-05
2026-01-01 13:15:00,25,0.04662971310736152,0.04662971310736152,4.663017940915561e-05
2026-01-01 13:15:00,26,0.044493411514640445,0.044493411514640445,4.4493856453204976e-05
2026-01-01 13:15:00,27,0.04250226388622553,0.04250226388622555,4.2502688913114686e-05
2026-01-01 13:15:00,28,0.03772409105988836,0.03772409105988835,3.7724468304571405e-05
2026-01-01 13:15:00,29,0.017400229802282327,0.01740022980228233,1.7400403806320395e-05
2026-01-01 13:15:00,30,0.0112730602255305,0.0112730602255305,1.1273172957260073e-05
2026-01-01 13:15:00,31,0.002673305091816798,0.002673305091816798,2.6733318251350493e-06
2026-01-01 13:15:00,32,0.0,0.0,0.0
2026-01-01 13:15:00,33,0.0,0.0,0.0
2026-01-01 13:15:00,34,0.0,0.0,0.0
2026-01-01 13:15:00,35,0.0,0.0,0.0
2026-01-01 13:15:00,36,0.0,0.0,0.0
2026-01-01 13:30:00,0,0.1419286532494421,0.14192865324944212,0.00014193007255016763
2026-01-01 13:30:00,1,0.14087522036431674,0.14087522036431668,0.00014087662913060805
2026-01-01 13:30:00,2,0.10100389971105922,0.1010038997110592,0.00010100490976015683
2026-01-01 13:30:00,3,0.09588317392820543,0.09588317392820543,9.588413276953311e-05
2026-01-01 13:30:00,4,0.09351747137083916,0.09351747137083917,9.351840655490471e-05
2026-01-01 13:30:00,5,0.043808691495192426,0.04380869149519241,4.380912958648829e-05
2026-01-01 13:30:00,6,0.03568525953863296,0.03568525953863296,3.5685616394796907e-05
2026-01-01 13:30:00,7,0.027531947735307392,0.027531947735307396,2.7532223057537972e-05
2026-01-01 13:30:00,8,0.025229290066846505,0.025229290066846505,2.5229542362270128e-05
2026-01-01 13:30:00,9,0.022918976970238588,0.022918976970238585,2.2919206162300212e-05
2026-01-01 13:30:00,10,0.02094548047261952,0.020945480472619522,2.0945689929518816e-05
2026-01-01 13:30:00,11,0.01839365645061247,0.018393656450612472,1.8393840389016364e-05
2026-01-01 13:30:00,12,0.015833295051536852,0.01583329505153685,1.5833453386070714e-05
2026-01-01 13:30:00,13,0.01060169120894419,0.01060169120894419,1.060179722691646e-05
2026-01-01 13:30:00,14,0.008375649589048177,0.008375649589048177,8.37573334638164e-06
2026-01-01 13:30:00,15,0.006024647362713735,0.0060246473627137325,6.024707609789833e-06
2026-01-01 13:30:00,16,0.0036735057005642525,0.0036735057005642525,3.6735424359886123e-06
2026-01-01 13:30:00,17,0.009369900207414945,0.009369900207414945,9.369993907354018e-06
2026-01-01 13:30:00,18,0.010358964961279698,0.0103589649612797,1.035906855196522e-05
2026-01-01 13:30:00,19,0.006907782282498714,0.006907782282498715,6.907851361012325e-06
2026-01-01 13:30:00,20,0.0034547353190630715,0.003454735319063071,3.454769866761739e-06
2026-01-01 13:30:00,21,0.03680812844337398,0.036808128443373986,3.680849652833927e-05
2026-01-01 13:30:00,22,0.03316751743344116,0.033167517433441165,3.3167849111932285e-05
2026-01-01 13:30:00,23,0.016605140395007253,0.016605140395007257,1.6605306448071737e-05
2026-01-01 13:30:00,24,0.048943303011702785,0.04894330301170277,4.894379244962728e-05
2026-01-01 13:30:00,25,0.046783439181105085,0.04678343918110508,4.6783907020175285e-05
2026-01-01 13:30:00,26,0.044640222965691805,0.04464022296569179,4.464066937238553e-05
2026-01-01 13:30:00,27,0.04264256871942925,0.04264256871942927,4.264299514938076e-05
2026-01-01 13:30:00,28,0.03784868445688809,0.0378486844568881,3.7849062947517576e-05
2026-01-01 13:30:00,29,0.017457819644370317,0.017457819644370317,1.745799422431256e-05
2026-01-01 13:30:00,30,0.01131038196699498,0.01131038196699498,1.13104950719457e-05
2026-01-01 13:30:00,31,0.002682157269861508,0.002682157269861508,2.682184091702425e-06
2026-01-01 13:30:00,32,0.0,0.0,0.0
2026-01-01 13:30:00,33,0.0,0.0,0.0
2026-01-01 13:30:00,34,0.0,0.0,0.0
2026-01-01 13:30:00,35,0.0,0.0,0.0
2026-01-01 13:30:00,36,0.0,0.0,0.0
2026-01-01 13:45:00,0,0.14409987890151252,0.14409987890151255,0.0001441013199147117
2026-01-01 13:45:00,1,0.1414528407673873,0.1414528407673873,0.00014145425530994038
2026-01-01 13:45:00,2,0.10142230731084827,0.10142230731084828,0.00010142332154406372
2026-01-01 13:45:00,3,0.09628117557431295,0.09628117557431295,9.628213839569692e-05
2026-01-01 13:45:00,4,0.09390599177934172,0.09390599177934172,9.390693084865021e-05
2026-01-01 13:45:00,5,0.04399012750944572,0.043990127509445705,4.399056741511987e-05
2026-01-01 13:45:00,6,0.03583352696969297,0.03583352696969297,3.583388530854605e-05
2026-01-01 13:45:00,7,0.02764678790141016,0.02764678790141016,2.7647064372053882e-05
2026-01-01 13:45:00,8,0.025334643304804467,0.025334643304804467,2.5334896653771006e-05
2026-01-01 13:45:00,9,0.02301476401552549,0.023014764015525487,2.3014994165467144e-05
2026-01-01 13:45:00,10,0.02103308568555379,0.021033085685553798,2.1033296018513982e-05
2026-01-01 13:45:00,11,0.01847066922617233,0.018470669226172333,1.847085393471168e-05
2026-01-01 13:45:00,12,0.015899624881398376,0.015899624881398372,1.589978387923717e-05
2026-01-01 13:45:00,13,0.010646148674724604,0.010646148674724604,1.0646255137275975e-05
2026-01-01 13:45:00,14,0.008410793246432834,0.008410793246432832,8.410877355206387e-06
2026-01-01 13:45:00,15,0.006049941358060202,0.006049941358060202,6.050001858078783e-06
2026-01-01 13:45:00,16,0.0036889318178783153,0.0036889318178783153,3.688968707565391e-06
2026-01-01 13:45:00,17,0.007923409540546454,0.007923409540546454,7.92348877543421e-06
2026-01-01 13:45:00,18,0.0104001291849051,0.010400129184905103,1.0400233187236975e-05
2026-01-01 13:45:00,19,0.006935239643567664,0.006935239643567663,6.93530899665763e-06
2026-01-01 13:45:00,20,0.003468470802712225,0.0034684708027122252,3.4685054877671027e-06
2026-01-01 13:45:00,21,0.03695522252796043,0.03695522252796043,3.695559208388127e-05
2026-01-01 13:45:00,22,0.03330014881821162,0.03330014881821162,3.330048182302985e-05
2026-01-01 13:45:00,23,0.016671630035906486,0.016671630035906482,1.6671796753874025e-05
2026-01-01 13:45:00,24,0.0491471204637337,0.0491471204637337,4.9147611939853095e-05
2026-01-01 13:45:00,25,0.04697843778041507,0.04697843778041508,4.6978907569490775e-05
2026-01-01 13:45:00,26,0.04482645200920699,0.04482645200920699,4.482690027820977e-05
2026-01-01 13:45:00,27,0.0428205449197784,0.042820544919778394,4.28209731295097e-05
2026-01-01 13:45:00,28,0.03800673145277737,0.038006731452777366,3.8007111523892616e-05
2026-01-01 13:45:00,29,0.01753087393304776,0.01753087393304776,1.7531049243540193e-05
2026-01-01 13:45:00,30,0.011357725744505363,0.011357725744505361,1.1357839322898592e-05
2026-01-01 13:45:00,31,0.0026933865494982133,0.0026933865494982137,2.69341348363305e-06
2026-01-01 13:45:00,32,0.0,0.0,0.0
2026-01-01 13:45:00,33,0.0,0.0,0.0
2026-01-01 13:45:00,34,0.0,0.0,0.0
2026-01-01 13:45:00,35,0.0,0.0,0.0
2026-01-01 13:45:00,36,0.0,0.0,0.0
2026-01-01 14:00:00,0,0.1494624956949033,0.14946249569490327,0.00014946399033480664
2026-01-01 14:00:00,1,0.14499460480179283,0.1449946048017928,0.00014499605476234043
2026-01-01 14:00:00,2,0.10398851273584157,0.1039885127358416,0.00010398955263136792
2026-01-01 14:00:00,3,0.09872235111026013,0.09872235111026009,9.872333834364357e-05
2026-01-01 14:00:00,4,0.09628906624880222,0.09628906624880226,9.629002914909376e-05
2026-01-01 14:00:00,5,0.04510291390913232,0.04510291390913232,4.510336494278175e-05
2026-01-01 14:00:00,6,0.03674295964756314,0.03674295964756314,3.6743327080833945e-05
2026-01-01 14:00:00,7,0.028351259201199467,0.02835125920119946,2.8351542716626634e-05
2026-01-01 14:00:00,8,0.025980937450803786,0.025980937450803793,2.5981197262776423e-05
2026-01-01 14:00:00,9,0.023602387198242893,0.02360238719824289,2.360262322447514e-05
2026-01-01 14:00:00,10,0.021570526732126928,0.021570526732126928,2.1570742439551324e-05
2026-01-01 14:00:00,11,0.01894314092187727,0.01894314092187727,1.894333035518082e-05
2026-01-01 14:00:00,12,0.01630656304939886,0.01630656304939886,1.6306726116660027e-05
2026-01-01 14:00:00,13,0.01091890565879268,0.01091890565879268,1.0919014848941168e-05
2026-01-01 14:00:00,14,0.008626411295326708,0.008626411295326708,8.626497560302311e-06
2026-01-01 14:00:00,15,0.006205130930108563,0.0062051309301085645,6.205192982038385e-06
2026-01-01 14:00:00,16,0.0037835782328501403,0.0037835782328501403,3.78361606901083e-06
2026-01-01 14:00:00,17,0.006774101977246075,0.006774101977246078,6.774169718943267e-06
2026-01-01 14:00:00,18,0.010649972746897654,0.010649972746897652,1.065007924769013e-05
2026-01-01 14:00:00,19,0.007101890928722994,0.007101890928722995,7.101961948342478e-06
2026-01-01 14:00:00,20,0.0035518380310002613,0.0035518380310002617,3.551873549735759e-06
2026-01-01 14:00:00,21,0.037856541786738265,0.037856541786738265,3.7856920355941826e-05
2026-01-01 14:00:00,22,0.034112860403131245,0.034112860403131245,3.41132015351466e-05
2026-01-01 14:00:00,23,0.017079064711298282,0.017079064711298286,1.7079235503653322e-05
2026-01-01 14:00:00,24,0.050397356906119385,0.05039735690611938,5.0397860884728236e-05
2026-01-01 14:00:00,25,0.048174606590600216,0.0481746065906002,4.817508834148363e-05
2026-01-01 14:00:00,26,0.04596885244668248,0.045968852446682494,4.596931213980389e-05
2026-01-01 14:00:00,27,0.0439123323618371,0.043912332361837086,4.3912771489552e-05
2026-01-01 14:00:00,28,0.0389762769311663,0.03897627693116631,3.897666669783329e-05
2026-01-01 14:00:00,29,0.017979053722179252,0.017979053722179252,1.7979233514514398e-05
2026-01-01 14:00:00,30,0.011648176789369642,0.01164817678936964,1.1648293272302365e-05
2026-01-01 14:00:00,31,0.002762277810694694,0.0027622778106946946,2.762305433749032e-06
2026-01-01 14:00:00,32,0.0,0.0,0.0
2026-01-01 14:00:00,33,0.0,0.0,0.0
2026-01-01 14:00:00,34,0.0,0.0,0.0
2026-01-01 14:00:00,35,0.0,0.0,0.0
2026-01-01 14:00:00,36,0.0,0.0,0.0
2026-01-01 14:15:00,0,0.16163536020131686,0.16163536020131683,0.00016163697657108257
2026-01-01 14:15:00,1,0.15607907959928152,0.15607907959928155,0.0001560806404056856
2026-01-01 14:15:00,2,0.11202875298831846,0.11202875298831846,0.00011202987328705132
2026-01-01 14:15:00,3,0.10637250621021686,0.10637250621021688,0.00010637356994591633
2026-01-01 14:15:00,4,0.10375783995962243,0.10375783995962243,0.0001037588775483979
2026-01-01 14:15:00,5,0.04858929426968739,0.04858929426968738,4.858978016748906e-05
2026-01-01 14:15:00,6,0.039593232809327604,0.039593232809327604,3.959362874561506e-05
2026-01-01 14:15:00,7,0.030560110388900708,0.03056011038890071,3.056041599306064e-05
2026-01-01 14:15:00,8,0.028007626512245157,0.028007626512245164,2.8007906591311078e-05
2026-01-01 14:15:00,9,0.02544526636118832,0.02544526636118832,2.5445520816396484e-05
2026-01-01 14:15:00,10,0.02325616863421573,0.023256168634215736,2.3256401198227718e-05
2026-01-01 14:15:00,11,0.020425184694611704,0.020425184694611707,2.0425388948501192e-05
2026-01-01 14:15:00,12,0.017583122040527626,0.017583122040527626,1.7583297873506362e-05
2026-01-01 14:15:00,13,0.011774636068643207,0.011774636068643207,1.1774753816181369e-05
2026-01-01 14:15:00,14,0.009302923076423957,0.009302923076423955,9.303016106585023e-06
2026-01-01 14:15:00,15,0.006692078006600725,0.006692078006600725,6.692144928050005e-06
2026-01-01 14:15:00,16,0.004080562614617803,0.004080562614617804,4.080603420652011e-06
2026-01-01 14:15:00,17,0.006827385962528542,0.006827385962528542,6.827454237070913e-06
2026-01-01 14:15:00,18,0.011427015314168438,0.011427015314168442,1.1427129585464296e-05
2026-01-01 14:15:00,19,0.0076202090771515995,0.007620209077151599,7.6202852800044e-06
2026-01-01 14:15:00,20,0.0038111326465627986,0.003811132646562798,3.8111707582703814e-06
2026-01-01 14:15:00,21,0.04066933393818514,0.04066933393818514,4.06697406355915e-05
2026-01-01 14:15:00,22,0.03664929651451531,0.036649296514515296,3.664966301114542e-05
2026-01-01 14:15:00,23,0.01835082215543999,0.01835082215543999,1.8351005665496644e-05
2026-01-01 14:15:00,24,0.05431673331481959,0.05431673331481958,5.431727648758447e-05
2026-01-01 14:15:00,25,0.0519248548286308,0.0519248548286308,5.192537408237163e-05
2026-01-01 14:15:00,26,0.04955086953015192,0.049550869530151934,4.9551365043802376e-05
2026-01-01 14:15:00,27,0.04733582357692006,0.04733582357692006,4.7336296939889454e-05
2026-01-01 14:15:00,28,0.04201662601618609,0.04201662601618608,4.201704618664796e-05
2026-01-01 14:15:00,29,0.01938481139239814,0.01938481139239814,1.9385005242450566e-05
2026-01-01 14:15:00,30,0.012559234097694712,0.012559234097694712,1.2559359691291625e-05
2026-01-01 14:15:00,31,0.0029783734930389476,0.0029783734930389476,2.9784032770717183e-06
2026-01-01 14:15:00,32,0.0,0.0,0.0
2026-01-01 14:15:00,33,0.0,0.0,0.0
2026-01-01 14:15:00,34,0.0,0.0,0.0
2026-01-01 14:15:00,35,0.0,0.0,0.0
2026-01-01 14:15:00,36,0.0,0.0,0.0
2026-01-01 14:30:00,0,0.15066868552965695,0.15066868552965695,0.00015067019223157925
2026-01-01 14:30:00,1,0.1457686181843575,0.1457686181843575,0.00014577007588511634
2026-01-01 14:30:00,2,0.10454951379954168,0.10454951379954165,0.00010455055930513474
2026-01-01 14:30:00,3,0.09925605351999182,0.09925605351999182,9.925704609045272e-05
2026-01-01 14:30:00,4,0.09681008076004369,0.09681008076004367,9.68110488705324e-05
2026-01-01 14:30:00,5,0.045346178787824556,0.04534617878782457,4.534663225414711e-05
2026-01-01 14:30:00,6,0.03694179061005377,0.03694179061005377,3.6942160031654086e-05
2026-01-01 14:30:00,7,0.028505298785685737,0.02850529878568574,2.8505583841524157e-05
2026-01-01 14:30:00,8,0.026122261218943878,0.026122261218943878,2.6122522444168322e-05
2026-01-01 14:30:00,9,0.023730885115238305,0.0237308851152383,2.373112242646257e-05
2026-01-01 14:30:00,10,0.021688054054436627,0.02168805405443663,2.1688270937146003e-05
2026-01-01 14:30:00,11,0.019046464346690824,0.019046464346690817,1.9046654813238958e-05
2026-01-01 14:30:00,12,0.016395556723579955,0.01639555672357996,1.6395720680786767e-05
2026-01-01 14:30:00,13,0.010978557128379657,0.010978557128379657,1.0978666915048808e-05
2026-01-01 14:30:00,14,0.008673567537536639,0.008673567537536639,8.67365427407938e-06
2026-01-01 14:30:00,15,0.006239071939196138,0.006239071939196137,6.239134330539444e-06
2026-01-01 14:30:00,16,0.003804278210495716,0.0038042782104957163,3.804316253658253e-06
2026-01-01 14:30:00,17,0.0065608338513606064,0.0065608338513606064,6.56089946035521e-06
2026-01-01 14:30:00,18,0.010704511915096783,0.010704511915096785,1.0704618961286398e-05
2026-01-01 14:30:00,19,0.007138270069972971,0.0071382700699729705,7.138341453387505e-06
2026-01-01 14:30:00,20,0.003570036814024303,0.003570036814024303,3.570072514749451e-06
2026-01-01 14:30:00,21,0.03805334864981931,0.03805334864981931,3.805372918711118e-05
2026-01-01 14:30:00,22,0.03429032289157963,0.03429032289157963,3.4290665798237606e-05
2026-01-01 14:30:00,23,0.01716803514553645,0.01716803514553645,1.7168206827604724e-05
2026-01-01 14:30:00,24,0.05067071874863305,0.05067071874863307,5.0671225460887674e-05
2026-01-01 14:30:00,25,0.04843615428327614,0.04843615428327612,4.8436638649662636e-05
2026-01-01 14:30:00,26,0.04621865062610581,0.04621865062610581,4.621911281723399e-05
2026-01-01 14:30:00,27,0.04415106701699151,0.04415106701699151,4.4151508532076825e-05
2026-01-01 14:30:00,28,0.039188285025273745,0.039188285025273745,3.918867691204286e-05
2026-01-01 14:30:00,29,0.018077062999004703,0.018077062999004703,1.8077243771442417e-05
2026-01-01 14:30:00,30,0.011711694096536801,0.0117116940965368,1.1711811214648947e-05
2026-01-01 14:30:00,31,0.002777343394035641,0.002777343394035641,2.7773711677473185e-06
2026-01-01 14:30:00,32,0.0,0.0,0.0
2026-01-01 14:30:00,33,0.0,0.0,0.0
2026-01-01 14:30:00,34,0.0,0.0,0.0
2026-01-01 14:30:00,35,0.0,0.0,0.0
2026-01-01 14:30:00,36,0.0,0.0,0.0
2026-01-01 14:45:00,0,0.16312601895711043,0.16312601895711043,0.00016312765023361277
2026-01-01 14:45:00,1,0.15752099365738198,0.15752099365738192,0.0001575225688830708
2026-01-01 14:45:00,2,0.11307566758615245,0.11307566758615246,0.000113076798354136
2026-01-01 14:45:00,3,0.10736881382789691,0.1073688138278969,0.00010736988752677218
2026-01-01 14:45:00,4,0.10473060402663179,0.1047306040266318,0.00010473165134314523
2026-01-01 14:45:00,5,0.049043240023833944,0.049043240023833944,4.9043730461138555e-05
2026-01-01 14:45:00,6,0.039964467378759146,0.03996446737875915,3.9964867027429424e-05
2026-01-01 14:45:00,7,0.03084791042311847,0.030847910423118463,3.084821890530752e-05
2026-01-01 14:45:00,8,0.028271720280174068,0.028271720280174068,2.827200300020407e-05
2026-01-01 14:45:00,9,0.025685427936536706,0.025685427936536706,2.5685684793384638e-05
2026-01-01 14:45:00,10,0.023475855311068567,0.023475855311068564,2.347609007196929e-05
2026-01-01 14:45:00,11,0.020618356393755668,0.020618356393755668,2.061856257938146e-05
2026-01-01 14:45:00,12,0.017749519622067594,0.017749519622067594,1.7749697119038784e-05
2026-01-01 14:45:00,13,0.011886190119510876,0.011886190119510875,1.1886308982600703e-05
2026-01-01 14:45:00,14,0.009391119118056132,0.009391119118056136,9.391213030186438e-06
2026-01-01 14:45:00,15,0.006755564401590223,0.006755564401590224,6.755631957909803e-06
2026-01-01 14:45:00,16,0.004119283154362772,0.004119283154362773,4.1193243476062494e-06
2026-01-01 14:45:00,17,0.006887646217004786,0.006887646217004787,6.887715094155729e-06
2026-01-01 14:45:00,18,0.01152766742694331,0.011527667426943314,1.1527782704770361e-05
2026-01-01 14:45:00,19,0.007687349519068286,0.007687349519068286,7.68742639333222e-06
2026-01-01 14:45:00,20,0.003844721126523959,0.0038447211265239586,3.8447595741197e-06
2026-01-01 14:45:00,21,0.041034327875827475,0.041034327875827475,4.103473822320971e-05
2026-01-01 14:45:00,22,0.03697844854224223,0.03697844854224223,3.697881833042553e-05
2026-01-01 14:45:00,23,0.018515876787527044,0.018515876787527037,1.8516061948146523e-05
2026-01-01 14:45:00,24,0.05482732455939757,0.05482732455939758,5.482787283812596e-05
2026-01-01 14:45:00,25,0.05241345480260541,0.05241345480260541,5.2413978942394833e-05
2026-01-01 14:45:00,26,0.05001759045681955,0.05001759045681954,5.001809063772592e-05
2026-01-01 14:45:00,27,0.04778190874599416,0.04778190874599416,4.7782386569859854e-05
2026-01-01 14:45:00,28,0.042412806411081624,0.04241280641108162,4.2413230543387056e-05
2026-01-01 14:45:00,29,0.019568029928802282,0.01956802992880229,1.95682256110584e-05
2026-01-01 14:45:00,30,0.012677979633668585,0.012677979633668584,1.2678106414732731e-05
2026-01-01 14:45:00,31,0.003006539525752519,0.0030065395257525204,3.006569591448435e-06
2026-01-01 14:45:00,32,0.0,0.0,0.0
2026-01-01 14:45:00,33,0.0,0.0,0.0
2026-01-01 14:45:00,34,0.0,0.0,0.0
2026-01-01 14:45:00,35,0.0,0.0,0.0
2026-01-01 14:45:00,36,0.0,0.0,0.0
2026-01-01 15:00:00,0,0.1528355069902828,0.1528355069902828,0.00015283703536063642
2026-01-01 15:00:00,1,0.1459817934016488,0.14598179340164877,0.00014598325323418113
2026-01-01 15:00:00,2,0.10470406507339092,0.10470406507339093,0.00010470511212451217
2026-01-01 15:00:00,3,0.09940309223185201,0.09940309223185202,9.940408627271475e-05
2026-01-01 15:00:00,4,0.09695362722655491,0.09695362722655489,9.695459677252264e-05
2026-01-01 15:00:00,5,0.04541319578222451,0.04541319578222452,4.5413649918723704e-05
2026-01-01 15:00:00,6,0.03699657132490719,0.03699657132490718,3.6996941294320134e-05
2026-01-01 15:00:00,7,0.028547743333722723,0.02854774333372272,2.8548028814010865e-05
2026-01-01 15:00:00,8,0.026161203187249217,0.026161203187249224,2.6161464801897243e-05
2026-01-01 15:00:00,9,0.02376629371447807,0.023766293714478075,2.3766531379791872e-05
2026-01-01 15:00:00,10,0.0217204402820479,0.021720440282047903,2.172065748862279e-05
2026-01-01 15:00:00,11,0.019074937301230083,0.01907493730123009,1.9075128052510615e-05
2026-01-01 15:00:00,12,0.01642008116151959,0.016420081161519582,1.6420245363973228e-05
2026-01-01 15:00:00,13,0.010994996034327676,0.010994996034327676,1.099510598538753e-05
2026-01-01 15:00:00,14,0.008686563191234028,0.008686563191234032,8.686650057734609e-06
2026-01-01 15:00:00,15,0.00624842578405991,0.00624842578405991,6.248488268942599e-06
2026-01-01 15:00:00,16,0.0038099829816500208,0.0038099829816500203,3.8100210818608392e-06
2026-01-01 15:00:00,17,0.005852998064719768,0.0058529980647197685,5.853056595285721e-06
2026-01-01 15:00:00,18,0.010720057811396642,0.01072005781139664,1.0720165013046773e-05
2026-01-01 15:00:00,19,0.007148639785503432,0.007148639785503432,7.148711272616159e-06
2026-01-01 15:00:00,20,0.003575224377512867,0.003575224377512867,3.5752601301141685e-06
2026-01-01 15:00:00,21,0.03810751376588722,0.03810751376588722,3.810789484483566e-05
2026-01-01 15:00:00,22,0.03433916491860653,0.03433916491860653,3.433950831368967e-05
2026-01-01 15:00:00,23,0.017192522878664917,0.017192522878664917,1.719269480561297e-05
2026-01-01 15:00:00,24,0.050746038395811294,0.05074603839581129,5.07465458612699e-05
2026-01-01 15:00:00,25,0.04850822051190027,0.04850822051190026,4.850870559895626e-05
2026-01-01 15:00:00,26,0.04628748106430812,0.04628748106430812,4.628794394374756e-05
2026-01-01 15:00:00,27,0.044216849770092624,0.04421684977009264,4.421729194301207e-05
2026-01-01 15:00:00,28,0.039246704088678586,0.039246704088678586,3.9247096559644184e-05
2026-01-01 15:00:00,29,0.018104071120026093,0.018104071120026096,1.810425216254772e-05
2026-01-01 15:00:00,30,0.011729197506769129,0.011729197506769127,1.1729314799917129e-05
2026-01-01 15:00:00,31,0.002781495024738139,0.0027814950247381383,2.781522839966539e-06
2026-01-01 15:00:00,32,0.0,0.0,0.0
2026-01-01 15:00:00,33,0.0,0.0,0.0
2026-01-01 15:00:00,34,0.0,0.0,0.0
2026-01-01 15:00:00,35,0.0,0.0,0.0
2026-01-01 15:00:00,36,0.0,0.0,0.0
2026-01-01 15:15:00,0,0.1637255353594408,0.1637255353594408,0.0001637271726311671
2026-01-01 15:15:00,1,0.15543838425375592,0.15543838425375592,0.00015543993865314244
2026-01-01 15:15:00,2,0.11156369894770862,0.11156369894770865,0.00011156481459585461
2026-01-01 15:15:00,3,0.10592995627577198,0.10592995627577197,0.00010593101558592784
2026-01-01 15:15:00,4,0.10332575784441177,0.1033257578444118,0.00010332679111232291
2026-01-01 15:15:00,5,0.048387643778850443,0.04838764377885042,4.838812766012704e-05
2026-01-01 15:15:00,6,0.03942833831618804,0.03942833831618804,3.942873260351408e-05
2026-01-01 15:15:00,7,0.030432289335151297,0.030432289335151304,3.0432593661087916e-05
2026-01-01 15:15:00,8,0.02789033772947857,0.027890337729478572,2.7890616635644926e-05
2026-01-01 15:15:00,9,0.025338608768846783,0.025338608768846787,2.5338862157468363e-05
2026-01-01 15:15:00,10,0.023158606115686542,0.023158606115686542,2.3158837704063585e-05
2026-01-01 15:15:00,11,0.02033939990323469,0.02033939990323469,2.033960329926768e-05
2026-01-01 15:15:00,12,0.017509228422365467,0.017509228422365464,1.7509403516400633e-05
2026-01-01 15:15:00,13,0.011725098639498414,0.011725098639498418,1.1725215891657335e-05
2026-01-01 15:15:00,14,0.009263758793143695,0.009263758793143693,9.263851431658013e-06
2026-01-01 15:15:00,15,0.006663886751462481,0.0066638867514624825,6.6639533909963926e-06
2026-01-01 15:15:00,16,0.004063368772619345,0.004063368772619345,4.063409406713412e-06
2026-01-01 15:15:00,17,0.006191230314268834,0.006191230314268833,6.191292227191106e-06
2026-01-01 15:15:00,18,0.011383103062100738,0.011383103062100735,1.1383216894269681e-05
2026-01-01 15:15:00,19,0.00759091757855092,0.007590917578550919,7.590993488485805e-06
2026-01-01 15:15:00,20,0.0037964791023655567,0.003796479102365557,3.796517067536232e-06
2026-01-01 15:15:00,21,0.040507038242436906,0.040507038242436906,4.0507443316870074e-05
2026-01-01 15:15:00,22,0.03650294051049015,0.036502940510490155,3.650330554354559e-05
2026-01-01 15:15:00,23,0.018277433893327786,0.018277433893327782,1.8277616669494482e-05
2026-01-01 15:15:00,24,0.054089953610527076,0.054089953610527076,5.409049451547224e-05
2026-01-01 15:15:00,25,0.05170784785081908,0.0517078478508191,5.170836493446845e-05
2026-01-01 15:15:00,26,0.049343584814937974,0.049343584814937974,4.934407825572053e-05
2026-01-01 15:15:00,27,0.04713770627409972,0.04713770627409972,4.713817765587628e-05
2026-01-01 15:15:00,28,0.04184067510987852,0.04184067510987852,4.184109352081372e-05
2026-01-01 15:15:00,29,0.019303445427637605,0.019303445427637605,1.9303638464022243e-05
2026-01-01 15:15:00,30,0.012506500544369062,0.01250650054436906,1.2506625610625167e-05
2026-01-01 15:15:00,31,0.002965865341225127,0.0029658653412251274,2.965895000175129e-06
2026-01-01 15:15:00,32,0.0,0.0,0.0
2026-01-01 15:15:00,33,0.0,0.0,0.0
2026-01-01 15:15:00,34,0.0,0.0,0.0
2026-01-01 15:15:00,35,0.0,0.0,0.0
2026-01-01 15:15:00,36,0.0,0.0,0.0
2026-01-01 15:30:00,0,0.17201796688601614,0.17201796688601614,0.00017201968708288699
2026-01-01 15:30:00,1,0.1605739780783426,0.1605739780783426,0.00016057558383418094
2026-01-01 15:30:00,2,0.11529320541088416,0.11529320541088416,0.00011529435835446769
2026-01-01 15:30:00,3,0.10947932200109087,0.10947932200109085,0.00010948041680525893
2026-01-01 15:30:00,4,0.10679130849351143,0.10679130849351146,0.00010679237641727564
2026-01-01 15:30:00,5,0.0500047606291641,0.0500047606291641,5.000526068177092e-05
2026-01-01 15:30:00,6,0.04075089389410713,0.04075089389410714,4.0751301407121216e-05
2026-01-01 15:30:00,7,0.03145768360028754,0.03145768360028755,3.145799818026935e-05
2026-01-01 15:30:00,8,0.028831291108668753,0.02883129110866875,2.8831579424462995e-05
2026-01-01 15:30:00,9,0.026194307813199463,0.026194307813199463,2.6194569758897055e-05
2026-01-01 15:30:00,10,0.023941364964031476,0.02394136496403148,2.3941604380075283e-05
2026-01-01 15:30:00,11,0.02102769892011585,0.021027698920115852,2.1027909199207845e-05
2026-01-01 15:30:00,12,0.01810213435573462,0.01810213435573462,1.810231537888841e-05
2026-01-01 15:30:00,13,0.01212259491819307,0.01212259491819307,1.2122716145354525e-05
2026-01-01 15:30:00,14,0.009578028232401435,0.009578028232401437,9.578124013641574e-06
2026-01-01 15:30:00,15,0.0068901110306710586,0.00689011103067106,6.890179932470385e-06
2026-01-01 15:30:00,16,0.004201344182313186,0.004201344182313187,4.201386196175149e-06
2026-01-01 15:30:00,17,0.00751857497887124,0.007518574978871242,7.518650165372895e-06
2026-01-01 15:30:00,18,0.011742272346755888,0.011742272346755886,1.1742389770653594e-05
2026-01-01 15:30:00,19,0.007830504413255094,0.007830504413255094,7.830582719082285e-06
2026-01-01 15:30:00,20,0.0039163383112182535,0.0039163383112182535,3.9163774749930035e-06
2026-01-01 15:30:00,21,0.04180633321181722,0.04180633321181722,4.180675127933001e-05
2026-01-01 15:30:00,22,0.037674660588416654,0.037674660588416654,3.767503733879005e-05
2026-01-01 15:30:00,23,0.018865012344646465,0.018865012344646468,1.8865200996656435e-05
2026-01-01 15:30:00,24,0.05590906365350137,0.055909063653501366,5.5909622749728876e-05
2026-01-01 15:30:00,25,0.053448639994771494,0.0534486399947715,5.3449174486516364e-05
2026-01-01 15:30:00,26,0.05100645525876213,0.051006455258762136,5.1006965328415415e-05
2026-01-01 15:30:00,27,0.048727068748050474,0.048727068748050474,4.872755602361071e-05
2026-01-01 15:30:00,28,0.043252245993789566,0.043252245993789566,4.325267852057477e-05
2026-01-01 15:30:00,29,0.019956272385390546,0.019956272385390557,1.995647195011006e-05
2026-01-01 15:30:00,30,0.012929606054136084,0.012929606054136084,1.2929735351489598e-05
2026-01-01 15:30:00,31,0.003066224908753249,0.0030662249087532486,3.0662555713089625e-06
2026-01-01 15:30:00,32,0.0,0.0,0.0
2026-01-01 15:30:00,33,0.0,0.0,0.0
2026-01-01 15:30:00,34,0.0,0.0,0.0
2026-01-01 15:30:00,35,0.0,0.0,0.0
2026-01-01 15:30:00,36,0.0,0.0,0.0
2026-01-01 15:45:00,0,0.17922164193979265,0.17922164193979262,0.0001792234341741344
2026-01-01 15:45:00,1,0.16539220800767657,0.16539220800767657,0.00016539386194629603
2026-01-01 15:45:00,2,0.1187949391986249,0.11879493919862492,0.00011879612715989652
2026-01-01 15:45:00,3,0.11281241331155578,0.11281241331155578,0.00011281354144697026
2026-01-01 15:45:00,4,0.11004590160520733,0.11004590160520733,0.00011004700207522809
2026-01-01 15:45:00,5,0.051523077077923224,0.05152307707792321,5.152359231384637e-05
2026-01-01 15:45:00,6,0.04199295052409556,0.04199295052409556,4.199337045780014e-05
2026-01-01 15:45:00,7,0.03242095536573928,0.03242095536573928,3.242127957853507e-05
2026-01-01 15:45:00,8,0.029715314057722174,0.029715314057722184,2.9715611213834322e-05
2026-01-01 15:45:00,9,0.026998287627559354,0.026998287627559344,2.6998557613135483e-05
2026-01-01 15:45:00,10,0.024676856392484094,0.024676856392484094,2.467710316351573e-05
2026-01-01 15:45:00,11,0.021674487340379772,0.02167448734037977,2.1674704087420646e-05
2026-01-01 15:45:00,12,0.018659307180650047,0.018659307180650054,1.865949377558781e-05
2026-01-01 15:45:00,13,0.01249616427765909,0.01249616427765909,1.2496289240551496e-05
2026-01-01 15:45:00,14,0.009873394408167818,0.009873394408167818,9.87349314309925e-06
2026-01-01 15:45:00,15,0.007102737879613355,0.007102737879613356,7.102808907702433e-06
2026-01-01 15:45:00,16,0.0043310285875691,0.004331028587569099,4.331071898288082e-06
2026-01-01 15:45:00,17,0.009284548637682334,0.009284548637682334,9.284641484097176e-06
2026-01-01 15:45:00,18,0.012078034607959053,0.012078034607959053,1.2078155389512948e-05
2026-01-01 15:45:00,19,0.008054481355545151,0.008054481355545153,8.054561901164164e-06
2026-01-01 15:45:00,20,0.004028390139309694,0.004028390139309694,4.02843042361393e-06
2026-01-01 15:45:00,21,0.043022907414750275,0.043022907414750275,4.3023337648126755e-05
2026-01-01 15:45:00,22,0.03877183138417841,0.03877183138417842,3.877221910636948e-05
2026-01-01 15:45:00,23,0.01941525796991062,0.019415257969910612,1.9415452124431863e-05
2026-01-01 15:45:00,24,0.05761774968574762,0.057617749685747614,5.7618325869006315e-05
2026-01-01 15:45:00,25,0.055083874040647116,0.0550838740406471,5.508442488489596e-05
2026-01-01 15:45:00,26,0.05256859707420454,0.05256859707420453,5.25691227654322e-05
2026-01-01 15:45:00,27,0.05022020768929902,0.05022020768929902,5.022070989639799e-05
2026-01-01 15:45:00,28,0.0445784087284108,0.0445784087284108,4.4578854516955966e-05
2026-01-01 15:45:00,29,0.02056970122676285,0.020569701226762854,2.056990692583211e-05
2026-01-01 15:45:00,30,0.01332718646289657,0.013327186462896568,1.332731973609393e-05
2026-01-01 15:45:00,31,0.0031605313841241668,0.0031605313841241668,3.1605629897540645e-06
2026-01-01 15:45:00,32,0.0,0.0,0.0
2026-01-01 15:45:00,33,0.0,0.0,0.0
2026-01-01 15:45:00,34,0.0,0.0,0.0
2026-01-01 15:45:00,35,0.0,0.0,0.0
2026-01-01 15:45:00,36,0.0,0.0,0.0
2026-01-01 16:00:00,0,0.18383354894446452,0.18383354894446452,0.0001838353872983375
2026-01-01 16:00:00,1,0.16866775618577473,0.1686677561857747,0.00016866944288020355
2026-01-01 16:00:00,2,0.12117700230680359,0.1211770023068036,0.0001211782140889445
2026-01-01 16:00:00,3,0.11508003248656397,0.11508003248656394,0.00011508118329839696
2026-01-01 16:00:00,4,0.1122602321494065,0.11226023214940652,0.00011226135476295415
2026-01-01 16:00:00,5,0.05255589412037001,0.052555894120370004,5.255641968456686e-05
2026-01-01 16:00:00,6,0.04283801458306323,0.04283801458306323,4.2838442967492906e-05
2026-01-01 16:00:00,7,0.03307650233694678,0.033076502336946784,3.307683310527784e-05
2026-01-01 16:00:00,8,0.030316971371959305,0.030316971371959302,3.031727454470475e-05
2026-01-01 16:00:00,9,0.02754549794366471,0.027545497943664714,2.7545773401398725e-05
2026-01-01 16:00:00,10,0.025177475766827658,0.025177475766827658,2.51777275441031e-05
2026-01-01 16:00:00,11,0.022114759590761326,0.022114759590761326,2.2114980740568732e-05
2026-01-01 16:00:00,12,0.01903859128091683,0.01903859128091683,1.9038781668733514e-05
2026-01-01 16:00:00,13,0.012750480374986599,0.012750480374986599,1.275060788106541e-05
2026-01-01 16:00:00,14,0.010074479600090456,0.010074479600090456,1.0074580345893916e-05
2026-01-01 16:00:00,15,0.007247499719330676,0.007247499719330673,7.247572195052627e-06
2026-01-01 16:00:00,16,0.004419322260614836,0.004419322260614836,4.419366454279379e-06
2026-01-01 16:00:00,17,0.010410013965457576,0.010410013965457576,1.0410118066638242e-05
2026-01-01 16:00:00,18,0.012305627050266254,0.012305627050266254,1.2305750107767333e-05
2026-01-01 16:00:00,19,0.008206303627515107,0.00820630362751511,8.206385691372023e-06
2026-01-01 16:00:00,20,0.004104345239648015,0.004104345239648015,4.10438628351085e-06
2026-01-01 16:00:00,21,0.043848613520558195,0.04384861352055818,4.3849052011078305e-05
2026-01-01 16:00:00,22,0.039516523926311935,0.03951652392631193,3.951691909550289e-05
2026-01-01 16:00:00,23,0.019788759345492634,0.019788759345492637,1.9788957235064987e-05
2026-01-01 16:00:00,24,0.05878046269337736,0.05878046269337735,5.87810505038824e-05
2026-01-01 16:00:00,25,0.056196667249305034,0.05619666724930504,5.619722922159726e-05
2026-01-01 16:00:00,26,0.053631708385178216,0.05363170838517823,5.36322447076253e-05
2026-01-01 16:00:00,27,0.051236388436205156,0.05123638843620516,5.1236900805213214e-05
2026-01-01 16:00:00,28,0.045480979761866616,0.04548097976186661,4.548143457621238e-05
2026-01-01 16:00:00,29,0.020987250481648637,0.020987250481648633,2.09874603562522e-05
2026-01-01 16:00:00,30,0.013597817031135911,0.013597817031135911,1.3597953010666017e-05
2026-01-01 16:00:00,31,0.0032247260090438783,0.0032247260090438783,3.2247582566264446e-06
2026-01-01 16:00:00,32,0.0,0.0,0.0
2026-01-01 16:00:00,33,0.0,0.0,0.0
2026-01-01 16:00:00,34,0.0,0.0,0.0
2026-01-01 16:00:00,35,0.0,0.0,0.0
2026-01-01 16:00:00,36,0.0,0.0,0.0
2026-01-01 16:15:00,0,0.18814316887549332,0.18814316887549332,0.00018814505032599657
2026-01-01 16:15:00,1,0.17170802078601177,0.17170802078601174,0.0001717097378833906
2026-01-01 16:15:00,2,0.12338905817231563,0.12338905817231563,0.0001233902920752364
2026-01-01 16:15:00,3,0.11718601341654501,0.11718601341654503,0.00011718718528839792
2026-01-01 16:15:00,4,0.11431680796996928,0.1143168079699693,0.0001143179511494808
2026-01-01 16:15:00,5,0.05351498328331906,0.05351498328331903,5.351551843850344e-05
2026-01-01 16:15:00,6,0.04362287761653655,0.04362287761653655,4.362331384967505e-05
2026-01-01 16:15:00,7,0.033685467112819396,0.0336854671128194,3.368580397085911e-05
2026-01-01 16:15:00,8,0.03087590692517783,0.030875906925177825,3.0876215687334706e-05
2026-01-01 16:15:00,9,0.02805387426706856,0.02805387426706856,2.805415480861665e-05
2026-01-01 16:15:00,10,0.025642585231385386,0.02564258523138539,2.5642841659801986e-05
2026-01-01 16:15:00,11,0.02252382403792342,0.022523824037923423,2.2524049278416207e-05
2026-01-01 16:15:00,12,0.01939100060199357,0.01939100060199357,1.9391194513938713e-05
2026-01-01 16:15:00,13,0.012986788475055381,0.012986788475055381,1.2986918344238825e-05
2026-01-01 16:15:00,14,0.010261331728199305,0.010261331728199301,1.026143434254273e-05
2026-01-01 16:15:00,15,0.0073820192031398,0.007382019203139802,7.382093024070042e-06
2026-01-01 16:15:00,16,0.0045013697500905295,0.0045013697500905295,4.501414764238172e-06
2026-01-01 16:15:00,17,0.011537644946157171,0.011537644946157171,1.153776032376041e-05
2026-01-01 16:15:00,18,0.012516461313346891,0.012516461313346895,1.2516586479211687e-05
2026-01-01 16:15:00,19,0.008346948452070138,0.008346948452070136,8.347031922389362e-06
2026-01-01 16:15:00,20,0.004174709124871483,0.004174709124871483,4.174750872380208e-06
2026-01-01 16:15:00,21,0.044614021637281454,0.044614021637281454,4.4614467781959276e-05
2026-01-01 16:15:00,22,0.040206854359065736,0.04020685435906572,4.020725643163005e-05
2026-01-01 16:15:00,23,0.020135015886454645,0.02013501588645465,2.0135217238627033e-05
2026-01-01 16:15:00,24,0.05986046737357588,0.05986046737357587,5.986106598423572e-05
2026-01-01 16:15:00,25,0.05723034863443443,0.05723034863443443,5.723092094364387e-05
2026-01-01 16:15:00,26,0.05461928241547077,0.05461928241547077,5.46198286137569e-05
2026-01-01 16:15:00,27,0.05218038780342666,0.05218038780342666,5.218090961252279e-05
2026-01-01 16:15:00,28,0.046319460392633315,0.0463194603926333,4.631992359186924e-05
2026-01-01 16:15:00,29,0.02137519163532834,0.02137519163532834,2.1375405389382234e-05
2026-01-01 16:15:00,30,0.01384926120431925,0.013849261204319252,1.3849399698316234e-05
2026-01-01 16:15:00,31,0.0032843701180992517,0.003284370118099252,3.2844029621288733e-06
2026-01-01 16:15:00,32,0.0,0.0,0.0
2026-01-01 16:15:00,33,0.0,0.0,0.0
2026-01-01 16:15:00,34,0.0,0.0,0.0
2026-01-01 16:15:00,35,0.0,0.0,0.0
2026-01-01 16:15:00,36,0.0,0.0,0.0
2026-01-01 16:30:00,0,0.1825868838030291,0.1825868838030291,0.000182588709690126
2026-01-01 16:30:00,1,0.16820159496691142,0.16820159496691145,0.00016820327699968145
2026-01-01 16:30:00,2,0.12083790981903655,0.12083790981903655,0.00012083911821021866
2026-01-01 16:30:00,3,0.1147572151975451,0.11475721519754511,0.00011475836278117293
2026-01-01 16:30:00,4,0.11194499417730495,0.11194499417730494,0.00011194611363844132
2026-01-01 16:30:00,5,0.05240887132338587,0.05240887132338589,5.2409395417340065e-05
2026-01-01 16:30:00,6,0.042717708740688975,0.042717708740688975,4.27181359220482e-05
2026-01-01 16:30:00,7,0.032983167298568095,0.032983167298568095,3.298349713353943e-05
2026-01-01 16:30:00,8,0.030231306519157192,0.030231306519157196,3.0231608835245548e-05
2026-01-01 16:30:00,9,0.02746758360971643,0.02746758360971643,2.7467858288299312e-05
2026-01-01 16:30:00,10,0.02510619386128151,0.025106193861281514,2.5106444925730773e-05
2026-01-01 16:30:00,11,0.022052068640932933,0.02205206864093293,2.205228916382457e-05
2026-01-01 16:30:00,12,0.0189845837196967,0.018984583719696697,1.8984773567432377e-05
2026-01-01 16:30:00,13,0.012714266484388139,0.012714266484388139,1.2714393628324421e-05
2026-01-01 16:30:00,14,0.010045845188443578,0.010045845188443576,1.0045945647900058e-05
2026-01-01 16:30:00,15,0.007226885396443617,0.007226885396443618,7.226957666020278e-06
2026-01-01 16:30:00,16,0.00440674902792336,0.00440674902792336,4.406793095854319e-06
2026-01-01 16:30:00,17,0.009720546477891409,0.00972054647789141,9.720643684328253e-06
2026-01-01 16:30:00,18,0.012273075007108548,0.012273075007108546,1.227319773908594e-05
2026-01-01 16:30:00,19,0.008184588652032698,0.008184588652032698,8.184670498737686e-06
2026-01-01 16:30:00,20,0.00409348138321282,0.004093481383212821,4.093522318436006e-06
2026-01-01 16:30:00,21,0.04373118194164073,0.04373118194164073,4.373161925783331e-05
2026-01-01 16:30:00,22,0.03941061244365455,0.039410612443654534,3.9411006553720084e-05
2026-01-01 16:30:00,23,0.01973563764475417,0.01973563764475417,1.9735835003104204e-05
2026-01-01 16:30:00,24,0.05861492569212689,0.05861492569212691,5.861551184724538e-05
2026-01-01 16:30:00,25,0.05603823375820116,0.056038233758201154,5.6038794146142626e-05
2026-01-01 16:30:00,26,0.05348034493820434,0.05348034493820433,5.348087974700181e-05
2026-01-01 16:30:00,27,0.05109170515774112,0.05109170515774113,5.109221607990193e-05
2026-01-01 16:30:00,28,0.045352470498417036,0.045352470498417036,4.535292402765731e-05
2026-01-01 16:30:00,29,0.020927795959930568,0.020927795959930565,2.0928005239982968e-05
2026-01-01 16:30:00,30,0.013559281846622653,0.013559281846622655,1.3559417440797063e-05
2026-01-01 16:30:00,31,0.0032155852677338633,0.0032155852677338624,3.2156174239081023e-06
2026-01-01 16:30:00,32,0.0,0.0,0.0
2026-01-01 16:30:00,33,0.0,0.0,0.0
2026-01-01 16:30:00,34,0.0,0.0,0.0
2026-01-01 16:30:00,35,0.0,0.0,0.0
2026-01-01 16:30:00,36,0.0,0.0,0.0
2026-01-01 16:45:00,0,0.18854427521472736,0.18854427521472733,0.00018854616067633413
2026-01-01 16:45:00,1,0.17005489413706304,0.17005489413706298,0.00017005659470301006
2026-01-01 16:45:00,2,0.12218619742657674,0.1221861974265768,0.0001221874193007698
2026-01-01 16:45:00,3,0.11604082127009664,0.11604082127009666,0.00011604198168991355
2026-01-01 16:45:00,4,0.11319847613736564,0.11319847613736564,0.00011319960813344699
2026-01-01 16:45:00,5,0.05299345578539608,0.052993455785396104,5.299398572525336e-05
2026-01-01 16:45:00,6,0.04319608187061208,0.04319608187061208,4.3196513835750436e-05
2026-01-01 16:45:00,7,0.03335431446902474,0.03335431446902473,3.335464801550489e-05
2026-01-01 16:45:00,8,0.03057195798132524,0.030571957981325247,3.057226370396229e-05
2026-01-01 16:45:00,9,0.02777741801537176,0.02777741801537176,2.7777695792329686e-05
2026-01-01 16:45:00,10,0.025389656459016266,0.025389656459016263,2.5389910358119848e-05
2026-01-01 16:45:00,11,0.022301371419668706,0.022301371419668706,2.2301594435613063e-05
2026-01-01 16:45:00,12,0.019199356856433664,0.019199356856433664,1.9199548851922183e-05
2026-01-01 16:45:00,13,0.012858280961735915,0.012858280961735916,1.2858409545831374e-05
2026-01-01 16:45:00,14,0.010159718663410738,0.010159718663410738,1.0159820261613355e-05
2026-01-01 16:45:00,15,0.007308865169368461,0.007308865169368462,7.308938258751049e-06
2026-01-01 16:45:00,16,0.004456750841565197,0.004456750841565197,4.456795409519291e-06
2026-01-01 16:45:00,17,0.013635097001980274,0.013635097001980272,1.3635233354313817e-05
2026-01-01 16:45:00,18,0.012402762826615437,0.012402762826615437,1.2402886855483991e-05
2026-01-01 16:45:00,19,0.008271101761788479,0.008271101761788479,8.271184473633215e-06
2026-01-01 16:45:00,20,0.004136763464475826,0.004136763464475826,4.136804832524151e-06
2026-01-01 16:45:00,21,0.04419789657996925,0.044197896579969254,4.419833856335489e-05
2026-01-01 16:45:00,22,0.03983154526935058,0.03983154526935058,3.983194358878647e-05
2026-01-01 16:45:00,23,0.01994676688499197,0.019946766884991966,1.9946966354655518e-05
2026-01-01 16:45:00,24,0.05927317069563533,0.05927317069563535,5.9273763433269686e-05
2026-01-01 16:45:00,25,0.05666823926556875,0.05666823926556873,5.666880595362828e-05
2026-01-01 16:45:00,26,0.0540822432406787,0.0540822432406787,5.4082784068519395e-05
2026-01-01 16:45:00,27,0.05166704300566736,0.05166704300566738,5.166755968126419e-05
2026-01-01 16:45:00,28,0.04586349509562775,0.04586349509562775,4.58639537351651e-05
2026-01-01 16:45:00,29,0.02116422675905747,0.02116422675905747,2.1164438403441506e-05
2026-01-01 16:45:00,30,0.013712524009346845,0.013712524009346841,1.3712661135958205e-05
2026-01-01 16:45:00,31,0.0032519351746578542,0.0032519351746578547,3.2519676943347977e-06
2026-01-01 16:45:00,32,0.0,0.0,0.0
2026-01-01 16:45:00,33,0.0,0.0,0.0
2026-01-01 16:45:00,34,0.0,0.0,0.0
2026-01-01 16:45:00,35,0.0,0.0,0.0
2026-01-01 16:45:00,36,0.0,0.0,0.0
2026-01-01 17:00:00,0,0.19833821267127166,0.1983382126712717,0.0001983401960732324
2026-01-01 17:00:00,1,0.17937654905337436,0.17937654905337436,0.00017937834283680273
2026-01-01 17:00:00,2,0.12897327696282276,0.12897327696282276,0.00012897456670848983
2026-01-01 17:00:00,3,0.12250331214611154,0.12250331214611154,0.00012250453719148347
2026-01-01 17:00:00,4,0.11950972996689947,0.11950972996689947,0.00011951092507615024
2026-01-01 17:00:00,5,0.0559360832416639,0.05593608324166392,5.5936642608090005e-05
2026-01-01 17:00:00,6,0.04560469813914788,0.04560469813914788,4.560515419068979e-05
2026-01-01 17:00:00,7,0.0352236416588924,0.0352236416588924,3.522399389883139e-05
2026-01-01 17:00:00,8,0.03228784711995298,0.03228784711995298,3.2288170001653e-05
2026-01-01 17:00:00,9,0.029338188731706526,0.02933818873170653,2.9338482116527696e-05
2026-01-01 17:00:00,10,0.02681767024997649,0.026817670249976486,2.681793842936078e-05
2026-01-01 17:00:00,11,0.02355740575280667,0.023557405752806668,2.3557641329219963e-05
2026-01-01 17:00:00,12,0.020281475011759278,0.020281475011759285,2.028167782853757e-05
2026-01-01 17:00:00,13,0.01358394772767478,0.013583947727674784,1.358408356851047e-05
2026-01-01 17:00:00,14,0.010733538383734803,0.0107335383837348,1.0733645720192004e-05
2026-01-01 17:00:00,15,0.007721989997052509,0.0077219899970525085,7.722067217724686e-06
2026-01-01 17:00:00,16,0.004708731956173217,0.004708731956173217,4.708779043963657e-06
2026-01-01 17:00:00,17,0.013844723481679944,0.013844723481679946,1.3844861930299249e-05
2026-01-01 17:00:00,18,0.013046224358749461,0.013046224358749463,1.3046354822297686e-05
2026-01-01 17:00:00,19,0.008700353232863845,0.008700353232863845,8.700440237266219e-06
2026-01-01 17:00:00,20,0.004351518848876393,0.004351518848876394,4.3515623645000385e-06
2026-01-01 17:00:00,21,0.04654039695430407,0.04654039695430409,4.654086236292772e-05
2026-01-01 17:00:00,22,0.04194435854117013,0.04194435854117013,4.194477798895002e-05
2026-01-01 17:00:00,23,0.021006602026970158,0.021006602026970158,2.100681209509111e-05
2026-01-01 17:00:00,24,0.0625880575935827,0.06258805759358271,6.258868348041752e-05
2026-01-01 17:00:00,25,0.0598411429805511,0.059841142980551106,5.984174139796509e-05
2026-01-01 17:00:00,26,0.057113804716113235,0.05711380471611326,5.711437585987186e-05
2026-01-01 17:00:00,27,0.054564936138449656,0.05456493613844965,5.4565481793267584e-05
2026-01-01 17:00:00,28,0.04843755815308967,0.04843755815308967,4.8438042533515006e-05
2026-01-01 17:00:00,29,0.022355353926815705,0.02235535392681571,2.2355577482590534e-05
2026-01-01 17:00:00,30,0.014484570082578719,0.014484570082578719,1.4484714929728015e-05
2026-01-01 17:00:00,31,0.003435071762778491,0.00343507176277849,3.4351061138396294e-06
2026-01-01 17:00:00,32,0.0,0.0,0.0
2026-01-01 17:00:00,33,0.0,0.0,0.0
2026-01-01 17:00:00,34,0.0,0.0,0.0
2026-01-01 17:00:00,35,0.0,0.0,0.0
2026-01-01 17:00:00,36,0.0,0.0,0.0
2026-01-01 17:15:00,0,0.19703898817329363,0.19703898817329366,0.00019704095858287947
2026-01-01 17:15:00,1,0.17591807773514057,0.17591807773514057,0.0001759198369335099
2026-01-01 17:15:00,2,0.12645406258072325,0.1264540625807232,0.0001264553271339946
2026-01-01 17:15:00,3,0.12010437542855329,0.1201043754285533,0.00012010557648431816
2026-01-01 17:15:00,4,0.11716684813578698,0.11716684813578698,0.00011716801981598516
2026-01-01 17:15:00,5,0.0548438617278208,0.05484386172782081,5.484441017192253e-05
2026-01-01 17:15:00,6,0.04471056100999637,0.04471056100999637,4.471100812007757e-05
2026-01-01 17:15:00,7,0.03452958223330289,0.03452958223330288,3.452992753257821e-05
2026-01-01 17:15:00,8,0.031650725884047486,0.03165072588404749,3.165104239447144e-05
2026-01-01 17:15:00,9,0.02875864200607688,0.028758642006076876,2.875892959537283e-05
2026-01-01 17:15:00,10,0.02628740099969073,0.026287400999690732,2.6287663876329497e-05
2026-01-01 17:15:00,11,0.02309097630520324,0.02309097630520324,2.3091207217275412e-05
2026-01-01 17:15:00,12,0.01987961933752569,0.019879619337525686,1.9879818135707046e-05
2026-01-01 17:15:00,13,0.01331445172821969,0.013314451728219693,1.3314584874068434e-05
2026-01-01 17:15:00,14,0.010520429103121384,0.010520429103121384,1.0520534308464468e-05
2026-01-01 17:15:00,15,0.007568556605057947,0.007568556605057948,7.568632291380862e-06
2026-01-01 17:15:00,16,0.004615145985493479,0.0046151459854934795,4.615192137414853e-06
2026-01-01 17:15:00,17,0.016208413892003438,0.01620841389200344,1.620857597776322e-05
2026-01-01 17:15:00,18,0.012808726733573713,0.012808726733573712,1.2808854822121933e-05
2026-01-01 17:15:00,19,0.008541917820118896,0.008541917820118896,8.542003240151297e-06
2026-01-01 17:15:00,20,0.004272252642824171,0.004272252642824171,4.272295365777829e-06
2026-01-01 17:15:00,21,0.045672292290667035,0.04567229229066703,4.5672749018157216e-05
2026-01-01 17:15:00,22,0.041161353728110715,0.041161353728110715,4.1161765345764176e-05
2026-01-01 17:15:00,23,0.020613808599912072,0.020613808599912083,2.0614014740059484e-05
2026-01-01 17:15:00,24,0.061357367623874406,0.06135736762387441,6.135798120368646e-05
2026-01-01 17:15:00,25,0.058663119844487445,0.058663119844487445,5.866370648155226e-05
2026-01-01 17:15:00,26,0.055988215511145155,0.055988215511145155,5.598877539889914e-05
2026-01-01 17:15:00,27,0.05348895503664357,0.05348895503664357,5.348948993154288e-05
2026-01-01 17:15:00,28,0.04748179308643959,0.0474817930864396,4.748226790911869e-05
2026-01-01 17:15:00,29,0.02191303900572661,0.0219130390057266,2.1913258138307992e-05
2026-01-01 17:15:00,30,0.01419787347943272,0.01419787347943272,1.4198015459587315e-05
2026-01-01 17:15:00,31,0.0033670640514426265,0.0033670640514426265,3.367097722419851e-06
2026-01-01 17:15:00,32,0.0,0.0,0.0
2026-01-01 17:15:00,33,0.0,0.0,0.0
2026-01-01 17:15:00,34,0.0,0.0,0.0
2026-01-01 17:15:00,35,0.0,0.0,0.0
2026-01-01 17:15:00,36,0.0,0.0,0.0
2026-01-01 17:30:00,0,0.191678047472014,0.19167804747201403,0.00019167996427165676
2026-01-01 17:30:00,1,0.17203688238225498,0.17203688238225498,0.00017203860276828267
2026-01-01 17:30:00,2,0.12362846935386626,0.12362846935386626,0.00012362970565092278
2026-01-01 17:30:00,3,0.11741396913891106,0.11741396913891104,0.00011741514329034396
2026-01-01 17:30:00,4,0.11453942653209358,0.11453942653209356,0.00011454057193781294
2026-01-01 17:30:00,5,0.0536187839369318,0.05361878393693179,5.36193201301331e-05
2026-01-01 17:30:00,6,0.04370783725667715,0.04370783725667715,4.370827433942055e-05
2026-01-01 17:30:00,7,0.03375140055018449,0.0337514005501845,3.3751738067565184e-05
2026-01-01 17:30:00,8,0.030936427411922145,0.03093642741192214,3.093673677928994e-05
2026-01-01 17:30:00,9,0.02810892291782152,0.028108922917821525,2.8109204009861625e-05
2026-01-01 17:30:00,10,0.025692950940039386,0.025692950940039382,2.5693207872118108e-05
2026-01-01 17:30:00,11,0.022568123356606715,0.022568123356606715,2.2568349040097116e-05
2026-01-01 17:30:00,12,0.019429165700565132,0.019429165700565135,1.9429359994165076e-05
2026-01-01 17:30:00,13,0.013012381523993774,0.013012381523993772,1.3012511649110265e-05
2026-01-01 17:30:00,14,0.010281569192785315,0.010281569192785316,1.028167200950541e-05
2026-01-01 17:30:00,15,0.0073965891437654295,0.007396589143765429,7.396663110396534e-06
2026-01-01 17:30:00,16,0.004510256500896887,0.004510256500896887,4.510301603912927e-06
2026-01-01 17:30:00,17,0.014771244149021524,0.014771244149021522,1.4771391862940152e-05
2026-01-01 17:30:00,18,0.012540248498264123,0.012540248498264127,1.2540373902003147e-05
2026-01-01 17:30:00,19,0.00836281701250566,0.008362817012505658,8.362900641512074e-06
2026-01-01 17:30:00,20,0.004182648288080976,0.004182648288080976,4.182690114982126e-06
2026-01-01 17:30:00,21,0.04469669274528072,0.04469669274528071,4.469713971667789e-05
2026-01-01 17:30:00,22,0.04028141898140588,0.04028141898140588,4.028182179962388e-05
2026-01-01 17:30:00,23,0.0201724187562657,0.020172418756265697,2.0172620482470524e-05
2026-01-01 17:30:00,24,0.059977390273451434,0.05997739027345144,5.9977990053351976e-05
2026-01-01 17:30:00,25,0.05734226207814466,0.05734226207814466,5.7342835506499734e-05
2026-01-01 17:30:00,26,0.05472620915814486,0.05472620915814487,5.472675642570912e-05
2026-01-01 17:30:00,27,0.052282599218730734,0.052282599218730734,5.2283122049951235e-05
2026-01-01 17:30:00,28,0.046410249325781035,0.04641024932578104,4.641071343291537e-05
2026-01-01 17:30:00,29,0.021417202107829502,0.021417202107829506,2.1417416281992325e-05
2026-01-01 17:30:00,30,0.013876490763675121,0.01387649076367512,1.387662952997042e-05
2026-01-01 17:30:00,31,0.003290829206375539,0.00329082920637554,3.2908621149966902e-06
2026-01-01 17:30:00,32,0.0,0.0,0.0
2026-01-01 17:30:00,33,0.0,0.0,0.0
2026-01-01 17:30:00,34,0.0,0.0,0.0
2026-01-01 17:30:00,35,0.0,0.0,0.0
2026-01-01 17:30:00,36,0.0,0.0,0.0
2026-01-01 17:45:00,0,0.1954392316307822,0.19543923163078225,0.00019544118604264266
2026-01-01 17:45:00,1,0.17439936169293768,0.1743993616929377,0.00017440110570399474
2026-01-01 17:45:00,2,0.1253482105379777,0.12534821053797768,0.00012534946403261802
2026-01-01 17:45:00,3,0.11905139596204008,0.11905139596204005,0.00011905258648790496
2026-01-01 17:45:00,4,0.11613850477612275,0.11613850477612277,0.00011613966617278449
2026-01-01 17:45:00,5,0.054364406151253465,0.054364406151253465,5.436494980075147e-05
2026-01-01 17:45:00,6,0.04431810553368302,0.04431810553368302,4.431854871917021e-05
2026-01-01 17:45:00,7,0.03422498918479629,0.03422498918479628,3.4225331438110666e-05
2026-01-01 17:45:00,8,0.031371132234099604,0.031371132234099604,3.137144594855909e-05
2026-01-01 17:45:00,9,0.028504322425963652,0.028504322425963655,2.8504607472038377e-05
2026-01-01 17:45:00,10,0.026054712233247526,0.026054712233247533,2.6054972782975363e-05
2026-01-01 17:45:00,11,0.022886309335147986,0.02288630933514799,2.2886538200529994e-05
2026-01-01 17:45:00,12,0.019703290765138007,0.019703290765138003,1.9703487800016005e-05
2026-01-01 17:45:00,13,0.013196205217048814,0.013196205217048817,1.3196337180420622e-05
2026-01-01 17:45:00,14,0.010426925483610818,0.010426925483610816,1.0427029753908357e-05
2026-01-01 17:45:00,15,0.007501237842249372,0.007501237842249371,7.501312855377926e-06
2026-01-01 17:45:00,16,0.004574085559898177,0.004574085559898177,4.574131301211189e-06
2026-01-01 17:45:00,17,0.016173433327757912,0.016173433327757912,1.617359506370855e-05
2026-01-01 17:45:00,18,0.012703914249487245,0.012703914249487252,1.2704041289900151e-05
2026-01-01 17:45:00,19,0.00847199757267225,0.00847199757267225,8.472082293495185e-06
2026-01-01 17:45:00,20,0.004237271345048828,0.004237271345048828,4.237313718186009e-06
2026-01-01 17:45:00,21,0.04529071402839762,0.0452907140283976,4.529116694006702e-05
2026-01-01 17:45:00,22,0.0408171886085252,0.04081718860852519,4.0817596784493045e-05
2026-01-01 17:45:00,23,0.02044116609205023,0.02044116609205023,2.0441370505755284e-05
2026-01-01 17:45:00,24,0.06081723749483184,0.060817237494831845,6.0817845673288575e-05
2026-01-01 17:45:00,25,0.05814612134270293,0.05814612134270292,5.8146702809731035e-05
2026-01-01 17:45:00,26,0.05549424456359682,0.0554942445635968,5.5494799511591935e-05
2026-01-01 17:45:00,27,0.053016762867256755,0.053016762867256775,5.301729304018718e-05
2026-01-01 17:45:00,28,0.04706236534559978,0.047062365345599766,4.706283597395952e-05
2026-01-01 17:45:00,29,0.02171894923263912,0.02171894923263912,2.1719166424303365e-05
2026-01-01 17:45:00,30,0.014072071152298722,0.014072071152298722,1.4072211874417467e-05
2026-01-01 17:45:00,31,0.003337222516006641,0.00333722251600664,3.337255888565527e-06
2026-01-01 17:45:00,32,0.0,0.0,0.0
2026-01-01 17:45:00,33,0.0,0.0,0.0
2026-01-01 17:45:00,34,0.0,0.0,0.0
2026-01-01 17:45:00,35,0.0,0.0,0.0
2026-01-01 17:45:00,36,0.0,0.0,0.0
2026-01-01 18:00:00,0,0.19885518542060696,0.19885518542060698,0.0001988571739923469
2026-01-01 18:00:00,1,0.17683000669582405,0.17683000669582408,0.00017683177501357422
2026-01-01 18:00:00,2,0.12711823184695237,0.12711823184695234,0.00012711950304198277
2026-01-01 18:00:00,3,0.12073681694721627,0.12073681694721626,0.00012073802432745954
2026-01-01 18:00:00,4,0.11778450421422165,0.1177845042142217,0.0001177856820710424
2026-01-01 18:00:00,5,0.05513181822068063,0.05513181822068062,5.513236954437608e-05
2026-01-01 18:00:00,6,0.04494628286682836,0.044946282866828356,4.494673233415171e-05
2026-01-01 18:00:00,7,0.034712546952660545,0.03471254695266054,3.471289408160136e-05
2026-01-01 18:00:00,8,0.03181867803063766,0.031818678030637676,3.181899622059988e-05
2026-01-01 18:00:00,9,0.028911414928122332,0.02891141492812232,2.8911704045162784e-05
2026-01-01 18:00:00,10,0.026427182412511734,0.026427182412511737,2.6427446686978607e-05
2026-01-01 18:00:00,11,0.02321392730820807,0.023213927308208072,2.321415944980257e-05
2026-01-01 18:00:00,12,0.019985547773728848,0.019985547773728848,1.998574763120516e-05
2026-01-01 18:00:00,13,0.01338548929957447,0.013385489299574473,1.3385623155806033e-05
2026-01-01 18:00:00,14,0.010576602944986049,0.010576602944986052,1.0576708712073174e-05
2026-01-01 18:00:00,15,0.007609000013438892,0.007609000013438888,7.609076104199935e-06
2026-01-01 18:00:00,16,0.00463981416707124,0.004639814167071238,4.6398605656768965e-06
2026-01-01 18:00:00,17,0.01714514564391543,0.017145145643915435,1.7145317097086405e-05
2026-01-01 18:00:00,18,0.012871898461156193,0.012871898461156191,1.2872027181428007e-05
2026-01-01 18:00:00,19,0.008584059863710556,0.008584059863710556,8.584145705167608e-06
2026-01-01 18:00:00,20,0.004293336558085602,0.004293336558085602,4.293379491880521e-06
2026-01-01 18:00:00,21,0.04590128103261634,0.04590128103261634,4.5901740050016846e-05
2026-01-01 18:00:00,22,0.0413678931856248,0.04136789318562478,4.136830686869349e-05
2026-01-01 18:00:00,23,0.020717417163418097,0.020717417163418097,2.071762433966149e-05
2026-01-01 18:00:00,24,0.06168180425763929,0.061681804257639285,6.16824210818501e-05
2026-01-01 18:00:00,25,0.05897366830775904,0.05897366830775904,5.897425805033954e-05
2026-01-01 18:00:00,26,0.05628493763349246,0.05628493763349247,5.628550048849735e-05
2026-01-01 18:00:00,27,0.053772597809908375,0.05377259780990837,5.377313554126379e-05
2026-01-01 18:00:00,28,0.04773374346092055,0.04773374346092055,4.7734220803128576e-05
2026-01-01 18:00:00,29,0.022029634411958546,0.022029634411958543,2.202985471050565e-05
2026-01-01 18:00:00,30,0.014273447134795086,0.014273447134795088,1.4273589870693794e-05
2026-01-01 18:00:00,31,0.0033849909348305307,0.0033849909348305307,3.3850247850783813e-06
2026-01-01 18:00:00,32,0.0,0.0,0.0
2026-01-01 18:00:00,33,0.0,0.0,0.0
2026-01-01 18:00:00,34,0.0,0.0,0.0
2026-01-01 18:00:00,35,0.0,0.0,0.0
2026-01-01 18:00:00,36,0.0,0.0,0.0
2026-01-01 18:15:00,0,0.20836572333208667,0.20836572333208667,0.00020836780701015677
2026-01-01 18:15:00,1,0.1853410318345596,0.18534103183455966,0.0001853428852634123
2026-01-01 18:15:00,2,0.13332137199270164,0.1333213719927016,0.00013332270521975383
2026-01-01 18:15:00,3,0.1266444427350679,0.12664444273506786,0.0001266457091921598
2026-01-01 18:15:00,4,0.12355436382371526,0.12355436382371533,0.00012355559937970913
2026-01-01 18:15:00,5,0.05782117566697638,0.05782117566697637,5.7821753884515227e-05
2026-01-01 18:15:00,6,0.047148303093990596,0.047148303093990596,4.714877458173641e-05
2026-01-01 18:15:00,7,0.036422212513812065,0.03642221251381206,3.642257673957946e-05
2026-01-01 18:15:00,8,0.033388189801761434,0.03338818980176144,3.338852368699831e-05
2026-01-01 18:15:00,9,0.030339165681093225,0.030339165681093228,3.033946907578399e-05
2026-01-01 18:15:00,10,0.02773359239395728,0.02773359239395728,2.773386973265461e-05
2026-01-01 18:15:00,11,0.024363127148444002,0.02436312714844401,2.4363370782151832e-05
2026-01-01 18:15:00,12,0.02097568194642118,0.02097568194642118,2.0975891705338232e-05
2026-01-01 18:15:00,13,0.014049540855503043,0.014049540855503041,1.4049681352316566e-05
2026-01-01 18:15:00,14,0.011101733323572335,0.011101733323572333,1.1101844342015756e-05
2026-01-01 18:15:00,15,0.007987094181461108,0.007987094181461107,7.98717405320164e-06
2026-01-01 18:15:00,16,0.004870433728991699,0.004870433728991699,4.870482433816037e-06
2026-01-01 18:15:00,17,0.01792392823944924,0.01792392823944924,1.7924107480524047e-05
2026-01-01 18:15:00,18,0.013457200810447954,0.013457200810447954,1.3457335383801792e-05
2026-01-01 18:15:00,19,0.00897452242465665,0.00897452242465665,8.974612170778358e-06
2026-01-01 18:15:00,20,0.0044886899514815495,0.004488689951481548,4.488734838829938e-06
2026-01-01 18:15:00,21,0.04803441993797941,0.048034419937979404,4.803490028698229e-05
2026-01-01 18:15:00,22,0.043291984730315085,0.043291984730315085,4.329241765449163e-05
2026-01-01 18:15:00,23,0.021682701012027863,0.02168270101202786,2.1682917841206277e-05
2026-01-01 18:15:00,24,0.06471305839494089,0.06471305839494086,6.471370553199622e-05
2026-01-01 18:15:00,25,0.06187534886082651,0.061875348860826504,6.187596762050271e-05
2026-01-01 18:15:00,26,0.059057601900880836,0.059057601900880836,5.9058192482805664e-05
2026-01-01 18:15:00,27,0.05642313179818672,0.05642313179818672,5.6423696035147065e-05
2026-01-01 18:15:00,28,0.05008821020101722,0.05008821020101722,5.0088711088128104e-05
2026-01-01 18:15:00,29,0.02311938449307385,0.02311938449307385,2.311961568923074e-05
2026-01-01 18:15:00,30,0.014979806197858056,0.014979806197858051,1.4979955997418032e-05
2026-01-01 18:15:00,31,0.00355254924474485,0.00355254924474485,3.552584770592556e-06
2026-01-01 18:15:00,32,0.0,0.0,0.0
2026-01-01 18:15:00,33,0.0,0.0,0.0
2026-01-01 18:15:00,34,0.0,0.0,0.0
2026-01-01 18:15:00,35,0.0,0.0,0.0
2026-01-01 18:15:00,36,0.0,0.0,0.0
2026-01-01 18:30:00,0,0.20688568142651473,0.20688568142651473,0.00020688775030401778
2026-01-01 18:30:00,1,0.1840161969248726,0.18401619692487262,0.00018401803710524367
2026-01-01 18:30:00,2,0.13235523248511874,0.13235523248511874,0.00013235655605067925
2026-01-01 18:30:00,3,0.12572422884006373,0.12572422884006373,0.00012572548609492468
2026-01-01 18:30:00,4,0.12265556669953563,0.12265556669953566,0.00012265679326746833
2026-01-01 18:30:00,5,0.05740231671773515,0.05740231671773515,5.7402890746642614e-05
2026-01-01 18:30:00,6,0.04680528260557685,0.046805282605576856,4.680575066308349e-05
2026-01-01 18:30:00,7,0.03615582907119827,0.03615582907119826,3.6156190633104596e-05
2026-01-01 18:30:00,8,0.03314362799496398,0.03314362799496398,3.314395943455833e-05
2026-01-01 18:30:00,9,0.03011668212507818,0.030116682125078193,3.0116983294911146e-05
2026-01-01 18:30:00,10,0.027530008165787892,0.027530008165787892,2.753028346862258e-05
2026-01-01 18:30:00,11,0.02418403079395143,0.024184030793951428,2.4184272636677795e-05
2026-01-01 18:30:00,12,0.020821370025872442,0.02082137002587245,2.0821578241654865e-05
2026-01-01 18:30:00,13,0.01394604264212162,0.013946042642121619,1.394618210394266e-05
2026-01-01 18:30:00,14,0.011019884283855955,0.01101988428385596,1.10199944838008e-05
2026-01-01 18:30:00,15,0.007928160767763945,0.007928160767763941,7.928240050164446e-06
2026-01-01 18:30:00,16,0.004834486679723185,0.004834486679723185,4.834535025073436e-06
2026-01-01 18:30:00,17,0.017802992511989225,0.017802992511989225,1.7803170543694664e-05
2026-01-01 18:30:00,18,0.013366306702693407,0.013366306702693408,1.336644036709708e-05
2026-01-01 18:30:00,19,0.008913885051248132,0.00891388505124813,8.913974190990043e-06
2026-01-01 18:30:00,20,0.004458351940220689,0.004458351940220689,4.4583965241859306e-06
2026-01-01 18:30:00,21,0.04770287075414848,0.04770287075414849,4.770334778762637e-05
2026-01-01 18:30:00,22,0.042992917591699736,0.042992917591699736,4.2993347525174985e-05
2026-01-01 18:30:00,23,0.021532654012216792,0.021532654012216792,2.1532869340910202e-05
2026-01-01 18:30:00,24,0.06424080230315543,0.06424080230315543,6.42414447176026e-05
2026-01-01 18:30:00,25,0.06142325679659694,0.06142325679659694,6.142387103530729e-05
2026-01-01 18:30:00,26,0.05862558954332558,0.058625589543325585,5.862617580508364e-05
2026-01-01 18:30:00,27,0.056010137909692205,0.056010137909692184,5.601069801667237e-05
2026-01-01 18:30:00,28,0.04972133750750795,0.04972133750750796,4.9721834725855216e-05
2026-01-01 18:30:00,29,0.022949558656119747,0.022949558656119747,2.294978815400129e-05
2026-01-01 18:30:00,30,0.01486972579664099,0.014869725796640984,1.4869874495385944e-05
2026-01-01 18:30:00,31,0.003526436334250758,0.003526436334250758,3.5264715989667476e-06
2026-01-01 18:30:00,32,0.0,0.0,0.0
2026-01-01 18:30:00,33,0.0,0.0,0.0
2026-01-01 18:30:00,34,0.0,0.0,0.0
2026-01-01 18:30:00,35,0.0,0.0,0.0
2026-01-01 18:30:00,36,0.0,0.0,0.0
2026-01-01 18:45:00,0,0.21036435208230647,0.21036435208230647,0.00021036645574686397
2026-01-01 18:45:00,1,0.18713026977878602,0.18713026977878608,0.00018713214110019707
2026-01-01 18:45:00,2,0.13462650367973403,0.13462650367973403,0.0001346278499582336
2026-01-01 18:45:00,3,0.12788759396952631,0.12788759396952631,0.0001278888728582549
2026-01-01 18:45:00,4,0.12476860741897625,0.12476860741897627,0.00012476985511752746
2026-01-01 18:45:00,5,0.058386996027243884,0.05838699602724389,5.8387579903042925e-05
2026-01-01 18:45:00,6,0.04761171290985319,0.047611712909853186,4.761218903174351e-05
2026-01-01 18:45:00,7,0.036782123286942636,0.03678212328694264,3.678249111185376e-05
2026-01-01 18:45:00,8,0.033718626646945485,0.03371862664694549,3.371896383658386e-05
2026-01-01 18:45:00,9,0.03063977823613752,0.030639778236137515,3.064008463698389e-05
2026-01-01 18:45:00,10,0.028008674076981627,0.028008674076981623,2.8008954166523293e-05
2026-01-01 18:45:00,11,0.02460512745674581,0.024605127456745812,2.4605373510480915e-05
2026-01-01 18:45:00,12,0.021184195886835597,0.0211841958868356,2.118440773091291e-05
2026-01-01 18:45:00,13,0.014189396363399527,0.01418939636339952,1.4189538258782114e-05
2026-01-01 18:45:00,14,0.011212336329052098,0.0112123363290521,1.1212448453536635e-05
2026-01-01 18:45:00,15,0.008066732458292241,0.00806673245829224,8.066813126423505e-06
2026-01-01 18:45:00,16,0.004919010159857056,0.004919010159857056,4.919059350450561e-06
2026-01-01 18:45:00,17,0.018087085957606695,0.018087085957606695,1.8087266830275e-05
2026-01-01 18:45:00,18,0.013579830636074125,0.01357983063607412,1.3579966435738484e-05
2026-01-01 18:45:00,19,0.009056331813053655,0.009056331813053653,9.056422377277428e-06
2026-01-01 18:45:00,20,0.004529620927948377,0.004529620927948378,4.529666224610624e-06
2026-01-01 18:45:00,21,0.04848189651242802,0.04848189651242802,4.848238133624138e-05
2026-01-01 18:45:00,22,0.043695627485480316,0.04369562748548031,4.369606444612478e-05
2026-01-01 18:45:00,23,0.021885221275343095,0.021885221275343095,2.1885440129744395e-05
2026-01-01 18:45:00,24,0.06535109764246355,0.06535109764246354,6.535175115997515e-05
2026-01-01 18:45:00,25,0.062486159137882274,0.06248615913788227,6.248678400572233e-05
2026-01-01 18:45:00,26,0.05964129557151833,0.05964129557151834,5.964189199043824e-05
2026-01-01 18:45:00,27,0.05698113591984959,0.056981135919849595,5.698170573690696e-05
2026-01-01 18:45:00,28,0.05058390554312579,0.05058390554312579,5.0584411387239665e-05
2026-01-01 18:45:00,29,0.023348854915668692,0.02334885491566869,2.3349088406552755e-05
2026-01-01 18:45:00,30,0.015128549134051716,0.01512854913405172,1.512870042105593e-05
2026-01-01 18:45:00,31,0.003587833728187238,0.003587833728187238,3.5878696068833068e-06
2026-01-01 18:45:00,32,0.0,0.0,0.0
2026-01-01 18:45:00,33,0.0,0.0,0.0
2026-01-01 18:45:00,34,0.0,0.0,0.0
2026-01-01 18:45:00,35,0.0,0.0,0.0
2026-01-01 18:45:00,36,0.0,0.0,0.0
2026-01-01 19:00:00,0,0.203427203678077,0.203427203678077,0.00020342923797045671
2026-01-01 19:00:00,1,0.18092088487622163,0.1809208848762216,0.00018092269410316264
2026-01-01 19:00:00,2,0.13009876267458673,0.13009876267458675,0.0001301000636752235
2026-01-01 19:00:00,3,0.12357516564079672,0.12357516564079674,0.00012357640140481078
2026-01-01 19:00:00,4,0.1205565815019711,0.12055658150197109,0.00012055778707984189
2026-01-01 19:00:00,5,0.0564240368387627,0.0564240368387627,5.6424601084773556e-05
2026-01-01 19:00:00,6,0.046004220249303195,0.04600422024930321,4.6004680296106166e-05
2026-01-01 19:00:00,7,0.03553382458069004,0.035533824580690036,3.553417992248926e-05
2026-01-01 19:00:00,8,0.03257259964322026,0.032572599643220256,3.2572925372473987e-05
2026-01-01 19:00:00,9,0.029597220199017303,0.029597220199017303,2.9597516174179044e-05
2026-01-01 19:00:00,10,0.02705468591504173,0.02705468591504173,2.7054956464606375e-05
2026-01-01 19:00:00,11,0.023765897833759937,0.023765897833759937,2.3766135495114886e-05
2026-01-01 19:00:00,12,0.02046110805661282,0.02046110805661282,2.046131266973952e-05
2026-01-01 19:00:00,13,0.013704420926934559,0.01370442092693456,1.3704557972514285e-05
2026-01-01 19:00:00,14,0.010828807828896244,0.010828807828896243,1.0828916118057425e-05
2026-01-01 19:00:00,15,0.007790583744511085,0.007790583744511084,7.790661651127596e-06
2026-01-01 19:00:00,16,0.004750570812221652,0.004750570812221653,4.7506183184048365e-06
2026-01-01 19:00:00,17,0.017520023638779022,0.017520023638779022,1.752019884076743e-05
2026-01-01 19:00:00,18,0.013153635206155388,0.013153635206155381,1.3153766743822828e-05
2026-01-01 19:00:00,19,0.008772008524472286,0.008772008524472286,8.77209624543474e-06
2026-01-01 19:00:00,20,0.004387368980664739,0.004387368980664739,4.387412854793286e-06
2026-01-01 19:00:00,21,0.046927531306709284,0.046927531306709284,4.6928000586715154e-05
2026-01-01 19:00:00,22,0.042293552545716914,0.04229355254571691,4.2293975485471774e-05
2026-01-01 19:00:00,23,0.021181785397800964,0.021181785397800974,2.1181997217773153e-05
2026-01-01 19:00:00,24,0.06313802188311157,0.06313802188311157,6.313865326964428e-05
2026-01-01 19:00:00,25,0.060367595089852906,0.06036759508985291,6.036819877184064e-05
2026-01-01 19:00:00,26,0.05761684609124438,0.05761684609124438,5.761742226546703e-05
2026-01-01 19:00:00,27,0.05504581789092262,0.055045817890922624,5.504636835460618e-05
2026-01-01 19:00:00,28,0.048864723366044895,0.04886472336604488,4.886521201816508e-05
2026-01-01 19:00:00,29,0.022553061317146055,0.022553061317146055,2.2553286850014555e-05
2026-01-01 19:00:00,30,0.01461272064363178,0.014612720643631782,1.4612866772299507e-05
2026-01-01 19:00:00,31,0.003465470834374727,0.0034654708343747264,3.4655054894296215e-06
2026-01-01 19:00:00,32,0.0,0.0,0.0
2026-01-01 19:00:00,33,0.0,0.0,0.0
2026-01-01 19:00:00,34,0.0,0.0,0.0
2026-01-01 19:00:00,35,0.0,0.0,0.0
2026-01-01 19:00:00,36,0.0,0.0,0.0
2026-01-01 19:15:00,0,0.20621130412820557,0.2062113041282055,0.00020621336626186818
2026-01-01 19:15:00,1,0.18341258072465547,0.18341258072465547,0.00018341441486880415
2026-01-01 19:15:00,2,0.13191511139842796,0.13191511139842796,0.0001319164305627336
2026-01-01 19:15:00,3,0.12530504132369516,0.12530504132369516,0.00012530629438663903
2026-01-01 19:15:00,4,0.12224614044862837,0.12224614044862839,0.0001222473629222576
2026-01-01 19:15:00,5,0.057211506043603505,0.05721150604360349,5.721207816438514e-05
2026-01-01 19:15:00,6,0.04664902777872949,0.04664902777872949,4.664949427367223e-05
2026-01-01 19:15:00,7,0.036034491743541314,0.03603449174354132,3.603485209206224e-05
2026-01-01 19:15:00,8,0.03303223232801937,0.03303223232801938,3.3032562653645915e-05
2026-01-01 19:15:00,9,0.030015344248221786,0.030015344248221786,3.001564440466583e-05
2026-01-01 19:15:00,10,0.027437279744727205,0.027437279744727212,2.7437554120268416e-05
2026-01-01 19:15:00,11,0.02410245743473535,0.024102457434735346,2.4102698461719967e-05
2026-01-01 19:15:00,12,0.0207510858870476,0.020751085887047594,2.0751293399981602e-05
2026-01-01 19:15:00,13,0.013898903273006023,0.013898903273006023,1.3899042263428656e-05
2026-01-01 19:15:00,14,0.010982605621941482,0.010982605621941487,1.098271544909598e-05
2026-01-01 19:15:00,15,0.007901319418413969,0.007901319418413969,7.901398432398293e-06
2026-01-01 19:15:00,16,0.004818114579147844,0.0048181145791478435,4.818162760775452e-06
2026-01-01 19:15:00,17,0.017747856702453147,0.01774785670245315,1.774803418279498e-05
2026-01-01 19:15:00,18,0.013324867604769808,0.013324867604769806,1.3325000854778354e-05
2026-01-01 19:15:00,19,0.008886240250409457,0.008886240250409459,8.886329113700596e-06
2026-01-01 19:15:00,20,0.004444520773715858,0.004444520773715858,4.444565219368052e-06
2026-01-01 19:15:00,21,0.04755175062238765,0.04755175062238765,4.75522261446491e-05
2026-01-01 19:15:00,22,0.04285660396705861,0.0428566039670586,4.285703253738398e-05
2026-01-01 19:15:00,23,0.02146426441820027,0.02146426441820027,2.14644790629909e-05
2026-01-01 19:15:00,24,0.064025684788439,0.064025684788439,6.402632505168952e-05
2026-01-01 19:15:00,25,0.06121732701711162,0.061217327017111633,6.12179391965036e-05
2026-01-01 19:15:00,26,0.05842880879429852,0.058428808794298494,5.8429393088229406e-05
2026-01-01 19:15:00,27,0.0558220213577024,0.055822021357702416,5.582257958349825e-05
2026-01-01 19:15:00,28,0.04955423019617225,0.04955423019617225,4.955472574342968e-05
2026-01-01 19:15:00,29,0.022872207066186135,0.022872207066186135,2.287243579054404e-05
2026-01-01 19:15:00,30,0.01481958705221388,0.01481958705221388,1.4819735249566375e-05
2026-01-01 19:15:00,31,0.0035145426216190295,0.00351454262161903,3.5145777673967038e-06
2026-01-01 19:15:00,32,0.0,0.0,0.0
2026-01-01 19:15:00,33,0.0,0.0,0.0
2026-01-01 19:15:00,34,0.0,0.0,0.0
2026-01-01 19:15:00,35,0.0,0.0,0.0
2026-01-01 19:15:00,36,0.0,0.0,0.0
2026-01-01 19:30:00,0,0.20783722136212335,0.20783722136212338,0.00020783929975512095
2026-01-01 19:30:00,1,0.18486793775670451,0.18486793775670451,0.00018486978645456908
2026-01-01 19:30:00,2,0.1329763434347918,0.13297634343479178,0.00013297767321152393
2026-01-01 19:30:00,3,0.12631581090683835,0.12631581090683835,0.00012631707407757914
2026-01-01 19:30:00,4,0.12323337866205789,0.12323337866205787,0.00012323461100816795
2026-01-01 19:30:00,5,0.05767159284570183,0.05767159284570182,5.76721695673975e-05
2026-01-01 19:30:00,6,0.04702580096918235,0.04702580096918235,4.702627123189467e-05
2026-01-01 19:30:00,7,0.03632707707632247,0.03632707707632247,3.6327440350725976e-05
2026-01-01 19:30:00,8,0.03330084701449238,0.03330084701449237,3.3301180026292646e-05
2026-01-01 19:30:00,9,0.0302597074523757,0.030259707452375703,3.0260010052476228e-05
2026-01-01 19:30:00,10,0.02766088352953547,0.027660883529535475,2.7661160141136888e-05
2026-01-01 19:30:00,11,0.024299163519424464,0.024299163519424457,2.42994065134896e-05
2026-01-01 19:30:00,12,0.02092056979912221,0.020920569799122213,2.092077900691228e-05
2026-01-01 19:30:00,13,0.014012576441437557,0.014012576441437554,1.4012716568603242e-05
2026-01-01 19:30:00,14,0.011072500788790643,0.011072500788790645,1.1072611514905794e-05
2026-01-01 19:30:00,15,0.00796604592851602,0.007966045928516019,7.966125589771919e-06
2026-01-01 19:30:00,16,0.004857595101584044,0.004857595101584045,4.857643678020825e-06
2026-01-01 19:30:00,17,0.017880754786752665,0.017880754786752665,1.7880933596088626e-05
2026-01-01 19:30:00,18,0.013424751915565752,0.013424751915565745,1.3424886164427395e-05
2026-01-01 19:30:00,19,0.008952875051027492,0.008952875051027495,8.952964580673302e-06
2026-01-01 19:30:00,20,0.004477859350624015,0.004477859350624013,4.477904129665311e-06
2026-01-01 19:30:00,21,0.047916045916848726,0.04791604591684871,4.791652508209955e-05
2026-01-01 19:30:00,22,0.043185207462181366,0.04318520746218136,4.3185639318574555e-05
2026-01-01 19:30:00,23,0.021629128637477072,0.02162912863747707,2.162934493092638e-05
2026-01-01 19:30:00,24,0.06454440006571208,0.06454440006571209,6.454504551616725e-05
2026-01-01 19:30:00,25,0.06171389080549302,0.06171389080549302,6.171450795057253e-05
2026-01-01 19:30:00,26,0.05890331409332875,0.05890331409332877,5.890390313236009e-05
2026-01-01 19:30:00,27,0.05627563574395588,0.05627563574395589,5.627619850594095e-05
2026-01-01 19:30:00,28,0.04995718539786026,0.04995718539786027,4.995768497471001e-05
2026-01-01 19:30:00,29,0.02305873203944943,0.023058732039449432,2.3058962629075724e-05
2026-01-01 19:30:00,30,0.014940491452317713,0.014940491452317711,1.4940640858726301e-05
2026-01-01 19:30:00,31,0.0035432231183991163,0.0035432231183991163,3.5432585509846265e-06
2026-01-01 19:30:00,32,0.0,0.0,0.0
2026-01-01 19:30:00,33,0.0,0.0,0.0
2026-01-01 19:30:00,34,0.0,0.0,0.0
2026-01-01 19:30:00,35,0.0,0.0,0.0
2026-01-01 19:30:00,36,0.0,0.0,0.0
2026-01-01 19:45:00,0,0.20065764866212893,0.20065764866212893,0.00020065965525868152
2026-01-01 19:45:00,1,0.17844264444800248,0.17844264444800248,0.0001784444288922914
2026-01-01 19:45:00,2,0.12829293607118797,0.12829293607118797,0.0001282942190133781
2026-01-01 19:45:00,3,0.12185544134518098,0.121855441345181,0.00012185665991178012
2026-01-01 19:45:00,4,0.11887699247394129,0.11887699247394129,0.00011887818125575385
2026-01-01 19:45:00,5,0.05564111847368374,0.05564111847368374,5.564167489043264e-05
2026-01-01 19:45:00,6,0.04536322003457035,0.04536322003457035,4.536367367130706e-05
2026-01-01 19:45:00,7,0.0350361906909542,0.035036190690954205,3.503654105636477e-05
2026-01-01 19:45:00,8,0.032115771970721865,0.03211577197072185,3.211609313165318e-05
2026-01-01 19:45:00,9,0.029181662032675738,0.029181662032675745,2.9181953852214266e-05
2026-01-01 19:45:00,10,0.02667445149633699,0.02667445149633699,2.6674718243519428e-05
2026-01-01 19:45:00,11,0.02343142789236814,0.023431427892368135,2.343166220899023e-05
2026-01-01 19:45:00,12,0.02017293724217621,0.020172937242176215,2.017313897356595e-05
2026-01-01 19:45:00,13,0.013511158374003423,0.013511158374003423,1.3511293486938292e-05
2026-01-01 19:45:00,14,0.010675978384150195,0.010675978384150192,1.0676085145001646e-05
2026-01-01 19:45:00,15,0.007680547969702311,0.007680547969702313,7.680624775950072e-06
2026-01-01 19:45:00,16,0.004683454521962043,0.004683454521962041,4.683501356975613e-06
2026-01-01 19:45:00,17,0.01729304545739733,0.01729304545739733,1.7293218389581222e-05
2026-01-01 19:45:00,18,0.01298304994875496,0.012983049948754962,1.2983179780552767e-05
2026-01-01 19:45:00,19,0.008658209515974976,0.008658209515974975,8.658296098935966e-06
2026-01-01 19:45:00,20,0.004330434150604336,0.004330434150604335,4.330477455378889e-06
2026-01-01 19:45:00,21,0.04630604021178865,0.04630604021178864,4.6306503276821415e-05
2026-01-01 19:45:00,22,0.041732974618116876,0.04173297461811688,4.17333919520364e-05
2026-01-01 19:45:00,23,0.02090056043034175,0.020900560430341747,2.090076943803613e-05
2026-01-01 19:45:00,24,0.06225567954267328,0.06225567954267329,6.225630210569435e-05
2026-01-01 19:45:00,25,0.059522986033744923,0.059522986033744923,5.952358126955762e-05
2026-01-01 19:45:00,26,0.056809806260794515,0.05680980626079452,5.681037436453816e-05
2026-01-01 19:45:00,27,0.05427433444376566,0.05427433444376566,5.427487719253758e-05
2026-01-01 19:45:00,28,0.04817942317014914,0.04817942317014913,4.817990496919882e-05
2026-01-01 19:45:00,29,0.022235889888640843,0.022235889888640847,2.2236112249763346e-05
2026-01-01 19:45:00,30,0.014407136470272659,0.014407136470272655,1.440728054307809e-05
2026-01-01 19:45:00,31,0.003416703587903229,0.00341670358790323,3.416737755280783e-06
2026-01-01 19:45:00,32,0.0,0.0,0.0
2026-01-01 19:45:00,33,0.0,0.0,0.0
2026-01-01 19:45:00,34,0.0,0.0,0.0
2026-01-01 19:45:00,35,0.0,0.0,0.0
2026-01-01 19:45:00,36,0.0,0.0,0.0
2026-01-01 20:00:00,0,0.20321557679800595,0.20321557679800595,0.0002032176089740957
2026-01-01 20:00:00,1,0.18073150250997186,0.1807315025099719,0.00018073330984307031
2026-01-01 20:00:00,2,0.12996073982248668,0.12996073982248668,0.0001299620394428811
2026-01-01 20:00:00,3,0.1234437191818042,0.12344371918180418,0.0001234449536313405
2026-01-01 20:00:00,4,0.12042820082924845,0.12042820082924845,0.00012042940512329968
2026-01-01 20:00:00,5,0.05636419727790587,0.05636419727790587,5.636476092551512e-05
2026-01-01 20:00:00,6,0.04595522482416699,0.04595522482416699,4.5955684381010796e-05
2026-01-01 20:00:00,7,0.03549578478587648,0.03549578478587647,3.549613974727395e-05
2026-01-01 20:00:00,8,0.0325376784158092,0.0325376784158092,3.2538003795847154e-05
2026-01-01 20:00:00,9,0.029565453233836424,0.02956545323383643,2.9565748891325342e-05
2026-01-01 20:00:00,10,0.027025618835650595,0.027025618835650595,2.702588909454154e-05
2026-01-01 20:00:00,11,0.023740328733268267,0.02374032873326827,2.374056613892966e-05
2026-01-01 20:00:00,12,0.020439078149133916,0.02043907814913392,2.0439282541959337e-05
2026-01-01 20:00:00,13,0.013689646229588362,0.013689646229588362,1.3689783127419635e-05
2026-01-01 20:00:00,14,0.010817124061975034,0.010817124061975037,1.081723223429738e-05
2026-01-01 20:00:00,15,0.007782171452796347,0.007782171452796348,7.782249275289102e-06
2026-01-01 20:00:00,16,0.004745439713729315,0.004745439713729314,4.745487168601001e-06
2026-01-01 20:00:00,17,0.01750269159777447,0.01750269159777447,1.7502866626440735e-05
2026-01-01 20:00:00,18,0.013140609162389868,0.013140609162389872,1.314074056979557e-05
2026-01-01 20:00:00,19,0.008763318694597113,0.008763318694597113,8.7634063286604e-06
2026-01-01 20:00:00,20,0.004383021351729218,0.004383021351729218,4.383065182381042e-06
2026-01-01 20:00:00,21,0.046880060715328256,0.046880060715328256,4.688052952062346e-05
2026-01-01 20:00:00,22,0.042250734166499264,0.042250734166499264,4.225115667806605e-05
2026-01-01 20:00:00,23,0.021160304252492896,0.0211603042524929,2.1160515857651474e-05
2026-01-01 20:00:00,24,0.0630705764793402,0.0630705764793402,6.307120719141212e-05
2026-01-01 20:00:00,25,0.06030303294228702,0.060303032942287005,6.03036359786468e-05
2026-01-01 20:00:00,26,0.05755515476546084,0.05755515476546085,5.7555730322764084e-05
2026-01-01 20:00:00,27,0.054986844059699114,0.054986844059699114,5.498739393363844e-05
2026-01-01 20:00:00,28,0.04881233710193263,0.048812337101932626,4.8812825230184933e-05
2026-01-01 20:00:00,29,0.022528814885410187,0.02252881488541019,2.252904017581195e-05
2026-01-01 20:00:00,30,0.01459700450614711,0.01459700450614711,1.4597150477651887e-05
2026-01-01 20:00:00,31,0.0034617427487195975,0.003461742748719598,3.4617773664932627e-06
2026-01-01 20:00:00,32,0.0,0.0,0.0
2026-01-01 20:00:00,33,0.0,0.0,0.0
2026-01-01 20:00:00,34,0.0,0.0,0.0
2026-01-01 20:00:00,35,0.0,0.0,0.0
2026-01-01 20:00:00,36,0.0,0.0,0.0
2026-01-01 20:15:00,0,0.19417994177267545,0.19417994177267545,0.00019418188359151138
2026-01-01 20:15:00,1,0.17264799215977503,0.17264799215977503,0.00017264971865696158
2026-01-01 20:15:00,2,0.12407329465950709,0.12407329465950709,0.00012407453540486116
2026-01-01 20:15:00,3,0.11783749858049222,0.11783749858049226,0.00011783867696726193
2026-01-01 20:15:00,4,0.11495303494944886,0.11495303494944886,0.00011495418449129378
2026-01-01 20:15:00,5,0.05381164572984883,0.053811645729848825,5.3812183851687346e-05
2026-01-01 20:15:00,6,0.043865685657823186,0.04386568565782317,4.386612431906638e-05
2026-01-01 20:15:00,7,0.03387389333605898,0.033873893336058995,3.3874232078379776e-05
2026-01-01 20:15:00,8,0.03104886221202841,0.03104886221202841,3.1049172703755445e-05
2026-01-01 20:15:00,9,0.028211191007139952,0.02821119100713995,2.8211473121871174e-05
2026-01-01 20:15:00,10,0.025786518236159607,0.025786518236159614,2.5786776103920656e-05
2026-01-01 20:15:00,11,0.02265041962625181,0.02265041962625181,2.2650646132713134e-05
2026-01-01 20:15:00,12,0.019500065683393207,0.019500065683393214,1.9500260686000076e-05
2026-01-01 20:15:00,13,0.013059925574250194,0.013059925574250198,1.3060056174811944e-05
2026-01-01 20:15:00,14,0.010319163920512192,0.010319163920512192,1.0319267113183323e-05
2026-01-01 20:15:00,15,0.007423655204208607,0.007423655204208608,7.423729441503023e-06
2026-01-01 20:15:00,16,0.004526765065603677,0.0045267650656036764,4.526810333707015e-06
2026-01-01 20:15:00,17,0.016760864249853374,0.016760864249853374,1.6761031860171976e-05
2026-01-01 20:15:00,18,0.012583107762387217,0.012583107762387217,1.2583233594723163e-05
2026-01-01 20:15:00,19,0.008391408281694188,0.008391408281694187,8.391492196616155e-06
2026-01-01 20:15:00,20,0.00419695254335966,0.00419695254335966,4.196994513304793e-06
2026-01-01 20:15:00,21,0.04485037303243822,0.04485037303243821,4.485082154065362e-05
2026-01-01 20:15:00,22,0.04042002850399513,0.040420028503995134,4.042043270832221e-05
2026-01-01 20:15:00,23,0.020241946264378204,0.020241946264378197,2.024214868586506e-05
2026-01-01 20:15:00,24,0.06019461726750581,0.06019461726750581,6.0195219219698006e-05
2026-01-01 20:15:00,25,0.057550179671063066,0.057550179671063066,5.7550755178614856e-05
2026-01-01 20:15:00,26,0.054924859934320204,0.0549248599343202,5.492540918841209e-05
2026-01-01 20:15:00,27,0.05247248860853659,0.05247248860853659,5.2473013338669976e-05
2026-01-01 20:15:00,28,0.04657891674640739,0.0465789167464074,4.6579382540232797e-05
2026-01-01 20:15:00,29,0.02149524687195491,0.021495246871954914,2.149546182657318e-05
2026-01-01 20:15:00,30,0.013927076148979175,0.013927076148979175,1.3927215421133386e-05
2026-01-01 20:15:00,31,0.003302828469271611,0.00330282846927161,3.3028614978865895e-06
2026-01-01 20:15:00,32,0.0,0.0,0.0
2026-01-01 20:15:00,33,0.0,0.0,0.0
2026-01-01 20:15:00,34,0.0,0.0,0.0
2026-01-01 20:15:00,35,0.0,0.0,0.0
2026-01-01 20:15:00,36,0.0,0.0,0.0
2026-01-01 20:30:00,0,0.19324207770115978,0.19324207770115975,0.00019324401014126117
2026-01-01 20:30:00,1,0.1718092199012382,0.17180921990123818,0.0001718109380106183
2026-01-01 20:30:00,2,0.12346282393271137,0.1234628239327114,0.00012346405857329711
2026-01-01 20:30:00,3,0.11725626679722928,0.1172562667972293,0.000117257439371623
2026-01-01 20:30:00,4,0.11438542371532365,0.11438542371532366,0.00011438656758099948
2026-01-01 20:30:00,5,0.05354696463637279,0.05354696463637278,5.35475001113739e-05
2026-01-01 20:30:00,6,0.0436490642444167,0.0436490642444167,4.3649500739424096e-05
2026-01-01 20:30:00,7,0.033705799076218707,0.033705799076218707,3.370613613758008e-05
2026-01-01 20:30:00,8,0.030894572224176915,0.03089457222417691,3.089488117298864e-05
2026-01-01 20:30:00,9,0.028070853730791406,0.028070853730791406,2.8071134442135826e-05
2026-01-01 20:30:00,10,0.025658121689656928,0.025658121689656928,2.5658378273439662e-05
2026-01-01 20:30:00,11,0.02253749091389439,0.022537490913894388,2.2537716291057302e-05
2026-01-01 20:30:00,12,0.019402775796392813,0.019402775796392813,1.9402969826091076e-05
2026-01-01 20:30:00,13,0.012994685728687578,0.012994685728687576,1.2994815676844346e-05
2026-01-01 20:30:00,14,0.010267576858464147,0.010267576858464151,1.0267679535259504e-05
2026-01-01 20:30:00,15,0.007386515700890563,0.007386515700890563,7.3865895667862314e-06
2026-01-01 20:30:00,16,0.004504112400549399,0.004504112400549399,4.5041574421238205e-06
2026-01-01 20:30:00,17,0.01668366240987688,0.01668366240987688,1.6683829248169365e-05
2026-01-01 20:30:00,18,0.012525091529899097,0.012525091529899102,1.2525216782066922e-05
2026-01-01 20:30:00,19,0.008352706136914256,0.008352706136914254,8.352789664810902e-06
2026-01-01 20:30:00,20,0.0041775899356843215,0.004177589935684322,4.177631712001443e-06
2026-01-01 20:30:00,21,0.0446393783327533,0.04463937833275332,4.463982473100063e-05
2026-01-01 20:30:00,22,0.04022972652034797,0.040229726520347966,4.023012882163619e-05
2026-01-01 20:30:00,23,0.020146490872092172,0.020146490872092176,2.0146692339015565e-05
2026-01-01 20:30:00,24,0.059896515861243206,0.059896515861243206,5.989711483239153e-05
2026-01-01 20:30:00,25,0.05726485641929507,0.05726485641929506,5.72654290735858e-05
2026-01-01 20:30:00,26,0.054652256086759464,0.054652256086759464,5.465280261478562e-05
2026-01-01 20:30:00,27,0.052211909118406494,0.052211909118406494,5.2212431242718924e-05
2026-01-01 20:30:00,28,0.04634746079248521,0.04634746079248521,4.634792427172793e-05
2026-01-01 20:30:00,29,0.021388151506154442,0.021388151506154446,2.1388365389808344e-05
2026-01-01 20:30:00,30,0.013857661595269669,0.013857661595269669,1.38578001732714e-05
2026-01-01 20:30:00,31,0.0032863628095805386,0.003286362809580538,3.2863956735372737e-06
2026-01-01 20:30:00,32,0.0,0.0,0.0
2026-01-01 20:30:00,33,0.0,0.0,0.0
2026-01-01 20:30:00,34,0.0,0.0,0.0
2026-01-01 20:30:00,35,0.0,0.0,0.0
2026-01-01 20:30:00,36,0.0,0.0,0.0
2026-01-01 20:45:00,0,0.1901336795568412,0.1901336795568412,0.00019013558091265033
2026-01-01 20:45:00,1,0.16902960046404136,0.1690296004640414,0.00016903129077694916
2026-01-01 20:45:00,2,0.12144035136324684,0.12144035136324684,0.00012144156577890462
2026-01-01 20:45:00,3,0.11533076735496983,0.11533076735496983,0.00011533192067417657
2026-01-01 20:45:00,4,0.11250509085331983,0.1125050908533198,0.00011250621591547899
2026-01-01 20:45:00,5,0.05267007473035351,0.05267007473035352,5.267060143636789e-05
2026-01-01 20:45:00,6,0.042931461642905365,0.042931461642905365,4.293189096181498e-05
2026-01-01 20:45:00,7,0.03314901440589588,0.03314901440589587,3.314934589935487e-05
2026-01-01 20:45:00,8,0.030383528259703408,0.030383528259703408,3.0383832098024392e-05
2026-01-01 20:45:00,9,0.027606035725778532,0.027606035725778525,2.7606311788896425e-05
2026-01-01 20:45:00,10,0.025232862426358107,0.02523286242635812,2.5233114757505697e-05
2026-01-01 20:45:00,11,0.022163473604367327,0.022163473604367327,2.216369524131974e-05
2026-01-01 20:45:00,12,0.019080559064741993,0.019080559064741993,1.9080749872240718e-05
2026-01-01 20:45:00,13,0.012778622618941592,0.0127786226189416,1.2778750406445665e-05
2026-01-01 20:45:00,14,0.01009673241824159,0.010096732418241588,1.0096833386575456e-05
2026-01-01 20:45:00,15,0.007263520326391479,0.007263520326391477,7.2635929623211025e-06
2026-01-01 20:45:00,16,0.0044290937653264075,0.004429093765326407,4.429138056706975e-06
2026-01-01 20:45:00,17,0.01642751746383712,0.016427517463837117,1.6427681740654527e-05
2026-01-01 20:45:00,18,0.01233260558777514,0.01233260558777514,1.233272891506429e-05
2026-01-01 20:45:00,19,0.008224301196017648,0.008224301196017648,8.224383439852047e-06
2026-01-01 20:45:00,20,0.004113349580347017,0.004113349580347017,4.113390714254159e-06
2026-01-01 20:45:00,21,0.04393964230213484,0.04393964230213484,4.394008170295187e-05
2026-01-01 20:45:00,22,0.039598625486748605,0.0395986254867486,3.9599021476963374e-05
2026-01-01 20:45:00,23,0.019829941607679386,0.019829941607679386,1.983013990907848e-05
2026-01-01 20:45:00,24,0.05890905782399736,0.05890905782399736,5.890964692046656e-05
2026-01-01 20:45:00,25,0.05631974973890478,0.05631974973890477,5.63203129420342e-05
2026-01-01 20:45:00,26,0.05374930359653554,0.05374930359653554,5.3749841094946495e-05
2026-01-01 20:45:00,27,0.05134879638583974,0.05134879638583974,5.134930987893853e-05
2026-01-01 20:45:00,28,0.04558082427484615,0.045580824274846166,4.558128008764704e-05
2026-01-01 20:45:00,29,0.021033448323347134,0.021033448323347134,2.1033658659933733e-05
2026-01-01 20:45:00,30,0.013627760415004022,0.013627760415004022,1.362789669397096e-05
2026-01-01 20:45:00,31,0.003231828800198067,0.003231828800198069,3.231861118809257e-06
2026-01-01 20:45:00,32,0.0,0.0,0.0
2026-01-01 20:45:00,33,0.0,0.0,0.0
2026-01-01 20:45:00,34,0.0,0.0,0.0
2026-01-01 20:45:00,35,0.0,0.0,0.0
2026-01-01 20:45:00,36,0.0,0.0,0.0
2026-01-01 21:00:00,0,0.18209891450347007,0.18209891450347007,0.00018210073551082519
2026-01-01 21:00:00,1,0.16184720204474923,0.16184720204474923,0.00016184882053295454
2026-01-01 21:00:00,2,0.1162184573133064,0.11621845731330642,0.00011621961950950153
2026-01-01 21:00:00,3,0.110359998580197,0.110359998580197,0.00011036110219121893
2026-01-01 21:00:00,4,0.10765123748054016,0.10765123748054016,0.0001076523140036802
2026-01-01 21:00:00,5,0.050405942323795985,0.05040594232379597,5.040644638825987e-05
2026-01-01 21:00:00,6,0.041079069919217996,0.041079069919218,4.107948071402514e-05
2026-01-01 21:00:00,7,0.03171218936212817,0.031712189362128176,3.171250648719305e-05
2026-01-01 21:00:00,8,0.029064855954566492,0.029064855954566492,2.906514660603255e-05
2026-01-01 21:00:00,9,0.026406722882605496,0.026406722882605493,2.6406986952475022e-05
2026-01-01 21:00:00,10,0.02413568359183985,0.024135683591839853,2.4135924951089365e-05
2026-01-01 21:00:00,11,0.02119858015083456,0.021198580150834558,2.119879213875595e-05
2026-01-01 21:00:00,12,0.018249338303975928,0.018249338303975928,1.8249520799183917e-05
2026-01-01 21:00:00,13,0.012221290159928662,0.012221290159928662,1.2221412374052401e-05
2026-01-01 21:00:00,14,0.009656062074758798,0.009656062074758796,9.656158636345161e-06
2026-01-01 21:00:00,15,0.006946285312547547,0.0069462853125475486,6.946354776095309e-06
2026-01-01 21:00:00,16,0.004235605674006362,0.004235605674006363,4.2356480304866675e-06
2026-01-01 21:00:00,17,0.01576348831467445,0.01576348831467445,1.576364595113396e-05
2026-01-01 21:00:00,18,0.011833633201837973,0.011833633201837971,1.1833751539353367e-05
2026-01-01 21:00:00,19,0.00789144892431119,0.007891448924311192,7.891527839589589e-06
2026-01-01 21:00:00,20,0.003946828003746001,0.003946828003746001,3.9468674724207255e-06
2026-01-01 21:00:00,21,0.042127892526756534,0.04212789252675654,4.212831380989464e-05
2026-01-01 21:00:00,22,0.03796465852081913,0.03796465852081911,3.796503817120084e-05
2026-01-01 21:00:00,23,0.019010448837135378,0.019010448837135378,1.901063894352481e-05
2026-01-01 21:00:00,24,0.05636052242613759,0.05636052242613758,5.636108603699795e-05
2026-01-01 21:00:00,25,0.05388068800375853,0.05388068800375853,5.3881226816026696e-05
2026-01-01 21:00:00,26,0.051419187964162505,0.051419187964162505,5.141970216118412e-05
2026-01-01 21:00:00,27,0.04912156845006715,0.04912156845006714,4.912205967066385e-05
2026-01-01 21:00:00,28,0.04360262738147685,0.043602627381476855,4.360306341211098e-05
2026-01-01 21:00:00,29,0.02011834098632881,0.020118340986328812,2.011854217175053e-05
2026-01-01 21:00:00,30,0.013034646920796759,0.013034646920796757,1.3034777268569444e-05
2026-01-01 21:00:00,31,0.0030911406589314303,0.0030911406589314303,3.0911715706471367e-06
2026-01-01 21:00:00,32,0.0,0.0,0.0
2026-01-01 21:00:00,33,0.0,0.0,0.0
2026-01-01 21:00:00,34,0.0,0.0,0.0
2026-01-01 21:00:00,35,0.0,0.0,0.0
2026-01-01 21:00:00,36,0.0,0.0,0.0
2026-01-01 21:15:00,0,0.18861630906545934,0.1886163090654593,0.00018861819524741181
2026-01-01 21:15:00,1,0.16767292183037624,0.16767292183037624,0.00016767459857636201
2026-01-01 21:15:00,2,0.12045354185255178,0.12045354185255182,0.00012045474640001583
2026-01-01 21:15:00,3,0.11439133189515457,0.11439133189515459,0.0001143924758199128
2026-01-01 21:15:00,4,0.11158771661825401,0.11158771661825397,0.00011158883250657908
2026-01-01 21:15:00,5,0.05224221586392889,0.05224221586392888,5.22427382913118e-05
2026-01-01 21:15:00,6,0.04258135970359459,0.04258135970359459,4.2581785521449805e-05
2026-01-01 21:15:00,7,0.032877406298383816,0.032877406298383816,3.287773507573457e-05
2026-01-01 21:15:00,8,0.03013424225444457,0.030134242254444575,3.0134543599880573e-05
2026-01-01 21:15:00,9,0.027379304955919705,0.027379304955919698,2.737957875170722e-05
2026-01-01 21:15:00,10,0.02502543293070243,0.02502543293070244,2.5025683187534314e-05
2026-01-01 21:15:00,11,0.021981044786634044,0.021981044786634037,2.198126459928004e-05
2026-01-01 21:15:00,12,0.018923399152744262,0.018923399152744273,1.892358838862816e-05
2026-01-01 21:15:00,13,0.012673242206691939,0.012673242206691936,1.2673368940381344e-05
2026-01-01 21:15:00,14,0.010013408157572129,0.010013408157572129,1.0013508292655055e-05
2026-01-01 21:15:00,15,0.007203534200159267,0.007203534200159267,7.203606236221629e-06
2026-01-01 21:15:00,16,0.004392506651518745,0.0043925066515187435,4.3925505770245155e-06
2026-01-01 21:15:00,17,0.016302328196185302,0.016302328196185305,1.6302491221097518e-05
2026-01-01 21:15:00,18,0.012238531409053191,0.012238531409053191,1.2238653795591147e-05
2026-01-01 21:15:00,19,0.008161545961047793,0.008161545961047793,8.161627577323566e-06
2026-01-01 21:15:00,20,0.004081953663497396,0.004081953663497395,4.0819944834422304e-06
2026-01-01 21:15:00,21,0.04359782633917238,0.043597826339172384,4.3598262321795604e-05
2026-01-01 21:15:00,22,0.03929034299454411,0.03929034299454411,3.9290735901903134e-05
2026-01-01 21:15:00,23,0.01967531848502312,0.019675318485023116,1.967551524017552e-05
2026-01-01 21:15:00,24,0.05842733504261204,0.05842733504261204,5.842791932180526e-05
2026-01-01 21:15:00,25,0.05585870098112057,0.055858700981120585,5.5859259573716323e-05
2026-01-01 21:15:00,26,0.05330883121153599,0.053308831211536,5.330936430517905e-05
2026-01-01 21:15:00,27,0.050927764600957395,0.0509277646009574,5.092827388369624e-05
2026-01-01 21:15:00,28,0.045206860324066435,0.045206860324066435,4.520731239719041e-05
2026-01-01 21:15:00,29,0.02086043686212277,0.02086043686212276,2.0860645468577455e-05
2026-01-01 21:15:00,30,0.013515623996254536,0.01351562399625454,1.3515759153846077e-05
2026-01-01 21:15:00,31,0.0032052295015139684,0.0032052295015139684,3.2052615541295098e-06
2026-01-01 21:15:00,32,0.0,0.0,0.0
2026-01-01 21:15:00,33,0.0,0.0,0.0
2026-01-01 21:15:00,34,0.0,0.0,0.0
2026-01-01 21:15:00,35,0.0,0.0,0.0
2026-01-01 21:15:00,36,0.0,0.0,0.0
2026-01-01 21:30:00,0,0.17943088394891135,0.17943088394891135,0.00017943267827569411
2026-01-01 21:30:00,1,0.15946301038323482,0.15946301038323482,0.0001594646050292851
2026-01-01 21:30:00,2,0.11448634554932648,0.11448634554932648,0.00011448749042423072
2026-01-01 21:30:00,3,0.1087114227517709,0.10871142275177091,0.00010871250987686967
2026-01-01 21:30:00,4,0.10604153735760659,0.10604153735760659,0.00010604259778358442
2026-01-01 21:30:00,5,0.04965490710581313,0.04965490710581314,4.965540365984973e-05
2026-01-01 21:30:00,6,0.04046475901339867,0.04046475901339867,4.046516366503532e-05
2026-01-01 21:30:00,7,0.03123583185591902,0.031235831855919025,3.1236144217361195e-05
2026-01-01 21:30:00,8,0.02862770671685937,0.028627706716859373,2.8627992996789344e-05
2026-01-01 21:30:00,9,0.026009167561886686,0.02600916756188668,2.600942765616325e-05
2026-01-01 21:30:00,10,0.023772004960035523,0.023772004960035523,2.3772242682462347e-05
2026-01-01 21:30:00,11,0.02087877505081425,0.02087877505081425,2.087898384065266e-05
2026-01-01 21:30:00,12,0.01797384950980346,0.017973849509803456,1.797402925009596e-05
2026-01-01 21:30:00,13,0.01203658930160409,0.01203658930160409,1.2036709668700776e-05
2026-01-01 21:30:00,14,0.00951002987788393,0.009510029877883932,9.510124979133724e-06
2026-01-01 21:30:00,15,0.006841162679110977,0.006841162679110977,6.841231091421892e-06
2026-01-01 21:30:00,16,0.0041714902621612085,0.0041714902621612085,4.1715319774809835e-06
2026-01-01 21:30:00,17,0.015542376438609133,0.015542376438609135,1.5542531863927775e-05
2026-01-01 21:30:00,18,0.011667491560972784,0.011667491560972784,1.1667608237055154e-05
2026-01-01 21:30:00,19,0.007780621790414591,0.007780621790414591,7.780699597410565e-06
2026-01-01 21:30:00,20,0.003891383543630535,0.0038913835436305355,3.891422457855115e-06
2026-01-01 21:30:00,21,0.04152532115882831,0.0415253211588283,4.152573641619247e-05
2026-01-01 21:30:00,22,0.03742123962248584,0.03742123962248584,3.742161383862423e-05
2026-01-01 21:30:00,23,0.018737929276839427,0.018737929276839423,1.8738116658006008e-05
2026-01-01 21:30:00,24,0.05551549133256873,0.05551549133256871,5.5516046493033654e-05
2026-01-01 21:30:00,25,0.05307200916335046,0.05307200916335047,5.307253988874936e-05
2026-01-01 21:30:00,26,0.05064668051867999,0.05064668051867998,5.0647186990549894e-05
2026-01-01 21:30:00,27,0.04838319660218359,0.04838319660218359,4.838368043898798e-05
2026-01-01 21:30:00,28,0.04294683912391145,0.042946839123911444,4.294726859659742e-05
2026-01-01 21:30:00,29,0.019815024196756605,0.019815024196756605,1.9815222348980095e-05
2026-01-01 21:30:00,30,0.012838061028631186,0.012838061028631186,1.283818941052529e-05
2026-01-01 21:30:00,31,0.0030445106180781566,0.003044510618078156,3.044541063488792e-06
2026-01-01 21:30:00,32,0.0,0.0,0.0
2026-01-01 21:30:00,33,0.0,0.0,0.0
2026-01-01 21:30:00,34,0.0,0.0,0.0
2026-01-01 21:30:00,35,0.0,0.0,0.0
2026-01-01 21:30:00,36,0.0,0.0,0.0
2026-01-01 21:45:00,0,0.17864876122945314,0.17864876122945314,0.0001786505477349305
2026-01-01 21:45:00,1,0.15876416948921798,0.15876416948921798,0.00015876575714678944
2026-01-01 21:45:00,2,0.11397876026095799,0.11397876026095803,0.00011397990005995863
2026-01-01 21:45:00,3,0.10822833954467884,0.10822833954467884,0.00010822942183889724
2026-01-01 21:45:00,4,0.10556985536463377,0.10556985536463377,0.0001055709110737445
2026-01-01 21:45:00,5,0.04943481900819967,0.049434819008199675,4.9435313361333284e-05
2026-01-01 21:45:00,6,0.04028475109472552,0.04028475109472551,4.028515394626498e-05
2026-01-01 21:45:00,7,0.031096260642821245,0.031096260642821245,3.109657160853733e-05
2026-01-01 21:45:00,8,0.02849962683445408,0.028499626834454075,2.8499911833572416e-05
2026-01-01 21:45:00,9,0.025892690645585643,0.025892690645585647,2.58929495750814e-05
2026-01-01 21:45:00,10,0.023665455280346494,0.023665455280346494,2.3665691937265868e-05
2026-01-01 21:45:00,11,0.020785081715591368,0.020785081715591357,2.0785289568487053e-05
2026-01-01 21:45:00,12,0.017893140664731966,0.01789314066473197,1.789331959792795e-05
2026-01-01 21:45:00,13,0.011982479540634002,0.011982479540633998,1.1982599366627667e-05
2026-01-01 21:45:00,14,0.009467249061237245,0.009467249061237247,9.467343734674594e-06
2026-01-01 21:45:00,15,0.006810366975769089,0.00681036697576909,6.810435080119891e-06
2026-01-01 21:45:00,16,0.004152707720035655,0.0041527077200356555,4.152749247528131e-06
2026-01-01 21:45:00,17,0.01547750048190132,0.015477500481901323,1.547765525845391e-05
2026-01-01 21:45:00,18,0.01161874513367519,0.011618745133675196,1.1618861322288418e-05
2026-01-01 21:45:00,19,0.00774810497501757,0.007748104975017569,7.748182456842138e-06
2026-01-01 21:45:00,20,0.0038751161556974914,0.0038751161556974914,3.875154907246564e-06
2026-01-01 21:45:00,21,0.041348589428593166,0.041348589428593166,4.134900291862235e-05
2026-01-01 21:45:00,22,0.037261859297057304,0.037261859297057304,3.72622319193765e-05
2026-01-01 21:45:00,23,0.018658003823206464,0.018658003823206464,1.8658190405110515e-05
2026-01-01 21:45:00,24,0.05526789028305788,0.0552678902830579,5.526844296748757e-05
2026-01-01 21:45:00,25,0.052835064662147234,0.05283506466214723,5.283559301807741e-05
2026-01-01 21:45:00,26,0.05042033898481455,0.05042033898481456,5.042084319324649e-05
2026-01-01 21:45:00,27,0.04816685901977602,0.048166859019776014,4.816734069318295e-05
2026-01-01 21:45:00,28,0.04275470032015148,0.04275470032015147,4.2755127871430194e-05
2026-01-01 21:45:00,29,0.019726160246041045,0.019726160246041045,1.972635750961614e-05
2026-01-01 21:45:00,30,0.012780466889020075,0.012780466889020075,1.2780594694967024e-05
2026-01-01 21:45:00,31,0.0030308493907768067,0.0030308493907768063,3.0308796995738024e-06
2026-01-01 21:45:00,32,0.0,0.0,0.0
2026-01-01 21:45:00,33,0.0,0.0,0.0
2026-01-01 21:45:00,34,0.0,0.0,0.0
2026-01-01 21:45:00,35,0.0,0.0,0.0
2026-01-01 21:45:00,36,0.0,0.0,0.0
2026-01-01 22:00:00,0,0.1777577982054357,0.1777577982054357,0.00017775957580119372
2026-01-01 22:00:00,1,0.15796811943865596,0.15796811943865596,0.00015796969913564732
2026-01-01 22:00:00,2,0.11340063648225625,0.11340063648225625,0.00011340177049996124
2026-01-01 22:00:00,3,0.10767813518005427,0.10767813518005427,0.000107679211972174
2026-01-01 22:00:00,4,0.1050326415375866,0.10503264153758662,0.00010503369187450538
2026-01-01 22:00:00,5,0.04918414450469389,0.04918414450469389,4.91846363510574e-05
2026-01-01 22:00:00,6,0.040079734486586076,0.040079734486586076,4.0080135287938955e-05
2026-01-01 22:00:00,7,0.030937305810413318,0.030937305810413315,3.093761518656518e-05
2026-01-01 22:00:00,8,0.028353761133203693,0.028353761133203693,2.835404467365043e-05
2026-01-01 22:00:00,9,0.025760040469637157,0.025760040469637157,2.5760298072617885e-05
2026-01-01 22:00:00,10,0.023544111844420856,0.023544111844420856,2.3544347287893732e-05
2026-01-01 22:00:00,11,0.020678380944955384,0.020678380944955388,2.06785877308327e-05
2026-01-01 22:00:00,12,0.01780122758783111,0.017801227587831106,1.7801405601887127e-05
2026-01-01 22:00:00,13,0.011920858841791053,0.011920858841791055,1.192097805157157e-05
2026-01-01 22:00:00,14,0.009418530221519058,0.009418530221519058,9.418624407763135e-06
2026-01-01 22:00:00,15,0.006775297024103434,0.006775297024103433,6.7753647777512115e-06
2026-01-01 22:00:00,16,0.004131318343887006,0.004131318343887006,4.131359657483581e-06
2026-01-01 22:00:00,17,0.015403564488957602,0.015403564488957602,1.5403718526142862e-05
2026-01-01 22:00:00,18,0.011563191645999239,0.01156319164599924,1.1563307279072032e-05
2026-01-01 22:00:00,19,0.007711047537654278,0.007711047537654277,7.711124648900767e-06
2026-01-01 22:00:00,20,0.0038565772491518406,0.003856577249151841,3.8566158153099945e-06
2026-01-01 22:00:00,21,0.04114721403381077,0.04114721403381077,4.114762551006587e-05
2026-01-01 22:00:00,22,0.037080256034425586,0.03708025603442558,3.708062684069399e-05
2026-01-01 22:00:00,23,0.01856693536786173,0.01856693536786173,1.856712103907212e-05
2026-01-01 22:00:00,24,0.05498589712295084,0.05498589712295085,5.498644698742072e-05
2026-01-01 22:00:00,25,0.05256521102265433,0.052565211022654316,5.256573668002113e-05
2026-01-01 22:00:00,26,0.05016256356351651,0.05016256356351651,5.016306519416845e-05
2026-01-01 22:00:00,27,0.04792047817010385,0.04792047817010385,4.7920957379677646e-05
2026-01-01 22:00:00,28,0.04253587999324099,0.04253587999324098,4.253630535629455e-05
2026-01-01 22:00:00,29,0.01962495865310491,0.01962495865310491,1.9625154904653953e-05
2026-01-01 22:00:00,30,0.012714876750670755,0.012714876750670755,1.2715003900709761e-05
2026-01-01 22:00:00,31,0.0030152915606002422,0.003015291560600242,3.0153217138173805e-06
2026-01-01 22:00:00,32,0.0,0.0,0.0
2026-01-01 22:00:00,33,0.0,0.0,0.0
2026-01-01 22:00:00,34,0.0,0.0,0.0
2026-01-01 22:00:00,35,0.0,0.0,0.0
2026-01-01 22:00:00,36,0.0,0.0,0.0
2026-01-01 22:15:00,0,0.17393839078310114,0.17393839078310114,0.00017394013018440298
2026-01-01 22:15:00,1,0.15455609022189545,0.15455609022189545,0.00015455763579825342
2026-01-01 22:15:00,2,0.11092348941208553,0.11092348941208549,0.00011092459865807211
2026-01-01 22:15:00,3,0.10532076581253144,0.10532076581253143,0.00010532181903072175
2026-01-01 22:15:00,4,0.10273099326812184,0.10273099326812182,0.00010273202058832773
2026-01-01 22:15:00,5,0.048110042281835304,0.048110042281835304,4.811052338706917e-05
2026-01-01 22:15:00,6,0.03920136032064456,0.039201360320644564,3.9201752338167946e-05
2026-01-01 22:15:00,7,0.030256365237872323,0.03025636523787232,3.0256667804550366e-05
2026-01-01 22:15:00,8,0.02772891533528892,0.02772891533528892,2.7729192627215192e-05
2026-01-01 22:15:00,9,0.025191821905647897,0.0251918219056479,2.5192073826386165e-05
2026-01-01 22:15:00,10,0.023024339563242173,0.023024339563242173,2.3024569808940265e-05
2026-01-01 22:15:00,11,0.020221345967486606,0.0202213459674866,2.0221548182968435e-05
2026-01-01 22:15:00,12,0.017407540517205194,0.017407540517205194,1.7407714594351138e-05
2026-01-01 22:15:00,13,0.011656930438128751,0.011656930438128748,1.1657047008598839e-05
2026-01-01 22:15:00,14,0.00920986606657789,0.009209866066577888,9.209958166159551e-06
2026-01-01 22:15:00,15,0.006625094398595942,0.006625094398595944,6.625160650202447e-06
2026-01-01 22:15:00,16,0.004039709485277098,0.004039709485277099,4.039749882775926e-06
2026-01-01 22:15:00,17,0.015086228683652376,0.015086228683652383,1.5086379547447857e-05
2026-01-01 22:15:00,18,0.011324759745094799,0.011324759745094799,1.1324872993824737e-05
2026-01-01 22:15:00,19,0.007552000661412628,0.00755200066141263,7.552076182174451e-06
2026-01-01 22:15:00,20,0.0037770106465593056,0.003777010646559306,3.7770484170434763e-06
2026-01-01 22:15:00,21,0.04028335336579481,0.040283353365794805,4.0283756203356844e-05
2026-01-01 22:15:00,22,0.03630122875818821,0.03630122875818821,3.630159177410595e-05
2026-01-01 22:15:00,23,0.018176292522518962,0.01817629252251896,1.8176474287261836e-05
2026-01-01 22:15:00,24,0.053777813238173364,0.05377781323817337,5.377835102168358e-05
2026-01-01 22:15:00,25,0.051409167301391896,0.05140916730139189,5.1409681398205874e-05
2026-01-01 22:15:00,26,0.04905829366754131,0.04905829366754131,4.905878425538386e-05
2026-01-01 22:15:00,27,0.04686503645308747,0.04686503645308747,4.6865505108138556e-05
2026-01-01 22:15:00,28,0.04159851689256399,0.04159851689256399,4.1598932881892805e-05
2026-01-01 22:15:00,29,0.019191470517566724,0.01919147051756673,1.919166243419107e-05
2026-01-01 22:15:00,30,0.012433929931026017,0.012433929931026013,1.2434054271568733e-05
2026-01-01 22:15:00,31,0.0029486520365880004,0.0029486520365879995,2.9486815234032345e-06
2026-01-01 22:15:00,32,0.0,0.0,0.0
2026-01-01 22:15:00,33,0.0,0.0,0.0
2026-01-01 22:15:00,34,0.0,0.0,0.0
2026-01-01 22:15:00,35,0.0,0.0,0.0
2026-01-01 22:15:00,36,0.0,0.0,0.0
2026-01-01 22:30:00,0,0.17167212629760156,0.17167212629760156,0.00017167384303603191
2026-01-01 22:30:00,1,0.1525319301370094,0.15253193013700944,0.00015253345547156416
2026-01-01 22:30:00,2,0.10945455756739289,0.10945455756739289,0.00010945565212391413
2026-01-01 22:30:00,3,0.10392297493626329,0.1039229749362633,0.00010392401417640508
2026-01-01 22:30:00,4,0.10136628989798076,0.10136628989798072,0.00010136730357101648
2026-01-01 22:30:00,5,0.04747309836212454,0.047473098362124544,4.7473573097855526e-05
2026-01-01 22:30:00,6,0.038680552811380796,0.0386805528113808,3.8680939620777014e-05
2026-01-01 22:30:00,7,0.029852686389385905,0.029852686389385905,2.9852984919235096e-05
2026-01-01 22:30:00,8,0.027358508259184323,0.027358508259184317,2.7358781847002794e-05
2026-01-01 22:30:00,9,0.024854995384042844,0.02485499538404285,2.4855243936482218e-05
2026-01-01 22:30:00,10,0.022716240683201015,0.022716240683201022,2.27164678478795e-05
2026-01-01 22:30:00,11,0.019950447095940398,0.019950447095940398,1.995064660240642e-05
2026-01-01 22:30:00,12,0.01717419548441656,0.017174195484416562,1.7174367228088845e-05
2026-01-01 22:30:00,13,0.011500502224451613,0.011500502224451611,1.150061723062392e-05
2026-01-01 22:30:00,14,0.009086195673953185,0.009086195673953183,9.086286536818553e-06
2026-01-01 22:30:00,15,0.006536075054113455,0.006536075054113455,6.53614041551761e-06
2026-01-01 22:30:00,16,0.003985416905274606,0.003985416905274606,3.985456759842204e-06
2026-01-01 22:30:00,17,0.014897641450466998,0.014897641450467,1.4897790428371283e-05
2026-01-01 22:30:00,18,0.011183068025558856,0.011183068025558856,1.1183179857357431e-05
2026-01-01 22:30:00,19,0.00745748559915618,0.007457485599156181,7.457560174757929e-06
2026-01-01 22:30:00,20,0.0037297278953616294,0.003729727895361629,3.7297651930135594e-06
2026-01-01 22:30:00,21,0.03977032013168397,0.03977032013168397,3.9770717838862354e-05
2026-01-01 22:30:00,22,0.03583858812849708,0.03583858812849708,3.583894651796226e-05
2026-01-01 22:30:00,23,0.017944313409190282,0.017944313409190272,1.7944492854118824e-05
2026-01-01 22:30:00,24,0.053061581516439485,0.053061581516439485,5.306211213756086e-05
2026-01-01 22:30:00,25,0.050723813916124495,0.050723813916124495,5.072432115933609e-05
2026-01-01 22:30:00,26,0.04840365787478727,0.04840365787478727,4.8404141916206433e-05
2026-01-01 22:30:00,27,0.04623935900776237,0.04623935900776236,4.623982140597643e-05
2026-01-01 22:30:00,28,0.04104284947755939,0.0410428494775594,4.1043259910158506e-05
2026-01-01 22:30:00,29,0.018934522513941288,0.01893452251394128,1.8934711861059898e-05
2026-01-01 22:30:00,30,0.012267402177585476,0.012267402177585476,1.2267524852834003e-05
2026-01-01 22:30:00,31,0.0029091526005118086,0.0029091526005118086,2.909181692328732e-06
2026-01-01 22:30:00,32,0.0,0.0,0.0
2026-01-01 22:30:00,33,0.0,0.0,0.0
2026-01-01 22:30:00,34,0.0,0.0,0.0
2026-01-01 22:30:00,35,0.0,0.0,0.0
2026-01-01 22:30:00,36,0.0,0.0,0.0
2026-01-01 22:45:00,0,0.16377453090842578,0.16377453090842578,0.0001637761686701125
2026-01-01 22:45:00,1,0.14548026330857736,0.14548026330857733,0.0001454817181257586
2026-01-01 22:45:00,2,0.10434073402838982,0.10434073402838984,0.0001043417774461643
2026-01-01 22:45:00,3,0.09905747391399532,0.09905747391399532,9.90584644986403e-05
2026-01-01 22:45:00,4,0.0966162391531274,0.09661623915312739,9.661720532518065e-05
2026-01-01 22:45:00,5,0.045255644364534074,0.04525564436453406,4.525609692550333e-05
2026-01-01 22:45:00,6,0.036867816871617484,0.036867816871617484,3.686818555347302e-05
2026-01-01 22:45:00,7,0.02844801204013644,0.02844801204013644,2.8448296523101672e-05
2026-01-01 22:45:00,8,0.02606970936447376,0.02606970936447376,2.6069970064174398e-05
2026-01-01 22:45:00,9,0.023683106692542744,0.023683106692542744,2.3683343525978002e-05
2026-01-01 22:45:00,10,0.021644358067293864,0.021644358067293864,2.1644574513038994e-05
2026-01-01 22:45:00,11,0.01900805334055987,0.01900805334055987,1.90082434229941e-05
2026-01-01 22:45:00,12,0.0163624747652171,0.0163624747652171,1.6362638391601016e-05
2026-01-01 22:45:00,13,0.010956384865282259,0.010956384865282259,1.0956494430226561e-05
2026-01-01 22:45:00,14,0.008656040751381874,0.008656040751381872,8.656127312655001e-06
2026-01-01 22:45:00,15,0.00622645768666014,0.00622645768666014,6.2265199518596585e-06
2026-01-01 22:45:00,16,0.003796585167450707,0.003796585167450708,3.796623133682045e-06
2026-01-01 22:45:00,17,0.014238734976242427,0.014238734976242434,1.4238877365016083e-05
2026-01-01 22:45:00,18,0.010688035178653351,0.01068803517865335,1.0688142060073952e-05
2026-01-01 22:45:00,19,0.00712728071611409,0.007127280716114091,7.127351989633988e-06
2026-01-01 22:45:00,20,0.0035645398627552243,0.003564539862755224,3.564575508510309e-06
2026-01-01 22:45:00,21,0.0379798333631986,0.037979833363198615,3.798021316533027e-05
2026-01-01 22:45:00,22,0.034224038019468925,0.034224038019468925,3.422438026327156e-05
2026-01-01 22:45:00,23,0.017134808003108844,0.017134808003108844,1.7134979352902373e-05
2026-01-01 22:45:00,24,0.050569039769775365,0.050569039769775365,5.056954546523002e-05
2026-01-01 22:45:00,25,0.048338878513351315,0.04833887851335131,4.833936190697039e-05
2026-01-01 22:45:00,26,0.04612575298960426,0.04612575298960425,4.6126214251746775e-05
2026-01-01 22:45:00,27,0.04406228787653096,0.04406228787653096,4.4062728503815994e-05
2026-01-01 22:45:00,28,0.03910944881591325,0.039109448815913245,3.91098399143124e-05
2026-01-01 22:45:00,29,0.018040625545245895,0.018040625545245898,1.804080595330543e-05
2026-01-01 22:45:00,30,0.011688080630521772,0.01168808063052177,1.1688197512496896e-05
2026-01-01 22:45:00,31,0.0027717426552817314,0.002771742655281731,2.7717703729854614e-06
2026-01-01 22:45:00,32,0.0,0.0,0.0
2026-01-01 22:45:00,33,0.0,0.0,0.0
2026-01-01 22:45:00,34,0.0,0.0,0.0
2026-01-01 22:45:00,35,0.0,0.0,0.0
2026-01-01 22:45:00,36,0.0,0.0,0.0
2026-01-01 23:00:00,0,0.15859801799026785,0.15859801799026782,0.0001585996039863077
2026-01-01 23:00:00,1,0.14086009208732284,0.14086009208732284,0.00014086150070232985
2026-01-01 23:00:00,2,0.10099320381487079,0.10099320381487074,0.00010099421375700835
2026-01-01 23:00:00,3,0.09587304877071116,0.09587304877071116,9.587400751078627e-05
2026-01-01 23:00:00,4,0.09350760798092708,0.09350760798092707,9.350854306635775e-05
2026-01-01 23:00:00,5,0.04380405087989558,0.04380405087989558,4.380448892478483e-05
2026-01-01 23:00:00,6,0.035681496206881345,0.03568149620688135,3.568185302541161e-05
2026-01-01 23:00:00,7,0.027529060078997195,0.027529060078997195,2.752933537235092e-05
2026-01-01 23:00:00,8,0.025226648080850917,0.02522664808085091,2.5226900349854417e-05
2026-01-01 23:00:00,9,0.022916579786850792,0.022916579786850796,2.2916808954940346e-05
2026-01-01 23:00:00,10,0.020943292039640585,0.020943292039640585,2.0943501474655332e-05
2026-01-01 23:00:00,11,0.018391737484275784,0.018391737484275784,1.839192140348982e-05
2026-01-01 23:00:00,12,0.015831644507410262,0.015831644507410262,1.583180282543852e-05
2026-01-01 23:00:00,13,0.010600587594790052,0.010600587594790052,1.0600693601726069e-05
2026-01-01 23:00:00,14,0.008374778441152834,0.008374778441152832,8.374862189774731e-06
2026-01-01 23:00:00,15,0.006024021268973862,0.006024021268973862,6.024081509788961e-06
2026-01-01 23:00:00,16,0.0036731240561561017,0.0036731240561561017,3.6731607877639792e-06
2026-01-01 23:00:00,17,0.013805417097343946,0.01380541709734395,1.3805555152895479e-05
2026-01-01 23:00:00,18,0.010362507001527127,0.010362507001527124,1.0362610627633403e-05
2026-01-01 23:00:00,19,0.006910146161086741,0.006910146161086742,6.910215263239374e-06
2026-01-01 23:00:00,20,0.0034559184365072857,0.0034559184365072866,3.455952996037247e-06
2026-01-01 23:00:00,21,0.0368040405833049,0.0368040405833049,3.680440862739117e-05
2026-01-01 23:00:00,22,0.0331638369335719,0.03316383693357191,3.3164168575257665e-05
2026-01-01 23:00:00,23,0.01660330089586905,0.016603300895869047,1.6603466930538356e-05
2026-01-01 23:00:00,24,0.04893815789885385,0.04893815789885383,4.8938647285326695e-05
2026-01-01 23:00:00,25,0.04677852731936512,0.04677852731936511,4.677899510931621e-05
2026-01-01 23:00:00,26,0.04463554190033282,0.04463554190033283,4.463598826021543e-05
2026-01-01 23:00:00,27,0.04263809998811019,0.04263809998811019,4.2638526373373925e-05
2026-01-01 23:00:00,28,0.03784472088052099,0.03784472088052099,3.78450993315143e-05
2026-01-01 23:00:00,29,0.017455996891818783,0.01745599689181878,1.7456171453533317e-05
2026-01-01 23:00:00,30,0.011309201561130227,0.011309201561130225,1.130931465427677e-05
2026-01-01 23:00:00,31,0.0026818774218101108,0.0026818774218101103,2.681904240852519e-06
2026-01-01 23:00:00,32,0.0,0.0,0.0
2026-01-01 23:00:00,33,0.0,0.0,0.0
2026-01-01 23:00:00,34,0.0,0.0,0.0
2026-01-01 23:00:00,35,0.0,0.0,0.0
2026-01-01 23:00:00,36,0.0,0.0,0.0
2026-01-01 23:15:00,0,0.15747779735775172,0.15747779735775172,0.00015747937215147324
2026-01-01 23:15:00,1,0.1398604609947334,0.1398604609947334,0.00013986185961332954
2026-01-01 23:15:00,2,0.1002692339481647,0.10026923394816473,0.00010027023665053124
2026-01-01 23:15:00,3,0.09518441092315731,0.0951844109231573,9.518536277678508e-05
2026-01-01 23:15:00,4,0.09283538487927288,0.0928353848792729,9.283631324240533e-05
2026-01-01 23:15:00,5,0.043490111026330054,0.043490111026330054,4.349054593178937e-05
2026-01-01 23:15:00,6,0.03542496233554685,0.03542496233554685,3.542531658871274e-05
2026-01-01 23:15:00,7,0.02733037582913519,0.027330375829135188,2.733064913562655e-05
2026-01-01 23:15:00,8,0.025044380629603874,0.025044380629603874,2.5044631075914632e-05
2026-01-01 23:15:00,9,0.022750864864166956,0.02275086486416696,2.275109237509071e-05
2026-01-01 23:15:00,10,0.020791733956983343,0.020791733956983343,2.079194187640211e-05
2026-01-01 23:15:00,11,0.018258506869259408,0.0182585068692594,1.825868945615397e-05
2026-01-01 23:15:00,12,0.01571689630220544,0.015716896302205432,1.5717053472740167e-05
2026-01-01 23:15:00,13,0.010523679120248814,0.010523679120248819,1.05237843580924e-05
2026-01-01 23:15:00,14,0.00831398286991802,0.008313982869918017,8.314066010578126e-06
2026-01-01 23:15:00,15,0.005980265238200332,0.005980265238200332,5.980325041450746e-06
2026-01-01 23:15:00,16,0.0036464385431082117,0.0036464385431082117,3.6464750078582902e-06
2026-01-01 23:15:00,17,0.013711496130494638,0.013711496130494638,1.3711633246827106e-05
2026-01-01 23:15:00,18,0.010291951498272686,0.01029195149827268,1.0292054418816874e-05
2026-01-01 23:15:00,19,0.006863084543345644,0.006863084543345643,6.863153174877393e-06
2026-01-01 23:15:00,20,0.003432376114580858,0.003432376114580859,3.4324104386852458e-06
2026-01-01 23:15:00,21,0.03654936500901073,0.03654936500901073,3.6549730506315796e-05
2026-01-01 23:15:00,22,0.03293420425197944,0.032934204251979425,3.2934533597315415e-05
2026-01-01 23:15:00,23,0.01648818594761098,0.01648818594761098,1.6488350831119295e-05
2026-01-01 23:15:00,24,0.04858552466475378,0.048585524664753764,4.858601052485903e-05
2026-01-01 23:15:00,25,0.04644115717289014,0.04644115717289014,4.644162158910604e-05
2026-01-01 23:15:00,26,0.04431334896056675,0.04431334896056676,4.431379209848775e-05
2026-01-01 23:15:00,27,0.04233018762601446,0.04233018762601445,4.233061093212378e-05
2026-01-01 23:15:00,28,0.03757128993254957,0.03757128993254957,3.757166564920606e-05
2026-01-01 23:15:00,29,0.017329613167268592,0.017329613167268592,1.732978646513324e-05
2026-01-01 23:15:00,30,0.0112272973792507,0.011227297379250704,1.1227409653347237e-05
2026-01-01 23:15:00,31,0.0026624509631793204,0.00266245096317932,2.6624775879552e-06
2026-01-01 23:15:00,32,0.0,0.0,0.0
2026-01-01 23:15:00,33,0.0,0.0,0.0
2026-01-01 23:15:00,34,0.0,0.0,0.0
2026-01-01 23:15:00,35,0.0,0.0,0.0
2026-01-01 23:15:00,36,0.0,0.0,0.0
2026-01-01 23:30:00,0,0.1452541111055149,0.1452541111055149,0.0001452555636611515
2026-01-01 23:30:00,1,0.12895711366361864,0.12895711366361867,0.00012895840324765115
2026-01-01 23:30:00,2,0.09237972892446908,0.09237972892446907,9.238065273099639e-05
2026-01-01 23:30:00,3,0.08768125551638807,0.08768125551638804,8.768213233771145e-05
2026-01-01 23:30:00,4,0.08551163350528206,0.08551163350528208,8.551248863016838e-05
2026-01-01 23:30:00,5,0.040068844493922076,0.04006884449392208,4.006924518637395e-05
2026-01-01 23:30:00,6,0.032630093013848574,0.03263009301384857,3.263041931804175e-05
2026-01-01 23:30:00,7,0.02516651658161024,0.025166516581610242,2.5166768249292737e-05
2026-01-01 23:30:00,8,0.023059514084223576,0.023059514084223572,2.305974468167039e-05
2026-01-01 23:30:00,9,0.020946390410502374,0.02094639041050238,2.0946599876501147e-05
2026-01-01 23:30:00,10,0.01914152563253312,0.019141525632533123,1.914171704970362e-05
2026-01-01 23:30:00,11,0.016807989859150132,0.01680798985915013,1.6808157940729538e-05
2026-01-01 23:30:00,12,0.014467665141861107,0.01446766514186111,1.446780981995931e-05
2026-01-01 23:30:00,13,0.009686473748031055,0.009686473748031053,9.686570613737191e-06
2026-01-01 23:30:00,14,0.007652214053581851,0.007652214053581852,7.652290576487617e-06
2026-01-01 23:30:00,15,0.005503999862099397,0.005503999862099395,5.504054902648424e-06
2026-01-01 23:30:00,16,0.0033559838362044268,0.003355983836204427,3.356017396378391e-06
2026-01-01 23:30:00,17,0.012683213007838668,0.012683213007838671,1.2683339841237085e-05
2026-01-01 23:30:00,18,0.009519534125038864,0.009519534125038866,9.51962932133208e-06
2026-01-01 23:30:00,19,0.006347881242973507,0.0063478812429735056,6.347944722420732e-06
2026-01-01 23:30:00,20,0.003174653620117044,0.003174653620117045,3.1746853669707145e-06
2026-01-01 23:30:00,21,0.033765141716519606,0.03376514171651962,3.3765479371313335e-05
2026-01-01 23:30:00,22,0.0304238960983732,0.03042389609837321,3.0424200340376615e-05
2026-01-01 23:30:00,23,0.015229907523894779,0.015229907523894779,1.5230059824493026e-05
2026-01-01 23:30:00,24,0.04474445642048725,0.04474445642048725,4.474490386952595e-05
2026-01-01 23:30:00,25,0.04276663510647767,0.042766635106477685,4.276706277710546e-05
2026-01-01 23:30:00,26,0.04080440487628704,0.04080440487628704,4.0804812924416284e-05
2026-01-01 23:30:00,27,0.03897690673494102,0.03897690673494102,3.89772965079061e-05
2026-01-01 23:30:00,28,0.03459365782271135,0.03459365782271135,3.459400376274898e-05
2026-01-01 23:30:00,29,0.015953571283672034,0.015953571283672034,1.595373082098024e-05
2026-01-01 23:30:00,30,0.010335564314497015,0.010335564314497015,1.0335667671173727e-05
2026-01-01 23:30:00,31,0.002450948693756971,0.0024509486937569717,2.4509732034890063e-06
2026-01-01 23:30:00,32,0.0,0.0,0.0
2026-01-01 23:30:00,33,0.0,0.0,0.0
2026-01-01 23:30:00,34,0.0,0.0,0.0
2026-01-01 23:30:00,35,0.0,0.0,0.0
2026-01-01 23:30:00,36,0.0,0.0,0.0
2026-01-01 23:45:00,0,0.143931291699889,0.143931291699889,0.00014393273102719927
2026-01-01 23:45:00,1,0.12777766934861123,0.1277776693486112,0.0001277789471380826
2026-01-01 23:45:00,2,0.09152707597361506,0.09152707597361508,9.152799125352762e-05
2026-01-01 23:45:00,3,0.08687050115949728,0.08687050115949728,8.687136987319601e-05
2026-01-01 23:45:00,4,0.0847203253511301,0.0847203253511301,8.472117256285573e-05
2026-01-01 23:45:00,5,0.039699084363785976,0.039699084363785976,3.969948135859956e-05
2026-01-01 23:45:00,6,0.03232811857826547,0.032328118578265466,3.23284418626841e-05
2026-01-01 23:45:00,7,0.024932802497471592,0.024932802497471585,2.493305182798987e-05
2026-01-01 23:45:00,8,0.02284515426878351,0.02284515426878352,2.2845382722610743e-05
2026-01-01 23:45:00,9,0.02075152739583885,0.020751527395838854,2.0751734913187985e-05
2026-01-01 23:45:00,10,0.018963333829446264,0.018963333829446264,1.896352346468091e-05
2026-01-01 23:45:00,11,0.01665137591110807,0.016651375911108074,1.665154242653234e-05
2026-01-01 23:45:00,12,0.014332791225955153,0.014332791225955153,1.4332934555300707e-05
2026-01-01 23:45:00,13,0.009596092597233442,0.00959609259723344,9.596188559119032e-06
2026-01-01 23:45:00,14,0.007580776155772194,0.007580776155772194,7.580851964291836e-06
2026-01-01 23:45:00,15,0.005452589881021673,0.005452589881021672,5.452644407465748e-06
2026-01-01 23:45:00,16,0.003324631563225802,0.0033246315632258017,3.3246648098739007e-06
2026-01-01 23:45:00,17,0.012571558822811819,0.012571558822811815,1.2571684539657215e-05
2026-01-01 23:45:00,18,0.009435668329612215,0.009435668329612214,9.435762687239087e-06
2026-01-01 23:45:00,19,0.006291943881716793,0.006291943881716793,6.29200680178481e-06
2026-01-01 23:45:00,20,0.0031466723915325114,0.0031466723915325114,3.1467038585710972e-06
2026-01-01 23:45:00,21,0.033463267744034055,0.03346326774403407,3.346360238005787e-05
2026-01-01 23:45:00,22,0.03015173572889598,0.03015173572889598,3.0152037249268474e-05
2026-01-01 23:45:00,23,0.01509350398572493,0.015093503985724925,1.5093654922274154e-05
2026-01-01 23:45:00,24,0.04432952941334976,0.04432952941334976,4.432997271307689e-05
2026-01-01 23:45:00,25,0.04236973102020522,0.04236973102020522,4.2370154721752435e-05
2026-01-01 23:45:00,26,0.04042541544971365,0.04042541544971364,4.042581970791073e-05
2026-01-01 23:45:00,27,0.03861474483050744,0.03861474483050744,3.861513098181726e-05
2026-01-01 23:45:00,28,0.0342720815756942,0.0342720815756942,3.427242429993719e-05
2026-01-01 23:45:00,29,0.015804991034415558,0.015804991034415555,1.5805149085906416e-05
2026-01-01 23:45:00,30,0.01023928070073744,0.010239280700737444,1.023938309456839e-05
2026-01-01 23:45:00,31,0.002428112431074005,0.002428112431074005,2.4281367124411295e-06
2026-01-01 23:45:00,32,0.0,0.0,0.0
2026-01-01 23:45:00,33,0.0,0.0,0.0
2026-01-01 23:45:00,34,0.0,0.0,0.0
2026-01-01 23:45:00,35,0.0,0.0,0.0
2026-01-01 23:45:00,36,0.0,0.0,0.0
