timestamp,bus_id,voltage_pu,angle_deg,active_power_mw,reactive_power_mvar
2026-01-01 00:00:00,0,1.0,0.0,-2.5064380884214597,-1.5556271140445157
2026-01-01 00:00:00,1,0.998101981753325,0.0091783585670571,0.0652624867594868,0.0391574920556921
2026-01-01 00:00:00,2,0.9891084203446172,0.0606158166928973,0.0587362380835381,0.0261049947037947
2026-01-01 00:00:00,3,0.984358011472754,0.1018013383450243,0.0783149841113842,0.0522099894075894
2026-01-01 00:00:00,4,0.979665481316656,0.1433530703635628,0.0391574920556921,0.019578746027846
2026-01-01 00:00:00,5,0.968000027821298,0.0838091402704885,0.0391574920556921,0.0130524973518973
2026-01-01 00:00:00,6,0.965790616954213,-0.0597772685800084,0.1305249735189736,0.0652624867594868
2026-01-01 00:00:00,7,0.9627190834301064,-0.0376074580980994,0.1305249735189737,0.0652624867594868
2026-01-01 00:00:00,8,0.958753372176556,-0.0831156054634629,0.039157492055692,0.0130524973518973
2026-01-01 00:00:00,9,0.9550766017689796,-0.1218744190693455,0.039157492055692,0.0130524973518973
2026-01-01 00:00:00,10,0.954532879001636,-0.1174445647204477,0.029368119041769,0.019578746027846
2026-01-01 00:00:00,11,0.953585135983468,-0.1104484911306152,0.039157492055692,0.0228418703658204
2026-01-01 00:00:00,12,0.9497251843763126,-0.1666901666423886,0.039157492055692,0.0228418703658204
2026-01-01 00:00:00,13,0.9482944595398396,-0.2148913499643394,0.0783149841113842,0.0522099894075894
2026-01-01 00:00:00,14,0.9474033822801788,-0.2379530978584399,0.039157492055692,0.0065262486759486
2026-01-01 00:00:00,15,0.9465404539747388,-0.2521776021167242,0.039157492055692,0.0130524973518973
2026-01-01 00:00:00,16,0.9452620628038378,-0.2993301503159051,0.039157492055692,0.0130524973518973
2026-01-01 00:00:00,17,0.9448792080493188,-0.3051760371720702,0.0587362380835382,0.0261049947037947
2026-01-01 00:00:00,18,0.9977580325385532,0.0021266327630823,0.0587362380835381,0.0261049947037947
2026-01-01 00:00:00,19,0.9954298851247488,-0.0414261234807553,0.0587362380835381,0.0261049947037947
2026-01-01 00:00:00,20,0.9949714574054108,-0.0539931845106614,0.0587362380835381,0.0261049947037947
2026-01-01 00:00:00,21,0.9945567194825596,-0.0671962399496191,0.0587362380835381,0.0261049947037947
2026-01-01 00:00:00,22,0.986792619524294,0.0406606609420732,0.0587362380835381,0.0326312433797434
2026-01-01 00:00:00,23,0.9824853813390086,-0.0162383776760582,0.2741024443898447,0.1305249735189737
2026-01-01 00:00:00,24,0.9803397893174692,-0.0441575333672551,0.2741024443898447,0.1305249735189737
2026-01-01 00:00:00,25,0.9667788822568704,0.1084178181055598,0.039157492055692,0.0163156216898716
2026-01-01 00:00:00,26,0.9651568827448248,0.1433798165431468,0.039157492055692,0.0163156216898716
2026-01-01 00:00:00,27,0.957919908732014,0.1951859457346829,0.039157492055692,0.0130524973518973
2026-01-01 00:00:00,28,0.9527220416612636,0.2434206331670373,0.0783149841113843,0.0456837407316408
2026-01-01 00:00:00,29,0.9504727632655174,0.3081113121586255,0.1305249735189737,0.3915749205569212
2026-01-01 00:00:00,30,0.9478442370778124,0.2563676221749703,0.0978937301392304,0.0456837407316408
2026-01-01 00:00:00,31,0.9472660158943388,0.2422732470738991,0.1370512221949225,0.0652624867594868
2026-01-01 00:00:00,32,0.9470868658753796,0.2375476161575522,0.039157492055692,0.0261049947037947
2026-01-01 00:15:00,0,1.0,0.0,-2.36367153583668,-1.4668032722014157
2026-01-01 00:15:00,1,0.9982101552143922,0.0086475088628442,0.0616659969169476,0.0369995981501685
2026-01-01 00:15:00,2,0.9897310751078858,0.0570859095996989,0.0554993972252528,0.024666398766779
2026-01-01 00:15:00,3,0.9852545883149992,0.0958522500485017,0.0739991963003371,0.049332797533558
2026-01-01 00:15:00,4,0.9808330429020806,0.1349375344377086,0.0369995981501685,0.0184997990750842
2026-01-01 00:15:00,5,0.9698419511130826,0.0788667513612101,0.0369995981501685,0.0123331993833895
2026-01-01 00:15:00,6,0.9677602895567472,-0.0561929852300435,0.1233319938338952,0.0616659969169476
2026-01-01 00:15:00,7,0.9648662665538572,-0.0353685498559242,0.1233319938338952,0.0616659969169475
2026-01-01 00:15:00,8,0.9611305921199368,-0.0781693220334615,0.0369995981501685,0.0123331993833895
2026-01-01 00:15:00,9,0.9576672505047108,-0.1146059950882313,0.0369995981501685,0.0123331993833895
2026-01-01 00:15:00,10,0.9571550947244376,-0.1104474849404299,0.0277496986126264,0.0184997990750842
2026-01-01 00:15:00,11,0.9562624058370373,-0.1038820318307632,0.0369995981501685,0.0215830989209316
2026-01-01 00:15:00,12,0.9526270006145696,-0.1567213693585712,0.0369995981501685,0.0215830989209316
2026-01-01 00:15:00,13,0.9512795563360876,-0.2019833785407893,0.0739991963003371,0.049332797533558
2026-01-01 00:15:00,14,0.9504403784467648,-0.2236367787455981,0.0369995981501685,0.0061665996916947
2026-01-01 00:15:00,15,0.9496277226710442,-0.2369919523473084,0.0369995981501685,0.0123331993833895
2026-01-01 00:15:00,16,0.9484238479329828,-0.2812527727740603,0.0369995981501685,0.0123331993833895
2026-01-01 00:15:00,17,0.9480633068203796,-0.2867395995958595,0.0554993972252528,0.024666398766779
2026-01-01 00:15:00,18,0.9978852446678848,0.0019859701788106,0.0554993972252528,0.024666398766779
2026-01-01 00:15:00,19,0.9956860415146556,-0.0391513911900981,0.0554993972252528,0.024666398766779
2026-01-01 00:15:00,20,0.9952530070101512,-0.0510195145470956,0.0554993972252528,0.024666398766779
2026-01-01 00:15:00,21,0.994861245838768,-0.0634876281755109,0.0554993972252528,0.024666398766779
2026-01-01 00:15:00,22,0.9875451993625122,0.0382541596218631,0.0554993972252528,0.0308329984584737
2026-01-01 00:15:00,23,0.9834797330475564,-0.0154139250353789,0.25899718705118,0.1233319938338951
2026-01-01 00:15:00,24,0.981454689762914,-0.0417379003463053,0.2589971870511798,0.1233319938338952
2026-01-01 00:15:00,25,0.9686915743170096,0.1020151513311394,0.0369995981501685,0.0154164992292369
2026-01-01 00:15:00,26,0.9671636424950392,0.134896937140997,0.0369995981501685,0.0154164992292369
2026-01-01 00:15:00,27,0.960346419392851,0.1836352725157315,0.0369995981501685,0.0123331993833895
2026-01-01 00:15:00,28,0.9554501345844308,0.2289751795362585,0.073999196300337,0.0431661978418633
2026-01-01 00:15:00,29,0.953331428649537,0.2897393675831065,0.1233319938338952,0.3699959815016855
2026-01-01 00:15:00,30,0.9508557163766386,0.2411477649532935,0.0924989953754211,0.0431661978418633
2026-01-01 00:15:00,31,0.9503111139396344,0.2279148069183798,0.1294985935255899,0.0616659969169475
2026-01-01 00:15:00,32,0.9501423810893378,0.2234782178540134,0.0369995981501687,0.024666398766779
2026-01-01 00:30:00,0,1.0,0.0,-2.5551507057566294,-1.5859404345437755
2026-01-01 00:30:00,1,0.998065070664498,0.0093597183310909,0.0664862098783703,0.0398917259270221
2026-01-01 00:30:00,2,0.9888959027966556,0.0618224550888607,0.0598375888905332,0.0265944839513481
2026-01-01 00:30:00,3,0.9840519334360944,0.1038355308608098,0.0797834518540444,0.0531889679026962
2026-01-01 00:30:00,4,0.9792668345830904,0.1462317252540169,0.0398917259270222,0.019945862963511
2026-01-01 00:30:00,5,0.9673709980888516,0.0855004162484843,0.0398917259270222,0.013297241975674
2026-01-01 00:30:00,6,0.9651179433258824,-0.0610054702563148,0.1329724197567406,0.0664862098783703
2026-01-01 00:30:00,7,0.9619857681200352,-0.0383741549331662,0.1329724197567406,0.0664862098783703
2026-01-01 00:30:00,8,0.9579414458991844,-0.0848094231400205,0.0398917259270221,0.013297241975674
2026-01-01 00:30:00,9,0.9541917354922946,-0.1243639191409856,0.0398917259270221,0.013297241975674
2026-01-01 00:30:00,10,0.9536372244522012,-0.1198409095349381,0.0299187944452666,0.019945862963511
2026-01-01 00:30:00,11,0.9526706653225998,-0.1126969376166485,0.0398917259270221,0.0232701734574296
2026-01-01 00:30:00,12,0.9487339598143604,-0.1701054044492723,0.0398917259270221,0.0232701734574296
2026-01-01 00:30:00,13,0.9472747667037424,-0.2193152425879394,0.0797834518540443,0.0531889679026962
2026-01-01 00:30:00,14,0.946365947452342,-0.2428603651104974,0.0398917259270221,0.006648620987837
2026-01-01 00:30:00,15,0.9454858329164584,-0.2573832616925362,0.0398917259270221,0.013297241975674
2026-01-01 00:30:00,16,0.9441819662671432,-0.3055286798082028,0.0398917259270221,0.013297241975674
2026-01-01 00:30:00,17,0.9437914830641876,-0.3114978658372004,0.0598375888905332,0.0265944839513481
2026-01-01 00:30:00,18,0.9977146411537132,0.0021751857797341,0.0598375888905333,0.0265944839513481
2026-01-01 00:30:00,19,0.9953426022874016,-0.0421998392228747,0.0598375888905333,0.0265944839513481
2026-01-01 00:30:00,20,0.9948755308616184,-0.0550048916823219,0.0598375888905333,0.0265944839513481
2026-01-01 00:30:00,21,0.9944529716858383,-0.0684582151412483,0.0598375888905333,0.0265944839513481
2026-01-01 00:30:00,22,0.9865358297279836,0.0414843869374155,0.0598375888905333,0.0332431049391851
2026-01-01 00:30:00,23,0.9821462039496984,-0.0165166907490951,0.2792420814891552,0.1329724197567406
2026-01-01 00:30:00,24,0.9799595298900328,-0.0449802156941535,0.2792420814891554,0.1329724197567406
2026-01-01 00:30:00,25,0.9661256705153406,0.1106090531503636,0.0398917259270221,0.0166215524695926
2026-01-01 00:30:00,26,0.9644715256418634,0.1462834224526686,0.0398917259270221,0.0166215524695926
2026-01-01 00:30:00,27,0.9570911105813492,0.199139678299519,0.0398917259270221,0.013297241975674
2026-01-01 00:30:00,28,0.9517901810963156,0.2483664140318312,0.0797834518540445,0.0465403469148592
2026-01-01 00:30:00,29,0.949496278959734,0.3144040318575621,0.1329724197567405,0.3989172592702219
2026-01-01 00:30:00,30,0.9468155211671996,0.2615787127704986,0.0997293148175555,0.0465403469148593
2026-01-01 00:30:00,31,0.9462258090521612,0.2471886602099755,0.1396210407445774,0.0664862098783702
2026-01-01 00:30:00,32,0.9460430983987916,0.2423638103415716,0.0398917259270223,0.0265944839513481
2026-01-01 00:45:00,0,1.0,0.0,-2.5763089499285683,-1.5991079625842028
2026-01-01 00:45:00,1,0.9980490381008674,0.0094385285098068,0.0670171894614827,0.0402103136768896
2026-01-01 00:45:00,2,0.9888035858003212,0.0623469096435197,0.0603154705153344,0.0268068757845931
2026-01-01 00:45:00,3,0.9839189631277234,0.1047197696460335,0.0804206273537793,0.0536137515691862
2026-01-01 00:45:00,4,0.9790936400827982,0.1474832169220427,0.0402103136768896,0.0201051568384448
2026-01-01 00:45:00,5,0.9670976912498628,0.0862358017744451,0.0402103136768896,0.0134034378922965
2026-01-01 00:45:00,6,0.9648256710249916,-0.0615397713587535,0.1340343789229655,0.0670171894614827
2026-01-01 00:45:00,7,0.9616671443635214,-0.0387076098452802,0.1340343789229655,0.0670171894614827
2026-01-01 00:45:00,8,0.9575886582440676,-0.0855461059923602,0.0402103136768896,0.0134034378922965
2026-01-01 00:45:00,9,0.9538072477872712,-0.1254467412139154,0.0402103136768896,0.0134034378922965
2026-01-01 00:45:00,10,0.9532480480916388,-0.1208831784445393,0.0301577352576672,0.0201051568384448
2026-01-01 00:45:00,11,0.9522733112074984,-0.1136748122462791,0.0402103136768896,0.0234560163115189
2026-01-01 00:45:00,12,0.9483032458055852,-0.1715910153831542,0.0402103136768896,0.0234560163115189
2026-01-01 00:45:00,13,0.9468316791585532,-0.2212398876992039,0.0804206273537793,0.0536137515691862
2026-01-01 00:45:00,14,0.9459151483258026,-0.2449954173784845,0.0402103136768896,0.0067017189461482
2026-01-01 00:45:00,15,0.9450275637102278,-0.2596482037398972,0.0402103136768896,0.0134034378922965
2026-01-01 00:45:00,16,0.9437126238275252,-0.3082258650962579,0.0402103136768896,0.0134034378922965
2026-01-01 00:45:00,17,0.9433188248374236,-0.3142487317614585,0.0603154705153344,0.0268068757845931
2026-01-01 00:45:00,18,0.997695796393675,0.0021963635222869,0.0603154705153345,0.026806875784593
2026-01-01 00:45:00,19,0.9953047100301228,-0.0425355143550485,0.0603154705153345,0.026806875784593
2026-01-01 00:45:00,20,0.9948338874962968,-0.0554438601117733,0.0603154705153345,0.026806875784593
2026-01-01 00:45:00,21,0.9944079341171844,-0.0690058078581307,0.0603154705153345,0.026806875784593
2026-01-01 00:45:00,22,0.986424292528836,0.0418425878006495,0.0603154705153345,0.0335085947307414
2026-01-01 00:45:00,23,0.981998898757624,-0.0166370975328475,0.2814721957382275,0.1340343789229655
2026-01-01 00:45:00,24,0.9797943887215608,-0.0453370813756153,0.2814721957382275,0.1340343789229655
2026-01-01 00:45:00,25,0.9658418546191092,0.1115618669182438,0.0402103136768896,0.0167542973653707
2026-01-01 00:45:00,26,0.9641737396418812,0.1475460667001524,0.0402103136768896,0.0167542973653707
2026-01-01 00:45:00,27,0.9567309860983552,0.2008589816621729,0.0402103136768896,0.0134034378922965
2026-01-01 00:45:00,28,0.9513852659212564,0.2505173034500674,0.0804206273537795,0.0469120326230378
2026-01-01 00:45:00,29,0.9490719700815556,0.3171411124396709,0.1340343789229656,0.4021031367688965
2026-01-01 00:45:00,30,0.9463685110921548,0.2638450105278223,0.1005257841922242,0.0469120326230378
2026-01-01 00:45:00,31,0.945773804709424,0.2493262497538094,0.1407360978691136,0.0670171894614828
2026-01-01 00:45:00,32,0.9455895465034496,0.2444582088718329,0.0402103136768898,0.0268068757845931
2026-01-01 01:00:00,0,1.0,0.0,-2.269500941151648,-1.40822874121436
2026-01-01 01:00:00,1,0.9982815035244964,0.0082979044888294,0.0592855570861863,0.0355713342517118
2026-01-01 01:00:00,2,0.990141631620778,0.0547628185914741,0.0533570013775677,0.0237142228344745
2026-01-01 01:00:00,3,0.985845596656071,0.0919384761931307,0.0711426685034236,0.047428445668949
2026-01-01 01:00:00,4,0.9816025407380752,0.1294037529590876,0.0355713342517118,0.0177856671258559
2026-01-01 01:00:00,5,0.9710555825308402,0.0756183599227352,0.0355713342517118,0.0118571114172372
2026-01-01 01:00:00,6,0.9690580546930888,-0.0538411744516895,0.1185711141723727,0.0592855570861863
2026-01-01 01:00:00,7,0.9662809432848748,-0.033898340935552,0.1185711141723727,0.0592855570861863
2026-01-01 01:00:00,8,0.9626967157496784,-0.0749212645744922,0.0355713342517118,0.0118571114172372
2026-01-01 01:00:00,9,0.9593738762658972,-0.1098341995983714,0.0355713342517117,0.0118571114172372
2026-01-01 01:00:00,10,0.95888250096794,-0.1058533185510707,0.0266785006887838,0.0177856671258558
2026-01-01 01:00:00,11,0.9580260519295584,-0.0995696155252788,0.0355713342517117,0.0207499449801652
2026-01-01 01:00:00,12,0.95453843352139,-0.1501787189923939,0.0355713342517117,0.0207499449801652
2026-01-01 01:00:00,13,0.953245797358432,-0.1935157431108985,0.0711426685034236,0.0474284456689491
2026-01-01 01:00:00,14,0.9524407729826084,-0.2142469073678096,0.0355713342517117,0.0059285557086186
2026-01-01 01:00:00,15,0.9516611992443108,-0.2270328589908382,0.0355713342517117,0.0118571114172372
2026-01-01 01:00:00,16,0.9505063575133804,-0.2694009372654241,0.0355713342517117,0.0118571114172372
2026-01-01 01:00:00,17,0.9501604993229564,-0.2746527849916568,0.0533570013775677,0.0237142228344745
2026-01-01 01:00:00,18,0.997969188741472,0.0018945174260933,0.0533570013775677,0.0237142228344745
2026-01-01 01:00:00,19,0.9958552888399196,-0.0376451526500944,0.0533570013775677,0.0237142228344745
2026-01-01 01:00:00,20,0.9954390530413274,-0.049051083715318,0.0533570013775677,0.0237142228344745
2026-01-01 01:00:00,21,0.9950624917478728,-0.0610332372532401,0.0533570013775677,0.0237142228344745
2026-01-01 01:00:00,22,0.988041595593178,0.0366730260237771,0.0533570013775677,0.0296427785430931
2026-01-01 01:00:00,23,0.9841358567114512,-0.0148630066048577,0.2489993397619827,0.1185711141723726
2026-01-01 01:00:00,24,0.9821904468331796,-0.0401350014994583,0.2489993397619827,0.1185711141723726
2026-01-01 01:00:00,25,0.9699518016374216,0.0978075962354939,0.0355713342517118,0.0148213892715466
2026-01-01 01:00:00,26,0.9684858015498446,0.129323408349139,0.0355713342517118,0.0148213892715466
2026-01-01 01:00:00,27,0.961944928491682,0.1760462307415431,0.0355713342517118,0.0118571114172372
2026-01-01 01:00:00,28,0.9572471882739028,0.2194869956293391,0.0711426685034235,0.0414998899603304
2026-01-01 01:00:00,29,0.9552144389815566,0.2776782920471335,0.1185711141723726,0.3557133425171181
2026-01-01 01:00:00,30,0.9528393090835572,0.2311513367556636,0.0889283356292793,0.0414998899603304
2026-01-01 01:00:00,31,0.9523168343583124,0.2184824158430177,0.1244996698809912,0.0592855570861863
2026-01-01 01:00:00,32,0.952154957965942,0.2142350694442346,0.0355713342517116,0.0237142228344744
2026-01-01 01:15:00,0,1.0,0.0,-2.339829524499746,-1.4519723270274842
2026-01-01 01:15:00,1,0.9982282194145,0.0085589551956853,0.06106393122745,0.03663835873647
2026-01-01 01:15:00,2,0.9898350308912772,0.0564973566778986,0.054957538104705,0.02442557249098
2026-01-01 01:15:00,3,0.985404247939957,0.0948605926376406,0.07327671747294,0.04885114498196
2026-01-01 01:15:00,4,0.9810279114058356,0.1335352096480817,0.03663835873647,0.018319179368235
2026-01-01 01:15:00,5,0.9701493160163656,0.0780434542512843,0.03663835873647,0.01221278624549
2026-01-01 01:15:00,6,0.9680889651648108,-0.0555966268361492,0.1221278624549001,0.06106393122745
2026-01-01 01:15:00,7,0.9652245549178446,-0.0349958294431035,0.1221278624549001,0.06106393122745
2026-01-01 01:15:00,8,0.9615272451970984,-0.0773458917040905,0.03663835873647,0.0122127862454899
2026-01-01 01:15:00,9,0.9580994965543802,-0.1133961902939798,0.03663835873647,0.0122127862454899
2026-01-01 01:15:00,10,0.9575926050562584,-0.1092827530436156,0.0274787690523525,0.018319179368235
2026-01-01 01:15:00,11,0.956709096906826,-0.1027888041356327,0.03663835873647,0.0213723759296075
2026-01-01 01:15:00,12,0.9531111326137556,-0.155062448558077,0.03663835873647,0.0213723759296075
2026-01-01 01:15:00,13,0.9517775739199932,-0.1998360673419047,0.07327671747294,0.04885114498196
2026-01-01 01:15:00,14,0.950947048955545,-0.2212554748052222,0.03663835873647,0.006106393122745
2026-01-01 01:15:00,15,0.9501427747091916,-0.2344662200577577,0.03663835873647,0.0122127862454899
2026-01-01 01:15:00,16,0.9489513229839948,-0.2782467431912001,0.03663835873647,0.0122127862454899
2026-01-01 01:15:00,17,0.9485945019256008,-0.2836739394288705,0.054957538104705,0.02442557249098
2026-01-01 01:15:00,18,0.9979064950292068,0.0019627166188716,0.054957538104705,0.02442557249098
2026-01-01 01:15:00,19,0.9957288701189854,-0.038770477788117,0.054957538104705,0.02442557249098
2026-01-01 01:15:00,20,0.9953000850176218,-0.0505216710065671,0.0549575381047051,0.0244255724909799
2026-01-01 01:15:00,21,0.9949121688271644,-0.0628668383948326,0.0549575381047051,0.0244255724909799
2026-01-01 01:15:00,22,0.987670877518384,0.0378533840676436,0.0549575381047051,0.030531965613725
2026-01-01 01:15:00,23,0.983645832001816,-0.0152749744662645,0.2564685111552902,0.1221278624549001
2026-01-01 01:15:00,24,0.9816409413998296,-0.0413325933611842,0.2564685111552902,0.1221278624549001
2026-01-01 01:15:00,25,0.9690107426059604,0.100948710977586,0.03663835873647,0.0152659828068625
2026-01-01 01:15:00,26,0.9674984993033172,0.1334842003400015,0.03663835873647,0.0152659828068625
2026-01-01 01:15:00,27,0.9607512813026936,0.1817116484643943,0.03663835873647,0.01221278624549
2026-01-01 01:15:00,28,0.95590529242185,0.2265699636003044,0.07327671747294,0.0427447518592151
2026-01-01 01:15:00,29,0.953808361649748,0.286681475184773,0.1221278624549002,0.3663835873647003
2026-01-01 01:15:00,30,0.9513581308288548,0.2386136806205621,0.0915958968411749,0.042744751859215
2026-01-01 01:15:00,31,0.9508191342224852,0.2255238356213593,0.1282342555776452,0.0610639312274501
2026-01-01 01:15:00,32,0.9506521383917914,0.2211352642329259,0.0366383587364702,0.02442557249098
2026-01-01 01:30:00,0,1.0,0.0,-2.4940579845758117,-1.5479236175554094
2026-01-01 01:30:00,1,0.9981113624044976,0.0091322855396462,0.0649512054250918,0.038970723255055
2026-01-01 01:30:00,2,0.9891624255165852,0.0603093347492637,0.0584560848825826,0.0259804821700367
2026-01-01 01:30:00,3,0.9844357867639106,0.1012847091229948,0.0779414465101101,0.0519609643400734
2026-01-01 01:30:00,4,0.9797667738187172,0.1426220602244766,0.038970723255055,0.0194853616275275
2026-01-01 01:30:00,5,0.9681598478107192,0.0833797089618999,0.038970723255055,0.0129902410850183
2026-01-01 01:30:00,6,0.9659615243673784,-0.0594655505937993,0.1299024108501836,0.0649512054250918
2026-01-01 01:30:00,7,0.9629053966357674,-0.0374128296084198,0.1299024108501835,0.0649512054250918
2026-01-01 01:30:00,8,0.9589596541647551,-0.082685625126106,0.0389707232550551,0.0129902410850183
2026-01-01 01:30:00,9,0.9553014116305896,-0.1212424918839562,0.0389707232550551,0.0129902410850183
2026-01-01 01:30:00,10,0.9547604292370452,-0.1168362659896774,0.0292280424412912,0.0194853616275275
2026-01-01 01:30:00,11,0.953817465702616,-0.1098777011783773,0.0389707232550551,0.0227329218987821
2026-01-01 01:30:00,12,0.9499770095853683,-0.1658233206038284,0.0389707232550551,0.0227329218987821
2026-01-01 01:30:00,13,0.9485535155668926,-0.2137686297273406,0.0779414465101101,0.0519609643400734
2026-01-01 01:30:00,14,0.9476669446203686,-0.23670776088741,0.0389707232550551,0.0064951205425091
2026-01-01 01:30:00,15,0.9468083814385484,-0.2508565740580977,0.0389707232550551,0.0129902410850183
2026-01-01 01:30:00,16,0.9455364606765922,-0.2977572927160324,0.0389707232550551,0.0129902410850183
2026-01-01 01:30:00,17,0.9451555434458592,-0.3035719075048365,0.0584560848825825,0.0259804821700367
2026-01-01 01:30:00,18,0.9977690614116144,0.0021143385550319,0.0584560848825825,0.0259804821700366
2026-01-01 01:30:00,19,0.9954520773473422,-0.041229289234878,0.0584560848825825,0.0259804821700366
2026-01-01 01:30:00,20,0.9949958480607354,-0.0537358259778375,0.0584560848825825,0.0259804821700366
2026-01-01 01:30:00,21,0.9945830993806536,-0.0668752364137718,0.0584560848825825,0.0259804821700366
2026-01-01 01:30:00,22,0.9868578810847862,0.0404515270524456,0.0584560848825825,0.0324756027125459
2026-01-01 01:30:00,23,0.98257158999184,-0.0161674019322967,0.2727950627853854,0.1299024108501836
2026-01-01 01:30:00,24,0.9804364428465112,-0.0439482152410522,0.2727950627853857,0.1299024108501836
2026-01-01 01:30:00,25,0.9669448451253791,0.1078614629816656,0.0389707232550551,0.0162378013562729
2026-01-01 01:30:00,26,0.9653310112346218,0.1426426262113452,0.0389707232550551,0.0162378013562729
2026-01-01 01:30:00,27,0.9581304742636028,0.1941821454413455,0.0389707232550551,0.0129902410850183
2026-01-01 01:30:00,28,0.9529587869688964,0.2421650612869493,0.07794144651011,0.0454658437975642
2026-01-01 01:30:00,29,0.9507208436704544,0.3065140078650612,0.1299024108501836,0.3897072325505508
2026-01-01 01:30:00,30,0.9481055845431444,0.2550447118351683,0.0974268081376377,0.0454658437975643
2026-01-01 01:30:00,31,0.9475302821004886,0.2410253390094645,0.1363975313926926,0.0649512054250918
2026-01-01 01:30:00,32,0.9473520364937196,0.2363248756759265,0.0389707232550549,0.0259804821700366
2026-01-01 01:45:00,0,1.0,0.0,-2.4493600097640944,-1.520112085371086
2026-01-01 01:45:00,1,0.9981452304521784,0.0089660036983109,0.0638263993669234,0.038295839620154
2026-01-01 01:45:00,2,0.989357391712606,0.0592033986232677,0.0574437594302311,0.0255305597467693
2026-01-01 01:45:00,3,0.9847165476602324,0.0994206228777715,0.0765916792403081,0.0510611194935387
2026-01-01 01:45:00,4,0.9801324134398036,0.139984752178024,0.038295839620154,0.019147919810077
2026-01-01 01:45:00,5,0.9687367203051584,0.0818306043258264,0.038295839620154,0.0127652798733846
2026-01-01 01:45:00,6,0.9665784125243174,-0.0583415362103606,0.1276527987338469,0.0638263993669234
2026-01-01 01:45:00,7,0.9635778865783708,-0.0367108907395101,0.1276527987338469,0.0638263993669234
2026-01-01 01:45:00,8,0.9597042075319498,-0.081134875091799,0.038295839620154,0.0127652798733847
2026-01-01 01:45:00,9,0.9561128272240128,-0.1189635402550063,0.038295839620154,0.0127652798733847
2026-01-01 01:45:00,10,0.9555817340782892,-0.1146424678044985,0.0287218797151155,0.019147919810077
2026-01-01 01:45:00,11,0.954656018121806,-0.1078190622146461,0.038295839620154,0.0223392397784232
2026-01-01 01:45:00,12,0.9508859121546286,-0.1626973986734792,0.038295839620154,0.0223392397784232
2026-01-01 01:45:00,13,0.94948851037836,-0.2097204711841407,0.0765916792403081,0.0510611194935387
2026-01-01 01:45:00,14,0.9486182001058556,-0.2322176773634839,0.038295839620154,0.0063826399366923
2026-01-01 01:45:00,15,0.9477753880228544,-0.2460936966618667,0.038295839620154,0.0127652798733847
2026-01-01 01:45:00,16,0.94652681473754,-0.2920868927858286,0.038295839620154,0.0127652798733847
2026-01-01 01:45:00,17,0.946152888785634,-0.2977888165664789,0.0574437594302311,0.0255305597467693
2026-01-01 01:45:00,18,0.9978088846320792,0.0020701035275439,0.0574437594302311,0.0255305597467693
2026-01-01 01:45:00,19,0.9955322342019238,-0.0405179594318195,0.057443759430231,0.0255305597467693
2026-01-01 01:45:00,20,0.995083947917942,-0.052805841221449,0.057443759430231,0.0255305597467694
2026-01-01 01:45:00,21,0.9946783864044124,-0.0657153272112727,0.057443759430231,0.0255305597467694
2026-01-01 01:45:00,22,0.987093504209012,0.0396971721776491,0.057443759430231,0.0319131996834617
2026-01-01 01:45:00,23,0.9828828709730038,-0.0159103263999862,0.2680708773410785,0.1276527987338469
2026-01-01 01:45:00,24,0.9807854483427648,-0.0431916824494987,0.2680708773410785,0.1276527987338469
2026-01-01 01:45:00,25,0.967543886605042,0.1058545707342044,0.038295839620154,0.0159565998417308
2026-01-01 01:45:00,26,0.9659595210083894,0.1399835438220123,0.038295839620154,0.0159565998417308
2026-01-01 01:45:00,27,0.9588904785638956,0.1905613999360112,0.038295839620154,0.0127652798733847
2026-01-01 01:45:00,28,0.9538132683951438,0.2376364873397977,0.076591679240308,0.0446784795568464
2026-01-01 01:45:00,29,0.951616230440302,0.3007535911973798,0.1276527987338467,0.3829583962015409
2026-01-01 01:45:00,30,0.9490488467490322,0.2502733062128954,0.0957395990503853,0.0446784795568464
2026-01-01 01:45:00,31,0.9484840768337665,0.2365242444826151,0.1340354386705393,0.0638263993669234
2026-01-01 01:45:00,32,0.9483090948673132,0.2319144842730225,0.038295839620154,0.0255305597467694
2026-01-01 02:00:00,0,1.0,0.0,-2.48483239342533,-1.5421831435597926
2026-01-01 02:00:00,1,0.9981183527771904,0.0090979571291457,0.0647191670879704,0.0388315002527822
2026-01-01 02:00:00,2,0.9892026684939176,0.0600809935949109,0.0582472503791734,0.0258876668351881
2026-01-01 02:00:00,3,0.9844937410277798,0.1008998127635392,0.0776630005055645,0.0517753336703763
2026-01-01 02:00:00,4,0.97984225067934,0.1420774705239395,0.0388315002527822,0.0194157501263911
2026-01-01 02:00:00,5,0.9682789328754804,0.0830598042025737,0.0388315002527822,0.012943833417594
2026-01-01 02:00:00,6,0.9660888705359516,-0.0592333726070301,0.1294383341759409,0.0647191670879704
2026-01-01 02:00:00,7,0.963044221525839,-0.0372678534055768,0.1294383341759409,0.0647191670879704
2026-01-01 02:00:00,8,0.9591133570816436,-0.082365338186781,0.0388315002527822,0.012943833417594
2026-01-01 02:00:00,9,0.9554689189070632,-0.1207717876456455,0.0388315002527822,0.012943833417594
2026-01-01 02:00:00,10,0.9549299782505672,-0.1163831573003813,0.0291236251895866,0.0194157501263911
2026-01-01 02:00:00,11,0.9539905756883524,-0.1094525230654922,0.0388315002527822,0.0226517084807896
2026-01-01 02:00:00,12,0.9501646445519456,-0.1651776503329454,0.0388315002527822,0.0226517084807896
2026-01-01 02:00:00,13,0.9487465377722052,-0.2129324082675428,0.0776630005055645,0.0517753336703764
2026-01-01 02:00:00,14,0.9478633241831114,-0.2357802273244209,0.0388315002527822,0.006471916708797
2026-01-01 02:00:00,15,0.947008013159545,-0.2498726741690835,0.0388315002527822,0.012943833417594
2026-01-01 02:00:00,16,0.9457409130358146,-0.2965858644607038,0.0388315002527822,0.012943833417594
2026-01-01 02:00:00,17,0.945361439317012,-0.3023771924606492,0.0582472503791734,0.0258876668351881
2026-01-01 02:00:00,18,0.9977772803686566,0.0021051889433707,0.0582472503791733,0.0258876668351881
2026-01-01 02:00:00,19,0.9954686174209796,-0.0410825572574434,0.0582472503791733,0.0258876668351881
2026-01-01 02:00:00,20,0.9950140268355714,-0.0535439811346184,0.0582472503791733,0.0258876668351881
2026-01-01 02:00:00,21,0.994602760925423,-0.0666359529867372,0.0582472503791733,0.0258876668351881
2026-01-01 02:00:00,22,0.9869065135245364,0.0402957377112468,0.0582472503791733,0.0323595835439852
2026-01-01 02:00:00,23,0.9826358343702426,-0.016114446906946,0.2718205017694759,0.1294383341759409
2026-01-01 02:00:00,24,0.9805084717590772,-0.0437921700164978,0.2718205017694759,0.1294383341759409
2026-01-01 02:00:00,25,0.9670685070726496,0.1074470118292558,0.0388315002527823,0.0161797917719925
2026-01-01 02:00:00,26,0.9654607571084216,0.1420934732082636,0.0388315002527823,0.0161797917719925
2026-01-01 02:00:00,27,0.9582873681084244,0.1934343882531883,0.0388315002527823,0.012943833417594
2026-01-01 02:00:00,28,0.9531351863874798,0.2412297778771206,0.0776630005055647,0.0453034169615793
2026-01-01 02:00:00,29,0.9509056884026558,0.3053242217960881,0.129438334175941,0.3883150025278228
2026-01-01 02:00:00,30,0.9483003138699266,0.2540592705691859,0.0970787506319559,0.0453034169615793
2026-01-01 02:00:00,31,0.9477271860269524,0.2400957511114829,0.1359102508847378,0.0647191670879705
2026-01-01 02:00:00,32,0.9475496142492592,0.2354140296569127,0.0388315002527823,0.0258876668351881
2026-01-01 02:15:00,0,1.0,0.0,-2.400435179256357,-1.489673605664961
2026-01-01 02:15:00,1,0.9981823003452324,0.0087841109054019,0.0625935499331056,0.0375561299598634
2026-01-01 02:15:00,2,0.9895707630570968,0.0579939674205292,0.0563341949397951,0.0250374199732422
2026-01-01 02:15:00,3,0.9850237793164892,0.0973823858171687,0.0751122599197268,0.0500748399464845
2026-01-01 02:15:00,4,0.9805324976944302,0.1371015948552064,0.0375561299598634,0.0187780649799317
2026-01-01 02:15:00,5,0.969367871628007,0.0801374155326297,0.0375561299598634,0.0125187099866211
2026-01-01 02:15:00,6,0.9672533365057266,-0.0571137924382101,0.1251870998662113,0.0625935499331056
2026-01-01 02:15:00,7,0.964313633912343,-0.0359439326876846,0.1251870998662113,0.0625935499331056
2026-01-01 02:15:00,8,0.9605187734875108,-0.0794404815637256,0.0375561299598634,0.0125187099866211
2026-01-01 02:15:00,9,0.9570005208288116,-0.1164737284636115,0.0375561299598634,0.0125187099866211
2026-01-01 02:15:00,10,0.9564802435440076,-0.1122455822235725,0.0281670974698975,0.0187780649799317
2026-01-01 02:15:00,11,0.9555733907981,-0.105569642960466,0.0375561299598634,0.021907742476587
2026-01-01 02:15:00,12,0.9518802201863984,-0.1592826587410211,0.0375561299598634,0.021907742476587
2026-01-01 02:15:00,13,0.9505113523049976,-0.2052991217845234,0.0751122599197268,0.0500748399464845
2026-01-01 02:15:00,14,0.9496588238885284,-0.2273140032919187,0.0375561299598634,0.0062593549933105
2026-01-01 02:15:00,15,0.9488332362298288,-0.2408923002214411,0.0375561299598634,0.0125187099866211
2026-01-01 02:15:00,16,0.9476101937111164,-0.2858951896573763,0.0375561299598634,0.0125187099866211
2026-01-01 02:15:00,17,0.947243912851678,-0.2914741508351217,0.056334194939795,0.0250374199732422
2026-01-01 02:15:00,18,0.9978524805918564,0.00202195926955,0.056334194939795,0.0250374199732422
2026-01-01 02:15:00,19,0.9956200294099912,-0.0397381692250751,0.056334194939795,0.0250374199732423
2026-01-01 02:15:00,20,0.9951804473506516,-0.0517864790464792,0.056334194939795,0.0250374199732422
2026-01-01 02:15:00,21,0.9947827617420012,-0.0644440538893323,0.056334194939795,0.0250374199732422
2026-01-01 02:15:00,22,0.9873514060035864,0.0388727647902485,0.056334194939795,0.0312967749665528
2026-01-01 02:15:00,23,0.983223637175578,-0.0156274739379223,0.2628929097190438,0.1251870998662113
2026-01-01 02:15:00,24,0.9811675308434504,-0.0423621848361041,0.262892909719044,0.1251870998662113
2026-01-01 02:15:00,25,0.968199285980358,0.1036611397141627,0.0375561299598634,0.0156483874832764
2026-01-01 02:15:00,26,0.9666471513123434,0.1370775191559041,0.0375561299598634,0.0156483874832764
2026-01-01 02:15:00,27,0.9597219302841642,0.1866044301515715,0.0375561299598634,0.0125187099866211
2026-01-01 02:15:00,28,0.9547480524759742,0.2326879647094161,0.0751122599197269,0.043815484953174
2026-01-01 02:15:00,29,0.9525957528774136,0.2944602642380505,0.1251870998662114,0.3755612995986341
2026-01-01 02:15:00,30,0.950080727463962,0.2450595171241301,0.0938903248996583,0.043815484953174
2026-01-01 02:15:00,31,0.949527476252752,0.2316054674322028,0.131446454859522,0.0625935499331056
2026-01-01 02:15:00,32,0.949356063490348,0.2270946955232864,0.0375561299598632,0.0250374199732423
2026-01-01 02:30:00,0,1.0,0.0,-2.5915004899593588,-1.6085625677447613
2026-01-01 02:30:00,1,0.9980375266826096,0.0094951276004055,0.067398228051743,0.0404389368310458
2026-01-01 02:30:00,2,0.9887372987492922,0.0627235973103433,0.0606584052465687,0.0269592912206972
2026-01-01 02:30:00,3,0.9838234814109325,0.105354906596146,0.0808778736620916,0.0539185824413944
2026-01-01 02:30:00,4,0.978969271186267,0.1483822120579928,0.0404389368310458,0.0202194684155229
2026-01-01 02:30:00,5,0.9669014250355794,0.0867640970072994,0.0404389368310458,0.0134796456103486
2026-01-01 02:30:00,6,0.9646157844093934,-0.061923707733685,0.1347964561034861,0.067398228051743
2026-01-01 02:30:00,7,0.9614383331031842,-0.0389471933557196,0.1347964561034861,0.067398228051743
2026-01-01 02:30:00,8,0.9573353102380197,-0.0860754044488932,0.0404389368310458,0.0134796456103485
2026-01-01 02:30:00,9,0.9535311323189688,-0.126224765627529,0.0404389368310458,0.0134796456103485
2026-01-01 02:30:00,10,0.9529685651500374,-0.1216320518492028,0.0303292026232844,0.0202194684155229
2026-01-01 02:30:00,11,0.9519879548069158,-0.1143773931554354,0.0404389368310458,0.0235893798181101
2026-01-01 02:30:00,12,0.9479939289588968,-0.1726584995142281,0.0404389368310458,0.0235893798181101
2026-01-01 02:30:00,13,0.946513475039314,-0.2226229413325931,0.0808778736620916,0.0539185824413944
2026-01-01 02:30:00,14,0.9455914053202232,-0.2465297114623124,0.0404389368310458,0.0067398228051743
2026-01-01 02:30:00,15,0.94469845525555,-0.2612758636382185,0.0404389368310458,0.0134796456103485
2026-01-01 02:30:00,16,0.943375561856228,-0.3101642428434028,0.0404389368310458,0.0134796456103485
2026-01-01 02:30:00,17,0.9429793812567594,-0.3162256987919297,0.0606584052465688,0.0269592912206972
2026-01-01 02:30:00,18,0.9976822667671076,0.0022116021617402,0.0606584052465688,0.0269592912206972
2026-01-01 02:30:00,19,0.9952775106091498,-0.0427763832415045,0.0606584052465688,0.0269592912206971
2026-01-01 02:30:00,20,0.9948039960169822,-0.0557588640661079,0.0606584052465688,0.0269592912206971
2026-01-01 02:30:00,21,0.9943756067136734,-0.069398774011731,0.0606584052465688,0.0269592912206971
2026-01-01 02:30:00,22,0.9863442089549346,0.0420999298132514,0.0606584052465688,0.0336991140258715
2026-01-01 02:30:00,23,0.9818931402363988,-0.0167233708286832,0.283072557817321,0.1347964561034861
2026-01-01 02:30:00,24,0.9796758270101288,-0.0455931359455689,0.283072557817321,0.1347964561034861
2026-01-01 02:30:00,25,0.9656380408442832,0.1122463759732838,0.0404389368310458,0.0168495570129357
2026-01-01 02:30:00,26,0.9639598924782752,0.1484531867071296,0.0404389368310458,0.0168495570129357
2026-01-01 02:30:00,27,0.9564723670887652,0.202094181514668,0.040438936831046,0.0134796456103486
2026-01-01 02:30:00,28,0.9510944778071204,0.2520626378075177,0.0808778736620916,0.04717875963622
2026-01-01 02:30:00,29,0.948767253102088,0.319107757887297,0.1347964561034862,0.4043893683104584
2026-01-01 02:30:00,30,0.9460474893509988,0.2654732716190427,0.1010973420776144,0.04717875963622
2026-01-01 02:30:00,31,0.9454491959123662,0.2508619942657748,0.1415362789086605,0.0673982280517431
2026-01-01 02:30:00,32,0.9452638261986122,0.2459629069136179,0.040438936831046,0.0269592912206972
2026-01-01 02:45:00,0,1.0,0.0,-2.5887220904336687,-1.6068333796214929
2026-01-01 02:45:00,1,0.9980396321017092,0.009484774728325,0.0673285523442036,0.0403971314065221
2026-01-01 02:45:00,2,0.9887494227844822,0.0626546921071847,0.0605956971097832,0.0269314209376814
2026-01-01 02:45:00,3,0.983840945516305,0.1052387221484357,0.0807942628130443,0.0538628418753629
2026-01-01 02:45:00,4,0.9789920191702092,0.1482177555990193,0.0403971314065221,0.020198565703261
2026-01-01 02:45:00,5,0.9669373241584692,0.086667451121701,0.0403971314065221,0.0134657104688407
2026-01-01 02:45:00,6,0.964654174918937,-0.0618534633443253,0.1346571046884072,0.0673285523442036
2026-01-01 02:45:00,7,0.9614801852188276,-0.0389033617180444,0.1346571046884073,0.0673285523442036
2026-01-01 02:45:00,8,0.9573816506105646,-0.0859785696805683,0.0403971314065221,0.0134657104688407
2026-01-01 02:45:00,9,0.9535816373316546,-0.1260824245105112,0.0403971314065221,0.0134657104688407
2026-01-01 02:45:00,10,0.9530196861439748,-0.1214950449228531,0.0302978485548915,0.020198565703261
2026-01-01 02:45:00,11,0.9520401501833478,-0.1142488573217855,0.0403971314065221,0.0235649933204712
2026-01-01 02:45:00,12,0.9480505072611743,-0.1724631975145416,0.0403971314065221,0.0235649933204712
2026-01-01 02:45:00,13,0.9465716790383504,-0.2223698966774703,0.0807942628130443,0.0538628418753628
2026-01-01 02:45:00,14,0.9456506225195084,-0.246248992676406,0.0403971314065221,0.0067328552344203
2026-01-01 02:45:00,15,0.9447586539308,-0.2609780605955062,0.0403971314065221,0.0134657104688407
2026-01-01 02:45:00,16,0.9434372154356288,-0.3098095827359227,0.0403971314065221,0.0134657104688407
2026-01-01 02:45:00,17,0.9430414704938638,-0.3158639773080677,0.0605956971097833,0.0269314209376814
2026-01-01 02:45:00,18,0.9976847412408,0.0022088125497188,0.0605956971097831,0.0269314209376814
2026-01-01 02:45:00,19,0.9952824847844076,-0.0427323398179058,0.0605956971097831,0.0269314209376814
2026-01-01 02:45:00,20,0.994809462470882,-0.0557012637128363,0.0605956971097831,0.0269314209376814
2026-01-01 02:45:00,21,0.99438151860912,-0.0693269167923735,0.0605956971097831,0.0269314209376814
2026-01-01 02:45:00,22,0.9863588560778064,0.0420528508589342,0.0605956971097831,0.0336642761721017
2026-01-01 02:45:00,23,0.9819124827705554,-0.0167076050439423,0.2827799198456553,0.1346571046884073
2026-01-01 02:45:00,24,0.9796975109943932,-0.0455463171764429,0.2827799198456553,0.1346571046884073
2026-01-01 02:45:00,25,0.9656753205567978,0.1121211513318659,0.0403971314065221,0.0168321380860508
2026-01-01 02:45:00,26,0.9639990074937568,0.1482872354741464,0.0403971314065221,0.0168321380860508
2026-01-01 02:45:00,27,0.9565196717562234,0.2018682101745035,0.0403971314065223,0.0134657104688407
2026-01-01 02:45:00,28,0.9511476668505924,0.2517799243041649,0.0807942628130442,0.0471299866409424
2026-01-01 02:45:00,29,0.9488229900242946,0.3187479555731792,0.134657104688407,0.4039713140652217
2026-01-01 02:45:00,30,0.9461062087829464,0.2651753861993012,0.1009928285163055,0.0471299866409424
2026-01-01 02:45:00,31,0.9455085714983896,0.2505810377143811,0.1413899599228276,0.0673285523442035
2026-01-01 02:45:00,32,0.9453234051048256,0.2456876313362697,0.0403971314065221,0.0269314209376814
2026-01-01 03:00:00,0,1.0,0.0,-2.5230513780630326,-1.5659650236544191
2026-01-01 03:00:00,1,0.9980893934393906,0.0092401975228005,0.0656800293814948,0.0394080176288969
2026-01-01 03:00:00,2,0.9890359455799425,0.0610272101071574,0.0591120264433453,0.0262720117525979
2026-01-01 03:00:00,3,0.9842536337412524,0.1024948452592569,0.0788160352577938,0.0525440235051958
2026-01-01 03:00:00,4,0.979529539464416,0.1443344125113444,0.0394080176288969,0.0197040088144484
2026-01-01 03:00:00,5,0.9677855310195812,0.084385663674033,0.0394080176288969,0.0131360058762989
2026-01-01 03:00:00,6,0.9655612386982388,-0.0601958431046167,0.1313600587629897,0.0656800293814948
2026-01-01 03:00:00,7,0.962469027766651,-0.037868778651042,0.1313600587629897,0.0656800293814948
2026-01-01 03:00:00,8,0.9584765134348509,-0.0836929254790452,0.0394080176288968,0.0131360058762989
2026-01-01 03:00:00,9,0.9547748737736684,-0.1227229114059351,0.0394080176288968,0.0131360058762989
2026-01-01 03:00:00,10,0.9542274726999798,-0.1182613195012771,0.0295560132216726,0.0197040088144484
2026-01-01 03:00:00,11,0.9532733143032168,-0.1112148611839128,0.0394080176288968,0.0229880102835232
2026-01-01 03:00:00,12,0.949387193901716,-0.1678541285692162,0.0394080176288968,0.0229880102835232
2026-01-01 03:00:00,13,0.947946763060454,-0.2163989777297562,0.0788160352577937,0.0525440235051958
2026-01-01 03:00:00,14,0.9470496368799494,-0.2396254159395038,0.0394080176288968,0.0065680029381494
2026-01-01 03:00:00,15,0.9461808491556888,-0.2539515841181768,0.0394080176288968,0.0131360058762989
2026-01-01 03:00:00,16,0.9448937725247756,-0.301442391440189,0.0394080176288968,0.0131360058762989
2026-01-01 03:00:00,17,0.9445083169672788,-0.3073302838979056,0.0591120264433453,0.0262720117525979
2026-01-01 03:00:00,18,0.9977432332349696,0.0021431596557847,0.0591120264433453,0.0262720117525979
2026-01-01 03:00:00,19,0.9954001107626368,-0.0416901363086141,0.0591120264433453,0.0262720117525979
2026-01-01 03:00:00,20,0.9949387339544954,-0.0543383916529251,0.0591120264433453,0.0262720117525979
2026-01-01 03:00:00,21,0.9945213275558288,-0.0676268287758628,0.0591120264433453,0.0262720117525979
2026-01-01 03:00:00,22,0.9867050424675988,0.0409414403177937,0.0591120264433453,0.0328400146907474
2026-01-01 03:00:00,23,0.9823697001503076,-0.0163334673454113,0.2758561234022785,0.1313600587629897
2026-01-01 03:00:00,24,0.9802100943658928,-0.0444382737784901,0.2758561234022785,0.1313600587629897
2026-01-01 03:00:00,25,0.9665561402806914,0.1091647533498189,0.0394080176288968,0.0164200073453737
2026-01-01 03:00:00,26,0.9649231804992878,0.1443695551904101,0.0394080176288968,0.0164200073453737
2026-01-01 03:00:00,27,0.9576372989612696,0.196533633646154,0.0394080176288968,0.0131360058762989
2026-01-01 03:00:00,28,0.952404292000406,0.2451064080594271,0.0788160352577937,0.0459760205670464
2026-01-01 03:00:00,29,0.950139798928779,0.3102560435568088,0.1313600587629899,0.3940801762889692
2026-01-01 03:00:00,30,0.9474934645152916,0.2581438190067267,0.0985200440722424,0.0459760205670463
2026-01-01 03:00:00,31,0.9469113255344348,0.2439487050145316,0.1379280617011393,0.0656800293814949
2026-01-01 03:00:00,32,0.9467309615301132,0.2391892700516282,0.0394080176288968,0.0262720117525978
2026-01-01 03:15:00,0,1.0,0.0,-2.649848866954791,-1.6448791331784314
2026-01-01 03:15:00,1,0.9979933122297326,0.0097126233888942,0.0688601615858786,0.0413160969515272
2026-01-01 03:15:00,2,0.9884826701937084,0.0641714251669866,0.0619741454272908,0.0275440646343514
2026-01-01 03:15:00,3,0.9834566755359858,0.1077963815525117,0.0826321939030544,0.0550881292687029
2026-01-01 03:15:00,4,0.9784914641536075,0.1518384723382315,0.0413160969515271,0.0206580484757636
2026-01-01 03:15:00,5,0.9661473377587528,0.0887954791951841,0.0413160969515272,0.0137720323171757
2026-01-01 03:15:00,6,0.9638093575908409,-0.0634007777722751,0.1377203231717573,0.0688601615858786
2026-01-01 03:15:00,7,0.9605591851162142,-0.0398686807991606,0.1377203231717573,0.0688601615858786
2026-01-01 03:15:00,8,0.9563618639425594,-0.0881111998678647,0.0413160969515271,0.0137720323171757
2026-01-01 03:15:00,9,0.9524701852191666,-0.1292174414686822,0.0413160969515271,0.0137720323171757
2026-01-01 03:15:00,10,0.9518946759747592,-0.1245124962674478,0.0309870727136454,0.0206580484757635
2026-01-01 03:15:00,11,0.9508914919735864,-0.1170795824889914,0.0413160969515271,0.0241010565550575
2026-01-01 03:15:00,12,0.94680537366704,-0.1767649758680829,0.0413160969515271,0.0241010565550575
2026-01-01 03:15:00,13,0.9452907606280638,-0.2279441775446192,0.0826321939030544,0.0550881292687029
2026-01-01 03:15:00,14,0.9443474012118988,-0.2524331654236954,0.0413160969515271,0.0068860161585878
2026-01-01 03:15:00,15,0.9434338279095184,-0.2675387494597074,0.0413160969515271,0.0137720323171757
2026-01-01 03:15:00,16,0.9420803629289504,-0.3176234458137137,0.0413160969515271,0.0137720323171757
2026-01-01 03:15:00,17,0.9416750279805064,-0.3238334849118855,0.0619741454272908,0.0275440646343514
2026-01-01 03:15:00,18,0.997630307986546,0.0022703899257535,0.0619741454272908,0.0275440646343514
2026-01-01 03:15:00,19,0.9951730967865416,-0.0437003973702068,0.0619741454272908,0.0275440646343514
2026-01-01 03:15:00,20,0.9946892519307582,-0.0569673927886503,0.0619741454272908,0.0275440646343514
2026-01-01 03:15:00,21,0.9942515151857096,-0.0709065128332955,0.0619741454272908,0.0275440646343514
2026-01-01 03:15:00,22,0.9860366174179928,0.0430895552557616,0.0619741454272908,0.0344300807929393
2026-01-01 03:15:00,23,0.9814869845351072,-0.0170533379924264,0.2892126786606905,0.1377203231717574
2026-01-01 03:15:00,24,0.9792205193899952,-0.0465752429972298,0.2892126786606903,0.1377203231717574
2026-01-01 03:15:00,25,0.964854948097466,0.1148785438416821,0.0413160969515271,0.0172150403964697
2026-01-01 03:15:00,26,0.9631382402266274,0.1519415742093076,0.0413160969515271,0.0172150403964697
2026-01-01 03:15:00,27,0.955478650702621,0.2068442421514512,0.0413160969515273,0.0137720323171757
2026-01-01 03:15:00,28,0.9499771298831616,0.2580058953070565,0.0826321939030543,0.0482021131101151
2026-01-01 03:15:00,29,0.9475963731416976,0.3266725661056535,0.1377203231717572,0.413160969515272
2026-01-01 03:15:00,30,0.9448139430558992,0.2717355391152015,0.1032902423788177,0.0482021131101151
2026-01-01 03:15:00,31,0.9442018629515242,0.2567680985535158,0.1446063393303451,0.0688601615858786
2026-01-01 03:15:00,32,0.9440122211993424,0.2517494877685206,0.0413160969515273,0.0275440646343514
2026-01-01 03:30:00,0,1.0,0.0,-2.5958249030506577,-1.611253965584558
2026-01-01 03:30:00,1,0.9980342498269488,0.0095112412274088,0.067506663197422,0.0405039979184532
2026-01-01 03:30:00,2,0.9887184288895,0.0628308456102078,0.0607559968776798,0.0270026652789688
2026-01-01 03:30:00,3,0.98379630010649,0.1055357445773685,0.0810079958369064,0.0540053305579376
2026-01-01 03:30:00,4,0.9789338658698624,0.148638186663682,0.0405039979184532,0.0202519989592265
2026-01-01 03:30:00,5,0.9668455507841728,0.0869145268928973,0.0405039979184532,0.0135013326394844
2026-01-01 03:30:00,6,0.9645560324664452,-0.0620330474421861,0.135013326394844,0.067506663197422
2026-01-01 03:30:00,7,0.9613731933887548,-0.0390154187123541,0.1350133263948441,0.067506663197422
2026-01-01 03:30:00,8,0.9572631847758823,-0.0862261310783048,0.0405039979184531,0.0135013326394843
2026-01-01 03:30:00,9,0.9534525247918286,-0.1264463257534517,0.0405039979184531,0.0135013326394843
2026-01-01 03:30:00,10,0.9528889988769412,-0.1218453085057455,0.0303779984388399,0.0202519989592265
2026-01-01 03:30:00,11,0.9519067163055984,-0.1145774631211186,0.0405039979184531,0.0236273321190977
2026-01-01 03:30:00,12,0.9479058686066268,-0.1729624978188876,0.0405039979184531,0.0236273321190977
2026-01-01 03:30:00,13,0.946422884350758,-0.2230168238494504,0.0810079958369064,0.0540053305579376
2026-01-01 03:30:00,14,0.945499237621204,-0.2469666726627619,0.0405039979184531,0.0067506663197421
2026-01-01 03:30:00,15,0.9446047599229204,-0.2617394189473575,0.0405039979184531,0.0135013326394843
2026-01-01 03:30:00,16,0.943279602012492,-0.3107163052066753,0.0405039979184531,0.0135013326394843
2026-01-01 03:30:00,17,0.9428827433262348,-0.3167887533560504,0.0607559968776797,0.0270026652789688
2026-01-01 03:30:00,18,0.997678415553306,0.0022159451246627,0.0607559968776798,0.0270026652789688
2026-01-01 03:30:00,19,0.9952697691161332,-0.0428449265973962,0.0607559968776798,0.0270026652789687
2026-01-01 03:30:00,20,0.9947954883917868,-0.0558485061975999,0.0607559968776798,0.0270026652789687
2026-01-01 03:30:00,21,0.9943664058485744,-0.0695106042705718,0.0607559968776798,0.0270026652789687
2026-01-01 03:30:00,22,0.986321412323421,0.0421732089034914,0.0607559968776798,0.0337533315987109
2026-01-01 03:30:00,23,0.9818630359613546,-0.0167479015498095,0.2835279854291725,0.1350133263948441
2026-01-01 03:30:00,24,0.9796420786425571,-0.0456659972475825,0.2835279854291725,0.1350133263948441
2026-01-01 03:30:00,25,0.9655800177786652,0.1124412894508133,0.0405039979184531,0.0168766657993555
2026-01-01 03:30:00,26,0.963899012856778,0.1487114926107544,0.0405039979184531,0.0168766657993555
2026-01-01 03:30:00,27,0.9563987406871932,0.2024459098485695,0.0405039979184533,0.0135013326394843
2026-01-01 03:30:00,28,0.9510116926642294,0.2525026893198146,0.0810079958369063,0.0472546642381953
2026-01-01 03:30:00,29,0.9486805023069508,0.3196678070406707,0.1350133263948438,0.405039979184532
2026-01-01 03:30:00,30,0.9459560964054426,0.2659369390353379,0.1012599947961332,0.0472546642381954
2026-01-01 03:30:00,31,0.945356781690582,0.2512993094543567,0.1417639927145861,0.0675066631974219
2026-01-01 03:30:00,32,0.9451710955174298,0.2463913788275717,0.0405039979184533,0.0270026652789687
2026-01-01 03:45:00,0,1.0,0.0,-2.4745772248973217,-1.5358021648057645
2026-01-01 03:45:00,1,0.9981261232414386,0.0090598025892454,0.0644611600634937,0.0386766960380962
2026-01-01 03:45:00,2,0.9892474012264544,0.0598272168188898,0.0580150440571444,0.0257844640253975
2026-01-01 03:45:00,3,0.9845581595639944,0.1004720543941646,0.0773533920761925,0.051568928050795
2026-01-01 03:45:00,4,0.9799261450483404,0.1414722588858808,0.0386766960380962,0.0193383480190481
2026-01-01 03:45:00,5,0.968411296002692,0.0827043027600867,0.0386766960380962,0.0128922320126987
2026-01-01 03:45:00,6,0.9662304155306785,-0.0589753950873197,0.1289223201269875,0.0644611600634937
2026-01-01 03:45:00,7,0.9631985246867156,-0.0371067569922716,0.1289223201269875,0.0644611600634937
2026-01-01 03:45:00,8,0.9592841960727808,-0.0820094378489159,0.0386766960380963,0.0128922320126987
2026-01-01 03:45:00,9,0.9556551003298078,-0.1202487550417081,0.0386766960380963,0.0128922320126987
2026-01-01 03:45:00,10,0.9551184288960572,-0.115879671728179,0.0290075220285721,0.0193383480190481
2026-01-01 03:45:00,11,0.9541829840419062,-0.108980064473193,0.0386766960380963,0.0225614060222228
2026-01-01 03:45:00,12,0.9503731959416816,-0.1644602184189771,0.0386766960380963,0.0225614060222228
2026-01-01 03:45:00,13,0.9489610764964952,-0.2120032831935346,0.0773533920761925,0.051568928050795
2026-01-01 03:45:00,14,0.9480815942280452,-0.2347496602568949,0.0386766960380963,0.0064461160063493
2026-01-01 03:45:00,15,0.9472298976000924,-0.2487794880840254,0.0386766960380963,0.0128922320126987
2026-01-01 03:45:00,16,0.945968155029476,-0.2952843539782573,0.0386766960380963,0.0128922320126987
2026-01-01 03:45:00,17,0.9455902856003036,-0.3010498131429888,0.0580150440571444,0.0257844640253975
2026-01-01 03:45:00,18,0.9977864168656496,0.0020950301635776,0.0580150440571444,0.0257844640253974
2026-01-01 03:45:00,19,0.995487005920442,-0.0409193978631657,0.0580150440571443,0.0257844640253974
2026-01-01 03:45:00,20,0.9950342373563688,-0.0533306637863307,0.0580150440571443,0.0257844640253974
2026-01-01 03:45:00,21,0.9946246200903128,-0.066369892240033,0.0580150440571443,0.0257844640253974
2026-01-01 03:45:00,22,0.9869605732452648,0.0401226180993853,0.0580150440571443,0.0322305800317469
2026-01-01 03:45:00,23,0.982707250599126,-0.0160555181054127,0.2707368722666738,0.1289223201269875
2026-01-01 03:45:00,24,0.9805885423441764,-0.0436186479457209,0.2707368722666738,0.1289223201269875
2026-01-01 03:45:00,25,0.9672059571091214,0.106986448989194,0.0386766960380962,0.0161152900158734
2026-01-01 03:45:00,26,0.9656049689934102,0.1414832310853047,0.0386766960380962,0.0161152900158734
2026-01-01 03:45:00,27,0.9584617529903384,0.1926034498004198,0.0386766960380962,0.0128922320126987
2026-01-01 03:45:00,28,0.9533312502326696,0.2401904777043328,0.0773533920761926,0.0451228120444456
2026-01-01 03:45:00,29,0.9511111385286342,0.3040021699939011,0.1289223201269875,0.3867669603809628
2026-01-01 03:45:00,30,0.9485167497766712,0.2529642379245856,0.0966917400952405,0.0451228120444455
2026-01-01 03:45:00,31,0.947946038791244,0.2390627675947141,0.1353684361333367,0.0644611600634936
2026-01-01 03:45:00,32,0.9477692159088018,0.2344018668962767,0.0386766960380962,0.0257844640253974
2026-01-01 04:00:00,0,1.0,0.0,-2.630771115220267,-1.6330044628070994
2026-01-01 04:00:00,1,0.998007768859029,0.0096414916264285,0.068382439145289,0.0410294634871734
2026-01-01 04:00:00,2,0.98856592951171,0.0636978598649113,0.0615441952307601,0.0273529756581156
2026-01-01 04:00:00,3,0.9835766205323891,0.1069977590154965,0.0820589269743468,0.0547059513162312
2026-01-01 04:00:00,4,0.9786477111135125,0.1507078176750554,0.0410294634871734,0.0205147317435866
2026-01-01 04:00:00,5,0.9663939414113352,0.0881308945682952,0.0410294634871734,0.0136764878290578
2026-01-01 04:00:00,6,0.964073078806506,-0.0629174067363431,0.136764878290578,0.0683824391452889
2026-01-01 04:00:00,7,0.9608466894722376,-0.0395671646112647,0.136764878290578,0.068382439145289
2026-01-01 04:00:00,8,0.9566802101888874,-0.0874450745946598,0.0410294634871734,0.0136764878290577
2026-01-01 04:00:00,9,0.952817150483382,-0.1282381791882428,0.0410294634871734,0.0136764878290577
2026-01-01 04:00:00,10,0.952245874235024,-0.1235699760882534,0.03077209761538,0.0205147317435867
2026-01-01 04:00:00,11,0.9512500735297236,-0.1161954241478547,0.0410294634871734,0.0239338537008511
2026-01-01 04:00:00,12,0.9471940772156024,-0.1754211878523955,0.0410294634871734,0.0239338537008511
2026-01-01 04:00:00,13,0.9456906372101188,-0.2262027358111731,0.0820589269743468,0.0547059513162311
2026-01-01 04:00:00,14,0.9447542414714496,-0.250501128557265,0.0410294634871734,0.0068382439145289
2026-01-01 04:00:00,15,0.9438474138844406,-0.265489047160242,0.0410294634871734,0.0136764878290577
2026-01-01 04:00:00,16,0.9425039487497792,-0.3151820863751072,0.0410294634871734,0.0136764878290577
2026-01-01 04:00:00,17,0.942101608146956,-0.3213434801187033,0.06154419523076,0.0273529756581155
2026-01-01 04:00:00,18,0.9976472954476866,0.0022511233884247,0.06154419523076,0.0273529756581155
2026-01-01 04:00:00,19,0.9952072266162386,-0.0433984758415216,0.06154419523076,0.0273529756581155
2026-01-01 04:00:00,20,0.9947267577095564,-0.056572485201872,0.06154419523076,0.0273529756581155
2026-01-01 04:00:00,21,0.9942920757333598,-0.070413814992202,0.06154419523076,0.0273529756581155
2026-01-01 04:00:00,22,0.9861371888807896,0.0427657725865962,0.06154419523076,0.0341912195726444
2026-01-01 04:00:00,23,0.9816197741833244,-0.0169456947560484,0.2872062444102137,0.136764878290578
2026-01-01 04:00:00,24,0.9793693758366128,-0.0462543680757336,0.2872062444102137,0.136764878290578
2026-01-01 04:00:00,25,0.9651110383308446,0.1140173863292969,0.0410294634871735,0.0170956097863222
2026-01-01 04:00:00,26,0.9634069419633744,0.1508002543493937,0.0410294634871735,0.0170956097863222
2026-01-01 04:00:00,27,0.9558036288763364,0.2052901283111544,0.0410294634871735,0.0136764878290578
2026-01-01 04:00:00,28,0.9503425440534944,0.2560612982361636,0.0820589269743465,0.0478677074017022
2026-01-01 04:00:00,29,0.9479792961277788,0.3241971957347631,0.1367648782905779,0.410294634871734
2026-01-01 04:00:00,30,0.9452173629782168,0.2696865501602228,0.1025736587179335,0.0478677074017022
2026-01-01 04:00:00,31,0.9446097922304254,0.2548357051051709,0.143603122205107,0.0683824391452889
2026-01-01 04:00:00,32,0.9444215477835476,0.2498562226989961,0.0410294634871735,0.0273529756581156
2026-01-01 04:15:00,0,1.0,0.0,-2.518594128203937,-1.563191385940445
2026-01-01 04:15:00,1,0.9980927708221428,0.0092236051381014,0.0655680249695038,0.0393408149817023
2026-01-01 04:15:00,2,0.989055390520151,0.0609168226989196,0.0590112224725534,0.0262272099878015
2026-01-01 04:15:00,3,0.9842816386292176,0.1023087560782478,0.0786816299634046,0.0524544199756031
2026-01-01 04:15:00,4,0.9795660134505216,0.1440710818992527,0.0393408149817023,0.0196704074908511
2026-01-01 04:15:00,5,0.9678430825231522,0.0842309572052164,0.0393408149817023,0.0131136049939007
2026-01-01 04:15:00,6,0.9656227831325982,-0.0600835113464472,0.1311360499390078,0.0655680249695038
2026-01-01 04:15:00,7,0.9625361202636032,-0.0377986515354124,0.1311360499390077,0.0655680249695038
2026-01-01 04:15:00,8,0.958550797751326,-0.0835379978888427,0.0393408149817022,0.0131136049939007
2026-01-01 04:15:00,9,0.954855831051022,-0.1224952101441056,0.0393408149817022,0.0131136049939007
2026-01-01 04:15:00,10,0.954309416947694,-0.1180421365676263,0.0295056112362767,0.0196704074908511
2026-01-01 04:15:00,11,0.9533569799432368,-0.1110092018182492,0.0393408149817022,0.0229488087393263
2026-01-01 04:15:00,12,0.9494778812819236,-0.1675417629813787,0.0393408149817022,0.0229488087393263
2026-01-01 04:15:00,13,0.9480400548126724,-0.2159943746245632,0.0786816299634046,0.0524544199756031
2026-01-01 04:15:00,14,0.9471445517194318,-0.2391766107243984,0.0393408149817022,0.0065568024969503
2026-01-01 04:15:00,15,0.9462773362361926,-0.2534754926514241,0.0393408149817022,0.0131136049939007
2026-01-01 04:15:00,16,0.9449925901567964,-0.3008755106650133,0.0393408149817022,0.0131136049939007
2026-01-01 04:15:00,17,0.9446078324669114,-0.3067521286408163,0.0590112224725535,0.0262272099878015
2026-01-01 04:15:00,18,0.9977472037216424,0.0021387223344332,0.0590112224725534,0.0262272099878015
2026-01-01 04:15:00,19,0.995408098360574,-0.0416193173537761,0.0590112224725534,0.0262272099878015
2026-01-01 04:15:00,20,0.9949475126562146,-0.054245791581021,0.0590112224725534,0.0262272099878015
2026-01-01 04:15:00,21,0.9945308220864396,-0.0675113241879415,0.0590112224725534,0.0262272099878015
2026-01-01 04:15:00,22,0.9867285389230503,0.0408660935783058,0.0590112224725534,0.0327840124847519
2026-01-01 04:15:00,23,0.9824007361639608,-0.0163079728012966,0.2753857048719161,0.1311360499390077
2026-01-01 04:15:00,24,0.9802448899012792,-0.0443629697184578,0.2753857048719164,0.1311360499390077
2026-01-01 04:15:00,25,0.9666159041232192,0.1089643164358927,0.0393408149817022,0.016392006242376
2026-01-01 04:15:00,26,0.9649858852046668,0.1441039604251292,0.0393408149817022,0.016392006242376
2026-01-01 04:15:00,27,0.9577131265567922,0.1961719835931439,0.0393408149817022,0.0131136049939007
2026-01-01 04:15:00,28,0.9524895483657096,0.2446540260993802,0.0786816299634045,0.0458976174786527
2026-01-01 04:15:00,29,0.950229137722904,0.3096804842624531,0.1311360499390077,0.3934081498170233
2026-01-01 04:15:00,30,0.9475875816836192,0.2576671713391693,0.0983520374542559,0.0458976174786527
2026-01-01 04:15:00,31,0.9470064939422922,0.2434990953238449,0.1376928524359582,0.0655680249695038
2026-01-01 04:15:00,32,0.9468264556797126,0.2387487332910704,0.0393408149817022,0.0262272099878015
2026-01-01 04:30:00,0,1.0,0.0,-2.750542346303442,-1.7075624438891004
2026-01-01 04:30:00,1,0.9979170069682964,0.0100883628990774,0.0713771667027517,0.042826300021651
2026-01-01 04:30:00,2,0.9880431382816446,0.0666738237758632,0.0642394500324765,0.0285508666811006
2026-01-01 04:30:00,3,0.9828233875868002,0.1120172196072498,0.085652600043302,0.0571017333622013
2026-01-01 04:30:00,4,0.9776664317724082,0.1578155896732748,0.042826300021651,0.0214131500108255
2026-01-01 04:30:00,5,0.9648450211492836,0.0923096232175657,0.042826300021651,0.0142754333405503
2026-01-01 04:30:00,6,0.9624166212216324,-0.0659588843502776,0.1427543334055034,0.0713771667027517
2026-01-01 04:30:00,7,0.9590408227837436,-0.0414637136596475,0.1427543334055034,0.0713771667027517
2026-01-01 04:30:00,8,0.954680557313656,-0.091635048171105,0.042826300021651,0.0142754333405503
2026-01-01 04:30:00,9,0.950637672237078,-0.1343984493153612,0.042826300021651,0.0142754333405503
2026-01-01 04:30:00,10,0.9500397980896508,-0.1294988233551411,0.0321197250162382,0.0214131500108255
2026-01-01 04:30:00,11,0.9489976034650706,-0.1217565932743136,0.042826300021651,0.024982008345963
2026-01-01 04:30:00,12,0.9447523189320842,-0.1838756976058503,0.042826300021651,0.024982008345963
2026-01-01 04:30:00,13,0.943178664980886,-0.2371613787844089,0.0856526000433021,0.0571017333622013
2026-01-01 04:30:00,14,0.9421985066409344,-0.2626600843970917,0.042826300021651,0.0071377166702751
2026-01-01 04:30:00,15,0.9412492857133278,-0.2783890519747041,0.042826300021651,0.0142754333405503
2026-01-01 04:30:00,16,0.9398429751250722,-0.330549122517863,0.0428263000216511,0.0142754333405503
2026-01-01 04:30:00,17,0.9394218162365224,-0.3370169532335709,0.0642394500324765,0.0285508666811006
2026-01-01 04:30:00,18,0.9975406654257948,0.0023728076210922,0.0642394500324765,0.0285508666811007
2026-01-01 04:30:00,19,0.9949931126479504,-0.045290781984941,0.0642394500324765,0.0285508666811007
2026-01-01 04:30:00,20,0.9944914761733048,-0.0590479230882107,0.0642394500324765,0.0285508666811007
2026-01-01 04:30:00,21,0.9940376403399944,-0.0735025343937065,0.0642394500324765,0.0285508666811007
2026-01-01 04:30:00,22,0.9855057883391934,0.0448019190712856,0.0642394500324765,0.0356885833513759
2026-01-01 04:30:00,23,0.9807862456592952,-0.0176175432430001,0.2997841001515573,0.1427543334055034
2026-01-01 04:30:00,24,0.9784350445962195,-0.04826499217645,0.2997841001515573,0.1427543334055034
2026-01-01 04:30:00,25,0.963502514429627,0.1194324436776169,0.0428263000216511,0.0178442916756879
2026-01-01 04:30:00,26,0.9617191780812512,0.1579775837903924,0.0428263000216508,0.0178442916756879
2026-01-01 04:30:00,27,0.9537622699025424,0.2150634196981689,0.0428263000216508,0.0142754333405503
2026-01-01 04:30:00,28,0.9480471143760286,0.2682917558409565,0.0856526000433022,0.0499640166919261
2026-01-01 04:30:00,29,0.9455738509581866,0.3397693613867391,0.1427543334055032,0.4282630002165104
2026-01-01 04:30:00,30,0.9426831177576936,0.2825737984316347,0.1070657500541276,0.0499640166919261
2026-01-01 04:30:00,31,0.9420472106924048,0.2669886408280663,0.1498920500757785,0.0713771667027516
2026-01-01 04:30:00,32,0.9418501856845743,0.2617627210619442,0.0428263000216508,0.0285508666811007
2026-01-01 04:45:00,0,1.0,0.0,-2.691381125638609,-1.670731977843819
2026-01-01 04:45:00,1,0.9979618396644044,0.0098675401906857,0.0698992365910003,0.0419395419546001
2026-01-01 04:45:00,2,0.988301397072669,0.0652029801749156,0.0629093129319002,0.0279596946364001
2026-01-01 04:45:00,3,0.9831955112433868,0.1095361633832276,0.0838790839092003,0.0559193892728002
2026-01-01 04:45:00,4,0.9781512411877163,0.1543018791570744,0.0419395419546001,0.0209697709773001
2026-01-01 04:45:00,5,0.9656103298233316,0.0902436199181304,0.0419395419546002,0.0139798473182
2026-01-01 04:45:00,6,0.9632350696565448,-0.0644545037752774,0.1397984731820006,0.0698992365910003
2026-01-01 04:45:00,7,0.9599331010315276,-0.0405258350588766,0.1397984731820006,0.0698992365910003
2026-01-01 04:45:00,8,0.9556686039215544,-0.0895630228282618,0.0419395419546001,0.0139798473182
2026-01-01 04:45:00,9,0.951714589600826,-0.1313518817308118,0.0419395419546001,0.0139798473182
2026-01-01 04:45:00,10,0.9511298603504128,-0.1265667919302798,0.0314546564659501,0.0209697709773
2026-01-01 04:45:00,11,0.950110594336006,-0.1190065579666857,0.0419395419546001,0.0244647328068501
2026-01-01 04:45:00,12,0.945958862813778,-0.1796941820363982,0.0419395419546001,0.0244647328068501
2026-01-01 04:45:00,13,0.9444199117028512,-0.2317406676841854,0.0838790839092004,0.0559193892728002
2026-01-01 04:45:00,14,0.9434613831435752,-0.2566453615354953,0.0419395419546001,0.0069899236591
2026-01-01 04:45:00,15,0.9425331153854848,-0.2720075904374281,0.0419395419546001,0.0139798473182
2026-01-01 04:45:00,16,0.941157867020036,-0.3229466295322423,0.0419395419546001,0.0139798473182
2026-01-01 04:45:00,17,0.9407460092946734,-0.3292627859278127,0.0629093129319002,0.0279596946364
2026-01-01 04:45:00,18,0.9975933300929486,0.0023124849728145,0.0629093129319002,0.0279596946364001
2026-01-01 04:45:00,19,0.9950988285005062,-0.0443570183455106,0.0629093129319002,0.0279596946364001
2026-01-01 04:45:00,20,0.9946076398014524,-0.0578263109199575,0.0629093129319002,0.0279596946364001
2026-01-01 04:45:00,21,0.994163257863996,-0.07197818451943,0.0629093129319002,0.0279596946364001
2026-01-01 04:45:00,22,0.9858176718789982,0.0437951432200092,0.0629093129319002,0.0349496182955001
2026-01-01 04:45:00,23,0.9811979291162624,-0.0172868558524619,0.2935767936822013,0.1397984731820006
2026-01-01 04:45:00,24,0.978896500218352,-0.0472729862904611,0.2935767936822013,0.1397984731820006
2026-01-01 04:45:00,25,0.9642972782181736,0.1167550891976089,0.0419395419546002,0.0174748091477501
2026-01-01 04:45:00,26,0.96255310171704,0.1544287410564596,0.0419395419546002,0.0174748091477501
2026-01-01 04:45:00,27,0.9547709382892622,0.2102309825655444,0.0419395419546,0.0139798473182
2026-01-01 04:45:00,28,0.9491813442924166,0.2622439036536591,0.0838790839092005,0.0489294656137002
2026-01-01 04:45:00,29,0.9467624512404762,0.3320680438146708,0.1397984731820005,0.4193954195460019
2026-01-01 04:45:00,30,0.943935374504112,0.2762011030263439,0.1048488548865003,0.0489294656137002
2026-01-01 04:45:00,31,0.9433134720462204,0.2609793508651888,0.1467883968411008,0.0698992365910002
2026-01-01 04:45:00,32,0.9431207866520632,0.2558753936119188,0.0419395419546,0.0279596946364
2026-01-01 05:00:00,0,1.0,0.0,-2.7227519326887593,-1.690261099469872
2026-01-01 05:00:00,1,0.9979380668594812,0.0099846117316012,0.0706832447211472,0.0424099468326883
2026-01-01 05:00:00,2,0.9881644589409236,0.0659826999094633,0.0636149202490325,0.0282732978884588
2026-01-01 05:00:00,3,0.9829982043479152,0.1108513577634227,0.0848198936653766,0.0565465957769177
2026-01-01 05:00:00,4,0.9778941917510326,0.1561643737474173,0.0424099468326883,0.0212049734163441
2026-01-01 05:00:00,5,0.9652045701800788,0.0913386728139516,0.0424099468326883,0.0141366489442294
2026-01-01 05:00:00,6,0.9628011373711788,-0.0652517204721302,0.1413664894422944,0.0706832447211472
2026-01-01 05:00:00,7,0.9594600268064444,-0.0410228929200902,0.1413664894422944,0.0706832447211472
2026-01-01 05:00:00,8,0.9551447591103084,-0.0906611553706699,0.0424099468326882,0.0141366489442294
2026-01-01 05:00:00,9,0.9511436313279404,-0.1329664557906411,0.0424099468326882,0.0141366489442294
2026-01-01 05:00:00,10,0.950551933527302,-0.1281206867313512,0.0318074601245162,0.0212049734163441
2026-01-01 05:00:00,11,0.9495205123761976,-0.12046404031275,0.0424099468326882,0.0247391356524015
2026-01-01 05:00:00,12,0.9453191865455264,-0.1819101585131581,0.0424099468326882,0.0247391356524015
2026-01-01 05:00:00,13,0.9437618389152066,-0.2346131858424401,0.0848198936653766,0.0565465957769177
2026-01-01 05:00:00,14,0.9427918441594332,-0.2598325886909032,0.0424099468326882,0.0070683244721146
2026-01-01 05:00:00,15,0.9418524689206792,-0.2753891148154105,0.0424099468326882,0.0141366489442294
2026-01-01 05:00:00,16,0.9404607542809436,-0.3269750242666722,0.0424099468326882,0.0141366489442294
2026-01-01 05:00:00,17,0.9400439659445088,-0.3333715321382127,0.0636149202490323,0.0282732978884588
2026-01-01 05:00:00,18,0.9975654028198448,0.0023444189785767,0.0636149202490323,0.0282732978884588
2026-01-01 05:00:00,19,0.9950427604157136,-0.0448523853968134,0.0636149202490323,0.0282732978884588
2026-01-01 05:00:00,20,0.9945460297395236,-0.0584743588142428,0.0636149202490323,0.0282732978884588
2026-01-01 05:00:00,21,0.9940966330330884,-0.0727868092100857,0.0636149202490323,0.0282732978884588
2026-01-01 05:00:00,22,0.9856522930958272,0.0443287483100346,0.0636149202490323,0.0353416223605735
2026-01-01 05:00:00,23,0.9809796203304384,-0.0174624918418161,0.2968696278288183,0.1413664894422944
2026-01-01 05:00:00,24,0.9786517945019912,-0.04779928623691,0.2968696278288183,0.1413664894422944
2026-01-01 05:00:00,25,0.9638759030699752,0.1181741553318352,0.0424099468326883,0.0176708111802867
2026-01-01 05:00:00,26,0.962110966331452,0.1563096763347561,0.0424099468326883,0.0176708111802867
2026-01-01 05:00:00,27,0.9542361636870108,0.2127922365337492,0.0424099468326883,0.0141366489442295
2026-01-01 05:00:00,28,0.948580004764628,0.2654492311426654,0.0848198936653767,0.0494782713048029
2026-01-01 05:00:00,29,0.946132288116482,0.3361494501861108,0.1413664894422943,0.4240994683268833
2026-01-01 05:00:00,30,0.943271465549862,0.2795785795167653,0.1060248670817207,0.0494782713048029
2026-01-01 05:00:00,31,0.9426421389193768,0.2641642962100268,0.1484348139144091,0.0706832447211471
2026-01-01 05:00:00,32,0.9424471529968028,0.2589957242109712,0.0424099468326883,0.0282732978884587
2026-01-01 05:15:00,0,1.0,0.0,-2.7203164647307223,-1.6887449109742805
2026-01-01 05:15:00,1,0.9979399125325952,0.0099755206871871,0.0706224045544082,0.0423734427326449
2026-01-01 05:15:00,2,0.9881750909943152,0.0659221461463891,0.0635601640989673,0.0282489618217632
2026-01-01 05:15:00,3,0.9830135240798186,0.1107492135741942,0.0847468854652898,0.0564979236435265
2026-01-01 05:15:00,4,0.977914150629944,0.1560197145059216,0.0423734427326449,0.0211867213663224
2026-01-01 05:15:00,5,0.9652360769199092,0.0912536149512078,0.0423734427326449,0.0141244809108816
2026-01-01 05:15:00,6,0.962834831820074,-0.0651897831727219,0.1412448091088163,0.0706224045544082
2026-01-01 05:15:00,7,0.9594967607500462,-0.0409842797221496,0.1412448091088164,0.0706224045544082
2026-01-01 05:15:00,8,0.955185435759275,-0.0905758484439509,0.0423734427326448,0.0141244809108816
2026-01-01 05:15:00,9,0.9511879667178674,-0.1328410257145857,0.0423734427326448,0.0141244809108816
2026-01-01 05:15:00,10,0.950596810082716,-0.1279999724288003,0.0317800820494836,0.0211867213663224
2026-01-01 05:15:00,11,0.9495663328860656,-0.1203508193582727,0.0423734427326448,0.0247178415940428
2026-01-01 05:15:00,12,0.9453688585750756,-0.1817380007378829,0.0423734427326448,0.0247178415940428
2026-01-01 05:15:00,13,0.9438129396407142,-0.2343900073016836,0.0847468854652898,0.0564979236435265
2026-01-01 05:15:00,14,0.9428438353714526,-0.2595849531453781,0.0423734427326448,0.0070622404554407
2026-01-01 05:15:00,15,0.9419053227638552,-0.2751263796681757,0.0423734427326448,0.0141244809108816
2026-01-01 05:15:00,16,0.940514886940924,-0.3266620157292281,0.0423734427326448,0.0141244809108816
2026-01-01 05:15:00,17,0.9400984815288326,-0.333052278714907,0.0635601640989674,0.0282489618217632
2026-01-01 05:15:00,18,0.9975675709044116,0.0023419350875354,0.0635601640989673,0.0282489618217632
2026-01-01 05:15:00,19,0.9950471124108382,-0.0448139465445504,0.0635601640989673,0.0282489618217632
2026-01-01 05:15:00,20,0.9945508118289348,-0.0584240702856321,0.0635601640989673,0.0282489618217632
2026-01-01 05:15:00,21,0.9941018043027132,-0.0727240580560387,0.0635601640989673,0.0282489618217632
2026-01-01 05:15:00,22,0.9856651327153432,0.0442872988938376,0.0635601640989673,0.035311202277204
2026-01-01 05:15:00,23,0.98099656840897,-0.0174488809846456,0.2966140991285144,0.1412448091088164
2026-01-01 05:15:00,24,0.978670791552117,-0.0477584501681684,0.2966140991285144,0.1412448091088164
2026-01-01 05:15:00,25,0.9639086224509976,0.118063927749595,0.0423734427326447,0.017655601138602
2026-01-01 05:15:00,26,0.962145297890904,0.1561635688664932,0.0423734427326447,0.017655601138602
2026-01-01 05:15:00,27,0.9542776893441594,0.2125932828579866,0.0423734427326447,0.0141244809108816
2026-01-01 05:15:00,28,0.9486266996895918,0.2652002371299452,0.0847468854652899,0.0494356831880857
2026-01-01 05:15:00,29,0.946181221427903,0.3358323794112659,0.1412448091088163,0.4237344273264491
2026-01-01 05:15:00,30,0.9433230195557858,0.27931621133551,0.1059336068316123,0.0494356831880857
2026-01-01 05:15:00,31,0.9426942694857996,0.2639168903937963,0.1483070495642571,0.0706224045544081
2026-01-01 05:15:00,32,0.9424994622223044,0.2587533399210594,0.0423734427326447,0.0282489618217631
2026-01-01 05:30:00,0,1.0,0.0,-2.980954401850089,-1.851049287586396
2026-01-01 05:30:00,1,0.9977423863097992,0.0109500717797834,0.0771085192297878,0.0462651115378727
2026-01-01 05:30:00,2,0.98703684118695,0.0724183562809972,0.069397667306809,0.0308434076919151
2026-01-01 05:30:00,3,0.981372918813592,0.1217116090907439,0.0925302230757454,0.0616868153838302
2026-01-01 05:30:00,4,0.9757763073048944,0.171552977842163,0.0462651115378727,0.0231325557689363
2026-01-01 05:30:00,5,0.9618603506417488,0.100391856051884,0.0462651115378727,0.0154217038459575
2026-01-01 05:30:00,6,0.9592245867956178,-0.0718561320545323,0.1542170384595757,0.0771085192297878
2026-01-01 05:30:00,7,0.9555607050340524,-0.0451365252924216,0.1542170384595757,0.0771085192297879
2026-01-01 05:30:00,8,0.950826567353074,-0.09974944573766,0.0462651115378727,0.0154217038459575
2026-01-01 05:30:00,9,0.9464367043080042,-0.1463329585533526,0.0462651115378727,0.0154217038459575
2026-01-01 05:30:00,10,0.9457875074466516,-0.1409830250409726,0.0346988336534045,0.0231325557689363
2026-01-01 05:30:00,11,0.9446557839599888,-0.1325248026468999,0.0462651115378727,0.0269879817304257
2026-01-01 05:30:00,12,0.9400451337680774,-0.2002624615425405,0.0462651115378727,0.0269879817304257
2026-01-01 05:30:00,13,0.9383359387041542,-0.2584172157887421,0.0925302230757454,0.0616868153838302
2026-01-01 05:30:00,14,0.9372712926303872,-0.286250397248388,0.0462651115378727,0.0077108519229788
2026-01-01 05:30:00,15,0.9362402240435888,-0.3034208017230392,0.0462651115378728,0.0154217038459575
2026-01-01 05:30:00,16,0.9347125687342124,-0.3603823058411082,0.0462651115378727,0.0154217038459575
2026-01-01 05:30:00,17,0.9342550753990898,-0.3674466863521836,0.069397667306809,0.0308434076919151
2026-01-01 05:30:00,18,0.9973356564561374,0.0026117928938325,0.069397667306809,0.0308434076919151
2026-01-01 05:30:00,19,0.9945822493164695,-0.0489097934277929,0.069397667306809,0.0308434076919151
2026-01-01 05:30:00,20,0.9940400717529376,-0.0637844346960236,0.069397667306809,0.0308434076919151
2026-01-01 05:30:00,21,0.9935495507553884,-0.0794144696172141,0.069397667306809,0.0308434076919151
2026-01-01 05:30:00,22,0.9842910744284764,0.048742024285153,0.069397667306809,0.0385542596148938
2026-01-01 05:30:00,23,0.9791836279016114,-0.0188833762558965,0.323855780765109,0.1542170384595756
2026-01-01 05:30:00,24,0.9766389491396468,-0.0521068909216441,0.323855780765109,0.1542170384595758
2026-01-01 05:30:00,25,0.960402867902828,0.1299081356327624,0.0462651115378727,0.019277129807447
2026-01-01 05:30:00,26,0.9584666590368413,0.1718663824474172,0.0462651115378727,0.019277129807447
2026-01-01 05:30:00,27,0.949827571173127,0.2339759912744428,0.0462651115378727,0.0154217038459576
2026-01-01 05:30:00,28,0.9436222182187416,0.2919697538795859,0.0925302230757454,0.0539759634608514
2026-01-01 05:30:00,29,0.9409366755161452,0.3699401569218903,0.1542170384595755,0.4626511153787271
2026-01-01 05:30:00,30,0.9377973571681596,0.3075248314171876,0.1156627788446815,0.0539759634608514
2026-01-01 05:30:00,31,0.9371067600070032,0.2905113269808004,0.1619278903825547,0.0771085192297877
2026-01-01 05:30:00,32,0.9368927879147088,0.2848059898213624,0.0462651115378727,0.030843407691915
2026-01-01 05:45:00,0,1.0,0.0,-2.8909797130983086,-1.7950098466272066
2026-01-01 05:45:00,1,0.99781057722707,0.0106132595803923,0.0748751358131603,0.0449250814878962
2026-01-01 05:45:00,2,0.9874298840368104,0.0701720866504264,0.0673876222318443,0.0299500543252641
2026-01-01 05:45:00,3,0.981939542935822,0.1179200085562362,0.0898501629757924,0.0599001086505282
2026-01-01 05:45:00,4,0.9765147637219024,0.1661785826129722,0.0449250814878962,0.0224625407439481
2026-01-01 05:45:00,5,0.963026620676904,0.0972289662514088,0.0449250814878962,0.014975027162632
2026-01-01 05:45:00,6,0.9604719079883736,-0.0695460226985795,0.1497502716263207,0.0748751358131603
2026-01-01 05:45:00,7,0.9569206242954628,-0.0436984953270607,0.1497502716263207,0.0748751358131603
2026-01-01 05:45:00,8,0.9523326506389372,-0.0965723460283447,0.0449250814878962,0.014975027162632
2026-01-01 05:45:00,9,0.948078443776716,-0.141659443722498,0.0449250814878962,0.014975027162632
2026-01-01 05:45:00,10,0.9474493125030112,-0.136486159002619,0.0336938111159221,0.0224625407439481
2026-01-01 05:45:00,11,0.9463525933122804,-0.1283088969021963,0.0449250814878962,0.0262062975346061
2026-01-01 05:45:00,12,0.9418848085612632,-0.1938442690010186,0.0449250814878962,0.0262062975346061
2026-01-01 05:45:00,13,0.9402286149864496,-0.250089513436448,0.0898501629757924,0.0599001086505283
2026-01-01 05:45:00,14,0.93919700799555,-0.277007091211532,0.0449250814878962,0.007487513581316
2026-01-01 05:45:00,15,0.9381979466236076,-0.2936121223056354,0.0449250814878962,0.0149750271626321
2026-01-01 05:45:00,16,0.9367177458798752,-0.3486899340552413,0.0449250814878963,0.0149750271626321
2026-01-01 05:45:00,17,0.9362744618298507,-0.3555202532780092,0.0673876222318443,0.029950054325264
2026-01-01 05:45:00,18,0.9974156921154168,0.0025177015194554,0.0673876222318443,0.029950054325264
2026-01-01 05:45:00,19,0.9947425254388348,-0.0474999443198368,0.0673876222318443,0.029950054325264
2026-01-01 05:45:00,20,0.9942161505995728,-0.0619388860123449,0.0673876222318443,0.029950054325264
2026-01-01 05:45:00,21,0.9937399294342912,-0.0771106150291459,0.0673876222318443,0.029950054325264
2026-01-01 05:45:00,22,0.9847654205421524,0.0471998109188767,0.0673876222318443,0.0374375679065801
2026-01-01 05:45:00,23,0.9798092995239271,-0.0183932802362314,0.3144755704152735,0.1497502716263207
2026-01-01 05:45:00,24,0.9773401027780212,-0.0506107731515565,0.3144755704152733,0.1497502716263206
2026-01-01 05:45:00,25,0.9616140846574576,0.12580824369019,0.044925081487896,0.01871878395329
2026-01-01 05:45:00,26,0.9597376399089392,0.1664300838438349,0.044925081487896,0.01871878395329
2026-01-01 05:45:00,27,0.9513652458363028,0.226573257617776,0.044925081487896,0.0149750271626321
2026-01-01 05:45:00,28,0.9453515366861596,0.282700093798569,0.0898501629757926,0.0524125950692122
2026-01-01 05:45:00,29,0.9427489879327032,0.3581249746499356,0.1497502716263206,0.4492508148789622
2026-01-01 05:45:00,30,0.9397068673976856,0.2977565587444094,0.1123127037197404,0.0524125950692122
2026-01-01 05:45:00,31,0.9390376544104844,0.2813032954849556,0.1572377852076365,0.0748751358131603
2026-01-01 05:45:00,32,0.9388303087814848,0.2757860099126089,0.044925081487896,0.0299500543252642
2026-01-01 06:00:00,0,1.0,0.0,-2.9223197741779887,-1.8145283003841028
2026-01-01 06:00:00,1,0.9977868252641884,0.010730531752709,0.0756537514538822,0.0453922508723293
2026-01-01 06:00:00,2,0.9872929919788402,0.0709540633156614,0.068088376308494,0.0302615005815529
2026-01-01 06:00:00,3,0.9817422085217308,0.1192398286351067,0.0907845017446586,0.0605230011631058
2026-01-01 06:00:00,4,0.976257598271146,0.1680491359864827,0.0453922508723293,0.0226961254361646
2026-01-01 06:00:00,5,0.9626204970261866,0.0983296718463506,0.0453922508723293,0.0151307502907764
2026-01-01 06:00:00,6,0.9600375637044944,-0.0703496221435792,0.1513075029077645,0.0756537514538822
2026-01-01 06:00:00,7,0.9564470747827346,-0.0441988351585059,0.1513075029077645,0.0756537514538822
2026-01-01 06:00:00,8,0.9518082137895264,-0.0976777613515382,0.0453922508723293,0.0151307502907764
2026-01-01 06:00:00,9,0.9475067788499684,-0.1432854084104202,0.0453922508723293,0.0151307502907764
2026-01-01 06:00:00,10,0.9468706618649516,-0.138050711061689,0.034044188154247,0.0226961254361646
2026-01-01 06:00:00,11,0.9457617563317784,-0.1297757848111975,0.0453922508723293,0.0264788130088587
2026-01-01 06:00:00,12,0.9412442366025136,-0.1960770513773969,0.0453922508723293,0.0264788130088587
2026-01-01 06:00:00,13,0.9395695922175806,-0.2529862250613747,0.0907845017446586,0.0605230011631058
2026-01-01 06:00:00,14,0.9385264838961628,-0.2802221416209177,0.0453922508723293,0.0075653751453882
2026-01-01 06:00:00,15,0.9375162804789422,-0.2970237386739985,0.0453922508723293,0.0151307502907764
2026-01-01 06:00:00,16,0.9360195605535994,-0.3527563993904593,0.0453922508723294,0.0151307502907764
2026-01-01 06:00:00,17,0.9355713301609796,-0.3596680844919327,0.068088376308494,0.0302615005815528
2026-01-01 06:00:00,18,0.997387811213967,0.0025503634643236,0.068088376308494,0.0302615005815528
2026-01-01 06:00:00,19,0.9946866740338062,-0.0479915133917571,0.068088376308494,0.0302615005815528
2026-01-01 06:00:00,20,0.9941547906420956,-0.0625823173069844,0.068088376308494,0.0302615005815528
2026-01-01 06:00:00,21,0.9936735848248912,-0.0779137846452912,0.068088376308494,0.0302615005815528
2026-01-01 06:00:00,22,0.9846001968191892,0.0477364677277892,0.068088376308494,0.0378268757269411
2026-01-01 06:00:00,23,0.9795913442061353,-0.0185646053625449,0.3177457561063055,0.1513075029077645
2026-01-01 06:00:00,24,0.9770958452634908,-0.0511325055403668,0.3177457561063055,0.1513075029077644
2026-01-01 06:00:00,25,0.9611923123024037,0.1272349811166576,0.0453922508723292,0.0189134378634705
2026-01-01 06:00:00,26,0.9592950604153916,0.1683217934070071,0.0453922508723292,0.0189134378634705
2026-01-01 06:00:00,27,0.9508298160070676,0.2291492355072104,0.0453922508723292,0.0151307502907764
2026-01-01 06:00:00,28,0.9447493860464836,0.2859254776450528,0.0907845017446589,0.0529576260177175
2026-01-01 06:00:00,29,0.9421179433616927,0.3622355386572203,0.1513075029077644,0.4539225087232936
2026-01-01 06:00:00,30,0.939041985281127,0.3011554010514218,0.1134806271808233,0.0529576260177175
2026-01-01 06:00:00,31,0.938365327823714,0.2845073564794945,0.1588728780531525,0.0756537514538822
2026-01-01 06:00:00,32,0.9381556753314628,0.2789246916367275,0.0453922508723292,0.0302615005815529
2026-01-01 06:15:00,0,1.0,0.0,-2.979166500073663,-1.8579393324909996
2026-01-01 06:15:00,1,0.997741395194188,0.0112078000214869,0.0773838914598102,0.0464303348758861
2026-01-01 06:15:00,2,0.986995815410071,0.0729111362327844,0.0696455023138292,0.030953556583924
2026-01-01 06:15:00,3,0.9813104934672192,0.1223946811268019,0.0928606697517722,0.0619071131678482
2026-01-01 06:15:00,4,0.9756926966705164,0.1724310466017547,0.0464303348758861,0.023215167437943
2026-01-01 06:15:00,5,0.9617239922874544,0.1009976897799267,0.0464303348758861,0.015476778291962
2026-01-01 06:15:00,6,0.959078235069034,-0.0719245751633863,0.1547677829196205,0.0773838914598102
2026-01-01 06:15:00,7,0.9554004705845528,-0.0450974192447721,0.1547677829196205,0.0773838914598102
2026-01-01 06:15:00,8,0.950648308698475,-0.0999246100421288,0.0464303348758861,0.015476778291962
2026-01-01 06:15:00,9,0.9462417166807736,-0.1466925568138278,0.0464303348758861,0.015476778291962
2026-01-01 06:15:00,10,0.9455900453350682,-0.1413208283391954,0.0348227511569145,0.023215167437943
2026-01-01 06:15:00,11,0.9444540050156682,-0.1328279331365928,0.0464303348758861,0.0270843620109336
2026-01-01 06:15:00,12,0.9398257350843554,-0.2008371498462715,0.0464303348758861,0.0270843620109336
2026-01-01 06:15:00,13,0.9381100031107044,-0.2592274501808759,0.0928606697517723,0.0619071131678482
2026-01-01 06:15:00,14,0.9370412820677244,-0.2871735833193832,0.0464303348758862,0.007738389145981
2026-01-01 06:15:00,15,0.936006265734286,-0.3044137365273074,0.0464303348758861,0.015476778291962
2026-01-01 06:15:00,16,0.9344727572690712,-0.3616076661165294,0.0464303348758861,0.015476778291962
2026-01-01 06:15:00,17,0.9340135113376248,-0.3687009291734457,0.0696455023138291,0.030953556583924
2026-01-01 06:15:00,18,0.9973463933320172,0.0035619945705167,0.0568005016927155,0.030953556583924
2026-01-01 06:15:00,19,0.9945831481349612,-0.0481429316741218,0.0696455023138291,0.030953556583924
2026-01-01 06:15:00,20,0.9940390330354216,-0.0630706936997613,0.0696455023138291,0.030953556583924
2026-01-01 06:15:00,21,0.9935467587586638,-0.0787566075394531,0.0696455023138291,0.030953556583924
2026-01-01 06:15:00,22,0.9842400376655916,0.0491482762908739,0.0696455023138291,0.038691945729905
2026-01-01 06:15:00,23,0.9791139578420452,-0.0187269857493052,0.3250123441312029,0.1547677829196204
2026-01-01 06:15:00,24,0.9765599843313484,-0.0520742181305518,0.3250123441312031,0.1547677829196205
2026-01-01 06:15:00,25,0.960260967181287,0.1306294047755199,0.0464303348758861,0.0193459728649525
2026-01-01 06:15:00,26,0.9583173885814948,0.1727523127309002,0.0464303348758861,0.0193459728649525
2026-01-01 06:15:00,27,0.9496454135647572,0.2351041530367221,0.0464303348758861,0.015476778291962
2026-01-01 06:15:00,28,0.9434164278313212,0.2933280345275214,0.0928606697517722,0.0541687240218671
2026-01-01 06:15:00,29,0.9407206503888524,0.3716123694289548,0.1547677829196203,0.4643033487588615
2026-01-01 06:15:00,30,0.9375693448842994,0.3089445607458866,0.1160758371897152,0.0541687240218671
2026-01-01 06:15:00,31,0.9368761104576389,0.2918619405324482,0.1625061720656013,0.0773838914598101
2026-01-01 06:15:00,32,0.9366613211335706,0.2861334029884751,0.0464303348758861,0.030953556583924
2026-01-01 06:30:00,0,1.0,0.0,-3.1192745657468626,-1.9553467561404136
2026-01-01 06:30:00,1,0.9976322355644232,0.0120675470849416,0.0812508573640624,0.0487505144184374
2026-01-01 06:30:00,2,0.9863217547411348,0.0770981477867349,0.0731257716276561,0.0325003429456249
2026-01-01 06:30:00,3,0.9803342881380818,0.1292768609084111,0.0975010288368748,0.0650006858912499
2026-01-01 06:30:00,4,0.9744173380499712,0.1820771665613055,0.0487505144184374,0.0243752572092187
2026-01-01 06:30:00,5,0.9597037330896148,0.1067901581100308,0.0487505144184374,0.0162501714728124
2026-01-01 06:30:00,6,0.956916847810002,-0.0756898558445001,0.1625017147281249,0.0812508573640624
2026-01-01 06:30:00,7,0.9530430365349062,-0.0473356687098847,0.1625017147281249,0.0812508573640624
2026-01-01 06:30:00,8,0.9480362673793512,-0.1052004690005869,0.0487505144184374,0.0162501714728124
2026-01-01 06:30:00,9,0.9433933505783249,-0.1545844767544351,0.0487505144184374,0.0162501714728124
2026-01-01 06:30:00,10,0.9427067225345316,-0.1489030657879123,0.036562885813828,0.0243752572092187
2026-01-01 06:30:00,11,0.9415096961247768,-0.1399173236377056,0.0487505144184374,0.0284378000774218
2026-01-01 06:30:00,12,0.9366324738664816,-0.2117813091619266,0.0487505144184374,0.0284378000774218
2026-01-01 06:30:00,13,0.9348243761230132,-0.2735172928721504,0.0975010288368749,0.0650006858912499
2026-01-01 06:30:00,14,0.9336980733872944,-0.3030679746686638,0.0487505144184374,0.0081250857364062
2026-01-01 06:30:00,15,0.9326072719232572,-0.321299011174233,0.0487505144184374,0.0162501714728124
2026-01-01 06:30:00,16,0.9309910495491855,-0.3817957976466856,0.0487505144184374,0.0162501714728124
2026-01-01 06:30:00,17,0.930507037033406,-0.3892995429537705,0.0731257716276561,0.0325003429456249
2026-01-01 06:30:00,18,0.997233387226197,0.0049146531248466,0.0440473363721767,0.0325003429456249
2026-01-01 06:30:00,19,0.9943312123072582,-0.0493931614180248,0.0731257716276561,0.0325003429456249
2026-01-01 06:30:00,20,0.993759735717066,-0.0650752276157203,0.0731257716276561,0.0325003429456249
2026-01-01 06:30:00,21,0.993242701696458,-0.0815546574881646,0.0731257716276561,0.0325003429456249
2026-01-01 06:30:00,22,0.9834249435630418,0.0521137329761899,0.0731257716276561,0.0406254286820312
2026-01-01 06:30:00,23,0.9780363507979856,-0.0192910954448868,0.3412536009290621,0.1625017147281249
2026-01-01 06:30:00,24,0.9753514202406046,-0.0543867409076066,0.3412536009290621,0.1625017147281249
2026-01-01 06:30:00,25,0.9581624232736348,0.1380580595152637,0.0487505144184372,0.0203127143410155
2026-01-01 06:30:00,26,0.9561147427653534,0.1825153605309374,0.0487505144184372,0.0203127143410155
2026-01-01 06:30:00,27,0.9469782129493476,0.2482999718949274,0.0487505144184372,0.0162501714728124
2026-01-01 06:30:00,28,0.9404153879338646,0.3097883700173474,0.0975010288368749,0.0568756001548436
2026-01-01 06:30:00,29,0.9375750271749188,0.3925301608913222,0.1625017147281249,0.4875051441843745
2026-01-01 06:30:00,30,0.9342543618485032,0.3262763708043494,0.1218762860460938,0.0568756001548436
2026-01-01 06:30:00,31,0.9335238667085376,0.3082118548128903,0.170626800464531,0.0812508573640624
2026-01-01 06:30:00,32,0.933297530992445,0.3021537001623657,0.0487505144184372,0.0325003429456249
2026-01-01 06:45:00,0,1.0,0.0,-3.1102851122734343,-1.97965901591427
2026-01-01 06:45:00,1,0.9976302810204218,0.0130222011532322,0.0822172236408271,0.0493303341844963
2026-01-01 06:45:00,2,0.986178481954499,0.0788848074191155,0.0739955012767444,0.0328868894563308
2026-01-01 06:45:00,3,0.9801153768716512,0.1317379044754028,0.0986606683689926,0.0657737789126617
2026-01-01 06:45:00,4,0.9741235277563136,0.1852304285240994,0.0493303341844963,0.0246651670922481
2026-01-01 06:45:00,5,0.9592234053347716,0.1089797781037477,0.0493303341844962,0.0164434447281654
2026-01-01 06:45:00,6,0.9564011820579372,-0.0758940443797179,0.1644344472816543,0.0822172236408271
2026-01-01 06:45:00,7,0.95247828334731,-0.0471566534062687,0.1644344472816543,0.0822172236408271
2026-01-01 06:45:00,8,0.9474077429579976,-0.1057823524024956,0.0493303341844962,0.0164434447281654
2026-01-01 06:45:00,9,0.9427056302963548,-0.1558220841872923,0.0493303341844962,0.0164434447281654
2026-01-01 06:45:00,10,0.9420102459898853,-0.1500628920673021,0.0369977506383721,0.0246651670922481
2026-01-01 06:45:00,11,0.9407979424701576,-0.1409533101121764,0.0493303341844962,0.0287760282742895
2026-01-01 06:45:00,12,0.9358583491261244,-0.2137843660363677,0.0493303341844962,0.0287760282742894
2026-01-01 06:45:00,13,0.9340271093012188,-0.2763603226069991,0.0986606683689926,0.0657737789126617
2026-01-01 06:45:00,14,0.9328863787801498,-0.3063139009511217,0.0493303341844963,0.0082217223640826
2026-01-01 06:45:00,15,0.9317815993565338,-0.3247937622784341,0.0493303341844963,0.0164434447281653
2026-01-01 06:45:00,16,0.9301446505163086,-0.3861202119468415,0.0493303341844963,0.0164434447281653
2026-01-01 06:45:00,17,0.9296544320531802,-0.3937270833585111,0.0739955012767443,0.0328868894563308
2026-01-01 06:45:00,18,0.9972755759714508,0.0084634313069596,-0.003068939633072,0.0328868894563308
2026-01-01 06:45:00,19,0.9943388783630892,-0.0464873565274248,0.0739955012767443,0.0328868894563308
2026-01-01 06:45:00,20,0.9937606026453126,-0.0623557950889024,0.0739955012767443,0.0328868894563308
2026-01-01 06:45:00,21,0.99323741594287,-0.0790312991283768,0.0739955012767443,0.0328868894563308
2026-01-01 06:45:00,22,0.983246451273079,0.0535958963882174,0.0739955012767443,0.0411086118204135
2026-01-01 06:45:00,23,0.9777922999903804,-0.0186893732735477,0.3453123392914741,0.1644344472816543
2026-01-01 06:45:00,24,0.9750746624637135,-0.0542213789560628,0.3453123392914741,0.1644344472816544
2026-01-01 06:45:00,25,0.9576624892775092,0.1406574482714771,0.0493303341844963,0.0205543059102069
2026-01-01 06:45:00,26,0.9555887349897612,0.1856995186389452,0.0493303341844963,0.0205543059102069
2026-01-01 06:45:00,27,0.9463358498018998,0.2523436524693596,0.0493303341844963,0.0164434447281653
2026-01-01 06:45:00,28,0.9396894067067842,0.3146504445598865,0.0986606683689927,0.0575520565485789
2026-01-01 06:45:00,29,0.9368128298478188,0.3985108559056303,0.1644344472816543,0.493303341844963
2026-01-01 06:45:00,30,0.9334497365312278,0.3313568444628055,0.1233258354612409,0.0575520565485789
2026-01-01 06:45:00,31,0.9327099067709512,0.3130457591887924,0.1726561696457369,0.0822172236408271
2026-01-01 06:45:00,32,0.932480678404516,0.3069048266589964,0.0493303341844963,0.0328868894563307
2026-01-01 07:00:00,0,1.0,0.0,-3.1580302187855684,-2.015431276078383
2026-01-01 07:00:00,1,0.9975923266979582,0.0134004582614248,0.0836310785228051,0.050178647113683
2026-01-01 07:00:00,2,0.9859329932086466,0.0804882374850378,0.0752679706705246,0.033452431409122
2026-01-01 07:00:00,3,0.9797587665536976,0.1343347209699527,0.1003572942273661,0.0669048628182441
2026-01-01 07:00:00,4,0.9736568747239752,0.1888473587794868,0.050178647113683,0.0250893235568415
2026-01-01 07:00:00,5,0.9584827049445044,0.1111776877575527,0.050178647113683,0.016726215704561
2026-01-01 07:00:00,6,0.9556085595918208,-0.0772239391182038,0.1672621570456103,0.0836310785228051
2026-01-01 07:00:00,7,0.9516135383858194,-0.0479212657303604,0.1672621570456103,0.0836310785228051
2026-01-01 07:00:00,8,0.9464492843471716,-0.1076683940709774,0.050178647113683,0.016726215704561
2026-01-01 07:00:00,9,0.9416601786371204,-0.1586748537543579,0.050178647113683,0.016726215704561
2026-01-01 07:00:00,10,0.9409519262016648,-0.152800873603141,0.0376339853352623,0.0250893235568415
2026-01-01 07:00:00,11,0.9397171709550196,-0.1435084913386378,0.050178647113683,0.0292708774829817
2026-01-01 07:00:00,12,0.9346859086040548,-0.2177659202572566,0.050178647113683,0.0292708774829817
2026-01-01 07:00:00,13,0.9328206550100984,-0.2815812427305878,0.100357294227366,0.0669048628182441
2026-01-01 07:00:00,14,0.931658718187492,-0.3121293291355347,0.0501786471136831,0.0083631078522805
2026-01-01 07:00:00,15,0.930533393368958,-0.3309763654306094,0.0501786471136831,0.016726215704561
2026-01-01 07:00:00,16,0.9288659790824368,-0.3935272936661244,0.0501786471136831,0.016726215704561
2026-01-01 07:00:00,17,0.928366638666822,-0.4012863770664828,0.0752679706705246,0.033452431409122
2026-01-01 07:00:00,18,0.997240028137182,0.0092310709401582,-0.011445948977129,0.033452431409122
2026-01-01 07:00:00,19,0.9942525278085692,-0.0466712368084629,0.0752679706705246,0.033452431409122
2026-01-01 07:00:00,20,0.9936642466063134,-0.0628155135747505,0.0752679706705246,0.033452431409122
2026-01-01 07:00:00,21,0.9931320056523092,-0.0797812245998456,0.0752679706705246,0.033452431409122
2026-01-01 07:00:00,22,0.982949289970779,0.0547516402802178,0.0752679706705246,0.0418155392614025
2026-01-01 07:00:00,23,0.9773989519413656,-0.0188285560534144,0.3512505297957815,0.1672621570456103
2026-01-01 07:00:00,24,0.9746333251188756,-0.0550025092758927,0.3512505297957813,0.1672621570456102
2026-01-01 07:00:00,25,0.9568929782707546,0.1434592234270837,0.0501786471136829,0.0209077696307011
2026-01-01 07:00:00,26,0.9547809082360404,0.1893631559364611,0.0501786471136829,0.0209077696307011
2026-01-01 07:00:00,27,0.9453570364721926,0.2572738089510759,0.0501786471136829,0.0167262157045611
2026-01-01 07:00:00,28,0.9385877128841044,0.3207872488595278,0.1003572942273662,0.0585417549659637
2026-01-01 07:00:00,29,0.935657913476844,0.4062978175423908,0.1672621570456103,0.501786471136831
2026-01-01 07:00:00,30,0.9322324641762516,0.337815603963834,0.1254466177842075,0.0585417549659637
2026-01-01 07:00:00,31,0.931478915361289,0.3191406710733716,0.1756252648978908,0.0836310785228051
2026-01-01 07:00:00,32,0.9312454356560704,0.3128775838265383,0.0501786471136829,0.033452431409122
2026-01-01 07:15:00,0,1.0,0.0,-3.191980790015119,-2.044904084363721
2026-01-01 07:15:00,1,0.9975641552342672,0.0138028101186202,0.0847944966624647,0.0508766979974788
2026-01-01 07:15:00,2,0.9857337838130802,0.081900968585582,0.0763150469962182,0.0339177986649859
2026-01-01 07:15:00,3,0.9794679418782816,0.1365669678316178,0.1017533959949577,0.0678355973299718
2026-01-01 07:15:00,4,0.9732753179504208,0.1919215803288094,0.0508766979974788,0.0254383489987394
2026-01-01 07:15:00,5,0.9578751802862644,0.1130816625001105,0.0508766979974788,0.0169588993324929
2026-01-01 07:15:00,6,0.9549582217812148,-0.0782317905604266,0.1695889933249295,0.0847944966624647
2026-01-01 07:15:00,7,0.9509037322103256,-0.048462044941398,0.1695889933249295,0.0847944966624647
2026-01-01 07:15:00,8,0.9456621927449091,-0.1091348627158688,0.0508766979974788,0.0169588993324929
2026-01-01 07:15:00,9,0.9408013415006732,-0.1609395890210647,0.0508766979974788,0.0169588993324929
2026-01-01 07:15:00,10,0.9400824762835072,-0.1549707193126884,0.0381575234981091,0.0254383489987394
2026-01-01 07:15:00,11,0.93882920381616,-0.1455271893695122,0.0508766979974788,0.0296780738318626
2026-01-01 07:15:00,12,0.9337223313245904,-0.2209629993853946,0.0508766979974788,0.0296780738318626
2026-01-01 07:15:00,13,0.9318290217308076,-0.2858026183668113,0.1017533959949578,0.0678355973299718
2026-01-01 07:15:00,14,0.9306495925165602,-0.3168420836364601,0.0508766979974788,0.0084794496662464
2026-01-01 07:15:00,15,0.929507320248278,-0.3359926126685872,0.0508766979974788,0.0169588993324929
2026-01-01 07:15:00,16,0.9278147749895952,-0.3995558256260507,0.0508766979974788,0.0169588993324929
2026-01-01 07:15:00,17,0.9273079099133662,-0.4074407534565749,0.0763150469962183,0.0339177986649859
2026-01-01 07:15:00,18,0.9972193690483676,0.0102569750075212,-0.0237277971641138,0.0339177986649859
2026-01-01 07:15:00,19,0.9941900832895684,-0.0464274975380774,0.0763150469962183,0.0339177986649859
2026-01-01 07:15:00,20,0.9935935724944776,-0.0627985450084108,0.0763150469962183,0.0339177986649859
2026-01-01 07:15:00,21,0.9930538842958976,-0.0800028482364534,0.0763150469962183,0.0339177986649859
2026-01-01 07:15:00,22,0.9827075366794196,0.0557958006100443,0.0763150469962183,0.0423972483312323
2026-01-01 07:15:00,23,0.9770780028673516,-0.0188508900652087,0.3561368859823519,0.1695889933249295
2026-01-01 07:15:00,24,0.9742728621896904,-0.0555536925573546,0.3561368859823519,0.1695889933249295
2026-01-01 07:15:00,25,0.9562616946772728,0.1458616076109947,0.050876697997479,0.0211986241656161
2026-01-01 07:15:00,26,0.9541180260910858,0.1924769833475784,0.050876697997479,0.0211986241656161
2026-01-01 07:15:00,27,0.9445531429272196,0.261432853714693,0.050876697997479,0.0169588993324929
2026-01-01 07:15:00,28,0.9376824789618912,0.3259427593633848,0.1017533959949577,0.0593561476637254
2026-01-01 07:15:00,29,0.9347087853933264,0.4128168170907058,0.1695889933249295,0.5087669799747885
2026-01-01 07:15:00,30,0.9312319054740866,0.3432369401395143,0.1271917449936972,0.0593561476637254
2026-01-01 07:15:00,31,0.9304670412645892,0.3242612638628204,0.1780684429911758,0.0847944966624647
2026-01-01 07:15:00,32,0.9302300550618788,0.3178972040139529,0.050876697997479,0.0339177986649859
2026-01-01 07:30:00,0,1.0,0.0,-3.361319157726097,-2.18473481861336
2026-01-01 07:30:00,1,0.997425745053777,0.0155729154794434,0.0902891500408062,0.0541734900244837
2026-01-01 07:30:00,2,0.9847837674505092,0.088476651303067,0.0812602350367256,0.0361156600163225
2026-01-01 07:30:00,3,0.9780827539321908,0.1470439987932927,0.1083469800489674,0.072231320032645
2026-01-01 07:30:00,4,0.9714590750763236,0.2064119557302332,0.0541734900244837,0.0270867450122418
2026-01-01 07:30:00,5,0.9549852578968966,0.1220060548441959,0.0541734900244837,0.0180578300081612
2026-01-01 07:30:00,6,0.9518648690316812,-0.0831877527456925,0.1805783000816125,0.0902891500408062
2026-01-01 07:30:00,7,0.9475278273288518,-0.0511853907470841,0.1805783000816124,0.0902891500408062
2026-01-01 07:30:00,8,0.9419189044556168,-0.1162717167240333,0.0541734900244837,0.0180578300081612
2026-01-01 07:30:00,9,0.9367169719802864,-0.1718858681298213,0.0541734900244837,0.0180578300081612
2026-01-01 07:30:00,10,0.935947652087786,-0.1654628682326391,0.0406301175183627,0.0270867450122418
2026-01-01 07:30:00,11,0.9346063395854513,-0.1552955163091678,0.0541734900244837,0.0316012025142821
2026-01-01 07:30:00,12,0.9291399103829772,-0.2363617842701477,0.0541734900244836,0.0316012025142821
2026-01-01 07:30:00,13,0.9271131722729736,-0.3061007456458271,0.1083469800489675,0.0722313200326449
2026-01-01 07:30:00,14,0.9258505461646274,-0.3394910008580921,0.0541734900244836,0.0090289150040806
2026-01-01 07:30:00,15,0.924627666097952,-0.360093604253373,0.0541734900244836,0.0180578300081613
2026-01-01 07:30:00,16,0.922815580811562,-0.4285023660154366,0.0541734900244836,0.0180578300081613
2026-01-01 07:30:00,17,0.9222729238945304,-0.4369898012699957,0.0812602350367255,0.0361156600163224
2026-01-01 07:30:00,18,0.9971081748898306,0.0145203303544343,-0.0736890250680788,0.0361156600163224
2026-01-01 07:30:00,19,0.9938814138126244,-0.045861524734713,0.0812602350367255,0.0361156600163224
2026-01-01 07:30:00,20,0.9932460099302788,-0.0633048760051641,0.0812602350367255,0.0361156600163224
2026-01-01 07:30:00,21,0.9926711254181356,-0.0816374884236389,0.0812602350367255,0.0361156600163224
2026-01-01 07:30:00,22,0.9815561619605498,0.0606262629219269,0.0812602350367255,0.0451445750204031
2026-01-01 07:30:00,23,0.9755517765912168,-0.0190754020720464,0.3792144301713862,0.1805783000816124
2026-01-01 07:30:00,24,0.9725595873894088,-0.0582866285054749,0.3792144301713862,0.1805783000816125
2026-01-01 07:30:00,25,0.9532588459435696,0.1571616504667754,0.0541734900244836,0.0225722875102014
2026-01-01 07:30:00,26,0.9509649752120416,0.2071692444164418,0.0541734900244836,0.0225722875102014
2026-01-01 07:30:00,27,0.940729791857732,0.281105555572949,0.0541734900244836,0.0180578300081613
2026-01-01 07:30:00,28,0.9333773830811948,0.3503718112285391,0.1083469800489673,0.0632024050285644
2026-01-01 07:30:00,29,0.9301950139184352,0.4437636917932914,0.1805783000816125,0.5417349002448373
2026-01-01 07:30:00,30,0.9264735813269094,0.3689342179376867,0.1354337250612092,0.0632024050285644
2026-01-01 07:30:00,31,0.9256549117763182,0.3485196101207908,0.1896072150856929,0.0902891500408062
2026-01-01 07:30:00,32,0.925401251746342,0.3416723897382236,0.0541734900244836,0.0361156600163226
2026-01-01 07:45:00,0,1.0,0.0,-3.1468972736183582,-2.027596971286498
2026-01-01 07:45:00,1,0.9975951659702506,0.0139898701780898,0.0841138768260716,0.0504683260956429
2026-01-01 07:45:00,2,0.9858650766638952,0.0814945271665584,0.0757024891434645,0.0336455507304286
2026-01-01 07:45:00,3,0.9796529550896618,0.1356791074053915,0.100936652191286,0.0672911014608573
2026-01-01 07:45:00,4,0.9735135345351104,0.1905390623682658,0.050468326095643,0.0252341630478215
2026-01-01 07:45:00,5,0.9582459011986314,0.1123865532568735,0.050468326095643,0.0168227753652143
2026-01-01 07:45:00,6,0.955354047769482,-0.0772162026501296,0.1682277536521433,0.0841138768260716
2026-01-01 07:45:00,7,0.9513344294813978,-0.0477209163620438,0.1682277536521433,0.0841138768260716
2026-01-01 07:45:00,8,0.9461382109086014,-0.1078498841657727,0.050468326095643,0.0168227753652143
2026-01-01 07:45:00,9,0.9413194322703428,-0.1591855917661845,0.050468326095643,0.0168227753652143
2026-01-01 07:45:00,10,0.940606790551818,-0.1532724856821316,0.0378512445717322,0.0252341630478215
2026-01-01 07:45:00,11,0.939364376940479,-0.1439177844737468,0.050468326095643,0.029439856889125
2026-01-01 07:45:00,12,0.9343018444588764,-0.2186611778302929,0.050468326095643,0.029439856889125
2026-01-01 07:45:00,13,0.9324249878490972,-0.2828988746891533,0.100936652191286,0.0672911014608573
2026-01-01 07:45:00,14,0.9312558168369592,-0.3136495798017335,0.0504683260956428,0.0084113876826071
2026-01-01 07:45:00,15,0.9301234832264672,-0.332621759194026,0.0504683260956428,0.0168227753652143
2026-01-01 07:45:00,16,0.928445675863536,-0.3955900760957587,0.0504683260956428,0.0168227753652143
2026-01-01 07:45:00,17,0.9279432235692718,-0.4034010470093686,0.0757024891434645,0.0336455507304286
2026-01-01 07:45:00,18,0.9972717615761286,0.0114913472276988,-0.0416500136388977,0.0336455507304286
2026-01-01 07:45:00,19,0.994267044164142,-0.0447309729327861,0.0757024891434645,0.0336455507304286
2026-01-01 07:45:00,20,0.9936753720860012,-0.0609680269715034,0.0757024891434645,0.0336455507304286
2026-01-01 07:45:00,21,0.9931400626206056,-0.0780313507742949,0.0757024891434645,0.0336455507304286
2026-01-01 07:45:00,22,0.9828637678237708,0.0556057901456423,0.0757024891434645,0.0420569384130358
2026-01-01 07:45:00,23,0.9772806570802456,-0.0184145923557673,0.3532782826695009,0.1682277536521433
2026-01-01 07:45:00,24,0.9744986789122508,-0.0548068075673466,0.3532782826695011,0.1682277536521433
2026-01-01 07:45:00,25,0.9566463478953356,0.1448736848415929,0.0504683260956428,0.0210284692065179
2026-01-01 07:45:00,26,0.9545212089444336,0.1910710803324825,0.0504683260956428,0.0210284692065179
2026-01-01 07:45:00,27,0.9450390160618168,0.2594129033633497,0.0504683260956428,0.0168227753652143
2026-01-01 07:45:00,28,0.9382277791922528,0.3233373293415565,0.1009366521912857,0.0588797137782501
2026-01-01 07:45:00,29,0.9352798257972044,0.4094101752577089,0.1682277536521432,0.50468326095643
2026-01-01 07:45:00,30,0.9318331060744302,0.3404753281182922,0.1261708152391074,0.0588797137782501
2026-01-01 07:45:00,31,0.9310748775010412,0.3216763859071921,0.1766391413347503,0.0841138768260716
2026-01-01 07:45:00,32,0.9308399476005172,0.3153716637857468,0.0504683260956428,0.0336455507304287
2026-01-01 08:00:00,0,1.0,0.0,-3.108062670095746,-2.030474083789474
2026-01-01 08:00:00,1,0.9976166654817314,0.0147386707689988,0.0842312525517556,0.0505387515310533
2026-01-01 08:00:00,2,0.9858696379063612,0.0823416977172279,0.07580812729658,0.0336925010207022
2026-01-01 08:00:00,3,0.9796484452918706,0.136606064758581,0.1010775030621067,0.0673850020414044
2026-01-01 08:00:00,4,0.9735000414725348,0.191547991995468,0.0505387515310533,0.0252693757655266
2026-01-01 08:00:00,5,0.9582100359349168,0.1132815485165852,0.0505387515310533,0.0168462505103511
2026-01-01 08:00:00,6,0.9553139437629063,-0.0766046948038507,0.1684625051035111,0.0842312525517555
2026-01-01 08:00:00,7,0.9512884377036368,-0.0470639367606942,0.1684625051035112,0.0842312525517556
2026-01-01 08:00:00,8,0.9460845680598884,-0.1072830270210755,0.0505387515310533,0.0168462505103511
2026-01-01 08:00:00,9,0.9412586869142324,-0.1586964509802739,0.0505387515310533,0.0168462505103511
2026-01-01 08:00:00,10,0.9405449945790144,-0.1527741069988487,0.03790406364829,0.0252693757655266
2026-01-01 08:00:00,11,0.9393007478735385,-0.1434046909974012,0.0505387515310533,0.0294809383931144
2026-01-01 08:00:00,12,0.9342307307095332,-0.2182628062337364,0.0505387515310533,0.0294809383931144
2026-01-01 08:00:00,13,0.9323510968660618,-0.2826002232737264,0.1010775030621067,0.0673850020414044
2026-01-01 08:00:00,14,0.9311801943267548,-0.3133987664206101,0.0505387515310533,0.0084231252551755
2026-01-01 08:00:00,15,0.930046183142164,-0.3324004922362495,0.0505387515310533,0.0168462505103511
2026-01-01 08:00:00,16,0.928365888177812,-0.395467359464374,0.0505387515310533,0.0168462505103511
2026-01-01 08:00:00,17,0.9278626910493036,-0.4032905818673111,0.07580812729658,0.0336925010207022
2026-01-01 08:00:00,18,0.9973372205406136,0.0146697388026026,-0.0849747796813131,0.0336925010207022
2026-01-01 08:00:00,19,0.9943284930012436,-0.0416238397076677,0.07580812729658,0.0336925010207022
2026-01-01 08:00:00,20,0.9937360311402476,-0.0578815533662203,0.07580812729658,0.0336925010207022
2026-01-01 08:00:00,21,0.993200006980858,-0.0749666137373353,0.07580812729658,0.0336925010207022
2026-01-01 08:00:00,22,0.9828641137007756,0.0564170751031731,0.07580812729658,0.0421156262758778
2026-01-01 08:00:00,23,0.9772731561219244,-0.0177071444513066,0.3537712607173735,0.1684625051035112
2026-01-01 08:00:00,24,0.974487262956905,-0.0541508495410459,0.3537712607173735,0.1684625051035111
2026-01-01 08:00:00,25,0.956608130499355,0.1458172039150225,0.0505387515310533,0.0210578131379388
2026-01-01 08:00:00,26,0.954479863351808,0.1920838634110945,0.0505387515310533,0.0210578131379388
2026-01-01 08:00:00,27,0.9449837106455788,0.2605274463604052,0.0505387515310533,0.016846250510351
2026-01-01 08:00:00,28,0.938162441383017,0.3245488845328251,0.1010775030621067,0.0589618767862289
2026-01-01 08:00:00,29,0.935210142655644,0.4107544731866145,0.1684625051035113,0.5053875153105336
2026-01-01 08:00:00,30,0.9317583317137168,0.3417127631447779,0.1263468788276331,0.0589618767862289
2026-01-01 08:00:00,31,0.930998983009455,0.3228845421745988,0.1768856303586865,0.0842312525517556
2026-01-01 08:00:00,32,0.930763705995476,0.3165699899097657,0.0505387515310533,0.0336925010207023
2026-01-01 08:15:00,0,1.0,0.0,-3.0573850390919284,-2.013295030105146
2026-01-01 08:15:00,1,0.99765085721251,0.0150240871601831,0.083555493898237,0.0501332963389422
2026-01-01 08:15:00,2,0.9860033562102396,0.0820381039482141,0.0751999445084133,0.0334221975592948
2026-01-01 08:15:00,3,0.979835470306987,0.1358247690912897,0.1002665926778844,0.0668443951185896
2026-01-01 08:15:00,4,0.9737398586045176,0.1902759637344017,0.0501332963389422,0.0250666481694711
2026-01-01 08:15:00,5,0.95858133033363,0.1126917260729751,0.0501332963389422,0.0167110987796474
2026-01-01 08:15:00,6,0.95571014854277,-0.075497412570181,0.1671109877964741,0.083555493898237
2026-01-01 08:15:00,7,0.951719243677538,-0.0462288059856207,0.167110987796474,0.083555493898237
2026-01-01 08:15:00,8,0.9465603403224327,-0.1059083853089618,0.0501332963389422,0.0167110987796473
2026-01-01 08:15:00,9,0.9417762019435169,-0.1568566040048102,0.0501332963389422,0.0167110987796473
2026-01-01 08:15:00,10,0.9410686842945511,-0.1509895432317399,0.0375999722542066,0.0250666481694711
2026-01-01 08:15:00,11,0.9398352111444618,-0.1417081814407575,0.0501332963389422,0.0292444228643829
2026-01-01 08:15:00,12,0.934809184294314,-0.215879656557925,0.0501332963389422,0.0292444228643829
2026-01-01 08:15:00,13,0.93294587345485,-0.2796202790020686,0.1002665926778845,0.0668443951185896
2026-01-01 08:15:00,14,0.9317851479417107,-0.3101325313703463,0.0501332963389422,0.0083555493898237
2026-01-01 08:15:00,15,0.9306609967122708,-0.3289574357222735,0.0501332963389422,0.0167110987796473
2026-01-01 08:15:00,16,0.9289953227625016,-0.391434550271982,0.0501332963389422,0.0167110987796473
2026-01-01 08:15:00,17,0.9284965034314128,-0.3991844577047884,0.0751999445084132,0.0334221975592948
2026-01-01 08:15:00,18,0.9973987080719852,0.0163272543850089,-0.1086871932124577,0.0334221975592947
2026-01-01 08:15:00,19,0.9944143966946504,-0.0395065749949937,0.0751999445084132,0.0334221975592947
2026-01-01 08:15:00,20,0.993826743567084,-0.0556309992020422,0.0751999445084132,0.0334221975592947
2026-01-01 08:15:00,21,0.9932950709956796,-0.0725758231332137,0.0751999445084132,0.0334221975592947
2026-01-01 08:15:00,22,0.9830225929344808,0.0563284363931559,0.0751999445084132,0.0417777469491185
2026-01-01 08:15:00,23,0.9774777278226872,-0.01717385090426,0.3509330743725956,0.167110987796474
2026-01-01 08:15:00,24,0.9747148317992972,-0.053309176012027,0.3509330743725953,0.167110987796474
2026-01-01 08:15:00,25,0.9569932484750132,0.1449368900986093,0.050133296338942,0.0208888734745593
2026-01-01 08:15:00,26,0.9548833660718616,0.1907889080038994,0.050133296338942,0.0208888734745593
2026-01-01 08:15:00,27,0.9454692568662332,0.2586232814597215,0.050133296338942,0.0167110987796474
2026-01-01 08:15:00,28,0.9387069494422772,0.322064023007785,0.1002665926778845,0.058488845728766
2026-01-01 08:15:00,29,0.9357801890731684,0.4074751438833146,0.167110987796474,0.5013329633894221
2026-01-01 08:15:00,30,0.9323583008825614,0.3390729827348991,0.1253332408473557,0.058488845728766
2026-01-01 08:15:00,31,0.931605535560934,0.3204199812612585,0.1754665371862978,0.083555493898237
2026-01-01 08:15:00,32,0.9313722986517275,0.314164257204567,0.050133296338942,0.0334221975592947
2026-01-01 08:30:00,0,1.0,0.0,-3.1644208520938655,-2.1073710434871105
2026-01-01 08:30:00,1,0.9975617028008008,0.0163309680317384,0.0872634064502719,0.0523580438701631
2026-01-01 08:30:00,2,0.9853682323951822,0.0865725537168008,0.0785370658052447,0.0349053625801087
2026-01-01 08:30:00,3,0.9789077967026202,0.1429779405863937,0.1047160877403263,0.0698107251602175
2026-01-01 08:30:00,4,0.9725224366982376,0.2001208361946926,0.0523580438701631,0.0261790219350815
2026-01-01 08:30:00,5,0.9566422583711932,0.1187983350893653,0.0523580438701631,0.0174526812900543
2026-01-01 08:30:00,6,0.953634347494548,-0.0786998037751207,0.1745268129005438,0.0872634064502719
2026-01-01 08:30:00,7,0.9494535271010554,-0.047936523194152,0.1745268129005438,0.0872634064502719
2026-01-01 08:30:00,8,0.9440477662449616,-0.110575700664314,0.0523580438701631,0.0174526812900543
2026-01-01 08:30:00,9,0.9390344576707644,-0.1640769440929788,0.0523580438701631,0.0174526812900543
2026-01-01 08:30:00,10,0.938293040328699,-0.1579060958606455,0.0392685329026223,0.0261790219350815
2026-01-01 08:30:00,11,0.9370004173132214,-0.148140730759765,0.0523580438701631,0.0305421922575951
2026-01-01 08:30:00,12,0.9317328513820928,-0.2260826021545204,0.0523580438701631,0.0305421922575951
2026-01-01 08:30:00,13,0.9297799121283852,-0.2931018233148778,0.1047160877403263,0.0698107251602175
2026-01-01 08:30:00,14,0.9285633033771672,-0.3251870054719544,0.0523580438701631,0.0087263406450271
2026-01-01 08:30:00,15,0.9273850091915996,-0.344983440504335,0.0523580438701631,0.0174526812900543
2026-01-01 08:30:00,16,0.9256390458791344,-0.4107015761085221,0.0523580438701631,0.0174526812900543
2026-01-01 08:30:00,17,0.9251161866192652,-0.418854427335883,0.0785370658052446,0.0349053625801087
2026-01-01 08:30:00,18,0.9973349054877526,0.0196993751233686,-0.1492051564845198,0.0349053625801087
2026-01-01 08:30:00,19,0.9942174277270156,-0.0386266555292235,0.0785370658052446,0.0349053625801087
2026-01-01 08:30:00,20,0.9936035475028118,-0.0554737149512465,0.0785370658052446,0.0349053625801087
2026-01-01 08:30:00,21,0.9930481409770262,-0.0731788700791634,0.0785370658052446,0.0349053625801087
2026-01-01 08:30:00,22,0.9822517890433914,0.0596873778435372,0.0785370658052446,0.0436317032251359
2026-01-01 08:30:00,23,0.97645434930752,-0.0172175560416849,0.366506307091142,0.1745268129005438
2026-01-01 08:30:00,24,0.9735654290729572,-0.0550406000203332,0.3665063070911423,0.1745268129005439
2026-01-01 08:30:00,25,0.954978291382414,0.152636844914532,0.0523580438701629,0.0218158516125679
2026-01-01 08:30:00,26,0.952767481062324,0.2007635222091536,0.0523580438701629,0.0218158516125679
2026-01-01 08:30:00,27,0.9429029696174804,0.2719389423940838,0.0523580438701629,0.0174526812900543
2026-01-01 08:30:00,28,0.9358169674001274,0.3385668515772334,0.1047160877403263,0.0610843845151902
2026-01-01 08:30:00,29,0.932749999701068,0.428341336046859,0.1745268129005439,0.5235804387016314
2026-01-01 08:30:00,30,0.9291638196264989,0.3564259003794256,0.130895109675408,0.0610843845151902
2026-01-01 08:30:00,31,0.9283749078389534,0.3368101666192439,0.183253153545571,0.0872634064502719
2026-01-01 08:30:00,32,0.9281304695420852,0.3302311999692631,0.0523580438701629,0.0349053625801087
2026-01-01 08:45:00,0,1.0,0.0,-3.1998900518192546,-2.1329397689130216
2026-01-01 08:45:00,1,0.9975338021582396,0.0165788354770851,0.0882674911727671,0.0529604947036602
2026-01-01 08:45:00,2,0.9851919500984864,0.0876992600239246,0.0794407420554904,0.0353069964691068
2026-01-01 08:45:00,3,0.97865194910329,0.1448181614830451,0.1059209894073205,0.0706139929382137
2026-01-01 08:45:00,4,0.972187775545917,0.2026951118752016,0.0529604947036602,0.0264802473518301
2026-01-01 08:45:00,5,0.9561112853368832,0.1203547089772389,0.0529604947036602,0.0176534982345534
2026-01-01 08:45:00,6,0.9530661791334776,-0.0796822053101744,0.1765349823455342,0.0882674911727671
2026-01-01 08:45:00,7,0.9488336969420922,-0.0485105013505606,0.1765349823455343,0.0882674911727671
2026-01-01 08:45:00,8,0.9433607616757892,-0.1119569378301745,0.0529604947036602,0.0176534982345534
2026-01-01 08:45:00,9,0.9382850875507874,-0.1661549880218812,0.0529604947036602,0.0176534982345534
2026-01-01 08:45:00,10,0.9375344447293034,-0.1599010574062953,0.0397203710277451,0.0264802473518301
2026-01-01 08:45:00,11,0.936225723792895,-0.1500032653119164,0.0529604947036602,0.0308936219104685
2026-01-01 08:45:00,12,0.9308924129316806,-0.228975119100607,0.0529604947036602,0.0308936219104684
2026-01-01 08:45:00,13,0.9289150761523136,-0.2968906359101866,0.1059209894073205,0.0706139929382136
2026-01-01 08:45:00,14,0.9276832546954096,-0.3294058814438471,0.0529604947036603,0.0088267491172767
2026-01-01 08:45:00,15,0.9264902211932456,-0.3494679666466613,0.0529604947036603,0.0176534982345534
2026-01-01 08:45:00,16,0.9247223996186203,-0.4160725971029365,0.0529604947036603,0.0176534982345534
2026-01-01 08:45:00,17,0.9241929957171352,-0.4243356786177926,0.0794407420554903,0.0353069964691068
2026-01-01 08:45:00,18,0.9973073623240336,0.0201501087968657,-0.1538368736523045,0.0353069964691068
2026-01-01 08:45:00,19,0.994153780213046,-0.0388522293484387,0.0794407420554903,0.0353069964691068
2026-01-01 08:45:00,20,0.9935327891712982,-0.0558954329989824,0.0794407420554903,0.0353069964691068
2026-01-01 08:45:00,21,0.992970947701196,-0.0738069779157639,0.0794407420554903,0.0353069964691068
2026-01-01 08:45:00,22,0.9820386995925444,0.0604950082020228,0.0794407420554903,0.0441337455863836
2026-01-01 08:45:00,23,0.9761727388804338,-0.0173341766856826,0.3707234629256219,0.1765349823455342
2026-01-01 08:45:00,24,0.9732496268710388,-0.0556158811539117,0.3707234629256222,0.1765349823455342
2026-01-01 08:45:00,25,0.9544266704344744,0.1546277329185111,0.0529604947036603,0.0220668727931918
2026-01-01 08:45:00,26,0.952188396376534,0.2033748707018734,0.0529604947036603,0.0220668727931918
2026-01-01 08:45:00,27,0.9422013236645184,0.2754612124929969,0.0529604947036603,0.0176534982345535
2026-01-01 08:45:00,28,0.9350272364017108,0.3429591487738081,0.1059209894073207,0.061787243820937
2026-01-01 08:45:00,29,0.931922113063728,0.4339259736810403,0.1765349823455344,0.5296049470366029
2026-01-01 08:45:00,30,0.9282912167835722,0.361050173473688,0.1324012367591507,0.061787243820937
2026-01-01 08:45:00,31,0.9274924667373315,0.3411711938366304,0.1853617314628111,0.0882674911727672
2026-01-01 08:45:00,32,0.9272449796432868,0.3345038346620159,0.0529604947036603,0.0353069964691068
2026-01-01 09:00:00,0,1.0,0.0,-2.9597252818613997,-2.033057155907124
2026-01-01 09:00:00,1,0.9977012530293756,0.0173208171365364,0.0843453649811742,0.0506072189887045
2026-01-01 09:00:00,2,0.9859385854360394,0.0850101762584616,0.0759108284830568,0.0337381459924696
2026-01-01 09:00:00,3,0.9797090214068536,0.1393445682187861,0.101214437977409,0.0674762919849393
2026-01-01 09:00:00,4,0.9735523279665764,0.1943584410306401,0.0506072189887045,0.0253036094943522
2026-01-01 09:00:00,5,0.9582416790884396,0.1159920053923987,0.0506072189887045,0.0168690729962348
2026-01-01 09:00:00,6,0.9553416757841372,-0.074143049658542,0.1686907299623484,0.0843453649811742
2026-01-01 09:00:00,7,0.9513107368433668,-0.0445623790018202,0.1686907299623484,0.0843453649811742
2026-01-01 09:00:00,8,0.9460998089554244,-0.1048605684740295,0.0506072189887045,0.0168690729962348
2026-01-01 09:00:00,9,0.9412673759304429,-0.156342204557744,0.0506072189887045,0.0168690729962348
2026-01-01 09:00:00,10,0.9405527144385686,-0.1504117518361122,0.0379554142415283,0.0253036094943522
2026-01-01 09:00:00,11,0.9393067768306848,-0.1410294194484118,0.0506072189887045,0.029520877743411
2026-01-01 09:00:00,12,0.9342298562138796,-0.2159882298592956,0.0506072189887045,0.029520877743411
2026-01-01 09:00:00,13,0.9323476609067178,-0.2804131767631877,0.1012144379774091,0.0674762919849393
2026-01-01 09:00:00,14,0.9311751614289612,-0.3112537101599627,0.0506072189887045,0.0084345364981174
2026-01-01 09:00:00,15,0.930039603090718,-0.3302813706624097,0.0506072189887045,0.0168690729962348
2026-01-01 09:00:00,16,0.9283570139997636,-0.3934347423964024,0.0506072189887045,0.0168690729962348
2026-01-01 09:00:00,17,0.927853129961473,-0.401268718835979,0.0759108284830567,0.0337381459924697
2026-01-01 09:00:00,18,0.997577579029,0.0258060149357257,-0.2372697239379835,0.0337381459924697
2026-01-01 09:00:00,19,0.994565491142995,-0.0305368009395282,0.0759108284830567,0.0337381459924697
2026-01-01 09:00:00,20,0.9939723674905818,-0.046808789889156,0.0759108284830567,0.0337381459924697
2026-01-01 09:00:00,21,0.9934357444809556,-0.0639088697342515,0.0759108284830567,0.0337381459924697
2026-01-01 09:00:00,22,0.9829291638180936,0.0590540634889428,0.0759108284830567,0.0421726824905871
2026-01-01 09:00:00,23,0.9773309515052608,-0.0151612774544248,0.3542505329209318,0.1686907299623484
2026-01-01 09:00:00,24,0.9745414389831686,-0.0516501680657894,0.3542505329209315,0.1686907299623484
2026-01-01 09:00:00,25,0.9566376036388184,0.1485702491582959,0.0506072189887043,0.0210863412452935
2026-01-01 09:00:00,26,0.9545064506369196,0.1948977008089989,0.0506072189887043,0.0210863412452935
2026-01-01 09:00:00,27,0.9449974196658748,0.2634305955849961,0.0506072189887043,0.0168690729962348
2026-01-01 09:00:00,28,0.9381668954887727,0.3275371823809718,0.1012144379774091,0.0590417554868218
2026-01-01 09:00:00,29,0.9352105883156469,0.4138592849533674,0.1686907299623485,0.5060721898870453
2026-01-01 09:00:00,30,0.9317540813221707,0.3447237757858512,0.1265180474717615,0.0590417554868218
2026-01-01 09:00:00,31,0.9309936994344212,0.3258698550685075,0.1771252664604659,0.0843453649811742
2026-01-01 09:00:00,32,0.9307581022529856,0.3195466742689939,0.0506072189887043,0.0337381459924697
2026-01-01 09:15:00,0,1.0,0.0,-2.8423570986150906,-1.9644100525610877
2026-01-01 09:15:00,1,0.9977888990318422,0.0170280330078295,0.0816338054774097,0.0489802832864458
2026-01-01 09:15:00,2,0.9864244112027418,0.0823659860108212,0.0734704249296687,0.0326535221909638
2026-01-01 09:15:00,3,0.9804080511437874,0.1347938037721839,0.0979605665728916,0.0653070443819277
2026-01-01 09:15:00,4,0.9744624924083276,0.1878497725888693,0.0489802832864458,0.0244901416432229
2026-01-01 09:15:00,5,0.959677648831172,0.1122067842657822,0.0489802832864458,0.0163267610954819
2026-01-01 09:15:00,6,0.9568772666835316,-0.0711573512797707,0.1632676109548194,0.0816338054774097
2026-01-01 09:15:00,7,0.9529847066226472,-0.0426616677704063,0.1632676109548194,0.0816338054774097
2026-01-01 09:15:00,8,0.9479535853406332,-0.100807490999501,0.0489802832864458,0.0163267610954819
2026-01-01 09:15:00,9,0.9432880645116836,-0.1504336578924147,0.0489802832864458,0.0163267610954819
2026-01-01 09:15:00,10,0.9425980929061536,-0.1447235297091389,0.0367352124648343,0.0244901416432228
2026-01-01 09:15:00,11,0.9413952331471578,-0.1356920677751542,0.0489802832864458,0.0285718319170933
2026-01-01 09:15:00,12,0.936494197308496,-0.207913152607907,0.0489802832864458,0.0285718319170933
2026-01-01 09:15:00,13,0.9346772641121808,-0.2699592747817327,0.0979605665728915,0.0653070443819278
2026-01-01 09:15:00,14,0.9335454531560156,-0.2996587132006219,0.0489802832864458,0.008163380547741
2026-01-01 09:15:00,15,0.932449315281859,-0.3179816194711009,0.0489802832864458,0.0163267610954819
2026-01-01 09:15:00,16,0.93082518033943,-0.3787847171692294,0.0489802832864458,0.0163267610954819
2026-01-01 09:15:00,17,0.9303387986153944,-0.3863265358920518,0.0734704249296687,0.0326535221909638
2026-01-01 09:15:00,18,0.9976869845591138,0.0262103826880467,-0.2469292566243488,0.0326535221909638
2026-01-01 09:15:00,19,0.994772415539244,-0.028304334504872,0.0734704249296687,0.0326535221909638
2026-01-01 09:15:00,20,0.9941984980183308,-0.0440463717341636,0.0734704249296687,0.0326535221909638
2026-01-01 09:15:00,21,0.9936792551960916,-0.0605888939121589,0.0734704249296687,0.0326535221909638
2026-01-01 09:15:00,22,0.9835141250433852,0.0572690420192101,0.0734704249296687,0.0408169027387048
2026-01-01 09:15:00,23,0.9781004502852924,-0.0144611317443427,0.3428619830051207,0.1632676109548194
2026-01-01 09:15:00,24,0.9754030070483224,-0.0497180129828988,0.3428619830051207,0.1632676109548195
2026-01-01 09:15:00,25,0.9581288516452294,0.1436260295741611,0.0489802832864456,0.0204084513693523
2026-01-01 09:15:00,26,0.9560712143038096,0.1882993026061499,0.0489802832864456,0.0204084513693523
2026-01-01 09:15:00,27,0.9468902519524148,0.254401378504313,0.0489802832864456,0.016326761095482
2026-01-01 09:15:00,28,0.9402954963755888,0.3161920036490664,0.0979605665728917,0.0571436638341869
2026-01-01 09:15:00,29,0.9374413064790248,0.3993468386820159,0.1632676109548194,0.4898028328644581
2026-01-01 09:15:00,30,0.9341044413622088,0.3327606611316104,0.1224507082161143,0.0571436638341869
2026-01-01 09:15:00,31,0.93337038210911,0.3146051082170705,0.1714309915025604,0.0816338054774097
2026-01-01 09:15:00,32,0.933142941937606,0.3085163910593173,0.0489802832864456,0.0326535221909638
2026-01-01 09:30:00,0,1.0,0.0,-2.811683524556774,-1.9428963886819872
2026-01-01 09:30:00,1,0.9978128520560342,0.0168334789995917,0.0807815879486468,0.0484689527691881
2026-01-01 09:30:00,2,0.9865731548098648,0.0814356276602125,0.0727034291537821,0.0323126351794587
2026-01-01 09:30:00,3,0.9806235775213468,0.1332671265570315,0.0969379055383762,0.0646252703589174
2026-01-01 09:30:00,4,0.974744146979563,0.1857111335522435,0.0484689527691881,0.024234476384594
2026-01-01 09:30:00,5,0.9601239762635476,0.1109203636729661,0.0484689527691881,0.0161563175897293
2026-01-01 09:30:00,6,0.9573547932805524,-0.0703275259075287,0.1615631758972937,0.0807815879486468
2026-01-01 09:30:00,7,0.9535055718369564,-0.0421704617612446,0.1615631758972937,0.0807815879486468
2026-01-01 09:30:00,8,0.9485307494652516,-0.0996436342516522,0.048468952769188,0.0161563175897293
2026-01-01 09:30:00,9,0.9439174875911924,-0.1486902124178978,0.048468952769188,0.0161563175897293
2026-01-01 09:30:00,10,0.9432352461167696,-0.1430488021355152,0.0363517145768911,0.024234476384594
2026-01-01 09:30:00,11,0.9420458730279084,-0.1341267388621329,0.048468952769188,0.0282735557820263
2026-01-01 09:30:00,12,0.9371998970519504,-0.2054932135016164,0.048468952769188,0.0282735557820263
2026-01-01 09:30:00,13,0.9354033929549904,-0.2667971689411627,0.0969379055383762,0.0646252703589175
2026-01-01 09:30:00,14,0.9342843182476194,-0.2961406352916331,0.048468952769188,0.0080781587948647
2026-01-01 09:30:00,15,0.9332005194754952,-0.314243700378171,0.0484689527691881,0.0161563175897293
2026-01-01 09:30:00,16,0.9315946807208914,-0.3743138304952969,0.0484689527691881,0.0161563175897293
2026-01-01 09:30:00,17,0.9311137772792804,-0.3817645452586239,0.0727034291537822,0.0323126351794587
2026-01-01 09:30:00,18,0.9977115009712636,0.0258912305458168,-0.2438478489808321,0.0323126351794587
2026-01-01 09:30:00,19,0.9948275429678636,-0.0280502346055707,0.0727034291537821,0.0323126351794587
2026-01-01 09:30:00,20,0.9942596541745718,-0.0436261181188349,0.0727034291537822,0.0323126351794587
2026-01-01 09:30:00,21,0.9937458668720108,-0.0599938402326161,0.0727034291537822,0.0323126351794587
2026-01-01 09:30:00,22,0.983693980362238,0.0566081673687056,0.0727034291537822,0.0403907939743234
2026-01-01 09:30:00,23,0.978338217304798,-0.0143429300582384,0.3392826693843167,0.1615631758972937
2026-01-01 09:30:00,24,0.9756696656164128,-0.049213734264565,0.3392826693843167,0.1615631758972937
2026-01-01 09:30:00,25,0.9585924882807896,0.141977347682419,0.0484689527691881,0.0201953969871617
2026-01-01 09:30:00,26,0.9565578696492786,0.1861336764913907,0.0484689527691879,0.0201953969871617
2026-01-01 09:30:00,27,0.94747962908414,0.2514758427880301,0.0484689527691881,0.0161563175897294
2026-01-01 09:30:00,28,0.940958693428189,0.3125431236251551,0.0969379055383763,0.0565471115640527
2026-01-01 09:30:00,29,0.938136475603636,0.3947094932775378,0.1615631758972937,0.484689527691881
2026-01-01 09:30:00,30,0.9348370654573724,0.3289187321221792,0.1211723819229702,0.0565471115640527
2026-01-01 09:30:00,31,0.9341112466926342,0.31098102730537,0.1696413346921583,0.0807815879486468
2026-01-01 09:30:00,32,0.9338863601123448,0.3049654445929579,0.0484689527691881,0.0323126351794587
2026-01-01 09:45:00,0,1.0,0.0,-2.8953373412481147,-2.0181946135001767
2026-01-01 09:45:00,1,0.9977426543162554,0.0179133960300994,0.0837618483716949,0.0502571090230169
2026-01-01 09:45:00,2,0.9860660913312516,0.0850923548388186,0.0753856635345254,0.0335047393486779
2026-01-01 09:45:00,3,0.9798826480182932,0.1390127831693449,0.1005142180460338,0.0670094786973559
2026-01-01 09:45:00,4,0.9737716305791548,0.1936013770761099,0.0502571090230169,0.0251285545115084
2026-01-01 09:45:00,5,0.95857473738512,0.1158260997081141,0.0502571090230169,0.0167523696743389
2026-01-01 09:45:00,6,0.9556962868693956,-0.0728382057586105,0.1675236967433898,0.0837618483716949
2026-01-01 09:45:00,7,0.951695285226023,-0.0434934156365126,0.1675236967433898,0.0837618483716949
2026-01-01 09:45:00,8,0.9465232637505872,-0.1033240487303409,0.0502571090230169,0.0167523696743389
2026-01-01 09:45:00,9,0.9417269482387258,-0.1544025083128832,0.0502571090230169,0.0167523696743389
2026-01-01 09:45:00,10,0.9410176293394388,-0.1485199734540073,0.0376928317672626,0.0251285545115084
2026-01-01 09:45:00,11,0.939781013496459,-0.1392139658958898,0.0502571090230169,0.0293166469300932
2026-01-01 09:45:00,12,0.9347421557146562,-0.2135776581653355,0.0502571090230169,0.0293166469300932
2026-01-01 09:45:00,13,0.9328740840358998,-0.2774853338181588,0.1005142180460337,0.0670094786973559
2026-01-01 09:45:00,14,0.9317103903654458,-0.3080777228204082,0.0502571090230168,0.0083761848371695
2026-01-01 09:45:00,15,0.9305833635019206,-0.3269521215164559,0.0502571090230168,0.016752369674339
2026-01-01 09:45:00,16,0.9289134255185988,-0.3895943090467064,0.0502571090230168,0.016752369674339
2026-01-01 09:45:00,17,0.9284133294481904,-0.3973647371867729,0.0753856635345253,0.0335047393486779
2026-01-01 09:45:00,18,0.9976636275199492,0.0287378386675808,-0.2783124577298217,0.0335047393486779
2026-01-01 09:45:00,19,0.994672718024784,-0.0272044534428779,0.0753856635345253,0.0335047393486779
2026-01-01 09:45:00,20,0.9940837654361502,-0.0433603221598595,0.0753856635345253,0.0335047393486779
2026-01-01 09:45:00,21,0.993550916971399,-0.0603382292304575,0.0753856635345253,0.0335047393486779
2026-01-01 09:45:00,22,0.9830780880728224,0.0593224733892288,0.0753856635345253,0.0418809241858474
2026-01-01 09:45:00,23,0.9775197461772102,-0.014354018906234,0.3517997631611185,0.1675236967433898
2026-01-01 09:45:00,24,0.9747501265363104,-0.0505757176367806,0.3517997631611185,0.1675236967433897
2026-01-01 09:45:00,25,0.956982622491262,0.1481525980000389,0.0502571090230168,0.0209404620929236
2026-01-01 09:45:00,26,0.9548673765883022,0.1941207079479428,0.050257109023017,0.0209404620929236
2026-01-01 09:45:00,27,0.9454293324723136,0.2621256569279774,0.050257109023017,0.016752369674339
2026-01-01 09:45:00,28,0.9386498242403044,0.3257289701074475,0.1005142180460336,0.0586332938601863
2026-01-01 09:45:00,29,0.9357156138840498,0.4113624860934384,0.1675236967433897,0.5025710902301694
2026-01-01 09:45:00,30,0.9322849975674212,0.3427813024045162,0.1256427725575424,0.0586332938601863
2026-01-01 09:45:00,31,0.9315303119590176,0.3240792550239204,0.1758998815805594,0.0837618483716948
2026-01-01 09:45:00,32,0.931296479982046,0.3178070644113585,0.050257109023017,0.033504739348678
2026-01-01 10:00:00,0,1.0,0.0,-2.80695992538492,-1.998726423661329
2026-01-01 10:00:00,1,0.9977992078832916,0.0187574609825656,0.0829967243273479,0.0497980345964087
2026-01-01 10:00:00,2,0.9862354637890384,0.085267854861962,0.0746970518946131,0.0331986897309391
2026-01-01 10:00:00,3,0.9801124380897416,0.1386461391922668,0.0995960691928175,0.0663973794618783
2026-01-01 10:00:00,4,0.9740612535115912,0.192677913029906,0.0497980345964088,0.0248990172982044
2026-01-01 10:00:00,5,0.9590133696720432,0.1156769824599559,0.0497980345964088,0.0165993448654696
2026-01-01 10:00:00,6,0.9561631511640872,-0.0710616868427623,0.165993448654696,0.0829967243273479
2026-01-01 10:00:00,7,0.9522013648702056,-0.0420255609580474,0.165993448654696,0.082996724327348
2026-01-01 10:00:00,8,0.9470803026287116,-0.1012440517477786,0.0497980345964087,0.0165993448654696
2026-01-01 10:00:00,9,0.9423312925866548,-0.1517947538986127,0.0497980345964087,0.0165993448654696
2026-01-01 10:00:00,10,0.9416289712007272,-0.1459749070530962,0.0373485259473066,0.0248990172982043
2026-01-01 10:00:00,11,0.9404045644506333,-0.1367687381551963,0.0497980345964087,0.0290488535145718
2026-01-01 10:00:00,12,0.9354155572058396,-0.2103536192514336,0.0497980345964087,0.0290488535145718
2026-01-01 10:00:00,13,0.9335659828086338,-0.2735845019077078,0.0995960691928175,0.0663973794618783
2026-01-01 10:00:00,14,0.9324138216477824,-0.3038522338816725,0.0497980345964088,0.0082996724327347
2026-01-01 10:00:00,15,0.931297967938908,-0.3225261181738772,0.0497980345964088,0.0165993448654695
2026-01-01 10:00:00,16,0.929644598105058,-0.3844995787075038,0.0497980345964088,0.0165993448654695
2026-01-01 10:00:00,17,0.929149462850713,-0.3921868768768051,0.0746970518946132,0.0331986897309392
2026-01-01 10:00:00,18,0.9977827856575664,0.0328715712917905,-0.33610451872547,0.0331986897309392
2026-01-01 10:00:00,19,0.9948196574998384,-0.0225450690744569,0.0746970518946131,0.0331986897309392
2026-01-01 10:00:00,20,0.9942361764035624,-0.0385485501107078,0.074697051894613,0.0331986897309392
2026-01-01 10:00:00,21,0.9937082792709624,-0.0553661297150873,0.074697051894613,0.0331986897309392
2026-01-01 10:00:00,22,0.9832755384603702,0.0597421339835381,0.074697051894613,0.0414983621636739
2026-01-01 10:00:00,23,0.9777694632145308,-0.0132280375212509,0.3485862421748615,0.165993448654696
2026-01-01 10:00:00,24,0.9750259208366192,-0.0490995527271878,0.3485862421748615,0.165993448654696
2026-01-01 10:00:00,25,0.9574369209814204,0.1476738672216749,0.0497980345964088,0.0207491810818369
2026-01-01 10:00:00,26,0.9553425101623824,0.1931715187546686,0.0497980345964088,0.0207491810818369
2026-01-01 10:00:00,27,0.9459974442137092,0.2604851786323036,0.0497980345964088,0.0165993448654695
2026-01-01 10:00:00,28,0.9392847557724062,0.3234297378936852,0.0995960691928177,0.0580977070291435
2026-01-01 10:00:00,29,0.9363794870359518,0.4081622042447942,0.1659934486546959,0.4979803459640879
2026-01-01 10:00:00,30,0.9329827800660152,0.340306313589284,0.1244950864910219,0.0580977070291435
2026-01-01 10:00:00,31,0.9322355549294672,0.321802963742413,0.1742931210874307,0.0829967243273479
2026-01-01 10:00:00,32,0.9320040348513138,0.3155974827876433,0.0497980345964088,0.033198689730939
2026-01-01 10:15:00,0,1.0,0.0,-2.709500030015477,-1.959713964435842
2026-01-01 10:15:00,1,0.9978667148051384,0.0191085876509005,0.0814556870700086,0.0488734122420052
2026-01-01 10:15:00,2,0.9865292306978894,0.0842824263746021,0.0733101183630078,0.0325822748280034
2026-01-01 10:15:00,3,0.9805273281406178,0.1365772288975757,0.0977468244840104,0.0651645496560069
2026-01-01 10:15:00,4,0.9745960863226324,0.1894966761685579,0.0488734122420052,0.0244367061210026
2026-01-01 10:15:00,5,0.9598468968054178,0.1140437674491764,0.0488734122420052,0.0162911374140017
2026-01-01 10:15:00,6,0.9570532698020054,-0.0688482554192294,0.1629113741400173,0.0814556870700086
2026-01-01 10:15:00,7,0.9531700930384488,-0.040428134694177,0.1629113741400173,0.0814556870700086
2026-01-01 10:15:00,8,0.9481511635432748,-0.09842389358258,0.0488734122420052,0.0162911374140017
2026-01-01 10:15:00,9,0.9434969600692564,-0.1479207463119198,0.0488734122420052,0.0162911374140017
2026-01-01 10:15:00,10,0.9428086625384692,-0.142225954327914,0.0366550591815039,0.0244367061210026
2026-01-01 10:15:00,11,0.9416087236071664,-0.1332189090425633,0.0488734122420052,0.028509490474503
2026-01-01 10:15:00,12,0.93671961309386,-0.2052492953180231,0.0488734122420052,0.028509490474503
2026-01-01 10:15:00,13,0.9349071047491386,-0.267129792851691,0.0977468244840104,0.0651645496560069
2026-01-01 10:15:00,14,0.933778052497376,-0.2967497897272798,0.0488734122420051,0.0081455687070008
2026-01-01 10:15:00,15,0.9326845873413137,-0.3150236340251738,0.0488734122420051,0.0162911374140017
2026-01-01 10:15:00,16,0.9310644155703934,-0.3756631479941594,0.0488734122420051,0.0162911374140017
2026-01-01 10:15:00,17,0.930579220499681,-0.3831846337318114,0.0733101183630078,0.0325822748280034
2026-01-01 10:15:00,18,0.9978941551358098,0.0353439237635767,-0.372327380562379,0.0325822748280034
2026-01-01 10:15:00,19,0.99498657755245,-0.0190288903931867,0.0733101183630078,0.0325822748280034
2026-01-01 10:15:00,20,0.9944140369907656,-0.0347297966376926,0.0733101183630078,0.0325822748280034
2026-01-01 10:15:00,21,0.9938960402310614,-0.0512290470536509,0.0733101183630078,0.0325822748280034
2026-01-01 10:15:00,22,0.9836256695455308,0.0592455621250797,0.0733101183630078,0.0407278435350043
2026-01-01 10:15:00,23,0.9782245131252896,-0.0123109043099888,0.3421138856940364,0.1629113741400173
2026-01-01 10:15:00,24,0.9755333154729668,-0.047481697556073,0.3421138856940364,0.1629113741400173
2026-01-01 10:15:00,25,0.958301847817409,0.1453821967018027,0.0488734122420051,0.0203639217675022
2026-01-01 10:15:00,26,0.9562491952260448,0.1899401419956664,0.0488734122420051,0.0203639217675022
2026-01-01 10:15:00,27,0.947090477620495,0.2558726964251119,0.0488734122420051,0.0162911374140017
2026-01-01 10:15:00,28,0.9405117082866398,0.3175019299762693,0.0977468244840105,0.057018980949006
2026-01-01 10:15:00,29,0.9376644423736116,0.400436188369543,0.1629113741400174,0.4887341224200521
2026-01-01 10:15:00,30,0.9343356892891282,0.3340275166474457,0.1221835306050129,0.057018980949006
2026-01-01 10:15:00,31,0.9336034147769804,0.3159205809452776,0.1710569428470183,0.0814556870700087
2026-01-01 10:15:00,32,0.9333765276703592,0.3098481853794469,0.0488734122420053,0.0325822748280035
2026-01-01 10:30:00,0,1.0,0.0,-2.491418431803909,-1.8539476528874053
2026-01-01 10:30:00,1,0.9980231846988928,0.0192840357735373,0.0772586998667989,0.0463552199200793
2026-01-01 10:30:00,2,0.9872991141910586,0.0808433428926341,0.069532829880119,0.0309034799467195
2026-01-01 10:30:00,3,0.9816253061902352,0.1302102838000976,0.0927104398401587,0.0618069598934391
2026-01-01 10:30:00,4,0.9760189110637076,0.1801271602237318,0.0463552199200794,0.0231776099600397
2026-01-01 10:30:00,5,0.9620786001921507,0.1088606168831213,0.0463552199200794,0.0154517399733598
2026-01-01 10:30:00,6,0.9594382224935548,-0.0636484681200709,0.1545173997335979,0.0772586998667989
2026-01-01 10:30:00,7,0.9557679305466246,-0.0368872181961598,0.1545173997335979,0.077258699866799
2026-01-01 10:30:00,8,0.9510254768872668,-0.0915831091337485,0.0463552199200794,0.0154517399733598
2026-01-01 10:30:00,9,0.9466278966186916,-0.1382380376681794,0.0463552199200794,0.0154517399733598
2026-01-01 10:30:00,10,0.9459775582941464,-0.1328796653348288,0.0347664149400595,0.0231776099600397
2026-01-01 10:30:00,11,0.9448438437165936,-0.1244080181102306,0.0463552199200794,0.0270405449533796
2026-01-01 10:30:00,12,0.9402250690788304,-0.1922508255954771,0.0463552199200794,0.0270405449533796
2026-01-01 10:30:00,13,0.9385128602376812,-0.2504967824692674,0.0927104398401588,0.0618069598934392
2026-01-01 10:30:00,14,0.9374463356765538,-0.2783736982466254,0.0463552199200792,0.0077258699866799
2026-01-01 10:30:00,15,0.936413447346349,-0.2955711090215524,0.0463552199200794,0.0154517399733598
2026-01-01 10:30:00,16,0.9348830942850992,-0.352622606048602,0.0463552199200794,0.0154517399733598
2026-01-01 10:30:00,17,0.9344247931483984,-0.359698169556696,0.069532829880119,0.0309034799467196
2026-01-01 10:30:00,18,0.9981222938230034,0.0386786322350071,-0.4243957202984926,0.0309034799467196
2026-01-01 10:30:00,19,0.9953656946316384,-0.0128620114884871,0.0695328298801191,0.0309034799467196
2026-01-01 10:30:00,20,0.9948228884843124,-0.0277421743703441,0.0695328298801191,0.0309034799467196
2026-01-01 10:30:00,21,0.994331798756304,-0.0433780175811262,0.0695328298801191,0.0309034799467196
2026-01-01 10:30:00,22,0.9845486954044254,0.0571334999063981,0.069532829880119,0.0386293499333995
2026-01-01 10:30:00,23,0.9794325910421172,-0.0105886659311818,0.3244865394405556,0.154517399733598
2026-01-01 10:30:00,24,0.9768835944048552,-0.0438600926335119,0.3244865394405556,0.154517399733598
2026-01-01 10:30:00,25,0.9606185598241708,0.1384215960404018,0.0463552199200794,0.0193146749666996
2026-01-01 10:30:00,26,0.958678950575334,0.1804436034206825,0.0463552199200794,0.0193146749666996
2026-01-01 10:30:00,27,0.9500246889681871,0.2426470111979545,0.0463552199200794,0.0154517399733598
2026-01-01 10:30:00,28,0.9438084329033436,0.3007298790242851,0.0927104398401588,0.0540810899067591
2026-01-01 10:30:00,29,0.9411181688713643,0.378821836951027,0.1545173997335978,0.4635521992007938
2026-01-01 10:30:00,30,0.9379733225224128,0.3163087505646214,0.1158880498001986,0.0540810899067591
2026-01-01 10:30:00,31,0.937281509180984,0.2992684849094867,0.1622432697202778,0.077258699866799
2026-01-01 10:30:00,32,0.937067160228922,0.2935541647179712,0.0463552199200791,0.0309034799467196
2026-01-01 10:45:00,0,1.0,0.0,-2.54748781956951,-1.892662989546643
2026-01-01 10:45:00,1,0.9979795791757436,0.0196195482582181,0.0787988919599784,0.047279335175987
2026-01-01 10:45:00,2,0.9870309806679024,0.0824997865044677,0.0709190027639806,0.0315195567839913
2026-01-01 10:45:00,3,0.9812371283417958,0.1329363314610239,0.0945586703519741,0.0630391135679827
2026-01-01 10:45:00,4,0.9755118858656912,0.1839495569236379,0.047279335175987,0.0236396675879935
2026-01-01 10:45:00,5,0.9612756565865882,0.1111531149679151,0.047279335175987,0.0157597783919956
2026-01-01 10:45:00,6,0.9585792150473024,-0.0651470701826243,0.1575977839199568,0.0787988919599784
2026-01-01 10:45:00,7,0.9548310406849326,-0.03778077226009,0.1575977839199568,0.0787988919599784
2026-01-01 10:45:00,8,0.9499874595499666,-0.0936814430350964,0.047279335175987,0.0157597783919956
2026-01-01 10:45:00,9,0.9454960168623212,-0.1413735900291124,0.047279335175987,0.0157597783919956
2026-01-01 10:45:00,10,0.9448317947071756,-0.135892572256195,0.0354595013819902,0.0236396675879935
2026-01-01 10:45:00,11,0.9436738588428344,-0.1272257871147022,0.047279335175987,0.0275796121859924
2026-01-01 10:45:00,12,0.9389562174021012,-0.1965961877797876,0.047279335175987,0.0275796121859924
2026-01-01 10:45:00,13,0.9372073283665312,-0.2561674546719872,0.094558670351974,0.0630391135679827
2026-01-01 10:45:00,14,0.93611793773772,-0.2846799242529982,0.0472793351759871,0.0078798891959978
2026-01-01 10:45:00,15,0.9350628970574912,-0.3022698037934476,0.047279335175987,0.0157597783919957
2026-01-01 10:45:00,16,0.933499699108034,-0.3606292615033332,0.047279335175987,0.0157597783919957
2026-01-01 10:45:00,17,0.9330315633409456,-0.367867366803872,0.0709190027639805,0.0315195567839913
2026-01-01 10:45:00,18,0.9980767750776084,0.03919050078638,-0.4290809972360194,0.0315195567839913
2026-01-01 10:45:00,19,0.9952648937887107,-0.0133850548175623,0.0709190027639805,0.0315195567839913
2026-01-01 10:45:00,20,0.9947112001826666,-0.0285650906736099,0.0709190027639805,0.0315195567839913
2026-01-01 10:45:00,21,0.9942102583332292,-0.0445163829087122,0.0709190027639805,0.0315195567839913
2026-01-01 10:45:00,22,0.9842244501967738,0.0583041414583698,0.0709190027639805,0.0393994459799892
2026-01-01 10:45:00,23,0.979003904574224,-0.0108211506962433,0.3309553462319092,0.1575977839199568
2026-01-01 10:45:00,24,0.976402808691532,-0.0447874368674681,0.3309553462319092,0.1575977839199569
2026-01-01 10:45:00,25,0.959784520825444,0.1413631135757898,0.047279335175987,0.0196997229899946
2026-01-01 10:45:00,26,0.9578035628660344,0.1843109723544515,0.047279335175987,0.0196997229899946
2026-01-01 10:45:00,27,0.948964783632368,0.24787620465124,0.047279335175987,0.0157597783919956
2026-01-01 10:45:00,28,0.942615931442373,0.3072532760130683,0.094558670351974,0.0551592243719849
2026-01-01 10:45:00,29,0.93986824256601,0.3871113593989199,0.1575977839199569,0.4727933517598706
2026-01-01 10:45:00,30,0.9366561359074562,0.3231777042469796,0.1181983379399675,0.0551592243719849
2026-01-01 10:45:00,31,0.9359495247473572,0.3057485307699769,0.1654776731159546,0.0787988919599784
2026-01-01 10:45:00,32,0.9357305902552964,0.2999036614580393,0.047279335175987,0.0315195567839914
2026-01-01 11:00:00,0,1.0,0.0,-2.519463155549978,-1.865866631057454
2026-01-01 11:00:00,1,0.9980035560744756,0.0192059080294004,0.0777326929975961,0.0466396157985576
2026-01-01 11:00:00,2,0.9872103637353514,0.0811721176072702,0.0699594236978365,0.0310930771990384
2026-01-01 11:00:00,3,0.9814996050506944,0.1308684946432131,0.0932792315971153,0.0621861543980769
2026-01-01 11:00:00,4,0.9758566286529388,0.1811229774553016,0.0466396157985576,0.0233198078992788
2026-01-01 11:00:00,5,0.9618252356770024,0.1093851621202303,0.0466396157985576,0.0155465385995192
2026-01-01 11:00:00,6,0.9591676018899434,-0.0642913315364656,0.1554653859951923,0.0777326929975961
2026-01-01 11:00:00,7,0.9554733380283622,-0.0373438464804654,0.1554653859951923,0.0777326929975961
2026-01-01 11:00:00,8,0.9506997598856104,-0.0924107185328627,0.0466396157985576,0.0155465385995192
2026-01-01 11:00:00,9,0.9462732915290027,-0.139384987142896,0.0466396157985576,0.0155465385995192
2026-01-01 11:00:00,10,0.9456186801834404,-0.1339888714117234,0.0349797118489182,0.0233198078992788
2026-01-01 11:00:00,11,0.9444775111100364,-0.1254571774402679,0.0466396157985576,0.0272064425491586
2026-01-01 11:00:00,12,0.9398283094416148,-0.1937702105978366,0.0466396157985576,0.0272064425491586
2026-01-01 11:00:00,13,0.9381048121173752,-0.2524240602131745,0.0932792315971153,0.0621861543980769
2026-01-01 11:00:00,14,0.9370312505101496,-0.2804965754454093,0.0466396157985578,0.0077732692997596
2026-01-01 11:00:00,15,0.9359915448143252,-0.297814771423904,0.0466396157985578,0.0155465385995192
2026-01-01 11:00:00,16,0.9344510838737295,-0.3552687746027494,0.0466396157985578,0.0155465385995192
2026-01-01 11:00:00,17,0.9339897561629836,-0.3623943564520442,0.0699594236978364,0.0310930771990384
2026-01-01 11:00:00,18,0.9980910367937116,0.0380501370112037,-0.4150641309752811,0.0310930771990384
2026-01-01 11:00:00,19,0.9953173776757268,-0.0138107659768382,0.0699594236978364,0.0310930771990384
2026-01-01 11:00:00,20,0.9947712116900016,-0.0287837216356677,0.0699594236978364,0.0310930771990384
2026-01-01 11:00:00,21,0.9942770816323636,-0.0445171760129006,0.0699594236978364,0.0310930771990384
2026-01-01 11:00:00,22,0.9844426643300712,0.0573125238352934,0.0699594236978364,0.038866346498798
2026-01-01 11:00:00,23,0.9792943956438528,-0.0108420944283996,0.3264773105899037,0.1554653859951923
2026-01-01 11:00:00,24,0.9767293544853553,-0.0443276571352357,0.3264773105899037,0.1554653859951923
2026-01-01 11:00:00,25,0.9603556247617004,0.1391459992371078,0.0466396157985578,0.019433173249399
2026-01-01 11:00:00,26,0.9584032893701292,0.1814530967061085,0.0466396157985578,0.019433173249399
2026-01-01 11:00:00,27,0.9496922377728726,0.2440758820734802,0.0466396157985578,0.0155465385995192
2026-01-01 11:00:00,28,0.9434351721432755,0.302557196784464,0.0932792315971153,0.0544128850983172
2026-01-01 11:00:00,29,0.9407272344482188,0.3811927685092544,0.1554653859951924,0.4663961579855769
2026-01-01 11:00:00,30,0.9375616879618752,0.3182424628196518,0.116599039496394,0.0544128850983172
2026-01-01 11:00:00,31,0.936865320428374,0.3010825080099444,0.1632386552949518,0.0777326929975961
2026-01-01 11:00:00,32,0.9366495602286,0.2953280110228308,0.0466396157985578,0.0310930771990385
2026-01-01 11:15:00,0,1.0,0.0,-2.5295010794547985,-1.8570934615903405
2026-01-01 11:15:00,1,0.9980003517080256,0.0187472352747581,0.0773823796421927,0.0464294277853156
2026-01-01 11:15:00,2,0.9872580410013816,0.0804150198603182,0.0696441416779734,0.030952951856877
2026-01-01 11:15:00,3,0.9815744817397016,0.1298697821661161,0.0928588555706312,0.0619059037137541
2026-01-01 11:15:00,4,0.9759584327416329,0.1798766522217062,0.0464294277853156,0.0232147138926578
2026-01-01 11:15:00,5,0.9619940849459884,0.1084844710659826,0.0464294277853156,0.0154764759284385
2026-01-01 11:15:00,6,0.9593491532913146,-0.0643358018855353,0.1547647592843855,0.0773823796421927
2026-01-01 11:15:00,7,0.9556725350746496,-0.0375249154227259,0.1547647592843855,0.0773823796421927
2026-01-01 11:15:00,8,0.9509218673535922,-0.0923196952044415,0.0464294277853156,0.0154764759284385
2026-01-01 11:15:00,9,0.9465166631941092,-0.1390597432843982,0.0464294277853156,0.0154764759284385
2026-01-01 11:15:00,10,0.945865197170138,-0.133691311956326,0.0348220708389866,0.0232147138926578
2026-01-01 11:15:00,11,0.9447295152579888,-0.1252036621654516,0.0464294277853156,0.0270838328747674
2026-01-01 11:15:00,12,0.9401027104701126,-0.193171799649464,0.0464294277853156,0.0270838328747674
2026-01-01 11:15:00,13,0.938387522417005,-0.251526467192118,0.0928588555706313,0.0619059037137542
2026-01-01 11:15:00,14,0.9373191406591728,-0.2794555131957108,0.0464294277853156,0.0077382379642192
2026-01-01 11:15:00,15,0.9362844531067418,-0.2966851149038899,0.0464294277853156,0.0154764759284385
2026-01-01 11:15:00,16,0.9347514323897352,-0.3538438829697006,0.0464294277853156,0.0154764759284385
2026-01-01 11:15:00,17,0.9342923324849784,-0.3609327766235897,0.0696441416779733,0.030952951856877
2026-01-01 11:15:00,18,0.998064982038442,0.0362760389098247,-0.391275814951409,0.030952951856877
2026-01-01 11:15:00,19,0.9953037945988256,-0.0153532636900761,0.0696441416779735,0.030952951856877
2026-01-01 11:15:00,20,0.9947600848231112,-0.0302591144205281,0.0696441416779735,0.030952951856877
2026-01-01 11:15:00,21,0.9942681773945826,-0.0459219792242941,0.0696441416779735,0.030952951856877
2026-01-01 11:15:00,22,0.984503062753482,0.0566652453837936,0.0696441416779735,0.0386911898210964
2026-01-01 11:15:00,23,0.9793784718583586,-0.011172229270158,0.3250059944972094,0.1547647592843855
2026-01-01 11:15:00,24,0.9768252418562142,-0.0445007509558578,0.3250059944972094,0.1547647592843855
2026-01-01 11:15:00,25,0.9605315188306456,0.1380987252005865,0.0464294277853156,0.0193455949105481
2026-01-01 11:15:00,26,0.9585885510300608,0.1801967260991226,0.0464294277853156,0.0193455949105481
2026-01-01 11:15:00,27,0.9499193019869728,0.2425119266235701,0.0464294277853156,0.0154764759284384
2026-01-01 11:15:00,28,0.9436922758532772,0.3007009985806289,0.0928588555706313,0.0541676657495349
2026-01-01 11:15:00,29,0.940997347541502,0.3789378435783914,0.1547647592843852,0.4642942778531564
2026-01-01 11:15:00,30,0.9378470381385317,0.3163082297332481,0.116073569463289,0.0541676657495349
2026-01-01 11:15:00,31,0.9371540228818512,0.2992360652693013,0.1625029972486045,0.0773823796421926
2026-01-01 11:15:00,32,0.9369393014814422,0.2935110374617322,0.0464294277853154,0.0309529518568771
2026-01-01 11:30:00,0,1.0,0.0,-2.6015507737094774,-1.8891215054864567
2026-01-01 11:30:00,1,0.9979495115262088,0.01859295684273,0.0786551927981324,0.0471931156788794
2026-01-01 11:30:00,2,0.9870214717665812,0.0813543787620091,0.0707896735183192,0.0314620771192529
2026-01-01 11:30:00,3,0.9812386114077584,0.1316946959308408,0.0943862313577589,0.062924154238506
2026-01-01 11:30:00,4,0.9755242513272792,0.1826092616661468,0.0471931156788795,0.0235965578394397
2026-01-01 11:30:00,5,0.9613151182190134,0.1099504329042524,0.0471931156788795,0.0157310385596264
2026-01-01 11:30:00,6,0.9586238102427128,-0.0660085893188644,0.1573103855962649,0.0786551927981324
2026-01-01 11:30:00,7,0.9548827672850204,-0.0386967706219993,0.1573103855962649,0.0786551927981324
2026-01-01 11:30:00,8,0.950048446116771,-0.094489018237053,0.0471931156788795,0.0157310385596264
2026-01-01 11:30:00,9,0.9455655981739258,-0.1420878043839029,0.0471931156788795,0.0157310385596264
2026-01-01 11:30:00,10,0.9449026473267834,-0.1366178324997178,0.0353948367591596,0.0235965578394397
2026-01-01 11:30:00,11,0.9437469293496992,-0.1279686244028904,0.0471931156788795,0.0275293174793463
2026-01-01 11:30:00,12,0.939038340956556,-0.1972014899703794,0.0471931156788795,0.0275293174793463
2026-01-01 11:30:00,13,0.937292810664885,-0.2566534087396662,0.094386231357759,0.0629241542385059
2026-01-01 11:30:00,14,0.9362055138480894,-0.2851086425184052,0.0471931156788794,0.0078655192798132
2026-01-01 11:30:00,15,0.9351525016276784,-0.302663176948351,0.0471931156788794,0.0157310385596265
2026-01-01 11:30:00,16,0.9335923112447312,-0.360904830813244,0.0471931156788794,0.0157310385596265
2026-01-01 11:30:00,17,0.933125076022423,-0.368128295890282,0.0707896735183193,0.0314620771192529
2026-01-01 11:30:00,18,0.9979862794566408,0.034827992066737,-0.3695065583235344,0.0314620771192529
2026-01-01 11:30:00,19,0.995179288130978,-0.0176609842433187,0.0707896735183192,0.0314620771192529
2026-01-01 11:30:00,20,0.9946265575665348,-0.0328159314949167,0.0707896735183192,0.0314620771192529
2026-01-01 11:30:00,21,0.99412648717244,-0.0487408314426209,0.0707896735183193,0.0314620771192529
2026-01-01 11:30:00,22,0.9842200788864172,0.0572023914078797,0.0707896735183193,0.0393275963990662
2026-01-01 11:30:00,23,0.9790090959152348,-0.0117967795954749,0.3303518097521565,0.1573103855962649
2026-01-01 11:30:00,24,0.9764127702448792,-0.0457005985128414,0.3303518097521565,0.1573103855962649
2026-01-01 11:30:00,25,0.9598268297694496,0.1401020270160094,0.0471931156788794,0.0196637981995331
2026-01-01 11:30:00,26,0.9578496579945804,0.1829665637352927,0.0471931156788794,0.0196637981995331
2026-01-01 11:30:00,27,0.9490277745249271,0.2464092546045875,0.0471931156788794,0.0157310385596265
2026-01-01 11:30:00,28,0.9426910638052564,0.305669828274667,0.094386231357759,0.0550586349586927
2026-01-01 11:30:00,29,0.9399486331764833,0.3853688862687158,0.1573103855962647,0.4719311567887949
2026-01-01 11:30:00,30,0.9367426854048369,0.3215631542533819,0.1179827891971987,0.0550586349586927
2026-01-01 11:30:00,31,0.9360374292506984,0.3041690052486938,0.1651759048760781,0.0786551927981324
2026-01-01 11:30:00,32,0.9358189146472996,0.2983358932418695,0.0471931156788794,0.031462077119253
2026-01-01 11:45:00,0,1.0,0.0,-2.458381826906302,-1.8371533684219077
2026-01-01 11:45:00,1,0.9980471141490964,0.0192851091178869,0.0765900153908406,0.0459540092345043
2026-01-01 11:45:00,2,0.9874204361629502,0.0802715526591907,0.0689310138517565,0.0306360061563362
2026-01-01 11:45:00,3,0.9817986826103494,0.1291747631040595,0.0919080184690087,0.0612720123126725
2026-01-01 11:45:00,4,0.9762438199085186,0.1786165096947582,0.0459540092345043,0.0229770046172521
2026-01-01 11:45:00,5,0.9624318145100492,0.1080134516649704,0.0459540092345043,0.0153180030781681
2026-01-01 11:45:00,6,0.959815745001997,-0.0628526997250387,0.1531800307816812,0.0765900153908406
2026-01-01 11:45:00,7,0.9561792219997703,-0.0363534243423424,0.1531800307816812,0.0765900153908406
2026-01-01 11:45:00,8,0.9514806094351428,-0.0905272385973428,0.0459540092345043,0.0153180030781681
2026-01-01 11:45:00,9,0.9471237194861022,-0.1367328319090657,0.0459540092345043,0.0153180030781681
2026-01-01 11:45:00,10,0.9464793999041952,-0.1314275419145084,0.0344655069258782,0.0229770046172521
2026-01-01 11:45:00,11,0.9453561851881628,-0.1230403357430866,0.0459540092345043,0.0268065053867942
2026-01-01 11:45:00,12,0.9407802664727436,-0.1902216391996382,0.0459540092345043,0.0268065053867942
2026-01-01 11:45:00,13,0.9390839570368612,-0.2478938803368411,0.0919080184690087,0.0612720123126724
2026-01-01 11:45:00,14,0.9380273437569532,-0.2754956874596282,0.0459540092345043,0.0076590015390841
2026-01-01 11:45:00,15,0.9370040572454776,-0.2925232178794271,0.0459540092345043,0.0153180030781681
2026-01-01 11:45:00,16,0.9354879403058276,-0.3490086466113797,0.0459540092345043,0.0153180030781681
2026-01-01 11:45:00,17,0.9350339018627738,-0.3560138687248121,0.0689310138517564,0.0306360061563362
2026-01-01 11:45:00,18,0.998155975505586,0.0390917833128125,-0.4310689861482435,0.0306360061563362
2026-01-01 11:45:00,19,0.9954234117457956,-0.0119982091910858,0.0689310138517566,0.0306360061563362
2026-01-01 11:45:00,20,0.994885339203546,-0.026747806149599,0.0689310138517566,0.0306360061563362
2026-01-01 11:45:00,21,0.9943985329177876,-0.042246305854049,0.0689310138517566,0.0306360061563362
2026-01-01 11:45:00,22,0.9846943763407776,0.0567726946052465,0.0689310138517566,0.0382950076954202
2026-01-01 11:45:00,23,0.979623610737629,-0.0103402886737495,0.3216780646415305,0.1531800307816812
2026-01-01 11:45:00,24,0.9770972299903468,-0.0433101049392402,0.3216780646415307,0.1531800307816813
2026-01-01 11:45:00,25,0.9609852552337268,0.137293159730152,0.0459540092345043,0.0191475038477102
2026-01-01 11:45:00,26,0.959063571768903,0.1789139668875226,0.0459540092345043,0.0191475038477102
2026-01-01 11:45:00,27,0.9504893031888352,0.2405271319770278,0.0459540092345043,0.0153180030781681
2026-01-01 11:45:00,28,0.9443305300707832,0.2980493767098925,0.0919080184690086,0.0536130107735883
2026-01-01 11:45:00,29,0.9416651602579909,0.3753766458602004,0.153180030781681,0.4595400923450436
2026-01-01 11:45:00,30,0.9385494700940988,0.3134785371067263,0.114885023086261,0.0536130107735883
2026-01-01 11:45:00,31,0.9378640713289328,0.2966066100371223,0.1608390323207653,0.0765900153908405
2026-01-01 11:45:00,32,0.9376517101135744,0.2909487961473921,0.0459540092345043,0.0306360061563362
2026-01-01 12:00:00,0,1.0,0.0,-2.521033256236263,-1.8635112697621348
2026-01-01 12:00:00,1,0.9980033429505368,0.0191016911610625,0.0776387157674299,0.0465832294604579
2026-01-01 12:00:00,2,0.9872238102944778,0.0809877384702544,0.069874844190687,0.0310554863069719
2026-01-01 12:00:00,3,0.98152035387831,0.1306192112743032,0.0931664589209159,0.0621109726139439
2026-01-01 12:00:00,4,0.975884606774436,0.1808071754625164,0.0465832294604579,0.023291614730229
2026-01-01 12:00:00,5,0.9618712137531604,0.1091622036838571,0.046583229460458,0.0155277431534859
2026-01-01 12:00:00,6,0.9592169901746626,-0.0642842745453062,0.15527743153486,0.0776387157674299
2026-01-01 12:00:00,7,0.955527463720488,-0.0373734891339534,0.1552774315348599,0.0776387157674299
2026-01-01 12:00:00,8,0.950760036567878,-0.0923672656787787,0.046583229460458,0.0155277431534859
2026-01-01 12:00:00,9,0.9463392772454648,-0.139278610626208,0.046583229460458,0.0155277431534859
2026-01-01 12:00:00,10,0.945685510359924,-0.1338899331392418,0.0349374220953434,0.023291614730229
2026-01-01 12:00:00,11,0.9445458144912398,-0.1253700732281396,0.046583229460458,0.0271735505186004
2026-01-01 12:00:00,12,0.9399026260326456,-0.1935904453864008,0.046583229460458,0.0271735505186004
2026-01-01 12:00:00,13,0.9381813596244424,-0.2521639124943612,0.093166458920916,0.062110972613944
2026-01-01 12:00:00,14,0.9371091887345732,-0.2801978809653493,0.0465832294604579,0.0077638715767429
2026-01-01 12:00:00,15,0.9360708303421942,-0.2974922736881163,0.046583229460458,0.015527743153486
2026-01-01 12:00:00,16,0.934532367006691,-0.3548669525955905,0.046583229460458,0.015527743153486
2026-01-01 12:00:00,17,0.9340716374330288,-0.3619826769245663,0.0698748441906869,0.0310554863069719
2026-01-01 12:00:00,18,0.9980858406599084,0.0376558530901773,-0.4098016284265549,0.0310554863069719
2026-01-01 12:00:00,19,0.9953155322599818,-0.0141427345910969,0.069874844190687,0.0310554863069719
2026-01-01 12:00:00,20,0.994770026175298,-0.0290976345237013,0.069874844190687,0.0310554863069719
2026-01-01 12:00:00,21,0.994276493263928,-0.0448120955038351,0.069874844190687,0.0310554863069719
2026-01-01 12:00:00,22,0.984459525643856,0.0571576392564387,0.069874844190687,0.038819357883715
2026-01-01 12:00:00,23,0.9793176128296684,-0.010911799425222,0.3260826062232058,0.1552774315348599
2026-01-01 12:00:00,24,0.9767557421761612,-0.0443551823505235,0.3260826062232058,0.15527743153486
2026-01-01 12:00:00,25,0.9604034942160984,0.1388836628293382,0.046583229460458,0.0194096789418574
2026-01-01 12:00:00,26,0.9584536738323898,0.1811345880034756,0.046583229460458,0.0194096789418574
2026-01-01 12:00:00,27,0.9497538453781972,0.2436747448709694,0.046583229460458,0.0155277431534859
2026-01-01 12:00:00,28,0.9435048447626356,0.3020775475081371,0.093166458920916,0.0543471010372009
2026-01-01 12:00:00,29,0.9408003998413476,0.3806059940258682,0.1552774315348599,0.4658322946045798
2026-01-01 12:00:00,30,0.9376389442576962,0.3177418495585339,0.1164580736511449,0.0543471010372009
2026-01-01 12:00:00,31,0.936943476755026,0.300605482015043,0.1630413031116031,0.07763871576743
2026-01-01 12:00:00,32,0.9367279954558466,0.2948589027547344,0.0465832294604577,0.031055486306972
2026-01-01 12:15:00,0,1.0,0.0,-2.4456937358052113,-1.8217769625408835
2026-01-01 12:15:00,1,0.9980589204290088,0.0189906862474093,0.0759765014427813,0.0455859008656688
2026-01-01 12:15:00,2,0.9875214041627596,0.0794535348905403,0.0683788512985032,0.0303906005771125
2026-01-01 12:15:00,3,0.9819472963134772,0.127932970122193,0.0911718017313376,0.060781201154225
2026-01-01 12:15:00,4,0.9764395997926462,0.1769406278782859,0.0455859008656688,0.0227929504328344
2026-01-01 12:15:00,5,0.9627450257621208,0.1069439905361135,0.0455859008656688,0.0151953002885562
2026-01-01 12:15:00,6,0.9601512041746711,-0.0624211585473347,0.1519530028855626,0.0759765014427813
2026-01-01 12:15:00,7,0.9565455883588472,-0.0361611033414285,0.1519530028855626,0.0759765014427813
2026-01-01 12:15:00,8,0.9518870977659614,-0.0898579604962982,0.0455859008656688,0.0151953002885562
2026-01-01 12:15:00,9,0.9475674456118972,-0.1356531205575606,0.0455859008656688,0.0151953002885562
2026-01-01 12:15:00,10,0.9469286340667256,-0.1303962913442594,0.0341894256492516,0.0227929504328344
2026-01-01 12:15:00,11,0.9458150281323784,-0.1220861655747499,0.0455859008656688,0.0265917755049734
2026-01-01 12:15:00,12,0.9412783268713336,-0.1886633766551106,0.0455859008656688,0.0265917755049734
2026-01-01 12:15:00,13,0.9395965667495602,-0.2458117958134415,0.0911718017313376,0.060781201154225
2026-01-01 12:15:00,14,0.9385490229965224,-0.2731624284993605,0.0455859008656688,0.0075976501442781
2026-01-01 12:15:00,15,0.9375345227736152,-0.290034860865446,0.0455859008656687,0.0151953002885563
2026-01-01 12:15:00,16,0.9360314326281584,-0.3460035221216245,0.0455859008656687,0.0151953002885563
2026-01-01 12:15:00,17,0.9355812947843763,-0.3529445315167597,0.0683788512985033,0.0303906005771125
2026-01-01 12:15:00,18,0.9981587372049776,0.0381900661096946,-0.4196322694722454,0.0303906005771125
2026-01-01 12:15:00,19,0.9954481461145464,-0.0124893918374469,0.0683788512985031,0.0303906005771125
2026-01-01 12:15:00,20,0.9949144009171584,-0.0271200528512174,0.0683788512985031,0.0303906005771125
2026-01-01 12:15:00,21,0.9944315104329297,-0.0424934449983474,0.0683788512985031,0.0303906005771125
2026-01-01 12:15:00,22,0.9848176559389146,0.056147675567001,0.0683788512985031,0.0379882507213906
2026-01-01 12:15:00,23,0.9797884178983496,-0.010408162301922,0.3191013060596817,0.1519530028855626
2026-01-01 12:15:00,24,0.97728275147884,-0.0431021693502626,0.3191013060596817,0.1519530028855626
2026-01-01 12:15:00,25,0.9613108042480804,0.1359667219040812,0.0455859008656687,0.0189941253606953
2026-01-01 12:15:00,26,0.9594055259816714,0.1772210050997769,0.0455859008656687,0.0189941253606953
2026-01-01 12:15:00,27,0.9509044646808186,0.2382948788001549,0.0455859008656687,0.0151953002885563
2026-01-01 12:15:00,28,0.9447982978155928,0.2953050589644815,0.0911718017313376,0.0531835510099469
2026-01-01 12:15:00,29,0.9421557099544838,0.3719340634693754,0.1519530028855629,0.455859008656688
2026-01-01 12:15:00,30,0.9390667010539788,0.310597463472355,0.113964752164172,0.0531835510099469
2026-01-01 12:15:00,31,0.9383871723508194,0.2938792266291277,0.1595506530298407,0.0759765014427813
2026-01-01 12:15:00,32,0.9381766301341612,0.2882730010556459,0.0455859008656687,0.0303906005771126
2026-01-01 12:30:00,0,1.0,0.0,-2.484398517714676,-1.8398291383047396
2026-01-01 12:30:00,1,0.9980313611240934,0.0189357938976192,0.0766956559272428,0.0460173935563457
2026-01-01 12:30:00,2,0.9873891632453662,0.0800142548257818,0.0690260903345186,0.0306782623708971
2026-01-01 12:30:00,3,0.981759114603068,0.1289919473455969,0.0920347871126914,0.0613565247417943
2026-01-01 12:30:00,4,0.9761960399963088,0.1785099989459418,0.0460173935563457,0.0230086967781728
2026-01-01 12:30:00,5,0.9623635885883368,0.1078003673920574,0.0460173935563457,0.0153391311854485
2026-01-01 12:30:00,6,0.9597436454688963,-0.0633296349150827,0.1533913118544858,0.0766956559272429
2026-01-01 12:30:00,7,0.9561017412453142,-0.0367882965385775,0.1533913118544857,0.0766956559272428
2026-01-01 12:30:00,8,0.951396142426128,-0.0910459535898048,0.0460173935563457,0.0153391311854485
2026-01-01 12:30:00,9,0.947032768312808,-0.1373237024909928,0.0460173935563457,0.0153391311854485
2026-01-01 12:30:00,10,0.9463874896203848,-0.1320098903673097,0.0345130451672592,0.0230086967781728
2026-01-01 12:30:00,11,0.9452626017100956,-0.1236091282508457,0.0460173935563457,0.026843479574535
2026-01-01 12:30:00,12,0.9406798537386368,-0.1908966471596826,0.0460173935563457,0.026843479574535
2026-01-01 12:30:00,13,0.9389810106721752,-0.2486610000913982,0.0920347871126914,0.0613565247417943
2026-01-01 12:30:00,14,0.9379228179924844,-0.276306976037862,0.0460173935563457,0.0076695655927243
2026-01-01 12:30:00,15,0.9368980013954428,-0.2933617806087479,0.0460173935563458,0.0153391311854486
2026-01-01 12:30:00,16,0.935379615877461,-0.3499380877647919,0.0460173935563457,0.0153391311854486
2026-01-01 12:30:00,17,0.9349248981584646,-0.3569546025268731,0.0690260903345185,0.0306782623708971
2026-01-01 12:30:00,18,0.9981174241713122,0.0375131327090443,-0.4092688785491228,0.0306782623708971
2026-01-01 12:30:00,19,0.9953809716956616,-0.0136514646174132,0.0690260903345185,0.0306782623708971
2026-01-01 12:30:00,20,0.9948421332969172,-0.0284226760609109,0.0690260903345185,0.0306782623708971
2026-01-01 12:30:00,21,0.9943546339849854,-0.0439439120628133,0.0690260903345185,0.0306782623708971
2026-01-01 12:30:00,22,0.9846592217241176,0.0564814946109692,0.0690260903345186,0.0383478279636214
2026-01-01 12:30:00,23,0.9795812312038296,-0.0107293672118491,0.3221217548944202,0.1533913118544857
2026-01-01 12:30:00,24,0.977051246518827,-0.0437476409417762,0.3221217548944199,0.1533913118544857
2026-01-01 12:30:00,25,0.9609148810451428,0.137125247204331,0.0460173935563457,0.0191739139818107
2026-01-01 12:30:00,26,0.9589903410339896,0.1788104847781245,0.0460173935563457,0.0191739139818107
2026-01-01 12:30:00,27,0.9504033252416484,0.2405184443441586,0.0460173935563457,0.0153391311854484
2026-01-01 12:30:00,28,0.9442353919847816,0.2981307139421049,0.0920347871126914,0.05368695914907
2026-01-01 12:30:00,29,0.9415660551788608,0.3755807621718265,0.1533913118544858,0.4601739355634573
2026-01-01 12:30:00,30,0.9384457188634884,0.3135839158805993,0.1150434838908642,0.05368695914907
2026-01-01 12:30:00,31,0.9377592979106996,0.2966849622064452,0.1610608774472099,0.0766956559272429
2026-01-01 12:30:00,32,0.9375466199417988,0.2910180763562272,0.0460173935563457,0.0306782623708972
2026-01-01 12:45:00,0,1.0,0.0,-2.5282305415202546,-1.869529886985424
2026-01-01 12:45:00,1,0.9979974381697388,0.019179406137512,0.0778783035907517,0.046726982154451
2026-01-01 12:45:00,2,0.987183001459822,0.0812707082744112,0.0700904732316766,0.0311513214363007
2026-01-01 12:45:00,3,0.981460885059502,0.131068371074619,0.0934539643089021,0.0623026428726014
2026-01-01 12:45:00,4,0.9758066643073788,0.1814266636152524,0.046726982154451,0.0233634910772255
2026-01-01 12:45:00,5,0.9617472741753827,0.1095439665900808,0.046726982154451,0.0155756607181503
2026-01-01 12:45:00,6,0.9590843361357352,-0.0644914925619223,0.1557566071815035,0.0778783035907517
2026-01-01 12:45:00,7,0.955382703721472,-0.0374867279880334,0.1557566071815035,0.0778783035907517
2026-01-01 12:45:00,8,0.9505995580339024,-0.0926676747760551,0.046726982154451,0.0155756607181503
2026-01-01 12:45:00,9,0.946164209516266,-0.1397401467732077,0.046726982154451,0.0155756607181503
2026-01-01 12:45:00,10,0.9455082846470424,-0.1343324211976324,0.0350452366158382,0.0233634910772255
2026-01-01 12:45:00,11,0.9443648240515626,-0.1257822558552059,0.046726982154451,0.0272574062567631
2026-01-01 12:45:00,12,0.93970626891242,-0.1942399090448438,0.046726982154451,0.027257406256763
2026-01-01 12:45:00,13,0.9379793014082852,-0.25301921967028,0.093453964308902,0.0623026428726014
2026-01-01 12:45:00,14,0.9369035765350108,-0.2811518990941502,0.0467269821544511,0.0077878303590751
2026-01-01 12:45:00,15,0.9358617750989674,-0.2985072475737667,0.0467269821544511,0.0155756607181503
2026-01-01 12:45:00,16,0.9343182068545528,-0.35608506331346,0.0467269821544511,0.0155756607181503
2026-01-01 12:45:00,17,0.9338559487338394,-0.3632260312910739,0.0700904732316765,0.0311513214363007
2026-01-01 12:45:00,18,0.9980811934626732,0.0378461713786296,-0.4120481642380929,0.0311513214363007
2026-01-01 12:45:00,19,0.9953022924960636,-0.0141131503950396,0.0700904732316766,0.0311513214363007
2026-01-01 12:45:00,20,0.994755094161946,-0.0291146230027672,0.0700904732316766,0.0311513214363007
2026-01-01 12:45:00,21,0.994260029927076,-0.0448780753739814,0.0700904732316766,0.0311513214363007
2026-01-01 12:45:00,22,0.984409992142682,0.0573650956208436,0.0700904732316766,0.0389391517953758
2026-01-01 12:45:00,23,0.9792518400932828,-0.0109224287669656,0.3270888750811573,0.1557566071815035
2026-01-01 12:45:00,24,0.9766818687693763,-0.0444738064595765,0.3270888750811573,0.1557566071815036
2026-01-01 12:45:00,25,0.9602747213437518,0.1393662573609208,0.0467269821544511,0.0194695758976879
2026-01-01 12:45:00,26,0.958318473995743,0.1817610189109568,0.0467269821544511,0.0194695758976879
2026-01-01 12:45:00,27,0.9495899654004252,0.2445127537824327,0.0467269821544511,0.0155756607181503
2026-01-01 12:45:00,28,0.9433203550362363,0.3031166012965524,0.093453964308902,0.0545148125135261
2026-01-01 12:45:00,29,0.9406069844774232,0.3819193705377163,0.1557566071815037,0.4672698215445106
2026-01-01 12:45:00,30,0.9374350746798168,0.3188345850164681,0.1168174553861276,0.0545148125135261
2026-01-01 12:45:00,31,0.9367373071666316,0.3016378148157028,0.1635444375405788,0.0778783035907517
2026-01-01 12:45:00,32,0.936521113142246,0.2958709596677252,0.0467269821544511,0.0311513214363006
2026-01-01 13:00:00,0,1.0,0.0,-2.300869116597592,-1.7390555048306455
2026-01-01 13:00:00,1,0.9981664880756717,0.0186949074546413,0.0726709607798981,0.0436025764679388
2026-01-01 13:00:00,2,0.9881086017713172,0.0763421421322866,0.0654038647019083,0.0290683843119592
2026-01-01 13:00:00,3,0.9827906517027354,0.1225439262788512,0.0872051529358777,0.0581367686239185
2026-01-01 13:00:00,4,0.9775365090665916,0.169220195495399,0.0436025764679388,0.0218012882339694
2026-01-01 13:00:00,5,0.9644731717064374,0.102484528146741,0.0436025764679388,0.0145341921559796
2026-01-01 13:00:00,6,0.961998939192798,-0.0588193722364052,0.1453419215597963,0.0726709607798981
2026-01-01 13:00:00,7,0.9585594641147642,-0.0338420662763847,0.1453419215597963,0.0726709607798981
2026-01-01 13:00:00,8,0.9541165907212888,-0.0849776834898865,0.0436025764679388,0.0145341921559796
2026-01-01 13:00:00,9,0.949997045685382,-0.128569959060102,0.0436025764679388,0.0145341921559796
2026-01-01 13:00:00,10,0.949387832684015,-0.1235728080618524,0.0327019323509542,0.0218012882339694
2026-01-01 13:00:00,11,0.9483258593655308,-0.1156755747226491,0.0436025764679388,0.0254348362729643
2026-01-01 13:00:00,12,0.9439998702840277,-0.1790127860817318,0.0436025764679388,0.0254348362729643
2026-01-01 13:00:00,13,0.9423962789393564,-0.2333533775024638,0.0872051529358777,0.0581367686239185
2026-01-01 13:00:00,14,0.9413974606839484,-0.2593577956871608,0.0436025764679388,0.0072670960779898
2026-01-01 13:00:00,15,0.940430163399288,-0.2753989986922946,0.0436025764679388,0.0145341921559796
2026-01-01 13:00:00,16,0.9389970548706388,-0.328598820339768,0.0436025764679389,0.0145341921559796
2026-01-01 13:00:00,17,0.9385678717323458,-0.3351958171790138,0.0654038647019084,0.0290683843119592
2026-01-01 13:00:00,18,0.9982960374273908,0.0389196524121607,-0.4345961352980916,0.0290683843119592
2026-01-01 13:00:00,19,0.9957041290247436,-0.0095363386382445,0.0654038647019082,0.0290683843119592
2026-01-01 13:00:00,20,0.9951937572692062,-0.023522956585012,0.0654038647019082,0.0290683843119592
2026-01-01 13:00:00,21,0.9947320171408665,-0.038218923657844,0.0654038647019082,0.0290683843119592
2026-01-01 13:00:00,22,0.9855250447533236,0.0540767372820394,0.0654038647019082,0.036335480389949
2026-01-01 13:00:00,23,0.980719505859266,-0.0094772623873561,0.305218035275572,0.1453419215597963
2026-01-01 13:00:00,24,0.978325415682685,-0.0406858522188429,0.3052180352755722,0.1453419215597963
2026-01-01 13:00:00,25,0.9631052583459192,0.1301270756829005,0.0436025764679388,0.0181677401949745
2026-01-01 13:00:00,26,0.9612881437197802,0.1694131911069962,0.0436025764679388,0.0181677401949744
2026-01-01 13:00:00,27,0.953180504688136,0.2275901221707778,0.0436025764679388,0.0145341921559796
2026-01-01 13:00:00,28,0.9473570414522436,0.2818522925431809,0.0872051529358777,0.0508696725459287
2026-01-01 13:00:00,29,0.9448368780748272,0.3547371420102394,0.1453419215597962,0.4360257646793888
2026-01-01 13:00:00,30,0.941891232053894,0.2964105971423819,0.109006441169847,0.0508696725459287
2026-01-01 13:00:00,31,0.9412432439741184,0.280516041090545,0.1526090176377859,0.0726709607798981
2026-01-01 13:00:00,32,0.9410424754043264,0.275186280041547,0.043602576467939,0.0290683843119592
2026-01-01 13:15:00,0,1.0,0.0,-2.4799186673789784,-1.8285373441594817
2026-01-01 13:15:00,1,0.998037247762131,0.0186381907257599,0.076244991169121,0.0457469947014726
2026-01-01 13:15:00,2,0.9874605299430808,0.0793322457964562,0.0686204920522089,0.0304979964676484
2026-01-01 13:15:00,3,0.981865473922015,0.1279988010237859,0.0914939894029452,0.0609959929352968
2026-01-01 13:15:00,4,0.9763370400781364,0.177198120577215,0.0457469947014726,0.0228734973507363
2026-01-01 13:15:00,5,0.9625908356111752,0.1069337032388785,0.0457469947014725,0.0152489982338241
2026-01-01 13:15:00,6,0.9599872323976428,-0.0630941763193725,0.152489982338242,0.076244991169121
2026-01-01 13:15:00,7,0.95636802777766,-0.0367285138509125,0.152489982338242,0.076244991169121
2026-01-01 13:15:00,8,0.9516918970197864,-0.0906359575008024,0.0457469947014725,0.0152489982338241
2026-01-01 13:15:00,9,0.9473558727788882,-0.1366123242386658,0.0457469947014725,0.0152489982338241
2026-01-01 13:15:00,10,0.9467146395532244,-0.1313341026022878,0.0343102460261044,0.0228734973507362
2026-01-01 13:15:00,11,0.945596808994412,-0.1229899516768192,0.0457469947014725,0.0266857469091923
2026-01-01 13:15:00,12,0.9410428652992784,-0.1898338534626056,0.0457469947014725,0.0266857469091923
2026-01-01 13:15:00,13,0.9393547083974244,-0.2472135141012152,0.0914939894029451,0.0609959929352968
2026-01-01 13:15:00,14,0.9383031771208435,-0.2746750267900024,0.0457469947014725,0.0076244991169121
2026-01-01 13:15:00,15,0.9372848139044532,-0.2916159262653574,0.0457469947014725,0.0152489982338241
2026-01-01 13:15:00,16,0.9357759963813584,-0.3478127062429867,0.0457469947014725,0.0152489982338241
2026-01-01 13:15:00,17,0.9353241435946956,-0.3547820610287375,0.0686204920522088,0.0304979964676483
2026-01-01 13:15:00,18,0.9981117153832608,0.0364982518096286,-0.3960361626781299,0.0304979964676483
2026-01-01 13:15:00,19,0.9953913829160512,-0.0143655446712936,0.0686204920522088,0.0304979964676483
2026-01-01 13:15:00,20,0.9948557192284246,-0.0290496095557608,0.0686204920522088,0.0304979964676483
2026-01-01 13:15:00,21,0.9943710927052823,-0.0444791764449492,0.0686204920522088,0.0304979964676483
2026-01-01 13:15:00,22,0.9847469718810452,0.0559411442441131,0.0686204920522088,0.0381224955845604
2026-01-01 13:15:00,23,0.9796994752366572,-0.0108607570347095,0.3202289629103083,0.152489982338242
2026-01-01 13:15:00,24,0.9771847012604506,-0.0436765708986023,0.3202289629103083,0.1524899823382419
2026-01-01 13:15:00,25,0.961151189629004,0.1360698968277816,0.0457469947014725,0.0190612477922802
2026-01-01 13:15:00,26,0.9592386985941884,0.1774860076125085,0.0457469947014725,0.0190612477922802
2026-01-01 13:15:00,27,0.9507054507217834,0.238797996714389,0.0457469947014725,0.0152489982338241
2026-01-01 13:15:00,28,0.9445761548126524,0.2960342513182799,0.0914939894029451,0.0533714938183846
2026-01-01 13:15:00,29,0.9419235505663308,0.3729715143193747,0.1524899823382421,0.4574699470147261
2026-01-01 13:15:00,30,0.938822810913976,0.3113870344257281,0.1143674867536814,0.0533714938183846
2026-01-01 13:15:00,31,0.938140701364709,0.2946009519757119,0.160114481455154,0.0762449911691209
2026-01-01 13:15:00,32,0.9379293594026276,0.288971953170855,0.0457469947014725,0.0304979964676483
2026-01-01 13:30:00,0,1.0,0.0,-2.51404667142614,-1.8344537700960348
2026-01-01 13:30:00,1,0.9980158782276984,0.0182594341439243,0.076479619807787,0.0458877718846722
2026-01-01 13:30:00,2,0.9874048619166584,0.0791559677683537,0.0688316578270083,0.0305918479231148
2026-01-01 13:30:00,3,0.9817914762682212,0.127986404067999,0.0917755437693444,0.0611836958462296
2026-01-01 13:30:00,4,0.976244897018508,0.1773535983396551,0.0458877718846722,0.0229438859423361
2026-01-01 13:30:00,5,0.9624535148224675,0.106854672930758,0.0458877718846722,0.0152959239615574
2026-01-01 13:30:00,6,0.9598413524606898,-0.0637536885787041,0.1529592396155741,0.076479619807787
2026-01-01 13:30:00,7,0.9562102573829188,-0.0372955064315165,0.1529592396155741,0.076479619807787
2026-01-01 13:30:00,8,0.9515186905498596,-0.0913874043944571,0.0458877718846721,0.0152959239615574
2026-01-01 13:30:00,9,0.9471683397603008,-0.1375225020518636,0.0458877718846721,0.0152959239615574
2026-01-01 13:30:00,10,0.946524987416726,-0.1322255373943065,0.0344158289135041,0.022943885942336
2026-01-01 13:30:00,11,0.9454034600321672,-0.1238515738808769,0.0458877718846721,0.0267678669327254
2026-01-01 13:30:00,12,0.940834427835587,-0.1909291094019487,0.0458877718846721,0.0267678669327254
2026-01-01 13:30:00,13,0.9391406732057204,-0.2485113641746232,0.0917755437693444,0.0611836958462296
2026-01-01 13:30:00,14,0.9380856524835804,-0.2760700219073659,0.0458877718846721,0.0076479619807786
2026-01-01 13:30:00,15,0.9370639087875716,-0.2930709077561305,0.0458877718846721,0.0152959239615574
2026-01-01 13:30:00,16,0.9355500792459244,-0.349467557105246,0.0458877718846721,0.0152959239615574
2026-01-01 13:30:00,17,0.9350967257175752,-0.3564617474681549,0.0688316578270082,0.0305918479231148
2026-01-01 13:30:00,18,0.9980638835629312,0.034713013876279,-0.3712127491333414,0.0305918479231148
2026-01-01 13:30:00,19,0.9953350187562952,-0.0163125947738447,0.0688316578270084,0.0305918479231148
2026-01-01 13:30:00,20,0.9947976746867572,-0.031043538642607,0.0688316578270084,0.0305918479231148
2026-01-01 13:30:00,21,0.9943115275858988,-0.0465224172014613,0.0688316578270084,0.0305918479231148
2026-01-01 13:30:00,22,0.984682722743232,0.0556902399679135,0.0688316578270084,0.0382398099038935
2026-01-01 13:30:00,23,0.979619254391612,-0.0113270963282093,0.3212144031927055,0.1529592396155741
2026-01-01 13:30:00,24,0.9770965135105084,-0.0442495609876583,0.3212144031927058,0.1529592396155741
2026-01-01 13:30:00,25,0.9610091221914332,0.1360902467854588,0.0458877718846721,0.0191199049519468
2026-01-01 13:30:00,26,0.9590903196182988,0.1776481040725007,0.0458877718846721,0.0191199049519468
2026-01-01 13:30:00,27,0.9505289068310484,0.2391686511328222,0.0458877718846721,0.0152959239615573
2026-01-01 13:30:00,28,0.9443793717396618,0.296602942638191,0.0917755437693443,0.0535357338654509
2026-01-01 13:30:00,29,0.9417180025577035,0.3738102635384705,0.1529592396155741,0.4588777188467223
2026-01-01 13:30:00,30,0.938606997634046,0.3120086143874044,0.1147194297116804,0.0535357338654509
2026-01-01 13:30:00,31,0.9379226296524106,0.2951630900503458,0.1606072015963526,0.076479619807787
2026-01-01 13:30:00,32,0.9377105878527976,0.2895141386797198,0.0458877718846721,0.0305918479231148
2026-01-01 13:45:00,0,1.0,0.0,-2.567379410179286,-1.8419618150133197
2026-01-01 13:45:00,1,0.997982992845831,0.0176101090698304,0.0767766131334173,0.0460659678800503
2026-01-01 13:45:00,2,0.9873284761169184,0.0787638608943305,0.0690989518200755,0.0307106452533669
2026-01-01 13:45:00,3,0.98169184102329,0.1278024980749206,0.0921319357601007,0.0614212905067338
2026-01-01 13:45:00,4,0.9761222456064106,0.1773829882162672,0.0460659678800503,0.0230329839400252
2026-01-01 13:45:00,5,0.9622735579586774,0.1065861555285964,0.0460659678800504,0.0153553226266834
2026-01-01 13:45:00,6,0.959650538765512,-0.0647597499668908,0.1535532262668346,0.0767766131334173
2026-01-01 13:45:00,7,0.9560043613485748,-0.0381839897123766,0.1535532262668346,0.0767766131334173
2026-01-01 13:45:00,8,0.951293213909187,-0.0925102538043981,0.0460659678800503,0.0153553226266834
2026-01-01 13:45:00,9,0.9469246897877472,-0.1388470478283099,0.0460659678800503,0.0153553226266834
2026-01-01 13:45:00,10,0.946278649322404,-0.1335262614552749,0.0345494759100377,0.0230329839400251
2026-01-01 13:45:00,11,0.945152432446674,-0.1251144053740202,0.0460659678800503,0.026871814596696
2026-01-01 13:45:00,12,0.9405642598780468,-0.1924888437738725,0.0460659678800503,0.026871814596696
2026-01-01 13:45:00,13,0.9388634042521872,-0.2503285769425856,0.0921319357601008,0.0614212905067338
2026-01-01 13:45:00,14,0.9378039569628508,-0.2780106989095381,0.0460659678800503,0.0076776613133416
2026-01-01 13:45:00,15,0.9367779249161948,-0.2950878236308442,0.0460659678800504,0.0153553226266834
2026-01-01 13:45:00,16,0.9352577372729072,-0.3517385032688698,0.0460659678800503,0.0153553226266834
2026-01-01 13:45:00,17,0.934802479949836,-0.3587642596865605,0.0690989518200755,0.0307106452533669
2026-01-01 13:45:00,18,0.9979871476589056,0.0317162248900756,-0.3296940390873064,0.0307106452533669
2026-01-01 13:45:00,19,0.9952474363944188,-0.0195159200213947,0.0690989518200756,0.0307106452533669
2026-01-01 13:45:00,20,0.9947079561903978,-0.0343067015218616,0.0690989518200756,0.0307106452533669
2026-01-01 13:45:00,21,0.9942198760970068,-0.049848523346992,0.0690989518200755,0.0307106452533669
2026-01-01 13:45:00,22,0.9845954561695556,0.0552033645901158,0.0690989518200755,0.0383883065667086
2026-01-01 13:45:00,23,0.9795117357224284,-0.0120875760856628,0.3224617751603527,0.1535532262668346
2026-01-01 13:45:00,24,0.9769788927148602,-0.0451454958708516,0.3224617751603527,0.1535532262668347
2026-01-01 13:45:00,25,0.960823144287853,0.1359479982566838,0.0460659678800503,0.0191941532833543
2026-01-01 13:45:00,26,0.9588963355717168,0.1776859581435392,0.0460659678800503,0.0191941532833543
2026-01-01 13:45:00,27,0.9502991957378646,0.2394714850090837,0.0460659678800503,0.0153553226266833
2026-01-01 13:45:00,28,0.9441239872459274,0.2971574226820283,0.0921319357601007,0.0537436291933921
2026-01-01 13:45:00,29,0.9414514996735276,0.3747079461991975,0.1535532262668348,0.4606596788005039
2026-01-01 13:45:00,30,0.938327472938802,0.312630297745239,0.1151649197001258,0.0537436291933921
2026-01-01 13:45:00,31,0.937640240063537,0.2957092264987666,0.1612308875801762,0.0767766131334173
2026-01-01 13:45:00,32,0.9374273104965264,0.290034916470937,0.0460659678800503,0.0307106452533669
2026-01-01 14:00:00,0,1.0,0.0,-2.6789520695530955,-1.8879681628758227
2026-01-01 14:00:00,1,0.9979053166316896,0.0172524836313572,0.0786048731205391,0.0471629238723234
2026-01-01 14:00:00,2,0.9869840718476522,0.0799768375818077,0.0707443858084852,0.0314419492482156
2026-01-01 14:00:00,3,0.9812048423181172,0.1302871346178508,0.0943258477446469,0.0628838984964313
2026-01-01 14:00:00,4,0.9754940764787504,0.1811709225720338,0.0471629238723234,0.0235814619361617
2026-01-01 14:00:00,5,0.9612938920074868,0.1085550259512946,0.0471629238723234,0.0157209746241078
2026-01-01 14:00:00,6,0.9586042793884156,-0.0672975676288664,0.1572097462410782,0.0786048731205391
2026-01-01 14:00:00,7,0.9548655916599332,-0.0400027429454098,0.1572097462410782,0.0786048731205391
2026-01-01 14:00:00,8,0.9500343278530278,-0.0957611672231031,0.0471629238723234,0.0157209746241078
2026-01-01 14:00:00,9,0.945554317482879,-0.1433308295188049,0.0471629238723234,0.0157209746241078
2026-01-01 14:00:00,10,0.9448917863556566,-0.1378643031302831,0.0353721929042426,0.0235814619361617
2026-01-01 14:00:00,11,0.9437368005789618,-0.1292205776742277,0.0471629238723234,0.0275117055921886
2026-01-01 14:00:00,12,0.9390312005832392,-0.1984105406866947,0.0471629238723234,0.0275117055921886
2026-01-01 14:00:00,13,0.9372867789572288,-0.2578252311506167,0.0943258477446469,0.0628838984964312
2026-01-01 14:00:00,14,0.9362001732419886,-0.2862626114360002,0.0471629238723234,0.0078604873120539
2026-01-01 14:00:00,15,0.9351478305397372,-0.3038061207379836,0.0471629238723234,0.0157209746241078
2026-01-01 14:00:00,16,0.933588632801244,-0.362011028734397,0.0471629238723234,0.0157209746241078
2026-01-01 14:00:00,17,0.9331216948055436,-0.3692299271959685,0.0707443858084853,0.0314419492482156
2026-01-01 14:00:00,18,0.9978611601697462,0.0290459880966662,-0.290352265007734,0.0314419492482156
2026-01-01 14:00:00,19,0.9950556168225396,-0.0234225118179658,0.0707443858084851,0.0314419492482156
2026-01-01 14:00:00,20,0.9945031714176572,-0.0385715255448625,0.0707443858084853,0.0314419492482156
2026-01-01 14:00:00,21,0.9940033590542076,-0.0544901836572751,0.0707443858084853,0.0314419492482156
2026-01-01 14:00:00,22,0.9841843795844144,0.0558384720296021,0.0707443858084853,0.0393024365602695
2026-01-01 14:00:00,23,0.9789765618702686,-0.0131213484885772,0.3301404671062642,0.1572097462410782
2026-01-01 14:00:00,24,0.9763818150370966,-0.0470056776566002,0.3301404671062642,0.1572097462410782
2026-01-01 14:00:00,25,0.9598065437198896,0.1386884002461061,0.0471629238723234,0.0196512182801347
2026-01-01 14:00:00,26,0.9578306220482032,0.1815269441201343,0.0471629238723234,0.0196512182801347
2026-01-01 14:00:00,27,0.9490143170922708,0.2449314067638577,0.0471629238723234,0.0157209746241078
2026-01-01 14:00:00,28,0.9426816150485609,0.3041556392789489,0.0943258477446471,0.0550234111843774
2026-01-01 14:00:00,29,0.939940920435028,0.3838050916360769,0.1572097462410782,0.4716292387232348
2026-01-01 14:00:00,30,0.9367370057991008,0.3200392628675393,0.1179073096808087,0.0550234111843774
2026-01-01 14:00:00,31,0.9360321969487284,0.3026560389725912,0.165070233553132,0.0786048731205391
2026-01-01 14:00:00,32,0.935813820954538,0.2968265943873928,0.0471629238723236,0.0314419492482156
2026-01-01 14:15:00,0,1.0,0.0,-2.9040549073273247,-2.031881208541293
2026-01-01 14:15:00,1,0.9977336276216748,0.0182188891918292,0.0843027499989607,0.0505816499993764
2026-01-01 14:15:00,2,0.9859776326981192,0.0858666604282915,0.0758724749990647,0.0337210999995843
2026-01-01 14:15:00,3,0.9797516451698598,0.1401673196801506,0.1011632999987529,0.0674421999991686
2026-01-01 14:15:00,4,0.9735984941729816,0.1951465340428767,0.0505816499993764,0.0252908249996882
2026-01-01 14:15:00,5,0.9582966684751792,0.1168282664638899,0.0505816499993764,0.0168605499997921
2026-01-01 14:15:00,6,0.955398336888318,-0.0731869277940103,0.1686054999979216,0.0843027499989607
2026-01-01 14:15:00,7,0.9513697199057836,-0.0436254850874581,0.1686054999979216,0.0843027499989608
2026-01-01 14:15:00,8,0.9461618105602422,-0.1038855697481395,0.0505816499993764,0.0168605499997921
2026-01-01 14:15:00,9,0.9413321798694358,-0.1553343452665891,0.0505816499993764,0.0168605499997921
2026-01-01 14:15:00,10,0.9406179329113524,-0.149407799027984,0.0379362374995323,0.0252908249996882
2026-01-01 14:15:00,11,0.939372718616753,-0.1400316893244872,0.0505816499993764,0.0295059624996362
2026-01-01 14:15:00,12,0.934298751804737,-0.2149419897827999,0.0505816499993764,0.0295059624996362
2026-01-01 14:15:00,13,0.932417652594809,-0.2793247684017589,0.1011632999987529,0.0674421999991686
2026-01-01 14:15:00,14,0.9312458365465908,-0.3101450725547331,0.0505816499993765,0.0084302749998961
2026-01-01 14:15:00,15,0.9301109403605968,-0.3291602387267372,0.0505816499993765,0.0168605499997921
2026-01-01 14:15:00,16,0.928429333202516,-0.3922719355970308,0.0505816499993765,0.0168605499997921
2026-01-01 14:15:00,17,0.9279257431694752,-0.4001007310965821,0.0758724749990646,0.0337210999995842
2026-01-01 14:15:00,18,0.997665308046946,0.0297286208020922,-0.2910574255686378,0.0337210999995842
2026-01-01 14:15:00,19,0.994655014681802,-0.0265757200622865,0.0758724749990646,0.0337210999995842
2026-01-01 14:15:00,20,0.9940622444673108,-0.042836554019913,0.0758724749990646,0.0337210999995842
2026-01-01 14:15:00,21,0.993525941306042,-0.0599248973510813,0.0758724749990646,0.0337210999995842
2026-01-01 14:15:00,22,0.9829698680922984,0.0599257163312386,0.0758724749990646,0.0421513749994804
2026-01-01 14:15:00,23,0.977374740445406,-0.0142457314441927,0.3540715499956353,0.1686054999979216
2026-01-01 14:15:00,24,0.974586767102148,-0.0507128560511485,0.3540715499956353,0.1686054999979216
2026-01-01 14:15:00,25,0.9566935209093824,0.1493859940390038,0.0505816499993765,0.0210756874997402
2026-01-01 14:15:00,26,0.9545636020331576,0.1956841600097069,0.0505816499993763,0.0210756874997402
2026-01-01 14:15:00,27,0.9450600785067116,0.2641740305422203,0.0505816499993763,0.0168605499997922
2026-01-01 14:15:00,28,0.9382335124627028,0.328239597592525,0.101163299998753,0.0590119249992726
2026-01-01 14:15:00,29,0.9352789197729297,0.4145055691209113,0.1686054999979216,0.5058164999937647
2026-01-01 14:15:00,30,0.931824421876268,0.3454152484221243,0.1264541249984412,0.0590119249992726
2026-01-01 14:15:00,31,0.9310644820185836,0.3265737088516389,0.1770357749978175,0.0843027499989608
2026-01-01 14:15:00,32,0.9308290218178358,0.3202546849545514,0.0505816499993763,0.0337210999995842
2026-01-01 14:30:00,0,1.0,0.0,-2.7042160871591387,-1.8980226628968917
2026-01-01 14:30:00,1,0.9978878343670624,0.0171595059812067,0.0790037547433652,0.0474022528460191
2026-01-01 14:30:00,2,0.9869082994219728,0.0802273961748349,0.0711033792690287,0.0316015018973461
2026-01-01 14:30:00,3,0.9810978973293624,0.1308159251701322,0.0948045056920383,0.0632030037946922
2026-01-01 14:30:00,4,0.9753562683868516,0.1819849859673771,0.0474022528460191,0.0237011264230095
2026-01-01 14:30:00,5,0.9610792353572218,0.1089712050538265,0.0474022528460191,0.015800750948673
2026-01-01 14:30:00,6,0.9583750631467466,-0.0678678563781596,0.1580075094867304,0.0790037547433652
2026-01-01 14:30:00,7,0.9546161499094382,-0.0404154949265433,0.1580075094867304,0.0790037547433652
2026-01-01 14:30:00,8,0.9497586209804786,-0.0964874248135618,0.0474022528460191,0.015800750948673
2026-01-01 14:30:00,9,0.9452542318394486,-0.1443270461074127,0.0474022528460191,0.015800750948673
2026-01-01 14:30:00,10,0.9445880946636412,-0.138828577531549,0.0355516896345143,0.0237011264230095
2026-01-01 14:30:00,11,0.9434268177784002,-0.1301340224964971,0.0474022528460191,0.0276513141601778
2026-01-01 14:30:00,12,0.9386955374728272,-0.1997216895945262,0.0474022528460191,0.0276513141601778
2026-01-01 14:30:00,13,0.9369415881076724,-0.2594815025530481,0.0948045056920382,0.0632030037946921
2026-01-01 14:30:00,14,0.935849042780828,-0.2880843940949905,0.0474022528460191,0.0079003754743365
2026-01-01 14:30:00,15,0.9347909458132396,-0.3057301126372803,0.0474022528460191,0.015800750948673
2026-01-01 14:30:00,16,0.9332232161831686,-0.3642756837893905,0.0474022528460191,0.015800750948673
2026-01-01 14:30:00,17,0.9327537235225668,-0.3715369188097696,0.0711033792690287,0.0316015018973461
2026-01-01 14:30:00,18,0.997832217487594,0.0283980452750244,-0.2808734924576941,0.0316015018973461
2026-01-01 14:30:00,19,0.9950123033404996,-0.0243404537488322,0.0711033792690287,0.0316015018973461
2026-01-01 14:30:00,20,0.9944570276864452,-0.0395677075182156,0.0711033792690287,0.0316015018973461
2026-01-01 14:30:00,21,0.9939546542024718,-0.0555686715189139,0.0711033792690287,0.0316015018973461
2026-01-01 14:30:00,22,0.9840940488785116,0.0559628163624287,0.0711033792690287,0.0395018773716826
2026-01-01 14:30:00,23,0.9788591333030344,-0.0133616294227577,0.331815769922134,0.1580075094867304
2026-01-01 14:30:00,24,0.976250868667524,-0.047426559215823,0.331815769922134,0.1580075094867304
2026-01-01 14:30:00,25,0.9595838111215496,0.1392734547557997,0.0474022528460191,0.0197509386858412
2026-01-01 14:30:00,26,0.9575971503169328,0.1823529247063979,0.0474022528460191,0.0197509386858412
2026-01-01 14:30:00,27,0.948732922077056,0.2461117106743123,0.0474022528460191,0.015800750948673
2026-01-01 14:30:00,28,0.9423657815371096,0.3056728057636201,0.0948045056920381,0.0553026283203557
2026-01-01 14:30:00,29,0.9396101720208084,0.3857821097419355,0.1580075094867306,0.4740225284601915
2026-01-01 14:30:00,30,0.9363887871026956,0.3216463630250047,0.1185056321150477,0.0553026283203557
2026-01-01 14:30:00,31,0.9356801346366224,0.3041618570759177,0.1659078849610669,0.0790037547433653
2026-01-01 14:30:00,32,0.9354605675809138,0.2982984132073388,0.0474022528460191,0.0316015018973461
2026-01-01 14:45:00,0,1.0,0.0,-2.9308534389104133,-2.050596644513407
2026-01-01 14:45:00,1,0.9977127242494468,0.0183862513376098,0.0850407687774343,0.0510244612664606
2026-01-01 14:45:00,2,0.9858481432634516,0.0866757743073088,0.0765366918996909,0.0340163075109737
2026-01-01 14:45:00,3,0.9795639845685244,0.1414970178406513,0.1020489225329212,0.0680326150219474
2026-01-01 14:45:00,4,0.973353221791004,0.1970111705844345,0.0510244612664606,0.0255122306332303
2026-01-01 14:45:00,5,0.9579079117463818,0.1179496089527744,0.0510244612664606,0.0170081537554868
2026-01-01 14:45:00,6,0.9549823947160716,-0.0739155936990193,0.1700815375548686,0.0850407687774343
2026-01-01 14:45:00,7,0.9509160168827184,-0.0440572948282051,0.1700815375548687,0.0850407687774343
2026-01-01 14:45:00,8,0.9456590301947718,-0.1049055244919992,0.0510244612664606,0.0170081537554868
2026-01-01 14:45:00,9,0.9407838395040932,-0.156861544803095,0.0510244612664606,0.0170081537554868
2026-01-01 14:45:00,10,0.9400628531761624,-0.1508746803161391,0.0382683459498454,0.0255122306332303
2026-01-01 14:45:00,11,0.9388058798890772,-0.1414024832465004,0.0510244612664606,0.029764269072102
2026-01-01 14:45:00,12,0.933683897152413,-0.21706168677567,0.0510244612664606,0.029764269072102
2026-01-01 14:45:00,13,0.931784980897112,-0.2820955296349306,0.1020489225329213,0.0680326150219475
2026-01-01 14:45:00,14,0.9306020561360115,-0.313228172321899,0.0510244612664605,0.0085040768777434
2026-01-01 14:45:00,15,0.9294563972594974,-0.3324362521375844,0.0510244612664605,0.0170081537554869
2026-01-01 14:45:00,16,0.9277588302105164,-0.3961914407087848,0.0510244612664605,0.0170081537554869
2026-01-01 14:45:00,17,0.927250461511964,-0.404100235394842,0.0765366918996908,0.0340163075109737
2026-01-01 14:45:00,18,0.9976438044802036,0.0299978725946404,-0.2936168049212931,0.0340163075109737
2026-01-01 14:45:00,19,0.9946069888563144,-0.0268031896746379,0.0765366918996909,0.0340163075109737
2026-01-01 14:45:00,20,0.9940089951038248,-0.0432080417591098,0.0765366918996908,0.0340163075109737
2026-01-01 14:45:00,21,0.9934679649710902,-0.0604479125001448,0.0765366918996908,0.0340163075109737
2026-01-01 14:45:00,22,0.9828133782174536,0.0605008631704039,0.0765366918996908,0.0425203843887171
2026-01-01 14:45:00,23,0.9771679886636632,-0.0143476773458233,0.3571712288652242,0.1700815375548687
2026-01-01 14:45:00,24,0.9743549373340792,-0.0511505870920701,0.3571712288652242,0.1700815375548687
2026-01-01 14:45:00,25,0.9562896771653652,0.1508239938292191,0.0510244612664605,0.0212601921943584
2026-01-01 14:45:00,26,0.9541396928390916,0.1975741847938705,0.0510244612664605,0.0212601921943584
2026-01-01 14:45:00,27,0.9445466252558226,0.2667280927983076,0.0510244612664605,0.0170081537554869
2026-01-01 14:45:00,28,0.9376557063864064,0.3314268655473442,0.102048922532921,0.0595285381442041
2026-01-01 14:45:00,29,0.9346732399168268,0.4185594322257662,0.1700815375548687,0.5102446126646061
2026-01-01 14:45:00,30,0.9311860815698972,0.3487714251937016,0.1275611531661513,0.0595285381442041
2026-01-01 14:45:00,31,0.9304189559840598,0.3297387193952952,0.1785856144326119,0.0850407687774343
2026-01-01 14:45:00,32,0.930181269013033,0.3233555118700522,0.0510244612664605,0.0340163075109738
2026-01-01 15:00:00,0,1.0,0.0,-2.760144089550992,-1.900812979982523
2026-01-01 15:00:00,1,0.9978548387129308,0.0163105343323824,0.0791112365943308,0.0474667419565985
2026-01-01 15:00:00,2,0.9868592498306404,0.0794748806615408,0.0712001129348977,0.0316444946377323
2026-01-01 15:00:00,3,0.981040259987054,0.1301415353748434,0.094933483913197,0.0632889892754647
2026-01-01 15:00:00,4,0.9752901281163964,0.1813907065540352,0.0474667419565985,0.0237333709782992
2026-01-01 15:00:00,5,0.9609919221935695,0.1082652098104973,0.0474667419565985,0.0158222473188661
2026-01-01 15:00:00,6,0.9582837385763616,-0.0688508729630009,0.1582224731886617,0.0791112365943308
2026-01-01 15:00:00,7,0.9545192529717348,-0.0413542627573791,0.1582224731886617,0.0791112365943308
2026-01-01 15:00:00,8,0.9496544867557676,-0.0975142330500245,0.0474667419565985,0.0158222473188661
2026-01-01 15:00:00,9,0.9451433799388632,-0.1454296708243813,0.0474667419565985,0.0158222473188661
2026-01-01 15:00:00,10,0.9444762490951896,-0.1399222295551404,0.0356000564674489,0.0237333709782992
2026-01-01 15:00:00,11,0.9433132386240058,-0.1312133956254287,0.0474667419565985,0.0276889328080158
2026-01-01 15:00:00,12,0.9385748814628742,-0.200912766068729,0.0474667419565985,0.0276889328080158
2026-01-01 15:00:00,13,0.9368183064333734,-0.2607695212120657,0.094933483913197,0.0632889892754647
2026-01-01 15:00:00,14,0.9357241242277236,-0.2894189042305538,0.0474667419565986,0.0079111236594331
2026-01-01 15:00:00,15,0.9346644414462668,-0.3070933331659141,0.0474667419565986,0.0158222473188661
2026-01-01 15:00:00,16,0.9330943604740708,-0.3657345992192418,0.0474667419565986,0.0158222473188661
2026-01-01 15:00:00,17,0.9326241637648782,-0.3730077270816133,0.0712001129348978,0.0316444946377323
2026-01-01 15:00:00,18,0.9977459251677152,0.0246494554856092,-0.2293585288526046,0.0316444946377323
2026-01-01 15:00:00,19,0.9949219146950654,-0.0281701345020615,0.0712001129348977,0.0316444946377323
2026-01-01 15:00:00,20,0.9943658322844608,-0.043420887292131,0.0712001129348978,0.0316444946377323
2026-01-01 15:00:00,21,0.9938627287495996,-0.0594465716533867,0.0712001129348978,0.0316444946377323
2026-01-01 15:00:00,22,0.9840409925378036,0.0551748748709945,0.0712001129348978,0.0395556182971654
2026-01-01 15:00:00,23,0.9787986189251712,-0.0142519221183955,0.3322671936961896,0.1582224731886617
2026-01-01 15:00:00,24,0.9761866337173178,-0.0483675496880762,0.3322671936961896,0.1582224731886617
2026-01-01 15:00:00,25,0.9594942727235912,0.1386148830335481,0.0474667419565986,0.0197778091485827
2026-01-01 15:00:00,26,0.9575046528001756,0.1817620114496114,0.0474667419565986,0.0197778091485827
2026-01-01 15:00:00,27,0.9486272194706632,0.245620296102321,0.0474667419565983,0.0158222473188662
2026-01-01 15:00:00,28,0.9422505894140866,0.3052759987569109,0.0949334839131972,0.0553778656160315
2026-01-01 15:00:00,29,0.9394908700252914,0.385514465701897,0.1582224731886619,0.4746674195659852
2026-01-01 15:00:00,30,0.936264670837606,0.3212748129307546,0.1186668548914964,0.0553778656160315
2026-01-01 15:00:00,31,0.9355549591866932,0.3037618570173096,0.1661335968480948,0.0791112365943309
2026-01-01 15:00:00,32,0.9353350639090624,0.2978888627343929,0.0474667419565983,0.0316444946377323
2026-01-01 15:15:00,0,1.0,0.0,-2.965485471557013,-2.0236016612107224
2026-01-01 15:15:00,1,0.9977007100773144,0.0169114519514872,0.0839708493487293,0.0503825096092375
2026-01-01 15:15:00,2,0.9859929641410646,0.0842770906714339,0.0755737644138563,0.0335883397394917
2026-01-01 15:15:00,3,0.9797928171715652,0.1383489192797732,0.1007650192184751,0.0671766794789834
2026-01-01 15:15:00,4,0.973665256965978,0.193093040796425,0.0503825096092375,0.0251912548046187
2026-01-01 15:15:00,5,0.9584271638525852,0.1151015462071461,0.0503825096092375,0.0167941698697458
2026-01-01 15:15:00,6,0.9555409073580636,-0.0741006211307509,0.1679416986974585,0.0839708493487293
2026-01-01 15:15:00,7,0.9515290630754392,-0.0446695814116607,0.1679416986974586,0.0839708493487293
2026-01-01 15:15:00,8,0.9463429501830206,-0.1046712007790788,0.0503825096092376,0.0167941698697458
2026-01-01 15:15:00,9,0.941533553295209,-0.1558970952981616,0.0503825096092376,0.0167941698697458
2026-01-01 15:15:00,10,0.9408222993640872,-0.1499970405088624,0.0377868822069281,0.0251912548046188
2026-01-01 15:15:00,11,0.9395823072613522,-0.1406631277161492,0.0503825096092376,0.0293897972720552
2026-01-01 15:15:00,12,0.9345296633280672,-0.2152444293805578,0.0503825096092376,0.0293897972720552
2026-01-01 15:15:00,13,0.9326564761273012,-0.2793412380017748,0.1007650192184751,0.0671766794789834
2026-01-01 15:15:00,14,0.9314895930157684,-0.3100243565124427,0.0503825096092376,0.0083970849348729
2026-01-01 15:15:00,15,0.9303594760685522,-0.3289547923003628,0.0503825096092376,0.0167941698697459
2026-01-01 15:15:00,16,0.9286849558621456,-0.3917838791936517,0.0503825096092376,0.0167941698697459
2026-01-01 15:15:00,17,0.928183487793248,-0.3995775416212455,0.0755737644138563,0.0335883397394917
2026-01-01 15:15:00,18,0.9975575620389052,0.024261508431076,-0.2166894927584228,0.0335883397394917
2026-01-01 15:15:00,19,0.9945588396119752,-0.0318327079701974,0.0755737644138563,0.0335883397394917
2026-01-01 15:15:00,20,0.9939683482674988,-0.0480326219641529,0.0755737644138563,0.0335883397394917
2026-01-01 15:15:00,21,0.9934341073203784,-0.0650568698436604,0.0755737644138563,0.0335883397394917
2026-01-01 15:15:00,22,0.9829972052952688,0.0584390778350965,0.0755737644138563,0.0419854246743646
2026-01-01 15:15:00,23,0.9774244262662004,-0.0154345374171458,0.3526775672646631,0.1679416986974586
2026-01-01 15:15:00,24,0.9746476033320248,-0.051753977062408,0.3526775672646631,0.1679416986974586
2026-01-01 15:15:00,25,0.9568307170219624,0.147520109779641,0.0503825096092374,0.0209927123371822
2026-01-01 15:15:00,26,0.9547097097737144,0.1936196312862846,0.0503825096092374,0.0209927123371822
2026-01-01 15:15:00,27,0.9452459551198492,0.2618176574795081,0.0503825096092374,0.0167941698697458
2026-01-01 15:15:00,28,0.938447969517838,0.3256050070546664,0.1007650192184752,0.0587795945441105
2026-01-01 15:15:00,29,0.9355057559281712,0.4114903035848786,0.1679416986974584,0.5038250960923758
2026-01-01 15:15:00,30,0.9320657621885428,0.3427064371188983,0.1259562740230939,0.0587795945441105
2026-01-01 15:15:00,31,0.9313090134261964,0.3239488603370413,0.1763387836323313,0.0839708493487292
2026-01-01 15:15:00,32,0.9310745421036286,0.3176580263042489,0.0503825096092374,0.0335883397394918
2026-01-01 15:30:00,0,1.0,0.0,-3.1397997506595847,-2.0903132640780755
2026-01-01 15:30:00,1,0.9975808676823348,0.0161817472590835,0.0865928788058842,0.0519557272835305
2026-01-01 15:30:00,2,0.9854863774132268,0.0858373865360664,0.0779335909252958,0.0346371515223537
2026-01-01 15:30:00,3,0.9790790033964244,0.1417671627039588,0.1039114545670611,0.0692743030447074
2026-01-01 15:30:00,4,0.9727462013265092,0.1984209120863845,0.0519557272835305,0.0259778636417652
2026-01-01 15:30:00,5,0.956996932095579,0.117777073497784,0.0519557272835305,0.0173185757611768
2026-01-01 15:30:00,6,0.954013824489512,-0.078029349264913,0.1731857576117685,0.0865928788058842
2026-01-01 15:30:00,7,0.9498674546823224,-0.0475380333702028,0.1731857576117685,0.0865928788058842
2026-01-01 15:30:00,8,0.9445064835390344,-0.1096393187565619,0.0519557272835305,0.0173185757611768
2026-01-01 15:30:00,9,0.9395347572976884,-0.1626763724806911,0.0519557272835305,0.0173185757611768
2026-01-01 15:30:00,10,0.9387994910261528,-0.1565608308100337,0.0389667954626479,0.0259778636417652
2026-01-01 15:30:00,11,0.9375176010677808,-0.1468836064347528,0.0519557272835305,0.0303075075820594
2026-01-01 15:30:00,12,0.9322938675144312,-0.2241395553162995,0.0519557272835305,0.0303075075820594
2026-01-01 15:30:00,13,0.9303571938420826,-0.2905620408804938,0.103911454567061,0.0692743030447074
2026-01-01 15:30:00,14,0.9291507270405172,-0.3223609096808497,0.0519557272835304,0.0086592878805884
2026-01-01 15:30:00,15,0.9279822591230787,-0.3419804933761775,0.0519557272835304,0.0173185757611769
2026-01-01 15:30:00,16,0.9262508678049736,-0.4071085310860012,0.0519557272835304,0.0173185757611769
2026-01-01 15:30:00,17,0.9257323716030964,-0.4151880109560187,0.0779335909252958,0.0346371515223536
2026-01-01 15:30:00,18,0.9973548160138412,0.019468633141146,-0.1470714864798841,0.0346371515223536
2026-01-01 15:30:00,19,0.994261450487762,-0.0384056491424661,0.0779335909252958,0.0346371515223536
2026-01-01 15:30:00,20,0.993652319195423,-0.0551217017201605,0.0779335909252958,0.0346371515223536
2026-01-01 15:30:00,21,0.9931012102037428,-0.0726890101595348,0.0779335909252958,0.0346371515223536
2026-01-01 15:30:00,22,0.982394502774679,0.0591651865663513,0.0779335909252958,0.0432964394029421
2026-01-01 15:30:00,23,0.9766428000177408,-0.017122985080634,0.3636900909847138,0.1731857576117684
2026-01-01 15:30:00,24,0.973776701779286,-0.0546400149426976,0.3636900909847138,0.1731857576117685
2026-01-01 15:30:00,25,0.9553467328925466,0.1513260377904368,0.0519557272835307,0.0216482197014711
2026-01-01 15:30:00,26,0.953154234638202,0.1990392965195084,0.0519557272835307,0.0216482197014711
2026-01-01 15:30:00,27,0.9433714433866796,0.269607661475054,0.0519557272835307,0.0173185757611769
2026-01-01 15:30:00,28,0.936344172986464,0.3356560209861919,0.1039114545670609,0.0606150151641189
2026-01-01 15:30:00,29,0.9333026455937792,0.424636548753356,0.1731857576117685,0.5195572728353055
2026-01-01 15:30:00,30,0.9297462786066428,0.3533605249971899,0.1298893182088263,0.0606150151641189
2026-01-01 15:30:00,31,0.9289639261415824,0.3339200416058787,0.181845045492357,0.0865928788058842
2026-01-01 15:30:00,32,0.9287215205187894,0.3273999189084264,0.0519557272835307,0.0346371515223538
2026-01-01 15:45:00,0,1.0,0.0,-3.2877662144654214,-2.1528913117579505
2026-01-01 15:45:00,1,0.99747739587623,0.0157588348774134,0.0890446812038856,0.0534268087223314
2026-01-01 15:45:00,2,0.9850200653474996,0.0875661986299092,0.0801402130834971,0.0356178724815542
2026-01-01 15:45:00,3,0.9784181227220808,0.1452429516807316,0.1068536174446628,0.0712357449631085
2026-01-01 15:45:00,4,0.9718925892644408,0.203694008337653,0.0534268087223314,0.0267134043611657
2026-01-01 15:45:00,5,0.9556632551975188,0.1205579673570153,0.0534268087223314,0.0178089362407771
2026-01-01 15:45:00,6,0.9525891893565815,-0.0814645645138221,0.1780893624077714,0.0890446812038856
2026-01-01 15:45:00,7,0.94831648493883,-0.0499731890231357,0.1780893624077714,0.0890446812038857
2026-01-01 15:45:00,8,0.9427912419294232,-0.1140510283161287,0.0534268087223314,0.0178089362407771
2026-01-01 15:45:00,9,0.9376670032165716,-0.1687942233736656,0.0534268087223314,0.0178089362407771
2026-01-01 15:45:00,10,0.9369091763876096,-0.1624752429888153,0.0400701065417485,0.0267134043611657
2026-01-01 15:45:00,11,0.9355879194884704,-0.1524737492667291,0.0534268087223314,0.0311656384213599
2026-01-01 15:45:00,12,0.9302034079050356,-0.2322516805447156,0.0534268087223314,0.0311656384213599
2026-01-01 15:45:00,13,0.9282070703775348,-0.3008688478108167,0.1068536174446628,0.0712357449631085
2026-01-01 15:45:00,14,0.9269634009952678,-0.3337207792797211,0.0534268087223313,0.0089044681203885
2026-01-01 15:45:00,15,0.9257588881296304,-0.3539908409808345,0.0534268087223313,0.0178089362407771
2026-01-01 15:45:00,16,0.9239740423878324,-0.4212895909740645,0.0534268087223313,0.0178089362407771
2026-01-01 15:45:00,17,0.92343954125966,-0.4296389867900654,0.0801402130834971,0.0356178724815542
2026-01-01 15:45:00,18,0.9971895073666758,0.0161053513444105,-0.0972877290120863,0.0356178724815542
2026-01-01 15:45:00,19,0.994007665256918,-0.0434321086371076,0.0801402130834971,0.0356178724815542
2026-01-01 15:45:00,20,0.9933811083246548,-0.0606305225599734,0.0801402130834971,0.0356178724815542
2026-01-01 15:45:00,21,0.9928142299583402,-0.0787053892997085,0.0801402130834971,0.0356178724815542
2026-01-01 15:45:00,22,0.98183819282065,0.0601128424904576,0.0801402130834971,0.0445223406019428
2026-01-01 15:45:00,23,0.9759189477799683,-0.0184381028404229,0.3739876610563197,0.1780893624077713
2026-01-01 15:45:00,24,0.9729692461143116,-0.0570780501188101,0.37398766105632,0.1780893624077713
2026-01-01 15:45:00,25,0.9539625626837352,0.1551708236866279,0.0534268087223313,0.0222611703009714
2026-01-01 15:45:00,26,0.9517029032085772,0.2044032663998604,0.0534268087223313,0.0222611703009714
2026-01-01 15:45:00,27,0.941620394272552,0.2772019774376857,0.0534268087223313,0.0178089362407771
2026-01-01 15:45:00,28,0.9343777158325808,0.3453806193899023,0.1068536174446626,0.0623312768427199
2026-01-01 15:45:00,29,0.9312428803296328,0.4372806972337223,0.1780893624077713,0.5342680872233141
2026-01-01 15:45:00,30,0.9275771609593432,0.3636531170965526,0.1335670218058284,0.0623312768427199
2026-01-01 15:45:00,31,0.9267707492655574,0.343568042821845,0.1869938305281597,0.0890446812038858
2026-01-01 15:45:00,32,0.9265208878782326,0.3368314794427298,0.0534268087223313,0.0356178724815543
2026-01-01 16:00:00,0,1.0,0.0,-3.3807609120921147,-2.1954244600789594
2026-01-01 16:00:00,1,0.9974114264355964,0.0155988810858892,0.0907069186681443,0.0544241512008865
2026-01-01 16:00:00,2,0.984707430881723,0.088870849780298,0.0816362268013298,0.0362827674672577
2026-01-01 16:00:00,3,0.977973133826774,0.1477373856829375,0.1088483024017731,0.0725655349345154
2026-01-01 16:00:00,4,0.9713164808864958,0.2074134667336877,0.0544241512008865,0.0272120756004432
2026-01-01 16:00:00,5,0.954760521662295,0.1225810643184438,0.0544241512008865,0.0181413837336288
2026-01-01 16:00:00,6,0.9516245689785952,-0.0836784675064621,0.1814138373362885,0.0907069186681442
2026-01-01 16:00:00,7,0.9472659112639232,-0.0515042658824227,0.1814138373362885,0.0907069186681442
2026-01-01 16:00:00,8,0.9416288703152428,-0.1169295154581499,0.0544241512008866,0.0181413837336288
2026-01-01 16:00:00,9,0.936400830600923,-0.1728364377339959,0.0544241512008866,0.0181413837336288
2026-01-01 16:00:00,10,0.935627648702927,-0.1663784462009165,0.0408181134006648,0.0272120756004433
2026-01-01 16:00:00,11,0.9342795968073874,-0.1561552916799478,0.0544241512008866,0.0317474215338505
2026-01-01 16:00:00,12,0.9287856390786324,-0.2376547710872592,0.0544241512008866,0.0317474215338505
2026-01-01 16:00:00,13,0.926748684604256,-0.3077710433917272,0.1088483024017732,0.0725655349345154
2026-01-01 16:00:00,14,0.9254796878055772,-0.3413423706792993,0.0544241512008865,0.0090706918668144
2026-01-01 16:00:00,15,0.9242506351150688,-0.3620568315606366,0.0544241512008865,0.0181413837336288
2026-01-01 16:00:00,16,0.922429395332211,-0.4308390132141806,0.0544241512008865,0.0181413837336288
2026-01-01 16:00:00,17,0.9218839974794604,-0.4393728888219519,0.0816362268013297,0.0362827674672576
2026-01-01 16:00:00,18,0.9970892768657138,0.0143716430745925,-0.0710125494394977,0.0362827674672576
2026-01-01 16:00:00,19,0.9938474612093872,-0.046292727057179,0.0816362268013299,0.0362827674672576
2026-01-01 16:00:00,20,0.993209092264701,-0.0638180350907006,0.0816362268013297,0.0362827674672576
2026-01-01 16:00:00,21,0.9926315244758736,-0.0822368920261631,0.0816362268013297,0.0362827674672576
2026-01-01 16:00:00,22,0.9814644747480272,0.0608872628007076,0.0816362268013297,0.0453534593340722
2026-01-01 16:00:00,23,0.9754315109314696,-0.0192005484413282,0.380969058406206,0.1814138373362885
2026-01-01 16:00:00,24,0.9724250598601152,-0.0586035129050699,0.380969058406206,0.1814138373362885
2026-01-01 16:00:00,25,0.9530254677376604,0.1579190462718616,0.0544241512008865,0.022676729667036
2026-01-01 16:00:00,26,0.9507201014394582,0.2081871504748308,0.0544241512008865,0.022676729667036
2026-01-01 16:00:00,27,0.9404336166916114,0.2825057190330856,0.0544241512008865,0.0181413837336288
2026-01-01 16:00:00,28,0.9330443361090184,0.3521375961933593,0.108848302401773,0.0634948430677009
2026-01-01 16:00:00,29,0.9298459943145068,0.4460311618031069,0.1814138373362888,0.5442415120088657
2026-01-01 16:00:00,30,0.926105839614198,0.3707974489236683,0.1360603780022162,0.0634948430677009
2026-01-01 16:00:00,31,0.925283050869302,0.3502719952459446,0.1904845292031032,0.0907069186681444
2026-01-01 16:00:00,32,0.9250281143191555,0.34338755198704,0.0544241512008865,0.0362827674672576
2026-01-01 16:15:00,0,1.0,0.0,-3.4677733529767742,-2.234901312093143
2026-01-01 16:15:00,1,0.9973497945928766,0.0154386151610153,0.0922461235653698,0.0553476741392218
2026-01-01 16:15:00,2,0.984416853845448,0.0900715596340257,0.0830215112088328,0.0368984494261479
2026-01-01 16:15:00,3,0.977559649448734,0.1500441858118086,0.1106953482784437,0.0737968988522958
2026-01-01 16:15:00,4,0.9707812251512606,0.2108598203702741,0.0553476741392218,0.0276738370696109
2026-01-01 16:15:00,5,0.953921908215847,0.124451081895096,0.0553476741392218,0.0184492247130739
2026-01-01 16:15:00,6,0.950728476574378,-0.085749955765409,0.1844922471307395,0.0922461235653698
2026-01-01 16:15:00,7,0.9462899899051616,-0.0529396960773731,0.1844922471307396,0.0922461235653698
2026-01-01 16:15:00,8,0.94054909227066,-0.1196185006281573,0.0553476741392219,0.0184492247130739
2026-01-01 16:15:00,9,0.9352246202907004,-0.1766085681124667,0.0553476741392219,0.0184492247130739
2026-01-01 16:15:00,10,0.934437173216324,-0.1700210089826315,0.0415107556044164,0.0276738370696109
2026-01-01 16:15:00,11,0.9330642273076712,-0.159591189724749,0.0553476741392219,0.0322861432478794
2026-01-01 16:15:00,12,0.9274685785893952,-0.2426939954552746,0.0553476741392218,0.0322861432478794
2026-01-01 16:15:00,13,0.9253938836894012,-0.3142071412864176,0.1106953482784438,0.0737968988522959
2026-01-01 16:15:00,14,0.9241013522452736,-0.3484488695249234,0.0553476741392218,0.0092246123565369
2026-01-01 16:15:00,15,0.9228494963696656,-0.3695774836638645,0.0553476741392218,0.0184492247130739
2026-01-01 16:15:00,16,0.9209944368844172,-0.4397424455473263,0.0553476741392218,0.0184492247130739
2026-01-01 16:15:00,17,0.9204389131684456,-0.4484483009961381,0.0830215112088328,0.0368984494261479
2026-01-01 16:15:00,18,0.9969951287149192,0.012710718116492,-0.045919416318207,0.0368984494261479
2026-01-01 16:15:00,19,0.9936977549595428,-0.0489978314381464,0.0830215112088328,0.0368984494261479
2026-01-01 16:15:00,20,0.9930484435660564,-0.0668260806296428,0.0830215112088328,0.0368984494261479
2026-01-01 16:15:00,21,0.992460973193626,-0.0855637366908047,0.0830215112088328,0.0368984494261479
2026-01-01 16:15:00,22,0.9811172742364328,0.0615963303336534,0.0830215112088328,0.0461230617826848
2026-01-01 16:15:00,23,0.9749788920986108,-0.0199171840577643,0.3874337189745531,0.1844922471307395
2026-01-01 16:15:00,24,0.9719198310181832,-0.0600282197174437,0.3874337189745529,0.1844922471307395
2026-01-01 16:15:00,25,0.9521549355873552,0.1604635889268721,0.055347674139222,0.0230615308913424
2026-01-01 16:15:00,26,0.949807109754337,0.2116952437316195,0.055347674139222,0.0230615308913424
2026-01-01 16:15:00,27,0.93933113954028,0.2874273929691559,0.055347674139222,0.0184492247130738
2026-01-01 16:15:00,28,0.9318056683680244,0.3584120293992101,0.1106953482784436,0.0645722864957589
2026-01-01 16:15:00,29,0.928548328411491,0.4541625908156496,0.1844922471307395,0.5534767413922188
2026-01-01 16:15:00,30,0.924739015611342,0.3774323685890793,0.1383691853480546,0.0645722864957589
2026-01-01 16:15:00,31,0.923901010809838,0.3564965061923989,0.1937168594872766,0.0922461235653697
2026-01-01 16:15:00,32,0.9236413588505292,0.3494742404342436,0.055347674139222,0.0368984494261477
2026-01-01 16:30:00,0,1.0,0.0,-3.3520906259258436,-2.189355598522875
2026-01-01 16:30:00,1,0.9974297002915988,0.0158810013739764,0.0904714508528203,0.0542828705116921
2026-01-01 16:30:00,2,0.9847608088441367,0.0889437609785106,0.0814243057675382,0.0361885803411281
2026-01-01 16:30:00,3,0.9780453526855108,0.1476403107601743,0.1085657410233844,0.0723771606822562
2026-01-01 16:30:00,4,0.9714073657143338,0.2071413228484473,0.0542828705116921,0.027141435255846
2026-01-01 16:30:00,5,0.9548979058902622,0.1225512345634979,0.0542828705116921,0.018094290170564
2026-01-01 16:30:00,6,0.9517707636701944,-0.0831027766048469,0.1809429017056406,0.0904714508528203
2026-01-01 16:30:00,7,0.9474243424306036,-0.0510262175889452,0.1809429017056406,0.0904714508528203
2026-01-01 16:30:00,8,0.9418032192109508,-0.1162588974036353,0.0542828705116922,0.018094290170564
2026-01-01 16:30:00,9,0.936589958982654,-0.1719994689846961,0.0542828705116922,0.018094290170564
2026-01-01 16:30:00,10,0.9358189633955574,-0.165561361017288,0.0407121528837691,0.0271414352558461
2026-01-01 16:30:00,11,0.93447472674191,-0.1553699161530417,0.0542828705116922,0.0316650077984871
2026-01-01 16:30:00,12,0.9289963534108592,-0.2366232391340738,0.0542828705116922,0.031665007798487
2026-01-01 16:30:00,13,0.9269651826383868,-0.3065251124815111,0.1085657410233844,0.0723771606822563
2026-01-01 16:30:00,14,0.925699792443637,-0.3399935488592956,0.0542828705116922,0.009047145085282
2026-01-01 16:30:00,15,0.9244742342349987,-0.3606444485949855,0.0542828705116922,0.018094290170564
2026-01-01 16:30:00,16,0.9226581770750768,-0.4292144380659725,0.0542828705116922,0.018094290170564
2026-01-01 16:30:00,17,0.9221143309429568,-0.4377219242587633,0.0814243057675383,0.0361885803411281
2026-01-01 16:30:00,18,0.9971282359442236,0.0157441375721812,-0.0901541253676561,0.0361885803411281
2026-01-01 16:30:00,19,0.9938949982309178,-0.0447575490343679,0.0814243057675383,0.0361885803411281
2026-01-01 16:30:00,20,0.993258318752026,-0.0622356626754508,0.0814243057675383,0.0361885803411281
2026-01-01 16:30:00,21,0.9926822798745404,-0.0806048560114697,0.0814243057675383,0.0361885803411281
2026-01-01 16:30:00,22,0.98152654004134,0.0610358407725996,0.0814243057675383,0.0452357254264101
2026-01-01 16:30:00,23,0.9755097495865976,-0.0188326045881729,0.3799800935818453,0.1809429017056406
2026-01-01 16:30:00,24,0.972511369783168,-0.058126642466838,0.3799800935818453,0.1809429017056405
2026-01-01 16:30:00,25,0.9531677441699712,0.157785588932109,0.0542828705116922,0.0226178627132049
2026-01-01 16:30:00,26,0.9508688855343822,0.2079056760500569,0.0542828705116922,0.0226178627132049
2026-01-01 16:30:00,27,0.9406114426337564,0.2820070568842851,0.0542828705116922,0.018094290170564
2026-01-01 16:30:00,28,0.9332430353380788,0.351431188786959,0.1085657410233844,0.0633300155969742
2026-01-01 16:30:00,29,0.9300537357628956,0.4450396870086806,0.1809429017056407,0.542828705116922
2026-01-01 16:30:00,30,0.9263241799261696,0.3700356736294778,0.1357071762792303,0.0633300155969742
2026-01-01 16:30:00,31,0.925503723120194,0.3495732062722424,0.1899900467909225,0.0904714508528201
2026-01-01 16:30:00,32,0.9252495092283528,0.3427099143512952,0.0542828705116922,0.0361885803411281
2026-01-01 16:45:00,0,1.0,0.0,-3.4918775192167413,-2.213521231302947
2026-01-01 16:45:00,1,0.9973421930204118,0.0143260990545826,0.0914056462574425,0.0548433877544655
2026-01-01 16:45:00,2,0.9845337398138518,0.0882219631737863,0.0822650816316982,0.036562258502977
2026-01-01 16:45:00,3,0.9777433693003246,0.1475954916720453,0.109686775508931,0.073124517005954
2026-01-01 16:45:00,4,0.971031161827235,0.2077938198657117,0.0548433877544655,0.0274216938772327
2026-01-01 16:45:00,5,0.9543368059187496,0.12223879719685,0.0548433877544655,0.0182811292514885
2026-01-01 16:45:00,6,0.9511746304470424,-0.0858270764193242,0.1828112925148849,0.0914056462574425
2026-01-01 16:45:00,7,0.9467795533893572,-0.0533614796827935,0.182811292514885,0.0914056462574425
2026-01-01 16:45:00,8,0.941095132797506,-0.1193612038010157,0.0548433877544655,0.0182811292514885
2026-01-01 16:45:00,9,0.935823100765127,-0.1757644485453662,0.0548433877544655,0.0182811292514885
2026-01-01 16:45:00,10,0.9350434111154192,-0.1692471079444464,0.0411325408158491,0.0274216938772327
2026-01-01 16:45:00,11,0.9336840026676592,-0.1589292970787973,0.0548433877544655,0.0319919761901048
2026-01-01 16:45:00,12,0.928143654522901,-0.2411633399647222,0.0548433877544655,0.0319919761901048
2026-01-01 16:45:00,13,0.9260894833422458,-0.3119195038440632,0.109686775508931,0.073124517005954
2026-01-01 16:45:00,14,0.924809750396424,-0.3457979263323992,0.0548433877544654,0.0091405646257441
2026-01-01 16:45:00,15,0.92357029526499,-0.3667020988495968,0.0548433877544654,0.0182811292514885
2026-01-01 16:45:00,16,0.9217336275648124,-0.4361176548665924,0.0548433877544654,0.0182811292514885
2026-01-01 16:45:00,17,0.9211836104769489,-0.4447303027852724,0.0822650816316983,0.036562258502977
2026-01-01 16:45:00,18,0.9969320582264632,0.0084054921343815,0.0116786809307134,0.036562258502977
2026-01-01 16:45:00,19,0.9936646457486716,-0.0527469088404858,0.0822650816316983,0.036562258502977
2026-01-01 16:45:00,20,0.9930212353754534,-0.0704138007117913,0.0822650816316983,0.036562258502977
2026-01-01 16:45:00,21,0.992439105241434,-0.0889816511840292,0.0822650816316983,0.036562258502977
2026-01-01 16:45:00,22,0.9812649443964876,0.0600128704620917,0.0822650816316983,0.0457028231287213
2026-01-01 16:45:00,23,0.9751838746532532,-0.0207287981344933,0.3839037142812587,0.182811292514885
2026-01-01 16:45:00,24,0.9721534160206664,-0.060456469770081,0.3839037142812587,0.182811292514885
2026-01-01 16:45:00,25,0.9525871904872008,0.157885908884223,0.0548433877544654,0.0228514115643605
2026-01-01 16:45:00,26,0.9502624540143868,0.2085955819501557,0.0548433877544654,0.0228514115643605
2026-01-01 16:45:00,27,0.9398895254823556,0.2835620100590422,0.0548433877544654,0.0182811292514886
2026-01-01 16:45:00,28,0.9324381145765468,0.3538137348230592,0.1096867755089308,0.0639839523802097
2026-01-01 16:45:00,29,0.9292128578757946,0.4485580340562663,0.1828112925148852,0.5484338775446551
2026-01-01 16:45:00,30,0.9254411537517606,0.372638776438256,0.1371084693861637,0.0639839523802097
2026-01-01 16:45:00,31,0.9246114235578674,0.3519253265881549,0.1919518571406291,0.0914056462574424
2026-01-01 16:45:00,32,0.9243543358761364,0.344977751708117,0.0548433877544654,0.0365622585029767
2026-01-01 17:00:00,0,1.0,0.0,-3.6694907430743577,-2.3344431554959773
2026-01-01 17:00:00,1,0.9972045641931906,0.0153322571554479,0.0961141304492258,0.0576684782695355
2026-01-01 17:00:00,2,0.9836941575498792,0.0934038276538979,0.0865027174043032,0.0384456521796903
2026-01-01 17:00:00,3,0.9765266842437168,0.1561732018823527,0.115336956539071,0.0768913043593806
2026-01-01 17:00:00,4,0.9694408124694156,0.219873208614524,0.0576684782695354,0.0288342391347677
2026-01-01 17:00:00,5,0.9518154979198074,0.1294817181587601,0.0576684782695354,0.0192228260898451
2026-01-01 17:00:00,6,0.9484769253286084,-0.0906963732601265,0.1922282608984516,0.0961141304492258
2026-01-01 17:00:00,7,0.9438368713517964,-0.0562723865975604,0.1922282608984516,0.0961141304492258
2026-01-01 17:00:00,8,0.9378336311219012,-0.1261247785901633,0.0576684782695354,0.0192228260898451
2026-01-01 17:00:00,9,0.9322655514276692,-0.1858590796452374,0.0576684782695354,0.0192228260898451
2026-01-01 17:00:00,10,0.9314420669448052,-0.1789424615361511,0.0432513587021515,0.0288342391347677
2026-01-01 17:00:00,11,0.930006228621002,-0.1679875127820948,0.0576684782695355,0.033639945657229
2026-01-01 17:00:00,12,0.9241536259731324,-0.2551567394060723,0.0576684782695355,0.033639945657229
2026-01-01 17:00:00,13,0.9219835615897743,-0.3302157893998029,0.1153369565390709,0.0768913043593806
2026-01-01 17:00:00,14,0.9206315544279216,-0.3661595808566682,0.0576684782695355,0.0096114130449226
2026-01-01 17:00:00,15,0.9193220697017436,-0.3883397650021553,0.0576684782695355,0.0192228260898451
2026-01-01 17:00:00,16,0.9173815349334014,-0.4620170729497003,0.0576684782695355,0.0192228260898451
2026-01-01 17:00:00,17,0.9168004196431488,-0.4711598417717606,0.0865027174043031,0.0384456521796903
2026-01-01 17:00:00,18,0.9967860625131356,0.0098126997633344,-0.0002956511888947,0.0384456521796903
2026-01-01 17:00:00,19,0.9933490856777656,-0.0545185027167197,0.0865027174043031,0.0384456521796903
2026-01-01 17:00:00,20,0.992672278436162,-0.0731078390072814,0.0865027174043031,0.0384456521796903
2026-01-01 17:00:00,21,0.9920599248085092,-0.092646484480693,0.0865027174043031,0.0384456521796903
2026-01-01 17:00:00,22,0.9802520658937836,0.0636910222954129,0.0865027174043031,0.0480570652246129
2026-01-01 17:00:00,23,0.9738483506001728,-0.0214142384658778,0.4036793478867486,0.1922282608984516
2026-01-01 17:00:00,24,0.970656860591557,-0.063310144807138,0.4036793478867486,0.1922282608984518
2026-01-01 17:00:00,25,0.9499679068048916,0.1672015107790604,0.0576684782695355,0.0240285326123064
2026-01-01 17:00:00,26,0.9475128306771348,0.2208726890468756,0.0576684782695355,0.0240285326123064
2026-01-01 17:00:00,27,0.9365582255783472,0.3001817912173127,0.0576684782695355,0.0192228260898452
2026-01-01 17:00:00,28,0.9286887279850264,0.3745944126305574,0.1153369565390711,0.0672798913144581
2026-01-01 17:00:00,29,0.9252823460427826,0.4750565150614644,0.1922282608984518,0.576684782695355
2026-01-01 17:00:00,30,0.921298296167112,0.3945278706374693,0.1441711956738389,0.0672798913144578
2026-01-01 17:00:00,31,0.9204218456146208,0.3725499386882462,0.2018396739433741,0.0961141304492256
2026-01-01 17:00:00,32,0.92015027929547,0.3651776980510372,0.0576684782695355,0.0384456521796905
2026-01-01 17:15:00,0,1.0,0.0,-3.6640435824338886,-2.28966783265438
2026-01-01 17:15:00,1,0.9972208216767872,0.0139438798486682,0.0943674772406907,0.0566204863444144
2026-01-01 17:15:00,2,0.9839708482756568,0.0904673599715408,0.0849307295166216,0.0377469908962763
2026-01-01 17:15:00,3,0.9769433462252088,0.1519772461581566,0.1132409726888289,0.0754939817925526
2026-01-01 17:15:00,4,0.9699961803084772,0.2143777698154938,0.0566204863444144,0.0283102431722072
2026-01-01 17:15:00,5,0.95271646110847,0.1257793375829984,0.0566204863444144,0.0188734954481381
2026-01-01 17:15:00,6,0.9494433722629896,-0.0899037407660438,0.1887349544813815,0.0943674772406907
2026-01-01 17:15:00,7,0.9448942585123056,-0.0562074498163041,0.1887349544813815,0.0943674772406907
2026-01-01 17:15:00,8,0.9390093952825148,-0.1246299429732527,0.0566204863444144,0.0188734954481381
2026-01-01 17:15:00,9,0.9335512419543462,-0.1831274285704328,0.0566204863444144,0.0188734954481381
2026-01-01 17:15:00,10,0.9327440192172852,-0.1763592564146606,0.0424653647583108,0.0283102431722072
2026-01-01 17:15:00,11,0.9313365614927408,-0.1656412532344824,0.0566204863444144,0.0330286170342418
2026-01-01 17:15:00,12,0.9255999175843516,-0.2509770012789637,0.0566204863444145,0.0330286170342417
2026-01-01 17:15:00,13,0.9234728928171568,-0.3244367141878139,0.1132409726888288,0.0754939817925526
2026-01-01 17:15:00,14,0.9221477273064616,-0.3596127611341699,0.0566204863444144,0.0094367477240691
2026-01-01 17:15:00,15,0.9208642509997542,-0.3813186012773055,0.0566204863444144,0.0188734954481381
2026-01-01 17:15:00,16,0.9189622928380224,-0.4534113141444243,0.0566204863444144,0.0188734954481381
2026-01-01 17:15:00,17,0.9183927274520548,-0.4623569563154975,0.0849307295166217,0.0377469908962763
2026-01-01 17:15:00,18,0.9967435019312236,0.0048823025302574,0.0644191574399917,0.0377469908962763
2026-01-01 17:15:00,19,0.9933691107148424,-0.0582816583936193,0.0849307295166217,0.0377469908962763
2026-01-01 17:15:00,20,0.9927046302073568,-0.0765322300252866,0.0849307295166217,0.0377469908962763
2026-01-01 17:15:00,21,0.9921034320980996,-0.0957143391288718,0.0849307295166217,0.0377469908962763
2026-01-01 17:15:00,22,0.9805929788372842,0.0613109026224224,0.0849307295166217,0.0471837386203454
2026-01-01 17:15:00,23,0.974308836347628,-0.0221791823686952,0.3963434044109013,0.1887349544813815
2026-01-01 17:15:00,24,0.9711770275354262,-0.0632722641196258,0.3963434044109011,0.1887349544813814
2026-01-01 17:15:00,25,0.9509052461668024,0.1627299604442993,0.0566204863444146,0.0235918693101726
2026-01-01 17:15:00,26,0.9484985642024328,0.2153019576090351,0.0566204863444146,0.0235918693101726
2026-01-01 17:15:00,27,0.9377599327230434,0.2929997333548208,0.0566204863444146,0.0188734954481382
2026-01-01 17:15:00,28,0.9300456716830064,0.3658672572737276,0.1132409726888288,0.0660572340684835
2026-01-01 17:15:00,29,0.9267065440263492,0.4642046959665414,0.1887349544813816,0.5662048634441446
2026-01-01 17:15:00,30,0.9228013478766668,0.3853892122212006,0.1415512158610359,0.0660572340684837
2026-01-01 17:15:00,31,0.9219422468266693,0.3638813400880038,0.1981717022054505,0.0943674772406906
2026-01-01 17:15:00,32,0.921676057150776,0.3566669723963084,0.0566204863444146,0.0377469908962764
2026-01-01 17:30:00,0,1.0,0.0,-3.5568901322419206,-2.239271550624167
2026-01-01 17:30:00,1,0.9972972417202371,0.0140824910094216,0.0924079236803259,0.0554447542081955
2026-01-01 17:30:00,2,0.9843395364849272,0.088866273173434,0.0831671313122933,0.0369631694721303
2026-01-01 17:30:00,3,0.9774690299284194,0.1489615171053899,0.1108895084163911,0.0739263389442607
2026-01-01 17:30:00,4,0.9706774250703416,0.2099035206218907,0.0554447542081955,0.0277223771040977
2026-01-01 17:30:00,5,0.9537852702409876,0.1233200759039,0.0554447542081955,0.0184815847360652
2026-01-01 17:30:00,6,0.950585616525632,-0.087318056148411,0.1848158473606519,0.0924079236803259
2026-01-01 17:30:00,7,0.9461384886948851,-0.0544372099026994,0.1848158473606519,0.0924079236803259
2026-01-01 17:30:00,8,0.9403863459973054,-0.1212550345667474,0.0554447542081956,0.0184815847360652
2026-01-01 17:30:00,9,0.9350514322896551,-0.1783652520542763,0.0554447542081956,0.0184815847360652
2026-01-01 17:30:00,10,0.934262440557756,-0.1717633095413997,0.0415835656561467,0.0277223771040978
2026-01-01 17:30:00,11,0.932886798973212,-0.1613105446001196,0.0554447542081956,0.032342773288114
2026-01-01 17:30:00,12,0.9272801373796108,-0.2445912611045468,0.0554447542081956,0.032342773288114
2026-01-01 17:30:00,13,0.9252013551049302,-0.316259451499572,0.1108895084163912,0.0739263389442608
2026-01-01 17:30:00,14,0.9239062746925988,-0.3505755940410295,0.0554447542081955,0.0092407923680325
2026-01-01 17:30:00,15,0.9226519490252784,-0.3717501802642473,0.0554447542081955,0.0184815847360652
2026-01-01 17:30:00,16,0.920793226415435,-0.4420686528604547,0.0554447542081955,0.0184815847360652
2026-01-01 17:30:00,17,0.9202366059430704,-0.4507936018373124,0.0831671313122932,0.0369631694721304
2026-01-01 17:30:00,18,0.996857417093928,0.0067179352935669,0.036299287834252,0.0369631694721304
2026-01-01 17:30:00,19,0.9935537748956768,-0.055116307605264,0.0831671313122934,0.0369631694721304
2026-01-01 17:30:00,20,0.9929032288801768,-0.0729810263670049,0.0831671313122934,0.0369631694721304
2026-01-01 17:30:00,21,0.9923146411896346,-0.0917570620061708,0.0831671313122934,0.0369631694721304
2026-01-01 17:30:00,22,0.9810338409469148,0.0603366184494172,0.0831671313122934,0.0462039618401629
2026-01-01 17:30:00,23,0.974884072141578,-0.021334763663416,0.3881132794573689,0.1848158473606519
2026-01-01 17:30:00,24,0.971819328071554,-0.0615242182820281,0.3881132794573689,0.184815847360652
2026-01-01 17:30:00,25,0.9520148418553406,0.1594073828443913,0.0554447542081955,0.0231019809200814
2026-01-01 17:30:00,26,0.9496624187978964,0.2107458978476635,0.0554447542081955,0.0231019809200814
2026-01-01 17:30:00,27,0.9391659322508084,0.2866347898306253,0.0554447542081955,0.018481584736065
2026-01-01 17:30:00,28,0.9316257148282744,0.3577694928367571,0.110889508416391,0.0646855465762281
2026-01-01 17:30:00,29,0.9283619865077448,0.4537261371602226,0.1848158473606518,0.5544475420819557
2026-01-01 17:30:00,30,0.924545184407562,0.3768298169301104,0.1386118855204889,0.0646855465762281
2026-01-01 17:30:00,31,0.9237055318116172,0.3558483980038168,0.1940566397286844,0.0924079236803261
2026-01-01 17:30:00,32,0.9234453692019678,0.3488108331531194,0.0554447542081955,0.0369631694721301
2026-01-01 17:45:00,0,1.0,0.0,-3.6349895657183606,-2.269966625999289
2026-01-01 17:45:00,1,0.9972433118614034,0.0137819263113295,0.0936006392392039,0.0561603835435223
2026-01-01 17:45:00,2,0.9841077029972728,0.0896249510154225,0.0842405753152835,0.0374402556956815
2026-01-01 17:45:00,3,0.9771416440782272,0.1505814298865446,0.1123207670870446,0.0748805113913631
2026-01-01 17:45:00,4,0.9702553618089688,0.2124112496781517,0.0561603835435223,0.0280801917717611
2026-01-01 17:45:00,5,0.9531273313446106,0.1246009479175908,0.0561603835435223,0.0187201278478408
2026-01-01 17:45:00,6,0.9498829843785572,-0.0891080713818068,0.1872012784784078,0.0936006392392039
2026-01-01 17:45:00,7,0.9453737866311682,-0.0557310203575758,0.1872012784784078,0.0936006392392039
2026-01-01 17:45:00,8,0.939540872912523,-0.1235255944705007,0.0561603835435223,0.0187201278478407
2026-01-01 17:45:00,9,0.9341309588716308,-0.1814801411634299,0.0561603835435223,0.0187201278478407
2026-01-01 17:45:00,10,0.9333308722647596,-0.1747770612293717,0.0421202876576417,0.0280801917717611
2026-01-01 17:45:00,11,0.9319358684374828,-0.1641629318072366,0.0561603835435223,0.0327602237337213
2026-01-01 17:45:00,12,0.9262501056404038,-0.2486942101960915,0.0561603835435222,0.0327602237337213
2026-01-01 17:45:00,13,0.924141965495882,-0.3214524723881557,0.1123207670870447,0.0748805113913632
2026-01-01 17:45:00,14,0.922828577025657,-0.3562918211609013,0.0561603835435222,0.0093600639239204
2026-01-01 17:45:00,15,0.921556512026686,-0.3777896434157142,0.0561603835435222,0.0187201278478408
2026-01-01 17:45:00,16,0.9196714790666846,-0.4491875754854258,0.0561603835435222,0.0187201278478408
2026-01-01 17:45:00,17,0.9191069811460224,-0.4580467924236646,0.0842405753152835,0.0374402556956815
2026-01-01 17:45:00,18,0.9967674752317552,0.0046616907978358,0.0662536914154312,0.0374402556956815
2026-01-01 17:45:00,19,0.993420704140356,-0.0579844127840065,0.0842405753152835,0.0374402556956815
2026-01-01 17:45:00,20,0.992761663612382,-0.0760847059481409,0.0842405753152835,0.0374402556956815
2026-01-01 17:45:00,21,0.9921653885812932,-0.0951086585439194,0.0842405753152835,0.0374402556956815
2026-01-01 17:45:00,22,0.9807580624426924,0.0607134566278504,0.0842405753152835,0.0468003196196019
2026-01-01 17:45:00,23,0.9745264771234308,-0.0220657266984584,0.3931226848046565,0.1872012784784079
2026-01-01 17:45:00,24,0.9714208996288898,-0.0628055496730559,0.3931226848046565,0.1872012784784078
2026-01-01 17:45:00,25,0.9513320807431936,0.16121376562707,0.0561603835435224,0.023400159809801
2026-01-01 17:45:00,26,0.9489466367025744,0.2133030860166842,0.0561603835435224,0.023400159809801
2026-01-01 17:45:00,27,0.9383027853940038,0.2902931088665357,0.0561603835435224,0.0187201278478408
2026-01-01 17:45:00,28,0.9306566488975556,0.3624824249773324,0.1123207670870445,0.0655204474674426
2026-01-01 17:45:00,29,0.9273470345803518,0.4598877932400492,0.1872012784784078,0.5616038354352237
2026-01-01 17:45:00,30,0.9234764394509994,0.3818237190336644,0.1404009588588057,0.0655204474674429
2026-01-01 17:45:00,31,0.9226249513311584,0.3605219853374366,0.1965613424023282,0.0936006392392041
2026-01-01 17:45:00,32,0.922361120904334,0.3533768479944672,0.0561603835435224,0.0374402556956816
2026-01-01 18:00:00,0,1.0,0.0,-3.703576501515712,-2.301529981849055
2026-01-01 18:00:00,1,0.9971946003415502,0.0136702332412334,0.094826245778651,0.0568957474671906
2026-01-01 18:00:00,2,0.9838759558016176,0.0906034818083871,0.0853436212007859,0.0379304983114604
2026-01-01 18:00:00,3,0.9768115514439656,0.1524466856639517,0.1137914949343812,0.0758609966229208
2026-01-01 18:00:00,4,0.9698278177764316,0.2151910263008853,0.0568957474671906,0.0284478737335953
2026-01-01 18:00:00,5,0.9524569891492892,0.1261179841517098,0.0568957474671906,0.0189652491557302
2026-01-01 18:00:00,6,0.9491666368585316,-0.0907543684837534,0.1896524915573021,0.094826245778651
2026-01-01 18:00:00,7,0.9445935483819564,-0.0568656510205459,0.1896524915573021,0.094826245778651
2026-01-01 18:00:00,8,0.9386774794202744,-0.1256664479426395,0.0568957474671906,0.0189652491557302
2026-01-01 18:00:00,9,0.933190348461544,-0.1844910952234039,0.0568957474671906,0.0189652491557302
2026-01-01 18:00:00,10,0.9323788389878738,-0.1776836786545563,0.0426718106003929,0.0284478737335953
2026-01-01 18:00:00,11,0.930963899974102,-0.1669030421890756,0.0568957474671907,0.0331891860225279
2026-01-01 18:00:00,12,0.925196689537478,-0.2527236597749379,0.0568957474671907,0.0331891860225278
2026-01-01 18:00:00,13,0.9230583197384564,-0.3266062347862236,0.1137914949343812,0.0758609966229209
2026-01-01 18:00:00,14,0.9217260789851792,-0.3619852642112788,0.0568957474671907,0.009482624577865
2026-01-01 18:00:00,15,0.9204357471038704,-0.3838165127679706,0.0568957474671907,0.0189652491557301
2026-01-01 18:00:00,16,0.9185236206212056,-0.4563281270335452,0.0568957474671907,0.0189652491557301
2026-01-01 18:00:00,17,0.9179510108147372,-0.4653258792346079,0.0853436212007858,0.0379304983114604
2026-01-01 18:00:00,18,0.9966937639470156,0.0034037068185358,0.0853436212007858,0.0379304983114604
2026-01-01 18:00:00,19,0.9933027256566338,-0.0600746259599489,0.0853436212007858,0.0379304983114604
2026-01-01 18:00:00,20,0.99263496637661,-0.0784164313011235,0.0853436212007858,0.0379304983114604
2026-01-01 18:00:00,21,0.992030801025792,-0.0976945585391396,0.0853436212007858,0.0379304983114604
2026-01-01 18:00:00,22,0.9804811458656486,0.0612996330270116,0.0853436212007858,0.0474131228893255
2026-01-01 18:00:00,23,0.9741654627772331,-0.0226182725725475,0.3982702322703344,0.1896524915573022
2026-01-01 18:00:00,24,0.971017911649778,-0.0639239735937841,0.3982702322703346,0.1896524915573021
2026-01-01 18:00:00,25,0.9506361847953678,0.1632721147263628,0.0568957474671907,0.0237065614446627
2026-01-01 18:00:00,26,0.9482167454345456,0.2161349148653884,0.0568957474671907,0.0237065614446627
2026-01-01 18:00:00,27,0.937421180328403,0.2942590441506009,0.0568957474671907,0.0189652491557301
2026-01-01 18:00:00,28,0.9296659970605836,0.3675352574931184,0.1137914949343814,0.0663783720450557
2026-01-01 18:00:00,29,0.926309140546558,0.4664345208127604,0.1896524915573021,0.5689574746719064
2026-01-01 18:00:00,30,0.9223831584267932,0.387166068758374,0.1422393686679766,0.0663783720450557
2026-01-01 18:00:00,31,0.9215194840277124,0.3655339210847185,0.1991351161351673,0.094826245778651
2026-01-01 18:00:00,32,0.9212518770653348,0.3582778154027334,0.0568957474671907,0.0379304983114603
2026-01-01 18:15:00,0,1.0,0.0,-3.88049951820109,-2.4119353164072592
2026-01-01 18:15:00,1,0.9970604508152142,0.0143403815026106,0.09910410611547,0.059462463669282
2026-01-01 18:15:00,2,0.9831009064612828,0.0950956102142155,0.089193695503923,0.039641642446188
2026-01-01 18:15:00,3,0.9756918496960676,0.1600498007186776,0.1189249273385641,0.079283284892376
2026-01-01 18:15:00,4,0.9683665445297724,0.2260060804030624,0.059462463669282,0.029731231834641
2026-01-01 18:15:00,5,0.9501446046158438,0.1325062832978785,0.059462463669282,0.019820821223094
2026-01-01 18:15:00,6,0.9466929807365674,-0.0954768113147754,0.1982082122309401,0.0991041061154701
2026-01-01 18:15:00,7,0.9418959346389432,-0.0597867157521811,0.1982082122309402,0.0991041061154701
2026-01-01 18:15:00,8,0.9356882599519588,-0.1321222725245361,0.059462463669282,0.019820821223094
2026-01-01 18:15:00,9,0.9299303256906388,-0.1940058646862825,0.059462463669282,0.019820821223094
2026-01-01 18:15:00,10,0.9290787549641352,-0.1868307328289941,0.0445968477519614,0.029731231834641
2026-01-01 18:15:00,11,0.927593896617935,-0.1754629639514278,0.0594624636692819,0.0346864371404145
2026-01-01 18:15:00,12,0.921540975495902,-0.2658213094808577,0.0594624636692819,0.0346864371404145
2026-01-01 18:15:00,13,0.919296555438868,-0.3436643759052094,0.1189249273385641,0.079283284892376
2026-01-01 18:15:00,14,0.9178981734045476,-0.3809447987135301,0.0594624636692819,0.0099104106115469
2026-01-01 18:15:00,15,0.9165437521837004,-0.4039508692509832,0.0594624636692819,0.019820821223094
2026-01-01 18:15:00,16,0.9145365622020832,-0.4803880784800566,0.0594624636692819,0.019820821223094
2026-01-01 18:15:00,17,0.9139354904757564,-0.4898742359988223,0.0891936955039229,0.039641642446188
2026-01-01 18:15:00,18,0.996536855024832,0.0036075550920542,0.0891936955039229,0.039641642446188
2026-01-01 18:15:00,19,0.9929915753516148,-0.0627646297864255,0.0891936955039229,0.039641642446188
2026-01-01 18:15:00,20,0.992293436746961,-0.0819464454402454,0.0891936955039229,0.039641642446188
2026-01-01 18:15:00,21,0.9916617782526164,-0.1021086941460486,0.0891936955039229,0.039641642446188
2026-01-01 18:15:00,22,0.9795482855365648,0.0644215297296681,0.0891936955039229,0.049552053057735
2026-01-01 18:15:00,23,0.972938771062811,-0.0234764818251658,0.4162372456849745,0.1982082122309401
2026-01-01 18:15:00,24,0.969644553812171,-0.0667612393657052,0.4162372456849743,0.1982082122309401
2026-01-01 18:15:00,25,0.9482341988021552,0.1715615517605117,0.0594624636692819,0.0247760265288674
2026-01-01 18:15:00,26,0.94569554905473,0.2271416663597426,0.0594624636692819,0.0247760265288674
2026-01-01 18:15:00,27,0.9343679671434518,0.3092477764894416,0.0594624636692819,0.0198208212230939
2026-01-01 18:15:00,28,0.9262303734643862,0.3863458723550455,0.1189249273385639,0.069372874280829
2026-01-01 18:15:00,29,0.9227078358319504,0.4905047987945622,0.1982082122309401,0.5946246366928205
2026-01-01 18:15:00,30,0.9185875754392878,0.4069942823014255,0.1486561591732051,0.069372874280829
2026-01-01 18:15:00,31,0.917681155390836,0.3841979180753349,0.2081186228424871,0.0991041061154702
2026-01-01 18:15:00,32,0.9174003013658878,0.3765507805422777,0.0594624636692819,0.0396416424461878
2026-01-01 18:30:00,0,1.0,0.0,-3.8529678485390497,-2.394751777855445
2026-01-01 18:30:00,1,0.9970813271867744,0.0142359881267075,0.098439977309477,0.0590639863856862
2026-01-01 18:30:00,2,0.9832215450464576,0.0943955304594948,0.0885959795785293,0.0393759909237908
2026-01-01 18:30:00,3,0.9758661674239432,0.158864601724501,0.1181279727713724,0.0787519818475816
2026-01-01 18:30:00,4,0.9685940669695384,0.2243196682409907,0.0590639863856862,0.0295319931928431
2026-01-01 18:30:00,5,0.9505047096042056,0.1315098144469071,0.0590639863856862,0.0196879954618953
2026-01-01 18:30:00,6,0.9470782082753052,-0.0947394188824103,0.196879954618954,0.098439977309477
2026-01-01 18:30:00,7,0.9423160486649752,-0.0593308671631562,0.196879954618954,0.098439977309477
2026-01-01 18:30:00,8,0.9361538106296492,-0.1311147591730139,0.0590639863856862,0.0196879954618954
2026-01-01 18:30:00,9,0.93043807395501,-0.1925207031268304,0.0590639863856862,0.0196879954618954
2026-01-01 18:30:00,10,0.929592745799144,-0.185403082544337,0.0442979897892646,0.0295319931928431
2026-01-01 18:30:00,11,0.9281187831388727,-0.1741271738420975,0.0590639863856861,0.0344539920583168
2026-01-01 18:30:00,12,0.9221103898039223,-0.2637764588696887,0.0590639863856861,0.0344539920583168
2026-01-01 18:30:00,13,0.919882498372428,-0.3410002971851953,0.1181279727713724,0.0787519818475815
2026-01-01 18:30:00,14,0.9184944253653607,-0.3779834016823463,0.0590639863856861,0.0098439977309476
2026-01-01 18:30:00,15,0.917149993543499,-0.4008057565955245,0.0590639863856861,0.0196879954618953
2026-01-01 18:30:00,16,0.9151576214165398,-0.4766289316631646,0.0590639863856861,0.0196879954618953
2026-01-01 18:30:00,17,0.9145609861010704,-0.486038684979206,0.0885959795785293,0.0393759909237908
2026-01-01 18:30:00,18,0.9965612657183204,0.0035755728092615,0.0885959795785293,0.0393759909237908
2026-01-01 18:30:00,19,0.9930399391153572,-0.0623471682242351,0.0885959795785293,0.0393759909237908
2026-01-01 18:30:00,20,0.9923465183348156,-0.0813984998555002,0.0885959795785293,0.0393759909237908
2026-01-01 18:30:00,21,0.991719129488992,-0.1014234053978725,0.0885959795785293,0.0393759909237908
2026-01-01 18:30:00,22,0.9796934526177792,0.0639344752000507,0.0885959795785293,0.0492199886547385
2026-01-01 18:30:00,23,0.9731296096763394,-0.0233444246172445,0.4134479046998034,0.196879954618954
2026-01-01 18:30:00,24,0.969858190782405,-0.0663212164430927,0.4134479046998032,0.1968799546189539
2026-01-01 18:30:00,25,0.9486082640881658,0.1702684199279828,0.0590639863856861,0.0246099943273692
2026-01-01 18:30:00,26,0.9460881888225376,0.2254244306538701,0.0590639863856861,0.0246099943273692
2026-01-01 18:30:00,27,0.9348435025162504,0.3069092862645383,0.0590639863856861,0.0196879954618953
2026-01-01 18:30:00,28,0.9267654952093888,0.3834105242930158,0.1181279727713722,0.0689079841166337
2026-01-01 18:30:00,29,0.9232687746863568,0.4867473740583629,0.1968799546189541,0.590639863856862
2026-01-01 18:30:00,30,0.9191787909461312,0.4039000624397462,0.1476599659642152,0.0689079841166337
2026-01-01 18:30:00,31,0.9182790324957826,0.3812857562630112,0.2067239523499018,0.0984399773094768
2026-01-01 18:30:00,32,0.9180002429455804,0.3736997710596378,0.0590639863856861,0.0393759909237907
2026-01-01 18:45:00,0,1.0,0.0,-3.917677126434959,-2.4351409709587055
2026-01-01 18:45:00,1,0.9970322597293052,0.0144814140640498,0.1,0.06
2026-01-01 18:45:00,2,0.9829379833962252,0.0960415812877516,0.09,0.04
2026-01-01 18:45:00,3,0.9754564132219788,0.1616514484413263,0.12,0.0799999999999999
2026-01-01 18:45:00,4,0.968059232357499,0.2282853637329935,0.06,0.03
2026-01-01 18:45:00,5,0.9496581773981384,0.1338532625361258,0.06,0.0199999999999999
2026-01-01 18:45:00,6,0.9461726135081502,-0.0964740350413004,0.2,0.0999999999999999
2026-01-01 18:45:00,7,0.9413284372208858,-0.0604030324126142,0.2,0.0999999999999999
2026-01-01 18:45:00,8,0.935059372183562,-0.1334844797712771,0.06,0.02
2026-01-01 18:45:00,9,0.9292444225961968,-0.1960140303352859,0.06,0.02
2026-01-01 18:45:00,10,0.9283844171672094,-0.1887610666433258,0.045,0.03
2026-01-01 18:45:00,11,0.9268848367504078,-0.177268961740418,0.0599999999999999,0.035
2026-01-01 18:45:00,12,0.920771747556148,-0.2685865188018438,0.06,0.035
2026-01-01 18:45:00,13,0.9185049927731248,-0.3472674887500447,0.1200000000000001,0.0799999999999999
2026-01-01 18:45:00,14,0.9170926801220628,-0.3849502449176539,0.06,0.01
2026-01-01 18:45:00,15,0.9157247600839052,-0.4082049269063041,0.06,0.02
2026-01-01 18:45:00,16,0.913697546161962,-0.4854731667449558,0.06,0.02
2026-01-01 18:45:00,17,0.9130904793660216,-0.4950627345017325,0.09,0.04
2026-01-01 18:45:00,18,0.9965038956547854,0.0036508957114001,0.09,0.04
2026-01-01 18:45:00,19,0.9929262995315088,-0.0633276829519663,0.09,0.04
2026-01-01 18:45:00,20,0.9922217958206516,-0.0826855617464316,0.09,0.04
2026-01-01 18:45:00,21,0.991584376857842,-0.1030331328153456,0.09,0.04
2026-01-01 18:45:00,22,0.9793522573366148,0.0650799593858734,0.09,0.05
2026-01-01 18:45:00,23,0.9726811009698766,-0.0236539269867154,0.4199999999999999,0.2
2026-01-01 18:45:00,24,0.9693561124550826,-0.0673545454606823,0.4199999999999999,0.1999999999999999
2026-01-01 18:45:00,25,0.947728910134645,0.173309614539428,0.06,0.0249999999999999
2026-01-01 18:45:00,26,0.9451651642354376,0.2294631582424316,0.06,0.0249999999999999
2026-01-01 18:45:00,27,0.9337255809170396,0.3124091270942298,0.06,0.02
2026-01-01 18:45:00,28,0.9255074783633382,0.3903144436568898,0.1200000000000001,0.07
2026-01-01 18:45:00,29,0.9219500578775148,0.4955855917548987,0.2000000000000001,0.6000000000000001
2026-01-01 18:45:00,30,0.9177888870922492,0.4111776930422448,0.1499999999999999,0.0699999999999998
2026-01-01 18:45:00,31,0.9168734657387856,0.3881349599417213,0.2099999999999999,0.1
2026-01-01 18:45:00,32,0.9165898221381892,0.3804050663519627,0.06,0.04
2026-01-01 19:00:00,0,1.0,0.0,-3.7886315275129983,-2.354601320513382
2026-01-01 19:00:00,1,0.9971301101159707,0.0139921973391729,0.0968857820286533,0.058131469217192
2026-01-01 19:00:00,2,0.9835034112926376,0.0927610756611663,0.087197203825788,0.0387543128114613
2026-01-01 19:00:00,3,0.97627340485067,0.1560979632876046,0.1162629384343839,0.0775086256229227
2026-01-01 19:00:00,4,0.9691255597226338,0.2203837911774087,0.058131469217192,0.029065734608596
2026-01-01 19:00:00,5,0.9513458243896836,0.1291846529963575,0.058131469217192,0.0193771564057306
2026-01-01 19:00:00,6,0.9479779916470802,-0.0930198916635235,0.1937715640573066,0.0968857820286533
2026-01-01 19:00:00,7,0.943297303973446,-0.0582674910553911,0.1937715640573066,0.0968857820286533
2026-01-01 19:00:00,8,0.9372411582345904,-0.1287645596253241,0.058131469217192,0.0193771564057306
2026-01-01 19:00:00,9,0.93162394753184,-0.189056682241177,0.058131469217192,0.0193771564057306
2026-01-01 19:00:00,10,0.9307931948712854,-0.1820730372525668,0.043598601912894,0.029065734608596
2026-01-01 19:00:00,11,0.9293446713911756,-0.1710110762030566,0.0581314692171919,0.0339100237100286
2026-01-01 19:00:00,12,0.9234402342733784,-0.2590076364427791,0.0581314692171919,0.0339100237100287
2026-01-01 19:00:00,13,0.9212509300648248,-0.3347886634756701,0.116262938434384,0.0775086256229227
2026-01-01 19:00:00,14,0.9198869235108452,-0.3710790589267054,0.0581314692171919,0.0096885782028652
2026-01-01 19:00:00,15,0.9185658116881724,-0.3934733975725573,0.0581314692171919,0.0193771564057306
2026-01-01 19:00:00,16,0.9166080305850496,-0.4678662402234043,0.0581314692171919,0.0193771564057306
2026-01-01 19:00:00,17,0.8160217517524206,-0.477098030031897,0.087197203825788,0.0387543128114613
2026-01-01 19:00:00,18,0.9966183182732788,0.0035012112378478,0.087197203825788,0.0387543128114613
2026-01-01 19:00:00,19,0.993153036014069,-0.0613699986135059,0.087197203825788,0.0387543128114613
2026-01-01 19:00:00,20,0.9924706537392296,-0.0801160780116126,0.087197203825788,0.0387543128114613
2026-01-01 19:00:00,21,0.9918532547246314,-0.0998196953299015,0.087197203825788,0.0387543128114613
2026-01-01 19:00:00,22,0.9800326792221667,0.0627981110115202,0.087197203825788,0.0484428910143266
2026-01-01 19:00:00,23,0.973575637960292,-0.0230336825458756,0.4069202845203441,0.1937715640573066
2026-01-01 19:00:00,24,0.9703575304377172,-0.0652908110427102,0.4069202845203441,0.1937715640573067
2026-01-01 19:00:00,25,0.949481976886538,0.1672511926981639,0.0581314692171921,0.0242214455071634
2026-01-01 19:00:00,26,0.9470052725745084,0.2214179550262446,0.0581314692171921,0.0242214455071634
2026-01-01 19:00:00,27,0.9359541444719356,0.3014533627186163,0.0581314692171921,0.0193771564057305
2026-01-01 19:00:00,28,0.9280152669741188,0.3765629089210097,0.1162629384343838,0.0678200474200574
2026-01-01 19:00:00,29,0.924578826022191,0.4779839066038062,0.1937715640573065,0.5813146921719201
2026-01-01 19:00:00,30,0.9205595293816492,0.3966819411673675,0.1453286730429801,0.0678200474200574
2026-01-01 19:00:00,31,0.9196753237444014,0.3744917882181531,0.2034601422601718,0.0968857820286532
2026-01-01 19:00:00,32,0.919401354093386,0.3670482688158092,0.0581314692171921,0.0387543128114611
2026-01-01 19:15:00,0,1.0,0.0,-3.840422955226187,-2.3869224039108445
2026-01-01 19:15:00,1,0.9970908394699328,0.0141884342943002,0.0981371732861116,0.0588823039716669
2026-01-01 19:15:00,2,0.983276510718115,0.0940766644680667,0.0883234559575004,0.0392548693144446
2026-01-01 19:15:00,3,0.975945586480191,0.1583248128725533,0.117764607943334,0.0785097386288893
2026-01-01 19:15:00,4,0.968697722621606,0.2235516704068811,0.0588823039716669,0.0294411519858334
2026-01-01 19:15:00,5,0.950668760037119,0.131056059467584,0.0588823039716669,0.0196274346572223
2026-01-01 19:15:00,6,0.947253702638551,-0.0944037317602403,0.1962743465722233,0.0981371732861116
2026-01-01 19:15:00,7,0.9425074348103214,-0.0591233162092292,0.1962743465722233,0.0981371732861116
2026-01-01 19:15:00,8,0.9363658929309056,-0.1306560372661517,0.058882303971667,0.0196274346572223
2026-01-01 19:15:00,9,0.9306693767564622,-0.1918445395323323,0.058882303971667,0.0196274346572223
2026-01-01 19:15:00,10,0.9298268920081588,-0.1847530885980826,0.0441617279787502,0.0294411519858334
2026-01-01 19:15:00,11,0.9283578921308312,-0.1735189756161324,0.058882303971667,0.034348010650139
2026-01-01 19:15:00,12,0.9223697797823116,-0.2628455339012041,0.058882303971667,0.034348010650139
2026-01-01 19:15:00,13,0.9201494165172326,-0.3397875772836601,0.1177646079433338,0.0785097386288893
2026-01-01 19:15:00,14,0.9187660388253248,-0.3766353838278734,0.058882303971667,0.0098137173286111
2026-01-01 19:15:00,15,0.9174261567178656,-0.3993741381965662,0.058882303971667,0.0196274346572223
2026-01-01 19:15:00,16,0.9154405333708012,-0.4749179141001797,0.058882303971667,0.0196274346572222
2026-01-01 19:15:00,17,0.8148459186200196,-0.4842929028833637,0.0883234559575005,0.0392548693144446
2026-01-01 19:15:00,18,0.9965723893273044,0.0035610318907173,0.0883234559575005,0.0392548693144446
2026-01-01 19:15:00,19,0.9930619830216258,-0.0621568108739171,0.0883234559575005,0.0392548693144446
2026-01-01 19:15:00,20,0.9923707131108804,-0.0811486584618967,0.0883234559575005,0.0392548693144446
2026-01-01 19:15:00,21,0.9917452708053774,-0.1011109539333989,0.0883234559575005,0.0392548693144446
2026-01-01 19:15:00,22,0.9797595983454568,0.0637126996165448,0.0883234559575005,0.0490685866430558
2026-01-01 19:15:00,23,0.9732165722516268,-0.0232840692850264,0.4121761278016689,0.1962743465722233
2026-01-01 19:15:00,24,0.9699555445614824,-0.0661205350016463,0.4121761278016689,0.1962743465722234
2026-01-01 19:15:00,25,0.9487786734842362,0.1696795899162174,0.058882303971667,0.024534293321528
2026-01-01 19:15:00,26,0.9462670588377136,0.2246425097692434,0.058882303971667,0.024534293321528
2026-01-01 19:15:00,27,0.9350601311404289,0.3058444850638763,0.058882303971667,0.0196274346572222
2026-01-01 19:15:00,28,0.927009264995851,0.3820740227480083,0.1177646079433341,0.068696021300278
2026-01-01 19:15:00,29,0.9235243038531078,0.4850367322302807,0.1962743465722232,0.5888230397166698
2026-01-01 19:15:00,30,0.9194481103416612,0.4024912340770813,0.1472057599291676,0.068696021300278
2026-01-01 19:15:00,31,0.9185513860707738,0.3799597740507614,0.2060880639008346,0.0981371732861116
2026-01-01 19:15:00,32,0.9182735368314784,0.3724016160011069,0.058882303971667,0.0392548693144445
2026-01-01 19:30:00,0,1.0,0.0,-3.870668401349498,-2.405799226148985
2026-01-01 19:30:00,1,0.997067905465146,0.0143030997064994,0.0988670227179034,0.059320213630742
2026-01-01 19:30:00,2,0.9831439858227592,0.0948455789624158,0.088980320446113,0.0395468090871613
2026-01-01 19:30:00,3,0.9757540989775978,0.1596264986266622,0.1186404272614841,0.0790936181743227
2026-01-01 19:30:00,4,0.9684477945316604,0.2254037443033125,0.059320213630742,0.029660106815371
2026-01-01 19:30:00,5,0.9502732035370623,0.132150360443175,0.059320213630742,0.0197734045435806
2026-01-01 19:30:00,6,0.9468305516341416,-0.0952133939549105,0.1977340454358068,0.0988670227179034
2026-01-01 19:30:00,7,0.9420459644433498,-0.0596238850250386,0.1977340454358067,0.0988670227179033
2026-01-01 19:30:00,8,0.9358545169386177,-0.1317623832223317,0.059320213630742,0.0197734045435806
2026-01-01 19:30:00,9,0.9301116531607108,-0.1934753457654606,0.059320213630742,0.0197734045435806
2026-01-01 19:30:00,10,0.9292623119146264,-0.1863207625293317,0.0444901602230565,0.029660106815371
2026-01-01 19:30:00,11,0.927781344888473,-0.1749858163809592,0.059320213630742,0.0346034579512661
2026-01-01 19:30:00,12,0.9217443267679826,-0.2650908439200122,0.059320213630742,0.0346034579512661
2026-01-01 19:30:00,13,0.9195058099062424,-0.3427126702798841,0.118640427261484,0.0790936181743227
2026-01-01 19:30:00,14,0.9181111097591638,-0.3798868647334769,0.059320213630742,0.0098867022717903
2026-01-01 19:30:00,15,0.9167602562780351,-0.4028272953926793,0.059320213630742,0.0197734045435806
2026-01-01 19:30:00,16,0.9147583585575998,-0.4790451091938366,0.059320213630742,0.0197734045435806
2026-01-01 19:30:00,17,0.814158871312994,-0.4885039669936598,0.088980320446113,0.0395468090871613
2026-01-01 19:30:00,18,0.9965455714125,0.0035961237058002,0.088980320446113,0.0395468090871613
2026-01-01 19:30:00,19,0.993008842917098,-0.0626156093000101,0.088980320446113,0.0395468090871613
2026-01-01 19:30:00,20,0.992312388563744,-0.0817508411023094,0.088980320446113,0.0395468090871613
2026-01-01 19:30:00,21,0.9916822543248442,-0.101864056888889,0.088980320446113,0.0395468090871613
2026-01-01 19:30:00,22,0.979600122393744,0.0642475577739146,0.088980320446113,0.0494335113589516
2026-01-01 19:30:00,23,0.973006914249722,-0.0234293895884293,0.4152414954151942,0.1977340454358068
2026-01-01 19:30:00,24,0.9697208368659188,-0.0666041777366243,0.4152414954151942,0.1977340454358067
2026-01-01 19:30:00,25,0.9483677834427504,0.1710996606605643,0.059320213630742,0.0247167556794758
2026-01-01 19:30:00,26,0.9458357673458716,0.2265282816198467,0.059320213630742,0.0247167556794758
2026-01-01 19:30:00,27,0.9345377906217772,0.3084124839919221,0.059320213630742,0.0197734045435806
2026-01-01 19:30:00,28,0.9264214775769296,0.3852973618343792,0.118640427261484,0.0692069159025323
2026-01-01 19:30:00,29,0.9229081602922318,0.4891625855082166,0.1977340454358067,0.5932021363074205
2026-01-01 19:30:00,30,0.9187987130778208,0.4058890192471202,0.148300534076855,0.0692069159025323
2026-01-01 19:30:00,31,0.9178946721928276,0.3831577027005726,0.2076207477075971,0.0988670227179033
2026-01-01 19:30:00,32,0.9176145554875852,0.3755324144840876,0.059320213630742,0.0395468090871613
2026-01-01 19:45:00,0,1.0,0.0,-3.7371089763025527,-2.3224518337813564
2026-01-01 19:45:00,1,0.9971691757838268,0.0137971201495415,0.0956388628058665,0.0573833176835199
2026-01-01 19:45:00,2,0.9837290948428096,0.0914536647184666,0.0860749765252799,0.0382555451223466
2026-01-01 19:45:00,3,0.9765994222174248,0.1538853238261152,0.1147666353670399,0.0765110902446932
2026-01-01 19:45:00,4,0.9695510100443324,0.2172368054150189,0.0573833176835199,0.0286916588417599
2026-01-01 19:45:00,5,0.9520190298838128,0.1273260138102709,0.0573833176835199,0.0191277725611733
2026-01-01 19:45:00,6,0.9486981424235864,-0.0916464865111114,0.1912777256117331,0.0956388628058665
2026-01-01 19:45:00,7,0.9440826484451552,-0.0574177779538057,0.1912777256117331,0.0956388628058665
2026-01-01 19:45:00,8,0.9381113795597892,-0.1268866481992399,0.0573833176835199,0.0191277725611733
2026-01-01 19:45:00,9,0.9325729891465868,-0.1862891564287545,0.0573833176835199,0.0191277725611733
2026-01-01 19:45:00,10,0.9317538967002328,-0.1794123836168709,0.0430374882626399,0.0286916588417599
2026-01-01 19:45:00,11,0.9303257235795516,-0.1685210425864347,0.0573833176835199,0.0334736019820532
2026-01-01 19:45:00,12,0.9245044403881532,-0.2551982910963917,0.0573833176835199,0.0334736019820532
2026-01-01 19:45:00,13,0.9223460007349168,-0.3298281015443838,0.1147666353670398,0.0765110902446932
2026-01-01 19:45:00,14,0.9210012433964144,-0.365565833207668,0.0573833176835199,0.0095638862805866
2026-01-01 19:45:00,15,0.9196987834663792,-0.3876187026762407,0.0573833176835199,0.0191277725611732
2026-01-01 19:45:00,16,0.9177686682035586,-0.4608706641161152,0.0573833176835199,0.0191277725611732
2026-01-01 19:45:00,17,0.8171906725264758,-0.4699605168989879,0.0860749765252799,0.0382555451223466
2026-01-01 19:45:00,18,0.9966640171837672,0.0034420382117142,0.0860749765252799,0.0382555451223466
2026-01-01 19:45:00,19,0.9932436880885154,-0.0605857969423358,0.0860749765252799,0.0382555451223466
2026-01-01 19:45:00,20,0.9925701597453016,-0.0790870826632214,0.0860749765252799,0.0382555451223466
2026-01-01 19:45:00,21,0.9919607734670822,-0.0985330567155279,0.0860749765252799,0.0382555451223466
2026-01-01 19:45:00,22,0.9803043408831812,0.0618898789826011,0.0860749765252799,0.0478194314029333
2026-01-01 19:45:00,23,0.9739329061163978,-0.0227826685570325,0.4016832237846395,0.1912777256117331
2026-01-01 19:45:00,24,0.9707575281203992,-0.0644634648295246,0.4016832237846395,0.191277725611733
2026-01-01 19:45:00,25,0.9501812631453688,0.164839513800279,0.0573833176835201,0.0239097157014667
2026-01-01 19:45:00,26,0.94773925730313,0.2182158701989057,0.0573833176835201,0.0239097157014667
2026-01-01 19:45:00,27,0.9368429824023662,0.2970928393225178,0.0573833176835201,0.0191277725611733
2026-01-01 19:45:00,28,0.929015411322666,0.3710909479935334,0.1147666353670398,0.0669472039641065
2026-01-01 19:45:00,29,0.9256271936478502,0.4709828882172753,0.1912777256117332,0.5738331768351994
2026-01-01 19:45:00,30,0.9216644412953788,0.3909140204505614,0.1434582942087998,0.0669472039641065
2026-01-01 19:45:00,31,0.9207926766582668,0.3690622535058718,0.2008416118923199,0.0956388628058664
2026-01-01 19:45:00,32,0.9205225625151868,0.3617323871311133,0.0573833176835201,0.0382555451223467
2026-01-01 20:00:00,0,1.0,0.0,-3.784694651064867,-2.3521446207189496
2026-01-01 20:00:00,1,0.9971330951900688,0.0139772864019636,0.0967905752099499,0.0580743451259699
2026-01-01 20:00:00,2,0.9835206573050628,0.0926611281221088,0.0871115176889549,0.0387162300839799
2026-01-01 20:00:00,3,0.9762983195501758,0.1559288008948248,0.1161486902519399,0.0774324601679599
2026-01-01 20:00:00,4,0.969158074500725,0.2201431715969586,0.0580743451259699,0.0290371725629849
2026-01-01 20:00:00,5,0.951397276573733,0.1290425259293756,0.0580743451259699,0.01935811504199
2026-01-01 20:00:00,6,0.948033032154474,-0.092914834697971,0.1935811504198999,0.0967905752099499
2026-01-01 20:00:00,7,0.9433573275926074,-0.0582025052464131,0.1935811504198998,0.0967905752099499
2026-01-01 20:00:00,8,0.9373076700206888,-0.1286209355271074,0.0580743451259699,0.0193581150419899
2026-01-01 20:00:00,9,0.9316964846111594,-0.1888450079806684,0.0580743451259699,0.0193581150419899
2026-01-01 20:00:00,10,0.930866623300802,-0.1818695422844427,0.0435557588444774,0.0290371725629849
2026-01-01 20:00:00,11,0.9294196554988126,-0.1708206407993593,0.0580743451259699,0.0338767013234825
2026-01-01 20:00:00,12,0.923521575281688,-0.2587162588733258,0.0580743451259699,0.0338767013234825
2026-01-01 20:00:00,13,0.9213346306229532,-0.3344091883878909,0.1161486902519399,0.07743246016796
2026-01-01 20:00:00,14,0.9199720956647304,-0.3706572894357805,0.08711151768895485,0.0096790575209949
2026-01-01 20:00:00,15,0.9186524097815189,-0.3930254955717968,0.0580743451259699,0.01935811504199
2026-01-01 20:00:00,16,0.9166967437630024,-0.4673310197996742,0.0580743451259699,0.01935811504199
2026-01-01 20:00:00,17,0.9161110981851068,-0.4765519459284469,0.0871115176889549,0.0387162300839799
2026-01-01 20:00:00,18,0.9966218098640048,0.0034966779441123,0.0871115176889549,0.0387162300839799
2026-01-01 20:00:00,19,0.9931599602809748,-0.0613101289988652,0.0871115176889549,0.0387162300839799
2026-01-01 20:00:00,20,0.9924782541043732,-0.0800375141246342,0.0871115176889549,0.0387162300839799
2026-01-01 20:00:00,21,0.9918614669550402,-0.0997214555568344,0.0871115176889549,0.0387162300839799
2026-01-01 20:00:00,22,0.9800534371366916,0.0627286558776411,0.0871115176889549,0.048395287604975
2026-01-01 20:00:00,23,0.9736029347396676,-0.0230145699992587,0.4065204158817896,0.1935811504198998
2026-01-01 20:00:00,24,0.970388091081475,-0.0652276605947504,0.4065204158817899,0.1935811504198998
2026-01-01 20:00:00,25,0.94953542269498,0.1670667702861575,0.0580743451259699,0.0241976438024875
2026-01-01 20:00:00,26,0.9470613707928928,0.2211730803354553,0.0580743451259699,0.0241976438024875
2026-01-01 20:00:00,27,0.9360220799626368,0.3011198981402702,0.0580743451259699,0.0193581150419899
2026-01-01 20:00:00,28,0.9280917110073008,0.3761444225035989,0.1161486902519399,0.067753402646965
2026-01-01 20:00:00,29,0.92465895641068,0.4774484207576593,0.1935811504199001,0.5807434512596996
2026-01-01 20:00:00,30,0.920643982367246,0.3962408166894535,0.1451858628149249,0.0677534026469648
2026-01-01 20:00:00,31,0.9197607277994476,0.3740765603353417,0.2032602079408949,0.0967905752099498
2026-01-01 20:00:00,32,0.9194870528888132,0.3666417389276637,0.0580743451259699,0.0387162300839798
2026-01-01 20:15:00,0,1.0,0.0,-3.6165963722412857,-2.247268080802847
2026-01-01 20:15:00,1,0.997260547135348,0.0133413764560851,0.092714418051784,0.0556286508310704
2026-01-01 20:15:00,2,0.9842568229808296,0.0884008264729933,0.0834429762466056,0.0370857672207136
2026-01-01 20:15:00,3,0.9773616009914996,0.1487201790946241,0.1112573016621408,0.0741715344414272
2026-01-01 20:15:00,4,0.9705455072595456,0.2098931687713241,0.0556286508310704,0.0278143254155352
2026-01-01 20:15:00,5,0.95359234223906,0.1229904344824481,0.0556286508310704,0.0185428836103568
2026-01-01 20:15:00,6,0.9503811284476676,-0.0884466535064048,0.185428836103568,0.092714418051784
2026-01-01 20:15:00,7,0.945917945948535,-0.0554367574394506,0.185428836103568,0.092714418051784
2026-01-01 20:15:00,8,0.9401449120523132,-0.1225086976071453,0.0556286508310703,0.0185428836103568
2026-01-01 20:15:00,9,0.9347905998290548,-0.1798385524620074,0.0556286508310703,0.0185428836103568
2026-01-01 20:15:00,10,0.9339987384588962,-0.173210311171057,0.0417214881233027,0.0278143254155351
2026-01-01 20:15:00,11,0.932618088942055,-0.162715590122986,0.0556286508310703,0.0324500463181244
2026-01-01 20:15:00,12,0.9269909685172448,-0.2463215623430028,0.0556286508310703,0.0324500463181244
2026-01-01 20:15:00,13,0.9249045931261286,-0.3182732263928308,0.1112573016621407,0.0741715344414272
2026-01-01 20:15:00,14,0.9236047775433452,-0.3527254252945484,0.08344297624660545,0.0092714418051783
2026-01-01 20:15:00,15,0.9223458638098756,-0.3739840657915421,0.0556286508310703,0.0185428836103568
2026-01-01 20:15:00,16,0.9204803363730044,-0.4445832232643522,0.0556286508310703,0.0185428836103568
2026-01-01 20:15:00,17,0.9199216784998976,-0.4533430841019344,0.0834429762466055,0.0370857672207136
2026-01-01 20:15:00,18,0.9967709407856808,0.0033049393778872,0.0834429762466055,0.0370857672207136
2026-01-01 20:15:00,19,0.9934560043663568,-0.0587458068978877,0.0834429762466055,0.0370857672207136
2026-01-01 20:15:00,20,0.9928032338777578,-0.0766733449952796,0.0834429762466055,0.0370857672207136
2026-01-01 20:15:00,21,0.9922126330855048,-0.0955154904615948,0.0834429762466055,0.0370857672207136
2026-01-01 20:15:00,22,0.980939758360972,0.0597717376746508,0.0834429762466055,0.046357209025892
2026-01-01 20:15:00,23,0.9747688227373336,-0.0221880862489602,0.3894005558174929,0.1854288361035682
2026-01-01 20:15:00,24,0.971693514672464,-0.0625208284158283,0.3894005558174931,0.185428836103568
2026-01-01 20:15:00,25,0.951815493608396,0.1592144657598019,0.0556286508310703,0.023178604512946
2026-01-01 20:15:00,26,0.9494545297486114,0.2107483119361013,0.0556286508310703,0.023178604512946
2026-01-01 20:15:00,27,0.9389199276741896,0.2869237021892126,0.0556286508310703,0.0185428836103567
2026-01-01 20:15:00,28,0.931352314622212,0.3583327355169932,0.1112573016621407,0.0649000926362488
2026-01-01 20:15:00,29,0.9280767180860944,0.4546661520981837,0.185428836103568,0.5562865083107043
2026-01-01 20:15:00,30,0.924246002818615,0.3774661516506453,0.1390716270776759,0.0649000926362486
2026-01-01 20:15:00,31,0.9234032890545476,0.356401438189883,0.1947002779087463,0.0927144180517842
2026-01-01 20:15:00,32,0.9231421777927352,0.3493359006144405,0.0556286508310703,0.0370857672207134
2026-01-01 20:30:00,0,1.0,0.0,-3.599147383684,-2.236383950769472
2026-01-01 20:30:00,1,0.997273776270448,0.013275452793609,0.0922900766016473,0.0553740459609884
2026-01-01 20:30:00,2,0.9843332150123916,0.0879594125609714,0.0830610689414826,0.0369160306406589
2026-01-01 20:30:00,3,0.9774719121279984,0.1479735090283172,0.1107480919219768,0.0738320612813178
2026-01-01 20:30:00,4,0.9706894258826984,0.2088318816362895,0.0553740459609884,0.0276870229804942
2026-01-01 20:30:00,5,0.9538199874267858,0.1223640552099635,0.0553740459609884,0.0184580153203294
2026-01-01 20:30:00,6,0.9506246379149168,-0.0879848078455402,0.1845801532032947,0.0922900766016473
2026-01-01 20:30:00,7,0.9461834879241328,-0.0551506769025152,0.1845801532032946,0.0922900766016473
2026-01-01 20:30:00,8,0.9404391223953192,-0.121876497927908,0.0553740459609883,0.0184580153203294
2026-01-01 20:30:00,9,0.9351114299016446,-0.1789071993992232,0.0553740459609883,0.0184580153203294
2026-01-01 20:30:00,10,0.9343235064007618,-0.1723147761398896,0.0415305344707412,0.0276870229804941
2026-01-01 20:30:00,11,0.932949728977894,-0.1618771972616595,0.0553740459609883,0.0323015268105765
2026-01-01 20:30:00,12,0.927350682435636,-0.2450401700080254,0.0553740459609883,0.0323015268105765
2026-01-01 20:30:00,13,0.9252747263291536,-0.3166057488655927,0.1107480919219767,0.0738320612813179
2026-01-01 20:30:00,14,0.923981408297488,-0.3508726424747097,0.08306106894148245,0.0092290076601647
2026-01-01 20:30:00,15,0.9227287902372072,-0.372016803390418,0.0553740459609883,0.0184580153203294
2026-01-01 20:30:00,16,0.920872600206204,-0.4422336789051309,0.0553740459609883,0.0184580153203294
2026-01-01 20:30:00,17,0.9203167380059608,-0.4509459913033431,0.0830610689414825,0.0369160306406589
2026-01-01 20:30:00,18,0.9967864260027924,0.0032852404198397,0.0830610689414825,0.0369160306406589
2026-01-01 20:30:00,19,0.9934867778512272,-0.0584787327483528,0.0830610689414825,0.0369160306406589
2026-01-01 20:30:00,20,0.9928370184767412,-0.0763230628671031,0.0830610689414825,0.0369160306406589
2026-01-01 20:30:00,21,0.9922491426649586,-0.0950776420311027,0.0830610689414825,0.0369160306406589
2026-01-01 20:30:00,22,0.9810317594863004,0.0594657744480942,0.0830610689414825,0.0461450383008237
2026-01-01 20:30:00,23,0.9748898844806192,-0.0221011360919142,0.3876183217269189,0.1845801532032948
2026-01-01 20:30:00,24,0.9718290798771188,-0.0622386953470908,0.3876183217269191,0.1845801532032946
2026-01-01 20:30:00,25,0.9520519492245274,0.1584018596218488,0.0553740459609883,0.0230725191504117
2026-01-01 20:30:00,26,0.949702705688709,0.2096696544076278,0.0553740459609883,0.0230725191504117
2026-01-01 20:30:00,27,0.939220408495153,0.2854548144399543,0.0553740459609883,0.0184580153203295
2026-01-01 20:30:00,28,0.9316903895230578,0.3564902022542201,0.1107480919219767,0.0646030536211532
2026-01-01 20:30:00,29,0.928431079207461,0.4523104575847312,0.1845801532032949,0.553740459609884
2026-01-01 20:30:00,30,0.9246194559484044,0.3755240641522777,0.1384351149024709,0.0646030536211532
2026-01-01 20:30:00,31,0.9237809427932852,0.3545727955127608,0.1938091608634593,0.0922900766016474
2026-01-01 20:30:00,32,0.9235211332929552,0.3475453559380998,0.0553740459609883,0.036916030640659
2026-01-01 20:45:00,0,1.0,0.0,-3.5413141840913585,-2.2003124945981005
2026-01-01 20:45:00,1,0.9973176222434842,0.0130570683724235,0.0908819868218147,0.0545291920930888
2026-01-01 20:45:00,2,0.9845863783642236,0.0864974740005108,0.0817937881396332,0.0363527947287258
2026-01-01 20:45:00,3,0.9778374490483096,0.145500876047162,0.1090583841861776,0.0727055894574517
2026-01-01 20:45:00,4,0.971166298321603,0.2053179273344875,0.0545291920930888,0.0272645960465444
2026-01-01 20:45:00,5,0.9545742207617356,0.1202904346604163,0.0545291920930888,0.0181763973643629
2026-01-01 20:45:00,6,0.9514314244750076,-0.0864566807419953,0.1817639736436294,0.0908819868218147
2026-01-01 20:45:00,7,0.9470632622711748,-0.0542038402246773,0.1817639736436294,0.0908819868218147
2026-01-01 20:45:00,8,0.9414138544631052,-0.1197841547060068,0.0545291920930888,0.0181763973643629
2026-01-01 20:45:00,9,0.9361743316746844,-0.1758250371567373,0.0545291920930888,0.0181763973643629
2026-01-01 20:45:00,10,0.935399451081915,-0.169351030619199,0.0408968940698166,0.0272645960465444
2026-01-01 20:45:00,11,0.9340484347536032,-0.1591023348681936,0.0545291920930888,0.0318086953876351
2026-01-01 20:45:00,12,0.9285423668379826,-0.2408000573341359,0.0545291920930888,0.0318086953876351
2026-01-01 20:45:00,13,0.926500917833932,-0.3110890085057416,0.1090583841861776,0.0727055894574517
2026-01-01 20:45:00,14,0.9252291182227552,-0.3447432061298395,0.0545291920930888,0.0090881986821814
2026-01-01 20:45:00,15,0.9239973498080885,-0.3655088607248133,0.0545291920930888,0.0181763973643629
2026-01-01 20:45:00,16,0.9221720822251984,-0.4344619523371673,0.0545291920930888,0.0181763973643629
2026-01-01 20:45:00,17,0.9216254784249684,-0.4430170835521929,0.0817937881396333,0.0363527947287258
2026-01-01 20:45:00,18,0.9968377572805068,0.0032202229796271,0.0817937881396333,0.0363527947287258
2026-01-01 20:45:00,19,0.9935888321762352,-0.0575923437777041,0.0817937881396333,0.0363527947287258
2026-01-01 20:45:00,20,0.9929490629647932,-0.0751606444890743,0.0817937881396333,0.0363527947287258
2026-01-01 20:45:00,21,0.9923702279493154,-0.0936247437724361,0.0817937881396333,0.0363527947287258
2026-01-01 20:45:00,22,0.9813366880426388,0.0584529844536361,0.0817937881396333,0.0454409934109073
2026-01-01 20:45:00,23,0.9752911866602404,-0.0218114010416367,0.3817043446516217,0.1817639736436294
2026-01-01 20:45:00,24,0.9722784783681784,-0.0613020478517797,0.3817043446516219,0.1817639736436294
2026-01-01 20:45:00,25,0.9528353662022336,0.1557118602001245,0.054529192093089,0.0227204967054537
2026-01-01 20:45:00,26,0.9505249440187554,0.2060991541879365,0.054529192093089,0.0227204967054537
2026-01-01 20:45:00,27,0.9402158961355332,0.2805926042528816,0.054529192093089,0.0181763973643629
2026-01-01 20:45:00,28,0.932810398357674,0.3503917786510769,0.1090583841861776,0.0636173907752704
2026-01-01 20:45:00,29,0.9296050310982172,0.444514931101919,0.1817639736436294,0.5452919209308884
2026-01-01 20:45:00,30,0.9258566406705842,0.3690962176976865,0.1363229802327219,0.0636173907752704
2026-01-01 20:45:00,31,0.925032039908556,0.3485200332573892,0.1908521723258109,0.0908819868218147
2026-01-01 20:45:00,32,0.9247765418178416,0.34161855406781,0.054529192093089,0.0363527947287258
2026-01-01 21:00:00,0,1.0,0.0,-3.3918138568069005,-2.1070886381581064
2026-01-01 21:00:00,1,0.9974309589059128,0.0124933482699605,0.0872303459867784,0.052338207592067
2026-01-01 21:00:00,2,0.9852405874539274,0.0827260670617867,0.0785073113881005,0.0348921383947113
2026-01-01 21:00:00,3,0.9787818031209192,0.1391242560518799,0.104676415184134,0.0697842767894227
2026-01-01 21:00:00,4,0.9723980770080082,0.1962597480034677,0.052338207592067,0.0261691037960335
2026-01-01 21:00:00,5,0.956521965154884,0.1149475168332631,0.052338207592067,0.0174460691973556
2026-01-01 21:00:00,6,0.9535148246337444,-0.0825250162610987,0.1744606919735568,0.0872303459867784
2026-01-01 21:00:00,7,0.9493350746154636,-0.0517658532566793,0.1744606919735568,0.0872303459867784
2026-01-01 21:00:00,8,0.9439307014899904,-0.1143968890514897,0.052338207592067,0.0174460691973556
2026-01-01 21:00:00,9,0.938918680574922,-0.167891105750946,0.052338207592067,0.0174460691973556
2026-01-01 21:00:00,10,0.9381774536869284,-0.1617210949684809,0.0392536556940502,0.0261691037960335
2026-01-01 21:00:00,11,0.936885162855428,-0.1519570645731346,0.052338207592067,0.0305306210953724
2026-01-01 21:00:00,12,0.9316189520432518,-0.2298885514299553,0.052338207592067,0.0305306210953724
2026-01-01 21:00:00,13,0.9296665154233102,-0.2968987373586274,0.104676415184134,0.0697842767894227
2026-01-01 21:00:00,14,0.928450219933144,-0.3289795843325677,0.052338207592067,0.0087230345986778
2026-01-01 21:00:00,15,0.927272229199884,-0.348773341562763,0.052338207592067,0.0174460691973556
2026-01-01 21:00:00,16,0.925526715713243,-0.4144825417646687,0.052338207592067,0.0174460691973556
2026-01-01 21:00:00,17,0.9250039911496688,-0.4226342819630668,0.0785073113881005,0.0348921383947113
2026-01-01 21:00:00,18,0.9969704983807096,0.0030540899901318,0.0785073113881005,0.0348921383947113
2026-01-01 21:00:00,19,0.9938530582440964,-0.0552925310582012,0.0785073113881005,0.0348921383947113
2026-01-01 21:00:00,20,0.9932391853893948,-0.0721455618820523,0.0785073113881005,0.0348921383947113
2026-01-01 21:00:00,21,0.9926837854874884,-0.0898570002401348,0.0785073113881005,0.0348921383947113
2026-01-01 21:00:00,22,0.9821249250198734,0.0558441126419823,0.0785073113881005,0.0436151729933892
2026-01-01 21:00:00,23,0.9763289384996586,-0.0210514912364884,0.3663674531444691,0.1744606919735567
2026-01-01 21:00:00,24,0.9734407428863212,-0.0588699056918018,0.3663674531444694,0.1744606919735569
2026-01-01 21:00:00,25,0.9548584250370044,0.1487816441438584,0.0523382075920668,0.0218075864966946
2026-01-01 21:00:00,26,0.9526481821739494,0.1969020637906476,0.0523382075920668,0.0218075864966946
2026-01-01 21:00:00,27,0.942786202885689,0.2680682959704289,0.0523382075920668,0.0174460691973556
2026-01-01 21:00:00,28,0.9357020200500884,0.3346874319470841,0.1046764151841341,0.0610612421907448
2026-01-01 21:00:00,29,1.1326358401216872,0.42444989576098,0.1744606919735569,0.5233820759206704
2026-01-01 21:00:00,30,0.929050582187498,0.3525441413687922,0.1308455189801676,0.0610612421907448
2026-01-01 21:00:00,31,0.928261873271374,0.3329310611718035,0.1831837265722344,0.0872303459867784
2026-01-01 21:00:00,32,0.9280174978375224,0.32635298551976,0.0523382075920668,0.0348921383947113
2026-01-01 21:15:00,0,1.0,0.0,-3.5130820306727397,-2.1827053786934796
2026-01-01 21:15:00,1,0.9973390258243988,0.012950524271138,0.0901936888097997,0.0541162132858798
2026-01-01 21:15:00,2,0.98470994624913,0.0857844145853427,0.0811743199288197,0.0360774755239199
2026-01-01 21:15:00,3,0.9780158467931372,0.144295016782696,0.1082324265717597,0.0721549510478398
2026-01-01 21:15:00,4,0.9713990162801996,0.2036045394213411,0.0541162132858798,0.0270581066429399
2026-01-01 21:15:00,5,0.9549422565380984,0.1192795364156232,0.0541162132858798,0.0180387377619599
2026-01-01 21:15:00,6,0.951825099527583,-0.0857121628750521,0.1803873776195995,0.0901936888097997
2026-01-01 21:15:00,7,0.9474925467403192,-0.0537423820839213,0.1803873776195995,0.0901936888097997
2026-01-01 21:15:00,8,0.9418894599068336,-0.1187644341899275,0.0541162132858799,0.0180387377619599
2026-01-01 21:15:00,9,0.9366929455489402,-0.1743230682321587,0.0541162132858799,0.0180387377619599
2026-01-01 21:15:00,10,0.9359244271319508,-0.1679067021576327,0.0405871599644098,0.0270581066429399
2026-01-01 21:15:00,11,0.9345845131303714,-0.1577499289338955,0.0541162132858799,0.0315677910834299
2026-01-01 21:15:00,12,0.9291237952139182,-0.2387340565895355,0.0541162132858799,0.0315677910834298
2026-01-01 21:15:00,13,0.9270991764836142,-0.3084014829737083,0.1082324265717598,0.0721549510478398
2026-01-01 21:15:00,14,0.9258378718564304,-0.3417574089948887,0.0541162132858799,0.0090193688809799
2026-01-01 21:15:00,15,0.9246162721385692,-0.3623388056677559,0.0541162132858799,0.0180387377619599
2026-01-01 21:15:00,16,0.9228060855638504,-0.4306767745743662,0.0541162132858799,0.0180387377619599
2026-01-01 21:15:00,17,0.9222639971475588,-0.4391554058261709,0.0811743199288197,0.0360774755239199
2026-01-01 21:15:00,18,0.99686281922395,0.003188635972868,0.0811743199288197,0.0360774755239199
2026-01-01 21:15:00,19,0.993638683973559,-0.0571589740429502,0.0811743199288197,0.0360774755239199
2026-01-01 21:15:00,20,0.9930037972285743,-0.0745923911392614,0.0811743199288197,0.0360774755239199
2026-01-01 21:15:00,21,0.9924293806739082,-0.0929145497246821,0.0811743199288197,0.0360774755239199
2026-01-01 21:15:00,22,0.9814855426907002,0.0579592997794221,0.0811743199288197,0.0450968444048999
2026-01-01 21:15:00,23,0.975487117964185,-0.0216691019738758,0.3788134930011588,0.1803873776195994
2026-01-01 21:15:00,24,0.9724979029743914,-0.0608439520592352,0.3788134930011591,0.1803873776195994
2026-01-01 21:15:00,25,0.9532176385100554,0.1544005433018555,0.0541162132858796,0.0225484222024499
2026-01-01 21:15:00,26,0.9509261538117167,0.2043587340077146,0.0541162132858796,0.0225484222024499
2026-01-01 21:15:00,27,0.9407016184714442,0.2782225500013553,0.0541162132858796,0.0180387377619599
2026-01-01 21:15:00,28,0.9333568623570616,0.3474194751593728,0.1082324265717598,0.0631355821668597
2026-01-01 21:15:00,29,0.93017780802492,0.4407162357464591,0.1803873776195996,0.5411621328587986
2026-01-01 21:15:00,30,0.9264602600292328,0.3659634030152707,0.1352905332146994,0.0631355821668597
2026-01-01 21:15:00,31,0.9256424451476494,0.3455698101161602,0.1894067465005795,0.0901936888097998
2026-01-01 21:15:00,32,0.9253890499717986,0.3387296466427436,0.0541162132858796,0.0360774755239199
2026-01-01 21:30:00,0,1.0,0.0,-3.3421675562885804,-2.076137635646396
2026-01-01 21:30:00,1,0.9974685939142875,0.0123064042468398,0.0860139834231849,0.0516083900539109
2026-01-01 21:30:00,2,0.9854577667859924,0.0814761116693315,0.0774125850808664,0.0344055933692739
2026-01-01 21:30:00,3,0.9790952252341772,0.1370115248897371,0.1032167801078219,0.0688111867385479
2026-01-01 21:30:00,4,0.9728068267848268,0.1932597825973399,0.0516083900539109,0.0258041950269554
2026-01-01 21:30:00,5,0.9571681505253068,0.1131787655768,0.0516083900539109,0.0172027966846369
2026-01-01 21:30:00,6,0.9542059966977824,-0.081225277404955,0.1720279668463698,0.0860139834231849
2026-01-01 21:30:00,7,0.9500887314078612,-0.0509592976212652,0.1720279668463699,0.0860139834231849
2026-01-01 21:30:00,8,0.944765592349302,-0.1126147030260522,0.0516083900539109,0.0172027966846369
2026-01-01 21:30:00,9,0.9398289877596382,-0.1652670356264011,0.0516083900539109,0.0172027966846369
2026-01-01 21:30:00,10,0.9390989168190464,-0.1591973078459582,0.0387062925404332,0.0258041950269554
2026-01-01 21:30:00,11,0.9378260919786344,-0.1495930876643201,0.0516083900539109,0.0301048941981147
2026-01-01 21:30:00,12,0.9326393764263264,-0.2262806745135077,0.0516083900539109,0.0301048941981147
2026-01-01 21:30:00,13,0.930716439183332,-0.292208794268406,0.1032167801078218,0.0688111867385479
2026-01-01 21:30:00,14,0.9295185370839516,-0.3237704752292898,0.051608390053911,0.0086013983423185
2026-01-01 21:30:00,15,0.9283583671726596,-0.3432435543392879,0.051608390053911,0.0172027966846369
2026-01-01 21:30:00,16,0.9266392811514838,-0.4078827931525909,0.051608390053911,0.0172027966846369
2026-01-01 21:30:00,17,0.9261244693494676,-0.4159014992060761,0.0774125850808664,0.0344055933692739
2026-01-01 21:30:00,18,0.9970145946397846,0.0029995363932088,0.0774125850808664,0.0344055933692739
2026-01-01 21:30:00,19,0.9939409340859124,-0.0545261133369932,0.0774125850808664,0.0344055933692739
2026-01-01 21:30:00,20,0.9933356836614904,-0.0711410682208927,0.0774125850808664,0.0344055933692739
2026-01-01 21:30:00,21,0.9927880865975952,-0.0886020024671574,0.0774125850808664,0.0344055933692739
2026-01-01 21:30:00,22,0.9823866801343492,0.054980679885862,0.0774125850808664,0.0430069917115925
2026-01-01 21:30:00,23,0.9766736752482696,-0.0207956780082805,0.3612587303773766,0.1720279668463699
2026-01-01 21:30:00,24,0.9738268857227066,-0.0580587984862084,0.3612587303773766,0.1720279668463699
2026-01-01 21:30:00,25,0.9555295809779742,0.1464877017239995,0.0516083900539108,0.0215034958557962
2026-01-01 21:30:00,26,0.9533525503677576,0.1938582651314828,0.0516083900539108,0.0215034958557962
2026-01-01 21:30:00,27,0.943638785298699,0.2639233631171967,0.0516083900539108,0.017202796684637
2026-01-01 21:30:00,28,0.9366611227465006,0.3294914113264994,0.103216780107822,0.0602097883962293
2026-01-01 21:30:00,29,0.933641082935218,0.4178141126498407,0.17202796684637,0.5160839005391096
2026-01-01 21:30:00,30,0.9301098949794088,0.3470678223185818,0.1290209751347775,0.0602097883962293
2026-01-01 21:30:00,31,0.9293330822509764,0.3277725170469076,0.1806293651886883,0.086013983423185
2026-01-01 21:30:00,32,0.9290923933326598,0.3213011400145556,0.0516083900539108,0.0344055933692739
2026-01-01 21:45:00,0,1.0,0.0,-3.3276136393759197,-2.0670649360298325
2026-01-01 21:45:00,1,0.9974796265022524,0.0122516254608592,0.0856570533414088,0.0513942320048452
2026-01-01 21:45:00,2,0.9855214266007588,0.0811099165635249,0.0770913480072679,0.0342628213365635
2026-01-01 21:45:00,3,0.9791870885464812,0.136392628364515,0.1027884640096905,0.068525642673127
2026-01-01 21:45:00,4,0.9729266242214468,0.1923810987385154,0.0513942320048452,0.0256971160024226
2026-01-01 21:45:00,5,0.9573575222266686,0.1126607735866851,0.0513942320048452,0.0171314106682817
2026-01-01 21:45:00,6,0.9544085504918276,-0.0808448113608762,0.1713141066828176,0.0856570533414088
2026-01-01 21:45:00,7,0.9503095948639692,-0.0507231423340896,0.1713141066828176,0.0856570533414088
2026-01-01 21:45:00,8,0.9450102568006428,-0.1120928948479816,0.0513942320048452,0.0171314106682817
2026-01-01 21:45:00,9,0.940095748156258,-0.1644987866236089,0.0513942320048452,0.0171314106682817
2026-01-01 21:45:00,10,0.9393689457382632,-0.1584583942300667,0.0385456740036339,0.0256971160024226
2026-01-01 21:45:00,11,0.9381018240365188,-0.1489009158619993,0.0513942320048452,0.029979968669493
2026-01-01 21:45:00,12,0.932938397922758,-0.2252244900547654,0.0513942320048452,0.029979968669493
2026-01-01 21:45:00,13,0.9310241028381214,-0.2908360342677329,0.1027884640096905,0.0685256426731271
2026-01-01 21:45:00,14,0.9298315891767878,-0.3222458320723861,0.0513942320048452,0.0085657053341409
2026-01-01 21:45:00,15,0.928676639924544,-0.3416250983039851,0.0513942320048452,0.0171314106682817
2026-01-01 21:45:00,16,0.9269652957701948,-0.4059513590046835,0.0513942320048452,0.0171314106682817
2026-01-01 21:45:00,17,0.9264528020027628,-0.4139311526482662,0.0770913480072679,0.0342628213365635
2026-01-01 21:45:00,18,0.9970275229960738,0.0029836019825464,0.0770913480072679,0.0342628213365635
2026-01-01 21:45:00,19,0.9939667074337856,-0.0543011827087607,0.0770913480072679,0.0342628213365635
2026-01-01 21:45:00,20,0.9933639868341728,-0.0708462935542355,0.0770913480072679,0.0342628213365635
2026-01-01 21:45:00,21,0.9928186791170056,-0.0882337393687669,0.0770913480072679,0.0342628213365635
2026-01-01 21:45:00,22,0.9824634137818734,0.0547278384289229,0.0770913480072679,0.0428285266707044
2026-01-01 21:45:00,23,0.9767747466249784,-0.0207203605799073,0.3597596240339171,0.1713141066828176
2026-01-01 21:45:00,24,0.9739401007988536,-0.0578206982291996,0.3597596240339169,0.1713141066828176
2026-01-01 21:45:00,25,0.9557262690900092,0.1458159298019075,0.0513942320048452,0.0214142633353522
2026-01-01 21:45:00,26,0.953558969498941,0.1929669472610203,0.0513942320048452,0.0214142633353522
2026-01-01 21:45:00,27,0.9438886302878146,0.2627096011276263,0.0513942320048452,0.0171314106682818
2026-01-01 21:45:00,28,0.9369421771959376,0.3279699860681162,0.1027884640096905,0.059959937338986
2026-01-01 21:45:00,29,0.93393565578973,0.4158714021870132,0.1713141066828178,0.513942320048453
2026-01-01 21:45:00,30,0.9304203088368452,0.3454643415924557,0.1284855800121134,0.059959937338986
2026-01-01 21:45:00,31,0.929646981351712,0.3262619997064053,0.1798798120169586,0.0856570533414089
2026-01-01 21:45:00,32,0.9294073724736056,0.3198218360489353,0.0513942320048452,0.0342628213365634
2026-01-01 22:00:00,0,1.0,0.0,-3.311034242437606,-2.0567299409998143
2026-01-01 22:00:00,1,0.9974921944045408,0.0121892363777299,0.0852502553867953,0.0511501532320772
2026-01-01 22:00:00,2,0.9855939423169464,0.0806928852635436,0.0767252298481158,0.0341001021547181
2026-01-01 22:00:00,3,0.9792917272249756,0.1356878496351788,0.1023003064641544,0.0682002043094362
2026-01-01 22:00:00,4,0.9730630783919694,0.1913805467653885,0.0511501532320772,0.0255750766160386
2026-01-01 22:00:00,5,0.9575732166358826,0.1120709786021147,0.0511501532320772,0.017050051077359
2026-01-01 22:00:00,6,0.9546392583441056,-0.0804117006542008,0.1705005107735906,0.0852502553867953
2026-01-01 22:00:00,7,0.9505611562291598,-0.0504542796727887,0.1705005107735906,0.0852502553867953
2026-01-01 22:00:00,8,0.9452889244581512,-0.1114988199547085,0.0511501532320771,0.017050051077359
2026-01-01 22:00:00,9,0.9403995800008011,-0.1636241708759704,0.0511501532320771,0.017050051077359
2026-01-01 22:00:00,10,0.9396764999632328,-0.1576171620563536,0.0383626149240579,0.0255750766160385
2026-01-01 22:00:00,11,0.938415873266934,-0.1481128719751352,0.0511501532320771,0.0298375893853783
2026-01-01 22:00:00,12,0.933278969695122,-0.2240221244482675,0.0511501532320771,0.0298375893853783
2026-01-01 22:00:00,13,0.9313745164049104,-0.2892733830812291,0.1023003064641543,0.0682002043094362
2026-01-01 22:00:00,14,0.9301881391055082,-0.3205103308651763,0.0511501532320772,0.0085250255386795
2026-01-01 22:00:00,15,0.92903913512511,-0.3397828349323416,0.0511501532320772,0.017050051077359
2026-01-01 22:00:00,16,0.927336607314308,-0.4037529348014506,0.0511501532320772,0.017050051077359
2026-01-01 22:00:00,17,0.926826753301177,-0.4116884481711775,0.0767252298481158,0.0341001021547181
2026-01-01 22:00:00,18,0.997042251406586,0.0029654819511141,0.0767252298481158,0.0341001021547181
2026-01-01 22:00:00,19,0.993996074505109,-0.054044808437315,0.0767252298481158,0.0341001021547181
2026-01-01 22:00:00,20,0.9933962369893078,-0.0705103265517412,0.0767252298481158,0.0341001021547181
2026-01-01 22:00:00,21,0.9928535382928844,-0.0878140274736824,0.0767252298481158,0.0341001021547181
2026-01-01 22:00:00,22,0.982550826325523,0.054439960392696,0.0767252298481158,0.0426251276933976
2026-01-01 22:00:00,23,0.9768898903305776,-0.0206343823658021,0.3580510726245405,0.1705005107735907
2026-01-01 22:00:00,24,0.974069081237614,-0.057549284164091,0.3580510726245403,0.1705005107735906
2026-01-01 22:00:00,25,0.9559502960735152,0.14505105265824,0.051150153232077,0.0213125638466988
2026-01-01 22:00:00,26,0.9537940789074868,0.1919521214318798,0.051150153232077,0.0213125638466988
2026-01-01 22:00:00,27,0.9441731962875128,0.2613276518812026,0.051150153232077,0.017050051077359
2026-01-01 22:00:00,28,0.9372622866648556,0.326237811336848,0.1023003064641545,0.0596751787707567
2026-01-01 22:00:00,29,0.934271160820516,0.4136597419747689,0.1705005107735906,0.5115015323207719
2026-01-01 22:00:00,30,0.9307738541351872,0.3436387546527475,0.1278753830801928,0.0596751787707567
2026-01-01 22:00:00,31,0.9300044957572218,0.3245422080835734,0.1790255363122703,0.0852502553867953
2026-01-01 22:00:00,32,0.9297661168616788,0.3181375658405077,0.051150153232077,0.034100102154718
2026-01-01 22:15:00,0,1.0,0.0,-3.239959237927924,-2.012428689334517
2026-01-01 22:15:00,1,0.997546071086434,0.0119219385365027,0.0835039988529292,0.0501023993117575
2026-01-01 22:15:00,2,0.9859047686153182,0.0789066337708598,0.0751535989676362,0.0334015995411716
2026-01-01 22:15:00,3,0.9797401948475314,0.1326695207064502,0.100204798623515,0.0668031990823433
2026-01-01 22:15:00,4,0.97364786189705,0.187096291808907,0.0501023993117575,0.0250511996558787
2026-01-01 22:15:00,5,0.958497496781702,0.1095460150421687,0.0501023993117575,0.0167007997705858
2026-01-01 22:15:00,6,0.9556278615334504,-0.0785586600274107,0.1670079977058585,0.0835039988529292
2026-01-01 22:15:00,7,0.9516391051628508,-0.0493035942631872,0.1670079977058585,0.0835039988529292
2026-01-01 22:15:00,8,0.9464829908521294,-0.1089563231025084,0.0501023993117575,0.0167007997705858
2026-01-01 22:15:00,9,0.9417014410302932,-0.1598813915886185,0.0501023993117575,0.0167007997705858
2026-01-01 22:15:00,10,0.9409943062685532,-0.1540170810605585,0.037576799483818,0.0250511996558787
2026-01-01 22:15:00,11,0.9397615010669084,-0.1447400995294152,0.0501023993117575,0.0292263995985252
2026-01-01 22:15:00,12,0.9347382004065484,-0.218877409622466,0.0501023993117575,0.0292263995985252
2026-01-01 22:15:00,13,0.932875900962192,-0.2825883407480827,0.100204798623515,0.0668031990823433
2026-01-01 22:15:00,14,0.9317158059193812,-0.3130863500676781,0.0501023993117575,0.0083503998852929
2026-01-01 22:15:00,15,0.9305922654719514,-0.3319024575932949,0.0501023993117575,0.0167007997705858
2026-01-01 22:15:00,16,0.9289274970877452,-0.3943502335095837,0.0501023993117575,0.0167007997705858
2026-01-01 22:15:00,17,0.9284289489090168,-0.4020964937949295,0.0751535989676364,0.0334015995411717
2026-01-01 22:15:00,18,0.997105400974857,0.0028881883375452,0.0751535989676361,0.0334015995411717
2026-01-01 22:15:00,19,0.99412205182546,-0.0529440591069182,0.0751535989676361,0.0334015995411717
2026-01-01 22:15:00,20,0.993534588177072,-0.0690680246973595,0.0751535989676361,0.0334015995411717
2026-01-01 22:15:00,21,0.993003087038036,-0.0860123661137207,0.0751535989676361,0.0334015995411717
2026-01-01 22:15:00,22,0.9829255566516883,0.0532076719495159,0.0751535989676361,0.0417519994264645
2026-01-01 22:15:00,23,0.9773835788848556,-0.0202636435861199,0.3507167951823027,0.1670079977058585
2026-01-01 22:15:00,24,0.9746221230577636,-0.0563836127643198,0.3507167951823027,0.1670079977058585
2026-01-01 22:15:00,25,0.9569102725696514,0.1417767214020169,0.0501023993117577,0.0208759997132323
2026-01-01 22:15:00,26,0.9548015305549225,0.1876081034644751,0.0501023993117577,0.0208759997132323
2026-01-01 22:15:00,27,0.945392510272636,0.2554121557628047,0.0501023993117577,0.0167007997705859
2026-01-01 22:15:00,28,0.9386338597177414,0.3188240005558101,0.100204798623515,0.0584527991970504
2026-01-01 22:15:00,29,0.9357086830151404,0.4041955930993851,0.1670079977058582,0.5010239931175753
2026-01-01 22:15:00,30,0.9322886495589142,0.3358252507806218,0.1252559982793939,0.0584527991970504
2026-01-01 22:15:00,31,0.9315362922918872,0.3171809664285195,0.1753583975911512,0.0835039988529291
2026-01-01 22:15:00,32,0.9313031818295852,0.3109281690277241,0.0501023993117577,0.0334015995411716
2026-01-01 22:30:00,0,1.0,0.0,-3.1977850439401876,-1.9861447062693445
2026-01-01 22:30:00,1,0.9975780392498412,0.0117634535168222,0.0824660244316965,0.0494796146590179
2026-01-01 22:30:00,2,0.9860891711828552,0.0778478932360566,0.0742194219885268,0.0329864097726786
2026-01-01 22:30:00,3,0.9800062183671764,0.1308808275344697,0.0989592293180358,0.0659728195453572
2026-01-01 22:30:00,4,0.973994714277206,0.1845579870595321,0.0494796146590179,0.0247398073295089
2026-01-01 22:30:00,5,0.9590456437595491,0.1080504050583953,0.0494796146590179,0.0164932048863393
2026-01-01 22:30:00,6,0.9562141465892782,-0.0774619254147433,0.1649320488633932,0.0824660244316966
2026-01-01 22:30:00,7,0.9522783659401648,-0.0486222706169103,0.1649320488633932,0.0824660244316966
2026-01-01 22:30:00,8,0.947191087358646,-0.1074509336763158,0.0494796146590179,0.0164932048863393
2026-01-01 22:30:00,9,0.9424734369073544,-0.1576656034268337,0.0494796146590179,0.0164932048863393
2026-01-01 22:30:00,10,0.9417757542313516,-0.1518856496493329,0.0371097109942634,0.0247398073295089
2026-01-01 22:30:00,11,0.9405594406282628,-0.1427430081977791,0.0494796146590179,0.0288631085510938
2026-01-01 22:30:00,12,0.9356034744424508,-0.2158321232575095,0.0494796146590179,0.0288631085510938
2026-01-01 22:30:00,13,0.9337661594909592,-0.2786322655174904,0.0989592293180358,0.0659728195453572
2026-01-01 22:30:00,14,0.9326216413660458,-0.3086933792681276,0.0494796146590179,0.0082466024431696
2026-01-01 22:30:00,15,0.9315131923848844,-0.3272396545581244,0.0494796146590179,0.0164932048863393
2026-01-01 22:30:00,16,0.9298708022043,-0.3887875683206463,0.0494796146590179,0.0164932048863393
2026-01-01 22:30:00,17,0.9293789544963869,-0.3964219684454731,0.0742194219885268,0.0329864097726786
2026-01-01 22:30:00,18,0.9971428797876772,0.002842619552383,0.0742194219885268,0.0329864097726786
2026-01-01 22:30:00,19,0.9941968666509547,-0.0522896107689924,0.0742194219885268,0.0329864097726786
2026-01-01 22:30:00,20,0.993616756252198,-0.0682106452877591,0.0742194219885268,0.0329864097726786
2026-01-01 22:30:00,21,0.9930919092850108,-0.0849414841810354,0.0742194219885268,0.0329864097726786
2026-01-01 22:30:00,22,0.9831479104921071,0.0524778609089826,0.0742194219885268,0.0412330122158483
2026-01-01 22:30:00,23,0.9776765778568072,-0.0200420107904522,0.3463573026131255,0.1649320488633932
2026-01-01 22:30:00,24,0.9749503682485804,-0.0556903038887038,0.3463573026131255,0.1649320488633932
2026-01-01 22:30:00,25,0.957479581822862,0.1398373723543122,0.0494796146590177,0.0206165061079242
2026-01-01 22:30:00,26,0.9553989839535336,0.185035427075135,0.0494796146590177,0.0206165061079242
2026-01-01 22:30:00,27,0.9461155588384932,0.2519088076608763,0.0494796146590177,0.0164932048863393
2026-01-01 22:30:00,28,0.939447168072476,0.3144339447619126,0.0989592293180359,0.0577262171021875
2026-01-01 22:30:00,29,0.9365610851571272,0.3985928795755567,0.1649320488633932,0.4947961465901793
2026-01-01 22:30:00,30,0.933186854521906,0.3311986078392653,0.1236990366475447,0.0577262171021875
2026-01-01 22:30:00,31,0.932444574420462,0.3128217105369601,0.1731786513065629,0.0824660244316966
2026-01-01 22:30:00,32,0.932214586728634,0.3066586832888023,0.0494796146590177,0.0329864097726786
2026-01-01 22:45:00,0,1.0,0.0,-3.050805639550385,-1.894562754564327
2026-01-01 22:45:00,1,0.9976894445096948,0.0112118377063431,0.0788382449319941,0.0473029469591964
2026-01-01 22:45:00,2,0.986731625643451,0.0741649522213766,0.0709544204387946,0.0315352979727976
2026-01-01 22:45:00,3,0.9809328247992454,0.124660520461647,0.0946058939183929,0.0630705959455952
2026-01-01 22:45:00,4,0.9752026797385676,0.1757342633808005,0.0473029469591964,0.0236514734795982
2026-01-01 22:45:00,5,0.9609542374972434,0.1028534159906169,0.0473029469591964,0.0157676489863988
2026-01-01 22:45:00,6,0.958255481902007,-0.0736560374184076,0.1576764898639882,0.0788382449319941
2026-01-01 22:45:00,7,0.9545040936519334,-0.04625631916722,0.1576764898639882,0.0788382449319941
2026-01-01 22:45:00,8,0.9496563320548926,-0.1022234967871586,0.0473029469591964,0.0157676489863988
2026-01-01 22:45:00,9,0.9451610079142486,-0.1499729130421515,0.0473029469591964,0.0157676489863988
2026-01-01 22:45:00,10,0.9444962115833808,-0.1444851188988608,0.0354772102193973,0.0236514734795982
2026-01-01 22:45:00,11,0.9433372737636172,-0.1358075504776146,0.0473029469591964,0.0275933857261979
2026-01-01 22:45:00,12,0.9386155397344224,-0.2052623210612328,0.0473029469591964,0.0275933857261979
2026-01-01 22:45:00,13,0.9368651318852256,-0.2649068036165452,0.0946058939183929,0.0630705959455952
2026-01-01 22:45:00,14,0.935774794174487,-0.2934543854638861,0.0473029469591964,0.0078838244931994
2026-01-01 22:45:00,15,0.9347188358638456,-0.3110659481250127,0.0473029469591963,0.0157676489863988
2026-01-01 22:45:00,16,0.9331542770150608,-0.3694976758554085,0.0473029469591965,0.0157676489863988
2026-01-01 22:45:00,17,0.9326857337816472,-0.3767447626622655,0.0709544204387946,0.0315352979727976
2026-01-01 22:45:00,18,0.9972735383519372,0.0026855227652497,0.0709544204387946,0.0315352979727976
2026-01-01 22:45:00,19,0.9944579653660444,-0.0500013413899479,0.0709544204387946,0.0315352979727976
2026-01-01 22:45:00,20,0.993903544628611,-0.0652136322383678,0.0709544204387946,0.0315352979727976
2026-01-01 22:45:00,21,0.9934019447104868,-0.081198855678159,0.0709544204387946,0.0315352979727976
2026-01-01 22:45:00,22,0.9839228130751108,0.0499425334689166,0.0709544204387946,0.0394191224659969
2026-01-01 22:45:00,23,0.9786980187367104,-0.0192601068299115,0.3311206287143751,0.1576764898639882
2026-01-01 22:45:00,24,0.976094802461868,-0.0532647040978662,0.3311206287143751,0.1576764898639882
2026-01-01 22:45:00,25,0.9594618168656744,0.1330992396282056,0.0473029469591965,0.0197095612329984
2026-01-01 22:45:00,26,0.9574791497789088,0.1760982083018816,0.0473029469591965,0.0197095612329984
2026-01-01 22:45:00,27,0.9486327432264308,0.2397386061719277,0.0473029469591965,0.0157676489863989
2026-01-01 22:45:00,28,0.9422784090946684,0.2991871398725617,0.0946058939183926,0.0551867714523959
2026-01-01 22:45:00,29,0.9395283455010104,0.3791427776076878,0.1576764898639879,0.4730294695919645
2026-01-01 22:45:00,30,0.936313455437143,0.3151306466557926,0.1182573673979909,0.0551867714523959
2026-01-01 22:45:00,31,0.9356062318802169,0.2976799867543282,0.1655603143571875,0.0788382449319942
2026-01-01 22:45:00,32,0.935387107609543,0.2918279046784542,0.0473029469591965,0.0315352979727976
2026-01-01 23:00:00,0,1.0,0.0,-2.9544601361982177,-1.83454656826846
2026-01-01 23:00:00,1,0.9977624663678216,0.0108508503121167,0.0764514932305883,0.045870895938353
2026-01-01 23:00:00,2,0.9871525898029886,0.0717565039418106,0.0688063439075295,0.0305805972922353
2026-01-01 23:00:00,3,0.9815397987282248,0.1205943219845054,0.091741791876706,0.0611611945844706
2026-01-01 23:00:00,4,0.9759938054431628,0.169969078227036,0.045870895938353,0.0229354479691765
2026-01-01 23:00:00,5,0.962203877526878,0.0994595901332281,0.045870895938353,0.0152902986461176
2026-01-01 23:00:00,6,0.9595919905122696,-0.0711749194187511,0.1529029864611767,0.0764514932305883
2026-01-01 23:00:00,7,0.9559612785203676,-0.0447125692865737,0.1529029864611767,0.0764514932305883
2026-01-01 23:00:00,8,0.951270203356862,-0.0988127761256676,0.045870895938353,0.0152902986461176
2026-01-01 23:00:00,9,0.9469203078843684,-0.1449550241536803,0.045870895938353,0.0152902986461176
2026-01-01 23:00:00,10,0.9462770228558232,-0.1396572150935956,0.0344031719537647,0.0229354479691765
2026-01-01 23:00:00,11,0.9451556126982416,-0.1312819084476712,0.045870895938353,0.0267580226307059
2026-01-01 23:00:00,12,0.9405870568177608,-0.1983699689478875,0.045870895938353,0.0267580226307059
2026-01-01 23:00:00,13,0.9388934785621408,-0.2559613507191826,0.091741791876706,0.0611611945844707
2026-01-01 23:00:00,14,0.9378385675802494,-0.2835243849289071,0.045870895938353,0.0076451493230588
2026-01-01 23:00:00,15,0.9368169301135436,-0.3005279732301209,0.0458708959383531,0.0152902986461176
2026-01-01 23:00:00,16,0.9353032578066248,-0.3569336270551463,0.0458708959383531,0.0152902986461176
2026-01-01 23:00:00,17,0.9348499513765076,-0.3639289363132564,0.0688063439075294,0.0305805972922353
2026-01-01 23:00:00,18,0.997359221458407,0.0025839838901842,0.0688063439075294,0.0305805972922353
2026-01-01 23:00:00,19,0.9946294229119494,-0.0484950921450946,0.0688063439075294,0.0305805972922353
2026-01-01 23:00:00,20,0.9940918948894968,-0.06324152640658,0.0688063439075294,0.0305805972922353
2026-01-01 23:00:00,21,0.9936055812632374,-0.0787366992729747,0.0688063439075294,0.0305805972922353
2026-01-01 23:00:00,22,0.9844307528598952,0.0482874153646442,0.0688063439075294,0.0382257466152942
2026-01-01 23:00:00,23,0.9793678462403708,-0.0187396233513638,0.3210962715684711,0.1529029864611768
2026-01-01 23:00:00,24,0.97684538480212,-0.0516668913042031,0.3210962715684711,0.1529029864611768
2026-01-01 23:00:00,25,0.9607596365217188,0.1286996405978892,0.0458708959383531,0.0191128733076471
2026-01-01 23:00:00,26,0.958841035111298,0.1702638829683607,0.0458708959383531,0.0191128733076471
2026-01-01 23:00:00,27,0.9502805197120532,0.2317938244769184,0.0458708959383531,0.0152902986461176
2026-01-01 23:00:00,28,0.9441316288059266,0.2892370370425656,0.0917417918767062,0.0535160452614118
2026-01-01 23:00:00,29,0.9414705381445904,0.3664565239794442,0.1529029864611768,0.4587089593835303
2026-01-01 23:00:00,30,0.9383598579157222,0.3046450912536544,0.1146772398458826,0.0535160452614118
2026-01-01 23:00:00,31,0.9376755613501924,0.2877968889931532,0.1605481357842357,0.0764514932305884
2026-01-01 23:00:00,32,0.9374635416736068,0.282147038734077,0.0458708959383531,0.0305805972922352
2026-01-01 23:15:00,0,1.0,0.0,-2.933609788210638,-1.821559999847026
2026-01-01 23:15:00,1,0.9977782687087312,0.0107727903406653,0.0759340632532392,0.0455604379519435
2026-01-01 23:15:00,2,0.987243674271126,0.0712358811695949,0.0683406569279153,0.0303736253012957
2026-01-01 23:15:00,3,0.9816711117824692,0.1197155124008925,0.0911208759038871,0.0607472506025913
2026-01-01 23:15:00,4,0.9761649421700236,0.1687233709053185,0.0455604379519435,0.0227802189759717
2026-01-01 23:15:00,5,0.962474164639078,0.0987264530679931,0.0455604379519435,0.0151868126506478
2026-01-01 23:15:00,6,0.959881062125175,-0.0706393901662711,0.1518681265064785,0.0759340632532392
2026-01-01 23:15:00,7,0.9562764458868872,-0.0443792243555053,0.1518681265064785,0.0759340632532392
2026-01-01 23:15:00,8,0.9516192466709288,-0.0980763020796191,0.0455604379519435,0.0151868126506478
2026-01-01 23:15:00,9,0.9473007919489792,-0.143871651932553,0.0455604379519435,0.0151868126506478
2026-01-01 23:15:00,10,0.9466621574854802,-0.1386148003151351,0.0341703284639576,0.0227802189759717
2026-01-01 23:15:00,11,0.9455488602449514,-0.1303046389119752,0.0455604379519435,0.0265769221386337
2026-01-01 23:15:00,12,0.94101341653348,-0.1968821293084522,0.0455604379519435,0.0265769221386337
2026-01-01 23:15:00,13,0.9393321225815016,-0.2540307906487782,0.091120875903887,0.0607472506025913
2026-01-01 23:15:00,14,0.938284869195607,-0.2813815394601063,0.0455604379519435,0.0075934063253239
2026-01-01 23:15:00,15,0.937270650179248,-0.2982540435321139,0.0455604379519436,0.0151868126506478
2026-01-01 23:15:00,16,0.9357679766671338,-0.3542229436953038,0.0455604379519436,0.0151868126506478
2026-01-01 23:15:00,17,0.9353179635948758,-0.361163982776211,0.0683406569279152,0.0303736253012957
2026-01-01 23:15:00,18,0.9973777680696008,0.0025621590198788,0.0683406569279152,0.0303736253012957
2026-01-01 23:15:00,19,0.9946665602490672,-0.0481684692763821,0.0683406569279152,0.0303736253012957
2026-01-01 23:15:00,20,0.99413269352608,-0.0628139544805747,0.0683406569279152,0.0303736253012957
2026-01-01 23:15:00,21,0.9936496930008836,-0.0782029399307711,0.0683406569279152,0.0303736253012957
2026-01-01 23:15:00,22,0.9845406759984984,0.0479299325422388,0.0683406569279152,0.0379670316266196
2026-01-01 23:15:00,23,0.9795128329292416,-0.0186261631045949,0.3189230656636048,0.1518681265064785
2026-01-01 23:15:00,24,0.9770078615009566,-0.0513202977552393,0.3189230656636048,0.1518681265064785
2026-01-01 23:15:00,25,0.9610403407113204,0.1277493032777805,0.0455604379519436,0.0189835158133098
2026-01-01 23:15:00,26,0.9591355906077448,0.1690037559720701,0.0455604379519436,0.0189835158133098
2026-01-01 23:15:00,27,0.950636885884492,0.230077879080226,0.0455604379519436,0.0151868126506478
2026-01-01 23:15:00,28,0.9445324116982168,0.2870882960284454,0.0911208759038872,0.0531538442772674
2026-01-01 23:15:00,29,0.9418905563768448,0.3637176233812637,0.1518681265064785,0.4556043795194355
2026-01-01 23:15:00,30,0.9388024037431826,0.3023807637756986,0.1139010948798588,0.0531538442772674
2026-01-01 23:15:00,31,0.9381230634036714,0.2856624558774815,0.1594615328318025,0.0759340632532392
2026-01-01 23:15:00,32,0.9379125795486748,0.2800562064535583,0.0455604379519436,0.0303736253012956
2026-01-01 23:30:00,0,1.0,0.0,-2.7060766074449063,-1.679880122086745
2026-01-01 23:30:00,1,0.997950703484508,0.0099223754534524,0.0702665912532126,0.0421599547519275
2026-01-01 23:30:00,2,0.988237250953824,0.0655681758842801,0.0632399321278913,0.028106636501285
2026-01-01 23:30:00,3,0.9831030883410038,0.1101521421969854,0.0843199095038551,0.0562132730025701
2026-01-01 23:30:00,4,0.9780308351320748,0.1551741595918765,0.0421599547519275,0.0210799773759637
2026-01-01 23:30:00,5,0.9654202690802748,0.0907564588412932,0.0421599547519275,0.0140533182506425
2026-01-01 23:30:00,6,0.9630318130905032,-0.0648278144475,0.1405331825064253,0.0702665912532126
2026-01-01 23:30:00,7,0.9597115106498544,-0.040758604746091,0.1405331825064253,0.0702665912532126
2026-01-01 23:30:00,8,0.9554232336253308,-0.0900772721598471,0.0421599547519275,0.0140533182506425
2026-01-01 23:30:00,9,0.9514471524359092,-0.1321079643365712,0.0421599547519275,0.0140533182506425
2026-01-01 23:30:00,10,0.9508591592798848,-0.1272944652703653,0.0316199660639456,0.0210799773759637
2026-01-01 23:30:00,11,0.9498342001092482,-0.1196890939035121,0.0421599547519275,0.0245933069386244
2026-01-01 23:30:00,12,0.9456592401385332,-0.1807318699665372,0.0421599547519275,0.0245933069386244
2026-01-01 23:30:00,13,0.9441116727049962,-0.2330857508113927,0.0843199095038551,0.0562132730025701
2026-01-01 23:30:00,14,0.9431477737829062,-0.2581377908121353,0.0421599547519275,0.0070266591253212
2026-01-01 23:30:00,15,0.9422143036822002,-0.2735909887540931,0.0421599547519275,0.0140533182506425
2026-01-01 23:30:00,16,0.9408313431413629,-0.3248328811268446,0.0421599547519275,0.0140533182506425
2026-01-01 23:30:00,17,0.9404171761034088,-0.3311866562052915,0.0632399321278914,0.028106636501285
2026-01-01 23:30:00,18,0.997580247356454,0.0023274293591445,0.0632399321278913,0.028106636501285
2026-01-01 23:30:00,19,0.9950725605702696,-0.0445891350488542,0.0632399321278913,0.028106636501285
2026-01-01 23:30:00,20,0.994578775216256,-0.0581299631595674,0.0632399321278913,0.028106636501285
2026-01-01 23:30:00,21,0.9941320436460908,-0.0723570713419678,0.0632399321278913,0.028106636501285
2026-01-01 23:30:00,22,0.985740201318668,0.0440450371641017,0.0632399321278913,0.0351332956266063
2026-01-01 23:30:00,23,0.9810956609435522,-0.0173692125839682,0.2951196832634932,0.1405331825064253
2026-01-01 23:30:00,24,0.9787818652133344,-0.0475196076695781,0.2951196832634932,0.1405331825064253
2026-01-01 23:30:00,25,0.9640999034357806,0.1174196643089719,0.0421599547519278,0.0175666478133031
2026-01-01 23:30:00,26,0.962346003243404,0.1553096061829521,0.0421599547519275,0.0175666478133031
2026-01-01 23:30:00,27,0.9545204494444428,0.2114304481666853,0.0421599547519275,0.0140533182506424
2026-01-01 23:30:00,28,0.9488996778388908,0.263744964431957,0.0843199095038551,0.0491866138772488
2026-01-01 23:30:00,29,0.9464672844769688,0.3339793027822823,0.1405331825064255,0.421599547519276
2026-01-01 23:30:00,30,0.9436244021523448,0.2777827769421518,0.1053998868798191,0.0491866138772487
2026-01-01 23:30:00,31,0.9429990224251912,0.2624708826493065,0.1475598416317467,0.0702665912532127
2026-01-01 23:30:00,32,0.9428052595304608,0.2573366732750398,0.0421599547519275,0.0281066365012849
2026-01-01 23:45:00,0,1.0,0.0,-2.6814515874875475,-1.664550865116727
2026-01-01 23:45:00,1,0.9979693641905836,0.0098304948032158,0.0696509299552884,0.041790557973173
2026-01-01 23:45:00,2,0.98834473807265,0.0649562805709906,0.0626858369597596,0.0278603719821153
2026-01-01 23:45:00,3,0.9832579559377532,0.1091200687777206,0.0835811159463461,0.0557207439642307
2026-01-01 23:45:00,4,0.9782325908981716,0.1537126814627456,0.0417905579731731,0.0208952789865865
2026-01-01 23:45:00,5,0.9657387367046482,0.0898972309888086,0.0417905579731731,0.0139301859910576
2026-01-01 23:45:00,6,0.9633723913256218,-0.0642024006877031,0.1393018599105769,0.0696509299552884
2026-01-01 23:45:00,7,0.960082808659772,-0.0403686285188976,0.1393018599105769,0.0696509299552884
2026-01-01 23:45:00,8,0.9558343761192886,-0.0892157126258409,0.0417905579731731,0.0139301859910577
2026-01-01 23:45:00,9,0.9518952689961646,-0.1308412566978536,0.0417905579731731,0.0139301859910577
2026-01-01 23:45:00,10,0.951312744662012,-0.1260753474909604,0.0313429184798798,0.0208952789865865
2026-01-01 23:45:00,11,0.9502973246084812,-0.1185455865332259,0.0417905579731731,0.0243778254843509
2026-01-01 23:45:00,12,0.946161284601985,-0.1789933952833234,0.0417905579731731,0.0243778254843509
2026-01-01 23:45:00,13,0.9446281540357684,-0.2308323317861736,0.0835811159463462,0.0557207439642307
2026-01-01 23:45:00,14,0.9436732532681158,-0.2556375411479312,0.0417905579731731,0.0069650929955288
2026-01-01 23:45:00,15,0.9427484997903728,-0.2709383505176904,0.0417905579731731,0.0139301859910577
2026-01-01 23:45:00,16,0.9413784611126512,-0.3216729202830376,0.0417905579731731,0.0139301859910577
2026-01-01 23:45:00,17,0.9409681633639164,-0.3279636791192801,0.0626858369597597,0.0278603719821153
2026-01-01 23:45:00,18,0.997602170298404,0.002302401946765,0.0626858369597596,0.0278603719821154
2026-01-01 23:45:00,19,0.9951165805381156,-0.0442001159080797,0.0626858369597596,0.0278603719821154
2026-01-01 23:45:00,20,0.9946271469079432,-0.0576210599034664,0.0626858369597596,0.0278603719821154
2026-01-01 23:45:00,21,0.9941843530754798,-0.0717220852990958,0.0626858369597596,0.0278603719821154
2026-01-01 23:45:00,22,0.9858700175941006,0.0436263621637655,0.0626858369597596,0.0348254649776442
2026-01-01 23:45:00,23,0.9812670330783636,-0.017231128922881,0.2925339058122116,0.1393018599105769
2026-01-01 23:45:00,24,0.978973961613544,-0.0471062698076414,0.2925339058122116,0.1393018599105769
2026-01-01 23:45:00,25,0.9644306261654984,0.116306219136622,0.0417905579731729,0.0174127324888221
2026-01-01 23:45:00,26,0.9626930185395544,0.1538337951495665,0.0417905579731729,0.0174127324888221
2026-01-01 23:45:00,27,0.9549401676004846,0.2094208515469626,0.0417905579731732,0.0139301859910576
2026-01-01 23:45:00,28,0.9493716356455932,0.2612301033401144,0.0835811159463459,0.0487556509687018
2026-01-01 23:45:00,29,0.9469618626772436,0.3307772688569321,0.139301859910577,0.4179055797317308
2026-01-01 23:45:00,30,0.9441454631669988,0.2751328619492482,0.1044763949329325,0.0487556509687019
2026-01-01 23:45:00,31,0.9435259097234316,0.2599719709787256,0.1462669529061058,0.0696509299552885
2026-01-01 23:45:00,32,0.9433339522168986,0.254888438849479,0.0417905579731732,0.0278603719821153
