timestamp,line_id,current_from_ka,current_to_ka,loading_percent
2026-01-01 00:00:00,0,0.1345303854867141,0.1345303854867141,0.000134531730804
2026-01-01 00:00:00,1,0.119398436500229,0.119398436500229,0.0001193996304965
2026-01-01 00:00:00,2,0.0854738170537775,0.0854738170537775,8.547467180049557e-05
2026-01-01 00:00:00,3,0.081115498263868,0.081115498263868,8.111630942696228e-05
2026-01-01 00:00:00,4,0.0791036965533885,0.0791036965533885,7.910448759826452e-05
2026-01-01 00:00:00,5,0.0370739856009421,0.0370739856009421,3.707435634450557e-05
2026-01-01 00:00:00,6,0.0301847461601854,0.0301847461601854,3.0185048010665593e-05
2026-01-01 00:00:00,7,0.0232743890121513,0.0232743890121513,2.327462175836893e-05
2026-01-01 00:00:00,8,0.0213241968763994,0.0213241968763994,2.1324410120500668e-05
2026-01-01 00:00:00,9,0.0193689896407559,0.0193689896407559,1.9369183332589273e-05
2026-01-01 00:00:00,10,0.0176991446275269,0.0176991446275269,1.7699321620743104e-05
2026-01-01 00:00:00,11,0.0155403540673573,0.0155403540673573,1.5540509472452036e-05
2026-01-01 00:00:00,12,0.0133760309247719,0.0133760309247719,1.337616468641884e-05
2026-01-01 00:00:00,13,0.0089549979288866,0.0089549979288866,8.955087479761424e-06
2026-01-01 00:00:00,14,0.0070740720970217,0.0070740720970217,7.074142838450095e-06
2026-01-01 00:00:00,15,0.0050879575470701,0.0050879575470701,5.088008427154396e-06
2026-01-01 00:00:00,16,0.0031022647591603,0.0031022647591603,3.10229578211813e-06
2026-01-01 00:00:00,17,0.01177596247556,0.01177596247556,1.1776080236362397e-05
2026-01-01 00:00:00,18,0.008838111501961,0.008838111501961,8.8381998839599e-06
2026-01-01 00:00:00,19,0.0058933884178533,0.0058933884178533,5.893447352326879e-06
2026-01-01 00:00:00,20,0.0029473084976655,0.0029473084976655,2.947337971045252e-06
2026-01-01 00:00:00,21,0.0313147572346277,0.0313147572346277,3.1315070385331645e-05
2026-01-01 00:00:00,22,0.0282147880412026,0.0282147880412026,2.8215070191904545e-05
2026-01-01 00:00:00,23,0.0141228154321938,0.0141228154321938,1.4122956661760428e-05
2026-01-01 00:00:00,24,0.0413849070156718,0.0413849070156718,4.1385320868880576e-05
2026-01-01 00:00:00,25,0.0395531898286575,0.0395531898286575,3.955358536451119e-05
2026-01-01 00:00:00,26,0.0377361676770817,0.0377361676770817,3.773654504253214e-05
2026-01-01 00:00:00,27,0.0360449847301214,0.0360449847301214,3.604534518357332e-05
2026-01-01 00:00:00,28,0.0319903809659359,0.0319903809659359,3.199070087294464e-05
2026-01-01 00:00:00,29,0.0147509188423395,0.0147509188423395,1.475106635300307e-05
2026-01-01 00:00:00,30,0.0095562306903568,0.0095562306903568,9.556326253619343e-06
2026-01-01 00:00:00,31,0.0022661108119014,0.0022661108119014,2.2661334732361756e-06
2026-01-01 00:00:00,32,0.0,0.0,0.0
2026-01-01 00:00:00,33,0.0,0.0,0.0
2026-01-01 00:00:00,34,0.0,0.0,0.0
2026-01-01 00:00:00,35,0.0,0.0,0.0
2026-01-01 00:00:00,36,0.0,0.0,0.0
2026-01-01 00:15:00,0,0.1268623629629842,0.1268623629629842,0.0001268636315993
2026-01-01 00:15:00,1,0.1125673132643503,0.1125673132643503,0.0001125684389487
2026-01-01 00:15:00,2,0.0805444999125697,0.0805444999125697,8.05453053656234e-05
2026-01-01 00:15:00,3,0.0764300970185197,0.0764300970185198,7.643086132713307e-05
2026-01-01 00:15:00,4,0.0745313885330539,0.0745313885330539,7.453213385439249e-05
2026-01-01 00:15:00,5,0.0349362407458981,0.0349362407458981,3.4936590111799295e-05
2026-01-01 00:15:00,6,0.0284399154639324,0.0284399154639324,2.844019986593112e-05
2026-01-01 00:15:00,7,0.0219249305343495,0.0219249305343495,2.1925149785847456e-05
2026-01-01 00:15:00,8,0.0200867413162818,0.0200867413162818,2.0086942185703734e-05
2026-01-01 00:15:00,9,0.0182442594423007,0.0182442594423007,1.8244441886719632e-05
2026-01-01 00:15:00,10,0.0166707808965305,0.0166707808965305,1.667094760600659e-05
2026-01-01 00:15:00,11,0.014636691344369,0.014636691344369,1.4636837712746154e-05
2026-01-01 00:15:00,12,0.0125978874608859,0.0125978874608859,1.2598013441020382e-05
2026-01-01 00:15:00,13,0.0084336470017516,0.0084336470017516,8.433731339065042e-06
2026-01-01 00:15:00,14,0.0066620379009419,0.0066620379009419,6.662104521987206e-06
2026-01-01 00:15:00,15,0.0047914709119353,0.0047914709119353,4.791518827123634e-06
2026-01-01 00:15:00,16,0.002921460048076,0.002921460048076,2.9214892629686335e-06
2026-01-01 00:15:00,17,0.0111243023471912,0.0111243023471912,1.1124413591327208e-05
2026-01-01 00:15:00,18,0.0083487044520018,0.0083487044520018,8.348787939881224e-06
2026-01-01 00:15:00,19,0.0055669751985964,0.0055669751985964,5.56703086890513e-06
2026-01-01 00:15:00,20,0.0027840355553534,0.0027840355553534,2.784063395987367e-06
2026-01-01 00:15:00,21,0.0295581963969269,0.0295581963969269,2.9558491981846813e-05
2026-01-01 00:15:00,22,0.0266313040022849,0.0266313040022849,2.6631570317988093e-05
2026-01-01 00:15:00,23,0.0133293753407128,0.0133293753407128,1.3329508635799216e-05
2026-01-01 00:15:00,24,0.0389884193625111,0.0389884193625111,3.8988809250603696e-05
2026-01-01 00:15:00,25,0.0372611700253419,0.0372611700253418,3.7261542640768306e-05
2026-01-01 00:15:00,26,0.0355479487210436,0.0355479487210436,3.554830420408565e-05
2026-01-01 00:15:00,27,0.0339540978302737,0.0339540978302737,3.395443737464752e-05
2026-01-01 00:15:00,28,0.0301339775369233,0.0301339775369233,3.0134278879712143e-05
2026-01-01 00:15:00,29,0.0138935236883402,0.0138935236883402,1.3893662624966524e-05
2026-01-01 00:15:00,30,0.0090006481313266,0.0090006481313266,9.000738138708071e-06
2026-01-01 00:15:00,31,0.0021343439340778,0.0021343439340778,2.1343652777306053e-06
2026-01-01 00:15:00,32,0.0,0.0,0.0
2026-01-01 00:15:00,33,0.0,0.0,0.0
2026-01-01 00:15:00,34,0.0,0.0,0.0
2026-01-01 00:15:00,35,0.0,0.0,0.0
2026-01-01 00:15:00,36,0.0,0.0,0.0
2026-01-01 00:30:00,0,0.1371468998988542,0.1371468998988542,0.0001371482713815
2026-01-01 00:30:00,1,0.121730109926931,0.121730109926931,0.0001217313272402
2026-01-01 00:30:00,2,0.0871574873484471,0.0871574873484471,8.715835893203649e-05
2026-01-01 00:30:00,3,0.0827160693694351,0.0827160693694351,8.27168965384005e-05
2026-01-01 00:30:00,4,0.0806657238039877,0.0806657238039877,8.066653046929246e-05
2026-01-01 00:30:00,5,0.0378041464157957,0.0378041464157958,3.7804524461040405e-05
2026-01-01 00:30:00,6,0.0307808320900016,0.0307808320900016,3.0781139901400654e-05
2026-01-01 00:30:00,7,0.0237355245203992,0.0237355245203992,2.3735761878018016e-05
2026-01-01 00:30:00,8,0.0217470905201225,0.0217470905201226,2.1747307993202533e-05
2026-01-01 00:30:00,9,0.0197533819146367,0.0197533819146367,1.9753579450431287e-05
2026-01-01 00:30:00,10,0.0180506201322562,0.0180506201322562,1.8050800640262647e-05
2026-01-01 00:30:00,11,0.0158492308082998,0.0158492308082998,1.5849389302192886e-05
2026-01-01 00:30:00,12,0.0136420144769544,0.0136420144769544,1.3642150898463434e-05
2026-01-01 00:30:00,13,0.009133217098709,0.009133217098709,9.133308431793374e-06
2026-01-01 00:30:00,14,0.0072149279918919,0.0072149279918919,7.215000141893326e-06
2026-01-01 00:30:00,15,0.0051893169749124,0.0051893169749124,5.189368868601124e-06
2026-01-01 00:30:00,16,0.003164077067654,0.003164077067654,3.164108708741183e-06
2026-01-01 00:30:00,17,0.0119977668866669,0.0119977668866669,1.1997886865535565e-05
2026-01-01 00:30:00,18,0.0090046987655902,0.0090046987655902,9.00478881347838e-06
2026-01-01 00:30:00,19,0.0060044967361672,0.0060044967361672,6.00455678173508e-06
2026-01-01 00:30:00,20,0.0030028861052588,0.0030028861052588,3.002916134420196e-06
2026-01-01 00:30:00,21,0.0319133005057723,0.0319133005057723,3.1913619641968775e-05
2026-01-01 00:30:00,22,0.0287543782658238,0.0287543782658238,2.8754665812482015e-05
2026-01-01 00:30:00,23,0.0143932122736855,0.0143932122736855,1.4393356207247632e-05
2026-01-01 00:30:00,24,0.0422037429449382,0.0422037429449382,4.220416498658815e-05
2026-01-01 00:30:00,25,0.0403363779412121,0.0403363779412121,4.033678130902527e-05
2026-01-01 00:30:00,26,0.0384839305810556,0.0384839305810556,3.848431542420987e-05
2026-01-01 00:30:00,27,0.0367595088390735,0.0367595088390735,3.675987643783789e-05
2026-01-01 00:30:00,28,0.0326247956648125,0.0326247956648125,3.262512191603167e-05
2026-01-01 00:30:00,29,0.0150439701807689,0.0150439701807689,1.504412062197514e-05
2026-01-01 00:30:00,30,0.0097461285223625,0.0097461285223625,9.746225984622375e-06
2026-01-01 00:30:00,31,0.0023111492342441,0.0023111492342441,2.3111723459676466e-06
2026-01-01 00:30:00,32,0.0,0.0,0.0
2026-01-01 00:30:00,33,0.0,0.0,0.0
2026-01-01 00:30:00,34,0.0,0.0,0.0
2026-01-01 00:30:00,35,0.0,0.0,0.0
2026-01-01 00:30:00,36,0.0,0.0,0.0
2026-01-01 00:45:00,0,0.138283402868287,0.138283402868287,0.0001382847857161
2026-01-01 00:45:00,1,0.1227430059982362,0.1227430059982362,0.0001227442334405
2026-01-01 00:45:00,2,0.0878890681166369,0.0878890681166369,8.788994701610715e-05
2026-01-01 00:45:00,3,0.0834115762116809,0.0834115762116809,8.341241033578428e-05
2026-01-01 00:45:00,4,0.0813444962085824,0.0813444962085823,8.134530966167902e-05
2026-01-01 00:45:00,5,0.0381214107102285,0.0381214107102285,3.8121791928147824e-05
2026-01-01 00:45:00,6,0.0310398592795141,0.0310398592795141,3.104016968121094e-05
2026-01-01 00:45:00,7,0.0239359286810847,0.0239359286810847,2.393616804276519e-05
2026-01-01 00:45:00,8,0.0219308802623979,0.0219308802623979,2.1931099573393663e-05
2026-01-01 00:45:00,9,0.0199204424365477,0.0199204424365477,1.992064164296419e-05
2026-01-01 00:45:00,10,0.0182033775603588,0.0182033775603588,1.8203559595954795e-05
2026-01-01 00:45:00,11,0.0159834775546412,0.0159834775546412,1.598363739101518e-05
2026-01-01 00:45:00,12,0.0137576202681678,0.0137576202681678,1.3757757845746295e-05
2026-01-01 00:45:00,13,0.0092106793006714,0.0092106793006714,9.210771408385522e-06
2026-01-01 00:45:00,14,0.0072761512957468,0.0072761512957468,7.276224057987471e-06
2026-01-01 00:45:00,15,0.0052333737356481,0.0052333737356481,5.233426069908824e-06
2026-01-01 00:45:00,16,0.0031909444473586,0.0031909444473586,3.190976357122227e-06
2026-01-01 00:45:00,17,0.0120940206271029,0.0120940206271029,1.2094141568518594e-05
2026-01-01 00:45:00,18,0.0090769919645957,0.0090769919645957,9.077082735423098e-06
2026-01-01 00:45:00,19,0.0060527142561299,0.0060527142561299,6.0527747838777425e-06
2026-01-01 00:45:00,20,0.0030270051785917,0.0030270051785917,3.0270354489462136e-06
2026-01-01 00:45:00,21,0.0321731486762244,0.0321731486762244,3.217347041092856e-05
2026-01-01 00:45:00,22,0.0289886364467206,0.0289886364467206,2.8988926335984008e-05
2026-01-01 00:45:00,23,0.0145106062609527,0.0145106062609527,1.4510751368466396e-05
2026-01-01 00:45:00,24,0.0425595853164745,0.0425595853164745,4.256001091658367e-05
2026-01-01 00:45:00,25,0.0406767362956059,0.0406767362956059,4.067714306703661e-05
2026-01-01 00:45:00,26,0.0388089007710838,0.0388089007710838,3.880928886397246e-05
2026-01-01 00:45:00,27,0.0370700372619788,0.0370700372619788,3.70704079660585e-05
2026-01-01 00:45:00,28,0.0329005124498457,0.0329005124498457,3.290084145826033e-05
2026-01-01 00:45:00,29,0.0151713370241022,0.0151713370241022,1.5171488738989644e-05
2026-01-01 00:45:00,30,0.009828663105732,0.009828663105732,9.828761393345946e-06
2026-01-01 00:45:00,31,0.0023307242079154,0.0023307242079154,2.330747515390578e-06
2026-01-01 00:45:00,32,0.0,0.0,0.0
2026-01-01 00:45:00,33,0.0,0.0,0.0
2026-01-01 00:45:00,34,0.0,0.0,0.0
2026-01-01 00:45:00,35,0.0,0.0,0.0
2026-01-01 00:45:00,36,0.0,0.0,0.0
2026-01-01 01:00:00,0,0.1218047930959503,0.1218047930959503,0.000121806011156
2026-01-01 01:00:00,1,0.1080634720664389,0.1080634720664389,0.0001080645527119
2026-01-01 01:00:00,2,0.0772972550731049,0.0772972550731049,7.729802805338547e-05
2026-01-01 01:00:00,3,0.0733440419153782,0.0733440419153782,7.334477536313185e-05
2026-01-01 01:00:00,4,0.0715200358724973,0.0715200358724973,7.15207510800081e-05
2026-01-01 01:00:00,5,0.0335279464834617,0.0335279464834617,3.352828176627944e-05
2026-01-01 01:00:00,6,0.0272907662464963,0.0272907662464963,2.7291039156887937e-05
2026-01-01 01:00:00,7,0.0210364597247001,0.0210364597247001,2.1036670091401055e-05
2026-01-01 01:00:00,8,0.0192720871336543,0.0192720871336543,1.9272279856452947e-05
2026-01-01 01:00:00,9,0.0175038675525894,0.0175038675525894,1.7504042593015344e-05
2026-01-01 01:00:00,10,0.0159938676713044,0.0159938676713044,1.5994027611580553e-05
2026-01-01 01:00:00,11,0.0140419130504119,0.0140419130504119,1.404205347094665e-05
2026-01-01 01:00:00,12,0.0120857476274565,0.0120857476274565,1.2085868486141422e-05
2026-01-01 01:00:00,13,0.008090545044844,0.008090545044844,8.090625951103515e-06
2026-01-01 01:00:00,14,0.0063908909217498,0.0063908909217498,6.390954831298192e-06
2026-01-01 01:00:00,15,0.0045963716669262,0.0045963716669262,4.5964176311025815e-06
2026-01-01 01:00:00,16,0.0028024859403908,0.0028024859403908,2.802513965530472e-06
2026-01-01 01:00:00,17,0.0106931601385201,0.0106931601385201,1.0693267071190867e-05
2026-01-01 01:00:00,18,0.0080249306701563,0.0080249306701563,8.02501092026554e-06
2026-01-01 01:00:00,19,0.0053510366396349,0.0053510366396349,5.351090150536455e-06
2026-01-01 01:00:00,20,0.0026760244865215,0.0026760244865215,2.676051247033984e-06
2026-01-01 01:00:00,21,0.0283976400574056,0.0283976400574056,2.8397924036646057e-05
2026-01-01 01:00:00,22,0.0255851528565801,0.0255851528565801,2.5585408710667262e-05
2026-01-01 01:00:00,23,0.0128052332329306,0.0128052332329306,1.280536128654356e-05
2026-01-01 01:00:00,24,0.03741038266992,0.03741038266992,3.7410756777487806e-05
2026-01-01 01:00:00,25,0.0357520344619617,0.0357520344619617,3.575239198588163e-05
2026-01-01 01:00:00,26,0.0341072626955564,0.0341072626955565,3.4107603771594214e-05
2026-01-01 01:00:00,27,0.0325775450021628,0.0325775450021628,3.257787078087063e-05
2026-01-01 01:00:00,28,0.0289118486560842,0.0289118486560842,2.8912137777461996e-05
2026-01-01 01:00:00,29,0.0133291722937299,0.0133291722937299,1.3329305586785776e-05
2026-01-01 01:00:00,30,0.008634963671488,0.008634963671488,8.63505002198824e-06
2026-01-01 01:00:00,31,0.0020476163189947,0.0020476163189947,2.047636795362751e-06
2026-01-01 01:00:00,32,0.0,0.0,0.0
2026-01-01 01:00:00,33,0.0,0.0,0.0
2026-01-01 01:00:00,34,0.0,0.0,0.0
2026-01-01 01:00:00,35,0.0,0.0,0.0
2026-01-01 01:00:00,36,0.0,0.0,0.0
2026-01-01 01:15:00,0,0.1255818668862566,0.1255818668862566,0.0001255831227174
2026-01-01 01:15:00,1,0.1114268821794182,0.1114268821794182,0.0001114279964593
2026-01-01 01:15:00,2,0.0797220523487059,0.0797220523487059,7.972284957720175e-05
2026-01-01 01:15:00,3,0.0756484368512269,0.0756484368512269,7.564919334316036e-05
2026-01-01 01:15:00,4,0.0737686336060173,0.0737686336060173,7.376937129973035e-05
2026-01-01 01:15:00,5,0.0345795567147212,0.0345795567147212,3.4579902513746356e-05
2026-01-01 01:15:00,6,0.0281488432735109,0.0281488432735109,2.8149124764758584e-05
2026-01-01 01:15:00,7,0.0216998651898666,0.0216998651898666,2.170008219068853e-05
2026-01-01 01:15:00,8,0.0198803694222246,0.0198803694222246,1.9880568227906903e-05
2026-01-01 01:15:00,9,0.0180566961349023,0.0180566961349023,1.805687670366941e-05
2026-01-01 01:15:00,10,0.0164992954727585,0.0164992954727585,1.6499460467363182e-05
2026-01-01 01:15:00,11,0.0144860097005171,0.0144860097005171,1.4486154562062816e-05
2026-01-01 01:15:00,12,0.0124681398267182,0.0124681398267182,1.2468264509363316e-05
2026-01-01 01:15:00,13,0.0083467219936533,0.0083467219936533,8.346805461707991e-06
2026-01-01 01:15:00,14,0.0065933416934142,0.0065933416934142,6.593407627490494e-06
2026-01-01 01:15:00,15,0.0047420410351444,0.0047420410351444,4.742088456029016e-06
2026-01-01 01:15:00,16,0.0028913168762445,0.0028913168762445,2.891345789702405e-06
2026-01-01 01:15:00,17,0.0110152436305712,0.0110152436305712,1.1015353784109046e-05
2026-01-01 01:15:00,18,0.0082668033348205,0.0082668033348205,8.266886003680569e-06
2026-01-01 01:15:00,19,0.0055123515102865,0.0055123515102865,5.512406634352898e-06
2026-01-01 01:15:00,20,0.0027567129827868,0.0027567129827868,2.7567405501923385e-06
2026-01-01 01:15:00,21,0.0292645106240593,0.0292645106240593,2.926480327209203e-05
2026-01-01 01:15:00,22,0.0263665651215403,0.0263665651215403,2.6366828789828275e-05
2026-01-01 01:15:00,23,0.0131967318497905,0.0131967318497905,1.3196863818428764e-05
2026-01-01 01:15:00,24,0.0385886906558618,0.0385886906558618,3.858907654662729e-05
2026-01-01 01:15:00,25,0.0368788861823697,0.0368788861823697,3.687925497491948e-05
2026-01-01 01:15:00,26,0.0351829962292035,0.0351829962292035,3.5183348062684196e-05
2026-01-01 01:15:00,27,0.0336053876284192,0.0336053876284191,3.360572368565606e-05
2026-01-01 01:15:00,28,0.029824382605026,0.029824382605026,2.982468085183461e-05
2026-01-01 01:15:00,29,0.0137505523598067,0.0137505523598066,1.3750689866705367e-05
2026-01-01 01:15:00,30,0.0089080059125027,0.0089080059125027,8.908094993452733e-06
2026-01-01 01:15:00,31,0.0021123723275574,0.0021123723275574,2.1123934514919897e-06
2026-01-01 01:15:00,32,0.0,0.0,0.0
2026-01-01 01:15:00,33,0.0,0.0,0.0
2026-01-01 01:15:00,34,0.0,0.0,0.0
2026-01-01 01:15:00,35,0.0,0.0,0.0
2026-01-01 01:15:00,36,0.0,0.0,0.0
2026-01-01 01:30:00,0,0.1338654215325446,0.1338654215325446,0.0001338667602001
2026-01-01 01:30:00,1,0.118805921572558,0.118805921572558,0.0001188071096436
2026-01-01 01:30:00,2,0.0850460627577234,0.0850460627577234,8.50469132268557e-05
2026-01-01 01:30:00,3,0.0807088735213858,0.0807088735213858,8.070968061819206e-05
2026-01-01 01:30:00,4,0.0787068711484072,0.0787068711484072,7.870765822498953e-05
2026-01-01 01:30:00,5,0.0368884793495351,0.0368884793495351,3.6888848238017535e-05
2026-01-01 01:30:00,6,0.0300333137023318,0.0300333137023318,3.003361403847224e-05
2026-01-01 01:30:00,7,0.0231572497719198,0.0231572497719198,2.3157481346733365e-05
2026-01-01 01:30:00,8,0.0212167745382673,0.0212167745382673,2.12169867081344e-05
2026-01-01 01:30:00,9,0.0192713491121818,0.0192713491121818,1.9271541827600096e-05
2026-01-01 01:30:00,10,0.0176098668254403,0.0176098668254403,1.7610042925869564e-05
2026-01-01 01:30:00,11,0.0154618984650624,0.0154618984650624,1.5462053085593337e-05
2026-01-01 01:30:00,12,0.0133084710992139,0.0133084710992139,1.330860418525583e-05
2026-01-01 01:30:00,13,0.0089097312388112,0.0089097312388112,8.909820337014664e-06
2026-01-01 01:30:00,14,0.0070382959420022,0.0070382959420022,7.0383663256655205e-06
2026-01-01 01:30:00,15,0.0050622134603887,0.0050622134603887,5.062264083029585e-06
2026-01-01 01:30:00,16,0.0030865652495644,0.0030865652495644,3.086596115525598e-06
2026-01-01 01:30:00,17,0.0117195475579663,0.0117195475579663,1.1719664754613864e-05
2026-01-01 01:30:00,18,0.0087957415090159,0.0087957415090159,8.795829467310639e-06
2026-01-01 01:30:00,19,0.0058651291531187,0.0058651291531187,5.86518780499678e-06
2026-01-01 01:30:00,20,0.0029331729718735,0.0029331729718735,2.9332023038966133e-06
2026-01-01 01:30:00,21,0.0311625746198175,0.0311625746198175,3.1162886248680086e-05
2026-01-01 01:30:00,22,0.0280775963486093,0.0280775963486094,2.8077877127380672e-05
2026-01-01 01:30:00,23,0.014054068468422,0.014054068468422,1.4054209010512188e-05
2026-01-01 01:30:00,24,0.0411768962716074,0.0411768962716073,4.117730804468785e-05
2026-01-01 01:30:00,25,0.0393542385943104,0.0393542385943104,3.9354632140631815e-05
2026-01-01 01:30:00,26,0.0375462189720462,0.0375462189720462,3.754659443799059e-05
2026-01-01 01:30:00,27,0.0358634811931061,0.035863481193106,3.5863839831504415e-05
2026-01-01 01:30:00,28,0.0318292285580871,0.0318292285580871,3.1829546853555694e-05
2026-01-01 01:30:00,29,0.0146764820437843,0.0146764820437843,1.4676628810072428e-05
2026-01-01 01:30:00,30,0.0095079958046,0.0095079958046,9.50809088550886e-06
2026-01-01 01:30:00,31,0.0022546708999939,0.0022546708999939,2.254693446928397e-06
2026-01-01 01:30:00,32,0.0,0.0,0.0
2026-01-01 01:30:00,33,0.0,0.0,0.0
2026-01-01 01:30:00,34,0.0,0.0,0.0
2026-01-01 01:30:00,35,0.0,0.0,0.0
2026-01-01 01:30:00,36,0.0,0.0,0.0
2026-01-01 01:45:00,0,0.131464631388135,0.131464631388135,0.0001314659460475
2026-01-01 01:45:00,1,0.1166669014360999,0.1166669014360999,0.0001166680681167
2026-01-01 01:45:00,2,0.0835021525646462,0.0835021525646462,8.350298759452214e-05
2026-01-01 01:45:00,3,0.0792412854130752,0.0792412854130752,7.924207783385359e-05
2026-01-01 01:45:00,4,0.0772746753215147,0.0772746753215147,7.727544807599553e-05
2026-01-01 01:45:00,5,0.0362189212700271,0.0362189212700271,3.621928346286182e-05
2026-01-01 01:45:00,6,0.0294867747109192,0.0294867747109192,2.9487069581615047e-05
2026-01-01 01:45:00,7,0.0227345123676416,0.0227345123676416,2.2734739715038845e-05
2026-01-01 01:45:00,8,0.0208291125997565,0.0208291125997565,2.0829320892965435e-05
2026-01-01 01:45:00,9,0.0189189933770809,0.0189189933770809,1.891918256890668e-05
2026-01-01 01:45:00,10,0.0172876945701219,0.0172876945701219,1.728786744879644e-05
2026-01-01 01:45:00,11,0.0151787857360396,0.0151787857360396,1.5178937525414868e-05
2026-01-01 01:45:00,12,0.0130646794097318,0.0130646794097318,1.306481005783238e-05
2026-01-01 01:45:00,13,0.0087463882520671,0.0087463882520671,8.746475716824315e-06
2026-01-01 01:45:00,14,0.0069092006873643,0.0069092006873643,6.909269780062185e-06
2026-01-01 01:45:00,15,0.0049693192369516,0.0049693192369516,4.969368930640917e-06
2026-01-01 01:45:00,16,0.0030299157991224,0.0030299157991224,3.02994609858339e-06
2026-01-01 01:45:00,17,0.0115157141324938,0.0115157141324938,1.1515829290786745e-05
2026-01-01 01:45:00,18,0.0086426563396349,0.0086426563396349,8.642742767062631e-06
2026-01-01 01:45:00,19,0.0057630273478202,0.0057630273478202,5.763084978670023e-06
2026-01-01 01:45:00,20,0.002882101014124,0.002882101014124,2.8821298354224037e-06
2026-01-01 01:45:00,21,0.0306129041691351,0.0306129041691351,3.061321030123819e-05
2026-01-01 01:45:00,22,0.0275820779467509,0.0275820779467509,2.758235377028861e-05
2026-01-01 01:45:00,23,0.0138057697735007,0.0138057697735007,1.3805907832579125e-05
2026-01-01 01:45:00,24,0.0404261930524258,0.0404261930524258,4.042659731839906e-05
2026-01-01 01:45:00,25,0.0386362436581522,0.0386362436581522,3.863663002445249e-05
2026-01-01 01:45:00,26,0.0368607252263601,0.0368607252263601,3.686109383729851e-05
2026-01-01 01:45:00,27,0.0352084706359691,0.0352084706359691,3.5208822724196433e-05
2026-01-01 01:45:00,28,0.0312476670561043,0.0312476670561043,3.124797953589971e-05
2026-01-01 01:45:00,29,0.0144078685071125,0.0144078685071125,1.440801258723847e-05
2026-01-01 01:45:00,30,0.009333935877877,0.009333935877877,9.33402921816927e-06
2026-01-01 01:45:00,31,0.0022133891073304,0.0022133891073304,2.21341124144291e-06
2026-01-01 01:45:00,32,0.0,0.0,0.0
2026-01-01 01:45:00,33,0.0,0.0,0.0
2026-01-01 01:45:00,34,0.0,0.0,0.0
2026-01-01 01:45:00,35,0.0,0.0,0.0
2026-01-01 01:45:00,36,0.0,0.0,0.0
2026-01-01 02:00:00,0,0.1333698971397747,0.1333698971397747,0.000133371230852
2026-01-01 02:00:00,1,0.1183644010803722,0.1183644010803722,0.0001183655847362
2026-01-01 02:00:00,2,0.0847273403644635,0.0847273403644634,8.472818764633997e-05
2026-01-01 02:00:00,3,0.0804058994626598,0.0804058994626598,8.040670352969514e-05
2026-01-01 02:00:00,4,0.0784112004520153,0.0784112004520153,7.841198457186107e-05
2026-01-01 02:00:00,5,0.0367502573198364,0.0367502573198364,3.675062482608472e-05
2026-01-01 02:00:00,6,0.0299204829491193,0.0299204829491193,2.9920782156940945e-05
2026-01-01 02:00:00,7,0.0230699731340148,0.0230699731340148,2.307020383605323e-05
2026-01-01 02:00:00,8,0.0211367383289499,0.0211367383289499,2.1136949698446975e-05
2026-01-01 02:00:00,9,0.0191986014112628,0.0191986014112628,1.9198793399196888e-05
2026-01-01 02:00:00,10,0.0175433502102788,0.0175433502102788,1.754352564553527e-05
2026-01-01 02:00:00,11,0.01540344543429,0.01540344543429,1.5403599470284717e-05
2026-01-01 02:00:00,12,0.0132581361723013,0.0132581361723013,1.3258268754988891e-05
2026-01-01 02:00:00,13,0.0088760058879196,0.0088760058879196,8.876094648866164e-06
2026-01-01 02:00:00,14,0.0070116415027239,0.0070116415027239,7.011711619840147e-06
2026-01-01 02:00:00,15,0.0050430333525265,0.0050430333525265,5.0430837833643506e-06
2026-01-01 02:00:00,16,0.003074868658129,0.003074868658129,3.0748994071231625e-06
2026-01-01 02:00:00,17,0.0116774957858961,0.0116774957858961,1.16776125620218e-05
2026-01-01 02:00:00,18,0.0087641590316646,0.0087641590316646,8.764246674131412e-06
2026-01-01 02:00:00,19,0.0058440648138856,0.0058440648138856,5.844123255118246e-06
2026-01-01 02:00:00,20,0.002922636427916,0.002922636427916,2.922665654572572e-06
2026-01-01 02:00:00,21,0.0310491517050496,0.0310491517050495,3.1049462199671596e-05
2026-01-01 02:00:00,22,0.0279753467673969,0.0279753467673969,2.7975626523662183e-05
2026-01-01 02:00:00,23,0.0140028315435583,0.0140028315435583,1.40029715732741e-05
2026-01-01 02:00:00,24,0.0410219122854482,0.0410219122854482,4.1022322508673326e-05
2026-01-01 02:00:00,25,0.0392060056475875,0.0392060056475875,3.920639771156471e-05
2026-01-01 02:00:00,26,0.0374046944847781,0.0374046944847781,3.740506853546347e-05
2026-01-01 02:00:00,27,0.035728249391933,0.035728249391933,3.572860667799985e-05
2026-01-01 02:00:00,28,0.0317091601417431,0.0317091601417431,3.170947723651548e-05
2026-01-01 02:00:00,29,0.0146210229813275,0.0146210229813275,1.4621169193019529e-05
2026-01-01 02:00:00,30,0.0094720585405706,0.0094720585405706,9.472153262103316e-06
2026-01-01 02:00:00,31,0.0022461476393535,0.0022461476393535,2.2461701010545816e-06
2026-01-01 02:00:00,32,0.0,0.0,0.0
2026-01-01 02:00:00,33,0.0,0.0,0.0
2026-01-01 02:00:00,34,0.0,0.0,0.0
2026-01-01 02:00:00,35,0.0,0.0,0.0
2026-01-01 02:00:00,36,0.0,0.0,0.0
2026-01-01 02:15:00,0,0.1288368840623063,0.1288368840623062,0.000128838172444
2026-01-01 02:15:00,1,0.1143260281203954,0.1143260281203954,0.0001143271713921
2026-01-01 02:15:00,2,0.081813107651311,0.081813107651311,8.181392579056895e-05
2026-01-01 02:15:00,3,0.0776358417681633,0.0776358417681633,7.763661813434464e-05
2026-01-01 02:15:00,4,0.0757079924309213,0.0757079924309214,7.570874951841658e-05
2026-01-01 02:15:00,5,0.0354864154033716,0.0354864154033716,3.5486770271074326e-05
2026-01-01 02:15:00,6,0.0288889158784264,0.0288889158784264,2.888920477047416e-05
2026-01-01 02:15:00,7,0.0222721390243282,0.0222721390243282,2.2272361747945743e-05
2026-01-01 02:15:00,8,0.0204051188959919,0.0204051188959919,2.0405322949221448e-05
2026-01-01 02:15:00,9,0.0185336254929929,0.0185336254929929,1.8533810831101297e-05
2026-01-01 02:15:00,10,0.0169353467690327,0.0169353467690326,1.6935516124193944e-05
2026-01-01 02:15:00,11,0.01486916651331,0.01486916651331,1.486931520646216e-05
2026-01-01 02:15:00,12,0.0127980675465221,0.0127980675465221,1.2798195528477444e-05
2026-01-01 02:15:00,13,0.0085677613600269,0.0085677613600269,8.567847038497366e-06
2026-01-01 02:15:00,14,0.0067680288417319,0.0067680288417319,6.7680965226971966e-06
2026-01-01 02:15:00,15,0.0048677369255502,0.0048677369255502,4.867785603406258e-06
2026-01-01 02:15:00,16,0.0029679685435455,0.0029679685435455,2.9679982235277725e-06
2026-01-01 02:15:00,17,0.0112923378447438,0.0112923378447438,1.1292450769251576e-05
2026-01-01 02:15:00,18,0.0084748981386204,0.0084748981386204,8.474982888449284e-06
2026-01-01 02:15:00,19,0.0056511401207114,0.0056511401207114,5.651196632677798e-06
2026-01-01 02:15:00,20,0.0028261347556457,0.0028261347556457,2.8261630172759465e-06
2026-01-01 02:15:00,21,0.0300108605391685,0.0300108605391685,3.001116065077503e-05
2026-01-01 02:15:00,22,0.0270393570408289,0.0270393570408289,2.703962743710328e-05
2026-01-01 02:15:00,23,0.0135338297854767,0.0135338297854767,1.3533965125128002e-05
2026-01-01 02:15:00,24,0.0396050600327678,0.0396050600327677,3.960545608732867e-05
2026-01-01 02:15:00,25,0.0378509105377766,0.0378509105377765,3.785128905066711e-05
2026-01-01 02:15:00,26,0.0361109629003583,0.0361109629003583,3.611132401359853e-05
2026-01-01 02:15:00,27,0.0344920600881471,0.0344920600881471,3.449240501219727e-05
2026-01-01 02:15:00,28,0.0306116009635601,0.0306116009635601,3.0611907082631015e-05
2026-01-01 02:15:00,29,0.0141141006386226,0.0141141006386226,1.411424178104044e-05
2026-01-01 02:15:00,30,0.0091435779643928,0.0091435779643928,9.143669401086843e-06
2026-01-01 02:15:00,31,0.002168242200854,0.002168242200854,2.168263883492923e-06
2026-01-01 02:15:00,32,0.0,0.0,0.0
2026-01-01 02:15:00,33,0.0,0.0,0.0
2026-01-01 02:15:00,34,0.0,0.0,0.0
2026-01-01 02:15:00,35,0.0,0.0,0.0
2026-01-01 02:15:00,36,0.0,0.0,0.0
2026-01-01 02:30:00,0,0.1390994159583091,0.1390994159583091,0.0001391008069663
2026-01-01 02:30:00,1,0.1234703121568548,0.1234703121568548,0.0001234715468723
2026-01-01 02:30:00,2,0.0884144447709136,0.0884144447709136,8.841532892420292e-05
2026-01-01 02:30:00,3,0.0839110594300943,0.0839110594300943,8.391189854907984e-05
2026-01-01 02:30:00,4,0.0818319668010086,0.0818319668010086,8.183278512885994e-05
2026-01-01 02:30:00,5,0.0383492495621923,0.0383492495621923,3.834963305852289e-05
2026-01-01 02:30:00,6,0.0312258837476754,0.0312258837476754,3.122619600963554e-05
2026-01-01 02:30:00,7,0.0240798592523677,0.0240798592523677,2.4080100053368263e-05
2026-01-01 02:30:00,8,0.0220628802160521,0.0220628802160521,2.2063100847060637e-05
2026-01-01 02:30:00,9,0.0200404285722757,0.0200404285722757,2.0040628978565494e-05
2026-01-01 02:30:00,10,0.0183130919952641,0.0183130919952641,1.831327512801542e-05
2026-01-01 02:30:00,11,0.0160798984056304,0.0160798984056304,1.6080059206222558e-05
2026-01-01 02:30:00,12,0.0138406530382381,0.0138406530382381,1.384079144615262e-05
2026-01-01 02:30:00,13,0.0092663165289048,0.0092663165289048,9.266409192996758e-06
2026-01-01 02:30:00,14,0.007320125290233,0.007320125290233,7.320198492217998e-06
2026-01-01 02:30:00,15,0.005265017967793,0.005265017967793,5.2650706184992545e-06
2026-01-01 02:30:00,16,0.0032102422990169,0.0032102422990169,3.2102744017609873e-06
2026-01-01 02:30:00,17,0.0121630980624307,0.0121630980624307,1.2163219694627716e-05
2026-01-01 02:30:00,18,0.0091288743936872,0.0091288743936872,9.128965683344045e-06
2026-01-01 02:30:00,19,0.0060873184791296,0.0060873184791296,6.087379352923185e-06
2026-01-01 02:30:00,20,0.0030443147429384,0.0030443147429384,3.0443451863902984e-06
2026-01-01 02:30:00,21,0.0323596707162783,0.0323596707162783,3.2359994316221494e-05
2026-01-01 02:30:00,22,0.0291567910177628,0.0291567910177629,2.9157082588588785e-05
2026-01-01 02:30:00,23,0.0145948750601709,0.0145948750601709,1.4595021010381076e-05
2026-01-01 02:30:00,24,0.042815146505565,0.042815146505565,4.281557466131162e-05
2026-01-01 02:30:00,25,0.0409211798526996,0.0409211798526996,4.092158906859033e-05
2026-01-01 02:30:00,26,0.0390422952799048,0.0390422952799048,3.904268570676189e-05
2026-01-01 02:30:00,27,0.0372930609365708,0.0372930609365708,3.729343387090953e-05
2026-01-01 02:30:00,28,0.033098535295768,0.033098535295768,3.309886628443086e-05
2026-01-01 02:30:00,29,0.0152628158164418,0.0152628158164418,1.526296844612627e-05
2026-01-01 02:30:00,30,0.009887942200879,0.009887942200879,9.888041081289818e-06
2026-01-01 02:30:00,31,0.0023447836405456,0.0023447836405456,2.3448070886165344e-06
2026-01-01 02:30:00,32,0.0,0.0,0.0
2026-01-01 02:30:00,33,0.0,0.0,0.0
2026-01-01 02:30:00,34,0.0,0.0,0.0
2026-01-01 02:30:00,35,0.0,0.0,0.0
2026-01-01 02:30:00,36,0.0,0.0,0.0
2026-01-01 02:45:00,0,0.1389501684339071,0.1389501684339071,0.0001389515579494
2026-01-01 02:45:00,1,0.1233372857090055,0.1233372857090055,0.0001233385190941
2026-01-01 02:45:00,2,0.0883183466847792,0.0883183466847792,8.831922987707799e-05
2026-01-01 02:45:00,3,0.0838196966166198,0.0838196966166198,8.382053482196808e-05
2026-01-01 02:45:00,4,0.081742800891091,0.081742800891091,8.174361832727434e-05
2026-01-01 02:45:00,5,0.0383075742077653,0.0383075742077653,3.8307957287338176e-05
2026-01-01 02:45:00,6,0.0311918569658323,0.0311918569658323,3.119216888752118e-05
2026-01-01 02:45:00,7,0.0240535315401022,0.0240535315401022,2.405377207782301e-05
2026-01-01 02:45:00,8,0.0220387347081506,0.0220387347081506,2.20389550977016e-05
2026-01-01 02:45:00,9,0.0200184805523475,0.0200184805523475,2.0018680739154903e-05
2026-01-01 02:45:00,10,0.0182930228117323,0.0182930228117323,1.8293205743789768e-05
2026-01-01 02:45:00,11,0.0160622607781116,0.0160622607781116,1.6062421402325716e-05
2026-01-01 02:45:00,12,0.0138254642131618,0.0138254642131618,1.3825602469186522e-05
2026-01-01 02:45:00,13,0.0092561390399791,0.0092561390399791,9.2562316022952e-06
2026-01-01 02:45:00,14,0.0073120813193307,0.0073120813193307,7.31215444087514e-06
2026-01-01 02:45:00,15,0.0052592293444478,0.0052592293444478,5.259281937267222e-06
2026-01-01 02:45:00,16,0.0032067122135239,0.0032067122135239,3.206744280966756e-06
2026-01-01 02:45:00,17,0.0121504664087499,0.0121504664087499,1.2150587914629078e-05
2026-01-01 02:45:00,18,0.0091193870172609,0.0091193870172609,9.119478212043088e-06
2026-01-01 02:45:00,19,0.0060809906349955,0.0060809906349955,6.081051445509975e-06
2026-01-01 02:45:00,20,0.0030411494529326,0.0030411494529326,3.0411798647313096e-06
2026-01-01 02:45:00,21,0.0323255598707393,0.0323255598707393,3.232588312957066e-05
2026-01-01 02:45:00,22,0.0291260390672629,0.0291260390672629,2.912633033056621e-05
2026-01-01 02:45:00,23,0.0145794639547805,0.0145794639547805,1.4579609750878095e-05
2026-01-01 02:45:00,24,0.0427683996754242,0.0427683996754242,4.276882736369785e-05
2026-01-01 02:45:00,25,0.0408764664040711,0.0408764664040711,4.0876875172822904e-05
2026-01-01 02:45:00,26,0.0389996028719649,0.0389996028719649,3.8999992871893626e-05
2026-01-01 02:45:00,27,0.037252265438251,0.037252265438251,3.725263796463071e-05
2026-01-01 02:45:00,28,0.0330623125593205,0.0330623125593205,3.306264318575238e-05
2026-01-01 02:45:00,29,0.0152460822160146,0.0152460822160146,1.524623467836144e-05
2026-01-01 02:45:00,30,0.0098770986304767,0.0098770986304767,9.877197402450769e-06
2026-01-01 02:45:00,31,0.0023422118271659,0.0023422118271659,2.3422352495184423e-06
2026-01-01 02:45:00,32,0.0,0.0,0.0
2026-01-01 02:45:00,33,0.0,0.0,0.0
2026-01-01 02:45:00,34,0.0,0.0,0.0
2026-01-01 02:45:00,35,0.0,0.0,0.0
2026-01-01 02:45:00,36,0.0,0.0,0.0
2026-01-01 03:00:00,0,0.1354227313845766,0.1354227313845766,0.0001354240856254
2026-01-01 03:00:00,1,0.1201935974069961,0.1201935974069961,0.0001201947993549
2026-01-01 03:00:00,2,0.086047926678345,0.086047926678345,8.604878716621668e-05
2026-01-01 03:00:00,3,0.0816612599329391,0.0816612599329392,8.166207655370473e-05
2026-01-01 03:00:00,4,0.0796363104215154,0.0796363104215154,7.96371067925834e-05
2026-01-01 03:00:00,5,0.0373229616907068,0.0373229616907068,3.732333492405613e-05
2026-01-01 03:00:00,6,0.0303879969809816,0.0303879969809816,3.0388300863990315e-05
2026-01-01 03:00:00,7,0.0234316181056157,0.0234316181056157,2.343185242414e-05
2026-01-01 03:00:00,8,0.021468385179819,0.021468385179819,2.1468599865817696e-05
2026-01-01 03:00:00,9,0.0195000494048384,0.0195000494048384,1.9500244407282532e-05
2026-01-01 03:00:00,10,0.0178189802921037,0.0178189802921036,1.7819158483688538e-05
2026-01-01 03:00:00,11,0.0156456644209377,0.0156456644209377,1.5645820879146534e-05
2026-01-01 03:00:00,12,0.013466716443925,0.013466716443925,1.3466851112436193e-05
2026-01-01 03:00:00,13,0.0090157600120018,0.0090157600120018,9.015850170503515e-06
2026-01-01 03:00:00,14,0.0071220952089495,0.0071220952089495,7.122166430613882e-06
2026-01-01 03:00:00,15,0.0051225145894836,0.0051225145894836,5.122565815141801e-06
2026-01-01 03:00:00,16,0.0031233387254592,0.0031233387254592,3.123369959158852e-06
2026-01-01 03:00:00,17,0.0118516394204955,0.0118516394204955,1.1851757938074975e-05
2026-01-01 03:00:00,18,0.0088949485396367,0.0088949485396367,8.89503749001164e-06
2026-01-01 03:00:00,19,0.0059312967780986,0.0059312967780986,5.931356091659558e-06
2026-01-01 03:00:00,20,0.0029662706283787,0.0029662706283787,2.9663002913816673e-06
2026-01-01 03:00:00,21,0.0315189347359679,0.0315189347359679,3.151924992846727e-05
2026-01-01 03:00:00,22,0.0283988539605578,0.0283988539605578,2.83991379519374e-05
2026-01-01 03:00:00,23,0.0142150523341054,0.0142150523341054,1.42151944860503e-05
2026-01-01 03:00:00,24,0.0416641030647469,0.0416641030647469,4.166451970994407e-05
2026-01-01 03:00:00,25,0.0398202284613567,0.0398202284613567,3.982062666762347e-05
2026-01-01 03:00:00,26,0.0379911250762573,0.0379911250762573,3.799150499130725e-05
2026-01-01 03:00:00,27,0.0362886077772728,0.0362886077772728,3.62889706669795e-05
2026-01-01 03:00:00,28,0.0322066888614437,0.0322066888614437,3.2207010931553085e-05
2026-01-01 03:00:00,29,0.0148508342111356,0.0148508342111356,1.4850982720962852e-05
2026-01-01 03:00:00,30,0.0096209758239305,0.0096209758239305,9.621072034650853e-06
2026-01-01 03:00:00,31,0.0022814665030678,0.0022814665030678,2.28148931796101e-06
2026-01-01 03:00:00,32,0.0,0.0,0.0
2026-01-01 03:00:00,33,0.0,0.0,0.0
2026-01-01 03:00:00,34,0.0,0.0,0.0
2026-01-01 03:00:00,35,0.0,0.0,0.0
2026-01-01 03:00:00,36,0.0,0.0,0.0
2026-01-01 03:15:00,0,0.1422336682309354,0.1422336682309354,0.0001422350905818
2026-01-01 03:15:00,1,0.1262641843283062,0.1262641843283062,0.0001262654469827
2026-01-01 03:15:00,2,0.0904331559984361,0.0904331559984361,9.043406033903952e-05
2026-01-01 03:15:00,3,0.0858303764062532,0.0858303764062532,8.583123471860044e-05
2026-01-01 03:15:00,4,0.0837051655839746,0.0837051655839746,8.370600264400111e-05
2026-01-01 03:15:00,5,0.0392246937832399,0.0392246937832399,3.922508603410026e-05
2026-01-01 03:15:00,6,0.0319407198499325,0.0319407198499325,3.194103926032518e-05
2026-01-01 03:15:00,7,0.0246329972905319,0.0246329972905319,2.4633243622968156e-05
2026-01-01 03:15:00,8,0.0225701825753016,0.0225701825753016,2.257040827938447e-05
2026-01-01 03:15:00,9,0.0205015696163552,0.0205015696163552,2.0501774634101553e-05
2026-01-01 03:15:00,10,0.0187347642642189,0.0187347642642189,1.8734951613735088e-05
2026-01-01 03:15:00,11,0.016450488802278,0.016450488802278,1.645065330881112e-05
2026-01-01 03:15:00,12,0.0141597916526109,0.0141597916526109,1.41599332519435e-05
2026-01-01 03:15:00,13,0.0094801651927761,0.0094801651927761,9.480259995376144e-06
2026-01-01 03:15:00,14,0.0074891474496707,0.0074891474496707,7.489222341894157e-06
2026-01-01 03:15:00,15,0.0053866503975323,0.0053866503975323,5.386704264574976e-06
2026-01-01 03:15:00,16,0.0032844187087582,0.0032844187087582,3.2844515532738284e-06
2026-01-01 03:15:00,17,0.0124281618483193,0.0124281618483193,1.242828613118064e-05
2026-01-01 03:15:00,18,0.0093279614946012,0.0093279614946012,9.328054775148951e-06
2026-01-01 03:15:00,19,0.0062201052178474,0.0062201052178474,6.220167419521671e-06
2026-01-01 03:15:00,20,0.0031107371089834,0.0031107371089834,3.110768216665578e-06
2026-01-01 03:15:00,21,0.0330756995964355,0.0330756995964355,3.307603035673907e-05
2026-01-01 03:15:00,22,0.0298023203624349,0.0298023203624349,2.9802618388618873e-05
2026-01-01 03:15:00,23,0.0149183855606035,0.0149183855606035,1.4918534745951048e-05
2026-01-01 03:15:00,24,0.0437972494423305,0.0437972494423305,4.379768741920471e-05
2026-01-01 03:15:00,25,0.0418605804001756,0.0418605804001756,4.186099901016573e-05
2026-01-01 03:15:00,26,0.0399392543800006,0.0399392543800006,3.99396537765384e-05
2026-01-01 03:15:00,27,0.0381501740032954,0.0381501740032954,3.8150555508850514e-05
2026-01-01 03:15:00,28,0.0338595767446935,0.0338595767446935,3.385991534384701e-05
2026-01-01 03:15:00,29,0.0156144065264888,0.0156144065264888,1.5614562672115552e-05
2026-01-01 03:15:00,30,0.010115778023343,0.010115778023343,1.0115879182134908e-05
2026-01-01 03:15:00,31,0.0023988205398257,0.0023988205398257,2.3988445282710056e-06
2026-01-01 03:15:00,32,0.0,0.0,0.0
2026-01-01 03:15:00,33,0.0,0.0,0.0
2026-01-01 03:15:00,34,0.0,0.0,0.0
2026-01-01 03:15:00,35,0.0,0.0,0.0
2026-01-01 03:15:00,36,0.0,0.0,0.0
2026-01-01 03:30:00,0,0.1393317035336462,0.1393317035336462,0.0001393330968646
2026-01-01 03:30:00,1,0.1236773549644702,0.1236773549644703,0.0001236785917503
2026-01-01 03:30:00,2,0.088564014703243,0.088564014703243,8.856490035224654e-05
2026-01-01 03:30:00,3,0.0840532597047586,0.0840532597047586,8.405410024576115e-05
2026-01-01 03:30:00,4,0.0819707479665424,0.0819707479665424,8.19715676822193e-05
2026-01-01 03:30:00,5,0.0384141132471542,0.0384141132471542,3.8414497392128205e-05
2026-01-01 03:30:00,6,0.0312788442909679,0.0312788442909679,3.1279157082538786e-05
2026-01-01 03:30:00,7,0.024120836929057,0.024120836929057,2.4121078139838412e-05
2026-01-01 03:30:00,8,0.0221004614871104,0.0221004614871104,2.2100682493935385e-05
2026-01-01 03:30:00,9,0.0200745896311459,0.0200745896311459,2.007479037904971e-05
2026-01-01 03:30:00,10,0.0183443287803798,0.0183443287803798,1.8344512225502085e-05
2026-01-01 03:30:00,11,0.0161073505896686,0.0161073505896686,1.6107511664785343e-05
2026-01-01 03:30:00,12,0.0138642936201902,0.0138642936201902,1.3864432264512872e-05
2026-01-01 03:30:00,13,0.0092821573166807,0.0092821573166807,9.28225013918215e-06
2026-01-01 03:30:00,14,0.0073326454128114,0.0073326454128114,7.3327187399988064e-06
2026-01-01 03:30:00,15,0.0052740276666791,0.0052740276666791,5.274080407483184e-06
2026-01-01 03:30:00,16,0.0032157367466451,0.0032157367466451,3.215768904334148e-06
2026-01-01 03:30:00,17,0.0121827566384548,0.0121827566384548,1.2182878467239562e-05
2026-01-01 03:30:00,18,0.009143639563464,0.009143639563464,9.143731000774027e-06
2026-01-01 03:30:00,19,0.0060971664779111,0.0060971664779112,6.097227450185703e-06
2026-01-01 03:30:00,20,0.0030492408711793,0.0030492408711793,3.049271363892948e-06
2026-01-01 03:30:00,21,0.0324127586145597,0.0324127586145597,3.241308274538716e-05
2026-01-01 03:30:00,22,0.0292046513716157,0.0292046513716157,2.920494342104993e-05
2026-01-01 03:30:00,23,0.014618859955807,0.014618859955807,1.4619006145868557e-05
2026-01-01 03:30:00,24,0.0428879051081474,0.0428879051081474,4.288833399148735e-05
2026-01-01 03:30:00,25,0.0409907736931113,0.0409907736931113,4.099118360494744e-05
2026-01-01 03:30:00,26,0.0391087437915199,0.0391087437915199,3.9109134882868805e-05
2026-01-01 03:30:00,27,0.0373565570317226,0.0373565570317226,3.735693060102865e-05
2026-01-01 03:30:00,28,0.0331549138114201,0.0331549138114201,3.315524536387381e-05
2026-01-01 03:30:00,29,0.0152888608465074,0.0152888608465074,1.5289013736644863e-05
2026-01-01 03:30:00,30,0.0099048196649428,0.0099048196649428,9.904918714129996e-06
2026-01-01 03:30:00,31,0.0023487865348705,0.0023487865348705,2.3488100229707667e-06
2026-01-01 03:30:00,32,0.0,0.0,0.0
2026-01-01 03:30:00,33,0.0,0.0,0.0
2026-01-01 03:30:00,34,0.0,0.0,0.0
2026-01-01 03:30:00,35,0.0,0.0,0.0
2026-01-01 03:30:00,36,0.0,0.0,0.0
2026-01-01 03:45:00,0,0.1328190751035258,0.1328190751035258,0.0001328204033075
2026-01-01 03:45:00,1,0.1178736250612663,0.1178736250612662,0.0001178748038093
2026-01-01 03:45:00,2,0.0843730860655631,0.0843730860655631,8.437392980486117e-05
2026-01-01 03:45:00,3,0.0800691537158899,0.0800691537158899,8.006995441543412e-05
2026-01-01 03:45:00,4,0.0780825740717599,0.0780825740717599,7.808335490530899e-05
2026-01-01 03:45:00,5,0.0365966256265122,0.0365966256265122,3.659699159642819e-05
2026-01-01 03:45:00,6,0.0297950760657131,0.0297950760657131,2.9795374019453384e-05
2026-01-01 03:45:00,7,0.0229729711998141,0.0229729711998141,2.297320093182345e-05
2026-01-01 03:45:00,8,0.021047784304843,0.021047784304843,2.1047994784790885e-05
2026-01-01 03:45:00,9,0.0191177484654721,0.0191177484654721,1.9117939644868624e-05
2026-01-01 03:45:00,10,0.01746942297225,0.01746942297225,1.746959766822673e-05
2026-01-01 03:45:00,11,0.0153384806036095,0.0153384806036095,1.533863398994942e-05
2026-01-01 03:45:00,12,0.0132021940080764,0.0132021940080764,1.3202326031336795e-05
2026-01-01 03:45:00,13,0.0088385238444648,0.0088385238444648,8.838612230587144e-06
2026-01-01 03:45:00,14,0.0069820181324877,0.0069820181324877,6.982087953367239e-06
2026-01-01 03:45:00,15,0.0050217169233925,0.0050217169233925,5.021767141064005e-06
2026-01-01 03:45:00,16,0.003061869301882,0.003061869301882,3.061899920881231e-06
2026-01-01 03:45:00,17,0.0116307393527207,0.0116307393527207,1.1630855661277403e-05
2026-01-01 03:45:00,18,0.0087290433605262,0.0087290433605262,8.729130651832793e-06
2026-01-01 03:45:00,19,0.005820644005443,0.005820644005443,5.8207022124652015e-06
2026-01-01 03:45:00,20,0.0029109211786209,0.0029109211786209,2.910950288123857e-06
2026-01-01 03:45:00,21,0.0309230535497313,0.0309230535497313,3.092336278335914e-05
2026-01-01 03:45:00,22,0.0278616710674914,0.0278616710674914,2.786194968698835e-05
2026-01-01 03:45:00,23,0.0139458695231135,0.0139458695231135,1.3946008983203418e-05
2026-01-01 03:45:00,24,0.0408496564095953,0.0408496564095953,4.085006491024443e-05
2026-01-01 03:45:00,25,0.0390412541662419,0.0390412541662419,3.9041644582687784e-05
2026-01-01 03:45:00,26,0.0372473999808207,0.0372473999808207,3.7247772458545355e-05
2026-01-01 03:45:00,27,0.0355779492261153,0.0355779492261153,3.557830500916543e-05
2026-01-01 03:45:00,28,0.0315757133638009,0.0315757133638009,3.157602912409219e-05
2026-01-01 03:45:00,29,0.0145593854157862,0.0145593854157862,1.4559531011096357e-05
2026-01-01 03:45:00,30,0.0094321177062035,0.0094321177062035,9.43221202832384e-06
2026-01-01 03:45:00,31,0.0022366748613957,0.0022366748613957,2.2366972283680072e-06
2026-01-01 03:45:00,32,0.0,0.0,0.0
2026-01-01 03:45:00,33,0.0,0.0,0.0
2026-01-01 03:45:00,34,0.0,0.0,0.0
2026-01-01 03:45:00,35,0.0,0.0,0.0
2026-01-01 03:45:00,36,0.0,0.0,0.0
2026-01-01 04:00:00,0,0.1412088720746328,0.1412088720746328,0.0001412102841774
2026-01-01 04:00:00,1,0.1253506222327759,0.1253506222327759,0.0001253518757515
2026-01-01 04:00:00,2,0.0897729694128803,0.0897729694128803,8.977386715155187e-05
2026-01-01 04:00:00,3,0.0852026778292647,0.0852026778292647,8.520352986456343e-05
2026-01-01 04:00:00,4,0.0830925423616273,0.0830925423616273,8.309337329536032e-05
2026-01-01 04:00:00,5,0.0389383951014873,0.0389383951014873,3.8938784489332225e-05
2026-01-01 04:00:00,6,0.0317069348830034,0.0317069348830034,3.170725195552303e-05
2026-01-01 04:00:00,7,0.0244520853857386,0.0244520853857386,2.4452329909037787e-05
2026-01-01 04:00:00,8,0.0224042593259338,0.0224042593259338,2.2404483370767543e-05
2026-01-01 04:00:00,9,0.0203507425537236,0.0203507425537236,2.03509460631843e-05
2026-01-01 04:00:00,10,0.0185968449448336,0.0185968449448336,1.8597030915142816e-05
2026-01-01 04:00:00,11,0.016329275420294,0.016329275420294,1.6329438714681207e-05
2026-01-01 04:00:00,12,0.0140554063969911,0.0140554063969911,1.4055546952460696e-05
2026-01-01 04:00:00,13,0.0094102176604358,0.0094102176604358,9.410311763553477e-06
2026-01-01 04:00:00,14,0.0074338617090242,0.0074338617090241,7.433936048384684e-06
2026-01-01 04:00:00,15,0.005346865112242,0.005346865112242,5.346918581427866e-06
2026-01-01 04:00:00,16,0.0032601559505602,0.0032601559505602,3.2601885524457415e-06
2026-01-01 04:00:00,17,0.0123415398744369,0.0123415398744369,1.2341663291069882e-05
2026-01-01 04:00:00,18,0.0092628997940646,0.0092628997940646,9.26299242398886e-06
2026-01-01 04:00:00,19,0.0061767103392576,0.0061767103392576,6.176772106978675e-06
2026-01-01 04:00:00,20,0.0030890301240915,0.0030890301240915,3.0890610147017287e-06
2026-01-01 04:00:00,21,0.0328416501001354,0.0328416501001354,3.2841978519920656e-05
2026-01-01 04:00:00,22,0.0295913133637413,0.0295913133637413,2.959160927983419e-05
2026-01-01 04:00:00,23,0.0148126364141765,0.0148126364141765,1.4812784542021932e-05
2026-01-01 04:00:00,24,0.0434760455436645,0.0434760455436645,4.347648030846766e-05
2026-01-01 04:00:00,25,0.0415533388166021,0.0415533388166021,4.155375435414568e-05
2026-01-01 04:00:00,26,0.039645890198089,0.039645890198089,3.964628666095566e-05
2026-01-01 04:00:00,27,0.037869840307744,0.037869840307744,3.787021900993419e-05
2026-01-01 04:00:00,28,0.0336106632074039,0.0336106632074039,3.361099931739717e-05
2026-01-01 04:00:00,29,0.0154994084852165,0.0154994084852165,1.549956348085139e-05
2026-01-01 04:00:00,30,0.0100412573317422,0.0100412573317422,1.0041357745319714e-05
2026-01-01 04:00:00,31,0.0023811460683611,0.0023811460683611,2.3811698800599587e-06
2026-01-01 04:00:00,32,0.0,0.0,0.0
2026-01-01 04:00:00,33,0.0,0.0,0.0
2026-01-01 04:00:00,34,0.0,0.0,0.0
2026-01-01 04:00:00,35,0.0,0.0,0.0
2026-01-01 04:00:00,36,0.0,0.0,0.0
2026-01-01 04:15:00,0,0.1351833192392366,0.1351833192392366,0.0001351846710859
2026-01-01 04:15:00,1,0.1199802552864601,0.1199802552864601,0.000119981455101
2026-01-01 04:15:00,2,0.085893886086488,0.085893886086488,8.589474503393835e-05
2026-01-01 04:15:00,3,0.0815148242000456,0.0815148242000455,8.151563935643916e-05
2026-01-01 04:15:00,4,0.0794934019096264,0.0794934019096264,7.949419685159494e-05
2026-01-01 04:15:00,5,0.0372561584346263,0.0372561584346263,3.725653099993635e-05
2026-01-01 04:15:00,6,0.0303334616305263,0.0303334616305263,3.0333764968176005e-05
2026-01-01 04:15:00,7,0.0233894303938495,0.0233894303938495,2.3389664290492455e-05
2026-01-01 04:15:00,8,0.0214296963878201,0.0214296963878201,2.1429910686926997e-05
2026-01-01 04:15:00,9,0.0194648831543453,0.0194648831543453,1.9465077805123388e-05
2026-01-01 04:15:00,10,0.0177868256131183,0.0177868256131183,1.7787003483153186e-05
2026-01-01 04:15:00,11,0.0156174070878168,0.0156174070878168,1.5617563263449456e-05
2026-01-01 04:15:00,12,0.0134423832456761,0.0134423832456761,1.3442517670852844e-05
2026-01-01 04:15:00,13,0.0089994559536474,0.0089994559536474,8.999545949106938e-06
2026-01-01 04:15:00,14,0.0071092093184989,0.0071092093184989,7.109280411303111e-06
2026-01-01 04:15:00,15,0.0051132419806995,0.0051132419806995,5.1132931136306835e-06
2026-01-01 04:15:00,16,0.003117683994935,0.003117683994935,3.1177151720867584e-06
2026-01-01 04:15:00,17,0.0118313389038648,0.0118313389038648,1.183145721843699e-05
2026-01-01 04:15:00,18,0.0088797018217868,0.0088797018217868,8.879790619693075e-06
2026-01-01 04:15:00,19,0.0059211277279597,0.0059211277279597,5.9211869398291e-06
2026-01-01 04:15:00,20,0.0029611839654863,0.0029611839654863,2.961213577622126e-06
2026-01-01 04:15:00,21,0.031464159771771,0.031464159771771,3.14644744165152e-05
2026-01-01 04:15:00,22,0.0283494742263688,0.0283494742263688,2.8349757723946097e-05
2026-01-01 04:15:00,23,0.0141903076207366,0.0141903076207366,1.4190449525231949e-05
2026-01-01 04:15:00,24,0.0415891897123212,0.0415891897123212,4.158960560837733e-05
2026-01-01 04:15:00,25,0.0397485768903407,0.0397485768903407,3.974897438008457e-05
2026-01-01 04:15:00,26,0.0379227148752678,0.0379227148752678,3.792309410620892e-05
2026-01-01 04:15:00,27,0.0362232386833542,0.0362232386833542,3.6223600919363445e-05
2026-01-01 04:15:00,28,0.0321486488639482,0.0321486488639482,3.214897035365176e-05
2026-01-01 04:15:00,29,0.014824024545693,0.014824024545693,1.482417278742096e-05
2026-01-01 04:15:00,30,0.0096036031438167,0.0096036031438167,9.603699180808547e-06
2026-01-01 04:15:00,31,0.0022773461974621,0.0022773461974621,2.2773689711518813e-06
2026-01-01 04:15:00,32,0.0,0.0,0.0
2026-01-01 04:15:00,33,0.0,0.0,0.0
2026-01-01 04:15:00,34,0.0,0.0,0.0
2026-01-01 04:15:00,35,0.0,0.0,0.0
2026-01-01 04:15:00,36,0.0,0.0,0.0
2026-01-01 04:30:00,0,0.1476427957280457,0.1476427957280457,0.0001476442721707
2026-01-01 04:30:00,1,0.1310871408596435,0.1310871408596435,0.0001310884517441
2026-01-01 04:30:00,2,0.093919967261868,0.0939199672618681,9.392090647093284e-05
2026-01-01 04:30:00,3,0.0891458791248286,0.0891458791248286,8.914677059253461e-05
2026-01-01 04:30:00,4,0.0869411576041461,0.0869411576041461,8.694202702441635e-05
2026-01-01 04:30:00,5,0.0407367777710733,0.0407367777710733,4.073718514292476e-05
2026-01-01 04:30:00,6,0.0331756208735856,0.0331756208735856,3.317595263311194e-05
2026-01-01 04:30:00,7,0.025588770182576,0.025588770182576,2.5589026072836813e-05
2026-01-01 04:30:00,8,0.0234468107959876,0.0234468107959876,2.3447045266440296e-05
2026-01-01 04:30:00,9,0.0212984684656818,0.0212984684656818,2.1298681452496345e-05
2026-01-01 04:30:00,10,0.0194634881923997,0.0194634881923997,1.9463682829228e-05
2026-01-01 04:30:00,11,0.0170909722425318,0.0170909722425318,1.709114315396335e-05
2026-01-01 04:30:00,12,0.0147113694762161,0.0147113694762161,1.471151659138207e-05
2026-01-01 04:30:00,13,0.0098497878871107,0.0098497878871107,9.849886385974624e-06
2026-01-01 04:30:00,14,0.0077813005746083,0.0077813005746083,7.781378388392206e-06
2026-01-01 04:30:00,15,0.0055968978810004,0.0055968978810004,5.596953850539001e-06
2026-01-01 04:30:00,16,0.0034126377488768,0.0034126377488768,3.412671875595611e-06
2026-01-01 04:30:00,17,0.0128846472878365,0.0128846472878365,1.288477613559791e-05
2026-01-01 04:30:00,18,0.0096708384473106,0.0096708384473106,9.670935156662249e-06
2026-01-01 04:30:00,19,0.0064487998035636,0.0064487998035636,6.4488642922066174e-06
2026-01-01 04:30:00,20,0.0032251358222052,0.0032251358222052,3.225168073885983e-06
2026-01-01 04:30:00,21,0.0343099697644969,0.0343099697644969,3.431031286762562e-05
2026-01-01 04:30:00,22,0.0309151038218759,0.0309151038218759,3.0915412976005726e-05
2026-01-01 04:30:00,23,0.0154761025944018,0.0154761025944018,1.547625735697546e-05
2026-01-01 04:30:00,24,0.0454940792286736,0.0454940792286736,4.54945341740154e-05
2026-01-01 04:30:00,25,0.043483712807318,0.043483712807318,4.3484147648794496e-05
2026-01-01 04:30:00,26,0.0414891311542899,0.0414891311542899,4.1489546049750415e-05
2026-01-01 04:30:00,27,0.0396312377981388,0.0396312377981388,3.9631634114479953e-05
2026-01-01 04:30:00,28,0.0351746687794924,0.0351746687794924,3.517502052969778e-05
2026-01-01 04:30:00,29,0.0162220340973563,0.0162220340973563,1.6222196319319564e-05
2026-01-01 04:30:00,30,0.0105095360686831,0.0105095360686831,1.050964116509478e-05
2026-01-01 04:30:00,31,0.002492210996871,0.002492210996871,2.4922359192302303e-06
2026-01-01 04:30:00,32,0.0,0.0,0.0
2026-01-01 04:30:00,33,0.0,0.0,0.0
2026-01-01 04:30:00,34,0.0,0.0,0.0
2026-01-01 04:30:00,35,0.0,0.0,0.0
2026-01-01 04:30:00,36,0.0,0.0,0.0
2026-01-01 04:45:00,0,0.1444646896751744,0.1444646896751744,0.0001444661343365
2026-01-01 04:45:00,1,0.1282532429956609,0.1282532429956609,0.0001282545255409
2026-01-01 04:45:00,2,0.0918708632938024,0.0918708632938024,9.18717820116226e-05
2026-01-01 04:45:00,3,0.0871973917261267,0.0871973917261267,8.719826370876385e-05
2026-01-01 04:45:00,4,0.0850393739272326,0.0850393739272326,8.50402243294759e-05
2026-01-01 04:45:00,5,0.039848170953921,0.039848170953921,3.984856943961541e-05
2026-01-01 04:45:00,6,0.0324498719935826,0.0324498719935827,3.245019649554766e-05
2026-01-01 04:45:00,7,0.0250270320416384,0.0250270320416384,2.5027282314461616e-05
2026-01-01 04:45:00,8,0.0229315799999194,0.0229315799999194,2.2931809318012585e-05
2026-01-01 04:45:00,9,0.0208300920461235,0.0208300920461235,2.0830300349127e-05
2026-01-01 04:45:00,10,0.0190351767167518,0.0190351767167518,1.9035367070422564e-05
2026-01-01 04:45:00,11,0.0167145187604124,0.0167145187604124,1.6714685907271494e-05
2026-01-01 04:45:00,12,0.0143871689121277,0.0143871689121277,1.438731278525557e-05
2026-01-01 04:45:00,13,0.009632531747649,0.009632531747649,9.632628073929837e-06
2026-01-01 04:45:00,14,0.0076095778178141,0.0076095778178141,7.609653914353321e-06
2026-01-01 04:45:00,15,0.0054733168282748,0.0054733168282748,5.473371561990514e-06
2026-01-01 04:45:00,16,0.0033372718252982,0.0033372718252982,3.337305198350203e-06
2026-01-01 04:45:00,17,0.0126165896978919,0.0126165896978919,1.261671586505057e-05
2026-01-01 04:45:00,18,0.009469491828397,0.009469491828397,9.46958652426228e-06
2026-01-01 04:45:00,19,0.0063145036731855,0.0063145036731855,6.314566818853712e-06
2026-01-01 04:45:00,20,0.0031579573344365,0.0031579573344365,3.1579889143257103e-06
2026-01-01 04:45:00,21,0.0335850050838516,0.0335850050838516,3.3585340937261066e-05
2026-01-01 04:45:00,22,0.030261490053869,0.030261490053869,3.0261792671795807e-05
2026-01-01 04:45:00,23,0.0151485111865264,0.0151485111865264,1.5148662673153194e-05
2026-01-01 04:45:00,24,0.0444968223537066,0.0444968223537066,4.449726732637992e-05
2026-01-01 04:45:00,25,0.0425297566264824,0.0425297566264824,4.253018192830173e-05
2026-01-01 04:45:00,26,0.0405782174257345,0.0405782174257345,4.057862321196667e-05
2026-01-01 04:45:00,27,0.0387607619013914,0.0387607619013914,3.876114951288653e-05
2026-01-01 04:45:00,28,0.0344017349803056,0.0344017349803056,3.4402079001095664e-05
2026-01-01 04:45:00,29,0.0158648950770809,0.0158648950770809,1.5865053727618195e-05
2026-01-01 04:45:00,30,0.0102780999231882,0.0102780999231882,1.027820270521531e-05
2026-01-01 04:45:00,31,0.0024373194511069,0.0024373194511069,2.4373438245452233e-06
2026-01-01 04:45:00,32,0.0,0.0,0.0
2026-01-01 04:45:00,33,0.0,0.0,0.0
2026-01-01 04:45:00,34,0.0,0.0,0.0
2026-01-01 04:45:00,35,0.0,0.0,0.0
2026-01-01 04:45:00,36,0.0,0.0,0.0
2026-01-01 05:00:00,0,0.1461498973291221,0.1461498973291221,0.0001461513588427
2026-01-01 05:00:00,1,0.1297558636896313,0.1297558636896312,0.0001297571612612
2026-01-01 05:00:00,2,0.0929572534717194,0.0929572534717194,9.295818305354997e-05
2026-01-01 05:00:00,3,0.0882304170357429,0.0882304170357429,8.823129934873645e-05
2026-01-01 05:00:00,4,0.0860476299349289,0.0860476299349289,8.604849041983319e-05
2026-01-01 05:00:00,5,0.0403192923269626,0.0403192923269626,4.0319695523917856e-05
2026-01-01 05:00:00,6,0.032834637124361,0.032834637124361,3.2834965474015796e-05
2026-01-01 05:00:00,7,0.0253248332908545,0.0253248332908545,2.532508654171997e-05
2026-01-01 05:00:00,8,0.0232047227120526,0.0232047227120526,2.320495476160026e-05
2026-01-01 05:00:00,9,0.0210783934459357,0.0210783934459357,2.1078604231978027e-05
2026-01-01 05:00:00,10,0.0192622366993622,0.0192622366993622,1.926242932365551e-05
2026-01-01 05:00:00,11,0.0169140852931721,0.0169140852931721,1.691425443571648e-05
2026-01-01 05:00:00,12,0.0145590340782106,0.0145590340782106,1.4559179670007315e-05
2026-01-01 05:00:00,13,0.009747702389758,0.009747702389758,9.74779986775671e-06
2026-01-01 05:00:00,14,0.0077006099964281,0.0077006099964281,7.700687003298148e-06
2026-01-01 05:00:00,15,0.0055388281794802,0.0055388281794802,5.538883568315926e-06
2026-01-01 05:00:00,16,0.0033772238347419,0.0033772238347419,3.377257607318027e-06
2026-01-01 05:00:00,17,0.0127587812536752,0.0127587812536752,1.2758908842763657e-05
2026-01-01 05:00:00,18,0.0095762956485017,0.0095762956485017,9.576391412415914e-06
2026-01-01 05:00:00,19,0.0063857405542131,0.0063857405542131,6.385804412257279e-06
2026-01-01 05:00:00,20,0.0031935918320388,0.0031935918320388,3.1936237682764983e-06
2026-01-01 05:00:00,21,0.0339695012585192,0.0339695012585192,3.3969840956928815e-05
2026-01-01 05:00:00,22,0.0306081420857404,0.0306081420857404,3.060844817022219e-05
2026-01-01 05:00:00,23,0.0153222511270376,0.0153222511270375,1.532240435108111e-05
2026-01-01 05:00:00,24,0.0450255191150048,0.0450255191150048,4.502596937469855e-05
2026-01-01 05:00:00,25,0.0430354930243341,0.0430354930243341,4.3035923383567976e-05
2026-01-01 05:00:00,26,0.041061130829635,0.041061130829635,4.1061541445049513e-05
2026-01-01 05:00:00,27,0.0392222354565026,0.0392222354565026,3.922262768277952e-05
2026-01-01 05:00:00,28,0.0348114956889899,0.0348114956889899,3.481184380742802e-05
2026-01-01 05:00:00,29,0.0160542236295451,0.0160542236295451,1.605438417338684e-05
2026-01-01 05:00:00,30,0.0104007898023599,0.0104007898023599,1.0400893811298048e-05
2026-01-01 05:00:00,31,0.0024664187288646,0.0024664187288646,2.4664433932985338e-06
2026-01-01 05:00:00,32,0.0,0.0,0.0
2026-01-01 05:00:00,33,0.0,0.0,0.0
2026-01-01 05:00:00,34,0.0,0.0,0.0
2026-01-01 05:00:00,35,0.0,0.0,0.0
2026-01-01 05:00:00,36,0.0,0.0,0.0
2026-01-01 05:15:00,0,0.1460190609893159,0.1460190609893159,0.0001460205211945
2026-01-01 05:15:00,1,0.1296391970232799,0.1296391970232799,0.0001296404934282
2026-01-01 05:15:00,2,0.0928728943019164,0.0928728943019164,9.287382304014688e-05
2026-01-01 05:15:00,3,0.0881501999175711,0.0881501999175711,8.815108142838541e-05
2026-01-01 05:15:00,4,0.0859693354906132,0.0859693354906132,8.597019519256521e-05
2026-01-01 05:15:00,5,0.0402827087558096,0.0402827087558096,4.028311158692552e-05
2026-01-01 05:15:00,6,0.032804758788161,0.032804758788161,3.280508683902943e-05
2026-01-01 05:15:00,7,0.0253017069713539,0.025301706971354,2.530195999095391e-05
2026-01-01 05:15:00,8,0.0231835110351577,0.0231835110351577,2.3183742872586503e-05
2026-01-01 05:15:00,9,0.0210591107180324,0.0210591107180324,2.105932131124559e-05
2026-01-01 05:15:00,10,0.0192446034024984,0.0192446034024984,1.9244795850456955e-05
2026-01-01 05:15:00,11,0.0168985869001512,0.0168985869001512,1.6898755887710158e-05
2026-01-01 05:15:00,12,0.0145456867575408,0.0145456867575408,1.454583221586298e-05
2026-01-01 05:15:00,13,0.009738757994736,0.009738757994736,9.738855383289852e-06
2026-01-01 05:15:00,14,0.0076935402323262,0.0076935402323262,7.693617168497969e-06
2026-01-01 05:15:00,15,0.0055337403240014,0.0055337403240014,5.533795661958112e-06
2026-01-01 05:15:00,16,0.0033741210448651,0.0033741210448651,3.374154786412976e-06
2026-01-01 05:15:00,17,0.0127477463785742,0.0127477463785742,1.2747873857312822e-05
2026-01-01 05:15:00,18,0.0095680069925367,0.0095680069925367,9.5681026735635e-06
2026-01-01 05:15:00,19,0.0063802121009564,0.0063802121009564,6.380275903715474e-06
2026-01-01 05:15:00,20,0.0031908263513222,0.0031908263513222,3.1908582599048896e-06
2026-01-01 05:15:00,21,0.0339396566907162,0.0339396566907162,3.3939996090677106e-05
2026-01-01 05:15:00,22,0.0305812347813359,0.0305812347813359,3.0581540596741956e-05
2026-01-01 05:15:00,23,0.0153087651548878,0.0153087651548878,1.5308918244070295e-05
2026-01-01 05:15:00,24,0.0449844628295553,0.0449844628295553,4.498491267868211e-05
2026-01-01 05:15:00,25,0.0429962193243626,0.0429962193243626,4.299664929085552e-05
2026-01-01 05:15:00,26,0.0410236292528771,0.0410236292528771,4.102403949327212e-05
2026-01-01 05:15:00,27,0.0391863986313067,0.0391863986313067,3.91867904992117e-05
2026-01-01 05:15:00,28,0.0347796742913328,0.0347796742913328,3.478002209155375e-05
2026-01-01 05:15:00,29,0.0160395203759916,0.0160395203759916,1.6039680772799363e-05
2026-01-01 05:15:00,30,0.0103912616492954,0.0103912616492954,1.039136556295108e-05
2026-01-01 05:15:00,31,0.0024641588578069,0.0024641588578069,2.464183499641927e-06
2026-01-01 05:15:00,32,0.0,0.0,0.0
2026-01-01 05:15:00,33,0.0,0.0,0.0
2026-01-01 05:15:00,34,0.0,0.0,0.0
2026-01-01 05:15:00,35,0.0,0.0,0.0
2026-01-01 05:15:00,36,0.0,0.0,0.0
2026-01-01 05:30:00,0,0.1600214870174337,0.1600214870174337,0.0001600230872483
2026-01-01 05:30:00,1,0.1421304271752027,0.1421304271752027,0.0001421318484936
2026-01-01 05:30:00,2,0.1019133858655657,0.1019133858655657,0.0001019144050096
2026-01-01 05:30:00,3,0.0967483523512861,0.0967483523512861,9.674931984448462e-05
2026-01-01 05:30:00,4,0.094362059722815,0.094362059722815,9.436300335284852e-05
2026-01-01 05:30:00,5,0.0442030730666415,0.0442030730666415,4.420351510179256e-05
2026-01-01 05:30:00,6,0.0360075726860044,0.0360075726860044,3.600793276533208e-05
2026-01-01 05:30:00,7,0.0277816215572824,0.0277816215572824,2.7781899376276243e-05
2026-01-01 05:30:00,8,0.0254583454442355,0.0254583454442355,2.545860003023582e-05
2026-01-01 05:30:00,9,0.0231272387442731,0.0231272387442731,2.3127470018973348e-05
2026-01-01 05:30:00,10,0.0211359571412225,0.0211359571412225,2.113616850290755e-05
2026-01-01 05:30:00,11,0.0185611071916083,0.0185611071916083,1.8561292804536423e-05
2026-01-01 05:30:00,12,0.0159775196765965,0.0159775196765965,1.59776794533911e-05
2026-01-01 05:30:00,13,0.0106983602336213,0.0106983602336213,1.0698467218293535e-05
2026-01-01 05:30:00,14,0.0084520678129811,0.0084520678129811,8.452152334504463e-06
2026-01-01 05:30:00,15,0.0060796487861457,0.0060796487861457,6.079709583241563e-06
2026-01-01 05:30:00,16,0.0037070498055268,0.0037070498055268,3.7070868763955935e-06
2026-01-01 05:30:00,17,0.0139246865553731,0.0139246865553731,1.3924825803631144e-05
2026-01-01 05:30:00,18,0.01045210598835,0.01045210598835,1.0452210510455124e-05
2026-01-01 05:30:00,19,0.0069699103230842,0.0069699103230842,6.969980022884491e-06
2026-01-01 05:30:00,20,0.0034858152525952,0.0034858152525952,3.4858501110963893e-06
2026-01-01 05:30:00,21,0.0371275410044019,0.0371275410044019,3.712791228352477e-05
2026-01-01 05:30:00,22,0.0334555297357874,0.0334555297357874,3.3455864294430435e-05
2026-01-01 05:30:00,23,0.0167495297051804,0.0167495297051804,1.674969720215249e-05
2026-01-01 05:30:00,24,0.0493864021799895,0.0493864021799895,4.9386896048950016e-05
2026-01-01 05:30:00,25,0.0472073766732843,0.0472073766732843,4.720784875177183e-05
2026-01-01 05:30:00,26,0.0450451048794254,0.0450451048794254,4.504555533497877e-05
2026-01-01 05:30:00,27,0.0430295129033376,0.0430295129033376,4.302994320276973e-05
2026-01-01 05:30:00,28,0.0381923043266371,0.0381923043266371,3.8192686253499654e-05
2026-01-01 05:30:00,29,0.0176166609036405,0.0176166609036405,1.7616837072011307e-05
2026-01-01 05:30:00,30,0.0114133219208793,0.0114133219208793,1.1413436055239857e-05
2026-01-01 05:30:00,31,0.0027065733062605,0.0027065733062605,2.7066003722642338e-06
2026-01-01 05:30:00,32,0.0,0.0,0.0
2026-01-01 05:30:00,33,0.0,0.0,0.0
2026-01-01 05:30:00,34,0.0,0.0,0.0
2026-01-01 05:30:00,35,0.0,0.0,0.0
2026-01-01 05:30:00,36,0.0,0.0,0.0
2026-01-01 05:45:00,0,0.1551874679443868,0.1551874679443868,0.0001551890198345
2026-01-01 05:45:00,1,0.1378168962007458,0.1378168962007458,0.0001378182743834
2026-01-01 05:45:00,2,0.0987895502586158,0.0987895502586158,9.879053816399748e-05
2026-01-01 05:45:00,3,0.0937770037725404,0.0937770037725405,9.377794155195602e-05
2026-01-01 05:45:00,4,0.0914615521259158,0.0914615521259158,9.146246675058332e-05
2026-01-01 05:45:00,5,0.0428484616588499,0.0428484616588499,4.284889014775147e-05
2026-01-01 05:45:00,6,0.0349006811421883,0.0349006811421883,3.4901030152489904e-05
2026-01-01 05:45:00,7,0.0269243588719634,0.0269243588719635,2.6924628118244695e-05
2026-01-01 05:45:00,8,0.0246719214258154,0.0246719214258154,2.4672168147496937e-05
2026-01-01 05:45:00,9,0.0224122369850131,0.0224122369850131,2.2412461109624233e-05
2026-01-01 05:45:00,10,0.0204820400739861,0.0204820400739861,2.048224489643511e-05
2026-01-01 05:45:00,11,0.0179862699298398,0.0179862699298398,1.798644979433782e-05
2026-01-01 05:45:00,12,0.0154824284526182,0.0154824284526182,1.5482583278451006e-05
2026-01-01 05:45:00,13,0.0103665337676462,0.0103665337676462,1.036663743402054e-05
2026-01-01 05:45:00,14,0.008189762374984,0.008189762374984,8.189844273426756e-06
2026-01-01 05:45:00,15,0.0058908619989868,0.0058908619989868,5.890920908195961e-06
2026-01-01 05:45:00,16,0.003591914409919,0.003591914409919,3.5919503294223927e-06
2026-01-01 05:45:00,17,0.0135193068054701,0.0135193068054701,1.351944199989012e-05
2026-01-01 05:45:00,18,0.0101475770951986,0.0101475770951986,1.014767857198441e-05
2026-01-01 05:45:00,19,0.0067667851007113,0.0067667851007113,6.766852769239087e-06
2026-01-01 05:45:00,20,0.0033842030823996,0.0033842030823996,3.384236924768872e-06
2026-01-01 05:45:00,21,0.0360284198899423,0.0360284198899423,3.602878017774412e-05
2026-01-01 05:45:00,22,0.0324644914576149,0.0324644914576149,3.2464816105776036e-05
2026-01-01 05:45:00,23,0.0162527254455836,0.0162527254455836,1.6252887974463392e-05
2026-01-01 05:45:00,24,0.047864881603948,0.047864881603948,4.786536025755061e-05
2026-01-01 05:45:00,25,0.0457517199219097,0.0457517199219097,4.575217744368421e-05
2026-01-01 05:45:00,26,0.0436549404401356,0.0436549404401356,4.365537699390558e-05
2026-01-01 05:45:00,27,0.041700968343737,0.041700968343737,4.170138535759059e-05
2026-01-01 05:45:00,28,0.0370125398833378,0.0370125398833378,3.7012910012437994e-05
2026-01-01 05:45:00,29,0.0170713635088758,0.0170713635088758,1.7071534224218105e-05
2026-01-01 05:45:00,30,0.0110599373767907,0.0110599373767907,1.1060047977270498e-05
2026-01-01 05:45:00,31,0.0026227558236431,0.0026227558236431,2.622782051463708e-06
2026-01-01 05:45:00,32,0.0,0.0,0.0
2026-01-01 05:45:00,33,0.0,0.0,0.0
2026-01-01 05:45:00,34,0.0,0.0,0.0
2026-01-01 05:45:00,35,0.0,0.0,0.0
2026-01-01 05:45:00,36,0.0,0.0,0.0
2026-01-01 06:00:00,0,0.1568712279736674,0.1568712279736674,0.0001568727967016
2026-01-01 06:00:00,1,0.1393192164714598,0.1393192164714598,0.0001393206096775
2026-01-01 06:00:00,2,0.099877290457432,0.099877290457432,9.987828924032442e-05
2026-01-01 06:00:00,3,0.0948116040067329,0.0948116040067329,9.481255213225424e-05
2026-01-01 06:00:00,4,0.0924714679704771,0.0924714679704771,9.247239269440409e-05
2026-01-01 06:00:00,5,0.0433201493890084,0.0433201493890084,4.3320582594834414e-05
2026-01-01 06:00:00,6,0.0352860844562352,0.0352860844562352,3.5286437320608445e-05
2026-01-01 06:00:00,7,0.0272228204524281,0.0272228204524281,2.7223092683354952e-05
2026-01-01 06:00:00,8,0.0249457135759092,0.0249457135759092,2.4945963035539626e-05
2026-01-01 06:00:00,9,0.0226611590997279,0.0226611590997279,2.266138571358513e-05
2026-01-01 06:00:00,10,0.0207096923798039,0.0207096923798039,2.0709899478798753e-05
2026-01-01 06:00:00,11,0.0181863872195545,0.0181863872195545,1.818656908524542e-05
2026-01-01 06:00:00,12,0.015654781853956,0.015654781853956,1.5654938403340056e-05
2026-01-01 06:00:00,13,0.0104820482172989,0.0104820482172989,1.0482153038829296e-05
2026-01-01 06:00:00,14,0.0082810741857491,0.0082810741857491,8.28115699731917e-06
2026-01-01 06:00:00,15,0.0059565802338476,0.0059565802338476,5.956639800245696e-06
2026-01-01 06:00:00,16,0.0036319937932231,0.0036319937932231,3.6320301135242422e-06
2026-01-01 06:00:00,17,0.013660618357279,0.013660618357279,1.3660754964828744e-05
2026-01-01 06:00:00,18,0.0102537313216552,0.0102537313216552,1.0253833859993898e-05
2026-01-01 06:00:00,19,0.0068375911621452,0.0068375911621452,6.837659538740631e-06
2026-01-01 06:00:00,20,0.0034196232205132,0.0034196232205132,3.4196574170874533e-06
2026-01-01 06:00:00,21,0.036411431181669,0.036411431181669,3.641179529962208e-05
2026-01-01 06:00:00,22,0.0328098346743565,0.0328098346743565,3.2810162775984334e-05
2026-01-01 06:00:00,23,0.0164258403299508,0.0164258403299508,1.642600458999678e-05
2026-01-01 06:00:00,24,0.0483946272032732,0.0483946272032732,4.839511115438476e-05
2026-01-01 06:00:00,25,0.0462585242510829,0.0462585242510829,4.625898684095136e-05
2026-01-01 06:00:00,26,0.0441389338763274,0.0441389338763274,4.4139375270080146e-05
2026-01-01 06:00:00,27,0.0421635040323953,0.0421635040323953,4.2163925671652105e-05
2026-01-01 06:00:00,28,0.0374232731801256,0.0374232731801256,3.742364741659981e-05
2026-01-01 06:00:00,29,0.0172611993919222,0.0172611993919222,1.7261372005642283e-05
2026-01-01 06:00:00,30,0.0111829613331498,0.0111829613331498,1.11830731638815e-05
2026-01-01 06:00:00,31,0.0026519351331507,0.0026519351331507,2.6519616527672276e-06
2026-01-01 06:00:00,32,0.0,0.0,0.0
2026-01-01 06:00:00,33,0.0,0.0,0.0
2026-01-01 06:00:00,34,0.0,0.0,0.0
2026-01-01 06:00:00,35,0.0,0.0,0.0
2026-01-01 06:00:00,36,0.0,0.0,0.0
2026-01-01 06:15:00,0,0.1601182779760557,0.1601182779760557,0.0001601198791748
2026-01-01 06:15:00,1,0.1426620284899517,0.1426620284899516,0.0001426634551245
2026-01-01 06:15:00,2,0.1022985029888323,0.1022985029888324,0.000102299525984
2026-01-01 06:15:00,3,0.0971146952236919,0.0971146952236918,9.71156663803557e-05
2026-01-01 06:15:00,4,0.0947196789570976,0.0947196789570976,9.472062616335928e-05
2026-01-01 06:15:00,5,0.0443700729902891,0.0443700729902891,4.437051669545607e-05
2026-01-01 06:15:00,6,0.0361440477308159,0.0361440477308159,3.6144409174907727e-05
2026-01-01 06:15:00,7,0.0278873327615032,0.0278873327615032,2.78876116376196e-05
2026-01-01 06:15:00,8,0.0255553251282981,0.0255553251282981,2.5555580684105033e-05
2026-01-01 06:15:00,9,0.0232154134414455,0.0232154134414455,2.3215645597901545e-05
2026-01-01 06:15:00,10,0.0212166009471612,0.0212166009471612,2.121681311529238e-05
2026-01-01 06:15:00,11,0.018632001181929,0.018632001181929,1.8632187503804117e-05
2026-01-01 06:15:00,12,0.0160385800579146,0.0160385800579146,1.6038740445319107e-05
2026-01-01 06:15:00,13,0.0107392863062197,0.0107392863062197,1.0739393700156768e-05
2026-01-01 06:15:00,14,0.0084844200956124,0.0084844200956124,8.484504940661873e-06
2026-01-01 06:15:00,15,0.0061029339803036,0.0061029339803036,6.10299501025372e-06
2026-01-01 06:15:00,16,0.0037212507991553,0.0037212507991553,3.7212880120354335e-06
2026-01-01 06:15:00,17,0.013439999042646,0.013439999042646,1.3440133443980462e-05
2026-01-01 06:15:00,18,0.0104894431840231,0.0104894431840231,1.048954807950398e-05
2026-01-01 06:15:00,19,0.0069948149577491,0.0069948149577491,6.994884906598257e-06
2026-01-01 06:15:00,20,0.0034982737302275,0.0034982737302275,3.4983087133147136e-06
2026-01-01 06:15:00,21,0.0372628763812026,0.0372628763812027,3.726324901369283e-05
2026-01-01 06:15:00,22,0.0335775593361108,0.0335775593361108,3.3577895115062e-05
2026-01-01 06:15:00,23,0.0168107053529484,0.0168107053529484,1.6810873461683048e-05
2026-01-01 06:15:00,24,0.0495740141156272,0.0495740141156272,4.957450986072585e-05
2026-01-01 06:15:00,25,0.0473868728090576,0.0473868728090576,4.73873466825245e-05
2026-01-01 06:15:00,26,0.0452165302659038,0.0452165302659038,4.521698243572824e-05
2026-01-01 06:15:00,27,0.0431933423657429,0.0431933423657429,4.319377430348594e-05
2026-01-01 06:15:00,28,0.0383377898299854,0.0383377898299854,3.833817321171756e-05
2026-01-01 06:15:00,29,0.0176839105013083,0.0176839105013083,1.7684087342181775e-05
2026-01-01 06:15:00,30,0.0114569040785559,0.0114569040785559,1.145701864874239e-05
2026-01-01 06:15:00,31,0.0027169104090415,0.0027169104090415,2.716937578417321e-06
2026-01-01 06:15:00,32,0.0,0.0,0.0
2026-01-01 06:15:00,33,0.0,0.0,0.0
2026-01-01 06:15:00,34,0.0,0.0,0.0
2026-01-01 06:15:00,35,0.0,0.0,0.0
2026-01-01 06:15:00,36,0.0,0.0,0.0
2026-01-01 06:30:00,0,0.1678910198671053,0.1678910198671053,0.000167892698794
2026-01-01 06:30:00,1,0.1501631574228022,0.1501631574228021,0.0001501646590693
2026-01-01 06:30:00,2,0.1077361018198595,0.1077361018198594,0.0001077371791916
2026-01-01 06:30:00,3,0.1022878481558756,0.1022878481558757,0.0001022888710445
2026-01-01 06:30:00,4,0.0997699123425626,0.0997699123425626,9.977091005166314e-05
2026-01-01 06:30:00,5,0.0467279506335953,0.0467279506335953,4.672841791777457e-05
2026-01-01 06:30:00,6,0.0380713339722582,0.0380713339722582,3.8071714689405105e-05
2026-01-01 06:30:00,7,0.0293805397509546,0.0293805397509546,2.938083355929029e-05
2026-01-01 06:30:00,8,0.0269252924126953,0.0269252924126953,2.6925561668312036e-05
2026-01-01 06:30:00,9,0.0244610652262504,0.0244610652262504,2.4461309839348827e-05
2026-01-01 06:30:00,10,0.0223559174353011,0.0223559174353011,2.235614099671109e-05
2026-01-01 06:30:00,11,0.0196336403750701,0.0196336403750701,1.9633836713437247e-05
2026-01-01 06:30:00,12,0.0169013116977935,0.0169013116977935,1.6901480712600663e-05
2026-01-01 06:30:00,13,0.0113175743524127,0.0113175743524127,1.1317687529288054e-05
2026-01-01 06:30:00,14,0.0089415778219387,0.0089415778219387,8.94166723861113e-06
2026-01-01 06:30:00,15,0.0064319795369149,0.0064319795369149,6.432043857353486e-06
2026-01-01 06:30:00,16,0.0039219298674677,0.0039219298674677,3.921969087158638e-06
2026-01-01 06:30:00,17,0.0134724083454748,0.0134724083454748,1.3472543070905524e-05
2026-01-01 06:30:00,18,0.0110166991463137,0.0110166991463137,1.1016809314406931e-05
2026-01-01 06:30:00,19,0.0073465104866337,0.0073465104866337,7.346583952473272e-06
2026-01-01 06:30:00,20,0.0036742110918757,0.0036742110918757,3.6742478343540576e-06
2026-01-01 06:30:00,21,0.0391694383703595,0.0391694383703595,3.9169830068660255e-05
2026-01-01 06:30:00,22,0.0352967382532728,0.0352967382532728,3.529709122418507e-05
2026-01-01 06:30:00,23,0.0176726276300926,0.0176726276300926,1.7672804358136263e-05
2026-01-01 06:30:00,24,0.0522238254895996,0.0522238254895996,5.2224347733077e-05
2026-01-01 06:30:00,25,0.049922198621943,0.049922198621943,4.992269784892154e-05
2026-01-01 06:30:00,26,0.0476379927258195,0.0476379927258195,4.763846911051069e-05
2026-01-01 06:30:00,27,0.0455075745242626,0.0455075745242626,4.550802960455869e-05
2026-01-01 06:30:00,28,0.0403929584804012,0.0403929584804012,4.039336241402542e-05
2026-01-01 06:30:00,29,0.0186340253073039,0.0186340253073039,1.863421164942048e-05
2026-01-01 06:30:00,30,0.012072652152849,0.012072652152849,1.207277288057788e-05
2026-01-01 06:30:00,31,0.0028629592909141,0.0028629592909141,2.862987920793397e-06
2026-01-01 06:30:00,32,0.0,0.0,0.0
2026-01-01 06:30:00,33,0.0,0.0,0.0
2026-01-01 06:30:00,34,0.0,0.0,0.0
2026-01-01 06:30:00,35,0.0,0.0,0.0
2026-01-01 06:30:00,36,0.0,0.0,0.0
2026-01-01 06:45:00,0,0.1681365377042663,0.1681365377042662,0.0001681382190864
2026-01-01 06:45:00,1,0.1520396951763482,0.1520396951763482,0.0001520412155885
2026-01-01 06:45:00,2,0.1090973582647182,0.1090973582647182,0.0001090984492492
2026-01-01 06:45:00,3,0.1035830776594235,0.1035830776594235,0.0001035841135005
2026-01-01 06:45:00,4,0.1010344396027177,0.1010344396027177,0.0001010354499572
2026-01-01 06:45:00,5,0.0473182126843018,0.0473182126843018,4.731868587116056e-05
2026-01-01 06:45:00,6,0.0385539098773269,0.0385539098773269,3.855429542028112e-05
2026-01-01 06:45:00,7,0.0297545270162663,0.0297545270162663,2.9754824564511963e-05
2026-01-01 06:45:00,8,0.0272684398012868,0.0272684398012868,2.726871248841177e-05
2026-01-01 06:45:00,9,0.0247730927414685,0.0247730927414685,2.4773340474873252e-05
2026-01-01 06:45:00,10,0.0226413237267132,0.0226413237267132,2.26415501422147e-05
2026-01-01 06:45:00,11,0.0198845759941074,0.0198845759941074,1.988477484185584e-05
2026-01-01 06:45:00,12,0.0171174560442345,0.0171174560442345,1.711762722050671e-05
2026-01-01 06:45:00,13,0.0114624658314184,0.0114624658314184,1.1462580457223048e-05
2026-01-01 06:45:00,14,0.0090561246215426,0.0090561246215426,9.056215183694505e-06
2026-01-01 06:45:00,15,0.0065144296385365,0.0065144296385365,6.51449478348436e-06
2026-01-01 06:45:00,16,0.0039722154582238,0.0039722154582237,3.972255180775608e-06
2026-01-01 06:45:00,17,0.0117196816172801,0.0117196816172801,1.1719798815268324e-05
2026-01-01 06:45:00,18,0.0111477154101721,0.0111477154101721,1.1147826888441067e-05
2026-01-01 06:45:00,19,0.0074339035836429,0.0074339035836429,7.433977923422192e-06
2026-01-01 06:45:00,20,0.0037179305235338,0.0037179305235338,3.717967703210906e-06
2026-01-01 06:45:00,21,0.0396455468725323,0.0396455468725323,3.964594333196564e-05
2026-01-01 06:45:00,22,0.035726070881022,0.035726070881022,3.5726428145303475e-05
2026-01-01 06:45:00,23,0.017887894755413,0.017887894755413,1.7888073636149426e-05
2026-01-01 06:45:00,24,0.0528874197957363,0.0528874197957363,5.2887948675223105e-05
2026-01-01 06:45:00,25,0.0505571613719985,0.0505571613719985,5.055766694866805e-05
2026-01-01 06:45:00,26,0.0482444753494995,0.0482444753494995,4.8244957799077545e-05
2026-01-01 06:45:00,27,0.0460872183818285,0.0460872183818285,4.6087679258621126e-05
2026-01-01 06:45:00,28,0.0409077329243706,0.0409077329243706,4.090814200579074e-05
2026-01-01 06:45:00,29,0.0188720434890762,0.0188720434890762,1.8872232211398383e-05
2026-01-01 06:45:00,30,0.0122269096436163,0.0122269096436163,1.2227031913935456e-05
2026-01-01 06:45:00,31,0.002899548011029,0.002899548011029,2.899577006799163e-06
2026-01-01 06:45:00,32,0.0,0.0,0.0
2026-01-01 06:45:00,33,0.0,0.0,0.0
2026-01-01 06:45:00,34,0.0,0.0,0.0
2026-01-01 06:45:00,35,0.0,0.0,0.0
2026-01-01 06:45:00,36,0.0,0.0,0.0
2026-01-01 07:00:00,0,0.1708494962102762,0.1708494962102762,0.0001708512047223
2026-01-01 07:00:00,1,0.1547955214428329,0.1547955214428329,0.0001547970694135
2026-01-01 07:00:00,2,0.1110972118303978,0.1110972118303978,0.0001110983228136
2026-01-01 07:00:00,3,0.1054860686335135,0.1054860686335135,0.0001054871235047
2026-01-01 07:00:00,4,0.1028923805963833,0.1028923805963833,0.0001028934095304
2026-01-01 07:00:00,5,0.0481853703346557,0.0481853703346557,4.81858521931777e-05
2026-01-01 07:00:00,6,0.0392629499801575,0.0392629499801575,3.926334261358364e-05
2026-01-01 07:00:00,7,0.0303041001826333,0.0303041001826333,3.0304403226665616e-05
2026-01-01 07:00:00,8,0.0277727150381191,0.0277727150381191,2.7772992768046808e-05
2026-01-01 07:00:00,9,0.0252316502025028,0.0252316502025028,2.523190252152803e-05
2026-01-01 07:00:00,10,0.0230607704601344,0.0230607704601344,2.3061001070145174e-05
2026-01-01 07:00:00,11,0.0202533775976943,0.0202533775976943,2.025358013349571e-05
2026-01-01 07:00:00,12,0.0174351314402158,0.0174351314402158,1.743530579327382e-05
2026-01-01 07:00:00,13,0.0116754263322667,0.0116754263322667,1.1675543087697624e-05
2026-01-01 07:00:00,14,0.0092244885636468,0.0092244885636468,9.224580809454964e-06
2026-01-01 07:00:00,15,0.0066356197307139,0.0066356197307139,6.635686087574804e-06
2026-01-01 07:00:00,16,0.0040461288247941,0.0040461288247941,4.046169286487024e-06
2026-01-01 07:00:00,17,0.0115978819708776,0.0115978819708776,1.159799795085711e-05
2026-01-01 07:00:00,18,0.0113405139853924,0.0113405139853924,1.1340627391666336e-05
2026-01-01 07:00:00,19,0.0075625092226202,0.0075625092226202,7.56258484846877e-06
2026-01-01 07:00:00,20,0.0037822676094547,0.0037822676094547,3.7823054325090943e-06
2026-01-01 07:00:00,21,0.0403440676299334,0.0403440676299334,4.034447107464419e-05
2026-01-01 07:00:00,22,0.0363559786488269,0.0363559786488269,3.635634221224909e-05
2026-01-01 07:00:00,23,0.0182037446902239,0.0182037446902239,1.820392672949128e-05
2026-01-01 07:00:00,24,0.0538625099369658,0.0538625099369658,5.386304856745151e-05
2026-01-01 07:00:00,25,0.0514902112376126,0.0514902112376126,5.149072614487409e-05
2026-01-01 07:00:00,26,0.0491357039997281,0.0491357039997281,4.913619536168176e-05
2026-01-01 07:00:00,27,0.0469390218844362,0.0469390218844362,4.693949127934907e-05
2026-01-01 07:00:00,28,0.0416642231696582,0.0416642231696582,4.1664639816056425e-05
2026-01-01 07:00:00,29,0.0192218528558813,0.0192218528558813,1.9222045076332095e-05
2026-01-01 07:00:00,30,0.0124536205935263,0.0124536205935263,1.245374513097763e-05
2026-01-01 07:00:00,31,0.0029533225345419,0.0029533225345419,2.9533520680626014e-06
2026-01-01 07:00:00,32,0.0,0.0,0.0
2026-01-01 07:00:00,33,0.0,0.0,0.0
2026-01-01 07:00:00,34,0.0,0.0,0.0
2026-01-01 07:00:00,35,0.0,0.0,0.0
2026-01-01 07:00:00,36,0.0,0.0,0.0
2026-01-01 07:15:00,0,0.1728779896832812,0.1728779896832812,0.0001728797184804
2026-01-01 07:15:00,1,0.1570667288631651,0.1570667288631651,0.0001570682995461
2026-01-01 07:15:00,2,0.1127460212103267,0.1127460212103266,0.0001127471486818
2026-01-01 07:15:00,3,0.1070551352166572,0.1070551352166572,0.0001070562057787
2026-01-01 07:15:00,4,0.1044243516796178,0.1044243516796179,0.0001044253959335
2026-01-01 07:15:00,5,0.0489003028626191,0.0489003028626191,4.890079187053788e-05
2026-01-01 07:15:00,6,0.0398475932305392,0.0398475932305392,3.984799171045631e-05
2026-01-01 07:15:00,7,0.030757321927226,0.030757321927226,3.075762950352112e-05
2026-01-01 07:15:00,8,0.0281885984039737,0.0281885984039737,2.8188880292776663e-05
2026-01-01 07:15:00,9,0.0256098418677258,0.0256098418677258,2.5610097968705485e-05
2026-01-01 07:15:00,10,0.0234067159919422,0.0234067159919422,2.3406950061442867e-05
2026-01-01 07:15:00,11,0.0205575651061847,0.0205575651061846,2.055777068389154e-05
2026-01-01 07:15:00,12,0.0176971557902408,0.0176971557902408,1.7697332763568514e-05
2026-01-01 07:15:00,13,0.0118510868143848,0.0118510868143848,1.185120532643813e-05
2026-01-01 07:15:00,14,0.0093633668198499,0.0093633668198499,9.363460454454482e-06
2026-01-01 07:15:00,15,0.0067355880518045,0.0067355880518045,6.735655408358665e-06
2026-01-01 07:15:00,16,0.0041070996132729,0.0041070996132729,4.107140684679795e-06
2026-01-01 07:15:00,17,0.0112938319737206,0.0112938319737206,1.1293944913169775e-05
2026-01-01 07:15:00,18,0.0114990903256897,0.0114990903256897,1.149920531774295e-05
2026-01-01 07:15:00,19,0.0076682879660518,0.0076682879660518,7.668364649698347e-06
2026-01-01 07:15:00,20,0.0038351856012199,0.0038351856012199,3.835223953459471e-06
2026-01-01 07:15:00,21,0.0409191807071534,0.0409191807071534,4.091958990305249e-05
2026-01-01 07:15:00,22,0.0368746123137525,0.0368746123137525,3.687498106356318e-05
2026-01-01 07:15:00,23,0.0184638114289347,0.0184638114289347,1.846399606889548e-05
2026-01-01 07:15:00,24,0.0546665963864699,0.0546665963864699,5.4667143057900545e-05
2026-01-01 07:15:00,25,0.0522596563826801,0.0522596563826801,5.226017898447003e-05
2026-01-01 07:15:00,26,0.0498706855564095,0.0498706855564095,4.987118426825222e-05
2026-01-01 07:15:00,27,0.0476415024515855,0.0476415024515855,4.7641978871374305e-05
2026-01-01 07:15:00,28,0.0422881111785192,0.0422881111785192,4.228853406385988e-05
2026-01-01 07:15:00,29,0.019510369304954,0.019510369304954,1.9510564410598155e-05
2026-01-01 07:15:00,30,0.0126406098761493,0.0126406098761493,1.2640736283512155e-05
2026-01-01 07:15:00,31,0.0029976756362661,0.0029976756362661,2.997705613322273e-06
2026-01-01 07:15:00,32,0.0,0.0,0.0
2026-01-01 07:15:00,33,0.0,0.0,0.0
2026-01-01 07:15:00,34,0.0,0.0,0.0
2026-01-01 07:15:00,35,0.0,0.0,0.0
2026-01-01 07:15:00,36,0.0,0.0,0.0
2026-01-01 07:30:00,0,0.1828244658465597,0.1828244658465597,0.0001828262941095
2026-01-01 07:30:00,1,0.1678441964174381,0.1678441964174381,0.0001678458748761
2026-01-01 07:30:00,2,0.1205779764519099,0.1205779764519099,0.0001205791822437
2026-01-01 07:30:00,3,0.1145097657265947,0.1145097657265947,0.0001145109108357
2026-01-01 07:30:00,4,0.1117033578809531,0.1117033578809532,0.0001117044749257
2026-01-01 07:30:00,5,0.0522961693194856,0.0522961693194856,5.229669228640852e-05
2026-01-01 07:30:00,6,0.0426254920068476,0.0426254920068476,4.262591826603032e-05
2026-01-01 07:30:00,7,0.0329116287805242,0.0329116287805242,3.2911957900103236e-05
2026-01-01 07:30:00,8,0.0301656481729039,0.0301656481729039,3.0165949832402248e-05
2026-01-01 07:30:00,9,0.0274078665318338,0.0274078665318338,2.7408140613239957e-05
2026-01-01 07:30:00,10,0.0250515608566366,0.0250515608566366,2.5051811374750347e-05
2026-01-01 07:30:00,11,0.0220040208618156,0.0220040208618156,2.200424090422467e-05
2026-01-01 07:30:00,12,0.0189431913807638,0.0189431913807638,1.8943380814572003e-05
2026-01-01 07:30:00,13,0.0126865120067966,0.0126865120067966,1.268663887318534e-05
2026-01-01 07:30:00,14,0.0100238998938634,0.0100238998938634,1.0024000133864742e-05
2026-01-01 07:30:00,15,0.0072110867762628,0.0072110867762628,7.211158887851759e-06
2026-01-01 07:30:00,16,0.0043971130829914,0.0043971130829914,4.39715705456202e-06
2026-01-01 07:30:00,17,0.0102565752870571,0.0102565752870571,1.025667785383568e-05
2026-01-01 07:30:00,18,0.0122484969195781,0.0122484969195781,1.2248619405772216e-05
2026-01-01 07:30:00,19,0.0081681931322281,0.0081681931322281,8.168274814976343e-06
2026-01-01 07:30:00,20,0.0040852788851573,0.0040852788851573,4.0853197383547195e-06
2026-01-01 07:30:00,21,0.0436411098374258,0.0436411098374258,4.364154625288833e-05
2026-01-01 07:30:00,22,0.0393293773029971,0.0393293773029971,3.932977060070315e-05
2026-01-01 07:30:00,23,0.0196948936560794,0.0196948936560794,1.9695090606985545e-05
2026-01-01 07:30:00,24,0.0584880430969697,0.0584880430969697,5.848862798324958e-05
2026-01-01 07:30:00,25,0.0559167977066549,0.0559167977066549,5.59173568802237e-05
2026-01-01 07:30:00,26,0.0533643296500782,0.0533643296500783,5.336486329871129e-05
2026-01-01 07:30:00,27,0.0509808108224518,0.0509808108224518,5.098132063565823e-05
2026-01-01 07:30:00,28,0.0452539735864554,0.0452539735864554,4.5254426130716736e-05
2026-01-01 07:30:00,29,0.0208822282167929,0.0208822282167929,2.088243704116336e-05
2026-01-01 07:30:00,30,0.0135297474441932,0.0135297474441932,1.3529882743020698e-05
2026-01-01 07:30:00,31,0.0032085795775248,0.0032085795775248,3.208611663641478e-06
2026-01-01 07:30:00,32,0.0,0.0,0.0
2026-01-01 07:30:00,33,0.0,0.0,0.0
2026-01-01 07:30:00,34,0.0,0.0,0.0
2026-01-01 07:30:00,35,0.0,0.0,0.0
2026-01-01 07:30:00,36,0.0,0.0,0.0
2026-01-01 07:45:00,0,0.1707215929722531,0.1707215929722531,0.0001707233002052
2026-01-01 07:45:00,1,0.1557350837905242,0.1557350837905242,0.0001557366411569
2026-01-01 07:45:00,2,0.1117792090326421,0.1117792090326421,0.0001117803268359
2026-01-01 07:45:00,3,0.1061350653869404,0.1061350653869404,0.0001061361267482
2026-01-01 07:45:00,4,0.1035260270093907,0.1035260270093907,0.00010352706228
2026-01-01 07:45:00,5,0.0484810886549274,0.0484810886549274,4.848157347066219e-05
2026-01-01 07:45:00,6,0.0395047669973657,0.0395047669973657,3.950516204898625e-05
2026-01-01 07:45:00,7,0.0304915498492902,0.0304915498492902,3.0491854767837907e-05
2026-01-01 07:45:00,8,0.0279447192912265,0.0279447192912265,2.7944998741213984e-05
2026-01-01 07:45:00,9,0.0253880639037366,0.0253880639037366,2.538831778691447e-05
2026-01-01 07:45:00,10,0.0232038462949388,0.0232038462949388,2.3204078335722207e-05
2026-01-01 07:45:00,11,0.0203791814354622,0.0203791814354622,2.037938522931456e-05
2026-01-01 07:45:00,12,0.0175434967746633,0.0175434967746633,1.7543672211385447e-05
2026-01-01 07:45:00,13,0.0117480732767419,0.0117480732767419,1.1748190758649514e-05
2026-01-01 07:45:00,14,0.0092819232704508,0.0092819232704508,9.282016090611725e-06
2026-01-01 07:45:00,15,0.0066769623893254,0.0066769623893254,6.677029159617018e-06
2026-01-01 07:45:00,16,0.0040713437342409,0.0040713437342409,4.071384448085462e-06
2026-01-01 07:45:00,17,0.010521551884102,0.010521551884102,1.0521657100673036e-05
2026-01-01 07:45:00,18,0.0114058533301786,0.0114058533301786,1.1405967389852535e-05
2026-01-01 07:45:00,19,0.0076060938029368,0.0076060938029368,7.606169864635465e-06
2026-01-01 07:45:00,20,0.0038040716019497,0.0038040716019497,3.804109643046205e-06
2026-01-01 07:45:00,21,0.0405820627421007,0.0405820627421007,4.0582468566786376e-05
2026-01-01 07:45:00,22,0.0365705995983153,0.0365705995983153,3.657096530796843e-05
2026-01-01 07:45:00,23,0.0183113637614103,0.0183113637614103,1.8311546876879076e-05
2026-01-01 07:45:00,24,0.0541950820177847,0.0541950820177847,5.4195623974024466e-05
2026-01-01 07:45:00,25,0.0518084519034529,0.0518084519034529,5.1808969993152914e-05
2026-01-01 07:45:00,26,0.0494396872828164,0.0494396872828164,4.944018168463333e-05
2026-01-01 07:45:00,27,0.0472295612534848,0.0472295612534848,4.723003355382043e-05
2026-01-01 07:45:00,28,0.0419222554354242,0.0419222554354242,4.192267466217083e-05
2026-01-01 07:45:00,29,0.0193411763984656,0.0193411763984655,1.934136981216372e-05
2026-01-01 07:45:00,30,0.0125309545811019,0.0125309545811019,1.2531079891900832e-05
2026-01-01 07:45:00,31,0.0029716657949425,0.0029716657949425,2.971695511897636e-06
2026-01-01 07:45:00,32,0.0,0.0,0.0
2026-01-01 07:45:00,33,0.0,0.0,0.0
2026-01-01 07:45:00,34,0.0,0.0,0.0
2026-01-01 07:45:00,35,0.0,0.0,0.0
2026-01-01 07:45:00,36,0.0,0.0,0.0
2026-01-01 08:00:00,0,0.1693072797055614,0.1693072797055614,0.0001693089727952
2026-01-01 08:00:00,1,0.1559600058158686,0.1559600058158687,0.0001559615654315
2026-01-01 08:00:00,2,0.1119424609283311,0.1119424609283311,0.0001119435803641
2026-01-01 08:00:00,3,0.1062904156746119,0.1062904156746119,0.0001062914785893
2026-01-01 08:00:00,4,0.1036777019650921,0.1036777019650921,0.0001036787387524
2026-01-01 08:00:00,5,0.0485518763404841,0.0485518763404841,4.855236186410276e-05
2026-01-01 08:00:00,6,0.0395626503295246,0.0395626503295246,3.956304595998425e-05
2026-01-01 08:00:00,7,0.0305364182359545,0.0305364182359545,3.0536723603190584e-05
2026-01-01 08:00:00,8,0.0279858903331176,0.0279858903331176,2.798617019481956e-05
2026-01-01 08:00:00,9,0.0254255029757741,0.0254255029757741,2.5425757233346483e-05
2026-01-01 08:00:00,10,0.0232380926602836,0.0232380926602836,2.323832504353404e-05
2026-01-01 08:00:00,11,0.0204092934480527,0.0204092934480527,2.0409497543028167e-05
2026-01-01 08:00:00,12,0.0175694348576293,0.0175694348576293,1.7569610553734856e-05
2026-01-01 08:00:00,13,0.0117654617282833,0.0117654617282833,1.1765579384077145e-05
2026-01-01 08:00:00,14,0.0092956704914344,0.0092956704914344,9.295763449068958e-06
2026-01-01 08:00:00,15,0.006686857969409,0.006686857969409,6.686924838657401e-06
2026-01-01 08:00:00,16,0.0040773789893414,0.0040773789893414,4.077419763539064e-06
2026-01-01 08:00:00,17,0.0090103450104508,0.0090103450104508,9.010435114801975e-06
2026-01-01 08:00:00,18,0.0114210720251718,0.0114210720251718,1.1421186237034222e-05
2026-01-01 08:00:00,19,0.0076162453187839,0.0076162453187839,7.616321481998721e-06
2026-01-01 08:00:00,20,0.0038091500351253,0.0038091500351253,3.8091881270066023e-06
2026-01-01 08:00:00,21,0.0406390467773332,0.0406390467773332,4.063945317186497e-05
2026-01-01 08:00:00,22,0.0366219868038936,0.0366219868038936,3.6622353027423954e-05
2026-01-01 08:00:00,23,0.0183371309754013,0.0183371309754013,1.833731434854483e-05
2026-01-01 08:00:00,24,0.0542746881478908,0.0542746881478908,5.4275230900199905e-05
2026-01-01 08:00:00,25,0.0518846271658343,0.0518846271658343,5.188514601729452e-05
2026-01-01 08:00:00,26,0.049512449304246,0.049512449304246,4.951294443369043e-05
2026-01-01 08:00:00,27,0.0472991051336212,0.0472991051336212,4.729957812940259e-05
2026-01-01 08:00:00,28,0.0419840185211946,0.0419840185211946,4.1984438365578256e-05
2026-01-01 08:00:00,29,0.0193697374450308,0.0193697374450308,1.9369931144342312e-05
2026-01-01 08:00:00,30,0.0125494650932334,0.0125494650932334,1.254959058913938e-05
2026-01-01 08:00:00,31,0.0029760564007639,0.0029760564007639,2.9760861616255197e-06
2026-01-01 08:00:00,32,0.0,0.0,0.0
2026-01-01 08:00:00,33,0.0,0.0,0.0
2026-01-01 08:00:00,34,0.0,0.0,0.0
2026-01-01 08:00:00,35,0.0,0.0,0.0
2026-01-01 08:00:00,36,0.0,0.0,0.0
2026-01-01 08:15:00,0,0.1669450801284701,0.1669450801284701,0.0001669467495959
2026-01-01 08:15:00,1,0.1546383971020771,0.1546383971020771,0.0001546399435015
2026-01-01 08:15:00,2,0.1109830958670999,0.1109830958670999,0.0001109842057091
2026-01-01 08:15:00,3,0.1053774624544773,0.1053774624544772,0.0001053785162396
2026-01-01 08:15:00,4,0.1027863381694853,0.1027863381694854,0.0001027873660431
2026-01-01 08:15:00,5,0.0481358894745225,0.0481358894745225,4.8136370838230886e-05
2026-01-01 08:15:00,6,0.039222481071216,0.0392224810712159,3.922287329994901e-05
2026-01-01 08:15:00,7,0.0302727231429847,0.0302727231429847,3.027302587324347e-05
2026-01-01 08:15:00,8,0.0277439216434524,0.0277439216434524,2.7744199085443325e-05
2026-01-01 08:15:00,9,0.0252054654505554,0.0252054654505554,2.52057175077305e-05
2026-01-01 08:15:00,10,0.0230368175805976,0.0230368175805976,2.303704795107715e-05
2026-01-01 08:15:00,11,0.0202323150907507,0.0202323150907507,2.0232517415924863e-05
2026-01-01 08:15:00,12,0.0174169879736755,0.0174169879736755,1.7417162145297002e-05
2026-01-01 08:15:00,13,0.0116632625025813,0.0116632625025813,1.1663379136372686e-05
2026-01-01 08:15:00,14,0.0092148715313305,0.0092148715313305,9.21496368096733e-06
2026-01-01 08:15:00,15,0.006628696964189,0.006628696964189,6.628763251821562e-06
2026-01-01 08:15:00,16,0.0040419065861641,0.0040419065861641,4.041947005634186e-06
2026-01-01 08:15:00,17,0.0081629976241019,0.0081629976241019,8.163079254894486e-06
2026-01-01 08:15:00,18,0.0113284122705448,0.0113284122705448,1.1328525555800387e-05
2026-01-01 08:15:00,19,0.007554436436845,0.007554436436845,7.554511981964879e-06
2026-01-01 08:15:00,20,0.0037782288889257,0.0037782288889257,3.7782666715924265e-06
2026-01-01 08:15:00,21,0.040304325306398,0.040304325306398,4.0304728353681586e-05
2026-01-01 08:15:00,22,0.0363201381921082,0.0363201381921082,3.632050139712223e-05
2026-01-01 08:15:00,23,0.0181857715543445,0.0181857715543445,1.81859534138787e-05
2026-01-01 08:15:00,24,0.0538068459137617,0.0538068459137617,5.380738398760164e-05
2026-01-01 08:15:00,25,0.0514369433111736,0.0514369433111736,5.143745768575052e-05
2026-01-01 08:15:00,26,0.0490848200960492,0.0490848200960492,4.908531094915877e-05
2026-01-01 08:15:00,27,0.0468903871594204,0.0468903871594204,4.689085606798109e-05
2026-01-01 08:15:00,28,0.0416210287418275,0.0416210287418275,4.162144495627714e-05
2026-01-01 08:15:00,29,0.0192018758915367,0.0192018758915367,1.920206791221591e-05
2026-01-01 08:15:00,30,0.0124406732415763,0.0124406732415763,1.2440797649552857e-05
2026-01-01 08:15:00,31,0.0029502514512669,0.0029502514512669,2.9502809540764867e-06
2026-01-01 08:15:00,32,0.0,0.0,0.0
2026-01-01 08:15:00,33,0.0,0.0,0.0
2026-01-01 08:15:00,34,0.0,0.0,0.0
2026-01-01 08:15:00,35,0.0,0.0,0.0
2026-01-01 08:15:00,36,0.0,0.0,0.0
2026-01-01 08:30:00,0,0.1733837075972216,0.1733837075972217,0.0001733854414516
2026-01-01 08:30:00,1,0.1618883495213174,0.1618883495213173,0.000161889968421
2026-01-01 08:30:00,2,0.1162481744635156,0.1162481744635156,0.0001162493369568
2026-01-01 08:30:00,3,0.1103882497254829,0.1103882497254829,0.000110389353619
2026-01-01 08:30:00,4,0.1076788086644063,0.1076788086644064,0.0001076798854632
2026-01-01 08:30:00,5,0.0504188293620092,0.0504188293620092,5.041933355534479e-05
2026-01-01 08:30:00,6,0.0410895914187377,0.0410895914187377,4.1090002318760955e-05
2026-01-01 08:30:00,7,0.0317203297320904,0.0317203297320904,3.172064693855982e-05
2026-01-01 08:30:00,8,0.0290723214977774,0.0290723214977774,2.9072612223899688e-05
2026-01-01 08:30:00,9,0.0264135089330214,0.0264135089330214,2.641377307075211e-05
2026-01-01 08:30:00,10,0.0241418886886762,0.0241418886886762,2.4142130109977375e-05
2026-01-01 08:30:00,11,0.0212040333890369,0.0212040333890369,2.120424543149127e-05
2026-01-01 08:30:00,12,0.0182540343596284,0.0182540343596284,1.8254216901797445e-05
2026-01-01 08:30:00,13,0.0122244368178533,0.0122244368178533,1.2224559063444024e-05
2026-01-01 08:30:00,14,0.009658549100355,0.009658549100355,9.658645686811924e-06
2026-01-01 08:30:00,15,0.0069480750108569,0.0069480750108569,6.948144492301853e-06
2026-01-01 08:30:00,16,0.0042366970996669,0.0042366970996669,4.2367394670616375e-06
2026-01-01 08:30:00,17,0.0075531999792304,0.0075531999792304,7.553275511985595e-06
2026-01-01 08:30:00,18,0.0118337771217871,0.0118337771217871,1.183389546074179e-05
2026-01-01 08:30:00,19,0.0078915440625712,0.0078915440625712,7.891622978801073e-06
2026-01-01 08:30:00,20,0.0039468751945318,0.0039468751945318,3.946914663678504e-06
2026-01-01 08:30:00,21,0.042138450282344,0.042138450282344,4.2138871671060746e-05
2026-01-01 08:30:00,22,0.0379741762687484,0.0379741762687484,3.797455601430859e-05
2026-01-01 08:30:00,23,0.0190152182092719,0.0190152182092719,1.9015408363355595e-05
2026-01-01 08:30:00,24,0.0563749765479925,0.0563749765479925,5.6375540303395626e-05
2026-01-01 08:30:00,25,0.0538945131756959,0.0538945131756959,5.38950521262172e-05
2026-01-01 08:30:00,26,0.0514323880912059,0.0514323880912059,5.1432902420230134e-05
2026-01-01 08:30:00,27,0.0491341819902549,0.0491341819902549,4.9134673336988306e-05
2026-01-01 08:30:00,28,0.0436138269321951,0.0436138269321951,4.361426307482591e-05
2026-01-01 08:30:00,29,0.0201235147124044,0.0201235147124044,2.0123715949563947e-05
2026-01-01 08:30:00,30,0.0130379995423229,0.0130379995423229,1.3038129923622158e-05
2026-01-01 08:30:00,31,0.0030919358120231,0.0030919358120231,3.0919667316905067e-06
2026-01-01 08:30:00,32,0.0,0.0,0.0
2026-01-01 08:30:00,33,0.0,0.0,0.0
2026-01-01 08:30:00,34,0.0,0.0,0.0
2026-01-01 08:30:00,35,0.0,0.0,0.0
2026-01-01 08:30:00,36,0.0,0.0,0.0
2026-01-01 08:45:00,0,0.1753763727643493,0.1753763727643493,0.0001753781265456
2026-01-01 08:45:00,1,0.1638587388160036,0.1638587388160036,0.0001638603774197
2026-01-01 08:45:00,2,0.1176801442295542,0.1176801442295541,0.0001176813210427
2026-01-01 08:45:00,3,0.1117512478530007,0.1117512478530007,0.0001117523653766
2026-01-01 08:45:00,4,0.1090097030539182,0.1090097030539183,0.0001090107931618
2026-01-01 08:45:00,5,0.0510397176460462,0.0510397176460462,5.104022804832673e-05
2026-01-01 08:45:00,6,0.041597503063751,0.041597503063751,4.159791904294149e-05
2026-01-01 08:45:00,7,0.0321142336364586,0.0321142336364586,3.2114554782006506e-05
2026-01-01 08:45:00,8,0.0294338174756602,0.0294338174756602,2.94341118167784e-05
2026-01-01 08:45:00,9,0.0267422726725496,0.0267422726725496,2.6742540097950663e-05
2026-01-01 08:45:00,10,0.0244426454136808,0.0244426454136808,2.444288984257927e-05
2026-01-01 08:45:00,11,0.0214685168605134,0.0214685168605134,2.1468731547828975e-05
2026-01-01 08:45:00,12,0.0184818720083278,0.0184818720083278,1.8482056828896156e-05
2026-01-01 08:45:00,13,0.0123771953312295,0.0123771953312295,1.2377319104420558e-05
2026-01-01 08:45:00,14,0.0097793288418622,0.0097793288418622,9.779426636128653e-06
2026-01-01 08:45:00,15,0.0070350212221659,0.0070350212221659,7.035091573081668e-06
2026-01-01 08:45:00,16,0.0042897268987678,0.0042897268987678,4.28976979646581e-06
2026-01-01 08:45:00,17,0.0075713761335638,0.0075713761335638,7.571451848082373e-06
2026-01-01 08:45:00,18,0.0119707907080063,0.0119707907080063,1.1970910417110477e-05
2026-01-01 08:45:00,19,0.0079829415843549,0.0079829415843549,7.983021414569053e-06
2026-01-01 08:45:00,20,0.0039925997458607,0.0039925997458607,3.9926396722574925e-06
2026-01-01 08:45:00,21,0.042636002667759,0.042636002667759,4.263642903204932e-05
2026-01-01 08:45:00,22,0.0384228943943436,0.0384228943943436,3.842327862712992e-05
2026-01-01 08:45:00,23,0.0192402553743921,0.0192402553743921,1.924044777886998e-05
2026-01-01 08:45:00,24,0.0570737010173609,0.0570737010173609,5.707427176007854e-05
2026-01-01 08:45:00,25,0.0545631994229498,0.0545631994229498,5.456374506040045e-05
2026-01-01 08:45:00,26,0.052071183424498,0.052071183424498,5.207170414153951e-05
2026-01-01 08:45:00,27,0.04974475960962,0.04974475960962,4.9745257062190686e-05
2026-01-01 08:45:00,28,0.0441561234560473,0.0441561234560473,4.415656502169754e-05
2026-01-01 08:45:00,29,0.0203743572951523,0.0203743572951523,2.0374561040762732e-05
2026-01-01 08:45:00,30,0.0132005774932642,0.0132005774932642,1.3200709500359267e-05
2026-01-01 08:45:00,31,0.0031304994438021,0.0031304994438021,3.1305307491096577e-06
2026-01-01 08:45:00,32,0.0,0.0,0.0
2026-01-01 08:45:00,33,0.0,0.0,0.0
2026-01-01 08:45:00,34,0.0,0.0,0.0
2026-01-01 08:45:00,35,0.0,0.0,0.0
2026-01-01 08:45:00,36,0.0,0.0,0.0
2026-01-01 09:00:00,0,0.1637523829033845,0.1637523829033846,0.0001637540204435
2026-01-01 09:00:00,1,0.1561676867095531,0.1561676867095531,0.000156169248402
2026-01-01 09:00:00,2,0.1120931203288317,0.1120931203288317,0.0001120942412712
2026-01-01 09:00:00,3,0.1064337683104942,0.1064337683104942,0.0001064348326588
2026-01-01 09:00:00,4,0.103817656986677,0.103817656986677,0.0001038186951736
2026-01-01 09:00:00,5,0.0486172040839046,0.0486172040839046,4.861769026080729e-05
2026-01-01 09:00:00,6,0.0396160607895375,0.0396160607895375,3.9616456954107035e-05
2026-01-01 09:00:00,7,0.0305778112704986,0.0305778112704986,3.0578117051669184e-05
2026-01-01 09:00:00,8,0.0280238702650195,0.0280238702650195,2.8024150506524576e-05
2026-01-01 09:00:00,9,0.0254600387247235,0.0254600387247235,2.54602933276568e-05
2026-01-01 09:00:00,10,0.0232696820902718,0.0232696820902718,2.3269914789419752e-05
2026-01-01 09:00:00,11,0.0204370677830577,0.0204370677830577,2.0437272155779288e-05
2026-01-01 09:00:00,12,0.0175933584599402,0.0175933584599402,1.7593534395284167e-05
2026-01-01 09:00:00,13,0.0117814989490652,0.0117814989490652,1.178161676523286e-05
2026-01-01 09:00:00,14,0.0093083490971964,0.0093083490971964,9.308442181618252e-06
2026-01-01 09:00:00,15,0.0066959839843227,0.0066959839843227,6.696050944832228e-06
2026-01-01 09:00:00,16,0.0040829448832277,0.0040829448832277,4.082985713084921e-06
2026-01-01 09:00:00,17,0.0062125187845196,0.0062125187845196,6.212580910328772e-06
2026-01-01 09:00:00,18,0.0114338252932826,0.0114338252932826,1.1433939632678943e-05
2026-01-01 09:00:00,19,0.0076247518844634,0.0076247518844634,7.624828132744787e-06
2026-01-01 09:00:00,20,0.0038134053699597,0.0038134053699597,3.813443504394814e-06
2026-01-01 09:00:00,21,0.0406917332845354,0.0406917332845354,4.069214020593748e-05
2026-01-01 09:00:00,22,0.0366694969669317,0.0366694969669317,3.66698636655684e-05
2026-01-01 09:00:00,23,0.0183609524642771,0.0183609524642771,1.8361136075637943e-05
2026-01-01 09:00:00,24,0.0543481342450204,0.0543481342450204,5.434867773179778e-05
2026-01-01 09:00:00,25,0.0519549046720128,0.0519549046720128,5.1955424226255144e-05
2026-01-01 09:00:00,26,0.0495795749740491,0.0495795749740492,4.958007077475695e-05
2026-01-01 09:00:00,27,0.0473632604583186,0.0473632604583186,4.736373409565964e-05
2026-01-01 09:00:00,28,0.0420409942034825,0.0420409942034825,4.2041414617628695e-05
2026-01-01 09:00:00,29,0.0193960819147292,0.0193960819147292,1.9396275877488025e-05
2026-01-01 09:00:00,30,0.012566538744935,0.012566538744935,1.25666644115792e-05
2026-01-01 09:00:00,31,0.0029801061480703,0.0029801061480703,2.9801359494298293e-06
2026-01-01 09:00:00,32,0.0,0.0,0.0
2026-01-01 09:00:00,33,0.0,0.0,0.0
2026-01-01 09:00:00,34,0.0,0.0,0.0
2026-01-01 09:00:00,35,0.0,0.0,0.0
2026-01-01 09:00:00,36,0.0,0.0,0.0
2026-01-01 09:15:00,0,0.1575685898810356,0.1575685898810356,0.0001575701655826
2026-01-01 09:15:00,1,0.1508803008733271,0.1508803008733271,0.0001508818096914
2026-01-01 09:15:00,2,0.1082560899705888,0.1082560899705888,0.0001082571725423
2026-01-01 09:15:00,3,0.102782571075639,0.102782571075639,0.0001027835989116
2026-01-01 09:15:00,4,0.1002528900403633,0.1002528900403633,0.0001002538925792
2026-01-01 09:15:00,5,0.0469534281233586,0.0469534281233586,4.695389766233527e-05
2026-01-01 09:15:00,6,0.0382556499182229,0.0382556499182229,3.825603247854776e-05
2026-01-01 09:15:00,7,0.0295233567237687,0.0295233567237687,2.952365196028838e-05
2026-01-01 09:15:00,8,0.0270563259588147,0.0270563259588147,2.705659652477997e-05
2026-01-01 09:15:00,9,0.024580210981895,0.024580210981895,2.4580456786462952e-05
2026-01-01 09:15:00,10,0.0224648944468763,0.0224648944468763,2.246511909806731e-05
2026-01-01 09:15:00,11,0.0197294510280161,0.0197294510280161,1.972964832449935e-05
2026-01-01 09:15:00,12,0.0169838365563276,0.0169838365563276,1.6984006396391584e-05
2026-01-01 09:15:00,13,0.0113728921457806,0.0113728921457806,1.137300587583943e-05
2026-01-01 09:15:00,14,0.0089853092467772,0.0089853092467772,8.985399100768295e-06
2026-01-01 09:15:00,15,0.0064634563434745,0.0064634563434745,6.4635209786842905e-06
2026-01-01 09:15:00,16,0.0039411271181961,0.0039411271181961,3.941166529861467e-06
2026-01-01 09:15:00,17,0.0061138904998695,0.0061138904998695,6.113951639385899e-06
2026-01-01 09:15:00,18,0.011063736997212,0.011063736997212,1.106384763568843e-05
2026-01-01 09:15:00,19,0.0073778856415301,0.0073778856415301,7.377959421124391e-06
2026-01-01 09:15:00,20,0.0036899064280635,0.0036899064280635,3.6899433274968176e-06
2026-01-01 09:15:00,21,0.0393515992832683,0.0393515992832683,3.935199280319638e-05
2026-01-01 09:15:00,22,0.0354609978364273,0.0354609978364273,3.546135244995188e-05
2026-01-01 09:15:00,23,0.0177549824458639,0.0177549824458639,1.7755159997463956e-05
2026-01-01 09:15:00,24,0.0524772546782981,0.0524772546782981,5.247777945609272e-05
2026-01-01 09:15:00,25,0.0501646837996429,0.0501646837996429,5.0165185451497466e-05
2026-01-01 09:15:00,26,0.0478695927961081,0.0478695927961081,4.78700714968231e-05
2026-01-01 09:15:00,27,0.0457289211688483,0.0457289211688483,4.5729378462633e-05
2026-01-01 09:15:00,28,0.0405895293803942,0.0405895293803941,4.0589935279747e-05
2026-01-01 09:15:00,29,0.0187249061007946,0.0187249061007946,1.8725093351728208e-05
2026-01-01 09:15:00,30,0.0121315504268703,0.0121315504268703,1.2131671743587797e-05
2026-01-01 09:15:00,31,0.0028769294046258,0.0028769294046258,2.876958174207598e-06
2026-01-01 09:15:00,32,0.0,0.0,0.0
2026-01-01 09:15:00,33,0.0,0.0,0.0
2026-01-01 09:15:00,34,0.0,0.0,0.0
2026-01-01 09:15:00,35,0.0,0.0,0.0
2026-01-01 09:15:00,36,0.0,0.0,0.0
2026-01-01 09:30:00,0,0.1558600180471527,0.1558600180471527,0.0001558615766629
2026-01-01 09:30:00,1,0.1492232345009111,0.1492232345009111,0.0001492247267481
2026-01-01 09:30:00,2,0.1070542114283544,0.1070542114283544,0.0001070552819811
2026-01-01 09:30:00,3,0.1016390205384005,0.1016390205384005,0.0001016400369387
2026-01-01 09:30:00,4,0.0991364596772715,0.0991364596772715,9.913745105178208e-05
2026-01-01 09:30:00,5,0.0464322725170294,0.0464322725170294,4.643273684439787e-05
2026-01-01 09:30:00,6,0.0378295921164353,0.0378295921164353,3.782997041613954e-05
2026-01-01 09:30:00,7,0.0291931883098796,0.0291931883098796,2.9193480244682133e-05
2026-01-01 09:30:00,8,0.0267533888618768,0.0267533888618768,2.6753656398440836e-05
2026-01-01 09:30:00,9,0.024304750474726,0.024304750474726,2.430499352466128e-05
2026-01-01 09:30:00,10,0.0222129381245373,0.0222129381245373,2.221316025613991e-05
2026-01-01 09:30:00,11,0.0195079287306833,0.0195079287306833,1.9508123811921443e-05
2026-01-01 09:30:00,12,0.0167930290626803,0.0167930290626803,1.67931969946503e-05
2026-01-01 09:30:00,13,0.011244986973744,0.011244986973744,1.1245099424738292e-05
2026-01-01 09:30:00,14,0.0088841921803027,0.0088841921803027,8.88428102311295e-06
2026-01-01 09:30:00,15,0.0063906735260294,0.0063906735260294,6.390737433403758e-06
2026-01-01 09:30:00,16,0.0038967376468188,0.0038967376468188,3.896776614585028e-06
2026-01-01 09:30:00,17,0.0060452765918504,0.0060452765918504,6.04533704522093e-06
2026-01-01 09:30:00,18,0.0109475655809404,0.0109475655809404,1.0947675057691008e-05
2026-01-01 09:30:00,19,0.007300394845675,0.007300394845675,7.30046785035353e-06
2026-01-01 09:30:00,20,0.0036511408302434,0.0036511408302434,3.6511773420168624e-06
2026-01-01 09:30:00,21,0.038931020022179,0.038931020022179,3.893140933627242e-05
2026-01-01 09:30:00,22,0.0350817420500087,0.0350817420500087,3.508209287093749e-05
2026-01-01 09:30:00,23,0.017564827074784,0.017564827074784,1.756500272481134e-05
2026-01-01 09:30:00,24,0.051891397875987,0.051891397875987,5.189191679515501e-05
2026-01-01 09:30:00,25,0.0496041115898725,0.0496041115898725,4.960460763594893e-05
2026-01-01 09:30:00,26,0.047334170678948,0.047334170678948,4.733464402538832e-05
2026-01-01 09:30:00,27,0.0452171964945534,0.0452171964945534,4.521764867104017e-05
2026-01-01 09:30:00,28,0.0401350764290365,0.0401350764290365,4.013547778381436e-05
2026-01-01 09:30:00,29,0.0185147854345057,0.0185147854345057,1.8514970584211596e-05
2026-01-01 09:30:00,30,0.0119953736674498,0.0119953736674498,1.1995493622386096e-05
2026-01-01 09:30:00,31,0.0028446293876935,0.0028446293876935,2.844657834271882e-06
2026-01-01 09:30:00,32,0.0,0.0,0.0
2026-01-01 09:30:00,33,0.0,0.0,0.0
2026-01-01 09:30:00,34,0.0,0.0,0.0
2026-01-01 09:30:00,35,0.0,0.0,0.0
2026-01-01 09:30:00,36,0.0,0.0,0.0
2026-01-01 09:45:00,0,0.1609520444210052,0.1609520444210053,0.0001609536539575
2026-01-01 09:45:00,1,0.1550243065089976,0.1550243065089975,0.0001550258567675
2026-01-01 09:45:00,2,0.1112630813500757,0.1112630813500757,0.000111264193992
2026-01-01 09:45:00,3,0.1056438752075957,0.1056438752075957,0.0001056449316569
2026-01-01 09:45:00,4,0.1030464392032466,0.1030464392032466,0.0001030474696779
2026-01-01 09:45:00,5,0.0482572945413667,0.0482572945413668,4.8257777119138e-05
2026-01-01 09:45:00,6,0.0393217424388942,0.0393217424388942,3.9322135660250815e-05
2026-01-01 09:45:00,7,0.030349653813596,0.030349653813596,3.0349957313169166e-05
2026-01-01 09:45:00,8,0.0278145097602687,0.0278145097602687,2.781478790814785e-05
2026-01-01 09:45:00,9,0.0252696529052033,0.0252696529052033,2.526990560425943e-05
2026-01-01 09:45:00,10,0.0230955295289397,0.0230955295289397,2.309576048654461e-05
2026-01-01 09:45:00,11,0.0202839368947644,0.0202839368947644,2.028413973616183e-05
2026-01-01 09:45:00,12,0.017461453042016,0.017461453042016,1.7461627658292603e-05
2026-01-01 09:45:00,13,0.0116930700164645,0.0116930700164645,1.169318694833399e-05
2026-01-01 09:45:00,14,0.009238436702665,0.009238436702665,9.238529087955902e-06
2026-01-01 09:45:00,15,0.0066456592107809,0.0066456592107809,6.645725668037592e-06
2026-01-01 09:45:00,16,0.0040522517537039,0.0040522517537039,4.05229227662676e-06
2026-01-01 09:45:00,17,0.0065900582696573,0.0065900582696573,6.590124170899014e-06
2026-01-01 09:45:00,18,0.011353453088352,0.011353453088352,1.135356662401826e-05
2026-01-01 09:45:00,19,0.0075711393221139,0.0075711393221139,7.571215034264299e-06
2026-01-01 09:45:00,20,0.0037865845445285,0.0037865845445285,3.7866224107526553e-06
2026-01-01 09:45:00,21,0.0404021974877868,0.0404021974877868,4.040260151380201e-05
2026-01-01 09:45:00,22,0.0364083953873609,0.0364083953873609,3.6408759474955725e-05
2026-01-01 09:45:00,23,0.0182300242876129,0.0182300242876129,1.823020658967886e-05
2026-01-01 09:45:00,24,0.0539433461672932,0.0539433461672933,5.394388560614936e-05
2026-01-01 09:45:00,25,0.0515675559922947,0.0515675559922947,5.156807167301149e-05
2026-01-01 09:45:00,26,0.049209576162024,0.049209576162024,4.921006826270671e-05
2026-01-01 09:45:00,27,0.0470096232873706,0.0470096232873707,4.701009338830458e-05
2026-01-01 09:45:00,28,0.0417269217452593,0.0417269217452592,4.1727339018649486e-05
2026-01-01 09:45:00,29,0.0192508398604087,0.0192508398604087,1.9251032370732436e-05
2026-01-01 09:45:00,30,0.012472406525464,0.012472406525464,1.2472531250776524e-05
2026-01-01 09:45:00,31,0.0029577783733141,0.0029577783733141,2.9578079513936908e-06
2026-01-01 09:45:00,32,0.0,0.0,0.0
2026-01-01 09:45:00,33,0.0,0.0,0.0
2026-01-01 09:45:00,34,0.0,0.0,0.0
2026-01-01 09:45:00,35,0.0,0.0,0.0
2026-01-01 09:45:00,36,0.0,0.0,0.0
2026-01-01 10:00:00,0,0.1571458562266457,0.1571458562266456,0.0001571474277009
2026-01-01 10:00:00,1,0.1535261930891902,0.1535261930891902,0.0001535277283664
2026-01-01 10:00:00,2,0.1101757433027181,0.1101757433027181,0.0001101768450711
2026-01-01 10:00:00,3,0.1046091681835376,0.1046091681835376,0.0001046102142856
2026-01-01 10:00:00,4,0.1020362127190641,0.1020362127190641,0.0001020372330913
2026-01-01 10:00:00,5,0.0477858156269292,0.0477858156269292,4.778629348986419e-05
2026-01-01 10:00:00,6,0.0389362123564301,0.0389362123564301,3.893660172244734e-05
2026-01-01 10:00:00,7,0.0300508119818371,0.0300508119818371,3.005111249296207e-05
2026-01-01 10:00:00,8,0.027540294478479,0.027540294478479,2.754056988417793e-05
2026-01-01 10:00:00,9,0.0250202945146588,0.0250202945146588,2.5020544720106015e-05
2026-01-01 10:00:00,10,0.0228674362085756,0.0228674362085756,2.2867664885224537e-05
2026-01-01 10:00:00,11,0.0200833806347032,0.0200833806347032,2.0083581470517946e-05
2026-01-01 10:00:00,12,0.0172886978528464,0.0172886978528464,1.728887074155384e-05
2026-01-01 10:00:00,13,0.0115772579189258,0.0115772579189258,1.1577373692662748e-05
2026-01-01 10:00:00,14,0.0091468761591641,0.0091468761591641,9.14696762884042e-06
2026-01-01 10:00:00,15,0.0065797523316891,0.0065797523316891,6.579818129870491e-06
2026-01-01 10:00:00,16,0.0040120552598847,0.0040120552598847,4.012095380838586e-06
2026-01-01 10:00:00,17,0.0079428946928123,0.0079428946928123,7.942974122553525e-06
2026-01-01 10:00:00,18,0.0112480222065016,0.0112480222065016,1.1248134687848515e-05
2026-01-01 10:00:00,19,0.0075008116082019,0.0075008116082019,7.500886617068112e-06
2026-01-01 10:00:00,20,0.0037514017618967,0.0037514017618967,3.751439276289469e-06
2026-01-01 10:00:00,21,0.040022635318005,0.040022635318005,4.0023035548360485e-05
2026-01-01 10:00:00,22,0.0360661126471795,0.0360661126471795,3.606647331191267e-05
2026-01-01 10:00:00,23,0.0180583924046014,0.0180583924046014,1.8058572990331332e-05
2026-01-01 10:00:00,24,0.0534131351345838,0.0534131351345838,5.3413669271276574e-05
2026-01-01 10:00:00,25,0.0510601970332509,0.0510601970332509,5.106070764032736e-05
2026-01-01 10:00:00,26,0.0487249510039624,0.0487249510039624,4.872543825834508e-05
2026-01-01 10:00:00,27,0.0465464328926564,0.0465464328926564,4.6546898361640074e-05
2026-01-01 10:00:00,28,0.0413155569716813,0.0413155569716813,4.131597013138267e-05
2026-01-01 10:00:00,29,0.0190606134685385,0.0190606134685385,1.9060804076579344e-05
2026-01-01 10:00:00,30,0.0123491204496759,0.0123491204496759,1.2349243942115372e-05
2026-01-01 10:00:00,31,0.0029285355370975,0.0029285355370975,2.9285648227457633e-06
2026-01-01 10:00:00,32,0.0,0.0,0.0
2026-01-01 10:00:00,33,0.0,0.0,0.0
2026-01-01 10:00:00,34,0.0,0.0,0.0
2026-01-01 10:00:00,35,0.0,0.0,0.0
2026-01-01 10:00:00,36,0.0,0.0,0.0
2026-01-01 10:15:00,0,0.15249755178473,0.15249755178473,0.0001524990767754
2026-01-01 10:15:00,1,0.1505217219761464,0.1505217219761464,0.0001505232272084
2026-01-01 10:15:00,2,0.107995898853162,0.107995898853162,0.0001079969788229
2026-01-01 10:15:00,3,0.1025349863653777,0.1025349863653777,0.0001025360117254
2026-01-01 10:15:00,4,0.100011168237919,0.1000111682379189,0.0001000121683596
2026-01-01 10:15:00,5,0.0468406059053837,0.0468406059053837,4.684107431612691e-05
2026-01-01 10:15:00,6,0.0381634024940781,0.0381634024940781,3.8163784131919423e-05
2026-01-01 10:15:00,7,0.0294518589669656,0.0294518589669656,2.945215348850055e-05
2026-01-01 10:15:00,8,0.0269907220554135,0.0269907220554135,2.6990991965333233e-05
2026-01-01 10:15:00,9,0.0245205552735348,0.0245205552735348,2.4520800481539617e-05
2026-01-01 10:15:00,10,0.0224103272480593,0.0224103272480593,2.241055135357289e-05
2026-01-01 10:15:00,11,0.0196814729458488,0.0196814729458488,1.968166976254646e-05
2026-01-01 10:15:00,12,0.016942509829916,0.016942509829916,1.694267925670857e-05
2026-01-01 10:15:00,13,0.0113451881885737,0.0113451881885737,1.1345301641590136e-05
2026-01-01 10:15:00,14,0.0089634069818195,0.0089634069818195,8.963496616785755e-06
2026-01-01 10:15:00,15,0.006447690973629,0.006447690973629,6.447755451183573e-06
2026-01-01 10:15:00,16,0.0039315119010046,0.0039315119010046,3.93155121651685e-06
2026-01-01 10:15:00,17,0.009159964227697,0.009159964227697,9.16005582825531e-06
2026-01-01 10:15:00,18,0.0110372045000583,0.0110372045000583,1.1037314873207124e-05
2026-01-01 10:15:00,19,0.0073601869906068,0.0073601869906068,7.360260593212767e-06
2026-01-01 10:15:00,20,0.0036810522755224,0.0036810522755224,3.6810890864133222e-06
2026-01-01 10:15:00,21,0.0392606890948829,0.0392606890948829,3.9261081705699975e-05
2026-01-01 10:15:00,22,0.0353790176640518,0.0353790176640518,3.5379371457766396e-05
2026-01-01 10:15:00,23,0.0177138760253496,0.0177138760253496,1.7714053165881284e-05
2026-01-01 10:15:00,24,0.0523503964365626,0.0523503964365625,5.235091994576205e-05
2026-01-01 10:15:00,25,0.0500432959847098,0.0500432959847098,5.004379642267408e-05
2026-01-01 10:15:00,26,0.047753646797895,0.047753646797895,4.775412433913848e-05
2026-01-01 10:15:00,27,0.0456181047592233,0.0456181047592233,4.561856094483278e-05
2026-01-01 10:15:00,28,0.040491113380583,0.040491113380583,4.049151829576605e-05
2026-01-01 10:15:00,29,0.0186793984779166,0.0186793984779166,1.867958527376938e-05
2026-01-01 10:15:00,30,0.0121020570967216,0.0121020570967216,1.2102178118502847e-05
2026-01-01 10:15:00,31,0.0028699337718922,0.0028699337718922,2.869962471516958e-06
2026-01-01 10:15:00,32,0.0,0.0,0.0
2026-01-01 10:15:00,33,0.0,0.0,0.0
2026-01-01 10:15:00,34,0.0,0.0,0.0
2026-01-01 10:15:00,35,0.0,0.0,0.0
2026-01-01 10:15:00,36,0.0,0.0,0.0
2026-01-01 10:30:00,0,0.1416252680536648,0.1416252680536648,0.0001416266843205
2026-01-01 10:30:00,1,0.1423764103112291,0.142376410311229,0.0001423778340895
2026-01-01 10:30:00,2,0.1020912875182048,0.1020912875182048,0.0001020923084412
2026-01-01 10:30:00,3,0.0969175252792748,0.0969175252792749,9.691849446421954e-05
2026-01-01 10:30:00,4,0.094527180660393,0.094527180660393,9.452812594165248e-05
2026-01-01 10:30:00,5,0.0442802203412412,0.0442802203412412,4.42806631478727e-05
2026-01-01 10:30:00,6,0.0360705854678787,0.0360705854678787,3.6070946177340543e-05
2026-01-01 10:30:00,7,0.027830399023557,0.027830399023557,2.783067733033036e-05
2026-01-01 10:30:00,8,0.0255030858465722,0.0255030858465722,2.550334087998107e-05
2026-01-01 10:30:00,9,0.0231679114545367,0.0231679114545367,2.3168143135968135e-05
2026-01-01 10:30:00,10,0.0211731514781087,0.0211731514781088,2.1173363211740915e-05
2026-01-01 10:30:00,11,0.0185937991889774,0.0185937991889774,1.8593985128828725e-05
2026-01-01 10:30:00,12,0.0160056745080351,0.0160056745080351,1.6005834566380793e-05
2026-01-01 10:30:00,13,0.0107172281118498,0.0107172281118498,1.0717335285202748e-05
2026-01-01 10:30:00,14,0.0084669815183414,0.0084669815183414,8.46706618900338e-06
2026-01-01 10:30:00,15,0.0060903817535325,0.0060903817535325,6.090442657959133e-06
2026-01-01 10:30:00,16,0.0037135953083087,0.0037135953083087,3.713632444633231e-06
2026-01-01 10:30:00,17,0.0113524029654987,0.0113524029654987,1.1352516490663603e-05
2026-01-01 10:30:00,18,0.0104642223158425,0.0104642223158425,1.046432695911217e-05
2026-01-01 10:30:00,19,0.0069779906917029,0.0069779906917029,6.978060472307684e-06
2026-01-01 10:30:00,20,0.0034898567541633,0.0034898567541633,3.489891653079839e-06
2026-01-01 10:30:00,21,0.0371904327017054,0.0371904327017054,3.719080460975152e-05
2026-01-01 10:30:00,22,0.0335122319117607,0.0335122319117608,3.351256703743118e-05
2026-01-01 10:30:00,23,0.0167779491677992,0.0167779491677992,1.6778116948968783e-05
2026-01-01 10:30:00,24,0.0494729934826827,0.0494729934826827,4.947348821756493e-05
2026-01-01 10:30:00,25,0.0472902100173105,0.0472902100173105,4.7290682924139754e-05
2026-01-01 10:30:00,26,0.0451242024013402,0.0451242024013402,4.512465364787677e-05
2026-01-01 10:30:00,27,0.0431050999944113,0.0431050999944113,4.3105531049721865e-05
2026-01-01 10:30:00,28,0.0382594225858788,0.0382594225858788,3.825980518393068e-05
2026-01-01 10:30:00,29,0.0176476751127791,0.0176476751127791,1.764785159129507e-05
2026-01-01 10:30:00,30,0.0114334201997916,0.0114334201997916,1.1433534535136986e-05
2026-01-01 10:30:00,31,0.0027113402031507,0.0027113402031507,2.7113673168238865e-06
2026-01-01 10:30:00,32,0.0,0.0,0.0
2026-01-01 10:30:00,33,0.0,0.0,0.0
2026-01-01 10:30:00,34,0.0,0.0,0.0
2026-01-01 10:30:00,35,0.0,0.0,0.0
2026-01-01 10:30:00,36,0.0,0.0,0.0
2026-01-01 10:45:00,0,0.1447307012361187,0.1447307012361187,0.0001447321485576
2026-01-01 10:45:00,1,0.1453578225326279,0.1453578225326279,0.0001453592761253
2026-01-01 10:45:00,2,0.1042516721620935,0.1042516721620935,0.0001042527146892
2026-01-01 10:45:00,3,0.0989726865630279,0.098972686563028,9.897367629979102e-05
2026-01-01 10:45:00,4,0.0965334426389733,0.0965334426389733,9.653440798305322e-05
2026-01-01 10:45:00,5,0.045217027883538,0.045217027883538,4.521748005833864e-05
2026-01-01 10:45:00,6,0.0368362189406574,0.0368362189406574,3.683658730653049e-05
2026-01-01 10:45:00,7,0.0284234993415672,0.0284234993415672,2.842378357940305e-05
2026-01-01 10:45:00,8,0.0260472115439285,0.0260472115439285,2.604747201864874e-05
2026-01-01 10:45:00,9,0.0236626447206527,0.0236626447206527,2.3662881349466273e-05
2026-01-01 10:45:00,10,0.0216256382168579,0.0216256382168578,2.1625854475402656e-05
2026-01-01 10:45:00,11,0.018991590011197,0.018991590011197,1.8991779928996317e-05
2026-01-01 10:45:00,12,0.016348292005678,0.016348292005678,1.634845549023296e-05
2026-01-01 10:45:00,13,0.0109468750949516,0.0109468750949516,1.0946984564797309e-05
2026-01-01 10:45:00,14,0.0086485214710657,0.0086485214710657,8.648607957145317e-06
2026-01-01 10:45:00,15,0.006221044547045,0.006221044547045,6.221106758112665e-06
2026-01-01 10:45:00,16,0.0037932835620987,0.0037932835620987,3.7933214953136808e-06
2026-01-01 10:45:00,17,0.0114299461109052,0.0114299461109052,1.1430060411509388e-05
2026-01-01 10:45:00,18,0.010674026706059,0.010674026706059,1.0674133447393528e-05
2026-01-01 10:45:00,19,0.0071179351351322,0.0071179351351322,7.118006315195363e-06
2026-01-01 10:45:00,20,0.0035598639852623,0.0035598639852624,3.5598995842582427e-06
2026-01-01 10:45:00,21,0.0379489852338814,0.0379489852338814,3.794936472752869e-05
2026-01-01 10:45:00,22,0.0341962154518974,0.0341962154518974,3.419655741747161e-05
2026-01-01 10:45:00,23,0.0171208525022596,0.0171208525022596,1.712102371249676e-05
2026-01-01 10:45:00,24,0.0505255633828508,0.0505255633828508,5.0526068643537296e-05
2026-01-01 10:45:00,25,0.0482972682298193,0.0482972682298193,4.829775120733142e-05
2026-01-01 10:45:00,26,0.0460859999912304,0.0460859999912304,4.608646085583901e-05
2026-01-01 10:45:00,27,0.0440242896131223,0.0440242896131223,4.402472986042093e-05
2026-01-01 10:45:00,28,0.0390756987276194,0.0390756987276194,3.907608948851429e-05
2026-01-01 10:45:00,29,0.0180250118965339,0.0180250118965339,1.8025192148455463e-05
2026-01-01 10:45:00,30,0.011677960791055,0.011677960791055,1.1678077571830807e-05
2026-01-01 10:45:00,31,0.0027693421897185,0.0027693421897185,2.7693698834173486e-06
2026-01-01 10:45:00,32,0.0,0.0,0.0
2026-01-01 10:45:00,33,0.0,0.0,0.0
2026-01-01 10:45:00,34,0.0,0.0,0.0
2026-01-01 10:45:00,35,0.0,0.0,0.0
2026-01-01 10:45:00,36,0.0,0.0,0.0
2026-01-01 11:00:00,0,0.1429761873683069,0.1429761873683069,0.0001429776171444
2026-01-01 11:00:00,1,0.1432942476805657,0.1432942476805657,0.0001432956806373
2026-01-01 11:00:00,2,0.1027562710445355,0.1027562710445356,0.0001027572986175
2026-01-01 11:00:00,3,0.0975501021291872,0.0975501021291872,9.755107763996367e-05
2026-01-01 11:00:00,4,0.0951446987136787,0.0951446987136787,9.514565017018044e-05
2026-01-01 11:00:00,5,0.0445685784743855,0.0445685784743855,4.4569024164627215e-05
2026-01-01 11:00:00,6,0.0363062435651422,0.0363062435651422,3.630660663120854e-05
2026-01-01 11:00:00,7,0.0280129418602154,0.0280129418602154,2.8013221992435347e-05
2026-01-01 11:00:00,8,0.0256705526570858,0.0256705526570858,2.567080936517954e-05
2026-01-01 11:00:00,9,0.0233201747356596,0.0233201747356596,2.3320407939739064e-05
2026-01-01 11:00:00,10,0.0213124110579907,0.0213124110579907,2.1312624184232623e-05
2026-01-01 11:00:00,11,0.0187162233877982,0.0187162233877982,1.8716410551903727e-05
2026-01-01 11:00:00,12,0.0161111176945644,0.0161111176945644,1.611127880735256e-05
2026-01-01 11:00:00,13,0.010787902693939,0.010787902693939,1.078801057404477e-05
2026-01-01 11:00:00,14,0.0085228505081109,0.0085228505081109,8.522935737468282e-06
2026-01-01 11:00:00,15,0.0061305929319181,0.0061305929319181,6.130654238460522e-06
2026-01-01 11:00:00,16,0.0037381191052463,0.0037381191052463,3.7381564868112343e-06
2026-01-01 11:00:00,17,0.0109533715555379,0.0109533715555379,1.0953481090348807e-05
2026-01-01 11:00:00,18,0.0105289676295453,0.0105289676295453,1.0529072920274576e-05
2026-01-01 11:00:00,19,0.0070211772051237,0.0070211772051237,7.021247417597953e-06
2026-01-01 11:00:00,20,0.0035114607549332,0.0035114607549332,3.511495869891937e-06
2026-01-01 11:00:00,21,0.0374240435163747,0.0374240435163747,3.742441776055232e-05
2026-01-01 11:00:00,22,0.0337228759439457,0.0337228759439457,3.3723213176077494e-05
2026-01-01 11:00:00,23,0.0168835500206506,0.0168835500206506,1.6883718857839185e-05
2026-01-01 11:00:00,24,0.0497969583972707,0.0497969583972707,4.979745637183444e-05
2026-01-01 11:00:00,25,0.0476001630896334,0.0476001630896334,4.76006390960244e-05
2026-01-01 11:00:00,26,0.0454202213407647,0.0454202213407647,4.542067554752021e-05
2026-01-01 11:00:00,27,0.0433880033077678,0.0433880033077678,4.338843719213982e-05
2026-01-01 11:00:00,28,0.0385106499194,0.0385106499194,3.851103502975039e-05
2026-01-01 11:00:00,29,0.0177638053341723,0.0177638053341723,1.7763982974002067e-05
2026-01-01 11:00:00,30,0.0115086803638731,0.0115086803638731,1.1508795451827635e-05
2026-01-01 11:00:00,31,0.0027291909282547,0.0027291909282547,2.729218220436957e-06
2026-01-01 11:00:00,32,0.0,0.0,0.0
2026-01-01 11:00:00,33,0.0,0.0,0.0
2026-01-01 11:00:00,34,0.0,0.0,0.0
2026-01-01 11:00:00,35,0.0,0.0,0.0
2026-01-01 11:00:00,36,0.0,0.0,0.0
2026-01-01 11:15:00,0,0.1431071804695754,0.1431071804695754,0.0001431086115556
2026-01-01 11:15:00,1,0.1426186138359842,0.1426186138359843,0.0001426200400363
2026-01-01 11:15:00,2,0.1022667763907297,0.1022667763907297,0.0001022677990687
2026-01-01 11:15:00,3,0.0970844638713568,0.0970844638713568,9.708543472570416e-05
2026-01-01 11:15:00,4,0.0946901459583225,0.0946901459583225,9.46910928692512e-05
2026-01-01 11:15:00,5,0.0443563179346336,0.0443563179346336,4.4356761502248635e-05
2026-01-01 11:15:00,6,0.0361327765360807,0.0361327765360807,3.613313786745943e-05
2026-01-01 11:15:00,7,0.0278785737574944,0.0278785737574943,2.7878852546019864e-05
2026-01-01 11:15:00,8,0.0255472821342134,0.0255472821342134,2.554753760958959e-05
2026-01-01 11:15:00,9,0.0232080955421693,0.0232080955421693,2.3208327625445584e-05
2026-01-01 11:15:00,10,0.0212099038766081,0.0212099038766081,2.1210115977767956e-05
2026-01-01 11:15:00,11,0.018626108690837,0.0186261086908369,1.862629495378654e-05
2026-01-01 11:15:00,12,0.0160335025780927,0.0160335025780927,1.6033662914721882e-05
2026-01-01 11:15:00,13,0.010735880302948,0.010735880302948,1.0735987662824663e-05
2026-01-01 11:15:00,14,0.0084817263076074,0.0084817263076074,8.481811125718731e-06
2026-01-01 11:15:00,15,0.0061009942186891,0.0061009942186891,6.101055229241403e-06
2026-01-01 11:15:00,16,0.0037200675867323,0.0037200675867323,3.720104787780273e-06
2026-01-01 11:15:00,17,0.010063131069468,0.010063131069468,1.0063231701785056e-05
2026-01-01 11:15:00,18,0.0104816353946804,0.0104816353946804,1.0481740212082546e-05
2026-01-01 11:15:00,19,0.0069896056657258,0.0069896056657258,6.989675562481438e-06
2026-01-01 11:15:00,20,0.0034956671666972,0.0034956671666972,3.49570212371849e-06
2026-01-01 11:15:00,21,0.0372520704267262,0.0372520704267262,3.725244295115572e-05
2026-01-01 11:15:00,22,0.0335678101150916,0.0335678101150916,3.356814579654963e-05
2026-01-01 11:15:00,23,0.0168058120604525,0.0168058120604525,1.6805980120253742e-05
2026-01-01 11:15:00,24,0.049558490088624,0.049558490088624,4.955898567848087e-05
2026-01-01 11:15:00,25,0.0473720091889628,0.0473720091889628,4.7372482913792e-05
2026-01-01 11:15:00,26,0.0452023245843493,0.0452023245843493,4.520277661211544e-05
2026-01-01 11:15:00,27,0.0431797610186797,0.0431797610186797,4.318019282060799e-05
2026-01-01 11:15:00,28,0.0383257242118074,0.0383257242118074,3.832610747288222e-05
2026-01-01 11:15:00,29,0.0176783234634515,0.0176783234634515,1.7678500248454032e-05
2026-01-01 11:15:00,30,0.0114532824189542,0.0114532824189542,1.1453396952923768e-05
2026-01-01 11:15:00,31,0.0027160512663553,0.0027160512663553,2.7160784271396337e-06
2026-01-01 11:15:00,32,0.0,0.0,0.0
2026-01-01 11:15:00,33,0.0,0.0,0.0
2026-01-01 11:15:00,34,0.0,0.0,0.0
2026-01-01 11:15:00,35,0.0,0.0,0.0
2026-01-01 11:15:00,36,0.0,0.0,0.0
2026-01-01 11:30:00,0,0.1466221894375936,0.1466221894375936,0.0001466236556741
2026-01-01 11:30:00,1,0.1450848315538286,0.1450848315538286,0.0001450862824166
2026-01-01 11:30:00,2,0.1040538545362056,0.1040538545362056,0.0001040548950851
2026-01-01 11:30:00,3,0.0987845032382936,0.0987845032382936,9.878549109320454e-05
2026-01-01 11:30:00,4,0.0963497365775327,0.0963497365775327,9.635070008453354e-05
2026-01-01 11:30:00,5,0.0451312484042886,0.0451312484042886,4.5131699721285855e-05
2026-01-01 11:30:00,6,0.0367661126673355,0.0367661126673355,3.676648033213884e-05
2026-01-01 11:30:00,7,0.0283691908325789,0.0283691908325789,2.836947452732419e-05
2026-01-01 11:30:00,8,0.0259973873716767,0.0259973873716767,2.5997647348150228e-05
2026-01-01 11:30:00,9,0.0236173431897586,0.0236173431897586,2.3617579365552313e-05
2026-01-01 11:30:00,10,0.0215842050203541,0.0215842050203541,2.1584420864562773e-05
2026-01-01 11:30:00,11,0.0189551651011171,0.0189551651011171,1.895535465466368e-05
2026-01-01 11:30:00,12,0.0163169191627842,0.0163169191627842,1.6317082333607607e-05
2026-01-01 11:30:00,13,0.0109258466927773,0.0109258466927773,1.0925955952336834e-05
2026-01-01 11:30:00,14,0.0086318981237248,0.0086318981237248,8.63198444356927e-06
2026-01-01 11:30:00,15,0.006209079928241,0.006209079928241,6.209142019661205e-06
2026-01-01 11:30:00,16,0.0037859866091648,0.0037859866091648,3.7860244694095137e-06
2026-01-01 11:30:00,17,0.0091945137576869,0.0091945137576869,9.19460570374401e-06
2026-01-01 11:30:00,18,0.0106554683547753,0.0106554683547753,1.0655574910524473e-05
2026-01-01 11:30:00,19,0.0071055564012455,0.0071055564012455,7.105627457520122e-06
2026-01-01 11:30:00,20,0.0035536715782314,0.0035536715782314,3.553707115302633e-06
2026-01-01 11:30:00,21,0.0378795320918849,0.0378795320918849,3.787991089099383e-05
2026-01-01 11:30:00,22,0.0341335898556928,0.0341335898556928,3.413393119500482e-05
2026-01-01 11:30:00,23,0.017089456237488,0.017089456237488,1.7089627133759432e-05
2026-01-01 11:30:00,24,0.050429182912688,0.050429182912688,5.042968720956014e-05
2026-01-01 11:30:00,25,0.0482050549482341,0.0482050549482341,4.8205537003604165e-05
2026-01-01 11:30:00,26,0.0459979309227517,0.0459979309227517,4.599839090666086e-05
2026-01-01 11:30:00,27,0.0439401219469576,0.0439401219469576,4.3940561352571194e-05
2026-01-01 11:30:00,28,0.0390009544787453,0.0390009544787453,3.900134449219025e-05
2026-01-01 11:30:00,29,0.0179904599756382,0.0179904599756382,1.7990639882037048e-05
2026-01-01 11:30:00,30,0.0116555687159368,0.0116555687159368,1.1655685272789534e-05
2026-01-01 11:30:00,31,0.0027640310654226,0.0027640310654226,2.764058706009717e-06
2026-01-01 11:30:00,32,0.0,0.0,0.0
2026-01-01 11:30:00,33,0.0,0.0,0.0
2026-01-01 11:30:00,34,0.0,0.0,0.0
2026-01-01 11:30:00,35,0.0,0.0,0.0
2026-01-01 11:30:00,36,0.0,0.0,0.0
2026-01-01 11:45:00,0,0.1399596501643123,0.1399596501643122,0.0001399610497748
2026-01-01 11:45:00,1,0.1410831828687905,0.1410831828687905,0.0001410845937147
2026-01-01 11:45:00,2,0.1011544915205903,0.1011544915205903,0.0001011555030756
2026-01-01 11:45:00,3,0.0960264121776695,0.0960264121776695,9.60273724513941e-05
2026-01-01 11:45:00,4,0.0936572935612406,0.0936572935612406,9.365823014354204e-05
2026-01-01 11:45:00,5,0.0438739937873035,0.0438739937873035,4.387443253162885e-05
2026-01-01 11:45:00,6,0.0357386184420851,0.0357386184420851,3.573897583184345e-05
2026-01-01 11:45:00,7,0.0275732716664366,0.0275732716664366,2.7573547401910667e-05
2026-01-01 11:45:00,8,0.025267198906589,0.025267198906589,2.526745158110484e-05
2026-01-01 11:45:00,9,0.0229534427290987,0.0229534427290987,2.295367226582139e-05
2026-01-01 11:45:00,10,0.020977001528634,0.020977001528634,2.0977211300747047e-05
2026-01-01 11:45:00,11,0.0184213653552554,0.0184213653552554,1.84215495707512e-05
2026-01-01 11:45:00,12,0.0158571598540939,0.0158571598540939,1.585731842727822e-05
2026-01-01 11:45:00,13,0.0106176860595715,0.0106176860595715,1.0617792237493922e-05
2026-01-01 11:45:00,14,0.0083882932947165,0.0083882932947165,8.388377178488287e-06
2026-01-01 11:45:00,15,0.0060337472662236,0.0060337472662236,6.033807604299673e-06
2026-01-01 11:45:00,16,0.0036790554479393,0.0036790554479393,3.679092238861723e-06
2026-01-01 11:45:00,17,0.0116657147184471,0.0116657147184471,1.1665831376760923e-05
2026-01-01 11:45:00,18,0.0103730034340768,0.0103730034340768,1.0373107165148538e-05
2026-01-01 11:45:00,19,0.006917146002841,0.006917146002841,6.9172151749927936e-06
2026-01-01 11:45:00,20,0.0034594193954627,0.0034594193954627,3.4594539900026955e-06
2026-01-01 11:45:00,21,0.0368611309634948,0.0368611309634948,3.6861499578490675e-05
2026-01-01 11:45:00,22,0.0332153075963742,0.0332153075963742,3.3215639752771774e-05
2026-01-01 11:45:00,23,0.0166290971245186,0.0166290971245186,1.6629263417152856e-05
2026-01-01 11:45:00,24,0.0490166481603638,0.0490166481603637,4.9017138331747114e-05
2026-01-01 11:45:00,25,0.0468536088232325,0.0468536088232325,4.685407736400616e-05
2026-01-01 11:45:00,26,0.0447072350680423,0.0447072350680423,4.470768214486384e-05
2026-01-01 11:45:00,27,0.0427066102313135,0.0427066102313135,4.27070373016866e-05
2026-01-01 11:45:00,28,0.0379055539129844,0.0379055539129844,3.790593297231413e-05
2026-01-01 11:45:00,29,0.017484104752461,0.017484104752461,1.7484279595256978e-05
2026-01-01 11:45:00,30,0.0113274162119296,0.0113274162119296,1.1327529487224507e-05
2026-01-01 11:45:00,31,0.0026861975298281,0.0026861975298281,2.6862243920720403e-06
2026-01-01 11:45:00,32,0.0,0.0,0.0
2026-01-01 11:45:00,33,0.0,0.0,0.0
2026-01-01 11:45:00,34,0.0,0.0,0.0
2026-01-01 11:45:00,35,0.0,0.0,0.0
2026-01-01 11:45:00,36,0.0,0.0,0.0
2026-01-01 12:00:00,0,0.1429698600559433,0.1429698600559432,0.0001429712897688
2026-01-01 12:00:00,1,0.1431128668948117,0.1431128668948118,0.0001431142980377
2026-01-01 12:00:00,2,0.1026248556141834,0.1026248556141833,0.000102625881873
2026-01-01 12:00:00,3,0.0974250904257253,0.0974250904257253,9.742606468637224e-05
2026-01-01 12:00:00,4,0.0950226627403221,0.0950226627403222,9.502361297645196e-05
2026-01-01 12:00:00,5,0.0445115926095711,0.0445115926095711,4.4512037729948414e-05
2026-01-01 12:00:00,6,0.036259672017001,0.036259672017001,3.6260034617347266e-05
2026-01-01 12:00:00,7,0.0279768667986768,0.0279768667986768,2.7977146570142555e-05
2026-01-01 12:00:00,8,0.0256374569101442,0.0256374569101442,2.5637713287277095e-05
2026-01-01 12:00:00,9,0.0232900835353248,0.0232900835353248,2.329031643848924e-05
2026-01-01 12:00:00,10,0.0212848896783836,0.0212848896783836,2.128510252940895e-05
2026-01-01 12:00:00,11,0.0186920290650052,0.0186920290650052,1.869221598716516e-05
2026-01-01 12:00:00,12,0.0160902792549344,0.0160902792549344,1.6090440159336066e-05
2026-01-01 12:00:00,13,0.0107739354396247,0.0107739354396247,1.0774043180056589e-05
2026-01-01 12:00:00,14,0.0085118092310293,0.0085118092310293,8.511894349972868e-06
2026-01-01 12:00:00,15,0.0061226460680031,0.0061226460680031,6.1227072950761234e-06
2026-01-01 12:00:00,16,0.0037332725064277,0.0037332725064277,3.733309839526107e-06
2026-01-01 12:00:00,17,0.0107551428689121,0.0107551428689121,1.0755250421416405e-05
2026-01-01 12:00:00,18,0.0105162510734087,0.0105162510734087,1.051635623697112e-05
2026-01-01 12:00:00,19,0.0070126949992239,0.0070126949992239,7.012765126875262e-06
2026-01-01 12:00:00,20,0.003507217546375,0.003507217546375,3.507252618901276e-06
2026-01-01 12:00:00,21,0.0373778806264249,0.0373778806264249,3.737825440896901e-05
2026-01-01 12:00:00,22,0.0336812513782629,0.0336812513782629,3.3681588194144885e-05
2026-01-01 12:00:00,23,0.0168626825866219,0.0168626825866219,1.6862851215134124e-05
2026-01-01 12:00:00,24,0.0497329350208339,0.0497329350208339,4.9733432355157474e-05
2026-01-01 12:00:00,25,0.0475389086688611,0.0475389086688611,4.7539384062701814e-05
2026-01-01 12:00:00,26,0.0453617205275517,0.0453617205275517,4.536217414929321e-05
2026-01-01 12:00:00,27,0.0433320944137611,0.0433320944137611,4.333252773903851e-05
2026-01-01 12:00:00,28,0.0384610009562269,0.0384610009562269,3.846138557008261e-05
2026-01-01 12:00:00,29,0.0177408549037806,0.0177408549037806,1.7741032314103814e-05
2026-01-01 12:00:00,30,0.011493806937587,0.011493806937587,1.1493921876805807e-05
2026-01-01 12:00:00,31,0.002725663144853,0.002725663144853,2.725690401757086e-06
2026-01-01 12:00:00,32,0.0,0.0,0.0
2026-01-01 12:00:00,33,0.0,0.0,0.0
2026-01-01 12:00:00,34,0.0,0.0,0.0
2026-01-01 12:00:00,35,0.0,0.0,0.0
2026-01-01 12:00:00,36,0.0,0.0,0.0
2026-01-01 12:15:00,0,0.1390765447832311,0.1390765447832311,0.0001390779355625
2026-01-01 12:15:00,1,0.1398992519867322,0.1398992519867322,0.0001399006509932
2026-01-01 12:15:00,2,0.1002970401428202,0.1002970401428202,0.0001002980431232
2026-01-01 12:15:00,3,0.0952108062673141,0.0952108062673141,9.521175838489805e-05
2026-01-01 12:15:00,4,0.092861128505855,0.092861128505855,9.286205712642632e-05
2026-01-01 12:15:00,5,0.0435021715361945,0.0435021715361945,4.350260656226014e-05
2026-01-01 12:15:00,6,0.0354347858090846,0.0354347858090845,3.5435140160486206e-05
2026-01-01 12:15:00,7,0.027337954226115,0.027337954226115,2.733822760839117e-05
2026-01-01 12:15:00,8,0.0250513250368978,0.0250513250368978,2.505157555265341e-05
2026-01-01 12:15:00,9,0.0227571732404965,0.0227571732404965,2.2757400814504697e-05
2026-01-01 12:15:00,10,0.0207974990425002,0.0207974990425002,2.07977070195704e-05
2026-01-01 12:15:00,11,0.0182635694720354,0.0182635694720354,1.826375210955656e-05
2026-01-01 12:15:00,12,0.0157212541481521,0.0157212541481521,1.5721411362265802e-05
2026-01-01 12:15:00,13,0.0105265969946313,0.0105265969946313,1.0526702261653969e-05
2026-01-01 12:15:00,14,0.0083162880479873,0.0083162880479873,8.316371211699476e-06
2026-01-01 12:15:00,15,0.005981923343324,0.005981923343324,5.981983163155711e-06
2026-01-01 12:15:00,16,0.003647449562125,0.003647449562125,3.6474860369854495e-06
2026-01-01 12:15:00,17,0.0112541097146886,0.0112541097146886,1.1254222256911176e-05
2026-01-01 12:15:00,18,0.010289612721968,0.010289612721968,1.0289715619124223e-05
2026-01-01 12:15:00,19,0.006861523147404,0.006861523147404,6.861591763321638e-06
2026-01-01 12:15:00,20,0.0034315943818828,0.0034315943818828,3.4316286981698115e-06
2026-01-01 12:15:00,21,0.0365595057200402,0.0365595057200402,3.6559871318753395e-05
2026-01-01 12:15:00,22,0.0329433418475619,0.0329433418475619,3.294367128427481e-05
2026-01-01 12:15:00,23,0.0164927605126752,0.0164927605126752,1.649292544192965e-05
2026-01-01 12:15:00,24,0.0485989971781877,0.0485989971781877,4.859948317301952e-05
2026-01-01 12:15:00,25,0.0464540349008061,0.0464540349008061,4.645449944580057e-05
2026-01-01 12:15:00,26,0.0443256365139809,0.0443256365139809,4.4326079774778704e-05
2026-01-01 12:15:00,27,0.0423419251974725,0.0423419251974725,4.2342348620958736e-05
2026-01-01 12:15:00,28,0.0375817078532357,0.0375817078532357,3.758208367407252e-05
2026-01-01 12:15:00,29,0.0173344182495647,0.0173344182495647,1.7334591595480717e-05
2026-01-01 12:15:00,30,0.0112304104237564,0.0112304104237564,1.1230522728983751e-05
2026-01-01 12:15:00,31,0.0026631891912444,0.0026631891912444,2.6632158234027084e-06
2026-01-01 12:15:00,32,0.0,0.0,0.0
2026-01-01 12:15:00,33,0.0,0.0,0.0
2026-01-01 12:15:00,34,0.0,0.0,0.0
2026-01-01 12:15:00,35,0.0,0.0,0.0
2026-01-01 12:15:00,36,0.0,0.0,0.0
2026-01-01 12:30:00,0,0.1409844352445523,0.1409844352445523,0.000140985845103
2026-01-01 12:30:00,1,0.1412892639007756,0.1412892639007756,0.0001412906768075
2026-01-01 12:30:00,2,0.1013037738059693,0.1013037738059693,0.0001013047868538
2026-01-01 12:30:00,3,0.0961684147381674,0.0961684147381673,9.616937643193172e-05
2026-01-01 12:30:00,4,0.0937959136772508,0.0937959136772508,9.379685164576734e-05
2026-01-01 12:30:00,5,0.0439387277131165,0.0439387277131165,4.393916710478761e-05
2026-01-01 12:30:00,6,0.0357915187609836,0.0357915187609836,3.57918766797504e-05
2026-01-01 12:30:00,7,0.0276142459479475,0.0276142459479475,2.7614522093168527e-05
2026-01-01 12:30:00,8,0.0253047884327442,0.0253047884327442,2.5305041483159067e-05
2026-01-01 12:30:00,9,0.0229876191691426,0.0229876191691426,2.298784904763316e-05
2026-01-01 12:30:00,10,0.0210082587924513,0.0210082587924513,2.10084688771401e-05
2026-01-01 12:30:00,11,0.0184488433556449,0.0184488433556449,1.844902784592343e-05
2026-01-01 12:30:00,12,0.015880826241914,0.015880826241914,1.5880985051764526e-05
2026-01-01 12:30:00,13,0.0106335484651478,0.0106335484651478,1.063365480169583e-05
2026-01-01 12:30:00,14,0.0084008325587385,0.0084008325587385,8.400916567904208e-06
2026-01-01 12:30:00,15,0.0060427721853428,0.0060427721853428,6.042832613669013e-06
2026-01-01 12:30:00,16,0.0036845595025713,0.0036845595025713,3.684596348534799e-06
2026-01-01 12:30:00,17,0.0107970308595819,0.0107970308595819,1.079713883097026e-05
2026-01-01 12:30:00,18,0.0103877617714601,0.0103877617714601,1.038786565011664e-05
2026-01-01 12:30:00,19,0.0069269901292278,0.0069269901292278,6.9270593998218514e-06
2026-01-01 12:30:00,20,0.0034643439070715,0.0034643439070715,3.464378550857052e-06
2026-01-01 12:30:00,21,0.0369136065120945,0.0369136065120945,3.6913975651851075e-05
2026-01-01 12:30:00,22,0.0332626236962307,0.0332626236962308,3.326295632579406e-05
2026-01-01 12:30:00,23,0.0166528173261973,0.0166528173261973,1.6652983856035937e-05
2026-01-01 12:30:00,24,0.0490893686545359,0.0490893686545359,4.908985955313149e-05
2026-01-01 12:30:00,25,0.0469231830033382,0.0469231830033382,4.692365223986065e-05
2026-01-01 12:30:00,26,0.0447736805004468,0.0447736805004468,4.477412824172926e-05
2026-01-01 12:30:00,27,0.0427701111826952,0.0427701111826952,4.2770538888084145e-05
2026-01-01 12:30:00,28,0.0379619443173695,0.0379619443173695,3.796232394060893e-05
2026-01-01 12:30:00,29,0.0175101703311071,0.0175101703311071,1.7510345434561482e-05
2026-01-01 12:30:00,30,0.0113443083627771,0.0113443083627771,1.1344421806995252e-05
2026-01-01 12:30:00,31,0.002690204113213,0.002690204113213,2.690231015523161e-06
2026-01-01 12:30:00,32,0.0,0.0,0.0
2026-01-01 12:30:00,33,0.0,0.0,0.0
2026-01-01 12:30:00,34,0.0,0.0,0.0
2026-01-01 12:30:00,35,0.0,0.0,0.0
2026-01-01 12:30:00,36,0.0,0.0,0.0
2026-01-01 12:45:00,0,0.1433969609626924,0.1433969609626924,0.0001433983949466
2026-01-01 12:45:00,1,0.1435763424344167,0.1435763424344167,0.0001435777782121
2026-01-01 12:45:00,2,0.1029606706472495,0.1029606706472495,0.0001029617002642
2026-01-01 12:45:00,3,0.0977445441896801,0.0977445441896801,9.774552164489656e-05
2026-01-01 12:45:00,4,0.095334513452723,0.095334513452723,9.533546680739114e-05
2026-01-01 12:45:00,5,0.0446572124134991,0.0446572124134991,4.465765899008908e-05
2026-01-01 12:45:00,6,0.0363786809876165,0.0363786809876165,3.6379044778064366e-05
2026-01-01 12:45:00,7,0.0280690545214691,0.0280690545214691,2.806933521482133e-05
2026-01-01 12:45:00,8,0.025722031556726,0.025722031556726,2.572228877961385e-05
2026-01-01 12:45:00,9,0.0233669804714195,0.0233669804714195,2.3367214143560986e-05
2026-01-01 12:45:00,10,0.0213552197528204,0.0213552197528204,2.1355433307153543e-05
2026-01-01 12:45:00,11,0.0187538572108784,0.0187538572108784,1.8754044751325997e-05
2026-01-01 12:45:00,12,0.0161435316262954,0.0161435316262954,1.614369306322608e-05
2026-01-01 12:45:00,13,0.0108096287299155,0.0108096287299155,1.0809736827283825e-05
2026-01-01 12:45:00,14,0.0085400252619954,0.0085400252619954,8.54011066310209e-06
2026-01-01 12:45:00,15,0.0061429543626134,0.0061429543626134,6.143015792771385e-06
2026-01-01 12:45:00,16,0.0037456580515201,0.0037456580515201,3.7456955084752234e-06
2026-01-01 12:45:00,17,0.0108264229541855,0.0108264229541855,1.0826531219497718e-05
2026-01-01 12:45:00,18,0.010548861295327,0.010548861295327,1.054896678499492e-05
2026-01-01 12:45:00,19,0.0070344467363191,0.0070344467363191,7.034517081489931e-06
2026-01-01 12:45:00,20,0.0035180988354577,0.0035180988354577,3.518134016797886e-06
2026-01-01 12:45:00,21,0.0374958262758444,0.0374958262758444,3.749620123785685e-05
2026-01-01 12:45:00,22,0.0337876019395961,0.0337876019395961,3.3787939818994384e-05
2026-01-01 12:45:00,23,0.016915999064773,0.016915999064773,1.691616822645528e-05
2026-01-01 12:45:00,24,0.0498965419397405,0.0498965419397405,4.989704091014965e-05
2026-01-01 12:45:00,25,0.0476954403066612,0.0476954403066612,4.7695917265833896e-05
2026-01-01 12:45:00,26,0.0455112160400815,0.0455112160400815,4.551167115679311e-05
2026-01-01 12:45:00,27,0.0434749666907286,0.0434749666907286,4.347540144474308e-05
2026-01-01 12:45:00,28,0.0385878765661241,0.0385878765661241,3.858826244874859e-05
2026-01-01 12:45:00,29,0.0177995041715947,0.0177995041715947,1.7799682168416458e-05
2026-01-01 12:45:00,30,0.011531815664459,0.011531815664459,1.1531930983768931e-05
2026-01-01 12:45:00,31,0.0027346783278905,0.0027346783278905,2.734705674947298e-06
2026-01-01 12:45:00,32,0.0,0.0,0.0
2026-01-01 12:45:00,33,0.0,0.0,0.0
2026-01-01 12:45:00,34,0.0,0.0,0.0
2026-01-01 12:45:00,35,0.0,0.0,0.0
2026-01-01 12:45:00,36,0.0,0.0,0.0
2026-01-01 13:00:00,0,0.1315295357147989,0.1315295357147989,0.0001315308510233
2026-01-01 13:00:00,1,0.1335305589369842,0.1335305589369842,0.0001335318942559
2026-01-01 13:00:00,2,0.095687163275182,0.095687163275182,9.568812015638365e-05
2026-01-01 13:00:00,3,0.090826381615225,0.090826381615225,9.082728988812393e-05
2026-01-01 13:00:00,4,0.0885814138076613,0.0885814138076613,8.858229963065763e-05
2026-01-01 13:00:00,5,0.0415031277938341,0.0415031277938341,4.150354282926248e-05
2026-01-01 13:00:00,6,0.0338015683614733,0.0338015683614733,3.380190638053714e-05
2026-01-01 13:00:00,7,0.0260733077101987,0.0260733077101987,2.6073568445883225e-05
2026-01-01 13:00:00,8,0.0238912449164925,0.0238912449164925,2.389148383133087e-05
2026-01-01 13:00:00,9,0.0217024949453966,0.0217024949453966,2.170271197251638e-05
2026-01-01 13:00:00,10,0.0198329612225031,0.0198329612225031,1.9833159554098715e-05
2026-01-01 13:00:00,11,0.0174157197384976,0.0174157197384977,1.7415893897436674e-05
2026-01-01 13:00:00,12,0.0149910450700597,0.0149910450700597,1.4991194982009558e-05
2026-01-01 13:00:00,13,0.0100372112652624,0.0100372112652624,1.0037311638378866e-05
2026-01-01 13:00:00,14,0.0079294452543873,0.0079294452543873,7.929524549632805e-06
2026-01-01 13:00:00,15,0.0057035125239966,0.0057035125239966,5.703569559692214e-06
2026-01-01 13:00:00,16,0.0034776570170525,0.0034776570170525,3.4776917939705337e-06
2026-01-01 13:00:00,17,0.0121049672536419,0.0121049672536419,1.2105088304524986e-05
2026-01-01 13:00:00,18,0.0098391828995009,0.0098391828995009,9.83928129231383e-06
2026-01-01 13:00:00,19,0.0065610835776863,0.0065610835776863,6.561149189178275e-06
2026-01-01 13:00:00,20,0.0032813030290179,0.0032813030290179,3.2813358423763554e-06
2026-01-01 13:00:00,21,0.0349346502699971,0.0349346502699971,3.493499961999336e-05
2026-01-01 13:00:00,22,0.031478311313692,0.031478311313692,3.1478626099953084e-05
2026-01-01 13:00:00,23,0.015758390591392,0.015758390591392,1.575854817687386e-05
2026-01-01 13:00:00,24,0.0463542466585038,0.0463542466585038,4.635471020560592e-05
2026-01-01 13:00:00,25,0.0443065500873389,0.0443065500873389,4.430699315727055e-05
2026-01-01 13:00:00,26,0.0422748589201787,0.0422748589201787,4.2275281672995466e-05
2026-01-01 13:00:00,27,0.0403820935537311,0.0403820935537312,4.0382497378704995e-05
2026-01-01 13:00:00,28,0.0358413951380242,0.0358413951380242,3.584175355555984e-05
2026-01-01 13:00:00,29,0.0165301156781747,0.0165301156781747,1.65302809809846e-05
2026-01-01 13:00:00,30,0.0107091831413664,0.0107091831413664,1.0709290234268812e-05
2026-01-01 13:00:00,31,0.002539563104666,0.002539563104666,2.539588500551037e-06
2026-01-01 13:00:00,32,0.0,0.0,0.0
2026-01-01 13:00:00,33,0.0,0.0,0.0
2026-01-01 13:00:00,34,0.0,0.0,0.0
2026-01-01 13:00:00,35,0.0,0.0,0.0
2026-01-01 13:00:00,36,0.0,0.0,0.0
2026-01-01 13:15:00,0,0.1405140924473578,0.1405140924473578,0.0001405154976023
2026-01-01 13:15:00,1,0.1404197884362616,0.1404197884362616,0.0001404211926481
2026-01-01 13:15:00,2,0.1006740318947371,0.1006740318947371,0.0001006750386451
2026-01-01 13:15:00,3,0.0955693996498647,0.0955693996498647,9.557035535341824e-05
2026-01-01 13:15:00,4,0.0932111742646206,0.0932111742646206,9.321210638568448e-05
2026-01-01 13:15:00,5,0.0436656489748243,0.0436656489748243,4.366608563568071e-05
2026-01-01 13:15:00,6,0.0355683703157556,0.0355683703157556,3.55687260030157e-05
2026-01-01 13:15:00,7,0.0274414147431454,0.0274414147431454,2.7441689160037055e-05
2026-01-01 13:15:00,8,0.0251462368490007,0.0251462368490007,2.514648831388391e-05
2026-01-01 13:15:00,9,0.0228434656730224,0.0228434656730224,2.284369410996356e-05
2026-01-01 13:15:00,10,0.020876419600411,0.020876419600411,2.0876628366694704e-05
2026-01-01 13:15:00,11,0.0183329463878965,0.0183329463878965,1.833312971919377e-05
2026-01-01 13:15:00,12,0.015781006736886,0.015781006736886,1.578116454853154e-05
2026-01-01 13:15:00,13,0.010566645376698,0.010566645376698,1.05667510442085e-05
2026-01-01 13:15:00,14,0.0083479459924359,0.0083479459924359,8.348029472730694e-06
2026-01-01 13:15:00,15,0.0060047083166585,0.0060047083166585,6.00476836434216e-06
2026-01-01 13:15:00,16,0.0036613454486837,0.0036613454486837,3.6613820625043833e-06
2026-01-01 13:15:00,17,0.0103148221576555,0.0103148221576555,1.0314925306908575e-05
2026-01-01 13:15:00,18,0.0103265831411032,0.0103265831411032,1.0326686407967338e-05
2026-01-01 13:15:00,19,0.0068861830248495,0.0068861830248495,6.886251887368436e-06
2026-01-01 13:15:00,20,0.0034439303687839,0.0034439303687839,3.443964808432008e-06
2026-01-01 13:15:00,21,0.0366921226150012,0.0366921226150012,3.669248953989664e-05
2026-01-01 13:15:00,22,0.0330629182123309,0.0330629182123309,3.306324884481936e-05
2026-01-01 13:15:00,23,0.0165527042117296,0.0165527042117296,1.6552869740427024e-05
2026-01-01 13:15:00,24,0.0487826233213328,0.0487826233213328,4.878311115244433e-05
2026-01-01 13:15:00,25,0.0466297131073615,0.0466297131073615,4.663017940915561e-05
2026-01-01 13:15:00,26,0.0444934115146404,0.0444934115146404,4.4493856453204976e-05
2026-01-01 13:15:00,27,0.0425022638862255,0.0425022638862255,4.2502688913114686e-05
2026-01-01 13:15:00,28,0.0377240910598883,0.0377240910598883,3.7724468304571405e-05
2026-01-01 13:15:00,29,0.0174002298022823,0.0174002298022823,1.7400403806320395e-05
2026-01-01 13:15:00,30,0.0112730602255305,0.0112730602255305,1.1273172957260071e-05
2026-01-01 13:15:00,31,0.0026733050918167,0.0026733050918167,2.6733318251350493e-06
2026-01-01 13:15:00,32,0.0,0.0,0.0
2026-01-01 13:15:00,33,0.0,0.0,0.0
2026-01-01 13:15:00,34,0.0,0.0,0.0
2026-01-01 13:15:00,35,0.0,0.0,0.0
2026-01-01 13:15:00,36,0.0,0.0,0.0
2026-01-01 13:30:00,0,0.1419286532494421,0.1419286532494421,0.0001419300725501
2026-01-01 13:30:00,1,0.1408752203643167,0.1408752203643166,0.0001408766291306
2026-01-01 13:30:00,2,0.1010038997110592,0.1010038997110592,0.0001010049097601
2026-01-01 13:30:00,3,0.0958831739282054,0.0958831739282054,9.588413276953313e-05
2026-01-01 13:30:00,4,0.0935174713708391,0.0935174713708391,9.351840655490473e-05
2026-01-01 13:30:00,5,0.0438086914951924,0.0438086914951924,4.380912958648829e-05
2026-01-01 13:30:00,6,0.0356852595386329,0.0356852595386329,3.5685616394796907e-05
2026-01-01 13:30:00,7,0.0275319477353073,0.0275319477353073,2.7532223057537972e-05
2026-01-01 13:30:00,8,0.0252292900668465,0.0252292900668465,2.5229542362270128e-05
2026-01-01 13:30:00,9,0.0229189769702385,0.0229189769702385,2.2919206162300212e-05
2026-01-01 13:30:00,10,0.0209454804726195,0.0209454804726195,2.0945689929518816e-05
2026-01-01 13:30:00,11,0.0183936564506124,0.0183936564506124,1.8393840389016364e-05
2026-01-01 13:30:00,12,0.0158332950515368,0.0158332950515368,1.5833453386070714e-05
2026-01-01 13:30:00,13,0.0106016912089441,0.0106016912089441,1.060179722691646e-05
2026-01-01 13:30:00,14,0.0083756495890481,0.0083756495890481,8.37573334638164e-06
2026-01-01 13:30:00,15,0.0060246473627137,0.0060246473627137,6.024707609789833e-06
2026-01-01 13:30:00,16,0.0036735057005642,0.0036735057005642,3.673542435988612e-06
2026-01-01 13:30:00,17,0.0093699002074149,0.0093699002074149,9.369993907354018e-06
2026-01-01 13:30:00,18,0.0103589649612796,0.0103589649612797,1.035906855196522e-05
2026-01-01 13:30:00,19,0.0069077822824987,0.0069077822824987,6.907851361012325e-06
2026-01-01 13:30:00,20,0.003454735319063,0.003454735319063,3.454769866761739e-06
2026-01-01 13:30:00,21,0.0368081284433739,0.0368081284433739,3.680849652833927e-05
2026-01-01 13:30:00,22,0.0331675174334411,0.0331675174334411,3.3167849111932285e-05
2026-01-01 13:30:00,23,0.0166051403950072,0.0166051403950072,1.6605306448071737e-05
2026-01-01 13:30:00,24,0.0489433030117027,0.0489433030117027,4.894379244962728e-05
2026-01-01 13:30:00,25,0.046783439181105,0.046783439181105,4.6783907020175285e-05
2026-01-01 13:30:00,26,0.0446402229656918,0.0446402229656917,4.464066937238553e-05
2026-01-01 13:30:00,27,0.0426425687194292,0.0426425687194292,4.264299514938076e-05
2026-01-01 13:30:00,28,0.037848684456888,0.0378486844568881,3.7849062947517576e-05
2026-01-01 13:30:00,29,0.0174578196443703,0.0174578196443703,1.745799422431256e-05
2026-01-01 13:30:00,30,0.0113103819669949,0.0113103819669949,1.13104950719457e-05
2026-01-01 13:30:00,31,0.0026821572698615,0.0026821572698615,2.682184091702425e-06
2026-01-01 13:30:00,32,0.0,0.0,0.0
2026-01-01 13:30:00,33,0.0,0.0,0.0
2026-01-01 13:30:00,34,0.0,0.0,0.0
2026-01-01 13:30:00,35,0.0,0.0,0.0
2026-01-01 13:30:00,36,0.0,0.0,0.0
2026-01-01 13:45:00,0,0.1440998789015125,0.1440998789015125,0.0001441013199147
2026-01-01 13:45:00,1,0.1414528407673873,0.1414528407673873,0.0001414542553099
2026-01-01 13:45:00,2,0.1014223073108482,0.1014223073108482,0.000101423321544
2026-01-01 13:45:00,3,0.0962811755743129,0.0962811755743129,9.628213839569692e-05
2026-01-01 13:45:00,4,0.0939059917793417,0.0939059917793417,9.39069308486502e-05
2026-01-01 13:45:00,5,0.0439901275094457,0.0439901275094457,4.399056741511987e-05
2026-01-01 13:45:00,6,0.0358335269696929,0.0358335269696929,3.583388530854605e-05
2026-01-01 13:45:00,7,0.0276467879014101,0.0276467879014101,2.764706437205388e-05
2026-01-01 13:45:00,8,0.0253346433048044,0.0253346433048044,2.533489665377101e-05
2026-01-01 13:45:00,9,0.0230147640155254,0.0230147640155254,2.3014994165467144e-05
2026-01-01 13:45:00,10,0.0210330856855537,0.0210330856855537,2.1033296018513985e-05
2026-01-01 13:45:00,11,0.0184706692261723,0.0184706692261723,1.847085393471168e-05
2026-01-01 13:45:00,12,0.0158996248813983,0.0158996248813983,1.589978387923717e-05
2026-01-01 13:45:00,13,0.0106461486747246,0.0106461486747246,1.0646255137275975e-05
2026-01-01 13:45:00,14,0.0084107932464328,0.0084107932464328,8.410877355206387e-06
2026-01-01 13:45:00,15,0.0060499413580602,0.0060499413580602,6.050001858078783e-06
2026-01-01 13:45:00,16,0.0036889318178783,0.0036889318178783,3.688968707565391e-06
2026-01-01 13:45:00,17,0.0079234095405464,0.0079234095405464,7.92348877543421e-06
2026-01-01 13:45:00,18,0.0104001291849051,0.0104001291849051,1.0400233187236976e-05
2026-01-01 13:45:00,19,0.0069352396435676,0.0069352396435676,6.93530899665763e-06
2026-01-01 13:45:00,20,0.0034684708027122,0.0034684708027122,3.4685054877671027e-06
2026-01-01 13:45:00,21,0.0369552225279604,0.0369552225279604,3.695559208388127e-05
2026-01-01 13:45:00,22,0.0333001488182116,0.0333001488182116,3.330048182302985e-05
2026-01-01 13:45:00,23,0.0166716300359064,0.0166716300359064,1.6671796753874025e-05
2026-01-01 13:45:00,24,0.0491471204637337,0.0491471204637337,4.9147611939853095e-05
2026-01-01 13:45:00,25,0.046978437780415,0.046978437780415,4.6978907569490775e-05
2026-01-01 13:45:00,26,0.0448264520092069,0.0448264520092069,4.482690027820977e-05
2026-01-01 13:45:00,27,0.0428205449197784,0.0428205449197783,4.28209731295097e-05
2026-01-01 13:45:00,28,0.0380067314527773,0.0380067314527773,3.8007111523892616e-05
2026-01-01 13:45:00,29,0.0175308739330477,0.0175308739330477,1.7531049243540193e-05
2026-01-01 13:45:00,30,0.0113577257445053,0.0113577257445053,1.1357839322898592e-05
2026-01-01 13:45:00,31,0.0026933865494982,0.0026933865494982,2.69341348363305e-06
2026-01-01 13:45:00,32,0.0,0.0,0.0
2026-01-01 13:45:00,33,0.0,0.0,0.0
2026-01-01 13:45:00,34,0.0,0.0,0.0
2026-01-01 13:45:00,35,0.0,0.0,0.0
2026-01-01 13:45:00,36,0.0,0.0,0.0
2026-01-01 14:00:00,0,0.1494624956949033,0.1494624956949032,0.0001494639903348
2026-01-01 14:00:00,1,0.1449946048017928,0.1449946048017928,0.0001449960547623
2026-01-01 14:00:00,2,0.1039885127358415,0.1039885127358416,0.0001039895526313
2026-01-01 14:00:00,3,0.0987223511102601,0.09872235111026,9.872333834364356e-05
2026-01-01 14:00:00,4,0.0962890662488022,0.0962890662488022,9.629002914909376e-05
2026-01-01 14:00:00,5,0.0451029139091323,0.0451029139091323,4.510336494278175e-05
2026-01-01 14:00:00,6,0.0367429596475631,0.0367429596475631,3.6743327080833945e-05
2026-01-01 14:00:00,7,0.0283512592011994,0.0283512592011994,2.835154271662663e-05
2026-01-01 14:00:00,8,0.0259809374508037,0.0259809374508037,2.5981197262776423e-05
2026-01-01 14:00:00,9,0.0236023871982428,0.0236023871982428,2.360262322447514e-05
2026-01-01 14:00:00,10,0.0215705267321269,0.0215705267321269,2.1570742439551324e-05
2026-01-01 14:00:00,11,0.0189431409218772,0.0189431409218772,1.894333035518082e-05
2026-01-01 14:00:00,12,0.0163065630493988,0.0163065630493988,1.6306726116660027e-05
2026-01-01 14:00:00,13,0.0109189056587926,0.0109189056587926,1.0919014848941168e-05
2026-01-01 14:00:00,14,0.0086264112953267,0.0086264112953267,8.626497560302311e-06
2026-01-01 14:00:00,15,0.0062051309301085,0.0062051309301085,6.205192982038385e-06
2026-01-01 14:00:00,16,0.0037835782328501,0.0037835782328501,3.78361606901083e-06
2026-01-01 14:00:00,17,0.006774101977246,0.006774101977246,6.774169718943267e-06
2026-01-01 14:00:00,18,0.0106499727468976,0.0106499727468976,1.065007924769013e-05
2026-01-01 14:00:00,19,0.0071018909287229,0.0071018909287229,7.101961948342478e-06
2026-01-01 14:00:00,20,0.0035518380310002,0.0035518380310002,3.551873549735759e-06
2026-01-01 14:00:00,21,0.0378565417867382,0.0378565417867382,3.7856920355941826e-05
2026-01-01 14:00:00,22,0.0341128604031312,0.0341128604031312,3.41132015351466e-05
2026-01-01 14:00:00,23,0.0170790647112982,0.0170790647112982,1.7079235503653322e-05
2026-01-01 14:00:00,24,0.0503973569061193,0.0503973569061193,5.039786088472824e-05
2026-01-01 14:00:00,25,0.0481746065906002,0.0481746065906002,4.817508834148363e-05
2026-01-01 14:00:00,26,0.0459688524466824,0.0459688524466824,4.596931213980389e-05
2026-01-01 14:00:00,27,0.0439123323618371,0.043912332361837,4.3912771489552e-05
2026-01-01 14:00:00,28,0.0389762769311663,0.0389762769311663,3.897666669783329e-05
2026-01-01 14:00:00,29,0.0179790537221792,0.0179790537221792,1.7979233514514398e-05
2026-01-01 14:00:00,30,0.0116481767893696,0.0116481767893696,1.1648293272302364e-05
2026-01-01 14:00:00,31,0.0027622778106946,0.0027622778106946,2.762305433749032e-06
2026-01-01 14:00:00,32,0.0,0.0,0.0
2026-01-01 14:00:00,33,0.0,0.0,0.0
2026-01-01 14:00:00,34,0.0,0.0,0.0
2026-01-01 14:00:00,35,0.0,0.0,0.0
2026-01-01 14:00:00,36,0.0,0.0,0.0
2026-01-01 14:15:00,0,0.1616353602013168,0.1616353602013168,0.000161636976571
2026-01-01 14:15:00,1,0.1560790795992815,0.1560790795992815,0.0001560806404056
2026-01-01 14:15:00,2,0.1120287529883184,0.1120287529883184,0.000112029873287
2026-01-01 14:15:00,3,0.1063725062102168,0.1063725062102168,0.0001063735699459
2026-01-01 14:15:00,4,0.1037578399596224,0.1037578399596224,0.0001037588775483
2026-01-01 14:15:00,5,0.0485892942696873,0.0485892942696873,4.858978016748906e-05
2026-01-01 14:15:00,6,0.0395932328093276,0.0395932328093276,3.959362874561506e-05
2026-01-01 14:15:00,7,0.0305601103889007,0.0305601103889007,3.056041599306064e-05
2026-01-01 14:15:00,8,0.0280076265122451,0.0280076265122451,2.800790659131108e-05
2026-01-01 14:15:00,9,0.0254452663611883,0.0254452663611883,2.5445520816396484e-05
2026-01-01 14:15:00,10,0.0232561686342157,0.0232561686342157,2.325640119822772e-05
2026-01-01 14:15:00,11,0.0204251846946117,0.0204251846946117,2.0425388948501192e-05
2026-01-01 14:15:00,12,0.0175831220405276,0.0175831220405276,1.7583297873506362e-05
2026-01-01 14:15:00,13,0.0117746360686432,0.0117746360686432,1.1774753816181367e-05
2026-01-01 14:15:00,14,0.0093029230764239,0.0093029230764239,9.303016106585025e-06
2026-01-01 14:15:00,15,0.0066920780066007,0.0066920780066007,6.692144928050005e-06
2026-01-01 14:15:00,16,0.0040805626146178,0.0040805626146178,4.080603420652011e-06
2026-01-01 14:15:00,17,0.0068273859625285,0.0068273859625285,6.827454237070913e-06
2026-01-01 14:15:00,18,0.0114270153141684,0.0114270153141684,1.1427129585464296e-05
2026-01-01 14:15:00,19,0.0076202090771515,0.0076202090771515,7.6202852800044e-06
2026-01-01 14:15:00,20,0.0038111326465627,0.0038111326465627,3.8111707582703814e-06
2026-01-01 14:15:00,21,0.0406693339381851,0.0406693339381851,4.06697406355915e-05
2026-01-01 14:15:00,22,0.0366492965145153,0.0366492965145152,3.664966301114542e-05
2026-01-01 14:15:00,23,0.0183508221554399,0.0183508221554399,1.8351005665496644e-05
2026-01-01 14:15:00,24,0.0543167333148195,0.0543167333148195,5.431727648758447e-05
2026-01-01 14:15:00,25,0.0519248548286308,0.0519248548286308,5.192537408237163e-05
2026-01-01 14:15:00,26,0.0495508695301519,0.0495508695301519,4.9551365043802376e-05
2026-01-01 14:15:00,27,0.04733582357692,0.04733582357692,4.7336296939889454e-05
2026-01-01 14:15:00,28,0.042016626016186,0.042016626016186,4.201704618664796e-05
2026-01-01 14:15:00,29,0.0193848113923981,0.0193848113923981,1.938500524245057e-05
2026-01-01 14:15:00,30,0.0125592340976947,0.0125592340976947,1.2559359691291623e-05
2026-01-01 14:15:00,31,0.0029783734930389,0.0029783734930389,2.9784032770717183e-06
2026-01-01 14:15:00,32,0.0,0.0,0.0
2026-01-01 14:15:00,33,0.0,0.0,0.0
2026-01-01 14:15:00,34,0.0,0.0,0.0
2026-01-01 14:15:00,35,0.0,0.0,0.0
2026-01-01 14:15:00,36,0.0,0.0,0.0
2026-01-01 14:30:00,0,0.1506686855296569,0.1506686855296569,0.0001506701922315
2026-01-01 14:30:00,1,0.1457686181843575,0.1457686181843575,0.0001457700758851
2026-01-01 14:30:00,2,0.1045495137995416,0.1045495137995416,0.0001045505593051
2026-01-01 14:30:00,3,0.0992560535199918,0.0992560535199918,9.925704609045272e-05
2026-01-01 14:30:00,4,0.0968100807600436,0.0968100807600436,9.68110488705324e-05
2026-01-01 14:30:00,5,0.0453461787878245,0.0453461787878245,4.534663225414711e-05
2026-01-01 14:30:00,6,0.0369417906100537,0.0369417906100537,3.6942160031654086e-05
2026-01-01 14:30:00,7,0.0285052987856857,0.0285052987856857,2.8505583841524157e-05
2026-01-01 14:30:00,8,0.0261222612189438,0.0261222612189438,2.612252244416832e-05
2026-01-01 14:30:00,9,0.0237308851152383,0.0237308851152383,2.373112242646257e-05
2026-01-01 14:30:00,10,0.0216880540544366,0.0216880540544366,2.1688270937146003e-05
2026-01-01 14:30:00,11,0.0190464643466908,0.0190464643466908,1.904665481323896e-05
2026-01-01 14:30:00,12,0.0163955567235799,0.0163955567235799,1.6395720680786767e-05
2026-01-01 14:30:00,13,0.0109785571283796,0.0109785571283796,1.0978666915048808e-05
2026-01-01 14:30:00,14,0.0086735675375366,0.0086735675375366,8.67365427407938e-06
2026-01-01 14:30:00,15,0.0062390719391961,0.0062390719391961,6.239134330539444e-06
2026-01-01 14:30:00,16,0.0038042782104957,0.0038042782104957,3.804316253658253e-06
2026-01-01 14:30:00,17,0.0065608338513606,0.0065608338513606,6.56089946035521e-06
2026-01-01 14:30:00,18,0.0107045119150967,0.0107045119150967,1.0704618961286398e-05
2026-01-01 14:30:00,19,0.0071382700699729,0.0071382700699729,7.138341453387505e-06
2026-01-01 14:30:00,20,0.0035700368140243,0.0035700368140243,3.570072514749451e-06
2026-01-01 14:30:00,21,0.0380533486498193,0.0380533486498193,3.805372918711118e-05
2026-01-01 14:30:00,22,0.0342903228915796,0.0342903228915796,3.4290665798237606e-05
2026-01-01 14:30:00,23,0.0171680351455364,0.0171680351455364,1.7168206827604724e-05
2026-01-01 14:30:00,24,0.050670718748633,0.050670718748633,5.0671225460887674e-05
2026-01-01 14:30:00,25,0.0484361542832761,0.0484361542832761,4.843663864966264e-05
2026-01-01 14:30:00,26,0.0462186506261058,0.0462186506261058,4.621911281723399e-05
2026-01-01 14:30:00,27,0.0441510670169915,0.0441510670169915,4.4151508532076825e-05
2026-01-01 14:30:00,28,0.0391882850252737,0.0391882850252737,3.918867691204286e-05
2026-01-01 14:30:00,29,0.0180770629990047,0.0180770629990047,1.8077243771442417e-05
2026-01-01 14:30:00,30,0.0117116940965368,0.0117116940965368,1.1711811214648947e-05
2026-01-01 14:30:00,31,0.0027773433940356,0.0027773433940356,2.7773711677473185e-06
2026-01-01 14:30:00,32,0.0,0.0,0.0
2026-01-01 14:30:00,33,0.0,0.0,0.0
2026-01-01 14:30:00,34,0.0,0.0,0.0
2026-01-01 14:30:00,35,0.0,0.0,0.0
2026-01-01 14:30:00,36,0.0,0.0,0.0
2026-01-01 14:45:00,0,0.1631260189571104,0.1631260189571104,0.0001631276502336
2026-01-01 14:45:00,1,0.1575209936573819,0.1575209936573819,0.000157522568883
2026-01-01 14:45:00,2,0.1130756675861524,0.1130756675861524,0.0001130767983541
2026-01-01 14:45:00,3,0.1073688138278969,0.1073688138278969,0.0001073698875267
2026-01-01 14:45:00,4,0.1047306040266317,0.1047306040266318,0.0001047316513431
2026-01-01 14:45:00,5,0.0490432400238339,0.0490432400238339,4.9043730461138555e-05
2026-01-01 14:45:00,6,0.0399644673787591,0.0399644673787591,3.9964867027429424e-05
2026-01-01 14:45:00,7,0.0308479104231184,0.0308479104231184,3.084821890530752e-05
2026-01-01 14:45:00,8,0.028271720280174,0.028271720280174,2.827200300020407e-05
2026-01-01 14:45:00,9,0.0256854279365367,0.0256854279365367,2.568568479338464e-05
2026-01-01 14:45:00,10,0.0234758553110685,0.0234758553110685,2.347609007196929e-05
2026-01-01 14:45:00,11,0.0206183563937556,0.0206183563937556,2.061856257938146e-05
2026-01-01 14:45:00,12,0.0177495196220675,0.0177495196220675,1.7749697119038784e-05
2026-01-01 14:45:00,13,0.0118861901195108,0.0118861901195108,1.1886308982600705e-05
2026-01-01 14:45:00,14,0.0093911191180561,0.0093911191180561,9.391213030186438e-06
2026-01-01 14:45:00,15,0.0067555644015902,0.0067555644015902,6.755631957909803e-06
2026-01-01 14:45:00,16,0.0041192831543627,0.0041192831543627,4.1193243476062494e-06
2026-01-01 14:45:00,17,0.0068876462170047,0.0068876462170047,6.887715094155729e-06
2026-01-01 14:45:00,18,0.0115276674269433,0.0115276674269433,1.152778270477036e-05
2026-01-01 14:45:00,19,0.0076873495190682,0.0076873495190682,7.68742639333222e-06
2026-01-01 14:45:00,20,0.0038447211265239,0.0038447211265239,3.8447595741197e-06
2026-01-01 14:45:00,21,0.0410343278758274,0.0410343278758274,4.103473822320971e-05
2026-01-01 14:45:00,22,0.0369784485422422,0.0369784485422422,3.697881833042553e-05
2026-01-01 14:45:00,23,0.018515876787527,0.018515876787527,1.8516061948146523e-05
2026-01-01 14:45:00,24,0.0548273245593975,0.0548273245593975,5.482787283812596e-05
2026-01-01 14:45:00,25,0.0524134548026054,0.0524134548026054,5.2413978942394833e-05
2026-01-01 14:45:00,26,0.0500175904568195,0.0500175904568195,5.001809063772592e-05
2026-01-01 14:45:00,27,0.0477819087459941,0.0477819087459941,4.7782386569859854e-05
2026-01-01 14:45:00,28,0.0424128064110816,0.0424128064110816,4.2413230543387056e-05
2026-01-01 14:45:00,29,0.0195680299288022,0.0195680299288022,1.95682256110584e-05
2026-01-01 14:45:00,30,0.0126779796336685,0.0126779796336685,1.2678106414732731e-05
2026-01-01 14:45:00,31,0.0030065395257525,0.0030065395257525,3.006569591448435e-06
2026-01-01 14:45:00,32,0.0,0.0,0.0
2026-01-01 14:45:00,33,0.0,0.0,0.0
2026-01-01 14:45:00,34,0.0,0.0,0.0
2026-01-01 14:45:00,35,0.0,0.0,0.0
2026-01-01 14:45:00,36,0.0,0.0,0.0
2026-01-01 15:00:00,0,0.1528355069902828,0.1528355069902828,0.0001528370353606
2026-01-01 15:00:00,1,0.1459817934016488,0.1459817934016487,0.0001459832532341
2026-01-01 15:00:00,2,0.1047040650733909,0.1047040650733909,0.0001047051121245
2026-01-01 15:00:00,3,0.099403092231852,0.099403092231852,9.940408627271476e-05
2026-01-01 15:00:00,4,0.0969536272265549,0.0969536272265548,9.695459677252264e-05
2026-01-01 15:00:00,5,0.0454131957822245,0.0454131957822245,4.5413649918723704e-05
2026-01-01 15:00:00,6,0.0369965713249071,0.0369965713249071,3.6996941294320134e-05
2026-01-01 15:00:00,7,0.0285477433337227,0.0285477433337227,2.8548028814010865e-05
2026-01-01 15:00:00,8,0.0261612031872492,0.0261612031872492,2.6161464801897243e-05
2026-01-01 15:00:00,9,0.023766293714478,0.023766293714478,2.3766531379791872e-05
2026-01-01 15:00:00,10,0.0217204402820479,0.0217204402820479,2.172065748862279e-05
2026-01-01 15:00:00,11,0.01907493730123,0.01907493730123,1.9075128052510615e-05
2026-01-01 15:00:00,12,0.0164200811615195,0.0164200811615195,1.6420245363973228e-05
2026-01-01 15:00:00,13,0.0109949960343276,0.0109949960343276,1.099510598538753e-05
2026-01-01 15:00:00,14,0.008686563191234,0.008686563191234,8.686650057734609e-06
2026-01-01 15:00:00,15,0.0062484257840599,0.0062484257840599,6.248488268942599e-06
2026-01-01 15:00:00,16,0.00380998298165,0.00380998298165,3.8100210818608392e-06
2026-01-01 15:00:00,17,0.0058529980647197,0.0058529980647197,5.853056595285721e-06
2026-01-01 15:00:00,18,0.0107200578113966,0.0107200578113966,1.0720165013046773e-05
2026-01-01 15:00:00,19,0.0071486397855034,0.0071486397855034,7.148711272616159e-06
2026-01-01 15:00:00,20,0.0035752243775128,0.0035752243775128,3.5752601301141685e-06
2026-01-01 15:00:00,21,0.0381075137658872,0.0381075137658872,3.810789484483566e-05
2026-01-01 15:00:00,22,0.0343391649186065,0.0343391649186065,3.433950831368967e-05
2026-01-01 15:00:00,23,0.0171925228786649,0.0171925228786649,1.719269480561297e-05
2026-01-01 15:00:00,24,0.0507460383958112,0.0507460383958112,5.07465458612699e-05
2026-01-01 15:00:00,25,0.0485082205119002,0.0485082205119002,4.850870559895626e-05
2026-01-01 15:00:00,26,0.0462874810643081,0.0462874810643081,4.628794394374756e-05
2026-01-01 15:00:00,27,0.0442168497700926,0.0442168497700926,4.421729194301207e-05
2026-01-01 15:00:00,28,0.0392467040886785,0.0392467040886785,3.9247096559644184e-05
2026-01-01 15:00:00,29,0.018104071120026,0.018104071120026,1.810425216254772e-05
2026-01-01 15:00:00,30,0.0117291975067691,0.0117291975067691,1.1729314799917129e-05
2026-01-01 15:00:00,31,0.0027814950247381,0.0027814950247381,2.781522839966539e-06
2026-01-01 15:00:00,32,0.0,0.0,0.0
2026-01-01 15:00:00,33,0.0,0.0,0.0
2026-01-01 15:00:00,34,0.0,0.0,0.0
2026-01-01 15:00:00,35,0.0,0.0,0.0
2026-01-01 15:00:00,36,0.0,0.0,0.0
2026-01-01 15:15:00,0,0.1637255353594408,0.1637255353594408,0.0001637271726311
2026-01-01 15:15:00,1,0.1554383842537559,0.1554383842537559,0.0001554399386531
2026-01-01 15:15:00,2,0.1115636989477086,0.1115636989477086,0.0001115648145958
2026-01-01 15:15:00,3,0.1059299562757719,0.1059299562757719,0.0001059310155859
2026-01-01 15:15:00,4,0.1033257578444117,0.1033257578444118,0.0001033267911123
2026-01-01 15:15:00,5,0.0483876437788504,0.0483876437788504,4.838812766012704e-05
2026-01-01 15:15:00,6,0.039428338316188,0.039428338316188,3.942873260351408e-05
2026-01-01 15:15:00,7,0.0304322893351512,0.0304322893351513,3.0432593661087916e-05
2026-01-01 15:15:00,8,0.0278903377294785,0.0278903377294785,2.789061663564493e-05
2026-01-01 15:15:00,9,0.0253386087688467,0.0253386087688467,2.5338862157468363e-05
2026-01-01 15:15:00,10,0.0231586061156865,0.0231586061156865,2.3158837704063585e-05
2026-01-01 15:15:00,11,0.0203393999032346,0.0203393999032346,2.033960329926768e-05
2026-01-01 15:15:00,12,0.0175092284223654,0.0175092284223654,1.7509403516400633e-05
2026-01-01 15:15:00,13,0.0117250986394984,0.0117250986394984,1.1725215891657337e-05
2026-01-01 15:15:00,14,0.0092637587931436,0.0092637587931436,9.263851431658013e-06
2026-01-01 15:15:00,15,0.0066638867514624,0.0066638867514624,6.6639533909963926e-06
2026-01-01 15:15:00,16,0.0040633687726193,0.0040633687726193,4.063409406713412e-06
2026-01-01 15:15:00,17,0.0061912303142688,0.0061912303142688,6.191292227191106e-06
2026-01-01 15:15:00,18,0.0113831030621007,0.0113831030621007,1.138321689426968e-05
2026-01-01 15:15:00,19,0.0075909175785509,0.0075909175785509,7.590993488485805e-06
2026-01-01 15:15:00,20,0.0037964791023655,0.0037964791023655,3.796517067536232e-06
2026-01-01 15:15:00,21,0.0405070382424369,0.0405070382424369,4.0507443316870074e-05
2026-01-01 15:15:00,22,0.0365029405104901,0.0365029405104901,3.650330554354559e-05
2026-01-01 15:15:00,23,0.0182774338933277,0.0182774338933277,1.827761666949448e-05
2026-01-01 15:15:00,24,0.054089953610527,0.054089953610527,5.409049451547224e-05
2026-01-01 15:15:00,25,0.051707847850819,0.0517078478508191,5.170836493446845e-05
2026-01-01 15:15:00,26,0.0493435848149379,0.0493435848149379,4.934407825572053e-05
2026-01-01 15:15:00,27,0.0471377062740997,0.0471377062740997,4.713817765587628e-05
2026-01-01 15:15:00,28,0.0418406751098785,0.0418406751098785,4.184109352081372e-05
2026-01-01 15:15:00,29,0.0193034454276376,0.0193034454276376,1.9303638464022243e-05
2026-01-01 15:15:00,30,0.012506500544369,0.012506500544369,1.2506625610625167e-05
2026-01-01 15:15:00,31,0.0029658653412251,0.0029658653412251,2.965895000175129e-06
2026-01-01 15:15:00,32,0.0,0.0,0.0
2026-01-01 15:15:00,33,0.0,0.0,0.0
2026-01-01 15:15:00,34,0.0,0.0,0.0
2026-01-01 15:15:00,35,0.0,0.0,0.0
2026-01-01 15:15:00,36,0.0,0.0,0.0
2026-01-01 15:30:00,0,0.1720179668860161,0.1720179668860161,0.0001720196870828
2026-01-01 15:30:00,1,0.1605739780783426,0.1605739780783426,0.0001605755838341
2026-01-01 15:30:00,2,0.1152932054108841,0.1152932054108841,0.0001152943583544
2026-01-01 15:30:00,3,0.1094793220010908,0.1094793220010908,0.0001094804168052
2026-01-01 15:30:00,4,0.1067913084935114,0.1067913084935114,0.0001067923764172
2026-01-01 15:30:00,5,0.0500047606291641,0.0500047606291641,5.000526068177092e-05
2026-01-01 15:30:00,6,0.0407508938941071,0.0407508938941071,4.0751301407121216e-05
2026-01-01 15:30:00,7,0.0314576836002875,0.0314576836002875,3.145799818026935e-05
2026-01-01 15:30:00,8,0.0288312911086687,0.0288312911086687,2.8831579424462995e-05
2026-01-01 15:30:00,9,0.0261943078131994,0.0261943078131994,2.6194569758897055e-05
2026-01-01 15:30:00,10,0.0239413649640314,0.0239413649640314,2.3941604380075283e-05
2026-01-01 15:30:00,11,0.0210276989201158,0.0210276989201158,2.1027909199207845e-05
2026-01-01 15:30:00,12,0.0181021343557346,0.0181021343557346,1.810231537888841e-05
2026-01-01 15:30:00,13,0.012122594918193,0.012122594918193,1.2122716145354524e-05
2026-01-01 15:30:00,14,0.0095780282324014,0.0095780282324014,9.578124013641574e-06
2026-01-01 15:30:00,15,0.006890111030671,0.006890111030671,6.890179932470385e-06
2026-01-01 15:30:00,16,0.0042013441823131,0.0042013441823131,4.201386196175149e-06
2026-01-01 15:30:00,17,0.0075185749788712,0.0075185749788712,7.518650165372895e-06
2026-01-01 15:30:00,18,0.0117422723467558,0.0117422723467558,1.1742389770653594e-05
2026-01-01 15:30:00,19,0.007830504413255,0.007830504413255,7.830582719082285e-06
2026-01-01 15:30:00,20,0.0039163383112182,0.0039163383112182,3.9163774749930035e-06
2026-01-01 15:30:00,21,0.0418063332118172,0.0418063332118172,4.180675127933001e-05
2026-01-01 15:30:00,22,0.0376746605884166,0.0376746605884166,3.767503733879005e-05
2026-01-01 15:30:00,23,0.0188650123446464,0.0188650123446464,1.8865200996656435e-05
2026-01-01 15:30:00,24,0.0559090636535013,0.0559090636535013,5.590962274972888e-05
2026-01-01 15:30:00,25,0.0534486399947714,0.0534486399947715,5.344917448651637e-05
2026-01-01 15:30:00,26,0.0510064552587621,0.0510064552587621,5.1006965328415415e-05
2026-01-01 15:30:00,27,0.0487270687480504,0.0487270687480504,4.872755602361071e-05
2026-01-01 15:30:00,28,0.0432522459937895,0.0432522459937895,4.325267852057477e-05
2026-01-01 15:30:00,29,0.0199562723853905,0.0199562723853905,1.995647195011006e-05
2026-01-01 15:30:00,30,0.012929606054136,0.012929606054136,1.2929735351489598e-05
2026-01-01 15:30:00,31,0.0030662249087532,0.0030662249087532,3.0662555713089625e-06
2026-01-01 15:30:00,32,0.0,0.0,0.0
2026-01-01 15:30:00,33,0.0,0.0,0.0
2026-01-01 15:30:00,34,0.0,0.0,0.0
2026-01-01 15:30:00,35,0.0,0.0,0.0
2026-01-01 15:30:00,36,0.0,0.0,0.0
2026-01-01 15:45:00,0,0.1792216419397926,0.1792216419397926,0.0001792234341741
2026-01-01 15:45:00,1,0.1653922080076765,0.1653922080076765,0.0001653938619462
2026-01-01 15:45:00,2,0.1187949391986249,0.1187949391986249,0.0001187961271598
2026-01-01 15:45:00,3,0.1128124133115557,0.1128124133115557,0.0001128135414469
2026-01-01 15:45:00,4,0.1100459016052073,0.1100459016052073,0.0001100470020752
2026-01-01 15:45:00,5,0.0515230770779232,0.0515230770779232,5.152359231384637e-05
2026-01-01 15:45:00,6,0.0419929505240955,0.0419929505240955,4.199337045780014e-05
2026-01-01 15:45:00,7,0.0324209553657392,0.0324209553657392,3.242127957853507e-05
2026-01-01 15:45:00,8,0.0297153140577221,0.0297153140577221,2.971561121383432e-05
2026-01-01 15:45:00,9,0.0269982876275593,0.0269982876275593,2.6998557613135483e-05
2026-01-01 15:45:00,10,0.024676856392484,0.024676856392484,2.467710316351573e-05
2026-01-01 15:45:00,11,0.0216744873403797,0.0216744873403797,2.167470408742065e-05
2026-01-01 15:45:00,12,0.01865930718065,0.01865930718065,1.865949377558781e-05
2026-01-01 15:45:00,13,0.012496164277659,0.012496164277659,1.2496289240551496e-05
2026-01-01 15:45:00,14,0.0098733944081678,0.0098733944081678,9.87349314309925e-06
2026-01-01 15:45:00,15,0.0071027378796133,0.0071027378796133,7.102808907702433e-06
2026-01-01 15:45:00,16,0.0043310285875691,0.004331028587569,4.331071898288082e-06
2026-01-01 15:45:00,17,0.0092845486376823,0.0092845486376823,9.284641484097176e-06
2026-01-01 15:45:00,18,0.012078034607959,0.012078034607959,1.2078155389512948e-05
2026-01-01 15:45:00,19,0.0080544813555451,0.0080544813555451,8.054561901164164e-06
2026-01-01 15:45:00,20,0.0040283901393096,0.0040283901393096,4.02843042361393e-06
2026-01-01 15:45:00,21,0.0430229074147502,0.0430229074147502,4.3023337648126755e-05
2026-01-01 15:45:00,22,0.0387718313841784,0.0387718313841784,3.877221910636948e-05
2026-01-01 15:45:00,23,0.0194152579699106,0.0194152579699106,1.9415452124431863e-05
2026-01-01 15:45:00,24,0.0576177496857476,0.0576177496857476,5.761832586900631e-05
2026-01-01 15:45:00,25,0.0550838740406471,0.0550838740406471,5.508442488489596e-05
2026-01-01 15:45:00,26,0.0525685970742045,0.0525685970742045,5.25691227654322e-05
2026-01-01 15:45:00,27,0.050220207689299,0.050220207689299,5.022070989639799e-05
2026-01-01 15:45:00,28,0.0445784087284108,0.0445784087284108,4.4578854516955966e-05
2026-01-01 15:45:00,29,0.0205697012267628,0.0205697012267628,2.056990692583211e-05
2026-01-01 15:45:00,30,0.0133271864628965,0.0133271864628965,1.332731973609393e-05
2026-01-01 15:45:00,31,0.0031605313841241,0.0031605313841241,3.1605629897540645e-06
2026-01-01 15:45:00,32,0.0,0.0,0.0
2026-01-01 15:45:00,33,0.0,0.0,0.0
2026-01-01 15:45:00,34,0.0,0.0,0.0
2026-01-01 15:45:00,35,0.0,0.0,0.0
2026-01-01 15:45:00,36,0.0,0.0,0.0
2026-01-01 16:00:00,0,0.1838335489444645,0.1838335489444645,0.0001838353872983
2026-01-01 16:00:00,1,0.1686677561857747,0.1686677561857747,0.0001686694428802
2026-01-01 16:00:00,2,0.1211770023068035,0.1211770023068036,0.0001211782140889
2026-01-01 16:00:00,3,0.1150800324865639,0.1150800324865639,0.0001150811832983
2026-01-01 16:00:00,4,0.1122602321494065,0.1122602321494065,0.0001122613547629
2026-01-01 16:00:00,5,0.05255589412037,0.05255589412037,5.255641968456686e-05
2026-01-01 16:00:00,6,0.0428380145830632,0.0428380145830632,4.2838442967492906e-05
2026-01-01 16:00:00,7,0.0330765023369467,0.0330765023369467,3.307683310527784e-05
2026-01-01 16:00:00,8,0.0303169713719593,0.0303169713719593,3.031727454470475e-05
2026-01-01 16:00:00,9,0.0275454979436647,0.0275454979436647,2.7545773401398725e-05
2026-01-01 16:00:00,10,0.0251774757668276,0.0251774757668276,2.51777275441031e-05
2026-01-01 16:00:00,11,0.0221147595907613,0.0221147595907613,2.2114980740568732e-05
2026-01-01 16:00:00,12,0.0190385912809168,0.0190385912809168,1.903878166873351e-05
2026-01-01 16:00:00,13,0.0127504803749865,0.0127504803749865,1.275060788106541e-05
2026-01-01 16:00:00,14,0.0100744796000904,0.0100744796000904,1.0074580345893916e-05
2026-01-01 16:00:00,15,0.0072474997193306,0.0072474997193306,7.247572195052627e-06
2026-01-01 16:00:00,16,0.0044193222606148,0.0044193222606148,4.419366454279379e-06
2026-01-01 16:00:00,17,0.0104100139654575,0.0104100139654575,1.0410118066638242e-05
2026-01-01 16:00:00,18,0.0123056270502662,0.0123056270502662,1.2305750107767333e-05
2026-01-01 16:00:00,19,0.0082063036275151,0.0082063036275151,8.206385691372023e-06
2026-01-01 16:00:00,20,0.004104345239648,0.004104345239648,4.10438628351085e-06
2026-01-01 16:00:00,21,0.0438486135205581,0.0438486135205581,4.3849052011078305e-05
2026-01-01 16:00:00,22,0.0395165239263119,0.0395165239263119,3.951691909550289e-05
2026-01-01 16:00:00,23,0.0197887593454926,0.0197887593454926,1.9788957235064987e-05
2026-01-01 16:00:00,24,0.0587804626933773,0.0587804626933773,5.87810505038824e-05
2026-01-01 16:00:00,25,0.056196667249305,0.056196667249305,5.619722922159726e-05
2026-01-01 16:00:00,26,0.0536317083851782,0.0536317083851782,5.36322447076253e-05
2026-01-01 16:00:00,27,0.0512363884362051,0.0512363884362051,5.1236900805213214e-05
2026-01-01 16:00:00,28,0.0454809797618666,0.0454809797618666,4.548143457621238e-05
2026-01-01 16:00:00,29,0.0209872504816486,0.0209872504816486,2.09874603562522e-05
2026-01-01 16:00:00,30,0.0135978170311359,0.0135978170311359,1.3597953010666016e-05
2026-01-01 16:00:00,31,0.0032247260090438,0.0032247260090438,3.2247582566264446e-06
2026-01-01 16:00:00,32,0.0,0.0,0.0
2026-01-01 16:00:00,33,0.0,0.0,0.0
2026-01-01 16:00:00,34,0.0,0.0,0.0
2026-01-01 16:00:00,35,0.0,0.0,0.0
2026-01-01 16:00:00,36,0.0,0.0,0.0
2026-01-01 16:15:00,0,0.1881431688754933,0.1881431688754933,0.0001881450503259
2026-01-01 16:15:00,1,0.1717080207860117,0.1717080207860117,0.0001717097378833
2026-01-01 16:15:00,2,0.1233890581723156,0.1233890581723156,0.0001233902920752
2026-01-01 16:15:00,3,0.117186013416545,0.117186013416545,0.0001171871852883
2026-01-01 16:15:00,4,0.1143168079699692,0.1143168079699693,0.0001143179511494
2026-01-01 16:15:00,5,0.053514983283319,0.053514983283319,5.351551843850344e-05
2026-01-01 16:15:00,6,0.0436228776165365,0.0436228776165365,4.362331384967505e-05
2026-01-01 16:15:00,7,0.0336854671128193,0.0336854671128194,3.368580397085911e-05
2026-01-01 16:15:00,8,0.0308759069251778,0.0308759069251778,3.0876215687334706e-05
2026-01-01 16:15:00,9,0.0280538742670685,0.0280538742670685,2.805415480861665e-05
2026-01-01 16:15:00,10,0.0256425852313853,0.0256425852313853,2.5642841659801983e-05
2026-01-01 16:15:00,11,0.0225238240379234,0.0225238240379234,2.2524049278416207e-05
2026-01-01 16:15:00,12,0.0193910006019935,0.0193910006019935,1.9391194513938713e-05
2026-01-01 16:15:00,13,0.0129867884750553,0.0129867884750553,1.2986918344238823e-05
2026-01-01 16:15:00,14,0.0102613317281993,0.0102613317281993,1.026143434254273e-05
2026-01-01 16:15:00,15,0.0073820192031398,0.0073820192031398,7.382093024070042e-06
2026-01-01 16:15:00,16,0.0045013697500905,0.0045013697500905,4.501414764238172e-06
2026-01-01 16:15:00,17,0.0115376449461571,0.0115376449461571,1.153776032376041e-05
2026-01-01 16:15:00,18,0.0125164613133468,0.0125164613133468,1.2516586479211688e-05
2026-01-01 16:15:00,19,0.0083469484520701,0.0083469484520701,8.347031922389362e-06
2026-01-01 16:15:00,20,0.0041747091248714,0.0041747091248714,4.174750872380208e-06
2026-01-01 16:15:00,21,0.0446140216372814,0.0446140216372814,4.461446778195928e-05
2026-01-01 16:15:00,22,0.0402068543590657,0.0402068543590657,4.020725643163005e-05
2026-01-01 16:15:00,23,0.0201350158864546,0.0201350158864546,2.0135217238627033e-05
2026-01-01 16:15:00,24,0.0598604673735758,0.0598604673735758,5.986106598423572e-05
2026-01-01 16:15:00,25,0.0572303486344344,0.0572303486344344,5.723092094364387e-05
2026-01-01 16:15:00,26,0.0546192824154707,0.0546192824154707,5.46198286137569e-05
2026-01-01 16:15:00,27,0.0521803878034266,0.0521803878034266,5.218090961252279e-05
2026-01-01 16:15:00,28,0.0463194603926333,0.0463194603926333,4.631992359186924e-05
2026-01-01 16:15:00,29,0.0213751916353283,0.0213751916353283,2.137540538938223e-05
2026-01-01 16:15:00,30,0.0138492612043192,0.0138492612043192,1.3849399698316234e-05
2026-01-01 16:15:00,31,0.0032843701180992,0.0032843701180992,3.2844029621288733e-06
2026-01-01 16:15:00,32,0.0,0.0,0.0
2026-01-01 16:15:00,33,0.0,0.0,0.0
2026-01-01 16:15:00,34,0.0,0.0,0.0
2026-01-01 16:15:00,35,0.0,0.0,0.0
2026-01-01 16:15:00,36,0.0,0.0,0.0
2026-01-01 16:30:00,0,0.1825868838030291,0.1825868838030291,0.0001825887096901
2026-01-01 16:30:00,1,0.1682015949669114,0.1682015949669114,0.0001682032769996
2026-01-01 16:30:00,2,0.1208379098190365,0.1208379098190365,0.0001208391182102
2026-01-01 16:30:00,3,0.1147572151975451,0.1147572151975451,0.0001147583627811
2026-01-01 16:30:00,4,0.1119449941773049,0.1119449941773049,0.0001119461136384
2026-01-01 16:30:00,5,0.0524088713233858,0.0524088713233858,5.2409395417340065e-05
2026-01-01 16:30:00,6,0.0427177087406889,0.0427177087406889,4.27181359220482e-05
2026-01-01 16:30:00,7,0.032983167298568,0.032983167298568,3.298349713353943e-05
2026-01-01 16:30:00,8,0.0302313065191571,0.0302313065191571,3.0231608835245548e-05
2026-01-01 16:30:00,9,0.0274675836097164,0.0274675836097164,2.7467858288299312e-05
2026-01-01 16:30:00,10,0.0251061938612815,0.0251061938612815,2.5106444925730773e-05
2026-01-01 16:30:00,11,0.0220520686409329,0.0220520686409329,2.205228916382457e-05
2026-01-01 16:30:00,12,0.0189845837196967,0.0189845837196966,1.8984773567432377e-05
2026-01-01 16:30:00,13,0.0127142664843881,0.0127142664843881,1.271439362832442e-05
2026-01-01 16:30:00,14,0.0100458451884435,0.0100458451884435,1.0045945647900058e-05
2026-01-01 16:30:00,15,0.0072268853964436,0.0072268853964436,7.226957666020278e-06
2026-01-01 16:30:00,16,0.0044067490279233,0.0044067490279233,4.406793095854319e-06
2026-01-01 16:30:00,17,0.0097205464778914,0.0097205464778914,9.720643684328253e-06
2026-01-01 16:30:00,18,0.0122730750071085,0.0122730750071085,1.227319773908594e-05
2026-01-01 16:30:00,19,0.0081845886520326,0.0081845886520326,8.184670498737686e-06
2026-01-01 16:30:00,20,0.0040934813832128,0.0040934813832128,4.093522318436006e-06
2026-01-01 16:30:00,21,0.0437311819416407,0.0437311819416407,4.373161925783331e-05
2026-01-01 16:30:00,22,0.0394106124436545,0.0394106124436545,3.941100655372008e-05
2026-01-01 16:30:00,23,0.0197356376447541,0.0197356376447541,1.9735835003104204e-05
2026-01-01 16:30:00,24,0.0586149256921268,0.0586149256921269,5.861551184724538e-05
2026-01-01 16:30:00,25,0.0560382337582011,0.0560382337582011,5.6038794146142626e-05
2026-01-01 16:30:00,26,0.0534803449382043,0.0534803449382043,5.348087974700181e-05
2026-01-01 16:30:00,27,0.0510917051577411,0.0510917051577411,5.109221607990193e-05
2026-01-01 16:30:00,28,0.045352470498417,0.045352470498417,4.535292402765731e-05
2026-01-01 16:30:00,29,0.0209277959599305,0.0209277959599305,2.0928005239982968e-05
2026-01-01 16:30:00,30,0.0135592818466226,0.0135592818466226,1.3559417440797065e-05
2026-01-01 16:30:00,31,0.0032155852677338,0.0032155852677338,3.2156174239081023e-06
2026-01-01 16:30:00,32,0.0,0.0,0.0
2026-01-01 16:30:00,33,0.0,0.0,0.0
2026-01-01 16:30:00,34,0.0,0.0,0.0
2026-01-01 16:30:00,35,0.0,0.0,0.0
2026-01-01 16:30:00,36,0.0,0.0,0.0
2026-01-01 16:45:00,0,0.1885442752147273,0.1885442752147273,0.0001885461606763
2026-01-01 16:45:00,1,0.170054894137063,0.1700548941370629,0.000170056594703
2026-01-01 16:45:00,2,0.1221861974265767,0.1221861974265768,0.0001221874193007
2026-01-01 16:45:00,3,0.1160408212700966,0.1160408212700966,0.0001160419816899
2026-01-01 16:45:00,4,0.1131984761373656,0.1131984761373656,0.0001131996081334
2026-01-01 16:45:00,5,0.052993455785396,0.0529934557853961,5.299398572525336e-05
2026-01-01 16:45:00,6,0.043196081870612,0.043196081870612,4.319651383575043e-05
2026-01-01 16:45:00,7,0.0333543144690247,0.0333543144690247,3.335464801550489e-05
2026-01-01 16:45:00,8,0.0305719579813252,0.0305719579813252,3.057226370396229e-05
2026-01-01 16:45:00,9,0.0277774180153717,0.0277774180153717,2.777769579232969e-05
2026-01-01 16:45:00,10,0.0253896564590162,0.0253896564590162,2.5389910358119848e-05
2026-01-01 16:45:00,11,0.0223013714196687,0.0223013714196687,2.2301594435613063e-05
2026-01-01 16:45:00,12,0.0191993568564336,0.0191993568564336,1.9199548851922183e-05
2026-01-01 16:45:00,13,0.0128582809617359,0.0128582809617359,1.2858409545831374e-05
2026-01-01 16:45:00,14,0.0101597186634107,0.0101597186634107,1.0159820261613356e-05
2026-01-01 16:45:00,15,0.0073088651693684,0.0073088651693684,7.308938258751049e-06
2026-01-01 16:45:00,16,0.0044567508415651,0.0044567508415651,4.456795409519291e-06
2026-01-01 16:45:00,17,0.0136350970019802,0.0136350970019802,1.3635233354313816e-05
2026-01-01 16:45:00,18,0.0124027628266154,0.0124027628266154,1.2402886855483993e-05
2026-01-01 16:45:00,19,0.0082711017617884,0.0082711017617884,8.271184473633215e-06
2026-01-01 16:45:00,20,0.0041367634644758,0.0041367634644758,4.136804832524151e-06
2026-01-01 16:45:00,21,0.0441978965799692,0.0441978965799692,4.419833856335489e-05
2026-01-01 16:45:00,22,0.0398315452693505,0.0398315452693505,3.983194358878647e-05
2026-01-01 16:45:00,23,0.0199467668849919,0.0199467668849919,1.994696635465552e-05
2026-01-01 16:45:00,24,0.0592731706956353,0.0592731706956353,5.9273763433269686e-05
2026-01-01 16:45:00,25,0.0566682392655687,0.0566682392655687,5.666880595362828e-05
2026-01-01 16:45:00,26,0.0540822432406787,0.0540822432406787,5.4082784068519395e-05
2026-01-01 16:45:00,27,0.0516670430056673,0.0516670430056673,5.166755968126419e-05
2026-01-01 16:45:00,28,0.0458634950956277,0.0458634950956277,4.58639537351651e-05
2026-01-01 16:45:00,29,0.0211642267590574,0.0211642267590574,2.1164438403441506e-05
2026-01-01 16:45:00,30,0.0137125240093468,0.0137125240093468,1.3712661135958204e-05
2026-01-01 16:45:00,31,0.0032519351746578,0.0032519351746578,3.2519676943347977e-06
2026-01-01 16:45:00,32,0.0,0.0,0.0
2026-01-01 16:45:00,33,0.0,0.0,0.0
2026-01-01 16:45:00,34,0.0,0.0,0.0
2026-01-01 16:45:00,35,0.0,0.0,0.0
2026-01-01 16:45:00,36,0.0,0.0,0.0
2026-01-01 17:00:00,0,0.1983382126712716,0.1983382126712717,0.0001983401960732
2026-01-01 17:00:00,1,0.1793765490533743,0.1793765490533743,0.0001793783428368
2026-01-01 17:00:00,2,0.1289732769628227,0.1289732769628227,0.0001289745667084
2026-01-01 17:00:00,3,0.1225033121461115,0.1225033121461115,0.0001225045371914
2026-01-01 17:00:00,4,0.1195097299668994,0.1195097299668994,0.0001195109250761
2026-01-01 17:00:00,5,0.0559360832416639,0.0559360832416639,5.5936642608090005e-05
2026-01-01 17:00:00,6,0.0456046981391478,0.0456046981391478,4.560515419068979e-05
2026-01-01 17:00:00,7,0.0352236416588924,0.0352236416588924,3.522399389883139e-05
2026-01-01 17:00:00,8,0.0322878471199529,0.0322878471199529,3.2288170001653e-05
2026-01-01 17:00:00,9,0.0293381887317065,0.0293381887317065,2.9338482116527696e-05
2026-01-01 17:00:00,10,0.0268176702499764,0.0268176702499764,2.681793842936078e-05
2026-01-01 17:00:00,11,0.0235574057528066,0.0235574057528066,2.3557641329219963e-05
2026-01-01 17:00:00,12,0.0202814750117592,0.0202814750117592,2.028167782853757e-05
2026-01-01 17:00:00,13,0.0135839477276747,0.0135839477276747,1.358408356851047e-05
2026-01-01 17:00:00,14,0.0107335383837348,0.0107335383837348,1.0733645720192004e-05
2026-01-01 17:00:00,15,0.0077219899970525,0.0077219899970525,7.722067217724686e-06
2026-01-01 17:00:00,16,0.0047087319561732,0.0047087319561732,4.708779043963657e-06
2026-01-01 17:00:00,17,0.0138447234816799,0.0138447234816799,1.3844861930299247e-05
2026-01-01 17:00:00,18,0.0130462243587494,0.0130462243587494,1.3046354822297686e-05
2026-01-01 17:00:00,19,0.0087003532328638,0.0087003532328638,8.700440237266219e-06
2026-01-01 17:00:00,20,0.0043515188488763,0.0043515188488763,4.3515623645000385e-06
2026-01-01 17:00:00,21,0.046540396954304,0.046540396954304,4.654086236292772e-05
2026-01-01 17:00:00,22,0.0419443585411701,0.0419443585411701,4.194477798895002e-05
2026-01-01 17:00:00,23,0.0210066020269701,0.0210066020269701,2.100681209509111e-05
2026-01-01 17:00:00,24,0.0625880575935827,0.0625880575935827,6.258868348041752e-05
2026-01-01 17:00:00,25,0.0598411429805511,0.0598411429805511,5.984174139796509e-05
2026-01-01 17:00:00,26,0.0571138047161132,0.0571138047161132,5.711437585987186e-05
2026-01-01 17:00:00,27,0.0545649361384496,0.0545649361384496,5.4565481793267584e-05
2026-01-01 17:00:00,28,0.0484375581530896,0.0484375581530896,4.8438042533515006e-05
2026-01-01 17:00:00,29,0.0223553539268157,0.0223553539268157,2.2355577482590537e-05
2026-01-01 17:00:00,30,0.0144845700825787,0.0144845700825787,1.4484714929728015e-05
2026-01-01 17:00:00,31,0.0034350717627784,0.0034350717627784,3.4351061138396294e-06
2026-01-01 17:00:00,32,0.0,0.0,0.0
2026-01-01 17:00:00,33,0.0,0.0,0.0
2026-01-01 17:00:00,34,0.0,0.0,0.0
2026-01-01 17:00:00,35,0.0,0.0,0.0
2026-01-01 17:00:00,36,0.0,0.0,0.0
2026-01-01 17:15:00,0,0.1970389881732936,0.1970389881732936,0.0001970409585828
2026-01-01 17:15:00,1,0.1759180777351405,0.1759180777351405,0.0001759198369335
2026-01-01 17:15:00,2,0.1264540625807232,0.1264540625807232,0.0001264553271339
2026-01-01 17:15:00,3,0.1201043754285532,0.1201043754285533,0.0001201055764843
2026-01-01 17:15:00,4,0.1171668481357869,0.1171668481357869,0.0001171680198159
2026-01-01 17:15:00,5,0.0548438617278208,0.0548438617278208,5.484441017192253e-05
2026-01-01 17:15:00,6,0.0447105610099963,0.0447105610099963,4.471100812007757e-05
2026-01-01 17:15:00,7,0.0345295822333028,0.0345295822333028,3.452992753257821e-05
2026-01-01 17:15:00,8,0.0316507258840474,0.0316507258840474,3.165104239447144e-05
2026-01-01 17:15:00,9,0.0287586420060768,0.0287586420060768,2.875892959537283e-05
2026-01-01 17:15:00,10,0.0262874009996907,0.0262874009996907,2.6287663876329497e-05
2026-01-01 17:15:00,11,0.0230909763052032,0.0230909763052032,2.3091207217275412e-05
2026-01-01 17:15:00,12,0.0198796193375256,0.0198796193375256,1.9879818135707046e-05
2026-01-01 17:15:00,13,0.0133144517282196,0.0133144517282196,1.3314584874068434e-05
2026-01-01 17:15:00,14,0.0105204291031213,0.0105204291031213,1.0520534308464468e-05
2026-01-01 17:15:00,15,0.0075685566050579,0.0075685566050579,7.568632291380862e-06
2026-01-01 17:15:00,16,0.0046151459854934,0.0046151459854934,4.615192137414853e-06
2026-01-01 17:15:00,17,0.0162084138920034,0.0162084138920034,1.620857597776322e-05
2026-01-01 17:15:00,18,0.0128087267335737,0.0128087267335737,1.2808854822121931e-05
2026-01-01 17:15:00,19,0.0085419178201188,0.0085419178201188,8.542003240151297e-06
2026-01-01 17:15:00,20,0.0042722526428241,0.0042722526428241,4.272295365777829e-06
2026-01-01 17:15:00,21,0.045672292290667,0.045672292290667,4.5672749018157216e-05
2026-01-01 17:15:00,22,0.0411613537281107,0.0411613537281107,4.1161765345764176e-05
2026-01-01 17:15:00,23,0.020613808599912,0.020613808599912,2.0614014740059484e-05
2026-01-01 17:15:00,24,0.0613573676238744,0.0613573676238744,6.135798120368646e-05
2026-01-01 17:15:00,25,0.0586631198444874,0.0586631198444874,5.866370648155226e-05
2026-01-01 17:15:00,26,0.0559882155111451,0.0559882155111451,5.598877539889914e-05
2026-01-01 17:15:00,27,0.0534889550366435,0.0534889550366435,5.348948993154288e-05
2026-01-01 17:15:00,28,0.0474817930864395,0.0474817930864396,4.748226790911869e-05
2026-01-01 17:15:00,29,0.0219130390057266,0.0219130390057266,2.1913258138307992e-05
2026-01-01 17:15:00,30,0.0141978734794327,0.0141978734794327,1.4198015459587315e-05
2026-01-01 17:15:00,31,0.0033670640514426,0.0033670640514426,3.367097722419851e-06
2026-01-01 17:15:00,32,0.0,0.0,0.0
2026-01-01 17:15:00,33,0.0,0.0,0.0
2026-01-01 17:15:00,34,0.0,0.0,0.0
2026-01-01 17:15:00,35,0.0,0.0,0.0
2026-01-01 17:15:00,36,0.0,0.0,0.0
2026-01-01 17:30:00,0,0.191678047472014,0.191678047472014,0.0001916799642716
2026-01-01 17:30:00,1,0.1720368823822549,0.1720368823822549,0.0001720386027682
2026-01-01 17:30:00,2,0.1236284693538662,0.1236284693538662,0.0001236297056509
2026-01-01 17:30:00,3,0.117413969138911,0.117413969138911,0.0001174151432903
2026-01-01 17:30:00,4,0.1145394265320935,0.1145394265320935,0.0001145405719378
2026-01-01 17:30:00,5,0.0536187839369318,0.0536187839369317,5.36193201301331e-05
2026-01-01 17:30:00,6,0.0437078372566771,0.0437078372566771,4.370827433942055e-05
2026-01-01 17:30:00,7,0.0337514005501844,0.0337514005501845,3.3751738067565184e-05
2026-01-01 17:30:00,8,0.0309364274119221,0.0309364274119221,3.093673677928994e-05
2026-01-01 17:30:00,9,0.0281089229178215,0.0281089229178215,2.8109204009861625e-05
2026-01-01 17:30:00,10,0.0256929509400393,0.0256929509400393,2.5693207872118108e-05
2026-01-01 17:30:00,11,0.0225681233566067,0.0225681233566067,2.2568349040097116e-05
2026-01-01 17:30:00,12,0.0194291657005651,0.0194291657005651,1.9429359994165076e-05
2026-01-01 17:30:00,13,0.0130123815239937,0.0130123815239937,1.3012511649110265e-05
2026-01-01 17:30:00,14,0.0102815691927853,0.0102815691927853,1.028167200950541e-05
2026-01-01 17:30:00,15,0.0073965891437654,0.0073965891437654,7.396663110396534e-06
2026-01-01 17:30:00,16,0.0045102565008968,0.0045102565008968,4.510301603912927e-06
2026-01-01 17:30:00,17,0.0147712441490215,0.0147712441490215,1.4771391862940152e-05
2026-01-01 17:30:00,18,0.0125402484982641,0.0125402484982641,1.2540373902003148e-05
2026-01-01 17:30:00,19,0.0083628170125056,0.0083628170125056,8.362900641512074e-06
2026-01-01 17:30:00,20,0.0041826482880809,0.0041826482880809,4.182690114982126e-06
2026-01-01 17:30:00,21,0.0446966927452807,0.0446966927452807,4.469713971667789e-05
2026-01-01 17:30:00,22,0.0402814189814058,0.0402814189814058,4.028182179962388e-05
2026-01-01 17:30:00,23,0.0201724187562657,0.0201724187562656,2.0172620482470524e-05
2026-01-01 17:30:00,24,0.0599773902734514,0.0599773902734514,5.9977990053351976e-05
2026-01-01 17:30:00,25,0.0573422620781446,0.0573422620781446,5.7342835506499734e-05
2026-01-01 17:30:00,26,0.0547262091581448,0.0547262091581448,5.472675642570912e-05
2026-01-01 17:30:00,27,0.0522825992187307,0.0522825992187307,5.2283122049951235e-05
2026-01-01 17:30:00,28,0.046410249325781,0.046410249325781,4.641071343291537e-05
2026-01-01 17:30:00,29,0.0214172021078295,0.0214172021078295,2.1417416281992325e-05
2026-01-01 17:30:00,30,0.0138764907636751,0.0138764907636751,1.387662952997042e-05
2026-01-01 17:30:00,31,0.0032908292063755,0.0032908292063755,3.2908621149966902e-06
2026-01-01 17:30:00,32,0.0,0.0,0.0
2026-01-01 17:30:00,33,0.0,0.0,0.0
2026-01-01 17:30:00,34,0.0,0.0,0.0
2026-01-01 17:30:00,35,0.0,0.0,0.0
2026-01-01 17:30:00,36,0.0,0.0,0.0
2026-01-01 17:45:00,0,0.1954392316307822,0.1954392316307822,0.0001954411860426
2026-01-01 17:45:00,1,0.1743993616929376,0.1743993616929377,0.0001744011057039
2026-01-01 17:45:00,2,0.1253482105379777,0.1253482105379776,0.0001253494640326
2026-01-01 17:45:00,3,0.11905139596204,0.11905139596204,0.0001190525864879
2026-01-01 17:45:00,4,0.1161385047761227,0.1161385047761227,0.0001161396661727
2026-01-01 17:45:00,5,0.0543644061512534,0.0543644061512534,5.436494980075147e-05
2026-01-01 17:45:00,6,0.044318105533683,0.044318105533683,4.431854871917021e-05
2026-01-01 17:45:00,7,0.0342249891847962,0.0342249891847962,3.4225331438110666e-05
2026-01-01 17:45:00,8,0.0313711322340996,0.0313711322340996,3.137144594855909e-05
2026-01-01 17:45:00,9,0.0285043224259636,0.0285043224259636,2.8504607472038377e-05
2026-01-01 17:45:00,10,0.0260547122332475,0.0260547122332475,2.6054972782975363e-05
2026-01-01 17:45:00,11,0.0228863093351479,0.0228863093351479,2.288653820052999e-05
2026-01-01 17:45:00,12,0.019703290765138,0.019703290765138,1.9703487800016005e-05
2026-01-01 17:45:00,13,0.0131962052170488,0.0131962052170488,1.3196337180420622e-05
2026-01-01 17:45:00,14,0.0104269254836108,0.0104269254836108,1.0427029753908356e-05
2026-01-01 17:45:00,15,0.0075012378422493,0.0075012378422493,7.501312855377926e-06
2026-01-01 17:45:00,16,0.0045740855598981,0.0045740855598981,4.574131301211189e-06
2026-01-01 17:45:00,17,0.0161734333277579,0.0161734333277579,1.617359506370855e-05
2026-01-01 17:45:00,18,0.0127039142494872,0.0127039142494872,1.2704041289900151e-05
2026-01-01 17:45:00,19,0.0084719975726722,0.0084719975726722,8.472082293495185e-06
2026-01-01 17:45:00,20,0.0042372713450488,0.0042372713450488,4.237313718186009e-06
2026-01-01 17:45:00,21,0.0452907140283976,0.0452907140283976,4.529116694006702e-05
2026-01-01 17:45:00,22,0.0408171886085252,0.0408171886085251,4.0817596784493045e-05
2026-01-01 17:45:00,23,0.0204411660920502,0.0204411660920502,2.0441370505755284e-05
2026-01-01 17:45:00,24,0.0608172374948318,0.0608172374948318,6.0817845673288575e-05
2026-01-01 17:45:00,25,0.0581461213427029,0.0581461213427029,5.8146702809731035e-05
2026-01-01 17:45:00,26,0.0554942445635968,0.0554942445635968,5.5494799511591935e-05
2026-01-01 17:45:00,27,0.0530167628672567,0.0530167628672567,5.301729304018718e-05
2026-01-01 17:45:00,28,0.0470623653455997,0.0470623653455997,4.706283597395952e-05
2026-01-01 17:45:00,29,0.0217189492326391,0.0217189492326391,2.1719166424303365e-05
2026-01-01 17:45:00,30,0.0140720711522987,0.0140720711522987,1.4072211874417467e-05
2026-01-01 17:45:00,31,0.0033372225160066,0.0033372225160066,3.337255888565527e-06
2026-01-01 17:45:00,32,0.0,0.0,0.0
2026-01-01 17:45:00,33,0.0,0.0,0.0
2026-01-01 17:45:00,34,0.0,0.0,0.0
2026-01-01 17:45:00,35,0.0,0.0,0.0
2026-01-01 17:45:00,36,0.0,0.0,0.0
2026-01-01 18:00:00,0,0.1988551854206069,0.1988551854206069,0.0001988571739923
2026-01-01 18:00:00,1,0.176830006695824,0.176830006695824,0.0001768317750135
2026-01-01 18:00:00,2,0.1271182318469523,0.1271182318469523,0.0001271195030419
2026-01-01 18:00:00,3,0.1207368169472162,0.1207368169472162,0.0001207380243274
2026-01-01 18:00:00,4,0.1177845042142216,0.1177845042142217,0.000117785682071
2026-01-01 18:00:00,5,0.0551318182206806,0.0551318182206806,5.513236954437608e-05
2026-01-01 18:00:00,6,0.0449462828668283,0.0449462828668283,4.494673233415171e-05
2026-01-01 18:00:00,7,0.0347125469526605,0.0347125469526605,3.471289408160136e-05
2026-01-01 18:00:00,8,0.0318186780306376,0.0318186780306376,3.181899622059988e-05
2026-01-01 18:00:00,9,0.0289114149281223,0.0289114149281223,2.8911704045162784e-05
2026-01-01 18:00:00,10,0.0264271824125117,0.0264271824125117,2.6427446686978607e-05
2026-01-01 18:00:00,11,0.023213927308208,0.023213927308208,2.321415944980257e-05
2026-01-01 18:00:00,12,0.0199855477737288,0.0199855477737288,1.998574763120516e-05
2026-01-01 18:00:00,13,0.0133854892995744,0.0133854892995744,1.3385623155806033e-05
2026-01-01 18:00:00,14,0.010576602944986,0.010576602944986,1.0576708712073174e-05
2026-01-01 18:00:00,15,0.0076090000134388,0.0076090000134388,7.609076104199935e-06
2026-01-01 18:00:00,16,0.0046398141670712,0.0046398141670712,4.6398605656768965e-06
2026-01-01 18:00:00,17,0.0171451456439154,0.0171451456439154,1.7145317097086405e-05
2026-01-01 18:00:00,18,0.0128718984611561,0.0128718984611561,1.2872027181428008e-05
2026-01-01 18:00:00,19,0.0085840598637105,0.0085840598637105,8.584145705167608e-06
2026-01-01 18:00:00,20,0.0042933365580856,0.0042933365580856,4.293379491880521e-06
2026-01-01 18:00:00,21,0.0459012810326163,0.0459012810326163,4.5901740050016846e-05
2026-01-01 18:00:00,22,0.0413678931856248,0.0413678931856247,4.136830686869349e-05
2026-01-01 18:00:00,23,0.020717417163418,0.020717417163418,2.071762433966149e-05
2026-01-01 18:00:00,24,0.0616818042576392,0.0616818042576392,6.16824210818501e-05
2026-01-01 18:00:00,25,0.058973668307759,0.058973668307759,5.897425805033954e-05
2026-01-01 18:00:00,26,0.0562849376334924,0.0562849376334924,5.628550048849735e-05
2026-01-01 18:00:00,27,0.0537725978099083,0.0537725978099083,5.377313554126379e-05
2026-01-01 18:00:00,28,0.0477337434609205,0.0477337434609205,4.7734220803128576e-05
2026-01-01 18:00:00,29,0.0220296344119585,0.0220296344119585,2.202985471050565e-05
2026-01-01 18:00:00,30,0.014273447134795,0.014273447134795,1.4273589870693794e-05
2026-01-01 18:00:00,31,0.0033849909348305,0.0033849909348305,3.3850247850783813e-06
2026-01-01 18:00:00,32,0.0,0.0,0.0
2026-01-01 18:00:00,33,0.0,0.0,0.0
2026-01-01 18:00:00,34,0.0,0.0,0.0
2026-01-01 18:00:00,35,0.0,0.0,0.0
2026-01-01 18:00:00,36,0.0,0.0,0.0
2026-01-01 18:15:00,0,0.2083657233320866,0.2083657233320866,0.0002083678070101
2026-01-01 18:15:00,1,0.1853410318345596,0.1853410318345596,0.0001853428852634
2026-01-01 18:15:00,2,0.1333213719927016,0.1333213719927016,0.0001333227052197
2026-01-01 18:15:00,3,0.1266444427350679,0.1266444427350678,0.0001266457091921
2026-01-01 18:15:00,4,0.1235543638237152,0.1235543638237153,0.0001235555993797
2026-01-01 18:15:00,5,0.0578211756669763,0.0578211756669763,5.7821753884515227e-05
2026-01-01 18:15:00,6,0.0471483030939905,0.0471483030939905,4.714877458173641e-05
2026-01-01 18:15:00,7,0.036422212513812,0.036422212513812,3.642257673957946e-05
2026-01-01 18:15:00,8,0.0333881898017614,0.0333881898017614,3.338852368699831e-05
2026-01-01 18:15:00,9,0.0303391656810932,0.0303391656810932,3.033946907578399e-05
2026-01-01 18:15:00,10,0.0277335923939572,0.0277335923939572,2.773386973265461e-05
2026-01-01 18:15:00,11,0.024363127148444,0.024363127148444,2.4363370782151832e-05
2026-01-01 18:15:00,12,0.0209756819464211,0.0209756819464211,2.0975891705338232e-05
2026-01-01 18:15:00,13,0.014049540855503,0.014049540855503,1.4049681352316566e-05
2026-01-01 18:15:00,14,0.0111017333235723,0.0111017333235723,1.1101844342015756e-05
2026-01-01 18:15:00,15,0.0079870941814611,0.0079870941814611,7.98717405320164e-06
2026-01-01 18:15:00,16,0.0048704337289916,0.0048704337289916,4.870482433816037e-06
2026-01-01 18:15:00,17,0.0179239282394492,0.0179239282394492,1.7924107480524047e-05
2026-01-01 18:15:00,18,0.0134572008104479,0.0134572008104479,1.3457335383801792e-05
2026-01-01 18:15:00,19,0.0089745224246566,0.0089745224246566,8.974612170778358e-06
2026-01-01 18:15:00,20,0.0044886899514815,0.0044886899514815,4.488734838829938e-06
2026-01-01 18:15:00,21,0.0480344199379794,0.0480344199379794,4.803490028698229e-05
2026-01-01 18:15:00,22,0.043291984730315,0.043291984730315,4.329241765449163e-05
2026-01-01 18:15:00,23,0.0216827010120278,0.0216827010120278,2.1682917841206277e-05
2026-01-01 18:15:00,24,0.0647130583949408,0.0647130583949408,6.471370553199622e-05
2026-01-01 18:15:00,25,0.0618753488608265,0.0618753488608265,6.187596762050271e-05
2026-01-01 18:15:00,26,0.0590576019008808,0.0590576019008808,5.9058192482805664e-05
2026-01-01 18:15:00,27,0.0564231317981867,0.0564231317981867,5.6423696035147065e-05
2026-01-01 18:15:00,28,0.0500882102010172,0.0500882102010172,5.0088711088128104e-05
2026-01-01 18:15:00,29,0.0231193844930738,0.0231193844930738,2.311961568923074e-05
2026-01-01 18:15:00,30,0.014979806197858,0.014979806197858,1.4979955997418032e-05
2026-01-01 18:15:00,31,0.0035525492447448,0.0035525492447448,3.552584770592556e-06
2026-01-01 18:15:00,32,0.0,0.0,0.0
2026-01-01 18:15:00,33,0.0,0.0,0.0
2026-01-01 18:15:00,34,0.0,0.0,0.0
2026-01-01 18:15:00,35,0.0,0.0,0.0
2026-01-01 18:15:00,36,0.0,0.0,0.0
2026-01-01 18:30:00,0,0.2068856814265147,0.2068856814265147,0.000206887750304
2026-01-01 18:30:00,1,0.1840161969248726,0.1840161969248726,0.0001840180371052
2026-01-01 18:30:00,2,0.1323552324851187,0.1323552324851187,0.0001323565560506
2026-01-01 18:30:00,3,0.1257242288400637,0.1257242288400637,0.0001257254860949
2026-01-01 18:30:00,4,0.1226555666995356,0.1226555666995356,0.0001226567932674
2026-01-01 18:30:00,5,0.0574023167177351,0.0574023167177351,5.7402890746642614e-05
2026-01-01 18:30:00,6,0.0468052826055768,0.0468052826055768,4.680575066308349e-05
2026-01-01 18:30:00,7,0.0361558290711982,0.0361558290711982,3.615619063310459e-05
2026-01-01 18:30:00,8,0.0331436279949639,0.0331436279949639,3.314395943455833e-05
2026-01-01 18:30:00,9,0.0301166821250781,0.0301166821250781,3.0116983294911143e-05
2026-01-01 18:30:00,10,0.0275300081657878,0.0275300081657878,2.753028346862258e-05
2026-01-01 18:30:00,11,0.0241840307939514,0.0241840307939514,2.4184272636677795e-05
2026-01-01 18:30:00,12,0.0208213700258724,0.0208213700258724,2.0821578241654865e-05
2026-01-01 18:30:00,13,0.0139460426421216,0.0139460426421216,1.394618210394266e-05
2026-01-01 18:30:00,14,0.0110198842838559,0.0110198842838559,1.10199944838008e-05
2026-01-01 18:30:00,15,0.0079281607677639,0.0079281607677639,7.928240050164446e-06
2026-01-01 18:30:00,16,0.0048344866797231,0.0048344866797231,4.834535025073436e-06
2026-01-01 18:30:00,17,0.0178029925119892,0.0178029925119892,1.7803170543694664e-05
2026-01-01 18:30:00,18,0.0133663067026934,0.0133663067026934,1.336644036709708e-05
2026-01-01 18:30:00,19,0.0089138850512481,0.0089138850512481,8.913974190990043e-06
2026-01-01 18:30:00,20,0.0044583519402206,0.0044583519402206,4.4583965241859306e-06
2026-01-01 18:30:00,21,0.0477028707541484,0.0477028707541484,4.770334778762637e-05
2026-01-01 18:30:00,22,0.0429929175916997,0.0429929175916997,4.2993347525174985e-05
2026-01-01 18:30:00,23,0.0215326540122167,0.0215326540122167,2.15328693409102e-05
2026-01-01 18:30:00,24,0.0642408023031554,0.0642408023031554,6.42414447176026e-05
2026-01-01 18:30:00,25,0.0614232567965969,0.0614232567965969,6.142387103530729e-05
2026-01-01 18:30:00,26,0.0586255895433255,0.0586255895433255,5.862617580508364e-05
2026-01-01 18:30:00,27,0.0560101379096922,0.0560101379096921,5.601069801667237e-05
2026-01-01 18:30:00,28,0.0497213375075079,0.0497213375075079,4.9721834725855216e-05
2026-01-01 18:30:00,29,0.0229495586561197,0.0229495586561197,2.294978815400129e-05
2026-01-01 18:30:00,30,0.0148697257966409,0.0148697257966409,1.4869874495385944e-05
2026-01-01 18:30:00,31,0.0035264363342507,0.0035264363342507,3.5264715989667476e-06
2026-01-01 18:30:00,32,0.0,0.0,0.0
2026-01-01 18:30:00,33,0.0,0.0,0.0
2026-01-01 18:30:00,34,0.0,0.0,0.0
2026-01-01 18:30:00,35,0.0,0.0,0.0
2026-01-01 18:30:00,36,0.0,0.0,0.0
2026-01-01 18:45:00,0,0.2103643520823064,0.2103643520823064,0.0002103664557468
2026-01-01 18:45:00,1,0.187130269778786,0.187130269778786,0.0001871321411001
2026-01-01 18:45:00,2,0.134626503679734,0.134626503679734,0.0001346278499582
2026-01-01 18:45:00,3,0.1278875939695263,0.1278875939695263,0.0001278888728582
2026-01-01 18:45:00,4,0.1247686074189762,0.1247686074189762,0.0001247698551175
2026-01-01 18:45:00,5,0.0583869960272438,0.0583869960272438,5.8387579903042925e-05
2026-01-01 18:45:00,6,0.0476117129098531,0.0476117129098531,4.761218903174351e-05
2026-01-01 18:45:00,7,0.0367821232869426,0.0367821232869426,3.678249111185376e-05
2026-01-01 18:45:00,8,0.0337186266469454,0.0337186266469454,3.371896383658386e-05
2026-01-01 18:45:00,9,0.0306397782361375,0.0306397782361375,3.064008463698389e-05
2026-01-01 18:45:00,10,0.0280086740769816,0.0280086740769816,2.8008954166523293e-05
2026-01-01 18:45:00,11,0.0246051274567458,0.0246051274567458,2.4605373510480915e-05
2026-01-01 18:45:00,12,0.0211841958868355,0.0211841958868356,2.118440773091291e-05
2026-01-01 18:45:00,13,0.0141893963633995,0.0141893963633995,1.4189538258782114e-05
2026-01-01 18:45:00,14,0.011212336329052,0.0112123363290521,1.1212448453536637e-05
2026-01-01 18:45:00,15,0.0080667324582922,0.0080667324582922,8.066813126423505e-06
2026-01-01 18:45:00,16,0.004919010159857,0.004919010159857,4.919059350450561e-06
2026-01-01 18:45:00,17,0.0180870859576066,0.0180870859576066,1.8087266830275e-05
2026-01-01 18:45:00,18,0.0135798306360741,0.0135798306360741,1.3579966435738484e-05
2026-01-01 18:45:00,19,0.0090563318130536,0.0090563318130536,9.056422377277428e-06
2026-01-01 18:45:00,20,0.0045296209279483,0.0045296209279483,4.529666224610624e-06
2026-01-01 18:45:00,21,0.048481896512428,0.048481896512428,4.848238133624138e-05
2026-01-01 18:45:00,22,0.0436956274854803,0.0436956274854803,4.369606444612478e-05
2026-01-01 18:45:00,23,0.021885221275343,0.021885221275343,2.1885440129744395e-05
2026-01-01 18:45:00,24,0.0653510976424635,0.0653510976424635,6.535175115997515e-05
2026-01-01 18:45:00,25,0.0624861591378822,0.0624861591378822,6.248678400572233e-05
2026-01-01 18:45:00,26,0.0596412955715183,0.0596412955715183,5.964189199043824e-05
2026-01-01 18:45:00,27,0.0569811359198495,0.0569811359198495,5.698170573690696e-05
2026-01-01 18:45:00,28,0.0505839055431257,0.0505839055431257,5.0584411387239665e-05
2026-01-01 18:45:00,29,0.0233488549156686,0.0233488549156686,2.3349088406552755e-05
2026-01-01 18:45:00,30,0.0151285491340517,0.0151285491340517,1.512870042105593e-05
2026-01-01 18:45:00,31,0.0035878337281872,0.0035878337281872,3.5878696068833068e-06
2026-01-01 18:45:00,32,0.0,0.0,0.0
2026-01-01 18:45:00,33,0.0,0.0,0.0
2026-01-01 18:45:00,34,0.0,0.0,0.0
2026-01-01 18:45:00,35,0.0,0.0,0.0
2026-01-01 18:45:00,36,0.0,0.0,0.0
2026-01-01 19:00:00,0,0.203427203678077,0.203427203678077,0.0002034292379704
2026-01-01 19:00:00,1,0.1809208848762216,0.1809208848762216,0.0001809226941031
2026-01-01 19:00:00,2,0.1300987626745867,0.1300987626745867,0.0001301000636752
2026-01-01 19:00:00,3,0.1235751656407967,0.1235751656407967,0.0001235764014048
2026-01-01 19:00:00,4,0.1205565815019711,0.120556581501971,0.0001205577870798
2026-01-01 19:00:00,5,0.0564240368387627,0.0564240368387627,5.642460108477355e-05
2026-01-01 19:00:00,6,0.0460042202493031,0.0460042202493032,4.6004680296106166e-05
2026-01-01 19:00:00,7,0.03553382458069,0.03553382458069,3.553417992248926e-05
2026-01-01 19:00:00,8,0.0325725996432202,0.0325725996432202,3.2572925372473987e-05
2026-01-01 19:00:00,9,0.0295972201990173,0.0295972201990173,2.9597516174179044e-05
2026-01-01 19:00:00,10,0.0270546859150417,0.0270546859150417,2.7054956464606375e-05
2026-01-01 19:00:00,11,0.0237658978337599,0.0237658978337599,2.3766135495114886e-05
2026-01-01 19:00:00,12,0.0204611080566128,0.0204611080566128,2.046131266973952e-05
2026-01-01 19:00:00,13,0.0137044209269345,0.0137044209269345,1.3704557972514283e-05
2026-01-01 19:00:00,14,0.0108288078288962,0.0108288078288962,1.0828916118057424e-05
2026-01-01 19:00:00,15,0.007790583744511,0.007790583744511,7.790661651127596e-06
2026-01-01 19:00:00,16,0.0047505708122216,0.0047505708122216,4.7506183184048365e-06
2026-01-01 19:00:00,17,0.017520023638779,0.017520023638779,1.752019884076743e-05
2026-01-01 19:00:00,18,0.0131536352061553,0.0131536352061553,1.3153766743822828e-05
2026-01-01 19:00:00,19,0.0087720085244722,0.0087720085244722,8.77209624543474e-06
2026-01-01 19:00:00,20,0.0043873689806647,0.0043873689806647,4.387412854793286e-06
2026-01-01 19:00:00,21,0.0469275313067092,0.0469275313067092,4.6928000586715154e-05
2026-01-01 19:00:00,22,0.0422935525457169,0.0422935525457169,4.2293975485471774e-05
2026-01-01 19:00:00,23,0.0211817853978009,0.0211817853978009,2.1181997217773153e-05
2026-01-01 19:00:00,24,0.0631380218831115,0.0631380218831115,6.313865326964428e-05
2026-01-01 19:00:00,25,0.0603675950898529,0.0603675950898529,6.036819877184064e-05
2026-01-01 19:00:00,26,0.0576168460912443,0.0576168460912443,5.761742226546703e-05
2026-01-01 19:00:00,27,0.0550458178909226,0.0550458178909226,5.504636835460618e-05
2026-01-01 19:00:00,28,0.0488647233660448,0.0488647233660448,4.886521201816508e-05
2026-01-01 19:00:00,29,0.022553061317146,0.022553061317146,2.2553286850014555e-05
2026-01-01 19:00:00,30,0.0146127206436317,0.0146127206436317,1.4612866772299509e-05
2026-01-01 19:00:00,31,0.0034654708343747,0.0034654708343747,3.4655054894296215e-06
2026-01-01 19:00:00,32,0.0,0.0,0.0
2026-01-01 19:00:00,33,0.0,0.0,0.0
2026-01-01 19:00:00,34,0.0,0.0,0.0
2026-01-01 19:00:00,35,0.0,0.0,0.0
2026-01-01 19:00:00,36,0.0,0.0,0.0
2026-01-01 19:15:00,0,0.2062113041282055,0.2062113041282055,0.0002062133662618
2026-01-01 19:15:00,1,0.1834125807246554,0.1834125807246554,0.0001834144148688
2026-01-01 19:15:00,2,0.1319151113984279,0.1319151113984279,0.0001319164305627
2026-01-01 19:15:00,3,0.1253050413236951,0.1253050413236951,0.0001253062943866
2026-01-01 19:15:00,4,0.1222461404486283,0.1222461404486283,0.0001222473629222
2026-01-01 19:15:00,5,0.0572115060436035,0.0572115060436034,5.721207816438514e-05
2026-01-01 19:15:00,6,0.0466490277787294,0.0466490277787294,4.664949427367223e-05
2026-01-01 19:15:00,7,0.0360344917435413,0.0360344917435413,3.603485209206224e-05
2026-01-01 19:15:00,8,0.0330322323280193,0.0330322323280193,3.3032562653645915e-05
2026-01-01 19:15:00,9,0.0300153442482217,0.0300153442482217,3.001564440466583e-05
2026-01-01 19:15:00,10,0.0274372797447272,0.0274372797447272,2.7437554120268416e-05
2026-01-01 19:15:00,11,0.0241024574347353,0.0241024574347353,2.4102698461719967e-05
2026-01-01 19:15:00,12,0.0207510858870476,0.0207510858870475,2.07512933999816e-05
2026-01-01 19:15:00,13,0.013898903273006,0.013898903273006,1.3899042263428656e-05
2026-01-01 19:15:00,14,0.0109826056219414,0.0109826056219414,1.098271544909598e-05
2026-01-01 19:15:00,15,0.0079013194184139,0.0079013194184139,7.901398432398293e-06
2026-01-01 19:15:00,16,0.0048181145791478,0.0048181145791478,4.818162760775452e-06
2026-01-01 19:15:00,17,0.0177478567024531,0.0177478567024531,1.774803418279498e-05
2026-01-01 19:15:00,18,0.0133248676047698,0.0133248676047698,1.3325000854778354e-05
2026-01-01 19:15:00,19,0.0088862402504094,0.0088862402504094,8.886329113700596e-06
2026-01-01 19:15:00,20,0.0044445207737158,0.0044445207737158,4.444565219368052e-06
2026-01-01 19:15:00,21,0.0475517506223876,0.0475517506223876,4.75522261446491e-05
2026-01-01 19:15:00,22,0.0428566039670586,0.0428566039670586,4.285703253738398e-05
2026-01-01 19:15:00,23,0.0214642644182002,0.0214642644182002,2.14644790629909e-05
2026-01-01 19:15:00,24,0.064025684788439,0.064025684788439,6.402632505168952e-05
2026-01-01 19:15:00,25,0.0612173270171116,0.0612173270171116,6.12179391965036e-05
2026-01-01 19:15:00,26,0.0584288087942985,0.0584288087942984,5.8429393088229406e-05
2026-01-01 19:15:00,27,0.0558220213577024,0.0558220213577024,5.582257958349825e-05
2026-01-01 19:15:00,28,0.0495542301961722,0.0495542301961722,4.955472574342968e-05
2026-01-01 19:15:00,29,0.0228722070661861,0.0228722070661861,2.287243579054404e-05
2026-01-01 19:15:00,30,0.0148195870522138,0.0148195870522138,1.4819735249566376e-05
2026-01-01 19:15:00,31,0.003514542621619,0.003514542621619,3.514577767396704e-06
2026-01-01 19:15:00,32,0.0,0.0,0.0
2026-01-01 19:15:00,33,0.0,0.0,0.0
2026-01-01 19:15:00,34,0.0,0.0,0.0
2026-01-01 19:15:00,35,0.0,0.0,0.0
2026-01-01 19:15:00,36,0.0,0.0,0.0
2026-01-01 19:30:00,0,0.2078372213621233,0.2078372213621233,0.0002078392997551
2026-01-01 19:30:00,1,0.2773019066350567,0.2773019066350567,0.00027730467968175
2026-01-01 19:30:00,2,0.1329763434347918,0.1329763434347917,0.0001329776732115
2026-01-01 19:30:00,3,0.1263158109068383,0.1263158109068383,0.0001263170740775
2026-01-01 19:30:00,4,0.1232333786620578,0.1232333786620578,0.0001232346110081
2026-01-01 19:30:00,5,0.0576715928457018,0.0576715928457018,5.76721695673975e-05
2026-01-01 19:30:00,6,0.0470258009691823,0.0470258009691823,4.702627123189467e-05
2026-01-01 19:30:00,7,0.0363270770763224,0.0363270770763224,3.6327440350725976e-05
2026-01-01 19:30:00,8,0.0333008470144923,0.0333008470144923,3.3301180026292646e-05
2026-01-01 19:30:00,9,0.0302597074523757,0.0302597074523757,3.0260010052476228e-05
2026-01-01 19:30:00,10,0.0276608835295354,0.0276608835295354,2.7661160141136888e-05
2026-01-01 19:30:00,11,0.0242991635194244,0.0242991635194244,2.42994065134896e-05
2026-01-01 19:30:00,12,0.0209205697991222,0.0209205697991222,2.092077900691228e-05
2026-01-01 19:30:00,13,0.0140125764414375,0.0140125764414375,1.4012716568603242e-05
2026-01-01 19:30:00,14,0.0110725007887906,0.0110725007887906,1.1072611514905794e-05
2026-01-01 19:30:00,15,0.007966045928516,0.007966045928516,7.966125589771919e-06
2026-01-01 19:30:00,16,0.004857595101584,0.004857595101584,4.857643678020825e-06
2026-01-01 19:30:00,17,0.0178807547867526,0.0178807547867526,1.7880933596088626e-05
2026-01-01 19:30:00,18,0.0134247519155657,0.0134247519155657,1.3424886164427395e-05
2026-01-01 19:30:00,19,0.0089528750510274,0.0089528750510274,8.952964580673302e-06
2026-01-01 19:30:00,20,0.004477859350624,0.004477859350624,4.477904129665311e-06
2026-01-01 19:30:00,21,0.0479160459168487,0.0479160459168487,4.791652508209955e-05
2026-01-01 19:30:00,22,0.0431852074621813,0.0431852074621813,4.3185639318574555e-05
2026-01-01 19:30:00,23,0.021629128637477,0.021629128637477,2.162934493092638e-05
2026-01-01 19:30:00,24,0.064544400065712,0.064544400065712,6.454504551616725e-05
2026-01-01 19:30:00,25,0.061713890805493,0.061713890805493,6.171450795057253e-05
2026-01-01 19:30:00,26,0.0589033140933287,0.0589033140933287,5.890390313236009e-05
2026-01-01 19:30:00,27,0.0562756357439558,0.0562756357439558,5.627619850594095e-05
2026-01-01 19:30:00,28,0.0499571853978602,0.0499571853978602,4.995768497471001e-05
2026-01-01 19:30:00,29,0.0230587320394494,0.0230587320394494,2.3058962629075724e-05
2026-01-01 19:30:00,30,0.0149404914523177,0.0149404914523177,1.49406408587263e-05
2026-01-01 19:30:00,31,0.0035432231183991,0.0035432231183991,3.5432585509846265e-06
2026-01-01 19:30:00,32,0.0,0.0,0.0
2026-01-01 19:30:00,33,0.0,0.0,0.0
2026-01-01 19:30:00,34,0.0,0.0,0.0
2026-01-01 19:30:00,35,0.0,0.0,0.0
2026-01-01 19:30:00,36,0.0,0.0,0.0
2026-01-01 19:45:00,0,0.2006576486621289,0.2006576486621289,0.0002006596552586
2026-01-01 19:45:00,1,0.2676639666720036,0.2676639666720036,0.0002676666433383
2026-01-01 19:45:00,2,0.1282929360711879,0.1282929360711879,0.0001282942190133
2026-01-01 19:45:00,3,0.1218554413451809,0.121855441345181,0.0001218566599117
2026-01-01 19:45:00,4,0.1188769924739412,0.1188769924739412,0.0001188781812557
2026-01-01 19:45:00,5,0.0556411184736837,0.0556411184736837,5.564167489043264e-05
2026-01-01 19:45:00,6,0.0453632200345703,0.0453632200345703,4.536367367130706e-05
2026-01-01 19:45:00,7,0.0350361906909542,0.0350361906909542,3.503654105636477e-05
2026-01-01 19:45:00,8,0.0321157719707218,0.0321157719707218,3.211609313165318e-05
2026-01-01 19:45:00,9,0.0291816620326757,0.0291816620326757,2.9181953852214266e-05
2026-01-01 19:45:00,10,0.0266744514963369,0.0266744514963369,2.6674718243519428e-05
2026-01-01 19:45:00,11,0.0234314278923681,0.0234314278923681,2.343166220899023e-05
2026-01-01 19:45:00,12,0.0201729372421762,0.0201729372421762,2.017313897356595e-05
2026-01-01 19:45:00,13,0.0135111583740034,0.0135111583740034,1.3511293486938292e-05
2026-01-01 19:45:00,14,0.0106759783841501,0.0106759783841501,1.0676085145001646e-05
2026-01-01 19:45:00,15,0.0076805479697023,0.0076805479697023,7.680624775950072e-06
2026-01-01 19:45:00,16,0.004683454521962,0.004683454521962,4.683501356975613e-06
2026-01-01 19:45:00,17,0.0172930454573973,0.0172930454573973,1.7293218389581222e-05
2026-01-01 19:45:00,18,0.0129830499487549,0.0129830499487549,1.2983179780552767e-05
2026-01-01 19:45:00,19,0.0086582095159749,0.0086582095159749,8.658296098935966e-06
2026-01-01 19:45:00,20,0.0043304341506043,0.0043304341506043,4.330477455378889e-06
2026-01-01 19:45:00,21,0.0463060402117886,0.0463060402117886,4.6306503276821415e-05
2026-01-01 19:45:00,22,0.0417329746181168,0.0417329746181168,4.17333919520364e-05
2026-01-01 19:45:00,23,0.0209005604303417,0.0209005604303417,2.090076943803613e-05
2026-01-01 19:45:00,24,0.0622556795426732,0.0622556795426732,6.225630210569435e-05
2026-01-01 19:45:00,25,0.0595229860337449,0.0595229860337449,5.952358126955762e-05
2026-01-01 19:45:00,26,0.0568098062607945,0.0568098062607945,5.681037436453816e-05
2026-01-01 19:45:00,27,0.0542743344437656,0.0542743344437656,5.427487719253758e-05
2026-01-01 19:45:00,28,0.0481794231701491,0.0481794231701491,4.817990496919882e-05
2026-01-01 19:45:00,29,0.0222358898886408,0.0222358898886408,2.2236112249763343e-05
2026-01-01 19:45:00,30,0.0144071364702726,0.0144071364702726,1.440728054307809e-05
2026-01-01 19:45:00,31,0.0034167035879032,0.0034167035879032,3.416737755280783e-06
2026-01-01 19:45:00,32,0.0,0.0,0.0
2026-01-01 19:45:00,33,0.0,0.0,0.0
2026-01-01 19:45:00,34,0.0,0.0,0.0
2026-01-01 19:45:00,35,0.0,0.0,0.0
2026-01-01 19:45:00,36,0.0,0.0,0.0
2026-01-01 20:00:00,0,0.2032155767980059,0.2032155767980059,0.000203217608974
2026-01-01 20:00:00,1,0.2710972537649577,0.27109725376495786,0.0002710999647645
2026-01-01 20:00:00,2,0.1299607398224866,0.1299607398224866,0.0001299620394428
2026-01-01 20:00:00,3,0.1234437191818042,0.1234437191818041,0.0001234449536313
2026-01-01 20:00:00,4,0.1204282008292484,0.1204282008292484,0.0001204294051232
2026-01-01 20:00:00,5,0.0563641972779058,0.0563641972779058,5.636476092551512e-05
2026-01-01 20:00:00,6,0.0459552248241669,0.0459552248241669,4.59556843810108e-05
2026-01-01 20:00:00,7,0.0354957847858764,0.0354957847858764,3.549613974727395e-05
2026-01-01 20:00:00,8,0.0325376784158092,0.0325376784158092,3.2538003795847154e-05
2026-01-01 20:00:00,9,0.0295654532338364,0.0295654532338364,2.9565748891325345e-05
2026-01-01 20:00:00,10,0.0270256188356505,0.0270256188356505,2.702588909454154e-05
2026-01-01 20:00:00,11,0.0237403287332682,0.0237403287332682,2.374056613892966e-05
2026-01-01 20:00:00,12,0.0204390781491339,0.0204390781491339,2.0439282541959337e-05
2026-01-01 20:00:00,13,0.0136896462295883,0.0136896462295883,1.3689783127419636e-05
2026-01-01 20:00:00,14,0.010817124061975,0.010817124061975,1.081723223429738e-05
2026-01-01 20:00:00,15,0.0077821714527963,0.0077821714527963,7.782249275289102e-06
2026-01-01 20:00:00,16,0.0047454397137293,0.0047454397137293,4.745487168601001e-06
2026-01-01 20:00:00,17,0.0175026915977744,0.0175026915977744,1.7502866626440735e-05
2026-01-01 20:00:00,18,0.0131406091623898,0.0131406091623898,1.314074056979557e-05
2026-01-01 20:00:00,19,0.0087633186945971,0.0087633186945971,8.7634063286604e-06
2026-01-01 20:00:00,20,0.0043830213517292,0.0043830213517292,4.383065182381042e-06
2026-01-01 20:00:00,21,0.0468800607153282,0.0468800607153282,4.688052952062346e-05
2026-01-01 20:00:00,22,0.0422507341664992,0.0422507341664992,4.225115667806605e-05
2026-01-01 20:00:00,23,0.0211603042524928,0.0211603042524929,2.116051585765147e-05
2026-01-01 20:00:00,24,0.0630705764793402,0.0630705764793402,6.307120719141212e-05
2026-01-01 20:00:00,25,0.060303032942287,0.060303032942287,6.03036359786468e-05
2026-01-01 20:00:00,26,0.0575551547654608,0.0575551547654608,5.755573032276408e-05
2026-01-01 20:00:00,27,0.0549868440596991,0.0549868440596991,5.498739393363844e-05
2026-01-01 20:00:00,28,0.0488123371019326,0.0488123371019326,4.8812825230184933e-05
2026-01-01 20:00:00,29,0.0225288148854101,0.0225288148854101,2.252904017581195e-05
2026-01-01 20:00:00,30,0.0145970045061471,0.0145970045061471,1.4597150477651889e-05
2026-01-01 20:00:00,31,0.0034617427487195,0.0034617427487195,3.4617773664932627e-06
2026-01-01 20:00:00,32,0.0,0.0,0.0
2026-01-01 20:00:00,33,0.0,0.0,0.0
2026-01-01 20:00:00,34,0.0,0.0,0.0
2026-01-01 20:00:00,35,0.0,0.0,0.0
2026-01-01 20:00:00,36,0.0,0.0,0.0
2026-01-01 20:15:00,0,0.1941799417726754,0.1941799417726754,0.0001941818835915
2026-01-01 20:15:00,1,0.2589719882396625,0.2589719882396625,0.00025897457798535
2026-01-01 20:15:00,2,0.124073294659507,0.124073294659507,0.0001240745354048
2026-01-01 20:15:00,3,0.1178374985804922,0.1178374985804922,0.0001178386769672
2026-01-01 20:15:00,4,0.1149530349494488,0.1149530349494488,0.0001149541844912
2026-01-01 20:15:00,5,0.0538116457298488,0.0538116457298488,5.3812183851687346e-05
2026-01-01 20:15:00,6,0.0438656856578231,0.0438656856578231,4.386612431906638e-05
2026-01-01 20:15:00,7,0.0338738933360589,0.0338738933360589,3.3874232078379776e-05
2026-01-01 20:15:00,8,0.0310488622120284,0.0310488622120284,3.1049172703755445e-05
2026-01-01 20:15:00,9,0.0282111910071399,0.0282111910071399,2.8211473121871177e-05
2026-01-01 20:15:00,10,0.0257865182361596,0.0257865182361596,2.5786776103920656e-05
2026-01-01 20:15:00,11,0.0226504196262518,0.0226504196262518,2.2650646132713134e-05
2026-01-01 20:15:00,12,0.0195000656833932,0.0195000656833932,1.9500260686000076e-05
2026-01-01 20:15:00,13,0.0130599255742501,0.0130599255742501,1.3060056174811944e-05
2026-01-01 20:15:00,14,0.0103191639205121,0.0103191639205121,1.0319267113183323e-05
2026-01-01 20:15:00,15,0.0074236552042086,0.0074236552042086,7.423729441503023e-06
2026-01-01 20:15:00,16,0.0045267650656036,0.0045267650656036,4.526810333707015e-06
2026-01-01 20:15:00,17,0.0167608642498533,0.0167608642498533,1.6761031860171976e-05
2026-01-01 20:15:00,18,0.0125831077623872,0.0125831077623872,1.2583233594723164e-05
2026-01-01 20:15:00,19,0.0083914082816941,0.0083914082816941,8.391492196616155e-06
2026-01-01 20:15:00,20,0.0041969525433596,0.0041969525433596,4.196994513304793e-06
2026-01-01 20:15:00,21,0.0448503730324382,0.0448503730324382,4.485082154065362e-05
2026-01-01 20:15:00,22,0.0404200285039951,0.0404200285039951,4.042043270832221e-05
2026-01-01 20:15:00,23,0.0202419462643782,0.0202419462643781,2.024214868586506e-05
2026-01-01 20:15:00,24,0.0601946172675058,0.0601946172675058,6.0195219219698006e-05
2026-01-01 20:15:00,25,0.057550179671063,0.057550179671063,5.7550755178614856e-05
2026-01-01 20:15:00,26,0.0549248599343202,0.0549248599343202,5.492540918841209e-05
2026-01-01 20:15:00,27,0.0524724886085365,0.0524724886085365,5.2473013338669976e-05
2026-01-01 20:15:00,28,0.0465789167464073,0.0465789167464074,4.65793825402328e-05
2026-01-01 20:15:00,29,0.0214952468719549,0.0214952468719549,2.149546182657318e-05
2026-01-01 20:15:00,30,0.0139270761489791,0.0139270761489791,1.3927215421133386e-05
2026-01-01 20:15:00,31,0.0033028284692716,0.0033028284692716,3.3028614978865895e-06
2026-01-01 20:15:00,32,0.0,0.0,0.0
2026-01-01 20:15:00,33,0.0,0.0,0.0
2026-01-01 20:15:00,34,0.0,0.0,0.0
2026-01-01 20:15:00,35,0.0,0.0,0.0
2026-01-01 20:15:00,36,0.0,0.0,0.0
2026-01-01 20:30:00,0,0.1932420777011597,0.1932420777011597,0.0001932440101412
2026-01-01 20:30:00,1,0.1718092199012382,0.1718092199012381,0.0001718109380106
2026-01-01 20:30:00,2,0.1234628239327113,0.1234628239327114,0.0001234640585732
2026-01-01 20:30:00,3,0.1172562667972292,0.1172562667972293,0.0001172574393716
2026-01-01 20:30:00,4,0.1143854237153236,0.1143854237153236,0.0001143865675809
2026-01-01 20:30:00,5,0.0535469646363727,0.0535469646363727,5.35475001113739e-05
2026-01-01 20:30:00,6,0.0436490642444167,0.0436490642444167,4.3649500739424096e-05
2026-01-01 20:30:00,7,0.0337057990762187,0.0337057990762187,3.370613613758008e-05
2026-01-01 20:30:00,8,0.0308945722241769,0.0308945722241769,3.089488117298864e-05
2026-01-01 20:30:00,9,0.0280708537307914,0.0280708537307914,2.8071134442135822e-05
2026-01-01 20:30:00,10,0.0256581216896569,0.0256581216896569,2.5658378273439665e-05
2026-01-01 20:30:00,11,0.0225374909138943,0.0225374909138943,2.2537716291057305e-05
2026-01-01 20:30:00,12,0.0194027757963928,0.0194027757963928,1.9402969826091076e-05
2026-01-01 20:30:00,13,0.0129946857286875,0.0129946857286875,1.2994815676844346e-05
2026-01-01 20:30:00,14,0.0102675768584641,0.0102675768584641,1.0267679535259504e-05
2026-01-01 20:30:00,15,0.0073865157008905,0.0073865157008905,7.386589566786232e-06
2026-01-01 20:30:00,16,0.0045041124005493,0.0045041124005493,4.5041574421238205e-06
2026-01-01 20:30:00,17,0.0166836624098768,0.0166836624098768,1.6683829248169365e-05
2026-01-01 20:30:00,18,0.012525091529899,0.0125250915298991,1.2525216782066922e-05
2026-01-01 20:30:00,19,0.0083527061369142,0.0083527061369142,8.352789664810902e-06
2026-01-01 20:30:00,20,0.0041775899356843,0.0041775899356843,4.177631712001443e-06
2026-01-01 20:30:00,21,0.0446393783327533,0.0446393783327533,4.463982473100063e-05
2026-01-01 20:30:00,22,0.0402297265203479,0.0402297265203479,4.023012882163619e-05
2026-01-01 20:30:00,23,0.0201464908720921,0.0201464908720921,2.0146692339015565e-05
2026-01-01 20:30:00,24,0.0598965158612432,0.0598965158612432,5.989711483239153e-05
2026-01-01 20:30:00,25,0.057264856419295,0.057264856419295,5.72654290735858e-05
2026-01-01 20:30:00,26,0.0546522560867594,0.0546522560867594,5.465280261478562e-05
2026-01-01 20:30:00,27,0.0522119091184064,0.0522119091184064,5.221243124271893e-05
2026-01-01 20:30:00,28,0.0463474607924852,0.0463474607924852,4.634792427172793e-05
2026-01-01 20:30:00,29,0.0213881515061544,0.0213881515061544,2.1388365389808344e-05
2026-01-01 20:30:00,30,0.0138576615952696,0.0138576615952696,1.38578001732714e-05
2026-01-01 20:30:00,31,0.0032863628095805,0.0032863628095805,3.2863956735372737e-06
2026-01-01 20:30:00,32,0.0,0.0,0.0
2026-01-01 20:30:00,33,0.0,0.0,0.0
2026-01-01 20:30:00,34,0.0,0.0,0.0
2026-01-01 20:30:00,35,0.0,0.0,0.0
2026-01-01 20:30:00,36,0.0,0.0,0.0
2026-01-01 20:45:00,0,0.1901336795568412,0.1901336795568412,0.0001901355809126
2026-01-01 20:45:00,1,0.1690296004640413,0.1690296004640414,0.0001690312907769
2026-01-01 20:45:00,2,0.1214403513632468,0.1214403513632468,0.0001214415657789
2026-01-01 20:45:00,3,0.1153307673549698,0.1153307673549698,0.0001153319206741
2026-01-01 20:45:00,4,0.1125050908533198,0.1125050908533198,0.0001125062159154
2026-01-01 20:45:00,5,0.0526700747303535,0.0526700747303535,5.267060143636789e-05
2026-01-01 20:45:00,6,0.0429314616429053,0.0429314616429053,4.293189096181498e-05
2026-01-01 20:45:00,7,0.0331490144058958,0.0331490144058958,3.314934589935487e-05
2026-01-01 20:45:00,8,0.0303835282597034,0.0303835282597034,3.0383832098024392e-05
2026-01-01 20:45:00,9,0.0276060357257785,0.0276060357257785,2.7606311788896425e-05
2026-01-01 20:45:00,10,0.0252328624263581,0.0252328624263581,2.5233114757505697e-05
2026-01-01 20:45:00,11,0.0221634736043673,0.0221634736043673,2.216369524131974e-05
2026-01-01 20:45:00,12,0.0190805590647419,0.0190805590647419,1.908074987224072e-05
2026-01-01 20:45:00,13,0.0127786226189415,0.0127786226189416,1.2778750406445663e-05
2026-01-01 20:45:00,14,0.0100967324182415,0.0100967324182415,1.0096833386575456e-05
2026-01-01 20:45:00,15,0.0072635203263914,0.0072635203263914,7.2635929623211025e-06
2026-01-01 20:45:00,16,0.0044290937653264,0.0044290937653264,4.429138056706975e-06
2026-01-01 20:45:00,17,0.0164275174638371,0.0164275174638371,1.6427681740654527e-05
2026-01-01 20:45:00,18,0.0123326055877751,0.0123326055877751,1.233272891506429e-05
2026-01-01 20:45:00,19,0.0082243011960176,0.0082243011960176,8.224383439852047e-06
2026-01-01 20:45:00,20,0.004113349580347,0.004113349580347,4.113390714254159e-06
2026-01-01 20:45:00,21,0.0439396423021348,0.0439396423021348,4.394008170295187e-05
2026-01-01 20:45:00,22,0.0395986254867486,0.0395986254867486,3.9599021476963374e-05
2026-01-01 20:45:00,23,0.0198299416076793,0.0198299416076793,1.983013990907848e-05
2026-01-01 20:45:00,24,0.0589090578239973,0.0589090578239973,5.890964692046656e-05
2026-01-01 20:45:00,25,0.0563197497389047,0.0563197497389047,5.63203129420342e-05
2026-01-01 20:45:00,26,0.0537493035965355,0.0537493035965355,5.3749841094946495e-05
2026-01-01 20:45:00,27,0.0513487963858397,0.0513487963858397,5.134930987893853e-05
2026-01-01 20:45:00,28,0.0455808242748461,0.0455808242748461,4.558128008764704e-05
2026-01-01 20:45:00,29,0.0210334483233471,0.0210334483233471,2.1033658659933733e-05
2026-01-01 20:45:00,30,0.013627760415004,0.013627760415004,1.362789669397096e-05
2026-01-01 20:45:00,31,0.003231828800198,0.003231828800198,3.231861118809257e-06
2026-01-01 20:45:00,32,0.0,0.0,0.0
2026-01-01 20:45:00,33,0.0,0.0,0.0
2026-01-01 20:45:00,34,0.0,0.0,0.0
2026-01-01 20:45:00,35,0.0,0.0,0.0
2026-01-01 20:45:00,36,0.0,0.0,0.0
2026-01-01 21:00:00,0,0.18209891450347,0.18209891450347,0.0001821007355108
2026-01-01 21:00:00,1,0.1618472020447492,0.1618472020447492,0.0001618488205329
2026-01-01 21:00:00,2,0.1162184573133064,0.1162184573133064,0.0001162196195095
2026-01-01 21:00:00,3,0.110359998580197,0.110359998580197,0.0001103611021912
2026-01-01 21:00:00,4,0.1076512374805401,0.1076512374805401,0.0001076523140036
2026-01-01 21:00:00,5,0.0504059423237959,0.0504059423237959,5.040644638825987e-05
2026-01-01 21:00:00,6,0.0410790699192179,0.041079069919218,4.107948071402514e-05
2026-01-01 21:00:00,7,0.0317121893621281,0.0317121893621281,3.171250648719305e-05
2026-01-01 21:00:00,8,0.0290648559545664,0.0290648559545664,2.906514660603255e-05
2026-01-01 21:00:00,9,0.0264067228826054,0.0264067228826054,2.6406986952475025e-05
2026-01-01 21:00:00,10,0.0241356835918398,0.0241356835918398,2.4135924951089365e-05
2026-01-01 21:00:00,11,0.0211985801508345,0.0211985801508345,2.119879213875595e-05
2026-01-01 21:00:00,12,0.0182493383039759,0.0182493383039759,1.8249520799183917e-05
2026-01-01 21:00:00,13,0.0122212901599286,0.0122212901599286,1.22214123740524e-05
2026-01-01 21:00:00,14,0.0096560620747587,0.0096560620747587,9.65615863634516e-06
2026-01-01 21:00:00,15,0.0069462853125475,0.0069462853125475,6.946354776095309e-06
2026-01-01 21:00:00,16,0.0042356056740063,0.0042356056740063,4.2356480304866675e-06
2026-01-01 21:00:00,17,0.0157634883146744,0.0157634883146744,1.576364595113396e-05
2026-01-01 21:00:00,18,0.0118336332018379,0.0118336332018379,1.1833751539353368e-05
2026-01-01 21:00:00,19,0.0078914489243111,0.0078914489243111,7.891527839589589e-06
2026-01-01 21:00:00,20,0.003946828003746,0.003946828003746,3.9468674724207255e-06
2026-01-01 21:00:00,21,0.0421278925267565,0.0421278925267565,4.212831380989464e-05
2026-01-01 21:00:00,22,0.0379646585208191,0.0379646585208191,3.796503817120084e-05
2026-01-01 21:00:00,23,0.0190104488371353,0.0190104488371353,1.901063894352481e-05
2026-01-01 21:00:00,24,0.0563605224261375,0.0563605224261375,5.636108603699795e-05
2026-01-01 21:00:00,25,0.0538806880037585,0.0538806880037585,5.3881226816026696e-05
2026-01-01 21:00:00,26,0.0514191879641625,0.0514191879641625,5.141970216118412e-05
2026-01-01 21:00:00,27,0.0491215684500671,0.0491215684500671,4.912205967066385e-05
2026-01-01 21:00:00,28,0.0436026273814768,0.0436026273814768,4.360306341211098e-05
2026-01-01 21:00:00,29,0.0201183409863288,0.0201183409863288,2.011854217175053e-05
2026-01-01 21:00:00,30,0.0130346469207967,0.0130346469207967,1.3034777268569444e-05
2026-01-01 21:00:00,31,0.0030911406589314,0.0030911406589314,3.0911715706471367e-06
2026-01-01 21:00:00,32,0.0,0.0,0.0
2026-01-01 21:00:00,33,0.0,0.0,0.0
2026-01-01 21:00:00,34,0.0,0.0,0.0
2026-01-01 21:00:00,35,0.0,0.0,0.0
2026-01-01 21:00:00,36,0.0,0.0,0.0
2026-01-01 21:15:00,0,0.1886163090654593,0.1886163090654593,0.0001886181952474
2026-01-01 21:15:00,1,0.1676729218303762,0.1676729218303762,0.0001676745985763
2026-01-01 21:15:00,2,0.1204535418525517,0.1204535418525518,0.0001204547464
2026-01-01 21:15:00,3,0.1143913318951545,0.1143913318951545,0.0001143924758199
2026-01-01 21:15:00,4,0.111587716618254,0.1115877166182539,0.0001115888325065
2026-01-01 21:15:00,5,0.0522422158639288,0.0522422158639288,5.22427382913118e-05
2026-01-01 21:15:00,6,0.0425813597035945,0.0425813597035945,4.2581785521449805e-05
2026-01-01 21:15:00,7,0.0328774062983838,0.0328774062983838,3.287773507573457e-05
2026-01-01 21:15:00,8,0.0301342422544445,0.0301342422544445,3.0134543599880573e-05
2026-01-01 21:15:00,9,0.0273793049559197,0.0273793049559196,2.737957875170722e-05
2026-01-01 21:15:00,10,0.0250254329307024,0.0250254329307024,2.502568318753431e-05
2026-01-01 21:15:00,11,0.021981044786634,0.021981044786634,2.198126459928004e-05
2026-01-01 21:15:00,12,0.0189233991527442,0.0189233991527442,1.892358838862816e-05
2026-01-01 21:15:00,13,0.0126732422066919,0.0126732422066919,1.2673368940381344e-05
2026-01-01 21:15:00,14,0.0100134081575721,0.0100134081575721,1.0013508292655055e-05
2026-01-01 21:15:00,15,0.0072035342001592,0.0072035342001592,7.203606236221629e-06
2026-01-01 21:15:00,16,0.0043925066515187,0.0043925066515187,4.3925505770245155e-06
2026-01-01 21:15:00,17,0.0163023281961853,0.0163023281961853,1.6302491221097518e-05
2026-01-01 21:15:00,18,0.0122385314090531,0.0122385314090531,1.2238653795591147e-05
2026-01-01 21:15:00,19,0.0081615459610477,0.0081615459610477,8.161627577323566e-06
2026-01-01 21:15:00,20,0.0040819536634973,0.0040819536634973,4.0819944834422304e-06
2026-01-01 21:15:00,21,0.0435978263391723,0.0435978263391723,4.35982623217956e-05
2026-01-01 21:15:00,22,0.0392903429945441,0.0392903429945441,3.9290735901903134e-05
2026-01-01 21:15:00,23,0.0196753184850231,0.0196753184850231,1.967551524017552e-05
2026-01-01 21:15:00,24,0.058427335042612,0.058427335042612,5.842791932180526e-05
2026-01-01 21:15:00,25,0.0558587009811205,0.0558587009811205,5.585925957371632e-05
2026-01-01 21:15:00,26,0.0533088312115359,0.053308831211536,5.330936430517905e-05
2026-01-01 21:15:00,27,0.0509277646009573,0.0509277646009574,5.092827388369624e-05
2026-01-01 21:15:00,28,0.0452068603240664,0.0452068603240664,4.520731239719041e-05
2026-01-01 21:15:00,29,0.0208604368621227,0.0208604368621227,2.0860645468577455e-05
2026-01-01 21:15:00,30,0.0135156239962545,0.0135156239962545,1.3515759153846076e-05
2026-01-01 21:15:00,31,0.0032052295015139,0.0032052295015139,3.2052615541295098e-06
2026-01-01 21:15:00,32,0.0,0.0,0.0
2026-01-01 21:15:00,33,0.0,0.0,0.0
2026-01-01 21:15:00,34,0.0,0.0,0.0
2026-01-01 21:15:00,35,0.0,0.0,0.0
2026-01-01 21:15:00,36,0.0,0.0,0.0
2026-01-01 21:30:00,0,0.1794308839489113,0.1794308839489113,0.0001794326782756
2026-01-01 21:30:00,1,0.1594630103832348,0.1594630103832348,0.0001594646050292
2026-01-01 21:30:00,2,0.1144863455493264,0.1144863455493264,0.0001144874904242
2026-01-01 21:30:00,3,0.1087114227517709,0.1087114227517709,0.0001087125098768
2026-01-01 21:30:00,4,0.1060415373576065,0.1060415373576065,0.0001060425977835
2026-01-01 21:30:00,5,0.0496549071058131,0.0496549071058131,4.965540365984973e-05
2026-01-01 21:30:00,6,0.0404647590133986,0.0404647590133986,4.046516366503532e-05
2026-01-01 21:30:00,7,0.031235831855919,0.031235831855919,3.1236144217361195e-05
2026-01-01 21:30:00,8,0.0286277067168593,0.0286277067168593,2.8627992996789344e-05
2026-01-01 21:30:00,9,0.0260091675618866,0.0260091675618866,2.600942765616325e-05
2026-01-01 21:30:00,10,0.0237720049600355,0.0237720049600355,2.3772242682462347e-05
2026-01-01 21:30:00,11,0.0208787750508142,0.0208787750508142,2.087898384065266e-05
2026-01-01 21:30:00,12,0.0179738495098034,0.0179738495098034,1.797402925009596e-05
2026-01-01 21:30:00,13,0.012036589301604,0.012036589301604,1.2036709668700776e-05
2026-01-01 21:30:00,14,0.0095100298778839,0.0095100298778839,9.510124979133724e-06
2026-01-01 21:30:00,15,0.0068411626791109,0.0068411626791109,6.841231091421892e-06
2026-01-01 21:30:00,16,0.0041714902621612,0.0041714902621612,4.1715319774809835e-06
2026-01-01 21:30:00,17,0.0155423764386091,0.0155423764386091,1.5542531863927775e-05
2026-01-01 21:30:00,18,0.0116674915609727,0.0116674915609727,1.1667608237055154e-05
2026-01-01 21:30:00,19,0.0077806217904145,0.0077806217904145,7.780699597410565e-06
2026-01-01 21:30:00,20,0.0038913835436305,0.0038913835436305,3.891422457855115e-06
2026-01-01 21:30:00,21,0.0415253211588283,0.0415253211588283,4.152573641619247e-05
2026-01-01 21:30:00,22,0.0374212396224858,0.0374212396224858,3.742161383862423e-05
2026-01-01 21:30:00,23,0.0187379292768394,0.0187379292768394,1.8738116658006008e-05
2026-01-01 21:30:00,24,0.0555154913325687,0.0555154913325687,5.5516046493033654e-05
2026-01-01 21:30:00,25,0.0530720091633504,0.0530720091633504,5.307253988874936e-05
2026-01-01 21:30:00,26,0.0506466805186799,0.0506466805186799,5.0647186990549894e-05
2026-01-01 21:30:00,27,0.0483831966021835,0.0483831966021835,4.838368043898798e-05
2026-01-01 21:30:00,28,0.0429468391239114,0.0429468391239114,4.294726859659742e-05
2026-01-01 21:30:00,29,0.0198150241967566,0.0198150241967566,1.9815222348980095e-05
2026-01-01 21:30:00,30,0.0128380610286311,0.0128380610286311,1.283818941052529e-05
2026-01-01 21:30:00,31,0.0030445106180781,0.0030445106180781,3.044541063488792e-06
2026-01-01 21:30:00,32,0.0,0.0,0.0
2026-01-01 21:30:00,33,0.0,0.0,0.0
2026-01-01 21:30:00,34,0.0,0.0,0.0
2026-01-01 21:30:00,35,0.0,0.0,0.0
2026-01-01 21:30:00,36,0.0,0.0,0.0
2026-01-01 21:45:00,0,0.1786487612294531,0.1786487612294531,0.0001786505477349
2026-01-01 21:45:00,1,0.1587641694892179,0.1587641694892179,0.0001587657571467
2026-01-01 21:45:00,2,0.1139787602609579,0.113978760260958,0.0001139799000599
2026-01-01 21:45:00,3,0.1082283395446788,0.1082283395446788,0.0001082294218388
2026-01-01 21:45:00,4,0.1055698553646337,0.1055698553646337,0.0001055709110737
2026-01-01 21:45:00,5,0.0494348190081996,0.0494348190081996,4.943531336133328e-05
2026-01-01 21:45:00,6,0.0402847510947255,0.0402847510947255,4.028515394626498e-05
2026-01-01 21:45:00,7,0.0310962606428212,0.0310962606428212,3.109657160853733e-05
2026-01-01 21:45:00,8,0.028499626834454,0.028499626834454,2.8499911833572416e-05
2026-01-01 21:45:00,9,0.0258926906455856,0.0258926906455856,2.58929495750814e-05
2026-01-01 21:45:00,10,0.0236654552803464,0.0236654552803464,2.3665691937265868e-05
2026-01-01 21:45:00,11,0.0207850817155913,0.0207850817155913,2.0785289568487053e-05
2026-01-01 21:45:00,12,0.0178931406647319,0.0178931406647319,1.789331959792795e-05
2026-01-01 21:45:00,13,0.011982479540634,0.0119824795406339,1.1982599366627667e-05
2026-01-01 21:45:00,14,0.0094672490612372,0.0094672490612372,9.467343734674594e-06
2026-01-01 21:45:00,15,0.006810366975769,0.006810366975769,6.810435080119891e-06
2026-01-01 21:45:00,16,0.0041527077200356,0.0041527077200356,4.152749247528131e-06
2026-01-01 21:45:00,17,0.0154775004819013,0.0154775004819013,1.547765525845391e-05
2026-01-01 21:45:00,18,0.0116187451336751,0.0116187451336751,1.1618861322288418e-05
2026-01-01 21:45:00,19,0.0077481049750175,0.0077481049750175,7.748182456842138e-06
2026-01-01 21:45:00,20,0.0038751161556974,0.0038751161556974,3.875154907246564e-06
2026-01-01 21:45:00,21,0.0413485894285931,0.0413485894285931,4.134900291862235e-05
2026-01-01 21:45:00,22,0.0372618592970573,0.0372618592970573,3.72622319193765e-05
2026-01-01 21:45:00,23,0.0186580038232064,0.0186580038232064,1.8658190405110515e-05
2026-01-01 21:45:00,24,0.0552678902830578,0.0552678902830579,5.526844296748757e-05
2026-01-01 21:45:00,25,0.0528350646621472,0.0528350646621472,5.283559301807741e-05
2026-01-01 21:45:00,26,0.0504203389848145,0.0504203389848145,5.042084319324649e-05
2026-01-01 21:45:00,27,0.048166859019776,0.048166859019776,4.816734069318295e-05
2026-01-01 21:45:00,28,0.0427547003201514,0.0427547003201514,4.2755127871430194e-05
2026-01-01 21:45:00,29,0.019726160246041,0.019726160246041,1.972635750961614e-05
2026-01-01 21:45:00,30,0.01278046688902,0.01278046688902,1.2780594694967024e-05
2026-01-01 21:45:00,31,0.0030308493907768,0.0030308493907768,3.0308796995738024e-06
2026-01-01 21:45:00,32,0.0,0.0,0.0
2026-01-01 21:45:00,33,0.0,0.0,0.0
2026-01-01 21:45:00,34,0.0,0.0,0.0
2026-01-01 21:45:00,35,0.0,0.0,0.0
2026-01-01 21:45:00,36,0.0,0.0,0.0
2026-01-01 22:00:00,0,0.1777577982054357,0.1777577982054357,0.0001777595758011
2026-01-01 22:00:00,1,0.1579681194386559,0.1579681194386559,0.0001579696991356
2026-01-01 22:00:00,2,0.1134006364822562,0.1134006364822562,0.0001134017704999
2026-01-01 22:00:00,3,0.1076781351800542,0.1076781351800542,0.0001076792119721
2026-01-01 22:00:00,4,0.1050326415375866,0.1050326415375866,0.0001050336918745
2026-01-01 22:00:00,5,0.06885780230657132,0.06885780230657132,6.885849089148036e-05
2026-01-01 22:00:00,6,0.040079734486586,0.040079734486586,4.008013528793895e-05
2026-01-01 22:00:00,7,0.0309373058104133,0.0309373058104133,3.093761518656518e-05
2026-01-01 22:00:00,8,0.0283537611332036,0.0283537611332036,2.835404467365043e-05
2026-01-01 22:00:00,9,0.0257600404696371,0.0257600404696371,2.5760298072617885e-05
2026-01-01 22:00:00,10,0.0235441118444208,0.0235441118444208,2.3544347287893732e-05
2026-01-01 22:00:00,11,0.0206783809449553,0.0206783809449553,2.06785877308327e-05
2026-01-01 22:00:00,12,0.0178012275878311,0.0178012275878311,1.7801405601887127e-05
2026-01-01 22:00:00,13,0.011920858841791,0.011920858841791,1.192097805157157e-05
2026-01-01 22:00:00,14,0.009418530221519,0.009418530221519,9.418624407763135e-06
2026-01-01 22:00:00,15,0.0067752970241034,0.0067752970241034,6.7753647777512115e-06
2026-01-01 22:00:00,16,0.004131318343887,0.004131318343887,4.131359657483581e-06
2026-01-01 22:00:00,17,0.0154035644889576,0.0154035644889576,1.5403718526142862e-05
2026-01-01 22:00:00,18,0.0115631916459992,0.0115631916459992,1.1563307279072032e-05
2026-01-01 22:00:00,19,0.0077110475376542,0.0077110475376542,7.711124648900767e-06
2026-01-01 22:00:00,20,0.0038565772491518,0.0038565772491518,3.8566158153099945e-06
2026-01-01 22:00:00,21,0.0411472140338107,0.0411472140338107,4.114762551006587e-05
2026-01-01 22:00:00,22,0.0370802560344255,0.0370802560344255,3.708062684069399e-05
2026-01-01 22:00:00,23,0.0185669353678617,0.0185669353678617,1.856712103907212e-05
2026-01-01 22:00:00,24,0.0549858971229508,0.0549858971229508,5.498644698742072e-05
2026-01-01 22:00:00,25,0.0525652110226543,0.0525652110226543,5.256573668002113e-05
2026-01-01 22:00:00,26,0.0501625635635165,0.0501625635635165,5.016306519416845e-05
2026-01-01 22:00:00,27,0.0479204781701038,0.0479204781701038,4.7920957379677646e-05
2026-01-01 22:00:00,28,0.0425358799932409,0.0425358799932409,4.253630535629455e-05
2026-01-01 22:00:00,29,0.0196249586531049,0.0196249586531049,1.9625154904653953e-05
2026-01-01 22:00:00,30,0.0127148767506707,0.0127148767506707,1.271500390070976e-05
2026-01-01 22:00:00,31,0.0030152915606002,0.0030152915606002,3.0153217138173805e-06
2026-01-01 22:00:00,32,0.0,0.0,0.0
2026-01-01 22:00:00,33,0.0,0.0,0.0
2026-01-01 22:00:00,34,0.0,0.0,0.0
2026-01-01 22:00:00,35,0.0,0.0,0.0
2026-01-01 22:00:00,36,0.0,0.0,0.0
2026-01-01 22:15:00,0,0.1739383907831011,0.1739383907831011,0.0001739401301844
2026-01-01 22:15:00,1,0.1545560902218954,0.1545560902218954,0.0001545576357982
2026-01-01 22:15:00,2,0.1109234894120855,0.1109234894120854,0.000110924598658
2026-01-01 22:15:00,3,0.1053207658125314,0.1053207658125314,0.0001053218190307
2026-01-01 22:15:00,4,0.1027309932681218,0.1027309932681218,0.0001027320205883
2026-01-01 22:15:00,5,0.06735405919456941,0.06735405919456941,6.735473274189683e-05
2026-01-01 22:15:00,6,0.0392013603206445,0.0392013603206445,3.9201752338167946e-05
2026-01-01 22:15:00,7,0.0302563652378723,0.0302563652378723,3.0256667804550366e-05
2026-01-01 22:15:00,8,0.0277289153352889,0.0277289153352889,2.7729192627215192e-05
2026-01-01 22:15:00,9,0.0251918219056478,0.0251918219056479,2.5192073826386165e-05
2026-01-01 22:15:00,10,0.0230243395632421,0.0230243395632421,2.3024569808940265e-05
2026-01-01 22:15:00,11,0.0202213459674866,0.0202213459674866,2.0221548182968435e-05
2026-01-01 22:15:00,12,0.0174075405172051,0.0174075405172051,1.7407714594351138e-05
2026-01-01 22:15:00,13,0.0116569304381287,0.0116569304381287,1.165704700859884e-05
2026-01-01 22:15:00,14,0.0092098660665778,0.0092098660665778,9.209958166159551e-06
2026-01-01 22:15:00,15,0.0066250943985959,0.0066250943985959,6.625160650202447e-06
2026-01-01 22:15:00,16,0.004039709485277,0.004039709485277,4.039749882775926e-06
2026-01-01 22:15:00,17,0.0150862286836523,0.0150862286836523,1.5086379547447856e-05
2026-01-01 22:15:00,18,0.0113247597450947,0.0113247597450947,1.1324872993824735e-05
2026-01-01 22:15:00,19,0.0075520006614126,0.0075520006614126,7.552076182174451e-06
2026-01-01 22:15:00,20,0.0037770106465593,0.0037770106465593,3.777048417043476e-06
2026-01-01 22:15:00,21,0.0402833533657948,0.0402833533657948,4.028375620335685e-05
2026-01-01 22:15:00,22,0.0363012287581882,0.0363012287581882,3.630159177410595e-05
2026-01-01 22:15:00,23,0.0181762925225189,0.0181762925225189,1.8176474287261836e-05
2026-01-01 22:15:00,24,0.0537778132381733,0.0537778132381733,5.377835102168358e-05
2026-01-01 22:15:00,25,0.0514091673013918,0.0514091673013918,5.1409681398205874e-05
2026-01-01 22:15:00,26,0.0490582936675413,0.0490582936675413,4.905878425538386e-05
2026-01-01 22:15:00,27,0.0468650364530874,0.0468650364530874,4.686550510813856e-05
2026-01-01 22:15:00,28,0.0415985168925639,0.0415985168925639,4.1598932881892805e-05
2026-01-01 22:15:00,29,0.0191914705175667,0.0191914705175667,1.919166243419107e-05
2026-01-01 22:15:00,30,0.012433929931026,0.012433929931026,1.2434054271568732e-05
2026-01-01 22:15:00,31,0.002948652036588,0.0029486520365879,2.9486815234032345e-06
2026-01-01 22:15:00,32,0.0,0.0,0.0
2026-01-01 22:15:00,33,0.0,0.0,0.0
2026-01-01 22:15:00,34,0.0,0.0,0.0
2026-01-01 22:15:00,35,0.0,0.0,0.0
2026-01-01 22:15:00,36,0.0,0.0,0.0
2026-01-01 22:30:00,0,0.1716721262976015,0.1716721262976015,0.000171673843036
2026-01-01 22:30:00,1,0.1525319301370094,0.1525319301370094,0.0001525334554715
2026-01-01 22:30:00,2,0.1094545575673928,0.1094545575673928,0.0001094556521239
2026-01-01 22:30:00,3,0.1039229749362632,0.1039229749362633,0.0001039240141764
2026-01-01 22:30:00,4,0.1013662898979807,0.1013662898979807,0.000101367303571
2026-01-01 22:30:00,5,0.0664623377069743,0.0664623377069743,6.646300233699773e-05
2026-01-01 22:30:00,6,0.0386805528113807,0.0386805528113808,3.8680939620777014e-05
2026-01-01 22:30:00,7,0.0298526863893859,0.0298526863893859,2.9852984919235096e-05
2026-01-01 22:30:00,8,0.0273585082591843,0.0273585082591843,2.735878184700279e-05
2026-01-01 22:30:00,9,0.0248549953840428,0.0248549953840428,2.4855243936482215e-05
2026-01-01 22:30:00,10,0.022716240683201,0.022716240683201,2.27164678478795e-05
2026-01-01 22:30:00,11,0.0199504470959403,0.0199504470959403,1.995064660240642e-05
2026-01-01 22:30:00,12,0.0171741954844165,0.0171741954844165,1.7174367228088845e-05
2026-01-01 22:30:00,13,0.0115005022244516,0.0115005022244516,1.150061723062392e-05
2026-01-01 22:30:00,14,0.0090861956739531,0.0090861956739531,9.086286536818551e-06
2026-01-01 22:30:00,15,0.0065360750541134,0.0065360750541134,6.53614041551761e-06
2026-01-01 22:30:00,16,0.0039854169052746,0.0039854169052746,3.985456759842204e-06
2026-01-01 22:30:00,17,0.0148976414504669,0.014897641450467,1.4897790428371285e-05
2026-01-01 22:30:00,18,0.0111830680255588,0.0111830680255588,1.1183179857357433e-05
2026-01-01 22:30:00,19,0.0074574855991561,0.0074574855991561,7.457560174757929e-06
2026-01-01 22:30:00,20,0.0037297278953616,0.0037297278953616,3.729765193013559e-06
2026-01-01 22:30:00,21,0.0397703201316839,0.0397703201316839,3.9770717838862354e-05
2026-01-01 22:30:00,22,0.035838588128497,0.035838588128497,3.583894651796226e-05
2026-01-01 22:30:00,23,0.0179443134091902,0.0179443134091902,1.7944492854118824e-05
2026-01-01 22:30:00,24,0.0530615815164394,0.0530615815164394,5.306211213756086e-05
2026-01-01 22:30:00,25,0.0507238139161244,0.0507238139161244,5.072432115933609e-05
2026-01-01 22:30:00,26,0.0484036578747872,0.0484036578747872,4.8404141916206433e-05
2026-01-01 22:30:00,27,0.0462393590077623,0.0462393590077623,4.623982140597643e-05
2026-01-01 22:30:00,28,0.0410428494775593,0.0410428494775594,4.1043259910158506e-05
2026-01-01 22:30:00,29,0.0189345225139412,0.0189345225139412,1.8934711861059894e-05
2026-01-01 22:30:00,30,0.0122674021775854,0.0122674021775854,1.2267524852834005e-05
2026-01-01 22:30:00,31,0.0029091526005118,0.0029091526005118,2.909181692328732e-06
2026-01-01 22:30:00,32,0.0,0.0,0.0
2026-01-01 22:30:00,33,0.0,0.0,0.0
2026-01-01 22:30:00,34,0.0,0.0,0.0
2026-01-01 22:30:00,35,0.0,0.0,0.0
2026-01-01 22:30:00,36,0.0,0.0,0.0
2026-01-01 22:45:00,0,0.1637745309084257,0.1637745309084257,0.0001637761686701
2026-01-01 22:45:00,1,0.1454802633085773,0.1454802633085773,0.0001454817181257
2026-01-01 22:45:00,2,0.1043407340283898,0.1043407340283898,0.0001043417774461
2026-01-01 22:45:00,3,0.0990574739139953,0.0990574739139953,9.90584644986403e-05
2026-01-01 22:45:00,4,0.0966162391531274,0.0966162391531273,9.661720532518065e-05
2026-01-01 22:45:00,5,0.045255644364534,0.045255644364534,4.525609692550333e-05
2026-01-01 22:45:00,6,0.0368678168716174,0.0368678168716174,3.686818555347302e-05
2026-01-01 22:45:00,7,0.0284480120401364,0.0284480120401364,2.8448296523101672e-05
2026-01-01 22:45:00,8,0.0260697093644737,0.0260697093644737,2.60699700641744e-05
2026-01-01 22:45:00,9,0.0236831066925427,0.0236831066925427,2.3683343525978e-05
2026-01-01 22:45:00,10,0.0216443580672938,0.0216443580672938,2.164457451303899e-05
2026-01-01 22:45:00,11,0.0190080533405598,0.0190080533405598,1.90082434229941e-05
2026-01-01 22:45:00,12,0.0163624747652171,0.0163624747652171,1.6362638391601016e-05
2026-01-01 22:45:00,13,0.0109563848652822,0.0109563848652822,1.095649443022656e-05
2026-01-01 22:45:00,14,0.0086560407513818,0.0086560407513818,8.656127312655001e-06
2026-01-01 22:45:00,15,0.0062264576866601,0.0062264576866601,6.2265199518596585e-06
2026-01-01 22:45:00,16,0.0037965851674507,0.0037965851674507,3.796623133682045e-06
2026-01-01 22:45:00,17,0.0142387349762424,0.0142387349762424,1.4238877365016084e-05
2026-01-01 22:45:00,18,0.0106880351786533,0.0106880351786533,1.0688142060073952e-05
2026-01-01 22:45:00,19,0.007127280716114,0.007127280716114,7.127351989633988e-06
2026-01-01 22:45:00,20,0.0035645398627552,0.0035645398627552,3.564575508510309e-06
2026-01-01 22:45:00,21,0.0379798333631986,0.0379798333631986,3.798021316533027e-05
2026-01-01 22:45:00,22,0.0342240380194689,0.0342240380194689,3.422438026327156e-05
2026-01-01 22:45:00,23,0.0171348080031088,0.0171348080031088,1.7134979352902373e-05
2026-01-01 22:45:00,24,0.0505690397697753,0.0505690397697753,5.056954546523002e-05
2026-01-01 22:45:00,25,0.0483388785133513,0.0483388785133513,4.833936190697039e-05
2026-01-01 22:45:00,26,0.0461257529896042,0.0461257529896042,4.6126214251746775e-05
2026-01-01 22:45:00,27,0.0440622878765309,0.0440622878765309,4.4062728503815994e-05
2026-01-01 22:45:00,28,0.0391094488159132,0.0391094488159132,3.91098399143124e-05
2026-01-01 22:45:00,29,0.0180406255452458,0.0180406255452458,1.804080595330543e-05
2026-01-01 22:45:00,30,0.0116880806305217,0.0116880806305217,1.1688197512496896e-05
2026-01-01 22:45:00,31,0.0027717426552817,0.0027717426552817,2.7717703729854614e-06
2026-01-01 22:45:00,32,0.0,0.0,0.0
2026-01-01 22:45:00,33,0.0,0.0,0.0
2026-01-01 22:45:00,34,0.0,0.0,0.0
2026-01-01 22:45:00,35,0.0,0.0,0.0
2026-01-01 22:45:00,36,0.0,0.0,0.0
2026-01-01 23:00:00,0,0.1585980179902678,0.1585980179902678,0.0001585996039863
2026-01-01 23:00:00,1,0.1408600920873228,0.1408600920873228,0.0001408615007023
2026-01-01 23:00:00,2,0.1009932038148707,0.1009932038148707,0.000100994213757
2026-01-01 23:00:00,3,0.0958730487707111,0.0958730487707111,9.587400751078627e-05
2026-01-01 23:00:00,4,0.093507607980927,0.093507607980927,9.350854306635777e-05
2026-01-01 23:00:00,5,0.0438040508798955,0.0438040508798955,4.380448892478483e-05
2026-01-01 23:00:00,6,0.0356814962068813,0.0356814962068813,3.568185302541161e-05
2026-01-01 23:00:00,7,0.0275290600789971,0.0275290600789971,2.752933537235092e-05
2026-01-01 23:00:00,8,0.0252266480808509,0.0252266480808509,2.5226900349854417e-05
2026-01-01 23:00:00,9,0.0229165797868507,0.0229165797868507,2.2916808954940343e-05
2026-01-01 23:00:00,10,0.0209432920396405,0.0209432920396405,2.0943501474655332e-05
2026-01-01 23:00:00,11,0.0183917374842757,0.0183917374842757,1.839192140348982e-05
2026-01-01 23:00:00,12,0.0158316445074102,0.0158316445074102,1.583180282543852e-05
2026-01-01 23:00:00,13,0.01060058759479,0.01060058759479,1.0600693601726067e-05
2026-01-01 23:00:00,14,0.0083747784411528,0.0083747784411528,8.374862189774731e-06
2026-01-01 23:00:00,15,0.0060240212689738,0.0060240212689738,6.024081509788961e-06
2026-01-01 23:00:00,16,0.0036731240561561,0.0036731240561561,3.6731607877639792e-06
2026-01-01 23:00:00,17,0.0138054170973439,0.0138054170973439,1.380555515289548e-05
2026-01-01 23:00:00,18,0.0103625070015271,0.0103625070015271,1.0362610627633405e-05
2026-01-01 23:00:00,19,0.0069101461610867,0.0069101461610867,6.910215263239374e-06
2026-01-01 23:00:00,20,0.0034559184365072,0.0034559184365072,3.455952996037247e-06
2026-01-01 23:00:00,21,0.0368040405833049,0.0368040405833049,3.680440862739117e-05
2026-01-01 23:00:00,22,0.0331638369335719,0.0331638369335719,3.3164168575257665e-05
2026-01-01 23:00:00,23,0.016603300895869,0.016603300895869,1.6603466930538356e-05
2026-01-01 23:00:00,24,0.0489381578988538,0.0489381578988538,4.8938647285326695e-05
2026-01-01 23:00:00,25,0.0467785273193651,0.0467785273193651,4.677899510931621e-05
2026-01-01 23:00:00,26,0.0446355419003328,0.0446355419003328,4.463598826021543e-05
2026-01-01 23:00:00,27,0.0426380999881101,0.0426380999881101,4.2638526373373925e-05
2026-01-01 23:00:00,28,0.0378447208805209,0.0378447208805209,3.78450993315143e-05
2026-01-01 23:00:00,29,0.0174559968918187,0.0174559968918187,1.7456171453533317e-05
2026-01-01 23:00:00,30,0.0113092015611302,0.0113092015611302,1.130931465427677e-05
2026-01-01 23:00:00,31,0.0026818774218101,0.0026818774218101,2.681904240852519e-06
2026-01-01 23:00:00,32,0.0,0.0,0.0
2026-01-01 23:00:00,33,0.0,0.0,0.0
2026-01-01 23:00:00,34,0.0,0.0,0.0
2026-01-01 23:00:00,35,0.0,0.0,0.0
2026-01-01 23:00:00,36,0.0,0.0,0.0
2026-01-01 23:15:00,0,0.1574777973577517,0.1574777973577517,0.0001574793721514
2026-01-01 23:15:00,1,0.1398604609947334,0.1398604609947334,0.0001398618596133
2026-01-01 23:15:00,2,0.1002692339481647,0.1002692339481647,0.0001002702366505
2026-01-01 23:15:00,3,0.0951844109231573,0.0951844109231573,9.518536277678508e-05
2026-01-01 23:15:00,4,0.0928353848792728,0.0928353848792729,9.283631324240533e-05
2026-01-01 23:15:00,5,0.04349011102633,0.04349011102633,4.349054593178937e-05
2026-01-01 23:15:00,6,0.0354249623355468,0.0354249623355468,3.542531658871274e-05
2026-01-01 23:15:00,7,0.0273303758291351,0.0273303758291351,2.733064913562655e-05
2026-01-01 23:15:00,8,0.0250443806296038,0.0250443806296038,2.5044631075914632e-05
2026-01-01 23:15:00,9,0.0227508648641669,0.0227508648641669,2.275109237509071e-05
2026-01-01 23:15:00,10,0.0207917339569833,0.0207917339569833,2.079194187640211e-05
2026-01-01 23:15:00,11,0.0182585068692594,0.0182585068692594,1.825868945615397e-05
2026-01-01 23:15:00,12,0.0157168963022054,0.0157168963022054,1.5717053472740167e-05
2026-01-01 23:15:00,13,0.0105236791202488,0.0105236791202488,1.05237843580924e-05
2026-01-01 23:15:00,14,0.008313982869918,0.008313982869918,8.314066010578126e-06
2026-01-01 23:15:00,15,0.0059802652382003,0.0059802652382003,5.980325041450746e-06
2026-01-01 23:15:00,16,0.0036464385431082,0.0036464385431082,3.6464750078582902e-06
2026-01-01 23:15:00,17,0.0137114961304946,0.0137114961304946,1.3711633246827106e-05
2026-01-01 23:15:00,18,0.0102919514982726,0.0102919514982726,1.0292054418816874e-05
2026-01-01 23:15:00,19,0.0068630845433456,0.0068630845433456,6.863153174877393e-06
2026-01-01 23:15:00,20,0.0034323761145808,0.0034323761145808,3.4324104386852458e-06
2026-01-01 23:15:00,21,0.0365493650090107,0.0365493650090107,3.654973050631579e-05
2026-01-01 23:15:00,22,0.0329342042519794,0.0329342042519794,3.2934533597315415e-05
2026-01-01 23:15:00,23,0.0164881859476109,0.0164881859476109,1.6488350831119295e-05
2026-01-01 23:15:00,24,0.0485855246647537,0.0485855246647537,4.858601052485903e-05
2026-01-01 23:15:00,25,0.0464411571728901,0.0464411571728901,4.644162158910604e-05
2026-01-01 23:15:00,26,0.0443133489605667,0.0443133489605667,4.431379209848775e-05
2026-01-01 23:15:00,27,0.0423301876260144,0.0423301876260144,4.233061093212378e-05
2026-01-01 23:15:00,28,0.0375712899325495,0.0375712899325495,3.757166564920606e-05
2026-01-01 23:15:00,29,0.0173296131672685,0.0173296131672685,1.732978646513324e-05
2026-01-01 23:15:00,30,0.0112272973792507,0.0112272973792507,1.1227409653347236e-05
2026-01-01 23:15:00,31,0.0026624509631793,0.0026624509631793,2.6624775879552e-06
2026-01-01 23:15:00,32,0.0,0.0,0.0
2026-01-01 23:15:00,33,0.0,0.0,0.0
2026-01-01 23:15:00,34,0.0,0.0,0.0
2026-01-01 23:15:00,35,0.0,0.0,0.0
2026-01-01 23:15:00,36,0.0,0.0,0.0
2026-01-01 23:30:00,0,0.1452541111055149,0.1452541111055149,0.0001452555636611
2026-01-01 23:30:00,1,0.1289571136636186,0.1289571136636186,0.0001289584032476
2026-01-01 23:30:00,2,0.092379728924469,0.092379728924469,9.23806527309964e-05
2026-01-01 23:30:00,3,0.087681255516388,0.087681255516388,8.768213233771145e-05
2026-01-01 23:30:00,4,0.085511633505282,0.085511633505282,8.551248863016838e-05
2026-01-01 23:30:00,5,0.040068844493922,0.040068844493922,4.006924518637395e-05
2026-01-01 23:30:00,6,0.0326300930138485,0.0326300930138485,3.263041931804175e-05
2026-01-01 23:30:00,7,0.0251665165816102,0.0251665165816102,2.5166768249292737e-05
2026-01-01 23:30:00,8,0.0230595140842235,0.0230595140842235,2.305974468167039e-05
2026-01-01 23:30:00,9,0.0209463904105023,0.0209463904105023,2.0946599876501147e-05
2026-01-01 23:30:00,10,0.0191415256325331,0.0191415256325331,1.914171704970362e-05
2026-01-01 23:30:00,11,0.0168079898591501,0.0168079898591501,1.6808157940729538e-05
2026-01-01 23:30:00,12,0.0144676651418611,0.0144676651418611,1.446780981995931e-05
2026-01-01 23:30:00,13,0.009686473748031,0.009686473748031,9.686570613737193e-06
2026-01-01 23:30:00,14,0.0076522140535818,0.0076522140535818,7.652290576487617e-06
2026-01-01 23:30:00,15,0.0055039998620993,0.0055039998620993,5.504054902648424e-06
2026-01-01 23:30:00,16,0.0033559838362044,0.0033559838362044,3.356017396378391e-06
2026-01-01 23:30:00,17,0.0126832130078386,0.0126832130078386,1.2683339841237085e-05
2026-01-01 23:30:00,18,0.0095195341250388,0.0095195341250388,9.51962932133208e-06
2026-01-01 23:30:00,19,0.0063478812429735,0.0063478812429735,6.347944722420732e-06
2026-01-01 23:30:00,20,0.003174653620117,0.003174653620117,3.1746853669707145e-06
2026-01-01 23:30:00,21,0.0337651417165196,0.0337651417165196,3.3765479371313335e-05
2026-01-01 23:30:00,22,0.0304238960983732,0.0304238960983732,3.0424200340376615e-05
2026-01-01 23:30:00,23,0.0152299075238947,0.0152299075238947,1.5230059824493026e-05
2026-01-01 23:30:00,24,0.0447444564204872,0.0447444564204872,4.474490386952595e-05
2026-01-01 23:30:00,25,0.0427666351064776,0.0427666351064776,4.276706277710546e-05
2026-01-01 23:30:00,26,0.040804404876287,0.040804404876287,4.080481292441629e-05
2026-01-01 23:30:00,27,0.038976906734941,0.038976906734941,3.89772965079061e-05
2026-01-01 23:30:00,28,0.0345936578227113,0.0345936578227113,3.459400376274898e-05
2026-01-01 23:30:00,29,0.015953571283672,0.015953571283672,1.595373082098024e-05
2026-01-01 23:30:00,30,0.010335564314497,0.010335564314497,1.0335667671173728e-05
2026-01-01 23:30:00,31,0.0024509486937569,0.0024509486937569,2.4509732034890063e-06
2026-01-01 23:30:00,32,0.0,0.0,0.0
2026-01-01 23:30:00,33,0.0,0.0,0.0
2026-01-01 23:30:00,34,0.0,0.0,0.0
2026-01-01 23:30:00,35,0.0,0.0,0.0
2026-01-01 23:30:00,36,0.0,0.0,0.0
2026-01-01 23:45:00,0,0.143931291699889,0.143931291699889,0.0001439327310271
2026-01-01 23:45:00,1,0.1277776693486112,0.1277776693486112,0.000127778947138
2026-01-01 23:45:00,2,0.091527075973615,0.091527075973615,9.152799125352762e-05
2026-01-01 23:45:00,3,0.0868705011594972,0.0868705011594972,8.687136987319601e-05
2026-01-01 23:45:00,4,0.0847203253511301,0.0847203253511301,8.472117256285573e-05
2026-01-01 23:45:00,5,0.0396990843637859,0.0396990843637859,3.969948135859956e-05
2026-01-01 23:45:00,6,0.0323281185782654,0.0323281185782654,3.23284418626841e-05
2026-01-01 23:45:00,7,0.0249328024974715,0.0249328024974715,2.493305182798987e-05
2026-01-01 23:45:00,8,0.0228451542687835,0.0228451542687835,2.2845382722610743e-05
2026-01-01 23:45:00,9,0.0207515273958388,0.0207515273958388,2.0751734913187985e-05
2026-01-01 23:45:00,10,0.0189633338294462,0.0189633338294462,1.896352346468091e-05
2026-01-01 23:45:00,11,0.016651375911108,0.016651375911108,1.665154242653234e-05
2026-01-01 23:45:00,12,0.0143327912259551,0.0143327912259551,1.4332934555300708e-05
2026-01-01 23:45:00,13,0.0095960925972334,0.0095960925972334,9.596188559119032e-06
2026-01-01 23:45:00,14,0.0075807761557721,0.0075807761557721,7.580851964291836e-06
2026-01-01 23:45:00,15,0.0054525898810216,0.0054525898810216,5.452644407465748e-06
2026-01-01 23:45:00,16,0.0033246315632258,0.0033246315632258,3.3246648098739007e-06
2026-01-01 23:45:00,17,0.0125715588228118,0.0125715588228118,1.2571684539657216e-05
2026-01-01 23:45:00,18,0.0094356683296122,0.0094356683296122,9.435762687239089e-06
2026-01-01 23:45:00,19,0.0062919438817167,0.0062919438817167,6.29200680178481e-06
2026-01-01 23:45:00,20,0.0031466723915325,0.0031466723915325,3.1467038585710972e-06
2026-01-01 23:45:00,21,0.033463267744034,0.033463267744034,3.346360238005787e-05
2026-01-01 23:45:00,22,0.0301517357288959,0.0301517357288959,3.015203724926847e-05
2026-01-01 23:45:00,23,0.0150935039857249,0.0150935039857249,1.5093654922274154e-05
2026-01-01 23:45:00,24,0.0443295294133497,0.0443295294133497,4.432997271307689e-05
2026-01-01 23:45:00,25,0.0423697310202052,0.0423697310202052,4.2370154721752435e-05
2026-01-01 23:45:00,26,0.0404254154497136,0.0404254154497136,4.042581970791073e-05
2026-01-01 23:45:00,27,0.0386147448305074,0.0386147448305074,3.861513098181726e-05
2026-01-01 23:45:00,28,0.0342720815756942,0.0342720815756942,3.427242429993719e-05
2026-01-01 23:45:00,29,0.0158049910344155,0.0158049910344155,1.5805149085906416e-05
2026-01-01 23:45:00,30,0.0102392807007374,0.0102392807007374,1.023938309456839e-05
2026-01-01 23:45:00,31,0.002428112431074,0.002428112431074,2.4281367124411295e-06
2026-01-01 23:45:00,32,0.0,0.0,0.0
2026-01-01 23:45:00,33,0.0,0.0,0.0
2026-01-01 23:45:00,34,0.0,0.0,0.0
2026-01-01 23:45:00,35,0.0,0.0,0.0
2026-01-01 23:45:00,36,0.0,0.0,0.0
